seq,ax,ay,az,wroll,wpitch,wyaw,roll,pitch,yaw
6131,-0.133479,-0.676567,9.913118,0.082187,-0.127465,-0.261248,-3.886274,0.881624,-0.029912
6132,-0.125266,-0.674534,9.915192,-1.059336,0.495498,-4.547688,-3.903797,0.882299,-0.110302
6133,-0.136505,-0.683833,9.931036,-2.713439,1.363749,-5.238932,-3.969246,0.902014,-0.275174
6134,-0.136687,-0.714092,9.931706,-3.818209,1.850520,-5.048191,-4.080931,0.943402,-0.449984
6135,-0.157508,-0.726469,9.915934,-4.414846,1.639942,-3.928162,-4.220744,0.990579,-0.603429
6136,-0.140230,-0.737363,9.891569,-4.408742,1.212683,-2.272533,-4.369686,1.030231,-0.710064
6137,-0.148352,-0.769144,9.895834,-3.210890,0.858668,-1.112830,-4.497758,1.060271,-0.768999
6138,-0.141797,-0.787497,9.882861,-1.559839,0.648090,-0.291881,-4.577745,1.083447,-0.794329
6139,-0.151173,-0.780034,9.860139,-0.505425,0.541276,0.219303,-4.612221,1.103107,-0.797121
6140,-0.149846,-0.777759,9.865821,0.545937,0.347483,0.413096,-4.611365,1.118718,-0.787803
6141,-0.167647,-0.785061,9.868889,1.817033,0.016357,0.899866,-4.571564,1.126513,-0.766471
6142,-0.160613,-0.770806,9.891397,2.738692,-0.394117,1.540755,-4.494831,1.123452,-0.725414
6143,-0.155600,-0.729492,9.894043,3.321596,-0.735924,2.343392,-4.392540,1.109691,-0.659399
6144,-0.157650,-0.717330,9.908317,3.866351,-1.183020,2.869836,-4.271037,1.084366,-0.570327
6145,-0.159435,-0.688821,9.878695,3.848040,-1.389020,2.839317,-4.140639,1.048594,-0.472267
6146,-0.157439,-0.678822,9.888709,3.028618,-1.269998,2.418162,-4.024403,1.010628,-0.381694
6147,-0.159053,-0.669695,9.883477,2.196989,-0.845791,2.061095,-3.935974,0.980633,-0.304759
6148,-0.153737,-0.675335,9.894673,1.273804,-0.404798,1.426310,-3.877118,0.963801,-0.245343
6149,-0.147503,-0.660480,9.888245,0.571878,0.258979,0.710651,-3.845755,0.963776,-0.209639
6150,-0.156159,-0.662192,9.900263,0.130886,1.269142,-0.104193,-3.833898,0.989864,-0.201260
6151,-0.126406,-0.714991,9.772470,0.788559,1.198949,-0.212534,-3.818713,1.030555,-0.209275
6152,-0.096280,-0.735419,9.730648,0.712263,-1.138768,0.744222,-3.793541,1.032144,-0.200496
6153,-0.088234,-0.721921,9.758719,0.948781,-3.439864,1.819999,-3.765030,0.958818,-0.152811
6154,-0.081186,-0.682817,9.840577,1.922322,-4.787256,2.705036,-3.715867,0.826914,-0.068596
6155,-0.077441,-0.649640,9.899011,2.848559,-5.483079,3.495465,-3.634868,0.662716,0.045511
6156,-0.097227,-0.541986,10.038665,3.176633,-4.933746,3.838798,-3.533099,0.497081,0.178361
6157,-0.100033,-0.478439,10.080642,3.695448,-2.768457,2.834739,-3.417650,0.375689,0.297158
6158,-0.099217,-0.474254,10.026902,3.759536,-0.444472,1.409525,-3.292941,0.326358,0.370888
6159,-0.083829,-0.505140,9.943866,3.066766,0.558061,0.698444,-3.178963,0.330217,0.405838
6160,-0.041663,-0.507276,9.905473,2.268707,0.204046,0.660296,-3.089908,0.344134,0.427748
6161,-0.005793,-0.534408,9.888112,1.617137,0.008728,0.379525,-3.025040,0.348600,0.444866
6162,0.009192,-0.548632,9.859737,1.728529,0.405468,0.536696,-2.969188,0.356292,0.459755
6163,0.026079,-0.521777,9.859379,2.164944,0.030091,1.285925,-2.904108,0.365098,0.489720
6164,0.020525,-0.516140,9.882161,1.893329,-0.311717,1.406473,-2.836185,0.362660,0.534775
6166,-0.002791,-0.483842,9.871058,2.229033,-0.139287,1.540755,-2.767169,0.357555,0.584206
6167,-0.029161,-0.434638,9.906735,2.355684,-0.656576,1.702503,-2.690421,0.346879,0.638831
6168,-0.065248,-0.402895,9.951919,2.123744,-0.925138,1.299659,-2.615466,0.322861,0.690037
6169,-0.077641,-0.391259,9.969139,1.640026,-0.510087,0.590103,-2.552562,0.300384,0.722582
6170,-0.069760,-0.372025,9.934895,1.263122,-0.124028,0.117066,-2.504113,0.290343,0.734822
6171,-0.033632,-0.384308,9.926903,0.544411,-0.510087,-0.148445,-2.473988,0.279761,0.734757
6172,-0.017884,-0.406630,9.903502,0.053063,-0.278146,-0.351393,-2.464067,0.266276,0.727002
6173,0.010084,-0.419180,9.879335,-0.098003,-0.319346,-0.250682,-2.464860,0.255895,0.717405
6174,0.004162,-0.421522,9.893693,-0.444387,-0.789331,-0.288830,-2.473935,0.237047,0.709218
6175,-0.020292,-0.397307,9.911991,-0.403187,-0.706931,-0.507037,-2.488109,0.211558,0.697045
6176,-0.067211,-0.383727,9.901709,0.107997,-0.033998,-0.919037,-2.493113,0.198189,0.673836
6177,-0.076711,-0.373952,9.894043,0.399448,0.165898,-1.472948,-2.484795,0.198655,0.633911
6178,-0.079827,-0.364186,9.901194,0.454382,0.124698,-2.014652,-2.470768,0.200981,0.575629
6179,-0.057168,-0.359943,9.896774,0.725996,0.112491,-2.307629,-2.451348,0.201837,0.503488
6180,-0.019902,-0.393268,9.922834,0.971670,0.069765,-2.789822,-2.423352,0.201260,0.418477
6181,0.029530,-0.437834,9.938898,1.040337,0.185735,-3.004977,-2.390158,0.201459,0.321803
6182,0.036509,-0.457365,9.922562,1.253966,0.402416,-2.266429,-2.352236,0.207618,0.233615
6183,0.029325,-0.417338,9.924386,1.205137,-0.011109,-1.115881,-2.311460,0.211844,0.177024
6184,0.015911,-0.407946,9.939666,0.463538,-0.290354,-0.662682,-2.283754,0.205639,0.147607
6185,0.037189,-0.379946,9.941312,-0.003396,-0.575702,0.225407,-2.276108,0.190925,0.140900
6186,0.018760,-0.353321,9.937902,-0.519158,-0.601643,0.855614,-2.284757,0.172036,0.159684
6187,-0.017837,-0.333309,9.937312,-0.665648,-0.496354,0.883081,-2.304418,0.154911,0.189373
6188,-0.037712,-0.351036,9.936390,-0.845707,-0.197273,0.500074,-2.329545,0.144292,0.212875
6189,-0.027275,-0.336913,9.930160,-0.703795,0.123172,0.344429,-2.355335,0.143635,0.226989
6190,-0.076209,-0.313790,9.891622,-0.343678,0.590105,0.275763,-2.372767,0.155939,0.236827
6191,-0.075303,-0.295946,9.894488,-0.275011,0.312387,-0.110297,-2.383072,0.171082,0.238959
6192,-0.001033,-0.332364,9.943399,-0.987618,-0.458206,-1.035007,-2.404171,0.167857,0.219989
6193,0.036773,-0.394431,9.968451,-1.359943,-0.337658,-1.683526,-2.443421,0.152688,0.175280
6194,0.043889,-0.438935,9.958923,-1.129529,0.123172,-1.611807,-2.485056,0.146756,0.120563
6195,0.061559,-0.477577,9.960177,-1.024240,0.196416,-1.596548,-2.521093,0.149743,0.066910
6196,0.046726,-0.509431,9.938774,-0.973885,0.484816,-1.396652,-2.554532,0.158877,0.016569
6197,0.005736,-0.483168,9.877718,-0.404715,1.270668,-0.740504,-2.577621,0.186511,-0.020323
6198,-0.013560,-0.459843,9.836946,-0.023232,1.327127,-0.383437,-2.584831,0.228920,-0.040984
6199,-0.033016,-0.456497,9.819112,0.133937,0.936490,-0.413956,-2.583052,0.266010,-0.055960
6200,-0.040215,-0.442411,9.839554,-0.078166,0.428357,-0.423111,-2.582195,0.288106,-0.070922
6201,-0.026233,-0.421663,9.890009,-0.094951,-0.113346,-0.325452,-2.585143,0.292788,-0.083623
6202,-0.016182,-0.440763,9.944703,-0.404714,-0.389539,-0.427689,-2.593532,0.283848,-0.095784
6203,-0.021742,-0.428133,9.918182,-0.134625,0.126224,-0.069097,-2.602561,0.279089,-0.103856
6204,-0.026669,-0.408975,9.925399,-0.244492,-0.084354,0.220829,-2.608867,0.279901,-0.101361
6205,-0.024593,-0.421263,9.943541,-0.561885,-0.336132,0.260503,-2.622267,0.273266,-0.093028
6206,-0.035473,-0.416920,9.911520,-0.496270,0.127750,0.356637,-2.639853,0.270269,-0.082593
6207,-0.052717,-0.390442,9.866560,-0.273485,0.175053,0.576370,-2.652609,0.276028,-0.067292
6208,-0.051024,-0.391224,9.900454,-0.662595,-0.655050,0.452770,-2.668127,0.268832,-0.049787
6209,-0.049046,-0.419072,9.890071,-0.792298,-0.447524,0.104859,-2.692331,0.250912,-0.039644
6210,-0.051468,-0.449337,9.828401,-0.217025,-0.082828,-0.038578,-2.709146,0.242135,-0.038124
6211,-0.044883,-0.453196,9.824311,-0.130048,-0.775599,0.016355,-2.714930,0.227826,-0.037817
6212,-0.017119,-0.459521,9.876646,-0.069011,-1.663687,0.020933,-2.718238,0.187247,-0.035269
6213,-0.001464,-0.496477,9.891718,-0.122417,-1.497361,-0.462785,-2.721442,0.134273,-0.040126
6214,0.016145,-0.490588,9.903712,0.269745,-1.595020,-0.085882,-2.719001,0.082357,-0.046814
6215,0.027611,-0.451048,9.935159,0.260589,-1.834591,0.265081,-2.710156,0.025403,-0.041125
6216,0.032162,-0.456680,9.949715,0.048487,-1.613332,0.008726,-2.705003,-0.031783,-0.033852
6217,0.032367,-0.463365,9.924789,-0.030861,-0.998384,0.034667,-2.704713,-0.075229,-0.031074
6218,0.035658,-0.432238,9.889590,0.516945,-0.824428,0.658770,-2.696632,-0.105031,-0.018098
6219,0.034957,-0.426770,9.874261,0.428442,-0.992280,0.594681,-2.680921,-0.134296,0.004189
6220,0.037211,-0.420415,9.895134,0.155301,-1.292887,0.547377,-2.671248,-0.171452,0.024981
6221,0.051641,-0.443454,9.906536,-0.258225,-1.295939,0.419200,-2.673024,-0.213800,0.043086
6222,0.060537,-0.451503,9.912862,-0.308580,-1.183020,0.376474,-2.682534,-0.254451,0.058264
6223,0.064407,-0.446707,9.922681,-0.548151,-1.204383,0.272711,-2.696873,-0.293690,0.070940
6224,0.079238,-0.476403,9.946397,-0.326892,-0.983124,0.376474,-2.711525,-0.329597,0.083468
6225,0.091575,-0.481481,9.935184,0.397922,-0.471939,1.101288,-2.710495,-0.352656,0.109217
6226,0.087142,-0.434350,9.913183,1.267700,-0.320872,1.916132,-2.683050,-0.363490,0.160073
6227,0.077410,-0.429613,9.901427,1.504219,-0.276621,1.961910,-2.637266,-0.370439,0.225100
6228,0.092313,-0.423279,9.917951,1.707166,-0.299509,2.135866,-2.584191,-0.376921,0.293764
6229,0.090669,-0.380096,9.923243,1.502692,-0.380383,2.001584,-2.531154,-0.385165,0.363160
6230,0.085307,-0.392987,9.908354,0.645122,-0.476517,0.904444,-2.495693,-0.397308,0.412175
6231,0.087141,-0.423484,9.919424,0.167508,-0.418531,0.365792,-2.482305,-0.411292,0.433975
6232,0.099347,-0.389663,9.929568,-0.145307,-0.224739,0.277289,-2.482017,-0.421539,0.445148
6233,0.087931,-0.395472,9.928893,-0.773988,0.382579,-0.648948,-2.497292,-0.419179,0.438846
6234,0.066314,-0.407020,9.883580,-1.216507,0.771690,-1.154030,-2.530246,-0.401277,0.407981
6235,0.055407,-0.409481,9.894475,-1.231765,0.944120,-1.149452,-2.570782,-0.374417,0.368354
6236,0.055919,-0.412088,9.903287,-1.268387,1.232520,-1.486681,-2.612167,-0.340163,0.322823
6237,0.038836,-0.443995,9.914137,-1.265336,1.015838,-1.726252,-2.654086,-0.305189,0.267609
6238,0.034172,-0.456516,9.900344,-1.076121,0.349009,-1.311200,-2.692842,-0.284827,0.215978
6239,0.039166,-0.451720,9.906931,-0.633603,0.326120,-1.103674,-2.721137,-0.275489,0.175241
6240,0.034633,-0.458867,9.912528,-0.281115,0.435987,-1.227274,-2.736197,-0.264650,0.135831
6241,0.026309,-0.453972,9.902846,0.062220,0.197942,-0.902252,-2.739682,-0.255791,0.099875
6242,0.034551,-0.442533,9.884893,0.701582,0.370372,-0.397170,-2.726854,-0.247362,0.077791
6243,0.044231,-0.451062,9.887017,1.298218,0.477187,-0.275096,-2.693475,-0.233780,0.065931
6244,0.044963,-0.453595,9.922826,1.343996,0.295601,-0.275096,-2.649399,-0.221341,0.056171
6245,0.053576,-0.442441,9.929946,1.345522,0.149112,-0.023319,-2.604554,-0.214165,0.050864
6246,0.067896,-0.431735,9.923794,1.469122,0.132327,-0.021793,-2.557640,-0.209512,0.049902
6247,0.064402,-0.428500,9.913239,1.218870,-0.005006,-0.261363,-2.512823,-0.207600,0.045093
6248,0.046308,-0.409600,9.919374,0.922841,-0.038576,-0.310193,-2.477093,-0.208742,0.035608
6249,0.049525,-0.389303,9.900345,0.823656,-0.243050,-0.061467,-2.447963,-0.213698,0.029622
6250,0.051020,-0.394041,9.901106,0.680219,-0.386487,-0.127082,-2.422888,-0.224313,0.026928
6251,0.041604,-0.395805,9.907567,0.431493,-0.175909,-0.272045,-2.404334,-0.233959,0.020677
6252,0.037404,-0.399523,9.920153,0.297211,-0.185065,-0.322400,-2.392149,-0.240385,0.011030
6253,0.042566,-0.393361,9.921919,0.161405,-0.192694,-0.259837,-2.384465,-0.247080,0.001597
6254,0.054584,-0.395920,9.939375,0.248382,-0.110294,-0.235422,-2.377601,-0.252468,-0.006441
6255,0.062748,-0.395426,9.920965,0.587138,-0.046206,-0.101141,-2.363651,-0.255306,-0.011938
6256,0.063986,-0.381262,9.912398,0.925893,-0.262887,0.094177,-2.338434,-0.260458,-0.011842
6257,0.072796,-0.354480,9.923944,1.713270,-0.261361,0.121644,-2.294466,-0.269042,-0.007895
6258,0.072122,-0.341511,9.916189,3.565744,-0.017213,0.019407,-2.206495,-0.273589,-0.005364
6259,0.064032,-0.322681,9.901418,5.776810,0.278816,-0.082830,-2.050780,-0.269273,-0.006584
6260,0.062490,-0.269372,9.923437,7.955831,0.561113,0.164370,-1.821908,-0.255237,-0.005702
6261,0.051884,-0.231112,9.931711,10.197415,0.701498,0.574844,-1.519405,-0.233840,0.005997
6262,0.040647,-0.177132,9.892219,12.335237,0.910550,1.009733,-1.143964,-0.206359,0.031775
6263,0.028314,-0.095938,9.920485,13.473577,1.110446,1.302711,-0.713948,-0.172048,0.069763
6264,0.021374,0.003737,9.947360,14.708052,1.436994,1.505659,-0.244384,-0.129196,0.116208
6265,0.001734,0.104552,9.938454,16.610880,2.112979,1.189792,0.277510,-0.070041,0.161141
6266,-0.020264,0.211895,9.971304,18.295502,2.492934,0.793051,0.859253,0.006372,0.194930
6267,-0.053070,0.308868,9.981931,20.602701,2.418164,0.631303,1.507561,0.087693,0.220346
6269,-0.038805,0.490034,9.970320,22.227812,1.005157,-0.291881,2.221392,0.144519,0.227873
6270,-0.042343,0.646561,9.945308,22.719160,-0.641317,-0.934296,2.970427,0.151449,0.207811
6271,-0.040564,0.803920,9.941961,23.035027,-2.365612,-1.028903,3.732884,0.103295,0.172306
6272,-0.018591,0.974577,9.870142,23.172359,-3.014131,-0.972444,4.502933,0.016253,0.132694
6273,0.003918,1.150769,9.857005,22.093531,-2.719627,-0.824429,5.257349,-0.076410,0.094763
6274,-0.000873,1.249042,9.843192,21.277163,-1.610280,0.355111,5.980189,-0.147453,0.079906
6275,0.004291,1.343225,9.850176,21.289368,-0.471939,1.324073,6.689536,-0.184963,0.103844
6276,0.003400,1.452751,9.820502,21.296999,0.655720,1.919184,7.399108,-0.188495,0.157812
6277,-0.012676,1.558160,9.843342,21.258850,0.931912,2.103821,8.108129,-0.171285,0.227763
6278,-0.015881,1.684537,9.833468,21.504524,0.631305,2.247258,8.820608,-0.156178,0.303310
6279,-0.030262,1.798635,9.795224,22.136255,0.725912,2.012266,9.547728,-0.145176,0.377016
6280,-0.041348,1.939354,9.777223,22.656597,0.831201,1.771169,10.294084,-0.130491,0.443591
6281,-0.041741,2.068590,9.769081,22.565042,0.420727,1.340859,11.047621,-0.119606,0.498414
6282,-0.019378,2.203062,9.714465,23.483648,0.060609,0.754903,11.814990,-0.118693,0.534256
6283,-0.018077,2.349372,9.696554,24.588419,-0.223213,-0.200326,12.616132,-0.123336,0.542728
6284,-0.020279,2.486380,9.672817,25.384951,-0.902250,-0.586385,13.449014,-0.138711,0.525728
6285,-0.019527,2.634674,9.589580,25.204891,-1.549242,-0.983126,14.292224,-0.172136,0.490573
6286,-0.021774,2.759159,9.521889,24.792892,-1.681998,-0.944978,15.125624,-0.216097,0.445852
6287,-0.037234,2.859367,9.497635,23.109797,-1.508042,-0.546711,15.924116,-0.260669,0.407679
6288,-0.022408,2.954215,9.456109,20.451633,-1.489731,0.297125,16.650198,-0.307437,0.389677
6289,-0.008381,3.070415,9.441512,17.813309,-1.212013,0.789999,17.287899,-0.355753,0.393886
6290,-0.005950,3.160142,9.434237,16.693281,-0.996858,1.127229,17.862864,-0.400470,0.413236
6291,0.001552,3.260293,9.439442,16.410984,-0.929717,1.073822,18.414408,-0.442385,0.438100
6292,0.008247,3.381219,9.438559,17.190731,-0.696250,0.962429,18.974232,-0.478932,0.461559
6293,0.000015,3.473397,9.394211,18.857042,-0.499406,0.753377,19.574837,-0.507183,0.481962
6294,0.002067,3.569421,9.322204,21.152035,-0.432265,0.843407,20.241453,-0.530853,0.501683
6295,0.006385,3.670292,9.271797,22.946522,-0.195746,1.014310,20.976164,-0.551545,0.526974
6296,0.009374,3.799634,9.202020,23.216612,-0.104191,1.255407,21.745186,-0.569968,0.560372
6297,0.012830,3.923212,9.138892,22.961782,-0.233895,1.574325,22.514370,-0.592939,0.601937
6298,0.026929,4.030014,9.094434,22.534523,-0.052309,1.609421,23.272104,-0.617960,0.648978
6299,0.019550,4.144220,9.052582,21.333620,0.095705,1.566695,24.002672,-0.638513,0.697755
6300,0.013241,4.261170,9.034240,20.555399,-0.001954,1.508710,24.700256,-0.658218,0.745090
6301,0.015405,4.368819,8.993780,21.693737,-0.243050,1.507184,25.403868,-0.683202,0.788903
6302,0.032469,4.483493,8.935138,22.201870,-0.891568,0.858666,26.135092,-0.717382,0.816200
6303,0.040262,4.613905,8.872193,22.793930,-1.613331,0.056029,26.885050,-0.761590,0.811222
6304,0.046789,4.723288,8.800960,23.070122,-1.868160,-0.652000,27.649897,-0.808671,0.775820
6305,0.046533,4.820495,8.704327,22.233915,-1.880368,-1.338667,28.405779,-0.848268,0.717166
6306,0.049813,4.929359,8.651473,19.700878,-1.627064,-1.874267,29.105780,-0.873790,0.642079
6307,0.038618,4.998460,8.576758,17.744642,-0.807643,-1.736933,29.730951,-0.879604,0.569696
6308,0.016806,5.074331,8.551242,15.255858,-0.001954,-1.405807,30.281733,-0.865081,0.517556
6309,0.020045,5.158482,8.543272,13.815384,0.400890,-0.964815,30.766699,-0.839269,0.486872
6310,0.035333,5.246010,8.535995,13.270630,0.516860,-0.461259,31.218311,-0.813901,0.474366
6311,0.028893,5.299733,8.479598,13.934406,0.765586,-0.467363,31.671747,-0.787577,0.472317
6312,0.017704,5.371608,8.452838,14.651591,0.555009,-0.345289,32.148170,-0.761730,0.472448
6313,0.028619,5.453125,8.395968,16.183620,0.129276,0.080444,32.662045,-0.749736,0.474843
6314,0.023516,5.500331,8.302135,18.016256,-0.029421,-0.014163,33.232006,-0.748936,0.476698
6315,0.010349,5.553930,8.212720,18.872301,-0.055361,-0.287304,33.846863,-0.747345,0.471733
6316,0.001791,5.639381,8.155729,18.918079,-0.259835,-0.137763,34.476803,-0.747724,0.462915
6317,0.010638,5.751101,8.113333,18.098658,-0.383435,0.100281,35.093811,-0.756172,0.456296
6318,0.006636,5.839122,8.062203,16.861132,-0.439894,0.123170,35.676525,-0.769511,0.451398
6319,0.012790,5.938219,8.036417,15.744154,-0.621479,0.080444,36.220028,-0.785824,0.443763
6320,0.020087,5.990551,7.993408,14.740095,-0.676413,0.211673,36.728218,-0.806118,0.434825
6321,0.030674,6.046791,7.951172,13.731460,-0.844264,0.994473,37.202717,-0.838454,0.435652
6322,0.046817,6.117275,7.883097,13.884051,-1.076205,1.452251,37.662777,-0.888638,0.448602
6323,0.050492,6.163479,7.805452,14.610392,-0.977020,1.002103,38.137493,-0.940761,0.459876
6324,0.041911,6.228481,7.753570,14.790451,-0.713035,0.646562,38.627430,-0.979912,0.463911
6325,0.045587,6.315895,7.711136,15.496956,-0.680991,0.536696,39.132195,-1.010380,0.464664
6326,0.044305,6.405718,7.643784,16.737532,-0.711509,-0.153023,39.669601,-1.032375,0.454867
6327,0.031854,6.463728,7.601367,18.278717,-0.728294,-0.644370,40.253651,-1.042252,0.429246
6328,0.036226,6.536024,7.541749,19.932819,-0.854946,-0.520771,40.891071,-1.049678,0.397315
6329,0.051650,6.592042,7.419950,20.273102,-1.070102,-0.709985,41.561825,-1.060286,0.360745
6330,0.056658,6.694616,7.361358,19.923664,-1.147924,-1.009067,42.232590,-1.068681,0.314728
6331,0.065775,6.783786,7.305282,19.984703,-1.269998,-0.755763,42.898621,-1.078479,0.265792
6332,0.064872,6.852047,7.198462,18.774641,-1.396650,-0.876311,43.545540,-1.092232,0.215539
6333,0.066774,6.940281,7.127917,16.948109,-1.549242,-1.375289,44.142075,-1.101661,0.154456
6334,0.063137,7.029408,7.118003,16.969473,-2.028383,-1.109778,44.708725,-1.115281,0.083119
6335,0.056292,7.090770,7.005910,19.029470,-2.802027,-0.442948,45.310184,-1.153901,0.007896
6336,0.073210,7.124886,6.893709,20.793442,-3.476486,-0.604696,45.975685,-1.214565,-0.079106
6337,0.082239,7.180399,6.800956,22.334625,-3.951049,-1.004489,46.696815,-1.280648,-0.187187
6338,0.075996,7.275466,6.697471,23.271544,-4.291330,-1.141822,47.459740,-1.348020,-0.312175
6339,0.099597,7.393989,6.587844,23.286804,-4.424086,-1.176918,48.238903,-1.416855,-0.445830
6340,0.119259,7.464980,6.516216,24.011618,-4.657552,-1.820859,49.030869,-1.479387,-0.592481
6341,0.104700,7.513787,6.360029,23.767469,-4.227242,-2.820340,49.831402,-1.516957,-0.755342
6342,0.112153,7.631640,6.265656,20.753767,-3.326946,-2.925629,50.577568,-1.523981,-0.913479
6343,0.134382,7.705606,6.213108,17.112909,-3.024812,-1.698785,51.212139,-1.530945,-1.044315
6344,0.132069,7.761231,6.151118,13.510201,-2.879849,-0.789333,51.725285,-1.559798,-1.147128
6345,0.142377,7.852046,6.111087,7.070795,-1.854427,-0.339185,52.070335,-1.593688,-1.220821
6346,0.170189,7.946147,6.178492,1.339418,-1.195228,0.471081,52.211590,-1.626625,-1.259608
6347,0.185188,7.925272,6.181343,-0.725159,-1.045687,0.634355,52.222359,-1.664074,-1.277829
6348,0.178574,7.891346,6.174313,-2.490654,-0.781702,0.216252,52.169209,-1.693946,-1.293204
6349,0.181167,7.862578,6.180814,-3.712920,-0.314769,-0.030948,52.066189,-1.707607,-1.305731
6350,0.180389,7.824735,6.163295,-3.709868,-0.235421,0.020933,51.942692,-1.713123,-1.313059
6351,0.167911,7.793412,6.195557,-4.214949,-0.346813,-0.053837,51.810841,-1.718683,-1.321035
6352,0.157946,7.779650,6.219026,-4.065409,-0.461257,0.103333,51.673153,-1.727670,-1.331104
6353,0.162273,7.765336,6.224079,-2.878239,-0.426161,0.036192,51.557720,-1.738676,-1.341260
6354,0.162672,7.730302,6.239471,-2.478446,-0.299509,-0.586385,51.468906,-1.739024,-1.356441
6355,0.163685,7.727177,6.272876,-2.772950,-0.268991,-0.726770,51.382019,-1.727819,-1.377501
6356,0.165396,7.701590,6.270678,-1.776522,-0.192695,-0.458208,51.306755,-1.717203,-1.395854
6357,0.163630,7.703160,6.283897,-2.287706,-0.096561,-0.331556,51.239376,-1.709951,-1.407856
6358,0.169323,7.707345,6.301102,-2.591365,-0.023317,-0.323926,51.158306,-1.702690,-1.416263
6359,0.163637,7.690385,6.304773,-1.886388,-0.061465,-0.030949,51.083820,-1.698973,-1.421077
6360,0.157339,7.671283,6.303017,-1.199721,-0.070621,0.022459,51.032429,-1.700247,-1.422880
6361,0.153157,7.668711,6.296078,-1.160048,-0.087406,-0.189645,50.993217,-1.699738,-1.426682
6362,0.154424,7.657607,6.302394,-0.484063,0.017883,-0.323926,50.966000,-1.693817,-1.432974
6363,0.157509,7.649127,6.313194,-0.329944,-0.073672,-0.188119,50.952614,-1.687774,-1.439073
6364,0.159852,7.661105,6.322126,-0.748047,-0.127080,-0.203378,50.934837,-1.684815,-1.445786
6365,0.165203,7.659262,6.327048,-0.812136,-0.041628,-0.375808,50.909081,-1.679095,-1.454057
6366,0.171471,7.665433,6.326906,-1.111217,-0.156072,-0.140815,50.877251,-1.674492,-1.462048
6367,0.170921,7.658233,6.330647,-1.218032,-0.421583,0.078918,50.838665,-1.679769,-1.470170
6368,0.167001,7.648721,6.329153,-1.149365,-0.377332,-0.061467,50.799511,-1.688407,-1.480313
6369,0.170543,7.666789,6.340382,-0.880803,-0.288828,-0.162178,50.765991,-1.692538,-1.491276
6370,0.167885,7.659003,6.332639,-0.694641,-0.333080,-0.133186,50.740074,-1.695284,-1.502423
6372,0.159230,7.652032,6.358407,-0.958625,-0.233895,-0.017215,50.712780,-1.699324,-1.511328
6373,0.170734,7.649710,6.361031,-1.523218,-0.104191,0.013303,50.671547,-1.702844,-1.515732
6374,0.180165,7.644650,6.377481,-1.877233,-0.040102,0.127748,50.614883,-1.706187,-1.516100
6375,0.182894,7.621366,6.385779,-2.136640,-0.159124,0.512281,50.547867,-1.716537,-1.511890
6376,0.188485,7.612767,6.406024,-2.248032,-0.200324,0.789999,50.474506,-1.737098,-1.502708
6377,0.203211,7.605483,6.389077,-1.836032,-0.186591,0.715229,50.406109,-1.760547,-1.491699
6378,0.194672,7.595395,6.401237,-1.259233,-0.093510,0.594681,50.354198,-1.780341,-1.481368
6379,0.197523,7.593786,6.413223,-1.134107,-0.078250,0.538222,50.314007,-1.796704,-1.471515
6380,0.196046,7.578229,6.406002,-1.027292,-0.012635,0.316963,50.277725,-1.808636,-1.463571
6381,0.189304,7.576845,6.409498,-1.291277,0.030091,0.037718,50.238968,-1.812996,-1.459566
6382,0.181020,7.571609,6.432737,-1.343158,0.011779,-0.211008,50.195091,-1.810329,-1.460877
6383,0.183997,7.591499,6.439734,-1.312640,-0.062991,-0.278149,50.151020,-1.804614,-1.466756
6384,0.174505,7.601329,6.457012,-0.908269,-0.201850,-0.227793,50.114277,-1.800971,-1.475554
6385,0.175864,7.598908,6.456560,-0.792298,-0.354443,0.062133,50.086224,-1.804800,-1.484443
6386,0.183905,7.591139,6.472269,-0.673276,-0.459731,0.245244,50.062012,-1.817438,-1.491565
6387,0.192902,7.585123,6.469313,-0.459647,-0.574176,0.410044,50.043331,-1.836875,-1.497767
6388,0.192750,7.581898,6.457750,-0.433705,-0.671835,0.588577,50.028610,-1.862970,-1.502997
6389,0.192665,7.563848,6.456345,-0.567987,-0.645894,0.501599,50.012089,-1.891004,-1.508155
6390,0.205454,7.568790,6.462590,-0.299425,-0.438369,0.141481,49.997856,-1.910830,-1.515113
6391,0.212176,7.571977,6.467284,-0.085796,-0.388013,0.081970,49.991711,-1.922536,-1.523274
6392,0.210807,7.577986,6.464835,-0.300950,-0.304087,-0.024845,49.985542,-1.930682,-1.531501
6393,0.221463,7.582356,6.478394,-0.302477,-0.439895,0.101807,49.975777,-1.939638,-1.540177
6394,0.223936,7.572598,6.457253,-0.018655,-0.748131,0.536696,49.970711,-1.960522,-1.548500
6395,0.217922,7.567928,6.454865,-0.189559,-1.028902,0.785422,49.967529,-1.996443,-1.557011
6396,0.222720,7.574317,6.456744,-0.554255,-0.987702,0.777792,49.955448,-2.038012,-1.565988
6397,0.230987,7.569449,6.470522,-0.633603,-1.053317,0.925807,49.935932,-2.081636,-1.573758
6398,0.235297,7.541965,6.455843,-0.671751,-1.036531,0.944118,49.914421,-2.127908,-1.580352
6399,0.250783,7.542595,6.470703,-0.783143,-0.713035,0.719807,49.890335,-2.167903,-1.584798
6400,0.258561,7.549860,6.489987,-0.929633,-0.383435,0.558059,49.861797,-2.195966,-1.585046
6401,0.264713,7.550883,6.486241,-1.021188,-0.328502,0.666399,49.829128,-2.219215,-1.580951
6402,0.275197,7.558569,6.491715,-1.111217,-0.239998,0.641985,49.793324,-2.241988,-1.574112
6403,0.282842,7.544569,6.516228,-1.111217,-0.178961,0.461925,49.756023,-2.260545,-1.567556
6404,0.286070,7.530878,6.496436,-1.155469,-0.351391,0.435984,49.718128,-2.277677,-1.564627
6405,0.295258,7.529800,6.483470,-1.234818,-0.421583,0.381051,49.678329,-2.296395,-1.565645
6406,0.306274,7.531404,6.499814,-0.700744,-0.357494,0.356636,49.646149,-2.314171,-1.567585
6407,0.298742,7.509636,6.503222,0.019493,-0.519243,0.583999,49.634834,-2.335579,-1.568569
6408,0.294909,7.527825,6.501785,0.196502,-0.618428,0.762533,49.638428,-2.364959,-1.568483
6409,0.293101,7.545423,6.510387,0.382663,-0.336132,0.521437,49.648014,-2.391568,-1.566749
6410,0.300115,7.552173,6.507727,0.561196,-0.282724,0.666400,49.663532,-2.413334,-1.561789
6411,0.301524,7.524184,6.512397,0.536782,-0.426161,0.612992,49.681629,-2.437236,-1.556993
6412,0.311246,7.541642,6.502531,-0.094952,-0.253732,0.242192,49.688961,-2.455435,-1.556411
6413,0.314904,7.539484,6.483201,-0.128522,-0.001954,-0.081304,49.685307,-2.460237,-1.557926
6414,0.317573,7.535129,6.502419,-0.329944,0.042298,-0.162178,49.677757,-2.456708,-1.560041
6415,0.301350,7.525131,6.515283,-0.210920,0.172002,-0.491778,49.668926,-2.446087,-1.564376
6416,0.301469,7.553278,6.495578,-0.368092,0.370372,-0.554341,49.659466,-2.426946,-1.568774
6417,0.295470,7.530338,6.493474,0.031701,0.332224,-0.404800,49.653923,-2.407182,-1.570199
6418,0.296968,7.522998,6.488096,-0.065959,0.287972,-0.491778,49.653419,-2.389100,-1.571996
6419,0.294014,7.535925,6.497652,-0.017129,0.243720,-0.447526,49.652176,-2.371432,-1.575381
6420,0.303101,7.535357,6.491312,0.095789,-0.037050,-0.017215,49.653587,-2.363299,-1.577772
6421,0.299595,7.519353,6.475379,0.097315,-0.310191,0.016355,49.656990,-2.367035,-1.582196
6422,0.308783,7.518510,6.513385,-0.232285,-0.294932,-0.220163,49.655148,-2.370975,-1.592090
6423,0.312386,7.525685,6.531268,0.036279,-0.302561,0.205570,49.652203,-2.377237,-1.599844
6424,0.298102,7.527503,6.513773,0.037804,-0.577228,0.564162,49.653549,-2.396507,-1.602716
6425,0.296337,7.539243,6.499615,-0.247544,-0.551287,0.295599,49.650265,-2.419605,-1.607778
6426,0.291323,7.521512,6.524509,-0.262804,-0.201850,0.017881,49.642014,-2.431714,-1.613965
6427,0.284486,7.542130,6.495537,-0.163618,-0.059939,-0.000430,49.635044,-2.434761,-1.617104
6428,0.286264,7.548762,6.490252,-0.348255,-0.166754,-0.253734,49.626755,-2.433981,-1.622732
6429,0.306185,7.525781,6.494764,-0.255174,0.120120,-0.581808,49.617092,-2.423876,-1.632353
6430,0.311766,7.497477,6.492883,-0.076640,0.271187,-0.639793,49.611916,-2.404142,-1.640584
6431,0.311976,7.518939,6.516093,-0.249068,-0.061465,-0.381911,49.606838,-2.388907,-1.648964
6432,0.307936,7.511099,6.504349,-0.108685,-0.238472,-0.146919,49.601276,-2.385434,-1.658491
6433,0.298408,7.503144,6.507931,0.036279,-0.211006,0.008726,49.600372,-2.388536,-1.665696
6434,0.295243,7.527495,6.486849,0.187345,-0.221687,0.088074,49.604282,-2.394438,-1.670146
6435,0.298579,7.545141,6.521813,0.190397,-0.143865,0.175052,49.610657,-2.401726,-1.671946
6436,0.307605,7.525527,6.487800,0.703108,-0.143865,0.385630,49.625450,-2.411951,-1.669543
6437,0.309929,7.524682,6.493870,0.617657,-0.235421,0.481762,49.647263,-2.427060,-1.664993
6438,0.309701,7.537040,6.497693,0.342989,-0.258309,0.442089,49.663120,-2.444123,-1.661293
6439,0.313557,7.536353,6.505477,0.121730,-0.241524,0.469555,49.670719,-2.461097,-1.657806
6440,0.315407,7.528618,6.492515,0.127834,-0.317820,0.458874,49.674751,-2.478927,-1.654896
6441,0.315657,7.542604,6.494776,-0.148358,-0.160650,0.162844,49.674385,-2.491987,-1.654269
6442,0.325016,7.557168,6.488043,-0.384876,-0.090457,0.168948,49.665482,-2.498911,-1.653880
6443,0.327931,7.539635,6.485847,-0.131572,-0.067569,0.139955,49.656815,-2.504540,-1.652554
6444,0.322949,7.527610,6.494220,-0.203292,-0.038576,-0.047734,49.651249,-2.506857,-1.652907
6445,0.318209,7.534718,6.491707,-0.233810,-0.049258,0.037718,49.644005,-2.507677,-1.654132
6446,0.303669,7.544979,6.500939,-0.336048,-0.215583,0.188785,49.634552,-2.513412,-1.655051
6447,0.304530,7.541979,6.502408,-0.348255,-0.131658,0.059081,49.623222,-2.520308,-1.656786
6448,0.311657,7.535094,6.496890,-0.136150,0.123172,-0.018741,49.615131,-2.520912,-1.656458
6449,0.321366,7.539903,6.509225,-0.384876,0.100283,-0.059941,49.606361,-2.517500,-1.654469
6450,0.326302,7.525308,6.522363,-0.694640,0.168950,-0.342237,49.588417,-2.509487,-1.655398
6451,0.326471,7.502689,6.516033,-0.696166,0.275764,-0.246104,49.565262,-2.497216,-1.656114
6452,0.321544,7.490753,6.503319,-0.471855,0.173527,-0.182015,49.545753,-2.486928,-1.655043
6453,0.321334,7.502005,6.515459,-1.141736,0.193364,-0.417008,49.518940,-2.475365,-1.656873
6454,0.317506,7.491353,6.517102,-0.632076,0.234564,-0.247630,49.489449,-2.462309,-1.658644
6455,0.320135,7.498573,6.527495,-0.487114,0.088076,-0.078252,49.470779,-2.454687,-1.658084
6456,0.324769,7.492323,6.519641,-0.342151,0.011779,-0.351393,49.457104,-2.448163,-1.661477
6457,0.319779,7.467182,6.516114,-0.094951,0.176579,-0.516193,49.450111,-2.435134,-1.668497
6458,0.315671,7.471974,6.513619,0.114100,0.143009,-0.571126,49.450760,-2.417901,-1.676238
6459,0.304467,7.488895,6.517594,-0.235335,0.164372,-0.774074,49.449188,-2.397535,-1.686930
6460,0.288990,7.489302,6.518156,-0.119366,0.347483,-0.780178,49.443707,-2.372307,-1.697299
6461,0.298154,7.513204,6.532967,0.004234,0.536698,-0.642845,49.441963,-2.344706,-1.701527
6462,0.299823,7.542659,6.546666,-0.322314,0.495498,-0.594015,49.436680,-2.317858,-1.701863
6463,0.292270,7.537892,6.551481,-0.136151,0.385631,-0.252208,49.428947,-2.297594,-1.699878
6464,0.307621,7.524020,6.539380,0.046959,0.200994,0.249822,49.427170,-2.291205,-1.692471
6465,0.313438,7.522539,6.527800,0.152248,0.007202,0.576370,49.430023,-2.299408,-1.680870
6466,0.306663,7.513828,6.515406,0.103419,-0.113347,0.695392,49.433792,-2.316660,-1.668419
6467,0.312545,7.509833,6.527331,0.298738,-0.256784,0.918177,49.439964,-2.341101,-1.655607
6469,0.318885,7.496552,6.524585,0.526101,-0.310191,1.011259,49.453156,-2.371678,-1.641868
6470,0.317681,7.506935,6.531649,0.599346,-0.307139,1.069244,49.471294,-2.404718,-1.627138
6471,0.319121,7.514128,6.524307,0.532204,-0.330028,1.012785,49.489544,-2.437996,-1.612653
6472,0.321182,7.514154,6.505547,0.516945,-0.287302,0.965481,49.506443,-2.469749,-1.599049
6473,0.318342,7.510499,6.506588,0.198027,0.045350,0.709125,49.517704,-2.493594,-1.583980
6474,0.320091,7.520149,6.500331,0.173612,0.336802,0.596207,49.523075,-2.506007,-1.564994
6475,0.320886,7.502615,6.487011,0.098841,0.526016,0.364266,49.526672,-2.508849,-1.543644
6476,0.320491,7.501296,6.499419,-0.065959,0.822046,-0.029423,49.526318,-2.498511,-1.522910
6477,0.320039,7.508962,6.515299,0.185820,0.895290,-0.037052,49.527393,-2.479089,-1.501836
6478,0.324760,7.532146,6.505811,0.429967,0.684713,0.123170,49.536758,-2.463090,-1.480852
6479,0.319091,7.532520,6.524987,0.106472,0.516861,-0.218638,49.545094,-2.448885,-1.466633
6480,0.315799,7.536934,6.532991,0.214812,0.469557,-0.426163,49.550217,-2.430041,-1.461091
6481,0.316609,7.544939,6.509971,0.368930,0.252876,-0.111823,49.559795,-2.415406,-1.457741
6482,0.315060,7.515371,6.513386,-0.021707,0.306283,-0.479571,49.565552,-2.401859,-1.457040
6483,0.314347,7.492123,6.519332,-0.130046,0.378002,-0.680993,49.563187,-2.379740,-1.460909
6484,0.325601,7.521586,6.507779,-0.181929,0.107913,-0.230845,49.558144,-2.362921,-1.464607
6485,0.318372,7.526552,6.505346,-0.332996,-0.134709,-0.049260,49.549690,-2.359657,-1.467978
6486,0.309626,7.492575,6.513581,-0.239914,-0.082828,-0.236948,49.540386,-2.358380,-1.473837
6487,0.308762,7.510543,6.505812,-0.320787,-0.188117,-0.059941,49.531322,-2.357546,-1.480489
6488,0.309065,7.535659,6.501661,-0.304002,-0.201850,0.002622,49.521126,-2.361038,-1.486058
6489,0.304257,7.503268,6.509603,-0.084270,0.092653,-0.351393,49.514874,-2.357798,-1.491221
6490,0.308607,7.509057,6.526900,-0.105632,0.234565,-0.417007,49.511879,-2.344517,-1.495391
6491,0.316291,7.528383,6.506629,-0.015603,0.109439,-0.183541,49.509949,-2.333182,-1.497532
6492,0.307502,7.527831,6.518401,0.080530,0.127750,-0.236948,49.511097,-2.325285,-1.499077
6493,0.297858,7.522704,6.527396,0.001182,0.184209,-0.308667,49.512535,-2.314994,-1.501029
6494,0.305540,7.523942,6.516928,0.127833,0.042298,0.074340,49.514679,-2.309572,-1.500693
6495,0.304685,7.503184,6.496235,0.239226,0.046876,0.010252,49.520710,-2.309680,-1.498645
6496,0.301981,7.488775,6.506945,0.150722,0.178105,-0.249156,49.527199,-2.304217,-1.498378
6497,0.307839,7.492767,6.512585,0.199553,0.165898,-0.085882,49.533005,-2.296248,-1.497640
6498,0.316692,7.482483,6.515662,0.260589,0.025513,0.097229,49.540573,-2.294322,-1.495088
6499,0.307263,7.482631,6.512599,0.283478,0.072816,-0.140815,49.549614,-2.292706,-1.494311
6500,0.298019,7.504828,6.516837,0.117153,0.127750,-0.172859,49.556324,-2.286559,-1.495160
6501,0.293893,7.506971,6.535315,-0.038492,0.152164,-0.268993,49.557686,-2.277928,-1.496388
6502,0.292195,7.505329,6.521309,-0.067484,0.193364,-0.259837,49.555962,-2.267484,-1.497723
6503,0.293007,7.520095,6.516951,-0.108685,0.239142,-0.290356,49.553051,-2.255830,-1.498187
6504,0.297496,7.523101,6.518592,-0.255172,0.336801,-0.328504,49.546963,-2.241753,-1.497574
6505,0.302532,7.504125,6.520535,-0.104107,0.303231,-0.151497,49.540859,-2.228744,-1.494646
6506,0.295239,7.509525,6.513763,-0.021707,0.153690,0.022459,49.538589,-2.222166,-1.490244
6507,0.297888,7.517372,6.513551,-0.143781,0.020935,0.025511,49.535728,-2.220886,-1.487509
6508,0.290292,7.505921,6.511150,-0.183455,0.097231,-0.011111,49.530209,-2.219790,-1.485853
6509,0.284475,7.505669,6.524422,-0.369618,0.158268,-0.136238,49.520931,-2.215158,-1.484207
6510,0.280805,7.499797,6.527020,-0.513054,0.153690,-0.342237,49.506271,-2.205717,-1.485431
6511,0.281764,7.506751,6.520031,-0.596981,0.185735,-0.304089,49.487865,-2.193851,-1.488128
6512,0.269192,7.516562,6.526167,-0.619870,0.428357,-0.586385,49.467659,-2.175920,-1.489992
6513,0.275483,7.511741,6.535451,-0.517633,0.551957,-0.749659,49.448772,-2.148378,-1.492051
6514,0.263708,7.498816,6.533340,-0.380300,0.468031,-0.638267,49.433884,-2.119750,-1.494177
6515,0.264109,7.516662,6.521014,-0.511529,0.384105,-0.549763,49.419106,-2.095473,-1.496270
6516,0.272723,7.513944,6.524912,-0.491692,0.400890,-0.612326,49.402477,-2.072253,-1.498938
6517,0.271207,7.485229,6.533748,-0.339099,0.347483,-0.488726,49.388725,-2.050202,-1.501413
6518,0.263982,7.493949,6.518775,-0.241439,0.124698,-0.355971,49.379166,-2.034393,-1.504606
6519,0.269888,7.499536,6.519351,-0.180402,0.081972,-0.247630,49.372276,-2.024514,-1.508544
6520,0.265207,7.494770,6.533135,-0.096477,0.147587,-0.212534,49.367737,-2.016203,-1.510636
6521,0.255754,7.508280,6.543898,-0.607661,0.027039,-0.021793,49.355999,-2.011343,-1.510971
6522,0.254291,7.514101,6.548316,-0.856388,-0.139287,0.234562,49.331573,-2.015253,-1.510080
6523,0.246307,7.494913,6.555687,-1.626980,-0.012635,0.138429,49.290108,-2.021617,-1.507946
6524,0.245839,7.489236,6.577623,-2.780581,0.068239,0.036193,49.216560,-2.023217,-1.505342
6525,0.248394,7.474761,6.598068,-4.472832,0.020935,0.069763,49.095585,-2.023581,-1.503061
6526,0.255111,7.453736,6.618966,-6.355823,0.258979,-0.297985,48.915077,-2.017649,-1.502035
6527,0.265768,7.459784,6.656380,-9.552637,0.699972,-1.068578,48.650040,-1.989985,-1.505017
6528,0.254237,7.397856,6.720302,-12.613643,0.777794,-1.469896,48.280930,-1.941981,-1.514628
6529,0.246927,7.327324,6.756967,-15.033761,0.561113,-1.228800,47.820599,-1.893610,-1.528107
6530,0.241785,7.252149,6.806094,-16.510857,0.399365,-0.661156,47.295181,-1.859565,-1.537575
6531,0.229344,7.170011,6.878361,-18.081034,0.156742,-0.090459,46.718723,-1.844094,-1.539363
6532,0.216275,7.042910,6.963736,-18.425892,-0.223213,0.352059,46.110226,-1.848026,-1.537185
6533,0.230449,6.990403,7.023041,-18.033730,-0.375806,0.612992,45.502449,-1.866518,-1.533154
6534,0.232979,6.934390,7.112630,-17.598841,-0.182013,0.207096,44.908485,-1.882770,-1.530133
6535,0.232899,6.855832,7.197284,-17.611050,0.081972,-0.949556,44.322006,-1.875260,-1.540100
6536,0.228367,6.781878,7.270037,-17.057138,0.216253,-1.648428,43.745106,-1.841563,-1.567746
6537,0.225170,6.738629,7.319245,-16.927435,0.316964,-1.949037,43.179901,-1.793851,-1.605144
6538,0.218117,6.691562,7.399361,-17.939121,0.739646,-2.324414,42.600048,-1.732470,-1.645348
6539,0.204793,6.626766,7.474343,-19.480307,1.316446,-2.589925,41.977524,-1.652014,-1.682877
6540,0.191377,6.530805,7.553132,-20.684261,1.758964,-2.576192,41.308975,-1.556512,-1.713153
6541,0.170900,6.436609,7.620703,-21.853121,2.105349,-2.785244,40.600708,-1.449324,-1.738423
6542,0.157321,6.333268,7.709990,-23.020452,2.395275,-2.393081,39.853268,-1.336327,-1.755865
6543,0.131114,6.206357,7.774640,-23.205090,2.515823,-2.063481,39.082993,-1.225960,-1.761188
6544,0.111420,6.087873,7.862164,-22.953312,2.361705,-1.674370,38.313671,-1.123591,-1.758989
6545,0.088166,6.016233,7.934091,-22.271223,2.199957,-1.027378,37.559753,-1.035962,-1.747779
6546,0.090454,5.914502,8.027156,-21.727993,2.195379,-0.441422,36.826042,-0.962836,-1.723019
6547,0.095102,5.812080,8.097973,-20.578974,2.054994,-0.197274,36.120407,-0.899573,-1.689481
6548,0.095350,5.691123,8.176466,-19.582544,1.704031,0.257451,35.450504,-0.849348,-1.652038
6549,0.089328,5.622538,8.221826,-19.147654,1.511764,0.289496,34.804455,-0.810770,-1.613763
6550,0.091298,5.589211,8.345574,-20.147137,1.562120,0.347481,34.149048,-0.774545,-1.576016
6551,0.078890,5.492955,8.412573,-22.683224,1.720816,1.043303,33.434578,-0.741968,-1.526321
6552,0.053180,5.364425,8.460608,-24.247299,1.871883,0.909022,32.651672,-0.709544,-1.466412
6553,0.040296,5.274861,8.520593,-25.332230,1.961912,0.477185,31.824747,-0.667816,-1.412777
6554,0.036677,5.133327,8.596292,-24.801210,1.670460,0.524488,30.988728,-0.624825,-1.366967
6555,0.031391,4.943378,8.591939,-22.761045,1.435468,0.349007,30.195648,-0.587672,-1.328105
6556,0.020682,4.843503,8.652590,-18.932499,1.198949,-0.536030,29.500601,-0.548030,-1.308958
6557,0.025589,4.798988,8.732074,-15.825715,0.629779,-0.507037,28.921328,-0.512905,-1.309234
6558,0.022559,4.718152,8.764502,-13.346088,0.376476,-0.014163,28.435135,-0.494013,-1.308821
6559,0.021980,4.649416,8.806586,-12.412222,0.802209,-0.000430,28.005762,-0.476599,-1.299758
6560,0.027249,4.618256,8.863994,-12.294724,0.878505,-0.095037,27.593884,-0.451086,-1.288088
6561,0.035732,4.574508,8.892929,-12.560236,0.846460,-0.050786,27.179556,-0.424440,-1.277018
6562,0.024812,4.486923,8.913541,-13.556664,1.417157,-0.107245,26.744179,-0.389621,-1.262262
6563,0.023219,4.424611,8.978728,-15.056649,1.766594,-0.482622,26.267202,-0.337754,-1.247365
6564,0.007034,4.338829,9.005386,-15.972203,1.527023,-0.555867,25.750021,-0.280824,-1.238838
6565,-0.009535,4.240047,9.021343,-16.962530,1.700979,-0.674889,25.201103,-0.223426,-1.234226
6566,-0.017585,4.124952,9.061593,-17.627832,1.737601,-0.159126,24.624577,-0.165594,-1.222688
6567,-0.017012,4.023491,9.097267,-17.543909,1.313394,0.211674,24.038342,-0.119643,-1.200950
6568,-0.021096,3.929388,9.115729,-17.607996,1.108920,0.240666,23.452446,-0.085733,-1.177816
6569,-0.025225,3.855824,9.176438,-17.974216,1.131809,0.416148,22.859396,-0.055699,-1.153075
6570,-0.025812,3.762530,9.218219,-17.966587,0.651142,0.797629,22.260376,-0.036026,-1.122997
6572,-0.033529,3.668724,9.273126,-17.897923,0.617572,0.521437,21.662638,-0.024645,-1.094726
6573,-0.041533,3.572622,9.316586,-17.797211,0.817468,0.323066,21.067730,-0.007488,-1.072903
6574,-0.042433,3.465429,9.368997,-16.878603,0.837305,0.503126,20.489817,0.013417,-1.050233
6575,-0.032011,3.360562,9.389675,-15.926428,0.976164,0.602311,19.943094,0.035403,-1.022501
6576,-0.035254,3.273294,9.435249,-14.885746,1.481246,0.493970,19.429600,0.067803,-0.991496
6577,-0.041934,3.184206,9.445699,-14.423390,1.665883,0.175052,18.941170,0.113671,-0.963707
6578,-0.055585,3.082455,9.478705,-14.531731,1.836786,-0.124030,18.458643,0.168701,-0.944174
6579,-0.060567,3.007725,9.507469,-14.267745,1.890194,0.086548,17.978725,0.227906,-0.925339
6580,-0.068181,2.923347,9.528496,-13.860325,1.830683,0.020933,17.510023,0.286415,-0.904732
6581,-0.076823,2.823148,9.553276,-13.935095,1.598742,-0.215586,17.046854,0.341958,-0.890853
6582,-0.081729,2.752370,9.581188,-13.193495,1.014313,0.088074,16.594786,0.384269,-0.880290
6583,-0.075734,2.701510,9.598166,-12.296250,0.521439,0.362740,16.170065,0.406702,-0.865881
6584,-0.086721,2.614070,9.606364,-11.937657,0.033142,0.094177,15.766239,0.413488,-0.856032
6585,-0.080671,2.559832,9.622747,-11.870517,-0.580280,-0.047734,15.369429,0.404507,-0.857745
6586,-0.074097,2.492231,9.623868,-11.164014,-0.821376,0.091125,14.985488,0.381781,-0.863180
6587,-0.066074,2.420319,9.637074,-10.890873,-0.748131,-0.375808,14.617835,0.357701,-0.874458
6588,-0.063582,2.358192,9.650158,-10.851198,-0.838161,-0.627585,14.255334,0.336279,-0.897241
6589,-0.055241,2.314741,9.671861,-10.614680,-0.705405,-0.781704,13.897408,0.317045,-0.926281
6590,-0.056697,2.251091,9.677405,-10.369005,-0.536028,-0.697778,13.547525,0.302798,-0.955140
6591,-0.054874,2.199331,9.710576,-10.520072,-0.339183,-0.732874,13.199239,0.294120,-0.981708
6592,-0.051125,2.164076,9.735188,-10.475821,-0.082828,-0.174385,12.849228,0.290674,-0.998020
6593,-0.045616,2.109742,9.756021,-10.109598,0.098757,0.249822,12.506145,0.290642,-0.996732
6594,-0.043521,2.067737,9.751578,-9.625880,0.361216,0.451244,12.177293,0.295622,-0.983677
6595,-0.048130,2.014218,9.783673,-9.161998,0.783898,0.556533,11.864271,0.310784,-0.963268
6596,-0.047895,1.984288,9.797003,-8.725585,0.883083,0.699970,11.566297,0.333731,-0.937112
6597,-0.047704,1.926810,9.798586,-8.719482,0.996001,0.234563,11.275677,0.361340,-0.915641
6598,-0.051438,1.881206,9.794527,-9.216931,1.433942,-0.532978,10.976758,0.402047,-0.912701
6599,-0.061629,1.807557,9.808974,-9.944798,1.647571,-1.035007,10.657280,0.457412,-0.928721
6600,-0.076318,1.739169,9.788503,-10.538382,1.420209,-1.651481,10.315604,0.515845,-0.963439
6601,-0.092501,1.683322,9.801956,-11.737760,1.365275,-2.306103,9.943803,0.573161,-1.020213
6602,-0.100565,1.602215,9.809109,-11.902560,1.417157,-2.328991,9.549087,0.631955,-1.088505
6603,-0.109801,1.530899,9.821519,-11.424948,1.211157,-2.145881,9.159534,0.687299,-1.154977
6604,-0.123759,1.469168,9.853223,-11.279984,1.296609,-2.245066,8.780304,0.739992,-1.220757
6605,-0.138994,1.420164,9.877643,-11.073983,1.824579,-2.490740,8.406796,0.803224,-1.291030
6606,-0.147663,1.341014,9.883213,-10.199627,1.723868,-2.243540,8.051218,0.873054,-1.360647
6607,-0.156415,1.304611,9.877235,-10.018043,1.171483,-2.565510,7.713114,0.931843,-1.433431
6608,-0.162886,1.242358,9.879913,-9.775419,0.724387,-2.614340,7.381876,0.974517,-1.514885
6609,-0.155006,1.183284,9.881882,-9.557214,0.141483,-2.289318,7.058307,0.999109,-1.594172
6610,-0.142019,1.148950,9.879426,-9.755583,-0.377332,-1.921570,6.735207,1.003629,-1.664342
6611,-0.140918,1.084576,9.874293,-10.274399,-0.429213,-2.348829,6.400115,0.998407,-1.736609
6612,-0.144843,0.999705,9.897798,-10.182843,-0.267465,-2.271007,6.057811,0.995227,-1.814422
6613,-0.137870,0.942552,9.894081,-9.992102,-0.215584,-2.193185,5.720264,0.994851,-1.889265
6614,-0.138423,0.903219,9.896212,-10.213361,-0.330028,-2.214548,5.382226,0.992905,-1.963272
6615,-0.131260,0.828527,9.913747,-10.352220,-0.484146,-2.133674,5.038203,0.985972,-2.036688
6616,-0.125147,0.784779,9.932156,-10.246933,-0.215584,-1.205911,4.693920,0.979071,-2.093148
6617,-0.121545,0.758605,9.923967,-10.671139,0.135379,-0.517719,4.344797,0.979979,-2.121890
6618,-0.126600,0.685467,9.930675,-11.856784,0.735068,-0.137763,3.969165,0.995221,-2.131728
6619,-0.137070,0.591949,9.916723,-12.395435,1.563646,0.182681,3.565023,1.033388,-2.128449
6620,-0.152661,0.505254,9.910618,-12.479360,2.073305,0.571792,3.150748,1.093152,-2.112321
6621,-0.171874,0.426303,9.889968,-12.302355,2.003112,0.573318,2.738167,1.160009,-2.089752
6622,-0.185368,0.348868,9.904484,-11.061776,1.810845,0.985318,2.349369,1.222358,-2.060975
6623,-0.194418,0.304571,9.919125,-8.923956,1.359171,1.395792,2.017183,1.273627,-2.019296
6624,-0.192027,0.289709,9.934506,-6.441275,0.724386,1.673510,1.762272,1.306631,-1.967014
6625,-0.190028,0.266593,9.969060,-3.628994,0.339853,1.968014,1.595836,1.322568,-1.905819
6626,-0.185048,0.262148,9.968920,-0.201767,-0.076725,2.260991,1.533618,1.325011,-1.835224
6627,-0.176501,0.274025,9.962902,1.853655,-0.636739,1.786429,1.562692,1.311283,-1.768097
6628,-0.172756,0.296506,9.955326,3.312440,-1.134191,1.162325,1.649883,1.280390,-1.719787
6629,-0.174764,0.320785,9.954390,4.098292,-1.424117,0.503125,1.773974,1.236933,-1.693309
6630,-0.165811,0.367149,9.936007,4.311921,-1.570605,-0.381912,1.914150,1.186974,-1.692896
6631,-0.156732,0.386928,9.926847,3.844988,-1.739983,-1.115882,2.049551,1.132685,-1.719758
6632,-0.163703,0.394084,9.886817,3.704603,-1.721672,-1.469896,2.174503,1.076610,-1.764956
6633,-0.162023,0.444861,9.920952,3.204099,-1.265420,-1.579763,2.288678,1.028838,-1.817692
6634,-0.141118,0.466563,9.938513,3.097284,-1.041109,-1.425644,2.392788,0.992471,-1.869321
6635,-0.137208,0.457236,9.908480,3.063714,-1.115879,-1.128089,2.494721,0.958370,-1.913385
6636,-0.130189,0.493979,9.900929,2.511329,-0.886991,-1.215067,2.586972,0.926755,-1.953883
6637,-0.124150,0.524589,9.935190,1.910114,-0.531450,-1.161659,2.660013,0.904950,-1.994542
6638,-0.116375,0.496250,9.905152,1.685803,-0.548235,-1.024326,2.719361,0.888683,-2.031784
6639,-0.118374,0.498966,9.882575,1.171566,-0.629109,-0.975496,2.766459,0.870679,-2.066020
6640,-0.114762,0.511512,9.902976,0.730574,-0.665732,-0.873259,2.797683,0.850618,-2.097846
6641,-0.108534,0.506837,9.916596,0.608500,-0.789332,-0.665733,2.819608,0.827652,-2.124655
6642,-0.101597,0.493567,9.913982,0.455908,-0.854946,-0.603170,2.837029,0.801324,-2.147132
6643,-0.094406,0.512604,9.920575,0.179716,-0.780176,-0.674889,2.847313,0.775162,-2.169760
6644,-0.090351,0.506680,9.910902,0.306367,-0.575702,-0.691674,2.855095,0.753724,-2.193633
6645,-0.095405,0.508616,9.918880,0.260590,-0.325450,-0.711511,2.864229,0.739891,-2.217742
6646,-0.097032,0.529310,9.937118,0.347567,-0.088932,-0.586385,2.874083,0.734076,-2.239695
6647,-0.092941,0.545042,9.928720,0.770248,0.060609,-0.526874,2.892474,0.734538,-2.258251
6648,-0.098386,0.560105,9.917138,1.194456,0.080446,-0.566548,2.924987,0.737811,-2.276333
6649,-0.106871,0.559297,9.941689,1.614085,-0.033999,-0.540607,2.971559,0.739534,-2.294723
6650,-0.104917,0.587173,9.928163,1.974203,-0.096562,-0.566548,3.031125,0.738327,-2.313266
6651,-0.100744,0.586453,9.913419,2.001670,-0.299510,-0.508563,3.097155,0.732694,-2.331512
6652,-0.100731,0.592515,9.914971,1.688855,-0.485672,-0.461260,3.158450,0.720509,-2.348366
6653,-0.102315,0.585620,9.915200,1.521003,-0.438369,-0.261363,3.211788,0.705801,-2.361247
6654,-0.104752,0.616686,9.920868,0.780931,-0.307139,-0.090459,3.250074,0.693727,-2.367803
6655,-0.092244,0.608236,9.943527,0.124782,-0.272043,0.014829,3.265147,0.684161,-2.369609
6656,-0.089248,0.588296,9.929530,0.062220,-0.139287,0.008725,3.268264,0.677294,-2.369607
6657,-0.082510,0.589393,9.918081,-0.076640,-0.096561,0.130800,3.268049,0.673238,-2.367510
6658,-0.081728,0.597585,9.922414,-0.384876,0.004150,-0.139289,3.260354,0.671708,-2.367739
6659,-0.084068,0.578095,9.937963,-0.345202,0.088076,-0.258311,3.248109,0.673619,-2.374267
6660,-0.098652,0.569764,9.917834,0.184293,-0.075198,-0.073674,3.245363,0.674147,-2.379780
6661,-0.103501,0.589059,9.927823,0.014915,-0.275095,-0.024845,3.248660,0.668411,-2.381750
6662,-0.113288,0.591975,9.938966,0.109523,-0.008058,-0.240000,3.250679,0.663950,-2.386425
6663,-0.102419,0.592315,9.924341,0.433019,-0.085880,0.130800,3.259699,0.662490,-2.388331
6664,-0.086371,0.600312,9.891836,0.333834,-0.426161,0.207096,3.272539,0.653649,-2.383195
6665,-0.077334,0.603352,9.919588,-0.285691,-0.133184,-0.297985,3.273319,0.644429,-2.385239
6666,-0.061572,0.600098,9.927232,-0.166669,-0.018739,-0.343763,3.265657,0.642510,-2.396062
6667,-0.030081,0.582681,9.930255,-0.099529,-0.836635,0.229985,3.261191,0.628385,-2.398767
6668,-0.037143,0.552662,9.917062,-0.467277,-1.509568,0.136903,3.251786,0.588998,-2.394884
6669,-0.056187,0.563504,9.905002,-0.474906,-1.566027,-0.049259,3.236067,0.537737,-2.396325
6670,-0.066232,0.584339,9.899348,-0.288744,-1.465316,0.320014,3.223354,0.487041,-2.394667
6671,-0.082668,0.576925,9.916299,-0.184981,-0.810694,0.335274,3.215532,0.448554,-2.385893
6672,-0.090553,0.584970,9.923367,-0.139204,0.127750,0.092651,3.210179,0.436790,-2.379410
6673,-0.076606,0.593827,9.937096,0.126307,0.867824,0.231510,3.210014,0.453054,-2.373086
6675,-0.056358,0.581329,9.958941,0.071374,1.092135,0.344429,3.213402,0.485131,-2.361671
6676,-0.042469,0.555476,9.934913,0.198026,0.741172,0.362740,3.218009,0.514977,-2.348189
6677,-0.043234,0.575769,9.926296,-0.128522,0.117068,0.255926,3.219269,0.528679,-2.337091
6678,-0.060047,0.582806,9.946942,-0.378774,-0.297983,0.167422,3.210877,0.525273,-2.330215
6679,-0.068534,0.588239,9.948342,-0.658018,-0.545183,0.025511,3.193619,0.511063,-2.327790
6680,-0.077192,0.581671,9.914219,-0.522211,-0.404798,-0.038578,3.173938,0.495266,-2.328886
6681,-0.072267,0.587424,9.924779,-0.624447,-0.127080,-0.064519,3.154808,0.486510,-2.331092
6682,-0.067766,0.562510,9.928052,-0.253648,0.086550,0.176578,3.140189,0.485733,-2.329263
6683,-0.070537,0.556221,9.901265,0.065270,0.463453,0.008726,3.137080,0.494717,-2.325677
6684,-0.065077,0.565137,9.930264,0.306367,0.486342,0.120118,3.143301,0.510405,-2.322666
6685,-0.052648,0.573195,9.950474,0.660381,0.016357,0.378000,3.159492,0.518315,-2.313915
6686,-0.059240,0.580524,9.934551,0.773300,-0.203376,0.251348,3.183478,0.514622,-2.303613
6687,-0.066915,0.572866,9.925392,0.611552,-0.223213,-0.006533,3.206592,0.507296,-2.299936
6688,-0.066603,0.584281,9.925853,0.425389,-0.470413,-0.017215,3.223865,0.495775,-2.300979
6689,-0.077288,0.587899,9.906250,0.204130,-0.136236,-0.343763,3.234301,0.486019,-2.307555
6690,-0.083915,0.562766,9.925468,-0.128521,0.321542,-0.560445,3.235434,0.489953,-2.322428
6691,-0.075926,0.571953,9.919206,-0.137677,0.289498,-0.632163,3.230829,0.501241,-2.341699
6692,-0.060014,0.596313,9.914015,-0.217025,0.329172,-0.644370,3.224735,0.512734,-2.362361
6693,-0.055738,0.584161,9.929063,-0.349781,0.356639,-0.644370,3.215099,0.525352,-2.383165
6694,-0.057427,0.572057,9.950510,-0.152936,-0.211005,-0.394119,3.206563,0.528745,-2.400311
6695,-0.051153,0.597700,9.938875,0.136991,-0.774072,-0.120978,3.206212,0.512833,-2.409801
6696,-0.057707,0.588368,9.936971,0.225493,-0.941924,0.115540,3.212240,0.484283,-2.411494
6697,-0.065637,0.579672,9.929978,0.352145,-1.041109,0.101807,3.221882,0.451082,-2.409732
6698,-0.066959,0.587567,9.930779,0.454382,-0.856472,0.114014,3.235337,0.419303,-2.407922
6699,-0.056628,0.578446,9.912792,0.793137,-0.410902,-0.038578,3.256130,0.398143,-2.407863
6700,-0.057939,0.579399,9.902764,0.930470,0.060609,-0.268993,3.284819,0.392606,-2.413315
6701,-0.048453,0.582059,9.941611,1.098322,0.086550,-0.201852,3.318579,0.395507,-2.421009
6702,-0.035162,0.583361,9.958479,1.131893,-0.180487,-0.366652,3.355684,0.394495,-2.430560
6703,-0.035182,0.583311,9.951368,1.203611,-0.836635,-0.514667,3.394503,0.378437,-2.446220
6704,-0.035330,0.607884,9.937210,0.724471,-1.648427,-0.497882,3.426518,0.338096,-2.465529
6705,-0.029811,0.617174,9.918972,0.324678,-1.875790,-0.677941,3.443879,0.280638,-2.488607
6706,-0.029426,0.622254,9.894987,0.014915,-1.546190,-0.767971,3.449418,0.225156,-2.516089
6707,-0.033817,0.628563,9.876938,-0.049174,-1.155553,-0.555867,3.448758,0.181536,-2.540821
6708,-0.023147,0.641769,9.872161,-0.242966,-0.439894,-0.482623,3.443834,0.156033,-2.559697
6709,-0.014294,0.645067,9.887136,-0.192610,0.422254,-0.435319,3.436532,0.156658,-2.574985
6710,-0.014800,0.637097,9.914138,-0.119366,1.082979,-0.297986,3.431300,0.182432,-2.585682
6711,-0.019112,0.632275,9.935761,-0.143781,1.301187,-0.372756,3.426882,0.222765,-2.594465
6712,-0.020570,0.624225,9.953829,-0.012551,0.989898,-0.267467,3.424241,0.261519,-2.602834
6713,-0.020210,0.619262,9.958787,0.088160,0.327646,-0.093511,3.425479,0.283799,-2.607528
6714,-0.024228,0.602801,9.945618,0.236174,-0.175909,-0.026371,3.430875,0.286443,-2.609371
6715,-0.032325,0.599036,9.928489,0.257537,-0.891568,0.075866,3.439103,0.268634,-2.609613
6716,-0.036535,0.612255,9.916211,0.191924,-1.344768,0.039244,3.446592,0.231314,-2.609936
6717,-0.038669,0.634337,9.900817,0.179715,-1.172339,-0.087408,3.452774,0.189486,-2.613261
6718,-0.030114,0.631530,9.891941,0.222441,-0.800013,-0.105719,3.459461,0.156868,-2.618457
6719,-0.028508,0.633908,9.894736,0.062220,-0.304087,-0.188119,3.464189,0.138795,-2.624456
6720,-0.016609,0.658335,9.910561,-0.155989,0.104861,-0.331556,3.462605,0.136004,-2.633302
6721,-0.005799,0.655582,9.903292,-0.050700,0.268135,-0.270518,3.459136,0.142815,-2.642943
6722,-0.011919,0.626803,9.898548,-0.168196,0.356639,-0.243052,3.455467,0.153725,-2.650859
6723,-0.019841,0.628970,9.914186,-0.394033,0.555009,-0.296459,3.446074,0.169433,-2.658920
6724,-0.016356,0.636142,9.931946,-0.456596,0.519913,-0.304089,3.431869,0.187916,-2.667836
6725,-0.019022,0.605588,9.913531,-0.114789,0.379527,-0.203378,3.422320,0.203386,-2.675383
6726,-0.024985,0.606617,9.927400,-0.108685,0.120120,-0.120978,3.418578,0.212021,-2.680283
6727,-0.015766,0.613792,9.946589,-0.189559,-0.101139,-0.148445,3.413591,0.212604,-2.684746
6728,-0.022857,0.621121,9.931983,0.037806,-0.308665,-0.133185,3.411043,0.206066,-2.689838
6729,-0.027394,0.604728,9.930131,0.048487,-0.427687,-0.165230,3.412462,0.194111,-2.695534
6730,-0.034183,0.612902,9.952885,-0.603085,-0.539080,-0.420059,3.403184,0.178607,-2.706229
6731,-0.029352,0.625689,9.920406,-0.450492,-0.511613,-0.571126,3.385571,0.162103,-2.723756
6732,-0.018377,0.633088,9.899742,0.028649,-0.296458,-0.328504,3.378498,0.149544,-2.739519
6733,-0.009525,0.612864,9.912844,-0.030861,-0.119450,-0.369704,3.378431,0.143310,-2.751544
6734,-0.008342,0.622834,9.903925,0.324678,-0.134710,-0.235423,3.383301,0.139676,-2.761861
6735,-0.000965,0.617453,9.896238,0.931996,-0.101139,0.112489,3.404241,0.135874,-2.764140
6736,-0.007112,0.595737,9.903407,0.964041,0.101809,0.193363,3.435854,0.135582,-2.759051
6737,-0.023127,0.616853,9.921384,0.501686,0.065187,0.020933,3.460291,0.138145,-2.755318
6738,-0.018960,0.619084,9.912658,0.541360,0.034668,0.115540,3.477681,0.139669,-2.752948
6739,-0.014064,0.627334,9.914173,0.286530,0.085024,0.184207,3.491492,0.141357,-2.747840
6740,-0.017236,0.633717,9.920247,0.129360,0.176579,0.072815,3.498434,0.145447,-2.743298
6741,-0.019877,0.628641,9.934189,-0.195662,0.124698,-0.088934,3.497329,0.150476,-2.743260
6742,-0.013928,0.614385,9.943127,-0.287218,0.033142,-0.044682,3.489276,0.153237,-2.745323
6743,-0.019983,0.641520,9.928734,-0.278062,0.060609,-0.009585,3.479853,0.154852,-2.746131
6744,-0.029713,0.633428,9.929781,-0.342151,0.162846,-0.049259,3.469514,0.158629,-2.746884
6745,-0.030424,0.633121,9.920973,-0.415395,0.023987,-0.014163,3.456886,0.161801,-2.747751
6746,-0.025516,0.635415,9.936239,-0.441337,0.037720,0.081970,3.442611,0.162759,-2.746561
6747,-0.029248,0.627086,9.920164,-0.194137,0.126224,0.020933,3.432024,0.165384,-2.744685
6748,-0.027044,0.611675,9.923856,-0.300952,-0.102665,0.020933,3.423775,0.165734,-2.743965
6749,-0.026770,0.608484,9.916036,-0.323840,-0.211006,-0.082830,3.413358,0.160577,-2.745307
6750,-0.027211,0.610711,9.919637,-0.160565,-0.076724,-0.038578,3.405278,0.155910,-2.747612
6751,-0.021513,0.616162,9.901050,0.155301,-0.033998,0.043822,3.405190,0.154063,-2.747633
6752,-0.022488,0.626902,9.908478,-0.140729,-0.052309,0.033141,3.405436,0.152551,-2.746439
6753,-0.024338,0.620650,9.918461,-0.093425,0.048402,-0.005008,3.401535,0.152458,-2.745975
6754,-0.024370,0.618816,9.922562,-0.015603,0.167424,-0.005008,3.399718,0.156059,-2.745928
6755,-0.018404,0.638594,9.938771,-0.184981,0.216254,-0.030949,3.396374,0.162478,-2.746147
6756,-0.024678,0.623640,9.931101,-0.265854,0.313913,-0.156075,3.388853,0.171483,-2.748736
6757,-0.024166,0.606759,9.928740,-0.069011,0.365794,-0.169808,3.383257,0.183112,-2.753489
6758,-0.027819,0.611918,9.927577,-0.136150,0.266609,-0.186593,3.379819,0.193985,-2.758796
6759,-0.037007,0.617676,9.927277,-0.268907,0.318490,-0.285778,3.373043,0.204183,-2.766081
6760,-0.042355,0.593452,9.922777,-0.229233,0.368846,-0.313245,3.364707,0.216205,-2.775374
6761,-0.035085,0.604648,9.923004,-0.210920,0.265083,-0.091986,3.357347,0.227149,-2.781497
6762,-0.032752,0.599984,9.915224,-0.313159,0.312387,-0.110297,3.348602,0.236954,-2.784300
6763,-0.039187,0.604582,9.907866,-0.299425,0.542801,-0.171334,3.338376,0.251456,-2.788155
6764,-0.032964,0.619561,9.936262,-0.418447,0.391735,0.001096,3.326402,0.267171,-2.790082
6765,-0.038772,0.614563,9.919539,-0.258225,0.472609,0.004148,3.315128,0.281547,-2.789160
6766,-0.045495,0.610567,9.915691,-0.323840,0.547379,-0.052311,3.305428,0.298565,-2.788980
6767,-0.049504,0.619013,9.919575,-0.403187,0.591631,-0.030948,3.293309,0.317597,-2.789273
6768,-0.050808,0.605804,9.931753,-0.368092,0.660298,-0.026371,3.280456,0.338483,-2.789030
6769,-0.050995,0.588897,9.893830,-0.111736,0.638935,0.027037,3.272466,0.360100,-2.787781
6770,-0.050698,0.584079,9.903126,-0.275011,0.634357,-0.000430,3.266032,0.381262,-2.786129
6771,-0.066322,0.589003,9.901023,-0.209396,0.751853,-0.139289,3.257951,0.404461,-2.787138
6772,-0.078430,0.588544,9.918639,-0.145307,0.738120,-0.061467,3.252026,0.429444,-2.789069
6773,-0.086271,0.592466,9.935237,-0.171248,0.629779,-0.026371,3.246748,0.452288,-2.789239
6774,-0.099060,0.603244,9.930281,-0.105632,0.568742,-0.052311,3.242132,0.472306,-2.789417
6775,-0.108342,0.612512,9.916112,0.071374,0.806787,0.025511,3.241568,0.495220,-2.788567
6776,-0.098753,0.613157,9.932552,0.074426,0.989898,0.214726,3.244049,0.524890,-2.782874
6778,-0.112903,0.606938,9.930622,-0.004922,1.020416,0.049926,3.245266,0.558092,-2.776573
6779,-0.131064,0.598647,9.926215,-0.050698,1.208105,-0.009586,3.244368,0.595136,-2.773801
6780,-0.131749,0.595323,9.935610,-0.119366,1.371379,-0.091986,3.241541,0.638155,-2.773058
6781,-0.132477,0.583870,9.930683,-0.073588,1.273720,-0.081304,3.238321,0.682333,-2.773451
6782,-0.138718,0.583811,9.888635,-0.197188,1.444623,-0.334608,3.233754,0.727957,-2.777814
6783,-0.129915,0.590945,9.886248,-0.343677,1.823053,-0.149971,3.224675,0.782787,-2.782810
6784,-0.123638,0.603066,9.905131,-0.461174,1.748283,-0.023319,3.211266,0.842377,-2.782353
6785,-0.135610,0.602776,9.946970,-0.642757,1.475142,-0.034000,3.192898,0.896071,-2.780307
6786,-0.143116,0.612034,9.977059,-0.835024,0.957853,0.042296,3.168306,0.936550,-2.777919
6787,-0.161561,0.584515,10.003661,-0.726684,0.078920,0.339851,3.142398,0.953453,-2.770610
6788,-0.158936,0.562838,9.975080,-0.337574,-0.949554,0.507703,3.124879,0.938191,-2.757298
6789,-0.140874,0.546608,9.917363,-0.154462,-1.669791,0.596207,3.116933,0.893598,-2.741303
6790,-0.139437,0.534382,9.878615,-0.188033,-1.773554,0.544326,3.111464,0.835261,-2.725439
6791,-0.139887,0.538520,9.872332,-0.374196,-1.723198,0.303229,3.102247,0.776302,-2.714491
6792,-0.127136,0.558681,9.891555,-0.575618,-1.489732,0.196415,3.086487,0.722382,-2.709065
6793,-0.137520,0.556960,9.907157,-0.818240,-0.780176,-0.119452,3.063246,0.684536,-2.709812
6794,-0.152599,0.547069,9.915341,-0.867069,0.051453,-0.424637,3.035042,0.672891,-2.719513
6795,-0.134045,0.542639,9.947260,-0.766357,0.455824,-0.293408,3.007682,0.681965,-2.731017
6796,-0.124209,0.535077,9.937334,-0.465751,0.533646,-0.098089,2.987078,0.698775,-2.736670
6797,-0.124867,0.522782,9.928313,-0.464224,0.320017,-0.204904,2.971525,0.713245,-2.740973
6798,-0.119152,0.528804,9.925029,-0.473381,0.110965,-0.285778,2.955801,0.720842,-2.748770
6799,-0.120531,0.526149,9.931999,-0.542048,-0.171331,-0.178963,2.938779,0.720235,-2.756558
6800,-0.132579,0.538144,9.915726,-0.645811,-0.354443,-0.223215,2.918892,0.711826,-2.763701
6801,-0.132872,0.514007,9.926743,-0.624447,-0.197272,-0.293408,2.897609,0.703080,-2.772767
6802,-0.131220,0.503242,9.913784,-0.409291,-0.105717,-0.183541,2.880280,0.698437,-2.780961
6803,-0.116324,0.505069,9.901156,-0.358937,-0.241524,-0.246104,2.867386,0.693016,-2.788404
6804,-0.101137,0.527512,9.923913,-0.435233,-0.111821,-0.211008,2.854055,0.687514,-2.796308
6805,-0.110996,0.517108,9.910865,-0.314683,-0.209480,-0.052311,2.841501,0.682384,-2.800957
6806,-0.127838,0.529184,9.902939,-0.291795,-0.282724,-0.067571,2.831364,0.674289,-2.803359
6807,-0.110586,0.536917,9.947097,-0.261276,0.104861,0.036193,2.822139,0.671355,-2.804028
6808,-0.104594,0.523740,9.960491,-0.004922,0.214727,0.280341,2.817767,0.676415,-2.798496
6809,-0.122282,0.514360,9.914884,0.034752,-0.247628,0.165896,2.818351,0.675501,-2.791094
6810,-0.129299,0.529457,9.912793,-0.076641,-0.516191,0.022459,2.817683,0.662632,-2.788584
6811,-0.125435,0.527899,9.912384,0.053063,-0.473465,0.187259,2.817320,0.645986,-2.785904
6812,-0.139209,0.517691,9.904808,0.085108,-0.252206,0.060607,2.819662,0.633703,-2.782372
6813,-0.139515,0.499801,9.910387,0.069849,-0.082828,-0.046208,2.822244,0.628114,-2.782407
6814,-0.120682,0.499921,9.909403,0.179715,0.168950,-0.233896,2.826353,0.629778,-2.786999
6815,-0.102245,0.482250,9.894715,-0.001870,0.475661,-0.566548,2.829175,0.641166,-2.799795
6816,-0.102871,0.486123,9.901202,-0.716003,0.500076,-0.995334,2.816924,0.658691,-2.824995
6817,-0.116173,0.495925,9.908168,-1.135632,0.419201,-1.280682,2.785632,0.675847,-2.862138
6818,-0.134306,0.508774,9.914557,-1.254654,0.393261,-1.274578,2.745294,0.691426,-2.904026
6819,-0.149095,0.496553,9.938539,-1.454550,0.240668,-1.044163,2.699677,0.703815,-2.942130
6820,-0.151652,0.494733,9.951752,-1.347735,0.344431,-0.960237,2.652565,0.715114,-2.975048
6821,-0.148296,0.483700,9.945813,-1.132580,0.486342,-0.793911,2.610866,0.730288,-3.003619
6822,-0.148145,0.481665,9.937144,-1.184462,0.405468,-0.589437,2.571960,0.746179,-3.025980
6823,-0.147782,0.485137,9.933408,-1.234818,0.548905,-0.508563,2.531407,0.762883,-3.043556
6824,-0.147299,0.471795,9.938026,-1.066966,0.735068,-0.236948,2.492889,0.784807,-3.055032
6825,-0.152351,0.467489,9.952165,-0.992196,0.466505,0.057556,2.458540,0.804943,-3.057154
6826,-0.144826,0.459553,9.944969,-0.633603,0.243720,0.207096,2.431512,0.816580,-3.052242
6827,-0.130977,0.448630,9.925845,-0.349781,0.138431,0.352059,2.415260,0.822549,-3.042661
6828,-0.131235,0.434937,9.932379,-0.419973,-0.185065,0.530592,2.402641,0.821154,-3.027994
6829,-0.125450,0.445377,9.928242,-0.462699,-0.580280,0.422251,2.388147,0.807746,-3.012659
6830,-0.123870,0.425110,9.921450,-0.616818,-0.597065,0.229985,2.370294,0.787689,-3.002611
6831,-0.128926,0.423696,9.932929,-0.868596,-0.555865,0.181155,2.345619,0.768208,-2.996555
6832,-0.138097,0.419100,9.916265,-0.702270,-0.827480,0.324592,2.319537,0.744829,-2.989070
6833,-0.128033,0.427905,9.916306,-0.842655,-1.044161,0.146059,2.293872,0.713344,-2.982488
6834,-0.125341,0.421516,9.944447,-0.790772,-0.911406,-0.046208,2.266652,0.680711,-2.982122
6835,-0.123554,0.409071,9.940652,-0.069011,-1.117405,0.139955,2.252325,0.646863,-2.981894
6836,-0.123568,0.426415,9.924223,0.225493,-1.637746,0.130800,2.254963,0.600801,-2.979192
6837,-0.107900,0.430314,9.939922,0.497107,-1.839168,-0.117926,2.266985,0.542889,-2.981265
6838,-0.084642,0.438960,9.931046,1.028130,-1.775079,0.025511,2.292369,0.482761,-2.985201
6839,-0.079619,0.443452,9.910279,0.895374,-1.559924,0.011778,2.324416,0.427198,-2.986822
6840,-0.068609,0.475573,9.913417,0.173612,-1.178443,-0.154548,2.342202,0.381693,-2.991057
6841,-0.063967,0.473020,9.935438,-0.281115,-0.589435,-0.116400,2.340374,0.352437,-2.996772
6842,-0.061289,0.458545,9.938534,-0.726685,-0.081302,-0.018741,2.323560,0.341359,-2.999475
6843,-0.075898,0.440517,9.929996,-1.144787,0.100283,0.036192,2.292371,0.341663,-2.999171
6844,-0.072537,0.437746,9.923918,-1.147840,0.152164,0.211674,2.254186,0.345703,-2.994876
6845,-0.076366,0.412645,9.923062,-1.167677,0.391735,0.260503,2.215644,0.354454,-2.986658
6846,-0.084660,0.398684,9.913064,-1.343158,0.570268,0.104859,2.173839,0.370242,-2.979959
6847,-0.094161,0.417014,9.913934,-1.582729,0.825098,0.074340,2.125101,0.393370,-2.976102
6848,-0.097154,0.409211,9.921489,-1.486596,0.872401,0.204044,2.073986,0.421473,-2.970428
6849,-0.098619,0.369838,9.920349,-1.364521,0.889187,0.286444,2.026537,0.450521,-2.961207
6850,-0.097108,0.372260,9.929770,-1.401144,0.858668,0.329170,1.980534,0.479275,-2.949934
6851,-0.097649,0.357717,9.948833,-1.410298,0.629779,0.349007,1.933781,0.503682,-2.937791
6852,-0.100013,0.341009,9.929068,-1.208877,0.242194,0.251348,1.890221,0.517873,-2.927306
6853,-0.102685,0.335658,9.919873,-1.158521,0.301705,-0.011112,1.850804,0.526803,-2.923009
6854,-0.109758,0.351592,9.938024,-1.054759,0.507705,-0.079778,1.813906,0.540335,-2.924092
6855,-0.111327,0.333708,9.931169,-0.662595,0.623676,-0.137764,1.785254,0.559296,-2.927123
6856,-0.106922,0.330510,9.910892,-0.096477,0.670979,-0.056889,1.772578,0.580964,-2.929695
6857,-0.112779,0.330392,9.926932,0.278901,0.767113,-0.067571,1.775604,0.604985,-2.931026
6858,-0.127841,0.332514,9.938825,0.640545,0.745750,-0.229319,1.790883,0.630341,-2.935186
6859,-0.137918,0.326257,9.920099,1.205137,0.513809,-0.305615,1.821553,0.651605,-2.943435
6860,-0.137814,0.346669,9.926320,2.123744,0.172001,-0.084356,1.876964,0.663239,-2.949562
6861,-0.131224,0.347720,9.925472,3.700025,-0.061465,0.120118,1.974035,0.665061,-2.948902
6862,-0.118335,0.370359,9.932402,5.705091,-0.227791,0.455822,2.130895,0.659901,-2.939479
6863,-0.095774,0.429842,9.939059,8.741683,-0.497880,1.179110,2.371980,0.646748,-2.912724
6864,-0.084113,0.487264,9.947211,11.254882,-0.914457,1.432414,2.705724,0.621311,-2.870279
6865,-0.075653,0.560675,9.953820,13.940511,-1.294413,1.435466,3.126123,0.582111,-2.824408
6866,-0.071676,0.666330,9.939909,17.491339,-1.921568,1.652147,3.650443,0.525555,-2.776201
6867,-0.068150,0.777510,9.918386,19.586435,-2.658590,1.522444,4.268791,0.445744,-2.728679
6868,-0.063460,0.889826,9.889649,20.964346,-3.246072,0.910548,4.944835,0.344383,-2.696145
6869,-0.038333,1.023078,9.869911,22.388033,-3.304057,0.623674,5.667417,0.233287,-2.680764
6870,-0.033037,1.166673,9.886061,23.599619,-3.023286,0.426829,6.433859,0.126562,-2.674479
6871,-0.030581,1.292973,9.899909,24.110804,-2.795923,0.178103,7.228990,0.029061,-2.676032
6872,-0.017871,1.402154,9.883738,25.935810,-2.696738,0.130800,8.063056,-0.062361,-2.683127
6873,-0.005868,1.586796,9.876054,27.808121,-2.289316,-0.062993,8.958754,-0.144709,-2.694326
6875,0.004065,1.781929,9.826012,30.074118,-2.151983,0.178103,9.923422,-0.218043,-2.704614
6876,0.011931,1.988249,9.749757,31.142267,-1.900205,0.393259,10.943625,-0.286160,-2.707498
6877,0.035974,2.207421,9.703650,30.719587,-1.508043,0.396311,11.974560,-0.344421,-2.705906
6878,0.036227,2.460672,9.669806,30.249601,-1.128087,0.103333,12.990634,-0.389106,-2.707299
6879,0.030080,2.632621,9.593136,28.949512,-1.033479,-0.128608,13.977265,-0.424052,-2.716139
6880,0.024622,2.813270,9.578034,26.866625,-0.841213,-0.441422,14.907593,-0.451953,-2.733139
6881,0.037830,2.958109,9.533230,25.708448,-0.941924,-0.421585,15.783958,-0.476823,-2.754888
6882,0.017217,3.097688,9.460711,25.781693,-0.731346,-0.278148,16.642235,-0.500346,-2.773863
6883,0.022887,3.217873,9.422576,25.149960,-0.450576,0.158266,17.491112,-0.518578,-2.781564
6884,0.030820,3.370818,9.369583,25.394106,-0.256783,0.757955,18.333364,-0.534460,-2.770668
6885,0.030760,3.504000,9.308177,25.862566,0.086550,1.325599,19.187294,-0.548276,-2.738699
6886,0.018614,3.653126,9.263384,27.965290,0.945646,1.354592,20.083912,-0.547044,-2.690856
6887,0.020693,3.804391,9.219206,27.798965,1.188268,1.232518,21.012758,-0.528863,-2.638051
6888,0.019697,3.936271,9.123322,27.774549,0.922757,1.461407,21.938421,-0.512562,-2.583409
6889,0.011786,4.052112,9.100616,26.764387,0.757957,1.881036,22.846785,-0.507877,-2.521211
6890,0.014813,4.183980,9.042642,26.147913,0.266609,2.347969,23.727951,-0.520031,-2.449700
6891,0.032563,4.271865,8.945031,23.132685,-1.251687,2.943080,24.548538,-0.571055,-2.375901
6892,0.058312,4.384597,8.867512,21.728836,-1.979553,3.329139,25.295408,-0.663929,-2.303683
6893,0.071742,4.538004,8.849443,20.039635,-1.875790,3.300147,25.990612,-0.769657,-2.231828
6894,0.092728,4.646009,8.808481,18.210051,-1.781183,3.117036,26.627100,-0.871682,-2.162955
6895,0.095849,4.716456,8.754389,16.558998,-1.707938,2.599747,27.205622,-0.966659,-2.104311
6896,0.108985,4.826422,8.732680,16.035606,-1.422590,2.444102,27.747961,-1.051744,-2.053797
6897,0.130791,4.928904,8.698614,15.457281,-1.450057,2.256414,28.271946,-1.130801,-2.007119
6898,0.131435,4.949525,8.666162,15.020867,-1.234902,1.510236,28.779207,-1.200100,-1.973325
6899,0.125610,4.993254,8.610162,16.133266,-1.092991,0.695392,29.298151,-1.251883,-1.960034
6900,0.143527,5.092508,8.557595,17.370792,-1.306620,0.184207,29.856686,-1.293925,-1.967051
6901,0.141143,5.187467,8.512263,17.552376,-1.273050,-0.447526,30.439310,-1.328920,-1.992452
6902,0.123773,5.266423,8.483205,18.268036,-1.198279,-0.792386,31.037199,-1.353781,-2.031291
6903,0.133031,5.362693,8.410004,20.060999,-1.567553,-0.645897,31.677063,-1.380679,-2.075772
6904,0.131537,5.488795,8.338345,21.933308,-1.846798,-0.545185,32.378090,-1.418392,-2.122778
6905,0.130909,5.617847,8.270309,24.090967,-1.779657,-0.755763,33.146412,-1.457479,-2.173723
6906,0.132982,5.731833,8.170185,27.019218,-1.546191,-1.196755,33.999691,-1.485665,-2.231521
6907,0.144681,5.825005,8.045821,29.170771,-1.729302,-1.123511,34.937767,-1.508786,-2.294348
6908,0.161453,5.958074,7.921216,29.739943,-2.405287,0.081970,35.920994,-1.554863,-2.348445
6909,0.195729,6.084424,7.820321,27.507513,-3.087375,1.150118,36.876095,-1.640683,-2.386162
6910,0.219180,6.188628,7.761337,23.845293,-3.183509,1.189792,37.732880,-1.747419,-2.418398
6911,0.239158,6.295944,7.724576,19.937397,-2.908842,0.495496,38.463818,-1.844662,-2.458927
6912,0.234077,6.397643,7.685324,16.809250,-2.167242,-0.319348,39.077888,-1.912489,-2.509648
6913,0.221599,6.445840,7.637629,14.605814,-1.053317,-1.730829,39.603497,-1.932358,-2.570168
6914,0.206313,6.505684,7.598892,14.389133,0.239142,-3.288799,40.089157,-1.889197,-2.643197
6915,0.178729,6.561743,7.534876,15.554940,1.316446,-4.053288,40.590664,-1.790239,-2.719793
6916,0.147801,6.599990,7.462286,18.800583,1.726920,-3.542103,41.165127,-1.669033,-2.782379
6917,0.143167,6.661831,7.363005,22.378880,1.510238,-2.673851,41.852596,-1.559934,-2.824188
6918,0.120721,6.747123,7.270817,25.737440,0.873927,-1.445481,42.655144,-1.484327,-2.848227
6919,0.129383,6.906429,7.125397,28.685530,-0.143865,0.565688,43.562202,-1.465392,-2.850523
6920,0.153324,7.065941,6.984472,29.416445,-1.041109,2.038206,44.530041,-1.509708,-2.832911
6921,0.174642,7.206383,6.870174,28.131618,-1.926146,2.212162,45.488682,-1.594736,-2.817683
6922,0.189728,7.314112,6.771626,25.012625,-2.184027,2.015317,46.374352,-1.693033,-2.817838
6923,0.216283,7.428087,6.669535,20.982658,-1.892575,1.079925,47.141331,-1.777175,-2.831973
6924,0.211653,7.448434,6.628794,17.257872,-1.224220,-0.328504,47.779568,-1.821548,-2.861818
6925,0.194839,7.481821,6.571896,15.631235,-0.925139,-0.636741,48.328892,-1.833556,-2.899291
6926,0.193377,7.531386,6.472460,14.599711,-0.647420,-0.217111,48.833664,-1.840227,-2.928389
6927,0.196907,7.603434,6.396198,14.820969,-0.113346,-0.787807,49.324657,-1.835861,-2.948945
6928,0.189471,7.703912,6.355099,16.175991,0.416150,-1.379867,49.841888,-1.805082,-2.968563
6929,0.182198,7.743743,6.278114,16.789413,0.353587,-1.118933,50.391827,-1.764897,-2.985458
6930,0.186998,7.755096,6.189485,18.013206,0.229987,-1.179970,50.972359,-1.729087,-3.002207
6931,0.179884,7.816008,6.114141,19.236998,0.330698,-1.515674,51.593807,-1.688194,-3.023021
6932,0.175690,7.905966,6.040589,19.732924,0.007202,-0.922089,52.243881,-1.652745,-3.043666
6933,0.178151,7.958972,5.923020,20.456213,-0.511613,-0.081304,52.914165,-1.644567,-3.060479
6934,0.179623,8.039253,5.814287,21.712049,-0.824428,0.085022,53.617455,-1.657929,-3.078245
6935,0.174965,8.088161,5.729737,21.321413,-1.154028,0.361215,54.335300,-1.683342,-3.100534
6936,0.187122,8.145576,5.617275,19.685619,-0.915983,0.422251,55.019333,-1.713948,-3.121119
6937,0.180370,8.196263,5.526416,17.953693,-0.056887,-0.565022,55.647076,-1.721205,-3.135815
6938,0.162759,8.262269,5.493407,15.768570,0.928861,-1.418015,56.209286,-1.685681,-3.142354
6939,0.156669,8.311494,5.425098,14.018332,1.758964,-1.660637,56.705467,-1.618150,-3.133423
6940,0.134159,8.389825,5.370039,13.133295,2.431898,-2.300000,57.157372,-1.524701,-3.110931
6941,0.110240,8.437887,5.317677,13.249267,2.248787,-2.441911,57.596474,-1.416073,-3.087862
6942,0.097341,8.446807,5.279706,14.048851,1.282876,-1.979556,58.051182,-1.322365,-3.077281
6943,0.093100,8.456510,5.179348,15.141414,0.754905,-2.264903,58.537865,-1.244353,-3.085531
6944,0.070563,8.478677,5.131530,16.462866,0.938016,-2.583822,59.064976,-1.160636,-3.103254
6945,0.080243,8.533484,5.018788,17.346376,0.799157,-2.286267,59.628765,-1.076049,-3.119738
6946,0.063601,8.578870,4.963069,17.457767,0.382579,-1.672844,60.209106,-1.009079,-3.135752
6947,0.043332,8.655638,4.843948,17.332642,-0.095035,-0.345289,60.789150,-0.977448,-3.148114
6948,0.042874,8.763977,4.741983,16.703960,-0.780176,1.218785,61.356510,-0.997235,-3.153782
6949,0.056837,8.831362,4.601815,16.926746,-1.689627,2.123658,61.917183,-1.065803,-3.163470
6950,0.061747,8.831105,4.517071,17.456244,-1.581287,2.341866,62.490475,-1.157075,-3.176941
6951,0.084485,8.828483,4.377345,17.975060,-0.925139,2.203007,63.081036,-1.243530,-3.179448
6952,0.108636,8.851911,4.298558,19.052361,0.048401,1.192844,63.697872,-1.300653,-3.167180
6953,0.109801,8.869743,4.197678,20.813278,0.934964,0.150637,64.361717,-1.313587,-3.142699
6954,0.098818,8.918461,4.136872,21.612864,1.427838,0.014829,65.067963,-1.299247,-3.105972
6955,0.087611,9.027153,3.997597,21.565559,1.021942,-0.584860,65.786827,-1.273611,-3.072800
6956,0.081425,9.150572,3.921280,21.240538,0.913601,-1.150978,66.499855,-1.234139,-3.055015
6957,0.093837,9.157414,3.798818,21.075737,0.222357,-0.174385,67.204910,-1.206403,-3.046314
6958,0.110578,9.165549,3.716800,20.190702,-0.647420,0.698444,67.892723,-1.217194,-3.049467
6959,0.138181,9.210376,3.558494,19.392643,-1.132665,0.104859,68.552902,-1.240657,-3.071998
6960,0.152987,9.252408,3.486243,19.528450,-1.070102,1.269140,69.202141,-1.275281,-3.098014
6961,0.168393,9.313174,3.378049,20.634747,-1.614857,2.973599,69.871895,-1.357150,-3.115172
6962,0.170114,9.403455,3.267128,20.509621,-1.529405,3.204014,70.557976,-1.471762,-3.129555
6963,0.184716,9.449738,3.119791,20.041161,-1.207435,3.350502,71.233978,-1.589903,-3.136895
6964,0.194023,9.470679,3.059057,18.275665,-0.951079,3.515302,71.872520,-1.709815,-3.134808
6965,0.224155,9.474924,2.983436,15.739575,-0.723717,2.741658,72.439270,-1.817617,-3.129402
6966,0.249237,9.422093,2.880985,12.873888,-0.409376,1.966488,72.915955,-1.898147,-3.124076
6967,0.272350,9.437103,2.816298,10.639934,-0.093509,1.473614,73.307556,-1.955439,-3.115447
6968,0.280010,9.489671,2.772813,9.101802,-0.069095,1.002103,73.636269,-1.995761,-3.106308
6969,0.292306,9.526625,2.713663,8.911060,-0.302561,1.203525,73.936340,-2.032790,-3.101996
6970,0.288816,9.522170,2.667939,9.269652,-0.629109,1.934444,74.239357,-2.087346,-3.102584
6971,0.288705,9.570766,2.626974,9.707594,-1.112828,2.210636,74.555992,-2.161696,-3.111956
6972,0.292030,9.587483,2.544089,11.157223,-1.746087,2.050414,74.904785,-2.242763,-3.139233
6973,0.309378,9.581699,2.484046,12.088037,-2.197761,2.216740,75.294006,-2.328405,-3.184509
6974,0.322974,9.556038,2.420968,12.184171,-2.423598,2.006162,75.700882,-2.415839,-3.241498
6975,0.341767,9.588538,2.373153,12.518348,-2.383924,1.046355,76.115379,-2.484699,-3.306889
6976,0.362514,9.598228,2.303013,13.569710,-2.226753,0.219303,76.553223,-2.523354,-3.376670
6978,0.362183,9.612652,2.235251,14.711103,-2.379346,0.397837,77.027748,-2.550905,-3.449155
6979,0.360382,9.622496,2.131684,16.681072,-2.681479,0.149111,77.554558,-2.578351,-3.529505
6980,0.362846,9.670585,1.976168,19.261412,-2.989716,0.226933,78.157692,-2.604362,-3.620691
6981,0.347363,9.681442,1.787396,22.023340,-3.278116,-0.020267,78.850403,-2.628551,-3.722473
6982,0.325172,9.699859,1.616319,23.665234,-2.866116,-1.239481,79.616646,-2.627051,-3.827116
6983,0.314817,9.719384,1.488956,23.532476,-2.092472,-2.724207,80.407440,-2.576304,-3.920125
6984,0.306393,9.709869,1.364346,22.841232,-1.405805,-3.490221,81.183563,-2.483366,-3.994405
6985,0.295843,9.671633,1.249285,21.644907,-0.343761,-4.439347,81.926987,-2.356899,-4.042749
6986,0.281764,9.668321,1.128414,19.912983,0.585527,-4.273021,82.620209,-2.212431,-4.058359
6987,0.287221,9.730980,1.035339,19.150019,0.941068,-2.667747,83.270805,-2.094463,-4.047324
6988,0.286257,9.764246,0.916911,19.383486,1.264564,-1.303570,83.911949,-2.024562,-4.018096
6989,0.299185,9.823558,0.790239,18.742596,1.939023,0.451244,84.545532,-2.005039,-3.966308
6990,0.312228,9.878774,0.693704,17.616465,2.088564,2.015318,85.149010,-2.039913,-3.895644
6991,0.337823,9.932398,0.652470,15.268065,2.158756,2.782858,85.694244,-2.113956,-3.818577
6992,0.352179,9.899560,0.542426,11.756911,1.688771,2.970547,86.141983,-2.205018,-3.747696
6993,0.350096,9.857814,0.519349,8.996513,0.976164,2.677569,86.485886,-2.296099,-3.697252
6994,0.339863,9.842494,0.452562,6.962454,0.420727,1.571273,86.750763,-2.365424,-3.669801
6995,0.332697,9.844884,0.380004,5.340395,0.213202,0.484814,86.955284,-2.399068,-3.657369
6996,0.308782,9.819489,0.341551,5.595225,0.109439,-1.575185,87.137352,-2.380645,-3.652944
6997,0.295289,9.822729,0.274781,6.246795,0.922757,-4.482073,87.334221,-2.278981,-3.640646
6998,0.251156,9.934538,0.206359,5.273255,2.163334,-6.789272,87.524582,-2.089000,-3.597695
6999,0.221956,9.855359,0.197217,7.366824,2.718771,-8.609700,87.732826,-1.829186,-3.527021
7000,0.168783,9.820634,0.254054,8.276277,3.365764,-9.882322,87.990921,-1.517424,-3.437132
7001,0.128852,9.839296,0.167970,8.370883,3.503097,-9.738885,88.265907,-1.186839,-3.333369
7002,0.076700,9.835769,0.206075,8.782883,3.252845,-8.534930,88.549927,-0.879268,-3.229256
7003,0.083578,9.771088,0.174056,9.373416,1.989379,-6.963228,88.851448,-0.619063,-3.147725
7004,0.054149,9.877129,0.139896,6.881580,0.410046,-4.395094,89.122040,-0.429113,-3.111042
7005,0.038103,9.937724,0.026552,5.312928,-1.605701,-1.999392,89.325432,-0.322843,-3.132395
7006,0.036268,9.897598,0.035409,4.714766,-2.962249,0.052977,89.492989,-0.291222,-3.208836
7007,0.027992,9.831092,-0.016884,4.400425,-4.367626,1.264562,89.645554,-0.314118,-3.330809
7008,0.026874,9.790284,-0.058382,4.386692,-4.552263,1.478192,89.792885,-0.360577,-3.479235
7009,0.032202,9.796311,-0.076737,4.046410,-4.129582,0.959377,89.934410,-0.401549,-3.623837
7010,0.043597,9.755548,-0.061854,5.857684,-3.709953,0.428355,90.100418,-0.424637,-3.754510
7011,0.028387,9.760798,-0.136372,6.645061,-3.963256,-0.125556,90.309738,-0.429204,-3.882427
7012,0.028168,9.836894,-0.205842,5.608958,-4.327953,-0.380385,90.514984,-0.419774,-4.020560
7013,0.023509,9.756395,-0.356487,5.109980,-4.414930,-0.319348,90.694687,-0.406590,-4.166152
7014,0.009611,9.760057,-0.377715,4.659832,-3.456649,-1.558400,90.858398,-0.373526,-4.296911
7015,-0.005132,9.806645,-0.416170,1.798722,-2.582294,-1.826963,90.966621,-0.315500,-4.396665
7016,0.005968,9.864212,-0.402366,-0.877751,-1.178442,-1.817807,90.982277,-0.253711,-4.458317
7017,0.010041,9.854756,-0.367083,-2.467765,0.324594,-1.141822,90.926567,-0.204164,-4.471736
7018,0.000158,9.943550,-0.222144,-3.944860,1.252357,-0.389541,90.819603,-0.179052,-4.445077
7019,0.004627,9.881316,-0.213121,-4.095928,1.192846,0.893762,90.685448,-0.187995,-4.404445
7020,0.015341,9.864565,-0.208068,-3.578639,1.140964,0.983792,90.557404,-0.219706,-4.365903
7021,0.019834,9.837633,-0.193583,-2.632565,0.999053,0.902918,90.453735,-0.251466,-4.330516
7022,0.013748,9.833520,-0.148737,-1.547632,1.162327,0.242192,90.383911,-0.270815,-4.294636
7023,0.021167,9.856726,-0.162634,-1.482018,1.107394,-0.278148,90.333244,-0.270456,-4.256802
7024,0.015189,9.867182,-0.148668,-1.538477,0.934965,-0.398696,90.282738,-0.259359,-4.222700
7025,0.005591,9.872090,-0.135960,-1.520164,1.180639,-0.548237,90.231606,-0.243734,-4.187368
7026,-0.007551,9.865809,-0.132810,-1.834507,1.382061,-0.668785,90.175522,-0.223603,-4.144584
7027,-0.012687,9.856977,-0.116735,-1.890965,1.101290,-0.653526,90.113281,-0.201669,-4.103139
7028,-0.023088,9.847000,-0.100151,-1.361469,0.870876,-0.746607,90.058968,-0.178381,-4.070235
7029,-0.019267,9.874993,-0.118704,-1.285173,0.791527,-1.163185,90.014778,-0.146570,-4.042506
7030,-0.019187,9.852478,-0.076113,-1.164625,0.545853,-1.372237,89.973892,-0.104310,-4.020218
7031,-0.019604,9.845795,-0.048269,-0.920476,0.275765,-1.366133,89.939133,-0.058660,-4.006558
7032,-0.024293,9.836869,-0.063878,-0.683959,0.184209,-1.196755,89.912376,-0.015935,-3.998947
7033,-0.025702,9.840181,-0.052222,-0.621396,0.222357,-1.242533,89.890625,0.024732,-3.992241
7034,-0.022255,9.825293,-0.043690,-0.566462,0.200994,-0.970919,89.870819,0.061637,-3.985261
7035,-0.023659,9.860733,-0.064765,-0.496270,0.211676,-0.557393,89.853127,0.087125,-3.978445
7036,-0.029919,9.876405,-0.070097,-0.444387,0.010253,-0.349867,89.837456,0.102256,-3.974788
7037,-0.030212,9.880469,-0.087464,-0.253647,-0.182013,-0.276622,89.825813,0.112689,-3.977681
7038,-0.034632,9.891070,-0.090703,-0.033914,-0.172858,0.130800,89.821014,0.115102,-3.983603
7039,-0.037976,9.873259,-0.065175,0.257537,-0.066043,0.451244,89.824722,0.105389,-3.987554
7040,-0.042038,9.855721,-0.065570,0.472692,-0.120976,0.542799,89.836899,0.088813,-3.990622
7041,-0.037206,9.856199,-0.077172,0.463538,-0.012635,0.503125,89.852501,0.071375,-3.992802
7042,-0.039525,9.856349,-0.065887,0.446752,0.217779,0.466503,89.867668,0.055223,-3.989343
7043,-0.028732,9.847533,-0.091458,0.588663,0.329172,0.315437,89.884933,0.042210,-3.980200
7044,-0.031957,9.862493,-0.107337,0.544411,0.275765,-0.114875,89.903824,0.038886,-3.970111
7045,-0.027636,9.862111,-0.090267,0.600871,0.352061,-0.362074,89.922928,0.046851,-3.959660
7046,-0.018111,9.860473,-0.101056,0.625285,0.468031,-0.243052,89.943367,0.056952,-3.946003
7047,-0.009540,9.860028,-0.104876,0.396397,0.443616,-0.085882,89.960419,0.062448,-3.930814
7048,-0.010349,9.848384,-0.069677,0.181241,0.356639,-0.076726,89.970055,0.065166,-3.917478
7049,-0.010505,9.848976,-0.067753,0.016441,0.320016,0.301703,89.973366,0.061422,-3.906198
7050,-0.017211,9.847342,-0.083657,-0.120893,0.144535,0.571792,89.971634,0.046868,-3.898448
7051,-0.022757,9.832457,-0.083482,-0.087321,-0.006532,0.590103,89.968163,0.027504,-3.896138
7052,-0.022787,9.846399,-0.069777,-0.323840,0.078920,0.609940,89.961311,0.007504,-3.894919
7053,-0.022966,9.851453,-0.079191,-0.207870,0.011780,0.562636,89.952446,-0.012038,-3.893392
7054,-0.020102,9.854750,-0.081557,-0.389454,-0.069094,0.587051,89.942497,-0.031200,-3.894331
7055,-0.013867,9.859664,-0.095193,-0.761780,0.004150,0.738118,89.923309,-0.053287,-3.895386
7056,-0.002450,9.869461,-0.072957,-0.894536,-0.009583,0.739644,89.895706,-0.077917,-3.895437
7057,0.009035,9.852468,-0.071263,-0.700744,-0.075198,0.794577,89.869125,-0.103490,-3.896797
7058,0.015747,9.849301,-0.076556,-0.979988,-0.154546,0.947170,89.841125,-0.132528,-3.900554
7059,0.016065,9.850657,-0.066431,-1.143261,-0.243050,0.818992,89.805740,-0.161985,-3.907089
7060,0.025853,9.851383,-0.055651,-1.082225,-0.297984,0.635881,89.768677,-0.186266,-3.916015
7061,0.026844,9.844799,-0.051280,-1.085277,-0.232369,0.498548,89.732597,-0.205210,-3.924773
7062,0.022446,9.855101,-0.047287,-1.021188,-0.352917,0.413096,89.697510,-0.220453,-3.934450
7063,0.025875,9.876515,-0.039803,-1.033394,-0.339184,0.338325,89.663315,-0.233041,-3.945915
7064,0.036323,9.871099,-0.027189,-0.748047,-0.154547,0.458874,89.633667,-0.246378,-3.954063
7065,0.041556,9.858042,-0.028148,-0.523737,-0.093510,0.619096,89.612480,-0.264371,-3.958079
7066,0.043671,9.859084,-0.034740,-0.325366,-0.134710,0.739644,89.598351,-0.287042,-3.961728
7067,0.050008,9.841817,-0.024704,-0.110211,-0.131658,0.652666,89.591110,-0.310278,-3.966003
7068,0.047918,9.830359,-0.026522,0.095789,-0.101139,0.658770,89.590889,-0.332162,-3.969727
7069,0.051748,9.846212,-0.033479,0.217863,-0.110295,0.539748,89.596130,-0.352162,-3.973109
7070,0.058214,9.839635,-0.026357,0.492530,0.004150,0.451244,89.607971,-0.368690,-3.974763
7071,0.053743,9.840839,-0.008004,0.492530,-0.011110,0.373422,89.624397,-0.382435,-3.974788
7072,0.040915,9.840828,-0.007875,0.510840,-0.111821,0.088074,89.641136,-0.390140,-3.976788
7073,0.049831,9.849354,-0.028218,0.210234,0.020935,-0.027897,89.653168,-0.391152,-3.978297
7074,0.055894,9.845621,-0.029425,0.017968,0.126224,-0.175911,89.656952,-0.387740,-3.975865
7075,0.052032,9.849318,-0.022756,-0.192610,-0.012635,-0.369704,89.654037,-0.378636,-3.974026
7076,0.057587,9.849229,-0.034103,-0.334521,0.054505,-0.407852,89.645233,-0.365672,-3.973407
7077,0.072367,9.874111,-0.061608,-0.667172,0.217779,-0.108771,89.628510,-0.357033,-3.968924
7078,0.068719,9.855345,-0.021985,-0.461174,0.146061,-0.023319,89.609673,-0.354792,-3.962876
7079,0.064146,9.836656,-0.019012,-0.374196,-0.015687,0.196414,89.595734,-0.357662,-3.960682
7081,0.054640,9.866373,-0.020700,-0.575618,-0.078250,0.091125,89.579918,-0.362465,-3.962214
7082,0.064468,9.882453,-0.028272,-0.487114,-0.064517,0.164370,89.562210,-0.366740,-3.964561
7083,0.064825,9.873852,0.006219,-0.259750,0.011780,0.236088,89.549774,-0.373421,-3.965389
7084,0.061718,9.867602,-0.013827,-0.197188,-0.125554,0.370370,89.542175,-0.383544,-3.967205
7085,0.058752,9.868340,-0.016774,-0.278062,-0.149969,0.133851,89.534271,-0.391984,-3.971729
7086,0.064637,9.854692,-0.003862,-0.227707,0.027039,0.080444,89.525864,-0.395572,-3.973748
7087,0.061710,9.849691,0.004773,-0.120892,0.019409,-0.072149,89.520042,-0.395704,-3.972973
7088,0.069000,9.871165,-0.006713,-0.307056,-0.102665,-0.244578,89.512917,-0.390437,-3.974405
7089,0.075966,9.873546,-0.001532,-0.458121,-0.087406,-0.319348,89.500183,-0.381066,-3.977654
7090,0.076210,9.881120,-0.000942,-0.395558,0.045350,-0.139289,89.485970,-0.373429,-3.978422
7091,0.078352,9.874925,-0.010650,-0.180402,0.002624,-0.131659,89.476364,-0.368906,-3.977664
7092,0.077490,9.882260,-0.007791,-0.369618,0.049927,-0.102667,89.467186,-0.364992,-3.976824
7093,0.066036,9.854103,-0.008897,-0.204817,0.057557,0.104859,89.457611,-0.365012,-3.975033
7094,0.062069,9.858136,-0.003676,-0.053751,0.103335,0.007200,89.453278,-0.366854,-3.972333
7095,0.062110,9.861238,-0.009708,-0.053751,0.059083,-0.168281,89.451469,-0.364144,-3.969652
7096,0.062408,9.882079,-0.009269,-0.244492,0.056031,-0.143867,89.446487,-0.358923,-3.967784
7097,0.059905,9.861218,-0.006374,-0.079692,-0.067569,-0.073675,89.441093,-0.355300,-3.968012
7098,0.059069,9.854902,0.008327,-0.143781,-0.012635,-0.319348,89.437378,-0.348763,-3.969413
7099,0.066069,9.855994,-0.004683,-0.252121,0.112491,-0.563497,89.430763,-0.334032,-3.967892
7100,0.072692,9.858361,0.016399,-0.238389,0.109439,-0.528400,89.422577,-0.315798,-3.964376
7101,0.065224,9.834311,0.026080,-0.131574,-0.041628,-0.151497,89.416397,-0.304455,-3.963361
7102,0.059481,9.841361,0.001136,-0.227707,-0.001954,-0.029423,89.410408,-0.301448,-3.964118
7103,0.061227,9.856792,-0.010677,-0.273485,0.057557,-0.064519,89.402046,-0.299873,-3.963207
7104,0.056381,9.871984,0.011854,-0.207870,0.014831,0.036192,89.394012,-0.299388,-3.962006
7105,0.060511,9.857875,-0.003463,-0.213974,0.045350,0.155214,89.386978,-0.302567,-3.960969
7106,0.069373,9.846720,-0.008698,-0.253647,0.179631,0.042296,89.379166,-0.305818,-3.957184
7107,0.070001,9.857988,0.003578,-0.310106,0.153691,-0.117927,89.369743,-0.304497,-3.951643
7108,0.075548,9.855130,0.012603,-0.384876,0.156742,-0.145393,89.358131,-0.300052,-3.946518
7109,0.075850,9.852622,0.019242,-0.357411,0.249824,0.103333,89.345734,-0.299274,-3.939750
7110,0.060034,9.846828,0.033067,-0.203292,0.083498,0.161318,89.336357,-0.303621,-3.934144
7111,0.061369,9.863144,0.032571,-0.313159,0.001098,0.152163,89.327744,-0.308829,-3.932674
7112,0.066243,9.858691,0.048456,-0.357410,0.019409,0.432933,89.316566,-0.318576,-3.932217
7113,0.062934,9.858143,0.045626,-0.302477,-0.151494,0.773214,89.305580,-0.338703,-3.934177
7114,0.058704,9.843805,0.054017,-0.328418,-0.406324,0.805259,89.295113,-0.365123,-3.943152
7115,0.073890,9.863529,0.036895,-0.528315,-0.357494,0.764059,89.280914,-0.391434,-3.955557
7116,0.077455,9.854423,0.039752,-0.477959,-0.183539,0.684711,89.264206,-0.415693,-3.964266
7117,0.081687,9.841771,0.049860,-0.343678,-0.180487,0.481762,89.250549,-0.435211,-3.970081
7118,0.087943,9.852630,0.054407,-0.349781,-0.120976,0.425303,89.239029,-0.450394,-3.974906
7119,0.097314,9.846554,0.024947,-0.329944,0.080446,0.353585,89.227707,-0.463383,-3.975408
7120,0.094091,9.834061,0.045042,-0.433706,0.254401,0.104859,89.214928,-0.470947,-3.969722
7121,0.088783,9.842010,0.047939,-0.447440,0.307809,-0.098089,89.200172,-0.470931,-3.960351
7122,0.094750,9.860745,0.031013,-0.549677,0.497024,-0.328504,89.183441,-0.463633,-3.947039
7123,0.089262,9.859704,0.030193,-0.487114,0.675557,-0.592489,89.166008,-0.448003,-3.927718
7124,0.084828,9.867769,0.047567,-0.477959,0.744224,-0.626059,89.149742,-0.427348,-3.904354
7125,0.086526,9.868716,0.045185,-0.323840,0.741172,-0.363600,89.136200,-0.410486,-3.879847
7126,0.090011,9.865080,0.048269,-0.293321,0.651142,-0.244578,89.125748,-0.399999,-3.856797
7127,0.079896,9.863812,0.061344,-0.258225,0.503127,-0.143867,89.116425,-0.393230,-3.837661
7128,0.088306,9.854832,0.068988,-0.207870,0.370372,0.081970,89.108551,-0.391973,-3.823120
7129,0.095900,9.858828,0.070563,-0.229233,0.287972,0.042296,89.101189,-0.393873,-3.812116
7130,0.093896,9.854497,0.072465,-0.184981,0.190313,-0.087408,89.094238,-0.392995,-3.804157
7131,0.087213,9.847074,0.077784,-0.227707,0.046876,-0.278148,89.087334,-0.386841,-3.800302
7132,0.080493,9.821462,0.078444,-0.181930,0.127750,-0.362074,89.080490,-0.376125,-3.797562
7133,0.065545,9.840118,0.091265,-0.313159,0.310861,-0.566548,89.072197,-0.360532,-3.790502
7134,0.060876,9.843436,0.079001,-0.310106,0.399364,-0.583333,89.061737,-0.341177,-3.778979
7135,0.062694,9.862474,0.066940,-0.558833,0.393261,-0.708460,89.047173,-0.319432,-3.766125
7136,0.060517,9.858571,0.080767,-0.648862,0.481764,-0.709985,89.026970,-0.295549,-3.751940
7137,0.063928,9.871614,0.089354,-0.726685,0.448194,-0.662682,89.003967,-0.272409,-3.736836
7138,0.072734,9.846844,0.067640,-0.664122,0.255927,-0.574178,88.980736,-0.251591,-3.725465
7139,0.072685,9.844325,0.090782,-0.722107,0.205572,-0.505511,88.957596,-0.233460,-3.718098
7140,0.069000,9.821991,0.119567,-0.493218,0.309335,-0.258311,88.937309,-0.220574,-3.709752
7141,0.075182,9.854612,0.107432,-0.383350,0.284920,-0.047734,88.922668,-0.215289,-3.699944
7142,0.077770,9.862314,0.103244,-0.238388,0.077394,0.107911,88.912270,-0.216178,-3.693888
7143,0.069337,9.847496,0.121080,-0.136150,0.052979,0.463451,88.906029,-0.225658,-3.691534
7144,0.068800,9.841559,0.105540,-0.038492,0.051454,0.521437,88.903107,-0.242036,-3.689481
7145,0.067143,9.867582,0.086409,-0.047648,0.101809,0.242192,88.901657,-0.254712,-3.686683
7146,0.062897,9.844005,0.105186,-0.114789,0.184209,0.182681,88.898926,-0.261700,-3.681781
7147,0.069198,9.847963,0.104929,-0.345202,0.338328,0.226933,88.891220,-0.268358,-3.672942
7148,0.078466,9.848121,0.102084,-0.419973,0.347483,-0.055363,88.878410,-0.270995,-3.661458
7149,0.077509,9.846138,0.120990,-0.638180,0.173528,-0.149970,88.860733,-0.267402,-3.652843
7150,0.081267,9.849022,0.140693,-0.670226,-0.037050,0.120118,88.838921,-0.266858,-3.650580
7151,0.086218,9.847249,0.122833,-0.497796,-0.085880,0.297126,88.819466,-0.273852,-3.652486
7152,0.090599,9.840018,0.125460,-0.348256,-0.220161,0.367318,88.805382,-0.285030,-3.657356
7153,0.086918,9.855826,0.132707,-0.212448,-0.413954,0.509229,88.796082,-0.299856,-3.667617
7154,0.090938,9.857430,0.117954,0.051537,-0.413954,0.617570,88.793480,-0.318922,-3.681018
7155,0.089623,9.859138,0.115998,0.082056,-0.322398,0.574844,88.795784,-0.339049,-3.692871
7156,0.087955,9.852918,0.130081,0.147672,-0.407850,0.696918,88.799683,-0.360496,-3.704594
7157,0.078741,9.855509,0.126293,0.202604,-0.374280,0.640459,88.805611,-0.383053,-3.717162
7158,0.086311,9.859747,0.112202,0.259064,-0.223213,0.350533,88.813370,-0.399772,-3.726774
7159,0.085749,9.862262,0.124115,0.269744,-0.090458,0.033141,88.822220,-0.406273,-3.731870
7160,0.082599,9.848289,0.114932,0.423863,-0.078250,-0.101141,88.833786,-0.405198,-3.734703
7161,0.095445,9.862162,0.099588,0.350619,-0.066043,-0.497882,88.846718,-0.395265,-3.737310
7162,0.109307,9.853199,0.111670,0.379611,0.014831,-0.766444,88.858902,-0.374214,-3.738586
7163,0.102069,9.852218,0.124435,0.378086,0.088076,-0.607748,88.871521,-0.351281,-3.737325
7164,0.094573,9.857654,0.106452,0.399448,-0.049258,-0.366652,88.884476,-0.335031,-3.736995
7165,0.102137,9.854265,0.100451,0.260589,-0.070621,-0.259837,88.895485,-0.324630,-3.739195
7166,0.093280,9.848370,0.113921,0.262115,0.020935,-0.127082,88.904205,-0.318199,-3.740147
7167,0.085376,9.860929,0.100734,0.167508,-0.009584,-0.062993,88.911369,-0.315028,-3.740019
7168,0.094632,9.848145,0.077675,0.123256,-0.037050,-0.006534,88.916222,-0.313884,-3.740818
7169,0.100600,9.842897,0.093340,-0.001870,0.095705,0.039244,88.918236,-0.314410,-3.739830
7170,0.099032,9.839116,0.106335,-0.003396,0.077394,-0.157600,88.918137,-0.312384,-3.736983
7171,0.102556,9.850834,0.091188,-0.099529,0.065187,-0.197274,88.916405,-0.306425,-3.734719
7172,0.098257,9.830690,0.101761,0.037804,0.080446,0.036192,88.915367,-0.303695,-3.732343
7173,0.087272,9.841904,0.104428,-0.081217,0.008728,0.008726,88.914635,-0.304415,-3.730843
7174,0.088394,9.845373,0.114924,-0.130048,-0.035524,-0.055363,88.911110,-0.303647,-3.731303
7175,0.096135,9.853867,0.109983,-0.120892,0.048402,0.173525,88.906929,-0.305612,-3.731051
7176,0.093838,9.836437,0.120345,-0.000344,-0.026369,0.355110,88.904900,-0.314414,-3.730516
7178,0.094640,9.849300,0.110087,-0.217025,-0.029420,0.255925,88.901283,-0.324613,-3.731251
7179,0.098092,9.848049,0.121601,-0.296373,0.132328,0.085022,88.892715,-0.330262,-3.729426
7180,0.101909,9.844777,0.109145,-0.279587,0.187261,0.002622,88.883080,-0.331619,-3.724072
7181,0.102733,9.842662,0.103863,-0.418448,0.123172,-0.040104,88.871414,-0.330893,-3.718911
7182,0.103630,9.844617,0.114841,-0.612239,0.200994,-0.201852,88.854202,-0.326754,-3.713590
7183,0.103979,9.850467,0.135319,-0.644284,0.138431,-0.406326,88.833244,-0.316506,-3.708138
7184,0.107748,9.845600,0.127927,-0.575618,-0.006532,-0.290356,88.812897,-0.304851,-3.706178
7185,0.101710,9.835625,0.132541,-0.629026,0.063661,-0.272045,88.792824,-0.295460,-3.705422
7186,0.086421,9.843979,0.154416,-0.616818,0.086550,-0.458208,88.772041,-0.283239,-3.703178
7187,0.089284,9.862416,0.136832,-0.601559,0.033142,-0.461260,88.751724,-0.267875,-3.701514
7188,0.091787,9.844844,0.129929,-0.687009,0.117068,-0.326978,88.730240,-0.254686,-3.699300
7189,0.089602,9.839441,0.145808,-0.734314,0.159794,-0.359022,88.706528,-0.243152,-3.694942
7190,0.090441,9.850091,0.152185,-0.682433,0.078920,-0.429215,88.682899,-0.229927,-3.691264
7191,0.094250,9.846996,0.131655,-0.893010,0.101809,-0.569600,88.656624,-0.213215,-3.688638
7192,0.081883,9.828336,0.143284,-0.867069,0.074342,-0.771022,88.627289,-0.190808,-3.686233
7193,0.081099,9.847540,0.145635,-0.740418,0.114016,-0.999911,88.600494,-0.161224,-3.683808
7194,0.074619,9.867764,0.159930,-0.770937,0.210150,-0.848844,88.575302,-0.130288,-3.679166
7195,0.062965,9.874953,0.154521,-0.709899,0.115542,-0.565022,88.550591,-0.106595,-3.674330
7196,0.064751,9.864071,0.157832,-0.481010,0.019409,-0.287304,88.530746,-0.092337,-3.672444
7197,0.070286,9.865669,0.171786,-0.601559,0.193365,-0.011111,88.512703,-0.087274,-3.669028
7198,0.065447,9.858779,0.181837,-0.735840,0.089602,0.303229,88.490410,-0.092017,-3.664187
7199,0.069534,9.849834,0.173015,-0.783143,0.004150,0.294074,88.465088,-0.101927,-3.662360
7200,0.072741,9.838179,0.178282,-0.981514,0.115542,0.236089,88.435669,-0.110706,-3.660127
7201,0.072646,9.826953,0.187826,-0.979989,0.246772,0.083496,88.402962,-0.115864,-3.653943
7202,0.065536,9.838799,0.187067,-0.827395,0.208624,-0.369704,88.372826,-0.110883,-3.646491
7203,0.062581,9.857912,0.199019,-0.622922,0.272713,-0.520770,88.348640,-0.095818,-3.638895
7204,0.060253,9.857141,0.194881,-0.394033,0.222357,-0.464311,88.331688,-0.079168,-3.631123
7205,0.069206,9.856866,0.197816,-0.320787,0.075868,-0.519245,88.319763,-0.062637,-3.626633
7206,0.064109,9.867783,0.225414,-0.505425,-0.088932,-0.420059,88.305992,-0.046995,-3.627311
7207,0.072857,9.861709,0.231732,-0.645810,-0.169806,0.167422,88.286804,-0.042914,-3.631747
7208,0.074804,9.844913,0.220962,-0.978461,-0.214057,0.457347,88.259743,-0.053515,-3.637829
7209,0.068805,9.842489,0.223750,-1.311114,-0.337657,0.260503,88.221596,-0.065756,-3.646653
7210,0.059327,9.829369,0.237467,-1.279069,-0.159124,0.019407,88.178436,-0.070679,-3.654782
7211,0.070461,9.856345,0.237003,-1.370625,0.170476,-0.273571,88.134262,-0.066439,-3.654727
7212,0.075573,9.866462,0.238398,-1.527795,0.190313,-0.468889,88.085960,-0.053875,-3.649125
7213,0.082866,9.869674,0.262141,-1.517114,0.088076,-0.711511,88.035202,-0.034056,-3.645153
7214,0.086462,9.879279,0.278090,-1.739899,0.107913,-0.534504,87.980919,-0.013187,-3.642609
7215,0.086135,9.910583,0.295484,-2.541009,-0.139287,0.168948,87.909576,-0.007117,-3.643351
7216,0.080309,9.873809,0.311973,-3.368061,-0.389539,0.983792,87.811089,-0.026644,-3.651445
7217,0.072458,9.856353,0.367905,-5.000802,-0.568072,1.125703,87.671616,-0.062403,-3.666013
7218,0.078341,9.862588,0.395110,-7.735259,-1.141820,1.385110,87.459389,-0.105422,-3.692705
7219,0.104476,9.856383,0.469467,-10.837465,-1.801020,2.087036,87.149963,-0.165530,-3.738972
7220,0.132866,9.847227,0.531339,-14.591242,-2.304576,2.807273,86.726379,-0.250635,-3.802947
7221,0.148822,9.845622,0.625865,-19.164440,-2.650961,3.379495,86.164192,-0.358671,-3.878985
7222,0.162001,9.832705,0.724705,-24.839355,-2.486161,3.710621,85.431396,-0.482803,-3.955702
7223,0.171466,9.836308,0.883570,-31.083445,-0.993806,3.504621,84.499855,-0.607716,-4.002889
7224,0.183951,9.817245,1.072186,-36.999458,0.829675,2.364755,83.365166,-0.705389,-3.995187
7225,0.185959,9.766914,1.295631,-39.651516,2.445631,0.394785,82.087036,-0.744226,-3.935062
7226,0.185032,9.746727,1.544017,-39.772068,3.991393,-1.135719,80.762192,-0.716130,-3.830616
7227,0.188232,9.738382,1.776905,-36.970463,4.867274,-1.515674,79.481697,-0.647396,-3.692582
7228,0.181090,9.689862,1.984274,-32.848938,4.618548,-1.622489,78.316658,-0.565745,-3.547461
7229,0.155862,9.637464,2.151798,-29.229445,4.136355,-1.578237,77.280922,-0.482796,-3.416096
7230,0.119193,9.596320,2.380063,-28.484793,3.822016,-1.324933,76.318192,-0.405406,-3.298007
7231,0.116379,9.576591,2.463686,-28.425280,3.219275,-1.521778,75.369102,-0.330696,-3.195845
7232,0.094675,9.542556,2.617856,-30.393726,2.784386,-2.220652,74.388458,-0.244344,-3.115523
7233,0.080939,9.475649,2.860816,-30.871340,2.418164,-2.611288,73.367264,-0.142856,-3.054566
7234,0.067033,9.450140,3.031615,-29.865755,1.499557,-2.840177,72.355011,-0.036765,-3.018934
7235,0.080397,9.442163,3.086705,-28.435963,1.034149,-2.707422,71.383400,0.064303,-3.007572
7236,0.049602,9.384138,3.297763,-29.592615,0.168950,-2.399185,70.416321,0.151308,-3.016484
7237,0.023819,9.295241,3.507418,-28.904423,-0.195747,-1.939881,69.441376,0.219123,-3.041768
7238,0.012666,9.261055,3.593334,-30.219770,-0.091984,-1.613333,68.455948,0.272677,-3.067550
7239,-0.002496,9.192144,3.735051,-31.109386,0.529068,-1.779659,67.433792,0.327800,-3.082055
7240,-0.045722,9.085609,3.966724,-31.611414,0.976164,-2.203866,66.388519,0.398667,-3.084988
7241,-0.074948,8.984435,4.143688,-30.651609,1.583483,-2.188607,65.350960,0.482891,-3.075942
7242,-0.082173,8.886361,4.287304,-30.306749,1.499557,-2.629599,64.335197,0.577369,-3.063546
7243,-0.104737,8.766494,4.418401,-30.956793,0.567216,-3.751155,63.314049,0.688013,-3.079514
7244,-0.136669,8.703275,4.638850,-31.884554,0.143009,-3.922058,62.266167,0.807247,-3.127426
7245,-0.136415,8.642769,4.758414,-31.455772,-0.468887,-3.027865,61.209713,0.906720,-3.187070
7246,-0.126358,8.566221,4.853369,-30.589045,-0.709983,-2.220652,60.174736,0.973382,-3.247103
7247,-0.137819,8.483054,4.993379,-29.375931,-0.502457,-1.312726,59.174595,1.013996,-3.294339
7248,-0.146903,8.440343,5.153944,-25.658781,0.143009,0.312385,58.257168,1.025088,-3.308162
7249,-0.133179,8.340017,5.216605,-23.652187,0.419201,1.472088,57.435795,1.004806,-3.284465
7250,-0.136543,8.242408,5.349445,-23.279860,0.445142,1.501081,56.654305,0.971010,-3.245469
7251,-0.140753,8.192587,5.545663,-23.600306,0.602313,0.924281,55.873634,0.947088,-3.208500
7252,-0.132085,8.161358,5.651212,-24.795107,0.904446,0.506177,55.067646,0.941694,-3.174263
7253,-0.133111,8.042553,5.758476,-26.259995,1.292031,0.255926,54.217396,0.952521,-3.137023
7254,-0.129552,7.982543,5.923890,-26.958866,1.429364,0.220829,53.331165,0.972908,-3.095711
7255,-0.110426,7.880124,6.039314,-26.911564,1.540757,0.461926,52.434177,0.993701,-3.049361
7256,-0.119141,7.766496,6.125460,-26.641474,1.353068,0.497022,51.542526,1.010793,-3.001523
7257,-0.129869,7.688941,6.233296,-25.228466,1.023468,0.422252,50.678802,1.023741,-2.961080
7258,-0.106952,7.651633,6.346107,-24.460926,0.854090,0.689288,49.851341,1.029512,-2.925179
7259,-0.121748,7.536201,6.474443,-23.884127,0.770164,0.806785,49.046288,1.028161,-2.888413
7260,-0.135035,7.473239,6.579065,-23.568262,0.231513,0.387155,48.255920,1.024250,-2.862741
7261,-0.124867,7.415943,6.663855,-22.823608,-0.105717,0.359688,47.482937,1.016464,-2.852838
7262,-0.115510,7.313422,6.757895,-22.515373,-0.264413,0.591629,46.727428,1.000664,-2.846576
7263,-0.139455,7.188413,6.855961,-21.949253,-0.580279,-0.075200,45.986320,0.984718,-2.850841
7264,-0.121517,7.143638,6.878443,-21.285477,-1.628590,-0.938874,45.265118,0.971091,-2.888965
7265,-0.123922,7.076101,7.015207,-22.950260,-1.488205,-1.465319,44.526791,0.962648,-2.954029
7266,-0.114718,6.979257,7.105977,-23.238663,-1.334087,-1.999392,43.755756,0.969114,-3.028208
7267,-0.104700,6.871057,7.218478,-23.491964,-1.312724,-2.409866,42.975521,0.987518,-3.111904
7268,-0.115191,6.794662,7.308240,-23.075386,-1.414961,-2.435807,42.197857,1.008712,-3.202120
7269,-0.129426,6.664233,7.437343,-22.423817,-0.789331,-2.295422,41.438099,1.033916,-3.285395
7270,-0.118469,6.599864,7.473000,-20.017433,-0.218635,-2.170296,40.729546,1.070139,-3.352521
7271,-0.130366,6.497593,7.577980,-18.766172,0.387157,-1.997867,40.082191,1.117293,-3.403581
7272,-0.150545,6.433368,7.585717,-17.762114,0.696920,-2.151985,39.472576,1.175409,-3.445163
7273,-0.150080,6.346292,7.665821,-18.168013,1.380535,-2.582295,38.872921,1.252089,-3.484451
7274,-0.165470,6.276903,7.704747,-18.685299,1.971068,-3.230814,38.257790,1.356156,-3.525358
7275,-0.197602,6.168516,7.805638,-19.294142,2.428845,-3.816770,37.623634,1.486209,-3.572882
7276,-0.228433,6.092061,7.858640,-20.539299,2.544816,-4.167732,36.958252,1.632783,-3.628522
7277,-0.249777,5.995842,7.955843,-22.492485,2.636371,-4.620932,36.239109,1.789439,-3.694659
7278,-0.285895,5.893287,8.018931,-23.491964,2.260994,-5.209940,35.469959,1.951563,-3.779695
7279,-0.325011,5.757565,8.192183,-24.976686,1.162327,-5.373213,34.658257,2.099619,-3.891364
7281,-0.332816,5.602251,8.272537,-27.390705,-0.497880,-4.768947,33.780510,2.203861,-4.025060
7282,-0.335214,5.425880,8.356173,-28.913580,-1.869687,-4.665184,32.836220,2.257225,-4.178365
7283,-0.325105,5.228807,8.457676,-30.544796,-2.681479,-4.587362,31.838577,2.275648,-4.349440
7284,-0.303998,5.067097,8.560019,-31.547327,-2.626546,-3.763361,30.797255,2.272419,-4.514492
7285,-0.282702,4.886685,8.599387,-31.753326,-1.500413,-3.241496,29.736971,2.271789,-4.650113
7286,-0.291386,4.743915,8.678492,-30.958319,-0.430739,-3.323895,28.687435,2.297019,-4.761348
7287,-0.297108,4.590180,8.796718,-31.664824,1.044831,-2.811184,27.640335,2.354272,-4.846646
7288,-0.320681,4.448815,8.884707,-30.497490,2.334238,-1.988710,26.602482,2.440769,-4.892130
7289,-0.335948,4.267888,9.001498,-30.523428,2.759971,-1.553822,25.584866,2.542883,-4.907756
7290,-0.334941,4.123056,9.075481,-31.193312,2.888149,-0.711511,24.556597,2.644096,-4.902045
7291,-0.351564,3.922989,9.154454,-31.298603,2.906460,0.130800,23.516579,2.736170,-4.871537
7292,-0.379495,3.762834,9.196135,-30.499012,2.318979,0.408518,22.488756,2.812756,-4.829209
7293,-0.378609,3.606673,9.281590,-31.008671,1.563646,0.498548,21.465609,2.867095,-4.790974
7294,-0.386142,3.439788,9.337153,-30.875916,1.736075,0.593155,20.436136,2.911959,-4.754331
7295,-0.408955,3.305583,9.415017,-30.146526,1.656727,-0.088934,19.420582,2.962239,-4.727115
7296,-0.408688,3.165773,9.459814,-29.345415,1.877986,-0.847319,18.429361,3.023070,-4.722749
7297,-0.388622,3.019338,9.518481,-28.237591,1.685720,-1.067052,17.469082,3.089447,-4.734779
7298,-0.394303,2.866446,9.539099,-27.286942,1.375957,-1.242533,16.542549,3.149517,-4.756699
7299,-0.402769,2.727096,9.573613,-26.568230,0.616046,-1.314252,15.643270,3.193243,-4.788498
7300,-0.402969,2.573630,9.580112,-25.683195,0.352061,-0.757289,14.770844,3.217887,-4.817670
7301,-0.406523,2.443509,9.639759,-25.271194,0.136905,0.132326,13.921198,3.228334,-4.825778
7302,-0.415573,2.304429,9.664381,-25.350542,-0.111821,0.623674,13.078247,3.225749,-4.813436
7303,-0.412743,2.175627,9.711971,-25.069773,-0.598591,0.739644,12.239055,3.209192,-4.793852
7304,-0.406483,2.046505,9.720460,-24.933964,-0.398694,1.012785,11.407114,3.186940,-4.768664
7305,-0.396453,1.896337,9.771964,-24.618099,-0.542131,1.220310,10.583153,3.164431,-4.735061
7306,-0.384846,1.746708,9.795901,-23.774260,-0.789331,1.047881,9.778491,3.135898,-4.701738
7307,-0.369401,1.614779,9.827579,-22.587090,-0.635213,1.037199,9.007497,3.106814,-4.671298
7308,-0.369230,1.509688,9.844336,-21.666958,-0.206428,1.099762,8.271757,3.087594,-4.638142
7309,-0.359478,1.404321,9.861990,-20.673580,-0.679465,0.637407,7.567548,3.068973,-4.611441
7310,-0.356988,1.289891,9.868087,-20.900944,-0.670309,0.298651,6.875340,3.044720,-4.598798
7311,-0.354688,1.193234,9.852809,-20.644587,-0.623006,0.211674,6.183259,3.022355,-4.592787
7312,-0.361827,1.075346,9.873681,-20.302780,-0.275095,-0.015689,5.500920,3.007136,-4.591055
7313,-0.350007,0.916949,9.891376,-20.618649,0.025513,0.011778,4.818900,3.003009,-4.591477
7314,-0.346170,0.791377,9.898125,-20.847534,0.492446,0.204044,4.128048,3.011333,-4.587198
7315,-0.350160,0.691160,9.907445,-20.203594,0.591631,0.260503,3.444361,3.028838,-4.578244
7316,-0.352863,0.601848,9.908086,-19.184277,0.597735,0.307807,2.788481,3.048112,-4.567689
7317,-0.353804,0.487391,9.936653,-18.560175,0.368846,0.422252,2.160115,3.063678,-4.554818
7318,-0.365667,0.397235,9.924599,-17.144115,0.313913,0.544326,1.565944,3.074521,-4.538333
7319,-0.362748,0.327109,9.940963,-16.132425,0.265083,0.464977,1.012266,3.083783,-4.521276
7320,-0.346952,0.231771,9.927855,-15.386249,0.155217,0.298651,0.487659,3.090623,-4.508441
7321,-0.344574,0.108205,9.942646,-15.615138,0.103335,-0.017215,-0.028765,3.094918,-4.503729
7322,-0.333504,0.034473,9.902891,-15.013923,0.046876,0.161318,-0.539109,3.097446,-4.501340
7323,-0.325996,-0.042864,9.924054,-14.806397,-0.389539,0.292548,-1.035691,3.091833,-4.493688
7324,-0.331999,-0.128278,9.925349,-13.773346,-0.737450,0.777792,-1.511029,3.073446,-4.475426
7325,-0.331153,-0.191665,9.928886,-11.855256,-0.699302,1.331703,-1.936247,3.050550,-4.439526
7326,-0.324798,-0.223620,9.952333,-9.657925,-0.848842,1.858147,-2.291924,3.026705,-4.385373
7327,-0.326236,-0.269363,9.955668,-7.590297,-0.702354,1.913081,-2.576026,3.003522,-4.321397
7328,-0.319072,-0.289268,9.952109,-4.849735,-0.203376,1.781851,-2.780099,2.991310,-4.259091
7329,-0.313282,-0.300561,9.952361,-2.270920,-0.154546,1.559066,-2.895854,2.988098,-4.203101
7330,-0.309852,-0.309894,9.956542,-0.334521,-0.270517,1.209629,-2.936856,2.983363,-4.156593
7331,-0.299791,-0.329812,9.943034,1.449285,-0.398695,0.924281,-2.916399,2.974034,-4.120457
7332,-0.290130,-0.326138,9.942839,3.403996,-0.836635,0.768637,-2.833999,2.954882,-4.091206
7333,-0.288277,-0.293418,9.940145,4.336336,-1.234902,0.622148,-2.703721,2.921511,-4.066353
7334,-0.289774,-0.286540,9.945887,4.276825,-1.639272,0.359688,-2.559230,2.874408,-4.047782
7335,-0.286137,-0.266379,9.922769,4.113551,-2.034487,0.091125,-2.418887,2.813560,-4.037599
7336,-0.283234,-0.230621,9.902011,3.593211,-1.871212,-0.279674,-2.290465,2.748388,-4.038060
7337,-0.273113,-0.191847,9.910540,2.119167,-1.706413,-0.719141,-2.195940,2.688152,-4.052376
7338,-0.261072,-0.193436,9.899796,1.527108,-1.666738,-0.987704,-2.136392,2.630893,-4.078701
7339,-0.248122,-0.178166,9.901201,1.461493,-1.274576,-0.970919,-2.087986,2.580700,-4.109546
7340,-0.242556,-0.174847,9.911296,1.337893,-1.030428,-0.879363,-2.042646,2.541196,-4.139009
7341,-0.237161,-0.172722,9.917655,1.266175,-1.143346,-0.699304,-2.000348,2.504061,-4.164051
7342,-0.234918,-0.176189,9.915053,1.459967,-1.150976,-0.522296,-1.955737,2.465143,-4.183096
7343,-0.229596,-0.153744,9.931726,1.171567,-1.022798,-0.389541,-1.912475,2.428422,-4.197075
7344,-0.217935,-0.155735,9.914349,1.273804,-1.175390,-0.369704,-1.872199,2.391388,-4.208523
7345,-0.209931,-0.143666,9.904102,1.435552,-1.218117,-0.401748,-1.827522,2.351101,-4.220094
7346,-0.203288,-0.132467,9.906366,1.293641,-0.935820,-0.459733,-1.782574,2.314768,-4.233326
7347,-0.202105,-0.114867,9.906828,1.325685,-0.644369,-0.378859,-1.739448,2.288014,-4.246499
7348,-0.213683,-0.123434,9.894829,1.995566,-0.409376,-0.244578,-1.684486,2.270149,-4.256369
7349,-0.218079,-0.083368,9.911527,2.378574,0.048402,0.081970,-1.611685,2.264059,-4.258908
7350,-0.221154,-0.063506,9.931187,2.738692,0.527542,0.463451,-1.526047,2.273904,-4.250079
7351,-0.225927,-0.057655,9.932291,3.375003,0.670979,0.898340,-1.423268,2.294459,-4.227890
7352,-0.217380,-0.026242,9.940808,4.289032,0.371898,1.287451,-1.294086,2.312701,-4.191853
7353,-0.210289,-0.008142,9.946920,4.957388,-0.218635,1.578903,-1.138052,2.316270,-4.144102
7354,-0.217279,0.003647,9.920616,5.503669,-0.714561,1.462933,-0.961648,2.301650,-4.093081
7355,-0.211077,0.039439,9.912452,5.451788,-1.202857,1.316444,-0.777191,2.270396,-4.046235
7356,-0.198804,0.078662,9.929453,5.264099,-1.431746,1.121125,-0.596979,2.226975,-4.005047
7357,-0.196240,0.079785,9.916483,5.276306,-1.393598,0.829673,-0.420040,2.180175,-3.972090
7358,-0.183020,0.117585,9.893136,4.905506,-1.262368,0.449718,-0.249531,2.136030,-3.950493
7359,-0.168858,0.158245,9.910771,4.049462,-1.105198,-0.134711,-0.100085,2.096583,-3.945120
7360,-0.156800,0.165838,9.915190,4.427892,-0.882413,-0.062993,0.041083,2.063448,-3.948399
7361,-0.158706,0.185100,9.929089,4.664410,-1.269998,-0.102667,0.192520,2.027582,-3.951239
7362,-0.171001,0.226166,9.943832,4.478247,-1.840694,-0.624533,0.344466,1.975793,-3.963605
7363,-0.165020,0.262581,9.959281,4.455358,-2.580768,-0.908356,0.492474,1.902285,-3.989698
7364,-0.148632,0.290012,9.925653,5.528084,-2.769983,-0.827481,0.657898,1.813398,-4.019529
7365,-0.141833,0.303161,9.923336,5.116084,-2.740990,-1.175393,0.834234,1.721995,-4.054126
7366,-0.116762,0.326975,9.881077,4.142544,-2.368664,-1.378341,0.987254,1.637516,-4.098053
7367,-0.096530,0.340261,9.895271,2.181729,-1.349346,-1.241008,1.091400,1.576346,-4.142841
7368,-0.093624,0.341051,9.866763,1.014397,0.524490,-1.021274,1.143625,1.563331,-4.180820
7369,-0.105988,0.317305,9.917446,-1.210402,1.786431,-0.810697,1.139531,1.602445,-4.210597
7370,-0.121895,0.338427,9.902166,-3.259720,2.152653,-0.595541,1.064392,1.668530,-4.232782
7371,-0.143336,0.311081,9.928472,-4.246995,2.616534,-0.270519,0.938890,1.748252,-4.245839
7372,-0.147072,0.316740,9.898626,-4.456046,2.657734,0.359688,0.793925,1.836120,-4.243023
7373,-0.156367,0.287008,9.950223,-4.265305,1.055512,0.574844,0.649098,1.897799,-4.226662
7374,-0.156072,0.278604,9.912048,-4.053201,0.492446,0.959377,0.511315,1.923337,-4.200834
7375,-0.162658,0.226637,9.955310,-2.872136,0.513809,1.209629,0.397115,1.939816,-4.164536
7376,-0.169590,0.250710,9.938137,-0.430654,-0.001954,1.183688,0.343424,1.948083,-4.124569
7377,-0.173054,0.232607,9.955469,2.468603,-0.127080,1.191318,0.378733,1.945677,-4.084979
7378,-0.177824,0.285963,9.925615,3.962484,0.814416,1.734547,0.487582,1.956755,-4.036100
7379,-0.180123,0.290667,9.905318,5.634899,0.631305,2.267095,0.649841,1.980186,-3.969138
7380,-0.175785,0.321367,9.855799,6.571817,0.274238,3.001065,0.856337,1.994121,-3.881085
7381,-0.168514,0.369785,9.886787,5.476203,0.420727,3.696887,1.061036,2.003839,-3.769201
7382,-0.164879,0.421738,9.934210,3.895344,-0.069095,4.113465,1.221790,2.007125,-3.638861
7384,-0.156628,0.409478,9.939449,4.304292,-1.054843,4.214176,1.363267,1.985286,-3.500437
7385,-0.154500,0.459410,9.951060,3.382633,-2.504472,4.533095,1.496294,1.922342,-3.356082
7386,-0.130788,0.556043,9.975004,2.346529,-3.427657,4.345406,1.596512,1.819528,-3.210734
7387,-0.109116,0.524044,9.983424,1.484381,-3.580249,4.052428,1.664544,1.698804,-3.074072
7388,-0.096109,0.497847,9.928652,0.800767,-3.021760,3.439006,1.706110,1.585154,-2.952447
7389,-0.080790,0.544612,9.866280,-2.580684,-1.651479,2.535658,1.679068,1.504364,-2.855175
7390,-0.074506,0.542684,9.873146,-4.584223,0.774742,1.838310,1.561550,1.487722,-2.782670
7391,-0.085404,0.430182,9.942862,-5.144239,2.358653,1.697925,1.401014,1.538420,-2.722358
7392,-0.118224,0.403020,9.942811,-5.530297,2.549394,1.499555,1.224634,1.618982,-2.667169
7393,-0.114556,0.196733,10.008671,-6.624386,2.180120,1.562118,1.023580,1.696795,-2.614582
7394,-0.113124,0.161800,10.052762,-5.660001,0.277290,1.066192,0.820171,1.737045,-2.570116
7395,-0.091331,0.165867,10.058932,-4.275987,-2.231331,0.967007,0.655572,1.704048,-2.536662
7396,-0.043221,0.197092,9.896692,-3.252091,-4.616352,1.427836,0.531210,1.589512,-2.497950
7397,0.017866,0.140761,9.760560,-2.159528,-5.763849,2.390695,0.442644,1.415967,-2.435789
7398,0.030834,0.310385,9.648091,-1.091380,-4.974945,2.479199,0.390317,1.236391,-2.355927
7399,0.023580,0.312883,9.726763,-1.485069,-2.455642,3.233006,0.349317,1.111930,-2.261516
7400,0.019025,0.210797,9.838020,-0.690063,-0.409376,3.289465,0.315148,1.063550,-2.153056
7401,-0.021795,0.178157,9.960630,-0.882329,0.730490,2.120606,0.290636,1.068419,-2.062843
7402,-0.053213,0.245308,10.064500,-1.105114,0.988372,0.532118,0.258358,1.096858,-2.018485
7403,-0.042654,0.279256,10.080880,-0.191083,-0.139287,-0.276623,0.236842,1.110996,-2.014164
7404,0.004980,0.245398,9.966743,1.133420,-1.624013,-0.363600,0.252342,1.081654,-2.024963
7405,0.041549,0.255905,9.836156,1.272278,-1.965820,-0.467363,0.292178,1.021891,-2.039100
7406,0.057759,0.306998,9.791384,0.942678,-0.897672,-0.429215,0.328829,0.974248,-2.054303
7407,0.064409,0.305191,9.814765,0.741256,0.721335,-0.032474,0.356763,0.971355,-2.062018
7408,0.039015,0.205822,9.956006,-0.390981,1.711660,0.770162,0.362817,1.011827,-2.049470
7409,0.005885,0.165225,10.017076,-0.734314,1.641468,0.269659,0.344381,1.067606,-2.031797
7410,-0.022841,0.227366,10.011229,-1.793305,0.907498,-0.462785,0.302200,1.110107,-2.034778
7411,-0.038689,0.183501,10.022973,-1.930640,0.478713,-0.542134,0.239810,1.133292,-2.051426
7412,-0.038609,0.139884,9.992830,-2.364003,-0.169806,-0.931245,0.167747,1.138528,-2.075971
7413,-0.020929,0.183473,9.885079,-2.209884,-0.423109,-1.993289,0.090552,1.128757,-2.124749
7414,-0.011723,0.240009,9.889693,-3.064402,0.146061,-2.512103,0.001171,1.124206,-2.199858
7415,-0.017596,0.190139,9.931276,-2.930121,0.719809,-2.000917,-0.100227,1.138571,-2.275098
7416,-0.006083,0.149206,9.937966,-2.705810,0.687765,-1.855956,-0.195454,1.161862,-2.339448
7417,-0.018170,0.149373,9.961968,-2.614254,0.309335,-1.770503,-0.285358,1.178226,-2.399970
7418,-0.030255,0.185716,9.949373,-2.615779,0.057558,-1.364607,-0.373601,1.184040,-2.452270
7419,-0.031868,0.121328,9.932744,-1.829928,0.054506,-0.507037,-0.448341,1.185682,-2.483485
7420,-0.024046,0.117070,9.951935,-1.488121,0.112491,-0.735926,-0.504072,1.188290,-2.504227
7421,-0.034613,0.159126,9.953574,-1.085277,0.220831,-1.147925,-0.547616,1.193558,-2.535681
7422,-0.024444,0.150890,9.929195,0.518470,0.570268,-1.459215,-0.557975,1.206325,-2.579267
7423,-0.031753,0.126996,9.944422,1.856707,0.745749,-1.753718,-0.519532,1.227760,-2.633031
7424,-0.036525,0.142326,9.952975,2.288544,0.579424,-1.872741,-0.451755,1.249337,-2.693670
7425,-0.033737,0.144327,9.914581,2.998099,0.423779,-2.106206,-0.365102,1.265586,-2.760118
7426,-0.037762,0.130469,9.890801,3.103389,0.349009,-2.194711,-0.265002,1.278073,-2.831885
7427,-0.045804,0.179275,9.919221,1.933004,0.579424,-2.081792,-0.182663,1.293268,-2.903237
7428,-0.046635,0.189023,9.917376,0.845019,0.770164,-1.581289,-0.137756,1.315585,-2.964369
7429,-0.060045,0.202227,9.911559,0.484900,1.131809,-1.376815,-0.116739,1.347172,-3.013757
7430,-0.072198,0.214793,9.944809,-0.169722,1.331705,-0.876311,-0.112387,1.388155,-3.051404
7431,-0.063480,0.216073,9.954364,-0.201766,1.253883,-0.534504,-0.119161,1.431198,-3.075013
7432,-0.064527,0.219909,9.939754,-0.453544,0.973113,-0.325452,-0.130449,1.468283,-3.089432
7433,-0.067509,0.211929,9.955264,-0.789248,0.420728,-0.182015,-0.151382,1.491493,-3.097950
7434,-0.061320,0.186696,9.958206,-1.222611,-0.211006,0.214725,-0.184899,1.494989,-3.097416
7435,-0.058497,0.156086,9.950135,-1.672758,-0.700828,0.423777,-0.232878,1.479830,-3.086717
7436,-0.064532,0.161772,9.964473,-2.589838,-1.060946,0.495496,-0.303526,1.450539,-3.071255
7437,-0.053888,0.134129,9.959910,-2.621884,-1.479050,0.863244,-0.389816,1.408344,-3.048346
7438,-0.043456,0.106638,9.910517,-2.269395,-1.807124,1.272192,-0.470469,1.353840,-3.012337
7439,-0.041246,0.110412,9.911511,-2.347217,-1.564502,1.223362,-0.546438,1.298015,-2.970240
7440,-0.038906,0.122331,9.895138,-2.090861,-1.387494,1.348488,-0.619441,1.249254,-2.926865
7441,-0.027254,0.071218,9.876550,-1.411825,-1.115880,1.624681,-0.676745,1.208093,-2.876832
7442,-0.027515,0.053480,9.870320,-1.199721,-0.615376,1.272192,-0.719256,1.179826,-2.828193
7443,-0.018781,0.071805,9.938399,-1.494225,0.056031,0.571792,-0.763521,1.170902,-2.797335
7444,-0.011065,0.081928,9.933576,-1.225662,-0.040102,0.110962,-0.808619,1.171326,-2.785955
7445,-0.002238,0.043683,9.932499,-1.317217,-0.001954,-0.320875,-0.851072,1.170576,-2.789444
7446,-0.004155,0.045034,9.948127,-1.501853,-0.027895,-0.586386,-0.898365,1.169849,-2.804559
7447,-0.009886,0.039425,9.960689,-1.677335,-0.337658,-0.552815,-0.951736,1.163451,-2.823448
7448,-0.015550,0.007254,9.918365,-1.175306,-0.508561,-0.404801,-0.999597,1.149078,-2.839171
7449,-0.021176,-0.013662,9.921805,-1.091380,-0.488724,-0.220163,-1.037576,1.132274,-2.849293
7450,-0.030639,-0.002690,9.935827,-0.790772,-0.401746,-0.081304,-1.069038,1.117342,-2.854044
7451,-0.015334,0.006634,9.929214,-0.584774,-0.113347,0.098755,-1.091955,1.108764,-2.853592
7452,-0.008345,-0.015907,9.915174,-0.082744,0.149113,0.171999,-1.102993,1.109446,-2.849090
7453,-0.013962,0.034493,9.948575,0.136989,0.071290,0.245244,-1.101956,1.113253,-2.842207
7454,-0.003116,0.053167,9.976926,0.478796,0.095705,0.457348,-1.091466,1.116259,-2.830550
7455,0.006591,0.041561,9.954716,0.730574,-0.287302,0.699970,-1.070933,1.113431,-2.811201
7456,-0.007244,0.035774,9.947007,0.608500,-0.784754,0.597733,-1.048192,1.095966,-2.789241
7457,-0.001697,0.065801,9.948605,0.194975,-1.028902,0.532118,-1.034436,1.066086,-2.769860
7458,0.013304,0.037236,9.916408,0.002708,-1.074680,0.655718,-1.030768,1.031389,-2.749429
7459,0.005817,-0.005071,9.894560,-0.072063,-1.129613,0.609940,-1.031539,0.995037,-2.727673
7460,-0.000801,0.020014,9.905226,-0.238389,-0.867154,0.265081,-1.036454,0.962026,-2.712489
7461,0.004350,0.046237,9.913212,-0.204817,-0.630635,0.065185,-1.043743,0.937167,-2.706531
7462,0.007579,0.040408,9.919670,0.101893,-0.453628,0.112489,-1.045405,0.919153,-2.703240
7463,0.008620,0.027962,9.917789,0.295687,-0.169806,-0.021793,-1.038751,0.908792,-2.701540
7464,0.015180,0.054284,9.919293,0.329257,0.027039,-0.154548,-1.028382,0.906360,-2.704436
7465,0.020895,0.049210,9.927121,0.433019,0.097231,-0.180489,-1.015766,0.908331,-2.710056
7466,0.024086,0.036866,9.917207,0.606975,0.303231,-0.275096,-0.998556,0.914871,-2.717767
7467,0.022163,0.057580,9.922305,0.675641,0.484816,-0.410904,-0.977366,0.927806,-2.729427
7468,0.014998,0.082053,9.946941,0.774826,0.484816,-0.479571,-0.953439,0.943714,-2.744540
7469,0.009185,0.058738,9.940503,0.988456,0.497024,-0.395645,-0.924297,0.959836,-2.759395
7470,0.003872,0.058828,9.934623,0.980826,0.359690,-0.374282,-0.891696,0.973910,-2.772453
7471,0.002592,0.070748,9.928426,0.960989,0.237616,-0.398697,-0.859555,0.983667,-2.785488
7472,0.011821,0.061561,9.920662,0.927419,-0.018739,-0.476519,-0.828333,0.987100,-2.800129
7473,0.007546,0.048745,9.913625,0.545937,-0.212532,-0.532978,-0.804065,0.983006,-2.816899
7474,0.009052,0.092781,9.915719,0.187345,-0.194221,-0.883941,-0.792246,0.975898,-2.840421
7475,0.015623,0.087772,9.913801,0.079004,-0.156072,-0.879363,-0.788305,0.969654,-2.869730
7476,0.018446,0.081785,9.932183,-0.125470,-0.239998,-0.690148,-0.789519,0.962693,-2.895799
7477,0.012401,0.088918,9.920127,-0.128522,-0.166754,-0.557393,-0.794098,0.955627,-2.916498
7478,0.018450,0.081550,9.915072,-0.093425,-0.195746,-0.491778,-0.798087,0.949343,-2.933901
7479,0.008236,0.062643,9.918787,0.065270,-0.375806,-0.383437,-0.798794,0.939615,-2.948355
7480,0.013020,0.074473,9.933307,0.022545,-0.185065,-0.398697,-0.797541,0.930086,-2.961261
7481,0.020523,0.093249,9.934965,-0.059855,-0.189643,-0.377334,-0.798370,0.923662,-2.974109
7482,0.014862,0.052178,9.935561,0.185820,-0.529924,-0.366652,-0.796467,0.911497,-2.986342
7483,0.019123,0.059450,9.915015,0.239226,-0.561969,-0.485674,-0.789602,0.893105,-3.000297
7484,0.029211,0.084138,9.922974,-0.159040,-0.531450,-0.325452,-0.788471,0.874696,-3.013564
7485,0.021126,0.087709,9.923180,-0.131574,-0.651998,-0.284252,-0.793463,0.854833,-3.023453
7487,0.016229,0.062698,9.921462,-0.041544,-0.589435,-0.241526,-0.796473,0.834023,-3.031929
7488,0.023408,0.080352,9.913237,-0.126996,-0.253732,-0.157600,-0.799376,0.819879,-3.038386
7489,0.024016,0.100012,9.944051,-0.261276,0.056031,-0.154548,-0.805920,0.816512,-3.043542
7490,0.033273,0.074340,9.942350,0.037804,0.168950,-0.211008,-0.809733,0.820175,-3.049687
7491,0.030024,0.056252,9.927271,0.231596,0.249824,-0.279674,-0.805362,0.827039,-3.057963
7492,0.030191,0.085245,9.928893,0.344515,0.397838,-0.436845,-0.795936,0.837665,-3.070057
7493,0.019927,0.091041,9.953999,0.227019,0.284920,-0.432267,-0.786626,0.848844,-3.084699
7494,0.012929,0.077693,9.927995,0.342989,0.074342,-0.166756,-0.777275,0.854694,-3.094765
7495,0.009868,0.085526,9.924667,0.167508,0.210150,-0.082830,-0.768830,0.859380,-3.098988
7496,0.014515,0.096146,9.933042,0.011864,0.233038,0.078918,-0.765843,0.866764,-3.099153
7497,0.014231,0.086452,9.928842,-0.007974,0.034668,0.217777,-0.765704,0.871292,-3.094267
7498,0.017237,0.103092,9.937052,-0.143781,0.086550,0.103333,-0.768152,0.873384,-3.088942
7499,0.020113,0.102801,9.937467,-0.030861,0.126224,0.088074,-0.771015,0.876973,-3.085800
7500,0.013830,0.085944,9.923775,0.050012,-0.166754,0.120118,-0.770643,0.876344,-3.082321
7501,0.015411,0.107116,9.917970,0.072900,-0.253731,-0.050786,-0.768575,0.869352,-3.081071
7502,0.017090,0.092584,9.932495,0.315522,-0.142339,-0.082830,-0.762134,0.862721,-3.083210
7503,0.020252,0.085514,9.927869,0.668011,-0.117924,-0.021793,-0.745767,0.858361,-3.084897
7504,0.029232,0.112045,9.953155,0.747360,-0.316294,-0.159126,-0.722221,0.851086,-3.087820
7505,0.031600,0.119964,9.947274,1.365359,-0.487198,-0.220163,-0.687100,0.837618,-3.093976
7506,0.023816,0.113685,9.935941,1.891803,-0.580280,-0.308667,-0.632938,0.819726,-3.102586
7507,0.027383,0.152431,9.924708,2.068811,-0.481095,-0.386489,-0.567089,0.801916,-3.113987
7508,0.033105,0.158970,9.928894,2.399937,-0.432265,-0.319348,-0.492772,0.786585,-3.125612
7509,0.030485,0.141746,9.902376,3.144588,-0.268991,-0.331556,-0.400509,0.774814,-3.136370
7510,0.036167,0.180092,9.928659,3.071344,-0.182013,-0.406326,-0.297076,0.767223,-3.148625
7511,0.043649,0.204600,9.951634,2.814988,-0.238472,-0.281200,-0.199123,0.760165,-3.160055
7512,0.038473,0.213297,9.944410,2.976737,-0.355969,-0.278148,-0.102716,0.750234,-3.169352
7513,0.039378,0.236399,9.933528,3.016411,-0.522294,-0.328504,-0.002962,0.735587,-3.179449
7514,0.041191,0.261684,9.949769,2.607463,-0.647420,-0.282726,0.090641,0.716099,-3.189651
7515,0.034765,0.259804,9.931220,2.769211,-0.549761,-0.272045,0.180137,0.696168,-3.198943
7516,0.041594,0.277736,9.930459,2.436559,-0.539080,-0.291882,0.266787,0.678058,-3.208414
7517,0.047807,0.294683,9.940534,1.929952,-0.619954,-0.259837,0.339453,0.658789,-3.217712
7518,0.046875,0.290490,9.925705,2.219878,-0.798487,-0.240000,0.408521,0.635203,-3.226197
7519,0.044008,0.290315,9.925171,2.254974,-0.893094,-0.308667,0.483001,0.607082,-3.235560
7520,0.054106,0.318236,9.946257,1.900959,-0.922087,-0.127082,0.552188,0.576896,-3.243096
7521,0.058882,0.319549,9.937784,2.837877,-0.998384,0.178104,0.631174,0.544881,-3.242574
7522,0.071260,0.311619,9.935016,3.548959,-0.963287,0.284918,0.737690,0.512099,-3.235250
7523,0.078991,0.334797,9.933053,3.581003,-0.944976,0.271185,0.856599,0.480169,-3.226427
7524,0.085621,0.370102,9.920559,4.722395,-0.944976,0.605363,0.995103,0.448438,-3.212329
7525,0.092035,0.452494,9.935787,6.934987,-0.925139,0.364266,1.189511,0.416969,-3.196767
7526,0.106595,0.497653,9.980290,10.436986,-0.941924,-0.127082,1.479065,0.385762,-3.193545
7527,0.112155,0.590497,9.977523,15.409977,-1.045687,-0.026371,1.909819,0.352715,-3.197089
7528,0.105862,0.699982,9.956909,21.242064,-1.227272,-0.149971,2.520648,0.314979,-3.201498
7529,0.100377,0.822906,9.925072,26.042625,-1.207435,-0.862578,3.308599,0.275310,-3.220424
7530,0.075853,0.856285,9.939130,27.866106,0.085024,-2.216074,4.206778,0.259973,-3.272865
7531,0.045265,1.053827,9.844243,28.525307,1.281349,-3.056859,5.146152,0.289759,-3.358686
7532,0.021700,1.231132,9.850031,28.960196,2.459364,-4.237925,6.103510,0.363670,-3.473647
7533,0.013001,1.420856,9.877387,30.499853,3.117038,-4.727746,7.093422,0.473087,-3.611485
7534,0.026361,1.626139,9.888960,31.773996,2.654682,-4.463762,8.129936,0.588701,-3.750617
7535,0.037376,1.889370,9.787204,34.410797,0.722861,-2.979037,9.231669,0.663089,-3.864691
7536,0.014976,2.080524,9.772975,36.277004,-1.001435,-1.866637,10.408751,0.672399,-3.944869
7537,0.001666,2.285093,9.704052,37.482487,-2.379346,-0.265941,11.637425,0.623970,-3.990360
7538,0.019758,2.473730,9.634410,38.350739,-2.495316,1.156221,12.901136,0.541557,-3.992978
7539,0.004207,2.682052,9.559052,39.887348,-1.454635,2.251836,14.205287,0.464383,-3.953154
7540,0.008946,2.884619,9.504318,41.253048,-0.310191,3.075836,15.558038,0.413281,-3.874979
7541,0.042719,3.082814,9.460847,41.620796,0.458875,3.846428,16.939840,0.383486,-3.763630
7542,0.052681,3.289491,9.380051,40.708290,0.208624,4.053954,18.312611,0.354317,-3.634841
7543,0.021873,3.488055,9.214422,38.721535,-0.166754,4.000546,19.636980,0.311356,-3.507654
7544,0.001366,3.642150,9.136810,37.554207,0.144535,3.609910,20.908661,0.267067,-3.388779
7545,-0.005786,3.895300,9.024384,37.815140,0.738120,3.153658,22.165138,0.239361,-3.278574
7546,-0.022796,4.092794,8.901668,38.855820,1.800164,2.950710,23.443283,0.238908,-3.168473
7547,-0.032048,4.284673,8.804048,41.317139,3.730460,1.899347,24.779831,0.290028,-3.057151
7548,-0.061594,4.572534,8.791634,42.466156,5.471541,0.107911,26.176617,0.414037,-2.961197
7549,-0.062602,4.859252,8.737082,41.495670,5.991880,-0.633689,27.576456,0.588296,-2.882884
7550,-0.055672,5.051614,8.664699,39.269344,5.306740,-0.650474,28.923166,0.764241,-2.812711
7551,-0.052242,5.274551,8.580251,36.962147,3.847956,-0.009586,30.194468,0.902342,-2.746986
7552,-0.059474,5.443649,8.481275,32.981007,2.019897,1.771170,31.361261,0.971324,-2.671594
7553,-0.030686,5.593462,8.371911,28.862534,-0.005006,4.357613,32.393616,0.945967,-2.566925
7554,-0.030332,5.693102,8.255038,26.544655,-1.169287,6.557998,33.319180,0.830945,-2.424473
7555,-0.040088,5.733396,8.268987,27.220640,-3.174353,6.556471,34.217026,0.649390,-2.282845
7556,-0.035943,5.842717,8.060217,25.949543,-5.924071,4.337776,35.103687,0.421335,-2.219640
7557,-0.019754,5.930686,7.911606,25.304077,-6.696188,1.197422,35.957546,0.196352,-2.266715
7558,0.010086,5.952694,7.847386,26.001425,-6.793849,-2.385451,36.812244,0.026920,-2.416086
7559,0.039181,6.091675,7.769745,26.280670,-7.625476,-6.496294,37.683609,-0.074950,-2.679500
7560,0.049503,6.356782,7.570485,23.350895,-7.027315,-8.360975,38.511257,-0.114582,-3.025144
7561,0.056894,6.387866,7.635980,23.025869,-4.791834,-7.736873,39.284733,-0.099555,-3.357713
7562,0.052304,6.461425,7.615721,24.400728,-4.521745,-7.504931,40.075493,-0.056725,-3.652388
7563,0.030702,6.599496,7.512701,25.688610,-4.753686,-7.301983,40.910458,-0.013993,-3.940425
7564,0.023982,6.720210,7.349137,27.191647,-5.179419,-6.496294,41.791740,0.013692,-4.222389
7565,0.017770,6.789196,7.244027,27.849321,-4.823879,-5.501391,42.708954,0.024780,-4.482421
7566,0.009900,6.970548,7.067166,28.084314,-3.702323,-5.303021,43.640984,0.044435,-4.710926
7567,0.029226,7.116193,7.004154,27.243528,-1.642324,-4.309644,44.562828,0.092028,-4.887995
7568,0.044043,7.292825,6.957859,23.599619,-0.813746,-3.023289,45.409893,0.149605,-5.003417
7569,0.052469,7.365148,6.874094,20.425694,-0.482620,-1.195229,46.143417,0.184979,-5.067928
7570,0.072546,7.418086,6.748410,19.681042,-0.133183,0.356637,46.811783,0.188111,-5.084944
7571,0.094850,7.483578,6.682024,18.759384,-0.478043,2.433421,47.452507,0.147164,-5.060732
7572,0.117746,7.401318,6.824462,17.271606,-1.805598,4.719256,48.053089,0.033386,-5.008674
7573,0.106333,7.353828,6.686271,17.521858,-4.132634,5.444072,48.632912,-0.158918,-4.969906
7574,0.088648,7.446393,6.606202,18.596109,-4.541582,5.138887,49.234802,-0.386921,-4.962950
7575,0.092976,7.436235,6.521712,24.589945,-4.575153,3.922724,49.954693,-0.600428,-4.980776
7576,0.101450,7.544486,6.466664,34.671734,-4.092960,3.677050,50.942692,-0.790104,-5.011656
7577,0.131782,7.873707,6.007212,46.171108,-2.171820,4.377450,52.289913,-0.960099,-5.010321
7578,0.232975,8.038059,5.695479,55.409058,2.860683,1.914606,53.981369,-1.036896,-4.938426
7579,0.314199,8.139242,5.392448,61.183159,6.751793,-3.734370,55.922161,-0.919807,-4.825360
7580,0.187942,8.427607,5.113053,60.754372,9.049835,-8.597493,57.952408,-0.604012,-4.717725
7581,0.100816,8.584907,4.688624,57.304260,9.693776,-12.719018,59.918888,-0.138740,-4.634288
7582,-0.003109,8.671513,4.404802,49.874523,7.781791,-15.378706,61.704781,0.411762,-4.609080
7584,-0.122785,8.915279,4.222272,42.574501,4.481215,-14.626423,63.244713,0.949185,-4.659420
7585,-0.238766,9.115667,4.050756,37.377197,1.382060,-9.390974,64.575325,1.351260,-4.747747
7586,-0.164645,9.180444,3.854808,33.963703,-1.071628,-4.326428,65.761917,1.560793,-4.838645
7587,-0.151040,9.270364,3.760130,30.759260,-2.330516,-3.140785,66.837708,1.651905,-4.940184
7588,-0.205928,9.353450,3.539023,32.535439,-1.779657,-4.672814,67.889183,1.745644,-5.053467
7589,-0.271368,9.285494,3.316391,37.444340,-1.013643,-3.821347,69.052376,1.860248,-5.148875
7590,-0.295536,9.246216,3.053951,41.221001,-0.102665,-3.181983,70.361374,1.963377,-5.206744
7591,-0.324381,9.283083,2.825954,42.247952,0.721335,-1.775081,71.751717,2.044969,-5.223760
7592,-0.319385,9.344786,2.527657,42.800335,1.008209,2.210636,73.170006,2.046854,-5.193954
7593,-0.269247,9.493375,2.333368,42.817123,-0.044680,5.868279,74.598557,1.922117,-5.140742
7594,-0.215699,9.677951,2.133152,42.583652,-0.778650,5.941524,76.022835,1.728266,-5.103698
7595,-0.193071,9.805875,1.921180,44.376617,-1.700309,4.002072,77.471848,1.557443,-5.105895
7596,-0.168900,9.818302,1.681308,48.275356,-2.664694,1.719288,79.014381,1.449152,-5.157899
7597,-0.153787,9.821171,1.447440,50.999134,-2.826442,-1.419541,80.666351,1.427964,-5.247374
7598,-0.155884,9.764963,1.132660,51.188347,-1.909361,-3.548207,82.366745,1.498138,-5.338033
7599,-0.151462,9.705508,0.852108,51.575935,-1.192176,-2.306103,84.077354,1.588986,-5.401160
7600,-0.128414,9.677190,0.596645,49.781445,-0.154546,-0.638267,85.765480,1.635971,-5.427712
7601,-0.143426,9.733361,0.260522,45.801834,1.183690,-0.377334,87.358643,1.654027,-5.411412
7602,-0.169570,9.786776,-0.022775,40.903610,1.456831,-0.113349,88.804710,1.663830,-5.367671
7603,-0.151394,9.840301,-0.209951,36.571507,1.171483,-0.307141,90.097038,1.671301,-5.323900
7604,-0.160578,9.854597,-0.423923,31.275024,0.886135,-1.212015,91.228683,1.696206,-5.289326
7605,-0.191073,9.872869,-0.626721,27.405277,0.466505,-1.833067,92.207314,1.746246,-5.265347
7606,-0.187668,9.839728,-0.750459,24.432774,-0.075198,-1.273052,93.071495,1.797635,-5.256504
7607,-0.173401,9.806470,-0.870745,22.027916,-0.468887,-0.809170,93.845573,1.832786,-5.263443
7608,-0.180573,9.765862,-0.967906,20.843798,-0.651998,-0.386489,94.559532,1.854003,-5.280604
7609,-0.168620,9.739394,-1.109458,21.533516,0.042298,0.629777,95.265450,1.850820,-5.291061
7610,-0.138616,9.740398,-1.266654,22.520790,0.437513,2.799643,95.999741,1.793188,-5.288657
7611,-0.101863,9.762321,-1.396181,24.806627,0.155216,3.857110,96.788414,1.681846,-5.291082
7612,-0.076473,9.742230,-1.544976,30.771469,0.078920,4.189762,97.714287,1.548297,-5.304103
7613,-0.058083,9.685380,-1.807084,37.691536,0.565690,5.430338,98.854919,1.388101,-5.316615
7614,-0.030618,9.637854,-2.041816,43.465637,0.275764,6.217716,100.206963,1.194385,-5.334903
7615,-0.014144,9.552419,-2.258222,47.089710,-0.162176,6.223820,101.715263,0.990457,-5.372483
7616,0.000849,9.455473,-2.502706,49.772289,0.185735,6.075805,103.328598,0.790266,-5.416602
7617,0.042357,9.364102,-2.805526,48.662941,0.670979,5.851494,104.968407,0.594123,-5.451386
7618,0.088030,9.319238,-3.042103,44.236229,0.480239,5.709583,106.516090,0.403567,-5.485184
7619,0.125499,9.296612,-3.237548,38.785625,-0.328502,6.065124,107.899231,0.215369,-5.540773
7620,0.163725,9.181049,-3.444572,33.827892,-1.608753,5.743154,109.109062,0.038903,-5.633756
7621,0.210631,9.221503,-3.581670,29.247066,-1.627064,6.489331,110.160278,-0.135106,-5.753044
7622,0.247735,9.199860,-3.717957,25.360537,-1.367657,5.410501,111.070778,-0.303209,-5.869472
7623,0.285329,9.165044,-3.841793,23.837664,-1.717094,3.185702,111.891319,-0.417683,-5.969786
7624,0.287228,9.107923,-3.979239,23.683544,-2.051272,-0.061467,112.683884,-0.442022,-6.047764
7625,0.279808,9.074823,-4.117513,24.533485,-2.151983,-3.316266,113.487740,-0.362714,-6.090311
7626,0.231684,8.889502,-4.311240,25.977011,-3.700798,-6.752650,114.329620,-0.169702,-6.111645
7627,0.169401,8.799459,-4.420612,28.114832,-5.699760,-7.317242,115.231110,0.108857,-6.155813
7628,0.091031,8.702820,-4.547252,29.207394,-6.452041,-7.358441,116.186073,0.416973,-6.232232
7629,0.047079,8.593188,-4.678901,28.586342,-6.391004,-6.661094,117.148384,0.721776,-6.318644
7630,0.004127,8.539672,-4.844282,27.937824,-6.400160,-5.538013,118.088966,1.000707,-6.413253
7631,-0.025513,8.494266,-5.001246,27.312195,-6.838099,-4.591939,119.007523,1.254391,-6.526338
7632,-0.034599,8.435183,-5.105628,26.817795,-7.207373,-3.696222,119.906380,1.489706,-6.662234
7633,-0.040112,8.373520,-5.205842,26.747602,-7.346232,-3.288799,120.794899,1.712658,-6.812744
7634,-0.068780,8.282470,-5.334846,26.404270,-6.888455,-3.044651,121.676003,1.925899,-6.960907
7635,-0.097233,8.206175,-5.451349,26.079247,-6.133121,-2.332044,122.545860,2.117162,-7.097148
7636,-0.120153,8.141650,-5.563923,25.830521,-5.328960,-1.430222,123.406136,2.273743,-7.223301
7637,-0.163036,8.043542,-5.732091,25.008047,-4.273019,-1.474474,124.249084,2.403047,-7.329301
7638,-0.197484,7.960658,-5.893033,24.557899,-3.964782,-1.092993,125.071335,2.516368,-7.417946
7639,-0.214185,7.906721,-5.972621,25.809158,-4.767419,-0.896149,125.906281,2.627843,-7.517267
7640,-0.219273,7.780653,-6.063880,26.039574,-4.953582,-1.767452,126.765465,2.759554,-7.621593
7641,-0.234613,7.615985,-6.188615,25.795425,-4.839138,-2.295422,127.624901,2.912176,-7.710821
7642,-0.250012,7.522782,-6.244590,25.297974,-4.797938,0.146059,128.470978,3.039393,-7.815386
7643,-0.256897,7.410378,-6.306993,22.944996,-3.830501,0.585525,129.268570,3.120044,-7.935054
7644,-0.238425,7.282123,-6.426259,19.990805,-2.336620,0.440563,129.979187,3.172426,-8.025218
7645,-0.243790,7.252412,-6.483767,17.817888,-1.144872,1.301185,130.605820,3.187852,-8.088312
7646,-0.242615,7.225914,-6.549357,14.616495,0.033143,2.306769,131.143433,3.154515,-8.141690
7647,-0.232320,7.186407,-6.636563,11.503607,1.134861,1.240147,131.577423,3.097279,-8.166109
7648,-0.234301,7.143627,-6.708560,10.281342,1.505661,1.139436,131.940857,3.038429,-8.159675
7649,-0.258569,7.149084,-6.761431,10.969533,1.319498,0.692340,132.295792,2.984214,-8.145193
7650,-0.242230,7.114522,-6.823113,11.952229,0.739646,-0.632163,132.679092,2.960298,-8.120545
7651,-0.234223,7.061165,-6.870080,14.129726,-0.026369,-2.435807,133.116058,2.989676,-8.077013
7652,-0.240806,6.986939,-6.932688,17.256348,-0.720664,-3.935792,133.642532,3.075424,-8.013091
7653,-0.251022,6.884111,-6.998066,21.071159,-1.886472,-5.193154,134.285385,3.215103,-7.938673
7654,-0.261862,6.754868,-7.111836,23.904802,-2.704368,-5.800473,135.039276,3.399183,-7.864221
7655,-0.305680,6.669161,-7.200278,27.075676,-3.227760,-5.518177,135.892883,3.601925,-7.798987
7656,-0.340079,6.612325,-7.280060,28.362032,-2.837123,-5.408309,136.820816,3.800691,-7.736807
7657,-0.352905,6.489836,-7.438468,27.425114,-2.223702,-5.850828,137.756012,3.989944,-7.655916
7658,-0.363827,6.404149,-7.564632,24.963797,-1.039583,-5.032932,138.636139,4.151444,-7.556711
7659,-0.378262,6.329746,-7.614247,21.773087,0.207098,-3.307110,139.422073,4.253080,-7.460543
7660,-0.367375,6.204775,-7.691844,18.252775,1.519394,-1.656059,140.095245,4.284544,-7.378494
7661,-0.355632,6.086517,-7.760282,17.654612,2.477675,0.182681,140.698242,4.248871,-7.316846
7662,-0.348253,6.018022,-7.789993,19.249205,2.950712,1.733021,141.315643,4.158432,-7.284564
7663,-0.326850,5.951754,-7.873079,21.194761,3.046845,2.286932,141.990356,4.038430,-7.275019
7664,-0.283778,5.829098,-7.974197,23.646921,3.413067,2.340340,142.738007,3.906062,-7.270333
7665,-0.269176,5.701252,-8.040273,27.298462,3.789971,1.343910,143.588593,3.773183,-7.247459
7666,-0.240090,5.575192,-8.123682,27.534981,3.815912,0.294073,144.505829,3.654606,-7.195078
7667,-0.227559,5.426516,-8.200591,26.735395,4.041749,-0.833585,145.415482,3.552609,-7.112410
7668,-0.214749,5.267714,-8.244453,26.430210,3.677053,-2.275585,146.308594,3.475291,-6.997139
7669,-0.238616,5.175601,-8.304562,26.219633,2.241157,-4.509540,147.195038,3.454871,-6.848293
7670,-0.215869,5.095819,-8.444107,24.043663,0.814416,-5.289286,148.042770,3.499397,-6.682961
7671,-0.224118,4.978553,-8.566654,23.027397,0.309335,-5.632620,148.837448,3.578728,-6.517853
7672,-0.224358,4.875496,-8.642215,22.116419,-0.081302,-5.600575,149.600128,3.671284,-6.354784
7673,-0.217334,4.647130,-8.699155,21.054377,0.330698,-5.130591,150.329788,3.757200,-6.197569
7674,-0.217296,4.589428,-8.780358,20.611856,1.192846,-4.920013,151.034683,3.817080,-6.038718
7675,-0.244179,4.347643,-8.765340,20.089991,1.882564,-4.619406,151.724014,3.848259,-5.874201
7676,-0.251692,4.218486,-8.740593,21.690685,1.731497,-4.450027,152.431229,3.865829,-5.712039
7677,-0.238653,4.128004,-8.818351,24.380892,1.099764,-4.469866,153.209488,3.891728,-5.557892
7678,-0.256331,4.145952,-8.934757,25.769485,0.483290,-3.952577,154.054672,3.930386,-5.420119
7679,-0.262289,3.880369,-8.968831,27.194698,-0.233894,-2.945466,154.944656,3.976069,-5.314335
7680,-0.255956,3.849802,-9.098787,30.171778,-1.022798,-2.432755,155.905807,4.032302,-5.241368
7681,-0.258784,3.702864,-9.184896,30.270964,-0.902250,-1.997867,156.917007,4.091179,-5.186425
7682,-0.277000,3.591199,-9.260642,29.002918,-0.623005,-1.904785,157.908432,4.139602,-5.135989
7683,-0.269916,3.436202,-9.344503,27.190121,0.066713,-2.008548,158.849075,4.172256,-5.078609
7684,-0.254931,3.375741,-9.411693,25.069086,1.015838,-1.526356,159.724487,4.176247,-5.016925
7685,-0.255576,3.210920,-9.413368,22.630657,1.873409,-0.865630,160.523346,4.144519,-4.962857
7687,-0.236933,3.045255,-9.473015,22.983145,2.154179,-0.008060,161.286102,4.085841,-4.926980
7688,-0.223114,2.848711,-9.473993,24.710493,2.482253,1.327125,162.081207,4.005538,-4.923531
7689,-0.218485,2.656428,-9.405257,28.159084,2.009216,2.840843,162.959290,3.913209,-4.967375
7690,-0.202189,2.417124,-9.420068,30.426609,0.706076,4.232487,163.928848,3.836155,-5.067727
7691,-0.165185,2.230524,-9.545489,32.204311,-1.280679,5.262487,164.962250,3.802846,-5.223155
7692,-0.141969,2.007947,-9.668666,32.706341,-2.394605,5.872857,166.030975,3.815575,-5.418711
7693,-0.141246,1.887453,-9.761039,32.506447,-2.121464,5.640915,167.104065,3.844145,-5.623351
7694,-0.139314,1.723278,-9.912694,31.572578,-0.584858,6.214664,168.158325,3.845897,-5.826437
7695,-0.102968,1.554032,-10.068414,30.652447,2.323556,6.532057,169.181839,3.775719,-6.029350
7696,-0.074505,1.400873,-10.046090,29.771984,7.096650,6.185672,170.177292,3.583301,-6.209883
7697,-0.044591,1.337729,-9.901882,28.603128,11.166294,5.479169,171.141708,3.251501,-6.352203
7698,0.036829,1.085783,-9.786786,26.848312,12.742576,5.679065,172.059235,2.830247,-6.477829
7699,0.124677,0.980085,-9.679024,25.009573,12.010132,4.519361,172.918259,2.399046,-6.592364
7700,0.179633,0.869624,-9.563172,22.757307,9.864679,3.542769,173.710831,2.021383,-6.683432
7701,0.212266,0.746667,-9.543857,20.726299,6.255867,2.792014,174.432983,1.743286,-6.760802
7702,0.243379,0.571701,-9.602894,19.514717,2.016846,2.326606,175.101501,1.598220,-6.833361
7703,0.243501,0.512515,-9.697107,19.236998,-1.681998,1.264562,175.745667,1.587883,-6.892793
7704,0.242515,0.341430,-9.813252,18.734968,-4.427138,0.599259,176.377411,1.687361,-6.930967
7705,0.218723,0.253208,-9.933860,18.760910,-5.867611,-0.326978,177.001862,1.858408,-6.945543
7706,0.201458,0.161447,-9.994933,18.168850,-5.879819,-0.619955,177.617538,2.054755,-6.939031
7707,0.195035,0.052241,-10.033717,16.610880,-4.878812,-0.652000,178.197723,2.234727,-6.924393
7708,0.173395,-0.061417,-10.034448,13.804703,-3.334575,-1.143348,178.705688,2.372375,-6.898137
7709,0.142909,-0.073534,-10.002437,11.808794,-1.457687,-1.579763,179.134415,2.453110,-6.854200
7710,0.130830,-0.144625,-9.881746,10.620098,0.245246,-1.476000,179.510406,2.473938,-6.803419
7711,0.134743,-0.176545,-9.829544,10.359164,0.298653,-1.163186,179.861954,2.465117,-6.759300
7712,0.125704,-0.229400,-9.807052,10.726912,-0.859524,-0.568074,-179.785370,2.474438,-6.730410
7713,0.118125,-0.327203,-9.809130,12.905933,-1.987183,0.347481,-179.391327,2.521839,-6.726420
7714,0.092564,-0.401131,-9.792551,14.558512,-3.079746,0.689288,-178.934311,2.606504,-6.742506
7715,0.084052,-0.503650,-9.851512,15.486275,-4.643819,1.200473,-178.434906,2.735907,-6.771094
7716,0.044967,-0.576459,-9.871693,15.129207,-5.269449,1.285925,-177.926437,2.902342,-6.807360
7717,0.020111,-0.633955,-9.887675,13.171444,-5.261819,1.012784,-177.456406,3.079256,-6.838641
7718,0.011555,-0.694489,-9.866240,10.246245,-4.793360,1.037199,-177.067566,3.248285,-6.864825
7719,0.011131,-0.778558,-9.870992,7.359195,-4.352368,0.599259,-176.775253,3.401950,-6.883929
7720,-0.042867,-0.722340,-9.872464,4.241729,-3.401716,0.359688,-176.582428,3.531898,-6.892436
7721,-0.070273,-0.801482,-9.864342,1.511848,-2.657064,0.977688,-176.487549,3.634040,-6.908629
7722,-0.090633,-0.781938,-9.859695,0.118678,-2.097049,0.829673,-176.461975,3.714970,-6.933890
7723,-0.119488,-0.714480,-9.887369,-1.495751,-1.904783,0.910548,-176.486557,3.783321,-6.958796
7724,-0.140887,-0.654574,-9.832346,-1.233292,-1.633168,2.636369,-176.535736,3.845773,-7.014345
7725,-0.110695,-0.764552,-9.814430,-0.825870,-1.746087,3.645006,-176.576904,3.908287,-7.115692
7726,-0.104101,-0.746742,-9.815316,0.256011,-1.833064,2.979703,-176.593750,3.974416,-7.222608
7727,-0.108707,-0.776397,-9.833045,1.838397,-1.828487,3.046843,-176.565613,4.041333,-7.319461
7728,-0.094018,-0.840822,-9.849619,3.437566,-1.561450,2.926295,-176.484512,4.103773,-7.415639
7729,-0.054266,-0.853283,-9.893575,3.988425,-0.786280,1.656725,-176.366058,4.147600,-7.489618
7730,-0.068057,-0.853831,-9.884063,5.543343,0.226935,0.742696,-176.210052,4.159506,-7.529015
7731,-0.069667,-0.884118,-9.849919,7.580454,1.401897,0.400888,-175.992828,4.133732,-7.549918
7732,-0.098275,-0.919009,-9.817822,9.301698,3.100252,-0.227793,-175.712051,4.059110,-7.558229
7733,-0.072672,-0.981551,-9.776962,10.240142,3.800652,-0.565023,-175.386063,3.943428,-7.553944
7734,-0.087204,-1.047758,-9.802257,10.176052,4.119571,-0.558919,-175.045273,3.810328,-7.546257
7735,-0.061499,-1.057637,-9.753325,8.268645,4.107363,-1.015170,-174.736954,3.671422,-7.532300
7736,-0.036733,-1.074194,-9.758862,5.120662,3.744193,-1.035007,-174.512421,3.537951,-7.510476
7737,0.014767,-1.065104,-9.781809,1.166989,2.288460,-0.891570,-174.406265,3.434782,-7.488157
7738,0.003643,-1.060591,-9.822269,-2.478446,1.520920,-0.508563,-174.427109,3.369330,-7.471062
7739,-0.007048,-1.064944,-9.816308,-5.447896,0.457350,-0.157600,-174.558746,3.335451,-7.463142
7740,-0.019538,-1.032749,-9.838541,-6.632015,-0.601642,0.420725,-174.760330,3.338257,-7.467274
7741,-0.014313,-1.025575,-9.842198,-7.744415,-1.323405,0.922755,-175.001068,3.372219,-7.486732
7742,-0.018799,-1.007718,-9.822438,-7.529259,-1.384442,1.244725,-175.257538,3.420259,-7.518941
7743,-0.027963,-0.951978,-9.814902,-5.875156,-1.483627,1.148592,-175.483109,3.471130,-7.554903
7744,-0.039533,-0.915468,-9.804592,-3.319232,-1.396650,1.125703,-175.638428,3.521927,-7.589034
7745,-0.038708,-0.934751,-9.835381,-2.287706,-1.154027,0.832725,-175.733688,3.566780,-7.618433
7746,-0.060005,-0.898589,-9.814884,-0.893011,-1.147924,0.078918,-175.787476,3.606164,-7.630771
7747,-0.063929,-0.883189,-9.798482,-0.564937,-1.363079,-0.659629,-175.810974,3.647191,-7.618023
7748,-0.080145,-0.912262,-9.784007,-0.798403,-1.175390,-0.708459,-175.832047,3.687724,-7.592147
7749,-0.086045,-0.901552,-9.767269,-1.192092,-0.932769,-0.935822,-175.863281,3.720783,-7.562208
7750,-0.097413,-0.853635,-9.757224,-1.063913,-0.874784,-1.709467,-175.897873,3.747665,-7.515973
7751,-0.081489,-0.864074,-9.779446,-0.990669,-1.102146,-2.092474,-175.927811,3.776011,-7.450279
7752,-0.075206,-0.865484,-9.815720,-0.246017,-1.164709,-1.768978,-175.943985,3.809134,-7.383258
7753,-0.102995,-0.834698,-9.831118,0.202604,-1.244057,-1.924622,-175.940414,3.844820,-7.318868
7754,-0.071124,-0.839923,-9.833300,-0.126996,-1.680472,-2.823392,-175.933578,3.887831,-7.236291
7755,-0.065837,-0.845551,-9.837046,-0.442863,-1.364605,-3.015659,-175.936203,3.931557,-7.135385
7756,-0.072340,-0.831328,-9.849247,-0.804507,-0.903776,-3.148415,-175.949738,3.962003,-7.029984
7757,-0.084990,-0.817839,-9.832759,-1.256179,-0.188117,-3.748103,-175.976044,3.972066,-6.913769
7758,-0.072646,-0.802749,-9.822086,-1.608668,0.609942,-4.334059,-176.014526,3.955649,-6.779569
7759,-0.088097,-0.820907,-9.813286,-2.029824,1.214209,-3.957155,-176.065826,3.915777,-6.643492
7760,-0.067819,-0.809551,-9.826080,-1.791780,1.353068,-3.345259,-176.121475,3.864803,-6.524712
7761,-0.076594,-0.793349,-9.815070,-1.276018,1.839838,-2.663170,-176.166153,3.804975,-6.428163
7762,-0.062460,-0.774179,-9.842092,-1.573573,1.729971,-2.223703,-176.208557,3.740193,-6.350688
7763,-0.036286,-0.772545,-9.829570,-2.737854,1.496505,-1.782711,-176.276321,3.682162,-6.287447
7764,-0.033732,-0.735643,-9.852264,-3.355853,1.656727,-0.970919,-176.375168,3.626782,-6.244923
7765,-0.037838,-0.728770,-9.839943,-4.359912,1.589586,-0.212533,-176.502747,3.571564,-6.228564
7766,-0.015028,-0.721997,-9.849185,-5.753083,1.446150,0.136904,-176.671402,3.520992,-6.230316
7767,-0.020687,-0.697875,-9.828979,-6.024697,1.311868,0.489392,-176.868500,3.475690,-6.243345
7768,-0.006166,-0.666572,-9.836020,-4.832950,0.931912,0.719807,-177.050797,3.439420,-6.265490
7769,0.001299,-0.637550,-9.850533,-4.172224,0.866298,0.339851,-177.202026,3.410378,-6.284664
7770,0.009763,-0.620896,-9.872469,-3.642727,0.709127,-0.005008,-177.332672,3.384414,-6.291502
7771,0.007161,-0.592181,-9.869692,-2.667661,0.384105,0.152162,-177.438049,3.366322,-6.294790
7772,0.017703,-0.580303,-9.864105,-1.761261,0.254401,0.287970,-177.512314,3.356015,-6.302599
7773,-0.000196,-0.567621,-9.865664,-1.451499,0.330698,0.335274,-177.566498,3.346719,-6.313414
7774,0.003125,-0.556096,-9.840567,-1.242446,-0.062991,0.522963,-177.612244,3.342864,-6.327918
7775,-0.000490,-0.557600,-9.829182,-0.934209,-0.128606,0.475659,-177.649475,3.346743,-6.344443
7776,0.005165,-0.552591,-9.844274,-0.375721,0.022461,0.368844,-177.672134,3.349085,-6.358458
7777,-0.006666,-0.562773,-9.836632,-0.381825,0.214727,0.240666,-177.685364,3.345547,-6.368786
7778,-0.001575,-0.571141,-9.832182,-0.369618,0.130801,0.020933,-177.698151,3.339968,-6.373381
7779,0.002145,-0.554140,-9.858062,0.184293,0.149113,-0.102667,-177.701172,3.335252,-6.372206
7780,0.001721,-0.541460,-9.857738,0.399449,0.263557,-0.090460,-177.691269,3.328250,-6.369261
7781,-0.026699,-0.553437,-9.844970,-0.003396,0.178105,-0.259837,-177.684357,3.320660,-6.363715
7782,-0.012869,-0.552620,-9.866050,0.196502,-0.426161,-0.194222,-177.680679,3.324485,-6.355973
7783,-0.001534,-0.527990,-9.869999,0.388768,-0.609272,-0.143867,-177.670563,3.341500,-6.349633
7784,-0.006994,-0.553201,-9.848470,-0.093425,-0.456680,-0.310193,-177.665146,3.358942,-6.341333
7785,-0.024520,-0.558319,-9.833110,0.043908,-0.420057,-0.343763,-177.665298,3.373099,-6.329829
7786,-0.011132,-0.553943,-9.826250,0.303315,-0.340709,-0.404800,-177.658752,3.385259,-6.316823
7787,-0.015991,-0.564523,-9.828121,-0.137677,0.118594,-0.729822,-177.654861,3.388185,-6.297745
7788,-0.015933,-0.560677,-9.827526,-0.250596,0.251350,-0.874785,-177.659760,3.380931,-6.271228
7790,-0.013906,-0.563176,-9.824230,-0.268907,0.233039,-0.821378,-177.666779,3.371711,-6.243262
7791,0.002023,-0.559342,-9.835639,-0.535944,0.275765,-0.868681,-177.678558,3.362094,-6.215414
7792,0.001556,-0.543174,-9.835685,-0.456595,0.217780,-0.856474,-177.693436,3.352715,-6.186968
7793,0.011082,-0.535103,-9.839266,-0.342151,0.178105,-0.795437,-177.705154,3.345017,-6.159677
7794,0.004711,-0.529783,-9.843370,-0.482535,0.445142,-0.920563,-177.717255,3.333495,-6.131466
7795,0.006903,-0.534613,-9.858021,-0.572566,0.461927,-0.845793,-177.733170,3.317222,-6.102603
7796,-0.000126,-0.514135,-9.856147,-0.604610,0.382579,-0.751185,-177.751282,3.302108,-6.076517
7797,0.016978,-0.542748,-9.867338,-1.376729,0.330698,-0.815274,-177.782822,3.289212,-6.050849
7798,0.015281,-0.518383,-9.873451,-1.805514,0.362742,-0.696252,-177.834442,3.276701,-6.026076
7799,0.028101,-0.513108,-9.869737,-2.182416,0.162846,-0.484149,-177.899796,3.267216,-6.006711
7800,0.033326,-0.507147,-9.863631,-2.438773,0.136905,-0.427689,-177.975967,3.261679,-5.991678
7801,0.034496,-0.498211,-9.870621,-2.673766,-0.044680,-0.449052,-178.060349,3.259638,-5.977104
7802,0.037391,-0.488975,-9.872638,-2.486076,-0.427687,-0.432267,-178.145493,3.267020,-5.962137
7803,0.027308,-0.497656,-9.871475,-1.681913,-0.543657,-0.447526,-178.214096,3.282735,-5.946940
7804,0.012187,-0.487010,-9.855386,-0.281114,-0.601643,-0.444474,-178.245926,3.301354,-5.931464
7805,0.014119,-0.499407,-9.869540,1.293641,-0.761865,-0.441423,-178.228149,3.323613,-5.915980
7806,0.023202,-0.504308,-9.879727,2.822618,-0.769494,-0.957185,-178.158142,3.348386,-5.891832
7807,0.017816,-0.499211,-9.851278,3.936544,-0.319346,-1.460741,-178.043091,3.365187,-5.850881
7808,0.011969,-0.488235,-9.795979,4.220366,0.143009,-2.124518,-177.903625,3.366012,-5.790952
7809,0.014819,-0.536140,-9.831243,3.394840,0.281868,-2.603659,-177.772095,3.355968,-5.712332
7810,0.017075,-0.539382,-9.852041,2.476233,0.327646,-3.244548,-177.668579,3.341950,-5.615176
7811,0.008231,-0.551409,-9.833255,1.664440,0.657246,-3.519215,-177.593048,3.320900,-5.503030
7812,-0.005113,-0.553437,-9.837107,0.816027,0.706076,-3.360518,-177.545135,3.293342,-5.389242
7813,0.004129,-0.572977,-9.877985,-0.029337,0.045350,-2.895111,-177.526077,3.276354,-5.285444
7814,0.010843,-0.583368,-9.867596,-0.590877,-0.371228,-2.443437,-177.531311,3.277950,-5.196172
7815,-0.000931,-0.543756,-9.828739,-0.648862,-0.368176,-1.785763,-177.547897,3.287240,-5.125104
7816,0.013309,-0.550350,-9.811836,-0.784670,-0.488724,-0.734400,-177.569336,3.299721,-5.082461
7817,0.019651,-0.555312,-9.840148,-0.448967,-0.572650,0.089599,-177.589233,3.316942,-5.070957
7818,0.020438,-0.569836,-9.838895,-0.036965,-0.374280,0.753377,-177.598114,3.333302,-5.084354
7819,0.023088,-0.547311,-9.853962,-0.004922,-0.124028,0.960903,-177.600449,3.342798,-5.112600
7820,0.033433,-0.577301,-9.860453,-0.647336,0.104861,0.875451,-177.613113,3.344395,-5.143218
7821,0.032847,-0.563680,-9.875076,-1.141736,0.320017,0.536696,-177.644318,3.338292,-5.167067
7822,0.033784,-0.577809,-9.850804,-2.119854,0.512283,0.042296,-177.699265,3.324821,-5.177289
7823,0.043226,-0.545657,-9.855529,-2.435721,0.741172,-0.427689,-177.774872,3.303691,-5.171688
7824,0.045812,-0.515297,-9.831211,-2.203780,0.982268,-0.832060,-177.851059,3.274184,-5.151772
7825,0.039059,-0.508008,-9.835689,-2.306016,1.128757,-0.944978,-177.924606,3.237931,-5.123427
7826,0.031769,-0.522260,-9.840005,-2.335010,1.115024,-0.874785,-178.000336,3.199479,-5.094402
7827,0.039285,-0.488696,-9.854167,-1.961157,0.944120,-0.870208,-178.070374,3.164184,-5.066470
7828,0.032954,-0.482643,-9.853332,-1.884861,0.861720,-0.908356,-178.132904,3.133120,-5.037796
7829,0.032360,-0.475548,-9.852274,-1.634610,0.709127,-0.528400,-178.190308,3.106184,-5.014669
7830,0.048660,-0.461192,-9.840926,-1.034921,0.435987,-0.355970,-178.234039,3.086650,-5.000511
7831,0.048329,-0.434454,-9.844248,-0.690063,0.161320,-0.363600,-178.262146,3.076332,-4.988812
7832,0.051765,-0.430092,-9.845762,-0.314685,-0.009583,-0.021793,-178.278564,3.073610,-4.982458
7833,0.062926,-0.435955,-9.849282,-0.172773,-0.139287,0.271185,-178.286896,3.076215,-4.986544
7834,0.058380,-0.454540,-9.848357,-0.319263,-0.183539,0.170474,-178.295486,3.081813,-4.993751
7835,0.045258,-0.434534,-9.847437,-0.096478,-0.206428,0.254399,-178.302795,3.088520,-5.000647
7836,0.067829,-0.434584,-9.849799,0.115626,-0.320872,0.301703,-178.302963,3.097579,-5.009664
7837,0.067644,-0.443516,-9.861832,0.181241,-0.223213,0.040770,-178.298309,3.106812,-5.015109
7838,0.058998,-0.444828,-9.859454,0.414709,0.034668,-0.017215,-178.288391,3.109965,-5.015408
7839,0.062014,-0.445243,-9.860362,0.677166,0.161320,0.130800,-178.270294,3.106757,-5.017400
7840,0.069710,-0.465221,-9.859092,0.465063,0.161320,0.085022,-178.251465,3.101490,-5.021164
7841,0.056720,-0.472266,-9.865939,0.362826,0.335276,0.162844,-178.237900,3.093344,-5.025554
7842,0.062684,-0.455204,-9.855387,0.483374,0.461927,0.167422,-178.224121,3.080234,-5.031473
7843,0.063074,-0.461453,-9.851268,0.150722,0.545853,0.089599,-178.213806,3.063579,-5.036284
7844,0.067448,-0.463132,-9.853716,-0.204817,0.454298,0.057555,-178.214874,3.046994,-5.039258
7845,0.077760,-0.445831,-9.854292,-0.145307,0.367320,-0.011111,-178.220764,3.033331,-5.040460
7846,0.078152,-0.443585,-9.850313,-0.314683,0.373424,-0.091986,-178.228363,3.020938,-5.039123
7847,0.073690,-0.440998,-9.851003,-0.526787,0.265083,-0.024845,-178.242294,3.010241,-5.037501
7848,0.080090,-0.428300,-9.850073,-0.458120,0.008728,-0.082830,-178.258636,3.005625,-5.035845
7849,0.085421,-0.410714,-9.846161,-0.430654,-0.113346,-0.134711,-178.273254,3.007258,-5.032164
7850,0.078445,-0.417887,-9.854344,-0.377247,-0.117924,0.115540,-178.286697,3.011101,-5.031727
7851,0.069963,-0.419449,-9.854856,-0.209395,-0.282724,0.213200,-178.296753,3.017939,-5.037012
7852,0.074970,-0.437199,-9.860628,-0.130048,-0.418531,0.216252,-178.302765,3.029834,-5.043829
7853,0.078901,-0.434801,-9.861285,0.068323,-0.429213,0.168948,-178.304108,3.044147,-5.049837
7854,0.079398,-0.430060,-9.850202,0.413182,-0.377332,0.197940,-178.296387,3.057764,-5.055557
7855,0.068400,-0.440166,-9.850739,0.414709,-0.235420,0.049926,-178.282791,3.068096,-5.059386
7856,0.061932,-0.453584,-9.854682,0.410130,-0.053835,-0.021793,-178.269073,3.072929,-5.059710
7857,0.046031,-0.436163,-9.849588,0.417759,-0.062991,-0.006534,-178.255234,3.074861,-5.059178
7858,0.047088,-0.427580,-9.856698,0.010337,-0.415480,0.226933,-178.248291,3.082944,-5.062612
7859,0.040309,-0.478711,-9.894420,-0.824344,-0.684043,0.590103,-178.262558,3.101674,-5.075684
7860,0.047167,-0.481020,-9.876817,-0.966255,-0.755761,0.725911,-178.293564,3.126319,-5.096919
7861,0.058053,-0.441789,-9.837909,-0.714477,-0.766443,0.567214,-178.322708,3.152314,-5.117744
7862,0.048259,-0.577055,-9.798246,-2.414358,0.609942,-0.449052,-178.374969,3.154979,-5.119641
7863,0.044035,-0.540245,-9.747918,-2.347218,1.024994,-0.922089,-178.453110,3.127104,-5.097523
7864,0.039374,-0.508263,-9.721326,-2.055766,1.110446,-1.520252,-178.524338,3.090449,-5.057714
7865,0.003318,-0.450763,-9.755492,-1.921484,1.130283,-2.066533,-178.587463,3.051605,-4.998812
7866,-0.018034,-0.446370,-9.835663,-2.379262,1.279823,-1.900207,-178.655701,3.009854,-4.933594
7867,0.003133,-0.317238,-9.885106,-0.722107,0.570268,-0.647423,-178.705200,2.978053,-4.891797
7868,0.026763,-0.367948,-9.929025,-0.558833,1.107394,-0.037053,-178.725998,2.949842,-4.881005
7869,0.053537,-0.362544,-9.877700,-0.050700,1.983275,0.330696,-178.736465,2.898453,-4.887048
7870,0.112647,-0.379688,-9.827181,-0.053751,2.036682,0.783896,-178.739212,2.831880,-4.907123
7871,0.139206,-0.392332,-9.776541,-0.168196,1.554490,0.872399,-178.744324,2.772647,-4.936070
7872,0.141199,-0.401405,-9.781304,-0.510003,0.721335,0.632829,-178.756882,2.735273,-4.962007
7873,0.119274,-0.351026,-9.790133,-0.506951,-0.026369,0.196415,-178.774490,2.723989,-4.976089
7874,0.101234,-0.326260,-9.844986,-0.950994,-0.798487,0.181155,-178.799088,2.737867,-4.982096
7875,0.092122,-0.334297,-9.922134,-1.597988,-0.999909,0.379526,-178.841980,2.768026,-4.990831
7876,0.111239,-0.349277,-9.919703,-1.524744,-0.291880,0.541274,-178.894760,2.789855,-5.005767
7877,0.117624,-0.282531,-9.861059,-0.888433,0.332224,0.567214,-178.935867,2.789532,-5.024275
7878,0.126528,-0.305437,-9.848914,-1.050180,0.173527,1.134859,-178.969574,2.781625,-5.052829
7879,0.135099,-0.327845,-9.881845,-1.269914,-0.171332,1.346962,-179.010254,2.782318,-5.094235
7880,0.121229,-0.322865,-9.863791,-0.966255,-0.122502,1.261510,-179.049637,2.787951,-5.137671
7881,0.102167,-0.282077,-9.887609,-1.045602,-0.391065,1.201999,-179.085159,2.797178,-5.178633
7882,0.100345,-0.312734,-9.923360,-1.602566,-0.436843,1.368325,-179.131378,2.811641,-5.221303
7883,0.079027,-0.403877,-9.798935,-1.803988,0.057557,1.011259,-179.190109,2.818542,-5.260914
7884,0.119383,-0.244794,-9.827977,-2.341113,-1.292886,-0.456682,-179.259628,2.839252,-5.269891
7885,0.148059,-0.289808,-9.869889,-2.277024,-1.442427,0.185733,-179.336349,2.884773,-5.264805
7886,0.114194,-0.277646,-9.818113,-1.814669,-1.369183,-0.050785,-179.404633,2.931659,-5.266540
7887,0.075598,-0.274389,-9.778934,-1.788729,-2.211494,-0.406326,-179.464264,2.991258,-5.258320
7888,0.102779,-0.171459,-9.965701,-1.980995,-3.465805,-0.661155,-179.526108,3.085717,-5.239666
7889,0.044724,-0.276858,-9.899750,-1.094431,-1.817805,0.361215,-179.577042,3.173735,-5.233966
7890,0.001298,-0.204494,-9.816716,-1.375203,-1.903257,-0.662681,-179.617889,3.235719,-5.228498
7891,0.009967,-0.194926,-9.803447,-2.321276,-2.957672,-0.993807,-179.677902,3.316561,-5.200348
7893,0.058212,-0.142443,-10.056473,-3.816684,-3.716057,-1.399703,-179.777817,3.427599,-5.159860
7894,0.001271,-0.026888,-9.950769,-4.752075,-2.217598,-1.453111,-179.917725,3.526367,-5.111968
7895,-0.023593,-0.015082,-9.941970,-6.522149,-2.182502,-1.056371,179.896973,3.599713,-5.070099
7896,-0.051875,0.047834,-9.954679,-7.605555,-2.083316,-0.679467,179.663330,3.670930,-5.041393
7897,-0.057101,0.106137,-10.025284,-8.702695,-1.344768,0.065185,179.392151,3.728157,-5.031614
7898,-0.106167,0.119858,-9.840150,-9.250504,0.352061,0.864770,179.091919,3.744510,-5.047383
7899,-0.098017,0.089958,-9.878252,-9.850191,0.361216,1.211155,178.771332,3.731995,-5.081864
7900,-0.088397,0.187335,-9.893005,-9.697599,0.686239,1.186740,178.442963,3.713578,-5.121477
7901,-0.070360,0.240475,-9.882197,-9.743377,1.173009,1.505658,178.116104,3.681256,-5.165498
7902,-0.071585,0.286008,-9.857864,-9.981421,1.499557,1.473614,177.784302,3.634974,-5.213637
7903,-0.067897,0.355215,-9.840124,-9.877657,1.346964,1.763540,177.450043,3.585329,-5.265680
7904,-0.069767,0.430692,-9.859735,-10.448355,1.015838,2.116029,177.107361,3.542931,-5.328515
7905,-0.065015,0.471201,-9.854803,-11.693510,0.626727,2.499036,176.733688,3.511469,-5.403983
7906,-0.063259,0.518068,-9.864761,-12.386279,0.287972,2.920191,176.326904,3.490791,-5.493368
7907,-0.052949,0.600158,-9.853559,-12.667051,-0.014161,3.173495,175.903198,3.479366,-5.594564
7908,-0.050435,0.699905,-9.825669,-13.228592,-0.227791,2.947658,175.465408,3.475716,-5.696774
7909,-0.052788,0.767979,-9.820447,-13.756560,-0.236946,2.717243,175.009918,3.475586,-5.791672
7910,-0.066049,0.866591,-9.828992,-13.846589,-0.291880,2.283880,174.544785,3.476764,-5.875631
7911,-0.069667,0.954844,-9.813839,-15.134471,-0.589435,1.502606,174.057861,3.485099,-5.940000
7912,-0.085832,1.035614,-9.802511,-16.730591,-0.766443,0.886133,173.524216,3.503226,-5.982087
7913,-0.047589,1.095578,-9.803283,-18.084084,-1.212013,0.570266,172.942261,3.533082,-6.010121
7914,-0.035273,1.176971,-9.797585,-19.007269,-1.959717,-0.003482,172.323090,3.584281,-6.026282
7915,-0.041561,1.304259,-9.768112,-19.280411,-2.180976,-0.800015,171.685211,3.654460,-6.022579
7916,-0.065204,1.455591,-9.764797,-19.774811,-2.010072,-1.233378,171.035797,3.728571,-5.999506
7917,-0.072666,1.550882,-9.764672,-21.138987,-1.944457,-1.466844,170.356140,3.800865,-5.965684
7918,-0.128889,1.674940,-9.778394,-22.516897,-1.686576,-1.750667,169.631409,3.869768,-5.923307
7919,-0.155856,1.851337,-9.742783,-23.392778,-1.137243,-1.646903,168.869476,3.926551,-5.876363
7920,-0.167294,1.967081,-9.719159,-25.150646,-0.583332,-0.957186,168.062988,3.963326,-5.839521
7921,-0.167505,2.064507,-9.682637,-26.354603,-0.384961,-0.027897,167.205490,3.982641,-5.826955
7922,-0.186165,2.213536,-9.622108,-26.377491,-0.317821,1.070770,166.325317,3.990119,-5.846631
7923,-0.189588,2.390011,-9.555944,-26.417164,-0.264413,2.022947,165.441803,3.987020,-5.899147
7924,-0.191196,2.526980,-9.519540,-27.868317,-0.192695,2.236577,164.532196,3.976047,-5.969873
7925,-0.190198,2.679964,-9.479871,-28.573298,-0.474991,2.337288,163.586273,3.965817,-6.046415
7926,-0.199353,2.798813,-9.434162,-28.202497,-0.453628,2.509718,162.634415,3.957166,-6.128384
7927,-0.185341,2.971140,-9.427320,-27.569235,-0.682517,1.998533,161.699600,3.952194,-6.205892
7928,-0.191362,3.127377,-9.369229,-26.397326,-1.353924,1.409525,160.795746,3.966048,-6.270714
7929,-0.204645,3.246287,-9.336850,-24.645563,-1.869687,1.694873,159.940445,3.999250,-6.337599
7930,-0.223963,3.366491,-9.302897,-23.658291,-2.492264,1.995481,159.129578,4.045889,-6.420811
7931,-0.232588,3.555603,-9.263126,-23.247816,-3.401716,1.623155,158.341309,4.115593,-6.512840
7932,-0.258002,3.681001,-9.201460,-23.749846,-3.880856,1.162325,157.551605,4.210655,-6.601614
7933,-0.290498,3.810776,-9.160658,-24.773743,-3.592457,1.073822,156.736755,4.310932,-6.684527
7934,-0.310861,3.958397,-9.096903,-25.420734,-3.796931,1.409525,155.893555,4.407064,-6.772170
7935,-0.321666,4.118179,-9.034570,-25.780853,-4.105168,0.187259,155.034103,4.515833,-6.851305
7936,-0.341018,4.246320,-8.946409,-26.896305,-4.012086,-1.334089,154.152924,4.646166,-6.892165
7937,-0.376833,4.360586,-8.849959,-27.250317,-3.772516,-1.797970,153.249649,4.785505,-6.902859
7938,-0.403572,4.483074,-8.750834,-27.927832,-3.633657,-2.103155,152.330185,4.924967,-6.901475
7939,-0.438367,4.630792,-8.683846,-28.812868,-3.372723,-4.201302,151.387863,5.077457,-6.863760
7940,-0.473957,4.751251,-8.618135,-29.734528,-2.858486,-4.273021,150.418716,5.236741,-6.790515
7941,-0.527022,4.916792,-8.565619,-30.004614,-2.641805,-2.893585,149.428452,5.375896,-6.732893
7942,-0.545655,5.093319,-8.500455,-31.342852,-3.070590,-1.884948,148.407898,5.498618,-6.713820
7943,-0.553637,5.235843,-8.416942,-31.872345,-3.410871,-1.123511,147.352966,5.616837,-6.728884
7944,-0.581189,5.381596,-8.300412,-32.044781,-3.288797,0.460400,146.282639,5.716390,-6.781011
7945,-0.608641,5.507826,-8.179859,-32.984749,-2.892057,0.844933,145.191254,5.789366,-6.857442
7946,-0.606702,5.632581,-8.050816,-32.208054,-3.009553,0.852563,144.096664,5.853209,-6.937887
7947,-0.611182,5.764123,-7.932508,-28.605337,-2.945464,-0.113348,143.076111,5.925772,-7.007065
7948,-0.620328,5.877192,-7.830390,-26.006691,-2.477005,-1.059422,142.161865,6.009402,-7.046551
7949,-0.619779,5.986002,-7.731461,-23.816986,-1.698783,-1.208963,141.330093,6.087395,-7.059997
7950,-0.644249,6.099695,-7.648421,-21.438068,-0.912931,-0.516193,140.575348,6.139276,-7.065135
7951,-0.663924,6.196888,-7.608516,-20.791079,0.149113,-0.690148,139.872345,6.161925,-7.057834
7952,-0.669721,6.294937,-7.567517,-22.107952,1.267616,-0.415482,139.160538,6.155886,-7.028354
7953,-0.662912,6.396225,-7.462914,-24.264084,2.235053,0.103333,138.392258,6.115385,-6.985781
7954,-0.657658,6.508981,-7.378609,-28.077372,4.021911,1.182162,137.525681,6.023587,-6.931612
7955,-0.643526,6.655596,-7.303260,-31.948645,5.434917,2.112977,136.532303,5.870827,-6.864109
7956,-0.601175,6.794404,-7.172311,-34.145973,5.378458,2.106873,135.438370,5.692364,-6.789166
7957,-0.551526,6.921571,-6.977457,-35.241592,5.285378,1.931392,134.289734,5.519320,-6.710272
7958,-0.523803,7.064321,-6.858833,-36.146461,6.063599,2.798117,133.107880,5.331681,-6.627590
7959,-0.485004,7.205930,-6.733860,-33.045784,4.530045,2.544814,131.961212,5.146734,-6.557494
7960,-0.441354,7.291662,-6.556611,-26.769653,1.350016,0.744222,130.967697,5.040843,-6.520150
7961,-0.448825,7.381131,-6.387890,-23.466024,0.741172,0.707600,130.131454,4.999876,-6.509156
7962,-0.479098,7.444801,-6.336411,-23.246292,1.493453,1.610947,129.353302,4.946380,-6.505194
7963,-0.504824,7.507000,-6.291352,-21.099314,0.170475,1.459881,128.613327,4.889151,-6.515941
7964,-0.491067,7.575194,-6.127499,-19.091198,-1.619435,1.229466,127.939522,4.868978,-6.562790
7965,-0.478206,7.696104,-5.995598,-20.688841,-0.255258,2.042784,127.271622,4.844908,-6.620971
7966,-0.458604,7.748350,-5.933064,-22.201033,1.235571,2.410532,126.554169,4.775719,-6.652664
7967,-0.439782,7.853146,-5.842349,-20.289049,0.883083,2.441051,125.844444,4.689563,-6.672044
7968,-0.418902,7.951849,-5.712780,-18.015419,0.527542,1.540755,125.204460,4.621912,-6.691535
7969,-0.444956,7.988072,-5.720689,-19.880100,2.209112,1.389688,124.573654,4.555756,-6.681997
7970,-0.427422,8.063469,-5.653788,-21.029119,2.494460,1.845940,123.894585,4.467007,-6.647446
7971,-0.409791,8.154310,-5.558121,-20.380602,1.472090,1.452251,123.206360,4.384666,-6.622678
7972,-0.399891,8.243823,-5.431262,-21.499107,1.060090,1.096710,122.509338,4.326117,-6.610201
7973,-0.382594,8.321588,-5.290141,-25.309341,2.073305,1.980221,121.730507,4.254930,-6.593159
7974,-0.320113,8.457201,-5.121222,-27.625694,3.086519,2.581436,120.850807,4.145285,-6.559122
7975,-0.307283,8.468257,-5.021601,-27.872896,3.432904,2.019895,119.929802,4.024144,-6.504102
7976,-0.290487,8.523484,-4.873329,-28.367296,4.046326,2.547866,118.997467,3.896519,-6.432828
7977,-0.272525,8.584122,-4.753726,-27.819490,4.739097,3.439006,118.066490,3.738913,-6.351722
7978,-0.254838,8.681410,-4.668558,-24.361742,4.145512,3.500043,117.201813,3.567770,-6.274108
7979,-0.264459,8.702112,-4.576235,-21.081001,2.721823,3.142977,116.447647,3.417343,-6.221868
7980,-0.258183,8.795266,-4.468127,-19.962500,1.934446,3.727406,115.764732,3.280424,-6.202518
7981,-0.240339,8.858210,-4.385165,-18.563225,0.960905,3.699939,115.122116,3.147963,-6.212162
7982,-0.217753,8.899077,-4.276157,-16.988470,-0.188117,2.656206,114.527824,3.046454,-6.244989
7983,-0.214062,8.936155,-4.158084,-17.092234,-0.525346,1.824577,113.957642,2.983276,-6.286502
7984,-0.204251,9.018309,-4.068686,-16.646662,-0.726769,0.590103,113.393509,2.954797,-6.321783
7985,-0.214168,9.049319,-3.982778,-15.619717,-0.896146,-0.996859,112.854591,2.971643,-6.343976
7986,-0.243495,9.080650,-3.897827,-15.807405,-1.163183,-2.161140,112.330231,3.033406,-6.355400
7987,-0.255688,9.103931,-3.795675,-15.792146,-1.123509,-2.589926,111.803284,3.121098,-6.360934
7988,-0.259230,9.090031,-3.708704,-16.138531,-0.192694,-2.557880,111.271729,3.208947,-6.349810
7990,-0.258648,9.097167,-3.586641,-19.730558,2.036683,0.190310,110.676323,3.234757,-6.306938
7991,-0.219986,9.162437,-3.409315,-22.613031,3.287941,1.968014,109.974556,3.170164,-6.236260
7992,-0.173454,9.223716,-3.259070,-24.631830,4.490371,3.028532,109.192291,3.048244,-6.141994
7993,-0.137130,9.270186,-3.118254,-26.704039,5.254858,4.082946,108.342720,2.883744,-6.026255
7994,-0.090332,9.354692,-2.942030,-27.264053,4.760458,4.665850,107.448853,2.693700,-5.912141
7995,-0.067004,9.394933,-2.757212,-24.845459,3.245216,3.106354,106.584488,2.530846,-5.822397
7996,-0.055397,9.430308,-2.654777,-23.054026,2.660786,2.637895,105.789146,2.411520,-5.754404
7997,-0.037542,9.487759,-2.541435,-20.540827,2.061098,2.605851,105.064774,2.306362,-5.701729
7998,-0.042096,9.555702,-2.430694,-19.292620,1.700979,2.489880,104.402451,2.208305,-5.662669
7999,-0.044667,9.586026,-2.346460,-19.689358,1.670461,2.430369,103.754082,2.115111,-5.628090
8000,-0.029038,9.640521,-2.216763,-20.760559,1.588061,2.619584,103.081139,2.020646,-5.594769
8001,-0.096078,9.700131,-2.044113,-22.977728,1.388164,3.631272,102.353065,1.908115,-5.569303
8002,-0.047075,9.771135,-1.823594,-27.003122,1.374431,4.554457,101.520615,1.765147,-5.552497
8003,-0.005641,9.742477,-1.655156,-30.296068,1.868831,5.239597,100.566330,1.594611,-5.530717
8004,0.036837,9.753215,-1.481248,-30.030558,1.717764,5.370828,99.561714,1.410044,-5.502769
8005,0.062063,9.784307,-1.362650,-27.337296,1.102816,4.693317,98.606117,1.237018,-5.482840
8006,0.159838,9.786422,-1.242307,-24.813416,0.712179,3.385599,97.737206,1.099479,-5.472015
8007,0.143039,9.736239,-1.165012,-21.648645,0.567216,2.306769,96.963058,1.002677,-5.462944
8008,0.154842,9.808516,-1.028316,-19.089668,0.190313,1.473614,96.284218,0.938637,-5.457632
8009,0.150918,9.838656,-0.950011,-19.889256,0.403942,1.356118,95.634666,0.890717,-5.452644
8010,0.160879,9.882656,-0.824369,-21.818024,0.548905,1.662829,94.939728,0.839144,-5.441459
8011,0.165718,9.899958,-0.691287,-23.308855,0.443616,1.284399,94.187836,0.788861,-5.428886
8012,0.165822,9.902982,-0.556691,-26.063148,0.654194,0.790000,93.365234,0.753166,-5.412879
8013,0.174543,9.882307,-0.405736,-29.516315,1.098239,1.031096,92.439323,0.721366,-5.385211
8014,0.187782,9.875207,-0.189057,-31.234512,1.461409,1.531599,91.427391,0.677221,-5.344024
8015,0.204725,9.824662,-0.004504,-31.759428,1.620105,1.621629,90.378159,0.623849,-5.293534
8016,0.216219,9.796522,0.186887,-31.615992,1.635364,2.264043,89.322548,0.559225,-5.239114
8017,0.234715,9.816343,0.360700,-29.473593,1.383587,2.718769,88.304947,0.477244,-5.187143
8018,0.241431,9.867394,0.488315,-26.321030,0.831202,1.604844,87.375427,0.406642,-5.147591
8019,0.247291,9.847410,0.645964,-23.809357,0.144535,-0.197274,86.540085,0.384112,-5.130050
8020,0.221078,9.789572,0.803722,-22.309372,0.004150,-0.827481,85.771500,0.401364,-5.128621
8021,0.216295,9.770757,0.907191,-22.527580,0.133854,-0.792385,85.024239,0.428469,-5.128457
8022,0.210981,9.749935,1.041865,-23.067757,0.020935,-0.943452,84.264351,0.457505,-5.128592
8023,0.205562,9.698707,1.206131,-23.931433,-0.207954,-0.594015,83.481018,0.482656,-5.134419
8024,0.195107,9.720662,1.313860,-25.617579,-0.301035,0.313911,82.655182,0.486276,-5.143427
8025,0.209218,9.789905,1.460004,-27.749292,-0.572650,1.124177,81.765701,0.460554,-5.154660
8026,0.217419,9.788601,1.602830,-27.853058,-0.844265,0.582474,80.838905,0.428876,-5.173752
8027,0.220934,9.766756,1.767190,-27.274734,-1.082309,0.239140,79.919968,0.410034,-5.203087
8028,0.226701,9.718726,1.925505,-27.436481,-1.698783,0.863244,79.007874,0.383519,-5.245275
8029,0.222249,9.690744,2.065754,-27.105352,-2.414442,1.224888,78.098526,0.335838,-5.305604
8030,0.232965,9.679029,2.227811,-26.076881,-2.774561,0.272711,77.211784,0.293012,-5.384781
8031,0.229665,9.636122,2.360765,-25.411579,-2.744042,0.858666,76.353279,0.253670,-5.469954
8032,0.238739,9.576966,2.516757,-26.096718,-2.655538,2.628740,75.494583,0.175404,-5.543140
8033,0.250804,9.548441,2.616698,-27.103830,-2.185553,3.138399,74.607880,0.061695,-5.596399
8034,0.280216,9.479753,2.819354,-27.457846,-1.668265,3.551924,73.698570,-0.063145,-5.627751
8035,0.301175,9.392093,2.994185,-28.223858,-1.332561,4.678057,72.770645,-0.208937,-5.636085
8036,0.314716,9.308968,3.189116,-29.815399,-1.480576,4.458324,71.803406,-0.368287,-5.634478
8037,0.333243,9.217977,3.258832,-31.228405,-2.534990,3.165865,70.786270,-0.510080,-5.657086
8038,0.379309,9.186140,3.527378,-30.839296,-3.670279,3.088043,69.752502,-0.642989,-5.719165
8039,0.391059,9.154181,3.704443,-30.959846,-3.993775,3.185702,68.723625,-0.785943,-5.801566
8040,0.407919,9.088411,3.807690,-30.439505,-3.926634,2.201481,67.701721,-0.918278,-5.890833
8041,0.470945,9.096218,3.938355,-29.159254,-3.604664,2.521925,66.709946,-1.039445,-5.975993
8042,0.508310,9.087252,4.205967,-27.969027,-2.328990,3.579391,65.758842,-1.172374,-6.025548
8043,0.485013,8.986793,4.284346,-26.388170,-1.025850,2.888147,64.853088,-1.293766,-6.031357
8044,0.508467,8.871617,4.377586,-26.653679,-0.201850,1.420207,63.968838,-1.367417,-6.018731
8045,0.518112,8.793410,4.469405,-26.977179,0.243720,1.729969,63.074467,-1.414103,-5.994582
8046,0.492588,8.681158,4.632846,-25.439047,0.828150,0.130799,62.200180,-1.433467,-5.964459
8047,0.492568,8.588877,4.752720,-25.605370,1.484297,-2.629600,61.349144,-1.378536,-5.950090
8048,0.492292,8.611264,4.877865,-27.727932,1.855097,-2.393082,60.460133,-1.278283,-5.941992
8049,0.470238,8.658768,5.060277,-25.819000,2.021423,-0.926667,59.567131,-1.198103,-5.913698
8050,0.462951,8.579048,5.283741,-26.400379,1.704031,1.343910,58.695683,-1.172279,-5.856891
8051,0.503317,8.484241,5.347236,-28.817444,0.864772,4.548354,57.773586,-1.233287,-5.768912
8052,0.522728,8.388625,5.469639,-29.395769,0.414624,8.111389,56.800396,-1.399333,-5.637119
8053,0.550268,8.217291,5.610080,-28.318466,0.315439,9.271092,55.834049,-1.633743,-5.466500
8054,0.600443,8.077720,5.720009,-28.034645,0.028565,9.414529,54.889313,-1.886744,-5.284789
8055,0.642814,7.934309,5.851857,-26.075357,0.220831,8.378427,53.981392,-2.125531,-5.108861
8056,0.647230,7.798768,5.998061,-24.541800,0.701498,6.403879,53.131683,-2.314572,-4.950008
8057,0.653919,7.825383,6.092474,-22.931952,1.295083,3.556502,52.335247,-2.426494,-4.822811
8058,0.686494,7.783254,6.188240,-21.315994,1.783379,2.706562,51.593342,-2.477035,-4.717856
8059,0.702384,7.608354,6.265575,-21.058115,2.462416,1.754385,50.882732,-2.490708,-4.615993
8060,0.696553,7.643249,6.312746,-21.174084,2.947660,-0.165230,50.175167,-2.453834,-4.529416
8061,0.696045,7.722208,6.440164,-20.374498,3.370341,0.368844,49.479237,-2.388457,-4.446606
8062,0.679566,7.566289,6.558321,-19.506247,2.969023,2.691302,48.809879,-2.357957,-4.333238
8063,0.658070,7.408821,6.651206,-19.567286,2.238104,3.226902,48.153275,-2.374351,-4.202865
8064,0.664878,7.309733,6.710004,-21.270218,1.694875,2.239628,47.468102,-2.397824,-4.093061
8065,0.669892,7.182176,6.797154,-22.747314,1.845942,1.626206,46.730850,-2.404783,-4.005880
8066,0.663652,7.141781,6.846782,-24.384630,2.163334,1.325599,45.941914,-2.394211,-3.923477
8067,0.651166,7.060593,6.989540,-26.099771,3.066682,1.055511,45.096817,-2.361444,-3.833383
8068,0.645695,6.952111,7.121162,-28.063635,3.988341,0.321540,44.190125,-2.293932,-3.734307
8069,0.601624,6.898038,7.317630,-29.208084,4.511734,0.286444,43.231541,-2.198532,-3.628948
8070,0.616601,6.757368,7.348717,-29.604822,4.562089,1.015837,42.246956,-2.102214,-3.510280
8071,0.568231,6.527570,7.575643,-30.676023,5.338785,0.439037,41.237770,-1.995280,-3.382288
8072,0.550198,6.388087,7.634326,-31.118538,5.488325,-1.097570,40.204292,-1.851366,-3.272772
8073,0.520961,6.268593,7.753612,-30.312853,6.246710,-1.814755,39.177853,-1.669799,-3.185104
8074,0.486570,6.195983,7.800154,-28.922735,7.237037,-1.794918,38.188133,-1.456789,-3.091495
8075,0.405553,6.091865,7.997514,-28.501581,8.383007,-2.498370,37.228752,-1.207141,-2.988778
8076,0.367689,5.897818,8.029333,-28.498528,9.161229,-4.417984,36.277309,-0.903924,-2.906065
8077,0.291767,5.770933,8.151404,-30.383043,11.144931,-7.979494,35.295689,-0.508518,-2.875653
8078,0.205287,5.849477,8.152786,-34.799076,12.698323,-12.247508,34.209702,0.010224,-2.925899
8079,0.104159,5.619373,8.312719,-41.349873,13.557420,-15.027744,32.940048,0.626310,-3.062502
8080,-0.009895,5.411147,8.423565,-38.529961,12.141360,-14.826322,31.605837,1.254111,-3.254580
8081,-0.099859,5.247189,8.541492,-36.157146,10.166814,-13.956544,30.355404,1.819792,-3.474511
8082,-0.134528,5.085705,8.611854,-34.188705,7.032563,-11.194619,29.175261,2.276716,-3.696285
8083,-0.169080,4.760793,8.829732,-30.331163,3.989867,-7.921508,28.091940,2.590540,-3.888317
8084,-0.180604,4.651932,8.889185,-23.275282,1.130283,-5.461718,27.191208,2.769538,-4.046722
8085,-0.175094,4.514955,8.959013,-24.898867,0.149113,-5.567006,26.380770,2.871426,-4.201525
8086,-0.156733,4.395200,9.009755,-25.143017,-0.720664,-5.171792,25.538408,2.941213,-4.366878
8087,-0.180605,4.248480,9.047622,-23.806303,-1.237953,-4.758265,24.714172,2.981928,-4.530846
8088,-0.184164,4.090155,9.067689,-22.678646,-1.930724,-3.912903,23.931467,2.993334,-4.684524
8089,-0.172134,3.979169,9.108052,-21.776825,-2.245064,-3.221659,23.183449,2.977047,-4.821571
8090,-0.160094,3.868816,9.172635,-20.832275,-2.097050,-2.660118,22.467207,2.948356,-4.940181
8091,-0.161274,3.760711,9.211788,-19.959448,-1.663687,-2.184029,21.782330,2.920679,-5.038708
8093,-0.155014,3.663726,9.273343,-18.384693,-1.094516,-1.385971,21.139616,2.899643,-5.110982
8094,-0.150546,3.577625,9.297846,-16.730591,-0.142339,-0.766445,20.552317,2.893109,-5.151886
8095,-0.157007,3.459946,9.330057,-16.565790,0.921231,0.191836,19.997166,2.908570,-5.156348
8096,-0.164812,3.385193,9.363469,-16.365894,1.916135,1.235570,19.450275,2.945004,-5.117917
8097,-0.175630,3.303919,9.404675,-15.824190,2.785912,1.603318,18.917450,3.003418,-5.047360
8098,-0.189420,3.227026,9.431114,-16.285017,3.545823,1.493451,18.386707,3.086868,-4.964563
8099,-0.211989,3.134375,9.458395,-16.736691,3.698416,2.025999,17.841473,3.183379,-4.871111
8100,-0.233583,3.021335,9.496466,-16.585627,3.254371,2.141969,17.291819,3.272867,-4.769757
8101,-0.275546,2.941308,9.534813,-16.091227,2.837793,1.910029,16.752672,3.350183,-4.675321
8102,-0.293388,2.867273,9.548159,-16.104958,2.291512,2.596695,16.221773,3.410848,-4.578881
8103,-0.267038,2.745030,9.570371,-15.741789,1.609423,2.991910,15.697433,3.447726,-4.471289
8104,-0.254474,2.669744,9.604998,-16.027138,0.988372,2.251836,15.173742,3.466189,-4.375379
8105,-0.255545,2.628859,9.602904,-16.484913,0.245246,1.336281,14.635708,3.470711,-4.312203
8106,-0.247757,2.542089,9.639278,-20.244795,-2.063479,0.109437,14.024513,3.435431,-4.296349
8107,-0.127911,2.392614,9.723382,-28.020912,-6.011049,-2.834073,13.215632,3.315420,-4.372378
8108,-0.094588,2.141787,9.779520,-34.489307,-7.739921,-5.060399,12.163797,3.120931,-4.551471
8109,-0.059930,1.937560,9.821837,-35.284317,-7.633107,-4.907806,10.989737,2.903402,-4.765918
8110,0.005577,1.680786,9.871344,-34.849426,-6.708396,-3.900695,9.811812,2.694811,-4.953644
8111,0.076324,1.477989,9.886114,-30.206039,-4.404249,-2.519733,8.721511,2.529180,-5.089145
8112,-0.040332,1.318354,9.911483,-21.412128,-0.389539,0.141481,7.859080,2.455752,-5.139822
8113,-0.068919,1.329109,9.913228,-13.031746,1.043305,2.198429,7.286778,2.461248,-5.099512
8114,-0.073627,1.303836,9.906816,-9.471763,1.435468,2.250310,6.915137,2.492962,-5.020704
8115,-0.081139,1.292058,9.907310,-7.216444,1.633838,2.111451,6.640440,2.535156,-4.942385
8116,-0.101564,1.241698,9.867411,-6.537408,2.117557,1.823051,6.414446,2.589809,-4.870044
8117,-0.085866,1.237603,9.820709,-6.258163,2.940031,1.383584,6.204056,2.667718,-4.807584
8118,-0.088740,1.197554,9.826655,-7.011971,4.002075,1.775747,5.985968,2.777179,-4.742854
8119,-0.119458,1.130522,9.827941,-7.517051,4.661275,2.410532,5.748004,2.913674,-4.658575
8120,-0.165478,1.088667,9.843592,-7.947363,5.334208,2.734028,5.495575,3.071054,-4.556782
8121,-0.185150,1.045767,9.887680,-7.794770,5.593614,3.243687,5.239621,3.243061,-4.440370
8122,-0.192806,0.992328,9.906102,-7.222547,5.073273,3.789969,4.997037,3.409662,-4.307521
8123,-0.226501,0.970425,9.911808,-7.140148,4.844386,3.233006,4.765613,3.564381,-4.176592
8124,-0.241709,0.913375,9.916846,-7.701688,4.842860,2.517347,4.525166,3.717551,-4.067777
8125,-0.260647,0.851925,9.901704,-8.159467,4.482740,1.774221,4.266340,3.867054,-3.984371
8126,-0.294743,0.829280,9.851371,-10.011940,3.580919,0.588577,3.966855,3.998291,-3.935341
8127,-0.317659,0.786956,9.886844,-13.205701,2.108401,-0.603171,3.580329,4.092956,-3.929363
8128,-0.317801,0.696573,9.876929,-14.238751,0.701498,-1.682000,3.120392,4.141970,-3.964800
8129,-0.298079,0.612248,9.880496,-14.215863,-0.055361,-2.654015,2.640965,4.156392,-4.036670
8130,-0.283464,0.526070,9.882529,-14.153300,-0.503983,-2.466326,2.161937,4.150688,-4.122573
8131,-0.292148,0.423291,9.921412,-12.685361,-0.877835,-1.118934,1.710257,4.129685,-4.183245
8132,-0.297086,0.346454,9.880893,-9.895968,-0.108769,-0.058415,1.332465,4.113732,-4.203364
8133,-0.292208,0.300563,9.912661,-7.831392,0.634357,1.656725,1.038944,4.121913,-4.176464
8134,-0.314996,0.273435,9.906647,-6.033852,0.263557,3.382547,0.813939,4.135477,-4.092010
8135,-0.332884,0.272068,9.909941,-3.883824,0.089602,3.382547,0.656802,4.139876,-3.978903
8136,-0.302251,0.269613,9.924842,-2.167158,0.371898,2.729451,0.563335,4.146464,-3.876694
8137,-0.273786,0.264407,9.951760,-0.725159,0.030090,3.094147,0.522178,4.152237,-3.779316
8138,-0.277163,0.241812,9.924759,-0.287218,-0.752709,3.113984,0.512794,4.139248,-3.675690
8139,-0.283199,0.231371,9.912623,-0.126996,-1.288309,2.689777,0.512833,4.104362,-3.579021
8140,-0.267635,0.242022,9.928907,-0.207870,-1.920042,2.598221,0.513495,4.050102,-3.491148
8141,-0.257067,0.257069,9.955093,-0.267381,-1.961242,2.344918,0.511315,3.984680,-3.409142
8142,-0.259041,0.264804,9.968414,-0.218551,-1.627064,1.615525,0.507741,3.924291,-3.343513
8143,-0.260923,0.254464,9.976237,-0.235336,-1.520250,1.121125,0.503251,3.871435,-3.298262
8144,-0.248431,0.270988,9.991970,-0.337574,-1.382916,0.757955,0.495778,3.822779,-3.267298
8145,-0.267129,0.259710,10.011661,-0.622922,-1.308146,0.596207,0.481243,3.777738,-3.245062
8146,-0.275092,0.233341,9.956508,-0.667172,-1.996338,0.904444,0.461350,3.722459,-3.220451
8147,-0.260670,0.209033,9.918628,-0.714477,-2.650960,1.401895,0.440758,3.644705,-3.182546
8148,-0.226417,0.208829,9.895391,-0.310106,-2.995819,1.484296,0.426662,3.550229,-3.135064
8149,-0.210726,0.203297,9.910389,0.208707,-3.037019,1.324073,0.427788,3.449334,-3.088926
8150,-0.163006,0.222457,9.856261,1.057122,-2.852382,1.220310,0.451358,3.350853,-3.047204
8151,-0.139199,0.232700,9.874986,1.342470,-2.196235,1.177584,0.493621,3.266380,-3.007875
8152,-0.135550,0.218065,9.885932,1.617137,-1.241005,0.527540,0.544527,3.208837,-2.979935
8153,-0.126663,0.259842,9.945162,1.673596,-0.137761,0.046874,0.599894,3.185760,-2.970582
8154,-0.122939,0.262565,9.924738,1.534737,0.374950,0.016355,0.653427,3.189700,-2.969488
8155,-0.147159,0.256792,9.930940,1.191404,0.532120,0.022459,0.698909,3.204808,-2.968664
8156,-0.156771,0.297943,9.933802,1.115107,0.654194,-0.182015,0.737215,3.224612,-2.971080
8157,-0.159257,0.337124,9.934870,1.374515,0.678609,-0.212534,0.778354,3.246910,-2.977371
8158,-0.182848,0.303084,9.907650,1.498115,0.503128,-0.238475,0.825819,3.266709,-2.984623
8159,-0.184002,0.315873,9.942785,1.481329,0.385631,-0.066045,0.875199,3.281595,-2.989485
8160,-0.164169,0.335528,9.953342,1.881122,0.132327,0.236089,0.931410,3.290183,-2.986510
8161,-0.171657,0.318535,9.940231,2.149685,-0.264413,0.403940,0.999201,3.287803,-2.975863
8162,-0.179670,0.339470,9.960523,1.572885,-0.896147,0.957851,1.062523,3.268056,-2.953480
8163,-0.150883,0.390522,9.976230,1.083063,-1.433272,1.661303,1.109224,3.228415,-2.910497
8164,-0.145767,0.367923,9.959023,0.208708,-1.230324,1.469036,1.133627,3.183013,-2.859121
8165,-0.156773,0.349497,9.933320,-0.740418,-0.642843,0.739644,1.126768,3.151077,-2.822875
8166,-0.144319,0.347543,9.936202,-1.413350,-0.487198,0.687762,1.092157,3.131789,-2.799416
8167,-0.140275,0.329833,9.905107,-1.143261,-0.195746,0.258977,1.050397,3.120115,-2.783828
8168,-0.154676,0.308528,9.876456,-0.680905,0.516861,-0.404800,1.019867,3.125511,-2.786164
8169,-0.165706,0.319880,9.899246,0.036279,0.869349,-0.490252,1.008329,3.148876,-2.800690
8170,-0.167915,0.335066,9.947371,0.664959,0.806786,-0.189645,1.019417,3.177009,-2.811541
8171,-0.167550,0.339347,9.942668,1.067804,1.110446,-0.401748,1.047778,3.209136,-2.820832
8172,-0.163818,0.332301,9.940102,0.892322,1.316446,-0.352919,1.079780,3.249810,-2.832675
8173,-0.177117,0.329675,9.933721,0.837389,1.034149,-0.154548,1.108168,3.289141,-2.840397
8174,-0.182121,0.367998,9.918598,0.817552,0.672505,0.072815,1.135703,3.317607,-2.841203
8175,-0.177033,0.367548,9.906761,0.297211,0.544327,0.355111,1.154721,3.337742,-2.833654
8176,-0.186518,0.362810,9.921061,-0.113263,0.379527,0.513807,1.158651,3.352844,-2.818839
8177,-0.199783,0.371902,9.926101,-0.366566,0.252876,0.628251,1.151782,3.362999,-2.799564
8178,-0.209617,0.378190,9.937115,-0.757203,0.294076,0.898340,1.134560,3.371606,-2.773899
8179,-0.194886,0.355416,9.935387,-0.922002,0.294076,1.292029,1.108737,3.380692,-2.737145
8180,-0.179203,0.341680,9.925099,-0.612239,0.008727,1.679614,1.086099,3.384789,-2.687443
8181,-0.159535,0.339044,9.927149,-0.326892,-0.253732,1.862725,1.073930,3.379592,-2.628389
8182,-0.149678,0.344419,9.936835,0.034752,-0.380383,1.687244,1.072535,3.367915,-2.569329
8183,-0.142064,0.337483,9.939399,-0.075113,-0.499406,1.386636,1.074853,3.352293,-2.518294
8184,-0.144218,0.334030,9.917075,-0.078166,-0.816798,1.101288,1.074694,3.329583,-2.477178
8185,-0.168553,0.354720,9.913332,-0.172773,-0.684042,0.406992,1.071939,3.304102,-2.452471
8186,-0.194478,0.351295,9.893468,-0.412344,-0.276620,-0.198800,1.062369,3.288030,-2.449295
8187,-0.193770,0.335362,9.893156,-0.587824,-0.182013,-0.276622,1.045237,3.280534,-2.457371
8188,-0.177856,0.329379,9.892736,-0.503900,-0.130131,-0.333082,1.026453,3.275515,-2.467641
8189,-0.175776,0.346507,9.923703,-0.763307,0.283394,-0.755763,1.004297,3.278391,-2.485770
8190,-0.168534,0.338127,9.954221,-1.114269,0.490920,-0.929718,0.971405,3.291779,-2.513680
8191,-0.175347,0.336487,9.971574,-1.335529,0.567217,-0.993807,0.928742,3.309943,-2.545494
8192,-0.188670,0.316706,9.958485,-1.584254,0.913602,-1.381392,0.877804,3.335244,-2.584753
8193,-0.205508,0.308669,9.953498,-1.672758,1.229468,-1.637748,0.820603,3.371705,-2.634622
8194,-0.217502,0.309021,9.936530,-1.311114,1.287453,-1.477526,0.767828,3.414370,-2.686046
8196,-0.230794,0.278996,9.905992,-0.734314,1.165379,-1.282207,0.731008,3.455849,-2.731583
8197,-0.225592,0.274448,9.907182,-0.194137,0.996001,-1.105200,0.713146,3.492371,-2.770987
8198,-0.230134,0.301810,9.938486,0.184293,0.832727,-0.690148,0.711171,3.523221,-2.800583
8199,-0.226982,0.300293,9.946018,0.440648,0.626727,-0.406326,0.720476,3.547773,-2.818585
8200,-0.219030,0.266672,9.925756,0.246857,0.448194,-0.430741,0.731082,3.565864,-2.832334
8201,-0.220431,0.270095,9.936688,-0.259750,0.527542,-0.540607,0.729869,3.582331,-2.848346
8202,-0.227262,0.296839,9.935297,-0.633603,0.567216,-0.539081,0.713864,3.600801,-2.866144
8203,-0.217977,0.290341,9.912344,-0.807559,0.443616,-0.488726,0.688778,3.617857,-2.883102
8204,-0.217591,0.273575,9.910221,-0.966255,0.266609,-0.397171,0.658288,3.629866,-2.897756
8205,-0.223975,0.285839,9.951288,-1.056284,0.130802,-0.270519,0.623877,3.636613,-2.908832
8206,-0.223063,0.294664,9.945741,-0.917425,-0.230843,0.020933,0.590716,3.634990,-2.913018
8207,-0.220492,0.265962,9.928141,-0.859440,-0.600117,0.245244,0.561375,3.621096,-2.908713
8208,-0.227017,0.239624,9.924228,-0.964728,-0.789332,0.254400,0.531483,3.597860,-2.900592
8209,-0.231380,0.258637,9.925550,-0.905218,-0.737450,0.240666,0.500820,3.572340,-2.892555
8210,-0.228886,0.263664,9.905098,-0.693113,-0.481095,0.175052,0.474602,3.551973,-2.885786
8211,-0.219934,0.244319,9.910246,-0.703795,-0.043154,-0.066044,0.451428,3.543220,-2.884036
8212,-0.222834,0.218672,9.912062,-0.665648,0.278816,-0.328504,0.428199,3.547199,-2.890593
8213,-0.219784,0.221651,9.913797,-0.471855,0.587053,-0.476519,0.408413,3.561728,-2.903930
8214,-0.216987,0.205272,9.910392,-0.345202,0.776268,-0.674889,0.393607,3.584584,-2.922997
8215,-0.230257,0.180786,9.906835,-0.313159,0.602313,-0.839689,0.381058,3.607731,-2.948133
8216,-0.240019,0.217673,9.916091,-0.241439,0.495498,-0.838163,0.370055,3.626211,-2.976032
8217,-0.237079,0.242551,9.937777,-0.197188,0.471083,-0.574178,0.361256,3.642470,-2.999515
8218,-0.236170,0.239067,9.936355,-0.340625,0.280342,-0.505511,0.351150,3.655106,-3.017468
8219,-0.250892,0.241782,9.931984,-0.566463,0.239142,-0.560445,0.334899,3.663871,-3.035218
8220,-0.255611,0.260035,9.942339,-0.662595,0.373424,-0.420059,0.313371,3.674172,-3.051535
8221,-0.262525,0.241911,9.932255,-0.770936,0.315439,-0.197274,0.288821,3.685707,-3.061785
8222,-0.265150,0.224689,9.923089,-0.876225,0.435987,-0.244578,0.260896,3.698265,-3.069104
8223,-0.254403,0.218730,9.940530,-0.845707,0.655720,-0.200326,0.231722,3.716492,-3.076457
8224,-0.242614,0.208069,9.948360,-0.893011,0.435987,0.046874,0.202581,3.734697,-3.078950
8225,-0.233074,0.194519,9.948444,-0.802980,-0.110295,0.254400,0.174644,3.740107,-3.073901
8226,-0.232786,0.184098,9.938472,-0.728210,-0.426161,0.303229,0.149729,3.731139,-3.064613
8227,-0.229048,0.165084,9.904843,-0.755676,-0.764917,0.455822,0.125817,3.711258,-3.051984
8228,-0.247092,0.169336,9.879441,-0.677855,-0.851894,0.475659,0.102924,3.684280,-3.036482
8229,-0.262675,0.206724,9.910041,-0.601559,-0.235421,0.249822,0.082375,3.666138,-3.024395
8230,-0.260390,0.190927,9.908312,-0.784670,0.457349,0.361214,0.059925,3.669824,-3.014184
8231,-0.235998,0.179804,9.915407,-0.696166,0.584001,0.721333,0.036406,3.687164,-2.996089
8232,-0.226802,0.195833,9.935902,-0.452018,0.518386,0.768636,0.018874,3.705524,-2.971195
8233,-0.228559,0.194452,9.959973,-0.432181,0.210149,0.817466,0.005852,3.717662,-2.944702
8234,-0.228181,0.163527,9.912936,-0.291795,-0.507035,1.060088,-0.004183,3.712712,-2.913343
8235,-0.230553,0.176242,9.906838,-0.151411,-0.789332,0.883081,-0.009475,3.691110,-2.880888
8236,-0.236320,0.183536,9.900451,-0.126996,-0.635213,0.484814,-0.012650,3.667372,-2.858038
8237,-0.237049,0.184106,9.917668,-0.249070,-0.444472,0.268133,-0.018116,3.649380,-2.845458
8238,-0.230433,0.188786,9.919826,-0.445914,-0.357495,0.187259,-0.029215,3.636017,-2.837848
8239,-0.218970,0.182784,9.929086,-0.603085,-0.299510,0.161318,-0.046330,3.625070,-2.832018
8240,-0.218469,0.163075,9.921790,-0.688537,-0.345287,0.068237,-0.067614,3.614328,-2.828174
8241,-0.225252,0.171476,9.926828,-0.821292,-0.305613,-0.081304,-0.092791,3.603480,-2.828377
8242,-0.232464,0.163431,9.927802,-0.973885,-0.088932,-0.188119,-0.122992,3.596896,-2.832863
8243,-0.232612,0.128706,9.904984,-0.838078,0.089602,-0.240000,-0.153640,3.596889,-2.840012
8244,-0.231431,0.133765,9.909694,-0.690063,0.112491,-0.230845,-0.179603,3.600235,-2.847885
8245,-0.238988,0.145126,9.924232,-0.662595,0.223883,-0.310193,-0.202717,3.605811,-2.856938
8246,-0.238575,0.138058,9.927509,-0.528315,0.297127,-0.337660,-0.223248,3.614455,-2.867789
8247,-0.238618,0.133801,9.934868,-0.470329,0.185735,-0.305615,-0.240572,3.622460,-2.878565
8248,-0.239634,0.142768,9.938444,-0.535944,0.165898,-0.366652,-0.258055,3.628271,-2.889817
8249,-0.241430,0.142327,9.930218,-0.610714,0.280342,-0.517719,-0.278104,3.635640,-2.904622
8250,-0.233302,0.137696,9.927967,-0.619870,0.200994,-0.418534,-0.299609,3.643584,-2.920297
8251,-0.244183,0.138112,9.934155,-0.764833,0.223883,-0.510089,-0.323676,3.650580,-2.935844
8252,-0.240458,0.126504,9.928104,-0.717528,0.141483,-0.484148,-0.349442,3.656572,-2.952484
8253,-0.236125,0.126925,9.926496,-0.555780,-0.070620,-0.336134,-0.371538,3.657667,-2.966190
8254,-0.234837,0.127483,9.919528,-0.310106,-0.017213,-0.421585,-0.386776,3.656120,-2.978835
8255,-0.239277,0.134857,9.920997,-0.152936,0.179631,-0.598593,-0.395582,3.658711,-2.995891
8256,-0.237757,0.109533,9.923614,-0.069011,0.167424,-0.510089,-0.400466,3.664367,-3.014446
8257,-0.248851,0.112071,9.934252,-0.101055,0.286446,-0.630637,-0.404523,3.671797,-3.033550
8258,-0.255474,0.121958,9.934952,-0.281115,0.408520,-0.673363,-0.412294,3.683225,-3.055410
8259,-0.264798,0.101078,9.936999,-0.508476,0.365794,-0.447526,-0.426665,3.695992,-3.074224
8260,-0.261215,0.077341,9.927721,-0.767884,0.307809,-0.313245,-0.448764,3.707122,-3.087017
8261,-0.260327,0.083228,9.918324,-0.903692,0.156742,-0.117926,-0.477093,3.714805,-3.094280
8262,-0.250556,0.087718,9.900898,-0.798403,0.008727,0.240666,-0.505330,3.717581,-3.092255
8263,-0.251597,0.073289,9.904166,-0.629025,0.158268,0.252874,-0.528588,3.720436,-3.084037
8264,-0.249318,0.060271,9.917131,-0.493218,0.280342,0.136903,-0.546874,3.727808,-3.077596
8265,-0.257077,0.067736,9.907333,-0.215498,0.275764,0.109437,-0.558423,3.737115,-3.073571
8266,-0.251281,0.070716,9.918397,-0.012550,0.503127,-0.064519,-0.562183,3.750103,-3.072948
8267,-0.254489,0.061048,9.926074,0.121730,0.544327,-0.212534,-0.560678,3.767515,-3.077746
8268,-0.264969,0.057810,9.924445,0.053063,0.420727,-0.372756,-0.558419,3.783503,-3.087679
8269,-0.270672,0.090216,9.930894,-0.073588,0.426831,-0.461259,-0.559691,3.797492,-3.101748
8270,-0.261908,0.082344,9.946376,-0.047648,0.301705,-0.197274,-0.562449,3.809527,-3.112866
8271,-0.258214,0.061271,9.935044,0.104945,-0.148443,-0.005008,-0.561720,3.812047,-3.116269
8272,-0.268337,0.080350,9.928188,0.082056,-0.435317,-0.059941,-0.558669,3.802308,-3.117259
8273,-0.265736,0.093998,9.925552,0.373508,-0.577228,0.150637,-0.550965,3.785448,-3.115581
8274,-0.255874,0.090298,9.918509,0.478796,-0.613850,0.226933,-0.536332,3.765657,-3.109086
8275,-0.255515,0.091115,9.934782,0.373508,-0.462783,-0.012637,-0.521882,3.747747,-3.105341
8276,-0.266963,0.091388,9.921679,0.219389,-0.211006,-0.203378,-0.512229,3.736486,-3.108847
8277,-0.264735,0.086656,9.904379,0.063745,0.123172,-0.293408,-0.508050,3.734948,-3.117131
8278,-0.250752,0.092722,9.918355,-0.130046,0.419201,-0.377334,-0.509891,3.743887,-3.128414
8279,-0.248635,0.069434,9.927606,-0.175825,0.220831,-0.258311,-0.515690,3.754459,-3.139126
8280,-0.261485,0.075499,9.897595,-0.105632,-0.119450,-0.290356,-0.520982,3.756067,-3.148306
8281,-0.262715,0.105949,9.911841,-0.036965,-0.182013,-0.201852,-0.523894,3.750967,-3.156481
8282,-0.262036,0.101937,9.935843,0.132411,-0.343761,-0.034001,-0.522555,3.742169,-3.160340
8283,-0.266990,0.083251,9.923265,0.208708,-0.522294,-0.053837,-0.516956,3.727722,-3.161676
8284,-0.260690,0.092585,9.909139,0.338411,-0.320872,-0.073674,-0.507968,3.713650,-3.163678
8285,-0.254725,0.101903,9.927421,0.407078,-0.056887,-0.038578,-0.495661,3.707338,-3.165498
8286,-0.255715,0.087912,9.926592,0.455908,0.049928,-0.145393,-0.481476,3.707197,-3.168571
8287,-0.248897,0.090650,9.933457,0.400974,0.225409,-0.157600,-0.467525,3.711744,-3.173669
8288,-0.253131,0.105037,9.938769,0.352145,0.220831,-0.078252,-0.455232,3.719148,-3.177668
8289,-0.268500,0.104064,9.941505,0.300263,0.086550,-0.154548,-0.444614,3.724241,-3.181596
8290,-0.264804,0.103565,9.926390,0.259064,-0.111820,-0.015689,-0.435476,3.723798,-3.184436
8291,-0.263477,0.120693,9.925652,0.184293,-0.227791,0.124696,-0.427966,3.718152,-3.182573
8292,-0.261954,0.107966,9.915345,0.271272,-0.351391,0.159793,-0.420060,3.708534,-3.177750
8293,-0.253707,0.094611,9.913478,0.384190,-0.505509,0.246770,-0.408691,3.694302,-3.170856
8294,-0.247606,0.112476,9.921982,0.373508,-0.581805,0.271185,-0.395498,3.676241,-3.162078
8295,-0.251139,0.113014,9.925531,0.387241,-0.407850,0.135377,-0.382378,3.659793,-3.155176
8296,-0.244967,0.108248,9.926137,0.405552,-0.291880,0.152163,-0.368854,3.648163,-3.150298
8297,-0.243924,0.122503,9.931424,0.262115,-0.239998,0.161318,-0.357390,3.639332,-3.145007
8299,-0.250972,0.131258,9.937903,0.046959,0.152164,-0.151496,-0.352227,3.637869,-3.144834
8300,-0.244737,0.118487,9.925033,0.083582,0.268135,-0.142341,-0.350366,3.644843,-3.149784
8301,-0.240191,0.112163,9.923563,0.111049,0.168950,-0.142341,-0.347428,3.652100,-3.154583
8302,-0.247035,0.109669,9.935374,0.188871,0.240668,-0.354445,-0.342961,3.658877,-3.162920
8303,-0.248251,0.119941,9.926291,0.407078,0.159794,-0.352919,-0.333785,3.665481,-3.174773
8304,-0.242964,0.132057,9.930215,0.596293,-0.160650,-0.218637,-0.317672,3.665413,-3.184319
8305,-0.255124,0.138093,9.927932,0.600871,-0.250680,-0.343763,-0.298317,3.658507,-3.193673
8306,-0.262922,0.152801,9.922092,0.738204,-0.377332,-0.238474,-0.276615,3.647992,-3.203344
8307,-0.255358,0.167676,9.914845,0.669537,-0.626057,-0.023319,-0.253425,3.631249,-3.207638
8308,-0.252157,0.164287,9.920815,0.457434,-0.583331,-0.111823,-0.234779,3.611084,-3.209809
8309,-0.253874,0.159417,9.911395,0.350619,-0.529924,-0.096563,-0.221526,3.592515,-3.213214
8310,-0.250872,0.163749,9.923731,0.304841,-0.452102,-0.058415,-0.210759,3.576139,-3.215740
8311,-0.248245,0.145021,9.917677,0.445226,-0.331554,-0.194223,-0.198518,3.563063,-3.219913
8312,-0.239218,0.151591,9.934093,0.729048,-0.308665,-0.276623,-0.179432,3.552367,-3.227740
8313,-0.236635,0.153054,9.953537,1.125789,-0.374280,-0.406326,-0.149222,3.540951,-3.239112
8314,-0.239150,0.136475,9.935937,1.720900,-0.574176,-0.551289,-0.102761,3.525109,-3.255068
8315,-0.230775,0.153171,9.937375,2.335848,-0.880887,-0.561971,-0.036285,3.500835,-3.273627
8316,-0.214584,0.214738,9.960180,2.848559,-1.001435,-0.703882,0.048837,3.469466,-3.294767
8317,-0.225754,0.209797,9.949626,3.291077,-0.888516,-0.774074,0.149674,3.438010,-3.319500
8318,-0.220681,0.237094,9.910973,3.568796,-0.899198,-0.671837,0.262557,3.408302,-3.343750
8319,-0.209887,0.306708,9.934383,3.370425,-0.769494,-0.618430,0.376926,3.380612,-3.365448
8320,-0.210434,0.308695,9.920150,3.277344,-0.606220,-0.636741,0.486480,3.357842,-3.386577
8321,-0.208628,0.296010,9.915272,2.932485,-0.507035,-0.568074,0.588792,3.339477,-3.406867
8322,-0.199051,0.325326,9.920800,2.766159,-0.594013,-0.563497,0.682660,3.321336,-3.425961
8323,-0.195393,0.351894,9.932372,2.909596,-0.781702,-0.453630,0.776259,3.298625,-3.443232
8324,-0.186916,0.327739,9.916435,3.254455,-0.951080,-0.178963,0.878364,3.269901,-3.454207
8325,-0.180960,0.344053,9.919759,3.458929,-0.931243,-0.127082,0.989936,3.238619,-3.459827
8326,-0.177035,0.360037,9.931481,4.098292,-1.050265,-0.151497,1.115594,3.205686,-3.465086
8327,-0.168503,0.401510,9.896834,5.099299,-1.321880,-0.264415,1.268455,3.166302,-3.472851
8328,-0.160996,0.412308,9.906224,5.790543,-1.350872,-0.380385,1.449304,3.122024,-3.484668
8329,-0.169827,0.460093,9.940658,6.744246,-1.372235,-0.659629,1.657211,3.077124,-3.503255
8330,-0.168253,0.525077,9.942463,8.068749,-1.726250,-0.716089,1.902785,3.026217,-3.527814
8331,-0.172323,0.574583,9.926367,9.001089,-1.898679,-0.708459,2.185926,2.966689,-3.553731
8332,-0.162097,0.625270,9.906913,9.988364,-1.962768,-0.307141,2.501413,2.903080,-3.573301
8333,-0.152671,0.668989,9.891678,11.691297,-1.901731,-0.276622,2.862101,2.839208,-3.586052
8334,-0.121167,0.731958,9.889692,13.884051,-1.678946,-0.632163,3.287451,2.780432,-3.604408
8335,-0.115429,0.868473,9.941295,16.809250,-1.761346,-0.908356,3.797593,2.724783,-3.633627
8336,-0.094338,0.979958,9.949129,19.540657,-2.800501,-0.606222,4.401971,2.650750,-3.664284
8337,-0.055296,1.078908,9.929002,22.462805,-3.784723,-0.601645,5.100688,2.543061,-3.693433
8338,-0.120533,1.274068,9.939292,26.341707,-3.741997,0.190311,5.913243,2.418861,-3.712285
8339,-0.077754,1.437863,9.860998,28.087366,-4.537005,1.681140,6.820990,2.278332,-3.696609
8340,-0.053797,1.578471,9.763498,29.067009,-3.488694,3.381021,7.776077,2.135037,-3.629824
8341,-0.033377,1.705175,9.735497,29.466801,-1.387494,4.278265,8.755760,2.036391,-3.515179
8342,-0.046816,1.862938,9.765492,28.954092,0.034668,4.484265,9.734325,1.990763,-3.374722
8343,0.041625,2.025699,9.714540,26.195217,0.060609,3.693836,10.658068,1.968238,-3.240318
8344,0.007132,2.199569,9.725198,24.646404,0.866298,2.665362,11.509044,1.962999,-3.133290
8345,-0.001268,2.259581,9.759369,21.712049,0.320016,1.162325,12.283927,1.969155,-3.066816
8346,0.012001,2.402886,9.677575,20.488256,-0.827480,-0.192696,12.987714,1.957293,-3.052881
8347,-0.015098,2.513051,9.661160,22.304108,-0.584857,-0.400222,13.700376,1.936591,-3.067894
8348,-0.028431,2.555578,9.654433,26.602640,-0.246102,-0.464311,14.514864,1.926667,-3.085270
8349,-0.055800,2.693202,9.603969,33.260250,-0.314769,-1.213541,15.511528,1.924890,-3.114740
8350,-0.031888,2.999528,9.505117,39.687447,-1.595020,-1.389022,16.725513,1.906316,-3.165280
8351,-0.038710,3.265246,9.476055,43.572456,-2.814234,-0.995334,18.111032,1.848078,-3.225123
8352,-0.009536,3.571384,9.318495,45.000721,-4.298960,-1.654533,19.584494,1.750182,-3.305129
8353,0.015559,3.830289,9.191698,43.262691,-5.257241,-1.909363,21.052017,1.621359,-3.416045
8354,0.087340,4.038038,9.044177,38.871078,-5.747063,-1.537037,22.417408,1.472214,-3.537239
8355,0.071732,4.240953,8.961238,36.183922,-3.976990,-1.614859,23.665403,1.343633,-3.648922
8356,0.101632,4.368115,8.838211,34.226162,-1.715568,-1.654533,24.836718,1.279558,-3.737708
8357,0.084897,4.534511,8.829566,33.673779,0.448194,-0.842741,25.967207,1.278399,-3.784538
8358,0.067984,4.747221,8.769958,34.206322,1.256935,0.178103,27.098475,1.308908,-3.781882
8359,0.020985,4.931218,8.764700,34.885361,1.975646,1.412577,28.251005,1.344409,-3.733392
8360,0.026619,5.053781,8.615816,35.019646,1.218787,2.700458,29.417980,1.358103,-3.647651
8361,0.018481,5.298603,8.496523,34.577126,0.039246,3.475628,30.580120,1.324861,-3.547897
8362,0.042040,5.343980,8.446354,32.724655,-1.894101,4.130250,31.703753,1.232862,-3.455257
8363,0.061204,5.523679,8.309392,33.473881,-3.702323,4.150087,32.808285,1.080319,-3.388150
8364,0.109265,5.655257,8.134987,33.759228,-5.736382,4.885584,33.929367,0.866052,-3.348793
8365,0.172006,5.789343,7.996753,35.224117,-7.356914,5.939998,35.079277,0.584002,-3.323558
8366,0.242146,5.989126,7.880191,40.021629,-7.895565,6.695331,36.333382,0.254711,-3.300791
8367,0.313272,6.241326,7.632176,42.330353,-7.347758,6.690754,37.705753,-0.082382,-3.275662
8368,0.404111,6.386093,7.462735,40.877674,-6.270456,6.922693,39.092186,-0.401097,-3.238931
8369,0.491476,6.585703,7.374563,40.152855,-4.410352,5.784354,40.442039,-0.673256,-3.190055
8370,0.475071,6.735472,7.316557,35.626961,-1.273050,2.679095,41.704277,-0.837274,-3.146150
8371,0.413758,6.811721,7.286587,28.856430,0.832727,0.738118,42.778332,-0.880990,-3.109271
8372,0.394676,6.934471,7.284146,24.252714,1.379009,0.225407,43.662865,-0.865104,-3.072526
8373,0.353320,6.980094,7.280879,22.128626,0.898342,0.188785,44.435371,-0.842611,-3.041227
8374,0.303954,7.095137,7.223320,21.171871,-1.096042,0.875451,45.156860,-0.857462,-3.030947
8375,0.399970,7.195023,6.995032,25.836626,-4.839138,3.937984,45.940525,-0.984046,-3.045280
8376,0.472139,7.203719,6.823883,28.819807,-7.225685,4.836754,46.852276,-1.228637,-3.089803
8377,0.540560,7.350078,6.559075,31.917439,-8.994231,4.681109,47.866665,-1.528489,-3.181128
8378,0.609082,7.508933,6.317256,33.348755,-8.814174,4.682635,48.957798,-1.842273,-3.299560
8379,0.655539,7.574270,6.144423,32.697182,-6.766380,3.667895,50.062145,-2.116671,-3.406771
8380,0.604949,7.680352,6.225681,28.281157,-4.640767,1.336281,51.081974,-2.301747,-3.500867
8381,0.639152,7.920936,6.083307,25.723707,-4.491227,0.759481,51.985989,-2.423776,-3.598556
8382,0.634186,7.980274,6.010174,22.665752,-3.148412,0.011777,52.796444,-2.511689,-3.691674
8383,0.616289,8.017920,5.966381,21.487738,-2.356457,-1.402756,53.536148,-2.548118,-3.779148
8384,0.617135,8.113460,5.861216,23.242552,-3.072116,-2.290844,54.286488,-2.551683,-3.888710
8385,0.693107,8.212687,5.609790,27.090937,-3.877804,-1.910889,55.131359,-2.561488,-4.023857
8386,0.694437,8.269396,5.492192,29.700270,-3.502427,-2.040592,56.084042,-2.576610,-4.162642
8387,0.711826,8.437027,5.331607,30.930162,-4.123479,-1.950562,57.100918,-2.591017,-4.305523
8388,0.771229,8.588839,5.140130,30.158047,-5.202308,-0.656578,58.126026,-2.637594,-4.460167
8389,0.811684,8.615170,4.964508,27.684521,-5.457138,1.508710,59.096771,-2.742266,-4.604446
8390,0.804861,8.645083,4.882493,22.865648,-4.013612,1.543807,59.944633,-2.866130,-4.714639
8391,0.801330,8.678328,4.801735,20.056419,-2.704368,0.368844,60.664097,-2.949245,-4.796207
8392,0.804130,8.645354,4.720886,19.298035,-1.547717,-0.433793,61.323215,-2.982648,-4.858862
8393,0.776110,8.649889,4.645896,19.002005,0.019409,-1.862059,61.963631,-2.961046,-4.899562
8394,0.671492,8.723925,4.330157,19.652050,1.217261,-3.410872,62.608990,-2.873631,-4.922307
8396,0.638208,8.785795,4.145523,24.809677,1.266090,-2.902740,63.350540,-2.761074,-4.933340
8397,0.652836,8.917775,4.004010,27.042107,-0.149969,-1.282207,64.215355,-2.690268,-4.947414
8398,0.690059,8.995196,3.904608,27.345766,-1.311198,-0.925141,65.123520,-2.667472,-4.985062
8399,0.679037,9.088195,3.733801,27.309143,-1.895627,-1.512622,66.037415,-2.652634,-5.050537
8400,0.753468,9.235891,3.748183,26.338655,-2.548723,-2.530414,66.935852,-2.620451,-5.145456
8401,0.749651,9.318677,3.595244,21.211546,-3.210975,-3.850340,67.734161,-2.559384,-5.275188
8402,0.704992,9.284561,3.412434,19.340761,-2.626546,-4.968843,68.416382,-2.459473,-5.420539
8403,0.633590,9.232371,3.214360,19.983175,-1.860531,-4.993258,69.077156,-2.331856,-5.550605
8404,0.617713,9.275088,3.106966,22.925159,-1.657583,-4.465288,69.796638,-2.204819,-5.660964
8405,0.636929,9.275488,3.027180,24.570107,-1.063998,-2.866117,70.591354,-2.105190,-5.745049
8406,0.666387,9.386326,2.900808,27.579233,0.487868,-1.074682,71.461563,-2.046133,-5.775413
8407,0.684804,9.478868,2.734030,29.070059,1.833735,-0.099615,72.404564,-2.015394,-5.744590
8408,0.704707,9.640944,2.604835,28.577188,2.178594,-0.166756,73.363068,-1.991367,-5.681911
8409,0.673188,9.708239,2.425642,25.774063,2.538712,-0.148445,74.266304,-1.964385,-5.607843
8410,0.625032,9.738853,2.238882,23.846819,2.557023,-1.828489,75.090790,-1.910131,-5.534613
8411,0.589661,9.721361,2.146097,21.283264,1.200476,-4.567525,75.841835,-1.791247,-5.500833
8412,0.567093,9.712853,2.088589,20.421118,-0.017213,-7.010530,76.537704,-1.599261,-5.527906
8413,0.529116,9.678767,1.976153,20.982658,-0.104191,-8.264842,77.229309,-1.351873,-5.587787
8414,0.512155,9.668468,1.862718,22.513159,-0.064517,-9.615285,77.955620,-1.061466,-5.654625
8415,0.428846,9.681901,1.695364,25.049248,0.091128,-10.523211,78.749329,-0.732671,-5.721995
8416,0.340759,9.665410,1.488589,28.662638,0.172002,-11.243448,79.645073,-0.375518,-5.785671
8417,0.232833,9.696597,1.246637,31.705334,0.239142,-11.000826,80.651321,-0.009098,-5.842302
8418,0.150007,9.720552,1.017209,33.994221,-0.221687,-10.991671,81.746033,0.353148,-5.897994
8419,0.104155,9.774259,0.848030,35.803970,-0.801539,-10.117315,82.908638,0.699463,-5.961796
8420,0.111781,9.816201,0.698166,35.929096,-0.716087,-8.725671,84.103149,1.008559,-6.022320
8421,0.095947,9.864037,0.522797,34.996754,-0.075198,-7.324871,85.284355,1.273683,-6.060069
8422,0.076502,9.861878,0.364591,32.810104,0.368846,-6.233836,86.414055,1.499453,-6.071449
8423,0.044127,9.889576,0.183788,30.992725,0.762535,-5.313702,87.477554,1.692660,-6.062819
8424,-0.007093,9.897910,-0.052622,29.173822,0.815942,-5.205362,88.480865,1.868812,-6.042657
8425,-0.089663,9.892794,-0.245466,28.731306,-0.255258,-5.962220,89.446075,2.055067,-6.036694
8426,-0.139144,9.867327,-0.409464,28.514626,-1.547716,-6.355909,90.398964,2.260235,-6.067099
8427,-0.148399,9.861373,-0.572417,28.810652,-2.211494,-6.453568,91.351875,2.474550,-6.126561
8428,-0.146542,9.887089,-0.713431,29.108210,-2.440383,-6.027835,92.313934,2.684883,-6.197469
8429,-0.153472,9.870697,-0.860652,30.101585,-2.299998,-6.282665,93.297333,2.893643,-6.266379
8430,-0.150875,9.853185,-1.027942,31.665661,-1.814754,-6.288768,94.323837,3.107256,-6.320954
8431,-0.170704,9.841723,-1.217705,32.820786,-1.256265,-5.951540,95.396614,3.314884,-6.354692
8432,-0.200893,9.761201,-1.385563,33.260250,-0.560443,-5.769954,96.497253,3.512347,-6.364533
8433,-0.261277,9.656402,-1.581146,33.875198,0.631305,-4.811673,97.617493,3.687258,-6.341622
8434,-0.314040,9.606155,-1.785274,32.692608,1.662831,-2.789822,98.730499,3.807295,-6.285550
8435,-0.346077,9.566710,-2.016525,29.089897,2.262520,-0.366652,99.764977,3.848760,-6.212204
8436,-0.342455,9.540055,-2.162205,26.079248,1.810846,1.343910,100.688683,3.820711,-6.147971
8437,-0.324125,9.565829,-2.289786,22.749680,0.864772,2.930873,101.504417,3.742181,-6.117747
8438,-0.271235,9.575311,-2.395011,19.215635,-0.343761,3.030058,102.203033,3.643105,-6.129581
8439,-0.214697,9.561141,-2.480111,17.323488,-1.475998,2.868310,102.808784,3.553637,-6.180559
8440,-0.206482,9.555714,-2.547431,17.834671,-2.325938,1.748281,103.389854,3.493006,-6.259868
8441,-0.185872,9.550438,-2.661040,18.432835,-2.301524,-0.137763,103.989334,3.485159,-6.341360
8442,-0.202532,9.508501,-2.772588,19.594065,-2.109257,-0.952608,104.618988,3.520955,-6.408306
8443,-0.230400,9.462393,-2.884331,20.016745,-1.987183,-1.144874,105.275604,3.572361,-6.465392
8444,-0.243733,9.398689,-2.971909,19.409428,-1.953613,-1.768978,105.929527,3.636810,-6.515692
8445,-0.220892,9.349269,-3.029220,17.764479,-1.811701,-1.320355,106.546127,3.703797,-6.561670
8446,-0.247254,9.275476,-3.109299,16.163784,-1.642324,-0.047733,107.108437,3.742281,-6.610260
8447,-0.244709,9.254350,-3.226573,14.602762,-1.535509,0.277289,107.617813,3.754421,-6.662014
8448,-0.249183,9.238615,-3.318922,14.129726,-1.907835,0.522963,108.092827,3.759316,-6.720842
8449,-0.258460,9.194648,-3.407919,15.588510,-2.713524,0.477185,108.582962,3.767709,-6.799361
8450,-0.251546,9.162023,-3.500384,16.932850,-3.146887,0.930384,109.118378,3.777048,-6.899601
8451,-0.224609,9.135844,-3.591054,17.694286,-3.003450,2.468518,109.687889,3.757658,-7.015338
8452,-0.193269,9.098840,-3.694152,20.550821,-3.166723,3.522932,110.316780,3.698992,-7.146339
8453,-0.170057,9.080050,-3.783100,23.201353,-3.478012,4.476635,111.036331,3.613364,-7.297297
8454,-0.143093,9.061546,-3.874872,23.454657,-3.416975,4.807761,111.803726,3.511281,-7.461068
8455,-0.131424,8.956207,-3.993712,23.064020,-3.059909,3.942562,112.569603,3.417008,-7.616354
8456,-0.124393,8.872495,-4.102806,22.551308,-2.831020,3.265051,113.321716,3.344702,-7.753865
8457,-0.126249,8.806655,-4.177517,19.739027,-1.970398,3.069732,114.019821,3.280157,-7.869759
8458,-0.120196,8.750154,-4.269942,16.278229,-0.351391,3.107880,114.615707,3.202291,-7.947520
8459,-0.110927,8.747124,-4.414731,14.524941,0.843409,2.868310,115.127174,3.108523,-7.981970
8460,-0.079735,8.769948,-4.516284,13.946615,0.756431,2.701984,115.600876,3.013254,-7.997645
8461,-0.067752,8.750637,-4.598927,13.757401,0.399365,1.885614,116.061760,2.936041,-8.013645
8462,-0.061689,8.728635,-4.701193,14.732467,-0.096561,0.812888,116.535797,2.893487,-8.029095
8463,-0.049730,8.666220,-4.807113,16.233978,-1.302042,-1.102148,117.050949,2.908301,-8.047796
8464,-0.053730,8.572651,-4.846372,16.606302,-1.709464,-1.242534,117.596909,2.966052,-8.074570
8465,-0.075261,8.510376,-4.906507,16.580362,-1.125035,-0.915985,118.148712,3.019928,-8.099556
8466,-0.067471,8.466251,-4.964345,16.992361,-0.644369,-1.102148,118.707703,3.063559,-8.109466
8467,-0.085025,8.392828,-5.048965,17.399782,-0.519243,-1.768978,119.281227,3.114834,-8.103222
8468,-0.102476,8.344094,-5.114480,18.002523,-0.607746,-2.136725,119.872116,3.180734,-8.087423
8469,-0.120499,8.301748,-5.230994,19.006584,-1.364605,-3.195718,120.489830,3.274088,-8.071147
8470,-0.129152,8.285753,-5.332817,18.522863,-1.665213,-3.763361,121.116234,3.399559,-8.055152
8471,-0.141461,8.213772,-5.425298,17.984213,-1.266946,-3.629081,121.726028,3.530173,-8.032618
8472,-0.140840,8.163256,-5.512533,18.980642,-0.771020,-3.142311,122.344025,3.643870,-8.001478
8473,-0.143018,8.112301,-5.621990,20.202909,0.168950,-1.822385,122.999397,3.718940,-7.965146
8474,-0.132737,8.059216,-5.737242,21.062004,1.937497,-0.333082,123.690323,3.729652,-7.915885
8475,-0.131267,7.889248,-5.833100,23.399723,3.219275,0.614518,124.435760,3.677658,-7.847062
8476,-0.141643,7.780481,-5.949319,26.060936,3.416119,-0.099615,125.265533,3.607440,-7.760969
8477,-0.140794,7.652416,-6.008895,27.388491,3.735038,-0.906830,126.162964,3.551507,-7.654246
8478,-0.110479,7.543352,-6.162816,28.172817,4.114993,-1.942933,127.097160,3.511602,-7.520704
8479,-0.113440,7.479351,-6.271654,28.375765,4.559037,-2.881377,128.049576,3.487233,-7.356845
8480,-0.106086,7.465475,-6.414284,28.148403,4.855067,-3.241496,129.002899,3.469401,-7.170239
8481,-0.098492,7.471196,-6.551050,26.863573,5.492904,-2.185555,129.931198,3.429641,-6.979280
8482,-0.067616,7.420187,-6.692323,25.682507,5.764518,-0.258312,130.816895,3.339143,-6.809589
8483,-0.084899,7.270702,-6.685540,24.190151,5.384562,0.796103,131.655701,3.209874,-6.675442
8484,-0.063662,7.114817,-6.734920,24.110804,3.109408,1.162325,132.465240,3.090765,-6.592039
8485,-0.013802,6.974161,-6.882990,25.098078,0.260505,0.982266,133.286224,3.026249,-6.575251
8486,0.019078,6.860440,-7.061194,27.702831,-1.085361,1.055511,134.164398,3.011092,-6.608835
8487,0.023152,6.785486,-7.292912,29.720104,-1.300516,1.459881,135.118347,3.009148,-6.666723
8488,0.055865,6.708945,-7.496633,31.999838,-0.299509,2.660784,136.143402,2.980166,-6.734542
8489,0.073878,6.563680,-7.617313,34.206326,2.206060,4.659747,137.243317,2.873365,-6.801502
8490,0.076944,6.396391,-7.599033,35.865005,4.790978,6.312324,138.408310,2.664216,-6.858551
8491,0.119030,6.153925,-7.637470,36.272427,4.951200,6.615983,139.608002,2.400400,-6.914496
8492,0.171033,5.954546,-7.699808,36.005390,3.587023,5.221287,140.810059,2.164818,-6.975036
8493,0.215997,5.800149,-7.852513,35.903152,1.800164,3.576339,142.006241,2.003222,-7.033830
8494,0.255185,5.610860,-8.002712,36.293789,0.379528,2.349495,143.207443,1.914415,-7.090470
8495,0.265687,5.449536,-8.169885,37.468754,-0.829005,1.710132,144.434708,1.880543,-7.149697
8496,0.263840,5.324045,-8.304708,37.474854,-2.034487,1.908503,145.681076,1.885112,-7.226624
8497,0.252893,5.106603,-8.364892,37.889908,-2.519731,3.002591,146.933334,1.902781,-7.336960
8499,0.240151,4.950439,-8.512495,40.323757,-0.033998,3.384073,148.233002,1.881547,-7.449659
8500,0.247085,4.697896,-8.615533,41.500248,2.123660,4.519361,149.593536,1.783834,-7.544299
8501,0.275711,4.322902,-8.646192,42.485996,2.465467,5.262487,150.990021,1.636648,-7.647789
8502,0.336881,3.951845,-8.719170,46.956959,0.863246,5.354043,152.476929,1.503973,-7.777327
8503,0.360627,3.671234,-8.753391,49.331295,0.085024,4.647539,154.077774,1.414877,-7.919313
8504,0.368124,3.336714,-8.779950,48.954391,-5.418989,4.726887,155.711060,1.429150,-8.098657
8505,0.349387,3.113913,-8.971370,47.990005,-11.261757,3.820488,157.319916,1.627046,-8.340725
8506,0.276545,2.952925,-9.213441,48.215843,-13.744437,2.717243,158.914841,1.972921,-8.597921
8507,0.166794,2.771469,-9.384677,48.087669,-12.149845,2.207584,160.510925,2.349191,-8.824960
8508,0.119613,2.535132,-9.705156,48.441685,-11.672231,2.618058,162.110428,2.699544,-9.028360
8509,0.141763,2.185665,-9.914939,48.060200,-8.357921,2.314399,163.709656,2.994376,-9.205136
8510,0.163331,1.928138,-9.988056,47.877094,-3.535997,1.006681,165.302582,3.170703,-9.311201
8511,0.227987,1.657881,-10.035056,45.499699,0.188787,0.454296,166.856491,3.219257,-9.347797
8512,0.273263,1.409200,-10.055346,40.509926,3.075838,-0.781704,168.290680,3.167446,-9.330343
8513,0.292628,1.209115,-9.909925,37.758682,6.675495,-2.660118,169.599701,3.019151,-9.242479
8514,0.264295,1.104230,-9.767279,35.483524,8.337229,-3.915955,170.827896,2.791492,-9.091434
8515,0.249688,0.966917,-9.707213,33.408268,7.545274,-4.132636,171.984009,2.549990,-8.918909
8516,0.236421,0.856318,-9.692615,31.596992,6.265021,-3.946474,173.074295,2.339341,-8.755378
8517,0.250606,0.735370,-9.752929,30.129053,4.147038,-3.293377,174.108459,2.180373,-8.616075
8518,0.289524,0.537425,-9.841054,27.673840,1.578905,-1.840696,175.075287,2.093391,-8.521976
8519,0.343361,0.345635,-9.905062,26.710979,-0.143865,-0.748134,175.983261,2.072814,-8.477222
8520,0.361022,0.086689,-9.852201,28.708414,-0.037050,-1.015170,176.907913,2.077570,-8.448170
8521,0.333269,-0.070723,-9.902828,32.646828,-0.033998,-3.560414,177.933197,2.082199,-8.371990
8522,0.297694,-0.319175,-9.885302,34.230736,-1.779657,-4.871184,179.052826,2.116277,-8.232232
8523,0.294796,-0.568141,-9.897908,35.297359,-4.048708,-5.692132,-179.781845,2.214612,-8.056832
8524,0.263068,-0.720935,-9.909093,36.074055,-5.757745,-7.535450,-178.583527,2.374929,-7.834097
8525,0.230951,-0.820553,-9.937521,33.376225,-7.204321,-7.245524,-177.415176,2.582356,-7.580285
8526,0.248669,-1.026123,-9.874179,27.339663,-8.771446,-4.237925,-176.393600,2.837898,-7.374754
8527,0.258566,-1.167618,-9.813418,23.675915,-7.741447,-2.403763,-175.536606,3.104498,-7.245047
8528,0.219637,-1.226970,-9.738792,21.890581,-5.196204,-2.168770,-174.771912,3.312821,-7.150772
8529,0.202111,-1.362296,-9.703367,20.427219,-2.420546,-0.902252,-174.062927,3.434164,-7.087264
8530,0.229188,-1.514295,-9.711559,19.545237,-0.888517,-0.340712,-173.395126,3.486646,-7.060479
8531,0.249619,-1.576235,-9.704175,20.141872,1.218786,-0.937348,-172.732437,3.478575,-7.039894
8532,0.315235,-1.706203,-9.679064,21.087944,3.202489,-2.206918,-172.042770,3.398612,-6.997536
8533,0.376139,-1.855895,-9.699661,23.976522,4.143986,-4.643821,-171.286179,3.260964,-6.902055
8534,0.378992,-1.993608,-9.644822,31.433718,8.389110,-6.809109,-170.354202,3.024421,-6.746675
8535,0.369984,-2.190501,-9.616208,40.866989,13.244604,-9.456591,-169.139328,2.621418,-6.543689
8536,0.423798,-2.464919,-9.561330,47.068348,14.427197,-11.026767,-167.664017,2.101110,-6.301652
8537,0.471249,-2.723850,-9.504313,50.254482,14.343272,-11.392990,-166.034180,1.549335,-6.046898
8538,0.522088,-2.970706,-9.393398,50.754986,13.800041,-9.329938,-164.346313,1.007726,-5.833025
8539,0.619297,-3.247940,-9.310131,46.129906,8.549331,-6.682458,-162.729950,0.574779,-5.682831
8540,0.716317,-3.500350,-9.204270,39.661510,2.045838,-3.709955,-161.299469,0.353341,-5.573172
8541,0.741597,-3.692719,-9.137810,35.544563,-0.896146,-1.756770,-160.045731,0.305100,-5.494185
8542,0.715182,-3.881547,-9.055786,33.437256,-3.075168,-0.841215,-158.895798,0.351849,-5.430730
8543,0.679680,-4.065935,-8.979843,31.168207,-5.264871,0.258978,-157.818710,0.477465,-5.370655
8544,0.656732,-4.211057,-8.898461,29.163141,-7.112765,1.258459,-156.812698,0.677532,-5.314647
8545,0.624315,-4.359133,-8.814112,27.637218,-7.987121,1.638414,-155.865295,0.927391,-5.258052
8546,0.568116,-4.522721,-8.702321,27.881367,-8.646321,1.873407,-154.938904,1.203804,-5.195965
8547,0.528573,-4.632936,-8.609633,29.347778,-9.020173,2.865258,-153.983841,1.503504,-5.140319
8548,0.495311,-4.784609,-8.521314,30.754684,-8.246529,2.671466,-152.980865,1.802120,-5.094411
8549,0.459446,-4.916871,-8.429352,32.095974,-7.037995,1.791007,-151.931702,2.062336,-5.042447
8550,0.446717,-5.070598,-8.341377,32.601051,-5.885921,0.768636,-150.851044,2.271848,-4.976583
8551,0.444284,-5.191933,-8.276549,32.619362,-4.698753,-0.415482,-149.760773,2.428012,-4.894122
8552,0.429146,-5.315420,-8.252316,32.326385,-3.432235,-1.529407,-148.674255,2.527868,-4.796710
8553,0.445068,-5.468946,-8.096341,32.143276,-3.980042,-1.625541,-147.594955,2.605042,-4.686606
8554,0.432857,-5.632564,-7.992669,31.041555,-3.397138,-1.849852,-146.536652,2.676767,-4.571068
8555,0.403332,-5.767704,-7.896849,29.948996,-2.484635,-2.147407,-145.515045,2.720826,-4.460887
8556,0.409638,-5.917647,-7.785282,28.287262,-2.350353,-1.633170,-144.539856,2.750728,-4.362900
8557,0.427229,-6.083619,-7.599123,26.155544,-2.060428,-1.575185,-143.628372,2.778871,-4.276394
8558,0.394391,-6.180992,-7.569968,24.373262,0.574846,-1.993288,-142.783249,2.763076,-4.213861
8559,0.421401,-6.320297,-7.492272,24.116907,1.307290,-2.386977,-141.973297,2.693599,-4.175000
8560,0.445012,-6.426706,-7.444721,26.392063,1.317972,-2.097052,-141.130081,2.612859,-4.143597
8561,0.438329,-6.517924,-7.337985,29.378298,0.887661,-1.036533,-140.199860,2.551308,-4.126511
8562,0.432811,-6.613613,-7.241460,31.503912,0.143009,0.126222,-139.185211,2.528357,-4.126135
8563,0.432188,-6.715323,-7.103379,32.686504,-1.735405,1.421733,-138.115555,2.565294,-4.128072
8564,0.374812,-6.783231,-6.918688,32.512550,-2.924101,2.625688,-137.028900,2.668140,-4.125641
8565,0.325306,-6.914946,-6.692494,30.315216,-3.749627,2.978177,-135.981461,2.813095,-4.116964
8566,0.299274,-7.068865,-6.544751,27.414433,-3.250649,2.741658,-135.018692,2.963141,-4.103253
8567,0.271545,-7.187384,-6.457010,25.801529,-2.419020,2.845421,-134.131729,3.095772,-4.101289
8568,0.268299,-7.275106,-6.325397,25.210995,-2.222175,3.002591,-133.282196,3.219625,-4.112718
8569,0.295543,-7.405445,-6.230727,24.908863,-1.772027,3.001066,-132.448013,3.338228,-4.132030
8570,0.298573,-7.483308,-6.188918,25.246092,-0.226265,3.896784,-131.615234,3.445892,-4.184338
8571,0.259387,-7.557277,-6.072810,25.832047,0.870876,4.531569,-130.770111,3.544410,-4.285093
8572,0.252768,-7.633209,-5.960445,26.509558,1.116550,4.443065,-129.905441,3.636903,-4.407374
8573,0.283302,-7.746171,-5.835872,27.730299,1.040253,2.633317,-129.008102,3.705113,-4.510265
8574,0.275434,-7.842449,-5.767705,29.808607,1.211157,1.372903,-128.053787,3.734055,-4.581259
8575,0.241317,-7.939626,-5.605058,31.432194,-0.194221,1.235570,-127.035789,3.758249,-4.621190
8576,0.244017,-7.970224,-5.425148,31.777054,-2.296946,1.000577,-125.981674,3.812996,-4.610019
8577,0.204671,-8.076708,-5.213650,30.110741,-3.035494,-0.276622,-124.945915,3.874521,-4.544568
8578,0.156092,-8.257980,-5.037693,28.235380,-2.757776,0.532118,-123.968300,3.932765,-4.467150
8579,0.133888,-8.356456,-4.876996,28.050743,-2.638753,3.213169,-123.027435,4.034411,-4.426547
8580,0.124829,-8.367105,-4.741932,27.568550,-2.032961,3.268102,-122.099976,4.167243,-4.419199
8581,0.139151,-8.535381,-4.627887,26.540077,-0.221687,3.025480,-121.199928,4.276210,-4.442301
8582,0.158227,-8.611080,-4.552894,27.765394,1.227942,4.719256,-120.300957,4.378461,-4.522869
8583,0.118790,-8.599223,-4.445426,28.238432,2.415112,5.640915,-119.378372,4.497886,-4.661899
8584,0.081699,-8.615267,-4.306279,26.868151,2.816431,4.584976,-118.472633,4.604779,-4.821148
8585,0.054704,-8.679041,-4.112490,25.281189,3.397808,4.334724,-117.616623,4.687277,-4.982906
8586,-0.035911,-8.620943,-4.026544,25.345278,3.648060,3.823539,-116.786659,4.754481,-5.150040
8587,-0.074335,-8.711846,-3.853747,23.370729,2.378490,3.568710,-115.986870,4.820205,-5.295234
8588,-0.102067,-8.773319,-3.746378,22.729841,1.203527,3.223851,-115.227325,4.896542,-5.398392
8589,-0.131361,-8.811067,-3.636923,21.051323,0.335276,3.666369,-114.503868,4.990007,-5.470226
8590,-0.102960,-8.892529,-3.579943,19.691725,-0.513139,4.105835,-113.829308,5.109423,-5.520798
8591,-0.065835,-9.014670,-3.454506,18.092554,-0.630635,3.982236,-113.202896,5.240654,-5.557300
8592,-0.072505,-8.961238,-3.383294,18.345858,0.823572,3.493939,-112.600388,5.354182,-5.608983
8593,-0.072591,-8.908659,-3.319069,17.025932,2.639423,3.255895,-112.019928,5.436294,-5.705462
8594,-0.056859,-9.035398,-3.193648,15.998984,4.156193,1.900873,-111.482582,5.474070,-5.843096
8595,-0.039117,-9.020719,-3.037791,17.456244,5.779778,1.908503,-110.941978,5.473294,-6.021186
8596,-0.029925,-9.037678,-2.838756,23.874285,6.170415,4.537673,-110.274696,5.503707,-6.246427
8597,-0.018906,-9.369770,-2.657630,31.700754,5.289956,5.021391,-109.371239,5.588847,-6.481328
8598,-0.028961,-9.460752,-2.490343,36.821758,3.530564,2.505140,-108.247002,5.660363,-6.661777
8599,-0.099296,-9.402041,-2.304134,39.119808,2.734030,3.881525,-106.994568,5.730465,-6.793962
8600,-0.170111,-9.606306,-2.126479,39.985001,1.430890,5.534101,-105.687614,5.861558,-6.905405
8602,-0.245515,-9.604548,-1.999998,37.764782,-0.470413,2.651629,-104.397293,5.989222,-6.956713
8603,-0.303703,-9.447893,-1.753064,32.443882,-1.067050,2.024473,-103.226624,6.071239,-6.950198
8604,-0.307366,-9.534781,-1.532890,29.187555,-1.150976,4.053954,-102.198082,6.178250,-6.936344
8605,-0.291452,-9.571498,-1.314648,29.216549,-1.808650,2.592118,-101.221954,6.296693,-6.910550
8606,-0.312671,-9.481380,-1.115089,29.590403,-2.582294,0.594681,-100.235031,6.362558,-6.848064
8607,-0.288047,-9.560396,-0.979374,28.052269,-2.325938,1.575851,-99.266052,6.412137,-6.772975
8608,-0.299030,-9.499990,-0.830050,26.976492,-1.659109,1.586533,-98.342484,6.474363,-6.715118
8609,-0.336828,-9.428784,-0.694132,27.168758,-0.951080,1.810844,-97.436096,6.536377,-6.679573
8610,-0.359241,-9.505781,-0.557227,25.859514,-0.250680,2.578384,-96.551094,6.611372,-6.668537
8611,-0.379369,-9.532628,-0.394490,24.005514,0.606890,2.517347,-95.721794,6.695124,-6.683670
8612,-0.391217,-9.582840,-0.183227,23.268496,1.264564,2.041258,-94.938431,6.767817,-6.722049
8613,-0.394552,-9.651736,-0.021533,23.469915,1.079927,1.963436,-94.164764,6.831210,-6.766581
8614,-0.401200,-9.712395,0.145745,24.715069,0.352061,1.136385,-93.364998,6.881204,-6.793979
8615,-0.397993,-9.691677,0.289153,27.405277,-0.413954,-0.268993,-92.496330,6.895740,-6.793634
8616,-0.391140,-9.642367,0.400265,29.704845,-0.943450,-1.070104,-91.541725,6.874285,-6.769979
8617,-0.388544,-9.585591,0.559484,31.021721,-1.237954,-1.678948,-90.525230,6.829169,-6.732488
8618,-0.378108,-9.544411,0.713821,32.358433,-1.315776,-1.834593,-89.463905,6.770629,-6.689593
8619,-0.385191,-9.501005,0.952547,32.718552,-1.041109,-1.707941,-88.374878,6.710865,-6.651164
8620,-0.366879,-9.465377,1.157651,32.749069,-1.337139,-1.315778,-87.279442,6.658986,-6.613224
8621,-0.345398,-9.453757,1.332018,32.334019,-1.515672,-0.886993,-86.189537,6.619654,-6.567573
8622,-0.337130,-9.434109,1.525890,31.410833,-1.147924,-0.412430,-85.122307,6.594719,-6.524701
8623,-0.358309,-9.456537,1.724869,30.605141,-0.890043,-0.034000,-84.084976,6.584096,-6.491406
8624,-0.360402,-9.454691,1.880516,29.810133,-1.105198,-0.224741,-83.074379,6.576077,-6.458659
8625,-0.365765,-9.425958,2.045681,29.143303,-1.276102,-0.816800,-82.087646,6.553758,-6.421288
8626,-0.363520,-9.459868,2.252824,27.919514,-1.830013,-1.881896,-81.131561,6.501719,-6.376304
8627,-0.364034,-9.457482,2.415005,27.617380,-3.301005,-3.682488,-80.198158,6.396372,-6.306441
8628,-0.322218,-9.316290,2.504848,27.647900,-4.807093,-5.837095,-79.265549,6.216256,-6.200982
8629,-0.267862,-9.204543,2.610531,27.373232,-5.303019,-6.273510,-78.335114,5.985619,-6.074024
8630,-0.233082,-9.179437,2.729196,26.851366,-5.310649,-5.620413,-77.417923,5.754703,-5.941985
8631,-0.218045,-9.113916,2.889946,27.144344,-4.797938,-4.935272,-76.505745,5.545334,-5.816977
8632,-0.193506,-9.103018,3.086302,27.412907,-4.266916,-4.042605,-75.585976,5.363678,-5.706000
8633,-0.161777,-9.045689,3.295816,27.992758,-4.543108,-3.322369,-74.652397,5.207329,-5.595222
8634,-0.137155,-9.054999,3.481014,26.974966,-5.092441,-3.055333,-73.725037,5.061337,-5.469220
8635,-0.090739,-8.902585,3.616102,26.067039,-5.701286,-3.264385,-72.828690,4.908762,-5.326710
8636,-0.049471,-8.751840,3.624332,25.020256,-5.975952,-1.898681,-71.963768,4.767932,-5.166633
8637,-0.022741,-8.560086,3.679078,23.146420,-4.787256,0.651141,-71.147499,4.691514,-5.002556
8638,-0.031445,-8.535358,3.778879,20.988760,-3.102634,4.406443,-70.399429,4.727808,-4.850283
8639,-0.064320,-8.442508,3.883867,20.787338,-1.875790,7.946590,-69.690681,4.893013,-4.701734
8640,-0.217387,-8.901866,4.089064,20.796494,-0.128606,10.656632,-68.985237,5.171330,-4.560728
8641,-0.324825,-8.807410,4.431411,23.808670,-0.119450,6.956264,-68.231506,5.443099,-4.449498
8642,-0.371213,-8.747603,4.507551,28.709944,-2.048220,4.356087,-67.346115,5.603880,-4.344054
8643,-0.368971,-8.696850,4.638218,33.292297,-3.639760,1.307288,-66.300575,5.653346,-4.218907
8644,-0.348398,-8.653429,4.785503,36.809555,-4.652975,-2.612813,-65.120819,5.576639,-4.101054
8645,-0.233243,-8.143313,4.958239,37.847179,-4.546160,-5.817257,-63.869232,5.383743,-4.022511
8646,-0.145397,-8.178619,5.029445,36.594398,-3.482590,-4.358473,-62.624729,5.171953,-3.978947
8647,-0.094499,-8.123866,5.267992,34.690041,-1.778131,-4.865079,-61.436340,4.995066,-3.973731
8648,-0.108051,-7.967081,5.443555,33.173275,-0.658102,-4.985628,-60.309246,4.831758,-4.018342
8649,-0.115150,-7.868535,5.662029,32.988636,0.429883,-2.985140,-59.212002,4.714999,-4.082195
8650,-0.126762,-7.736173,5.817922,34.690041,-0.586384,-0.958711,-58.086773,4.657522,-4.114450
8651,-0.121105,-7.601465,5.945323,37.494694,-1.398176,1.639940,-56.881065,4.649483,-4.080449
8652,-0.114380,-7.492450,6.073766,38.756638,-1.820857,3.348977,-55.602955,4.688972,-3.989501
8653,-0.091908,-7.455627,6.271712,37.078114,-0.893094,3.242162,-54.330967,4.753062,-3.889182
8654,-0.085707,-7.308222,6.450066,34.883835,1.127231,1.743703,-53.127899,4.822296,-3.843064
8655,-0.111337,-7.227628,6.546537,34.232265,3.365764,0.471081,-51.979229,4.896911,-3.880216
8656,-0.154621,-7.077245,6.703139,31.838089,5.180089,-0.722193,-50.888012,4.982207,-3.994640
8657,-0.208311,-6.949667,6.872499,31.296387,6.155154,-0.623008,-49.849941,5.085238,-4.155077
8658,-0.272454,-6.746803,6.950755,32.814682,6.016296,0.754903,-48.795273,5.219056,-4.308151
8659,-0.321879,-6.613805,7.084149,33.626472,4.789452,1.620103,-47.698059,5.368595,-4.416653
8660,-0.338459,-6.449670,7.186255,35.449955,2.311349,1.053985,-46.552280,5.481891,-4.473279
8661,-0.364834,-6.280996,7.332516,35.599495,0.159794,0.503126,-45.369350,5.529292,-4.484702
8662,-0.370773,-6.124735,7.461584,35.414856,-2.322886,-0.792385,-44.183777,5.500404,-4.462465
8663,-0.347974,-5.986984,7.628572,36.710369,-4.465286,-2.289318,-42.977928,5.383122,-4.421266
8664,-0.287507,-5.852345,7.779742,40.145226,-7.695669,-2.341200,-41.689800,5.181371,-4.341275
8665,-0.218985,-5.643580,8.059461,41.782543,-9.012544,-0.240000,-40.311195,4.943199,-4.190303
8666,-0.175554,-5.462905,8.250583,46.227562,-8.678366,1.899347,-38.826862,4.733798,-3.980517
8667,-0.151903,-5.243249,8.428120,48.818588,-7.268410,3.666369,-37.223763,4.581704,-3.743229
8668,-0.117705,-5.021427,8.569572,48.315029,-5.385419,4.632280,-35.586426,4.494101,-3.506343
8669,-0.145960,-4.753462,8.655920,44.864914,-1.640798,4.575819,-34.018608,4.485518,-3.313189
8670,-0.192915,-4.562145,8.682819,41.619270,1.053986,3.658739,-32.567970,4.552477,-3.193104
8671,-0.214591,-4.367564,8.758613,36.994190,2.030579,2.212162,-31.253454,4.647623,-3.137254
8672,-0.248962,-4.176347,8.871176,33.776016,2.711142,1.696399,-30.072802,4.748663,-3.121516
8673,-0.309692,-3.973561,8.945518,32.419468,3.080416,1.609421,-28.969635,4.859730,-3.121187
8674,-0.355565,-3.778178,9.002192,33.559334,1.360698,2.111451,-27.868439,4.954312,-3.101838
8675,-0.350623,-3.620487,9.072045,34.183434,-1.190650,2.479199,-26.733709,4.992015,-3.034793
8676,-0.345847,-3.448558,9.165000,33.998802,-3.908323,2.972073,-25.587103,4.955914,-2.915164
8677,-0.320656,-3.282962,9.295816,34.775497,-5.158056,2.474621,-24.428438,4.857493,-2.768310
8678,-0.271261,-3.141406,9.417487,35.807018,-5.322856,2.444103,-23.239992,4.730847,-2.622136
8679,-0.245316,-2.980322,9.499283,34.339081,-3.459701,2.103821,-22.060696,4.624959,-2.495404
8680,-0.262386,-2.745398,9.539396,33.736340,-0.606220,1.310340,-20.919973,4.582685,-2.417517
8681,-0.283639,-2.574134,9.557410,33.646313,2.154179,0.152163,-19.795937,4.615210,-2.403794
8682,-0.333874,-2.376678,9.521454,33.067982,3.480208,-0.082830,-18.686592,4.704080,-2.433929
8683,-0.375075,-2.173346,9.536259,32.376740,3.649586,-0.502459,-17.599812,4.813899,-2.480457
8684,-0.398357,-2.005188,9.548218,33.261780,3.144505,-0.978548,-16.510775,4.914865,-2.537474
8685,-0.408956,-1.859431,9.601430,32.848251,2.567705,-1.369185,-15.414575,4.995605,-2.601452
8686,-0.407155,-1.663355,9.677042,31.951008,2.103823,-1.582815,-14.340625,5.058193,-2.669196
8687,-0.387112,-1.519305,9.735271,30.830980,1.980223,-2.089422,-13.301085,5.109652,-2.745144
8688,-0.396245,-1.364809,9.752098,30.072594,1.873409,-2.412918,-12.293962,5.155616,-2.832876
8689,-0.402212,-1.196055,9.819440,28.572609,1.404949,-2.838651,-11.325386,5.191154,-2.930109
8690,-0.412561,-1.038626,9.843105,28.325409,1.433942,-3.343733,-10.387180,5.218179,-3.040628
8691,-0.435512,-0.887151,9.848241,28.731306,1.687246,-3.354414,-9.447198,5.250156,-3.160039
8692,-0.461331,-0.706663,9.866270,27.733351,1.514816,-3.101110,-8.516762,5.286069,-3.275136
8693,-0.470095,-0.524884,9.906176,26.810165,0.901394,-2.954622,-7.617560,5.311785,-3.381155
8694,-0.470960,-0.381152,9.925588,25.738966,0.237616,-2.553304,-6.750485,5.319146,-3.474966
8695,-0.480334,-0.231919,9.939289,23.668285,-0.459732,-1.820859,-5.933774,5.307437,-3.547280
8696,-0.475438,-0.105652,9.941614,22.302582,-1.103672,-1.489733,-5.172480,5.276203,-3.599859
8697,-0.468334,0.006356,9.912079,22.143885,-1.424117,-1.231852,-4.435565,5.230440,-3.641666
8698,-0.464547,0.128454,9.903669,21.524361,-1.643850,-0.812222,-3.710553,5.177033,-3.672123
8699,-0.456207,0.248561,9.914506,21.358034,-1.704887,-0.674889,-2.997809,5.119891,-3.693673
8700,-0.444121,0.347053,9.936427,21.736465,-1.707939,-0.453630,-2.281037,5.062213,-3.709902
8701,-0.438023,0.442130,9.901610,22.178982,-1.500413,-0.021793,-1.549684,5.008522,-3.716059
8702,-0.418555,0.574594,9.884423,22.014181,-1.715568,0.358162,-0.812579,4.955075,-3.709337
8703,-0.417221,0.687137,9.881052,20.703413,-2.371716,0.779318,-0.098969,4.887131,-3.689755
8705,-0.403272,0.815972,9.859314,19.314819,-2.257271,0.435985,0.569670,4.809925,-3.669706
8706,-0.398218,0.962335,9.838700,16.577309,-2.441908,-0.087408,1.168236,4.731514,-3.665067
8707,-0.403925,1.099177,9.851292,13.876422,-2.802027,-0.679467,1.674558,4.644440,-3.680039
8708,-0.391890,1.172956,9.867606,11.257934,-3.029390,-1.431748,2.090371,4.548435,-3.718492
8709,-0.362962,1.236368,9.886420,8.964467,-2.455642,-2.386977,2.422110,4.459563,-3.785869
8710,-0.350449,1.267501,9.860305,6.806809,-2.615864,-2.528888,2.678338,4.378735,-3.871735
8711,-0.324630,1.295074,9.854925,4.534706,-2.832546,-2.693688,2.860439,4.292223,-3.963310
8712,-0.302098,1.286775,9.820889,1.432500,-2.902738,-3.752681,2.951565,4.202189,-4.075749
8713,-0.288318,1.266580,9.824560,-2.261765,-2.933256,-4.976472,2.926816,4.112478,-4.226408
8714,-0.275141,1.219730,9.795506,-5.174757,-2.979034,-5.533436,2.790077,4.022758,-4.406698
8715,-0.263555,1.195700,9.839755,-8.006875,-2.747093,-6.027835,2.556681,3.936381,-4.604082
8716,-0.249094,1.130111,9.857643,-8.992621,-2.158087,-6.235361,2.259199,3.863256,-4.812181
8717,-0.231325,1.090618,9.903970,-8.974312,-1.567554,-5.174842,1.946850,3.808172,-5.004914
8718,-0.228158,1.061758,9.929399,-7.524681,-1.007539,-3.806088,1.661869,3.769965,-5.156190
8719,-0.223756,1.048854,9.936258,-6.001809,-0.378858,-3.163673,1.428755,3.749988,-5.273179
8720,-0.226456,1.003925,9.909081,-4.469779,-0.052310,-2.646385,1.247874,3.745067,-5.370354
8721,-0.238311,0.992019,9.903109,-3.178847,0.149113,-2.229806,1.115077,3.748360,-5.451743
8722,-0.228077,0.959076,9.907468,-2.327379,0.179631,-1.976503,1.018716,3.755148,-5.521882
8723,-0.231954,0.945787,9.898150,-2.159528,0.294076,-1.852903,0.939749,3.764135,-5.585698
8724,-0.241434,0.940179,9.904499,-1.741425,0.216253,-1.750667,0.870786,3.773589,-5.645745
8725,-0.241157,0.936873,9.913670,-1.396564,0.121646,-1.407333,0.815018,3.779995,-5.698405
8726,-0.236256,0.920733,9.922352,-1.436240,0.048402,-1.057896,0.765092,3.783396,-5.739539
8727,-0.231240,0.911012,9.916440,-1.070017,0.022461,-0.870207,0.721196,3.784992,-5.771726
8728,-0.223422,0.918198,9.907286,-0.540522,-0.029421,-0.629111,0.692701,3.785184,-5.796768
8729,-0.223357,0.906955,9.896950,-0.474906,-0.372754,-0.067570,0.675004,3.778621,-5.808485
8730,-0.222591,0.906080,9.902991,-0.276537,-0.668783,0.448192,0.662885,3.761189,-5.802332
8731,-0.212007,0.908576,9.897996,0.188870,-0.876309,0.844933,0.662817,3.735189,-5.781033
8732,-0.224763,0.920205,9.898340,-0.126996,-1.259316,1.246251,0.666086,3.699193,-5.746524
8733,-0.227660,0.909700,9.901807,-0.725159,-1.640798,1.505658,0.654793,3.650333,-5.701124
8734,-0.213649,0.915752,9.896746,-0.624447,-1.614857,1.545332,0.635480,3.595505,-5.650787
8735,-0.198928,0.902460,9.886198,-0.571040,-1.431746,1.423258,0.618608,3.544189,-5.601774
8736,-0.198180,0.888705,9.880941,-0.622922,-1.358501,1.201999,0.601370,3.497222,-5.558435
8737,-0.188186,0.899104,9.892908,-0.461174,-1.201331,0.905970,0.585408,3.454197,-5.523683
8738,-0.182725,0.902644,9.901675,-0.093425,-0.954131,0.809836,0.577859,3.417984,-5.495401
8739,-0.180811,0.878698,9.917551,-0.262803,-0.725243,0.753377,0.573455,3.389734,-5.469585
8740,-0.176475,0.882237,9.895449,-0.448966,-0.648947,0.626725,0.562937,3.366604,-5.446771
8741,-0.174740,0.895073,9.895571,-0.685484,-0.635213,0.680133,0.545295,3.344992,-5.425162
8742,-0.166569,0.889555,9.899709,-0.595455,-0.526872,0.637407,0.525215,3.325420,-5.403347
8743,-0.149906,0.883340,9.897374,-0.314683,-0.516191,0.579422,0.511212,3.307853,-5.383190
8744,-0.147397,0.891944,9.889326,-0.447440,-0.623006,0.506177,0.499543,3.288707,-5.365235
8745,-0.154700,0.891340,9.906306,-0.392507,-0.639791,0.449718,0.486446,3.267524,-5.349460
8746,-0.144973,0.871981,9.907492,-0.540522,-0.690146,0.443614,0.471732,3.245234,-5.334733
8747,-0.141893,0.856741,9.882760,-0.801455,-0.829005,0.652666,0.450386,3.219770,-5.316638
8748,-0.142227,0.854005,9.875168,-1.161573,-0.745080,0.654192,0.418878,3.193371,-5.295022
8749,-0.130807,0.852821,9.891164,-1.150892,-0.623006,0.571792,0.381464,3.170427,-5.274716
8750,-0.119542,0.829110,9.898171,-1.230240,-0.606220,0.602311,0.342852,3.149817,-5.255249
8751,-0.119726,0.830409,9.901419,-1.449973,-0.578754,0.580948,0.299257,3.129958,-5.235609
8752,-0.118261,0.820020,9.892915,-1.352314,-0.359021,0.399363,0.253440,3.114250,-5.219321
8753,-0.114794,0.795933,9.900746,-1.407247,-0.371228,0.333748,0.208108,3.102031,-5.207133
8754,-0.125509,0.799798,9.900181,-1.582729,-0.423109,0.265081,0.158812,3.088760,-5.197181
8755,-0.127468,0.808449,9.894341,-1.540002,-0.316295,0.294074,0.107267,3.076416,-5.187877
8756,-0.122996,0.802678,9.889013,-1.259233,-0.200324,0.245244,0.061095,3.067792,-5.178887
8757,-0.121371,0.789155,9.914982,-1.370625,-0.192695,0.065185,0.017541,3.061238,-5.173710
8758,-0.132533,0.791550,9.905013,-1.202774,-0.177435,0.091126,-0.025210,3.055070,-5.171102
8759,-0.126927,0.780514,9.892488,-0.897588,-0.198798,0.277289,-0.059888,3.048804,-5.164948
8760,-0.119828,0.786359,9.910316,-0.889957,-0.233894,0.245244,-0.089217,3.041603,-5.156218
8761,-0.115853,0.774983,9.920418,-0.538995,-0.278146,0.268133,-0.112578,3.033084,-5.147636
8762,-0.116071,0.797565,9.904696,-0.305529,-0.488724,0.486340,-0.125987,3.020329,-5.135016
8763,-0.110292,0.811012,9.897901,-0.101055,-0.571124,0.410044,-0.131975,3.002698,-5.120017
8764,-0.096464,0.791027,9.897957,0.135464,-0.436843,0.364266,-0.130725,2.985927,-5.107056
8765,-0.091549,0.779907,9.892047,0.234649,-0.519243,0.556532,-0.123756,2.970027,-5.091653
8766,-0.091605,0.782823,9.893124,0.266693,-0.555865,0.544325,-0.114449,2.952147,-5.073245
8767,-0.092860,0.780631,9.916363,0.130886,-0.487198,0.521436,-0.106908,2.934796,-5.055424
8768,-0.086848,0.762416,9.924829,-0.000344,-0.369702,0.597733,-0.103777,2.920549,-5.036721
8769,-0.089729,0.774848,9.929688,-0.139203,-0.311717,0.463451,-0.105201,2.909225,-5.018991
8770,-0.090355,0.772595,9.925344,-0.250596,-0.168280,0.226933,-0.111113,2.901246,-5.007455
8771,-0.092172,0.779214,9.911438,-0.418448,0.068239,0.066711,-0.122016,2.899590,-5.002551
8772,-0.089471,0.778657,9.907512,-0.278062,0.236091,-0.139289,-0.133686,2.904659,-5.003773
8773,-0.088975,0.778658,9.906316,-0.281114,0.246772,-0.256786,-0.143342,2.912691,-5.010403
8774,-0.096111,0.763757,9.891641,-0.229233,0.245246,-0.265941,-0.152292,2.920869,-5.019146
8775,-0.100904,0.773086,9.890689,-0.049173,0.251350,-0.293408,-0.157410,2.929120,-5.028503
8776,-0.098204,0.776112,9.900249,0.233123,0.258979,-0.317823,-0.154867,2.937598,-5.038727
8777,-0.097112,0.771040,9.887388,0.669538,0.274238,-0.261363,-0.140320,2.946460,-5.048416
8778,-0.095828,0.781485,9.896424,0.910634,0.266609,-0.224741,-0.114403,2.955456,-5.056548
8779,-0.098321,0.794893,9.923822,0.889271,0.268135,-0.278148,-0.084839,2.964355,-5.064956
8780,-0.097050,0.803783,9.926837,0.689374,0.262031,-0.279674,-0.059010,2.973179,-5.074276
8781,-0.097401,0.818510,9.919928,0.208708,0.120120,-0.203378,-0.044461,2.979541,-5.082344
8782,-0.094649,0.802901,9.910374,0.007287,-0.061465,-0.102667,-0.041127,2.980514,-5.087452
8783,-0.093352,0.792071,9.905723,-0.142254,-0.343761,0.103333,-0.043375,2.973760,-5.087437
8784,-0.090185,0.799041,9.895160,-0.232285,-0.664206,0.260503,-0.049303,2.956966,-5.081352
8785,-0.087765,0.786476,9.889088,-0.183455,-0.909880,0.506177,-0.055573,2.930742,-5.068532
8786,-0.083648,0.788847,9.900846,-0.094952,-0.975494,0.625199,-0.059252,2.899338,-5.049620
8787,-0.075243,0.796110,9.918213,-0.339099,-0.700828,0.371896,-0.065647,2.871418,-5.032952
8788,-0.080105,0.776977,9.908047,-0.236863,-0.197272,0.051451,-0.074892,2.856458,-5.025867
8789,-0.089776,0.762557,9.902723,-0.284166,0.251350,-0.050786,-0.083576,2.857359,-5.025858
8790,-0.091977,0.773691,9.903140,-0.061381,0.843409,-0.453630,-0.089757,2.875593,-5.034303
8791,-0.081514,0.761044,9.913482,0.083582,1.333231,-0.630637,-0.090303,2.911842,-5.052454
8792,-0.088082,0.751949,9.912299,0.170560,1.295083,-0.478045,-0.087018,2.955618,-5.071024
8793,-0.101908,0.776442,9.924644,-0.072063,1.084505,-0.523822,-0.086248,2.995253,-5.087805
8794,-0.088447,0.800550,9.923506,-0.023232,0.925809,-0.471941,-0.088712,3.028733,-5.104476
8795,-0.088628,0.779365,9.923552,-0.094952,0.526016,-0.090459,-0.091181,3.052915,-5.113899
8796,-0.103690,0.759465,9.897899,0.045434,0.089602,0.040770,-0.092052,3.063174,-5.114746
8797,-0.107270,0.787016,9.903193,0.129360,-0.137761,0.118592,-0.088997,3.062375,-5.112085
8798,-0.099168,0.797307,9.904881,0.228545,-0.227791,0.384103,-0.082583,3.056295,-5.103685
8799,-0.110411,0.780495,9.911465,0.088160,-0.310191,0.419199,-0.076590,3.047348,-5.090265
8800,-0.121176,0.774846,9.898389,0.280426,-0.156073,0.095703,-0.069991,3.039588,-5.081662
8802,-0.106970,0.796817,9.906067,-0.117840,0.011779,0.031615,-0.067168,3.037185,-5.079535
8803,-0.105821,0.780507,9.900462,-0.499322,0.162846,-0.095037,-0.077510,3.040094,-5.080595
8804,-0.118542,0.760160,9.904858,-0.593928,0.207098,-0.455156,-0.096219,3.046246,-5.089788
8805,-0.128686,0.747462,9.897352,-0.455070,0.191839,-0.586385,-0.114628,3.052864,-5.107184
8806,-0.110482,0.766252,9.905231,-0.761780,0.179631,-0.346815,-0.135740,3.059020,-5.122773
8807,-0.112471,0.755152,9.904378,-0.426077,0.075868,-0.256786,-0.156076,3.063252,-5.132859
8808,-0.128927,0.747458,9.897470,-0.142254,-0.075198,-0.328504,-0.166070,3.063237,-5.142628
8809,-0.135196,0.775214,9.906208,-0.125470,-0.047732,-0.287304,-0.171081,3.061158,-5.152900
8810,-0.120052,0.791492,9.912591,-0.180402,0.121646,-0.078252,-0.176505,3.062371,-5.159005
8811,-0.134156,0.787621,9.913548,-0.363514,0.040772,0.017881,-0.185624,3.065075,-5.160021
8812,-0.144862,0.772872,9.913992,-0.638180,0.258979,-0.224741,-0.202505,3.070058,-5.163490
8813,-0.118182,0.758204,9.923909,-0.854861,0.574846,-0.082830,-0.227667,3.083937,-5.168676
8814,-0.113640,0.732114,9.908387,-0.987618,0.339853,0.220829,-0.258255,3.099191,-5.166437
8815,-0.142469,0.716510,9.885607,-0.957099,0.085024,0.083495,-0.290394,3.106296,-5.161393
8816,-0.146032,0.696892,9.885950,-0.716003,0.204046,-0.066045,-0.318265,3.111115,-5.161128
8817,-0.138517,0.700405,9.902104,-0.596981,0.353587,0.001096,-0.340210,3.120404,-5.162265
8818,-0.145964,0.719401,9.909637,-0.441337,0.484816,-0.194223,-0.357696,3.134357,-5.165574
8819,-0.141459,0.736272,9.913295,-0.316210,0.713705,-0.337660,-0.370815,3.154276,-5.174578
8820,-0.130786,0.743756,9.939620,-0.392507,0.655720,-0.192696,-0.383124,3.177041,-5.183581
8821,-0.141257,0.737568,9.948844,-0.429129,0.471083,-0.101141,-0.397098,3.195788,-5.188614
8822,-0.159596,0.734675,9.934540,-0.465751,0.316965,0.080444,-0.412037,3.208919,-5.189053
8823,-0.155214,0.710046,9.911901,-0.485588,0.176580,0.309333,-0.427532,3.217192,-5.182607
8824,-0.144743,0.677858,9.890115,-0.374196,0.136905,0.373422,-0.441224,3.222502,-5.171250
8825,-0.143782,0.676893,9.882421,-0.197188,0.257454,0.214726,-0.450197,3.229151,-5.161484
8826,-0.150999,0.696822,9.889716,0.079006,0.350535,-0.026371,-0.451994,3.239309,-5.158420
8827,-0.160513,0.714233,9.892395,0.501686,0.382579,-0.278149,-0.442609,3.251487,-5.163598
8828,-0.177932,0.733802,9.909506,0.707685,0.384105,-0.386489,-0.423088,3.264181,-5.174789
8829,-0.176078,0.747451,9.925896,0.849596,0.667927,-0.508563,-0.397994,3.281607,-5.189856
8830,-0.164644,0.735972,9.934204,0.759567,0.872401,-0.539082,-0.372190,3.307161,-5.207519
8831,-0.155451,0.731945,9.915340,0.646648,0.683187,-0.378860,-0.349650,3.332991,-5.223008
8832,-0.151881,0.713992,9.901108,0.492529,0.277290,-0.062993,-0.331099,3.348955,-5.230480
8833,-0.161968,0.723749,9.892587,0.433019,-0.006532,0.066711,-0.315671,3.353468,-5.230443
8834,-0.183384,0.741471,9.905894,0.347567,-0.201850,0.065185,-0.302532,3.350007,-5.228223
8835,-0.189657,0.764663,9.911029,0.371982,-0.290354,0.185733,-0.290292,3.341825,-5.223990
8836,-0.185656,0.761538,9.919423,0.176663,-0.151495,0.248296,-0.280724,3.334498,-5.216708
8837,-0.178602,0.775552,9.923737,-0.026285,0.175053,-0.050785,-0.278026,3.334907,-5.213412
8838,-0.167945,0.754723,9.928437,-0.148358,0.527542,-0.256786,-0.281239,3.346591,-5.218605
8839,-0.161757,0.749602,9.911209,-0.395558,0.497024,-0.137763,-0.290695,3.363635,-5.225277
8840,-0.176704,0.747450,9.893711,-0.432181,0.336801,-0.088934,-0.304717,3.377512,-5.229135
8841,-0.184275,0.738184,9.887329,-0.276537,0.355113,-0.093511,-0.316713,3.389027,-5.232243
8842,-0.177668,0.743736,9.897799,-0.258225,0.321542,0.033141,-0.325689,3.400299,-5.233315
8843,-0.176595,0.759711,9.899227,-0.217025,0.121646,0.190311,-0.333391,3.407707,-5.229626
8844,-0.188226,0.771051,9.905135,-0.050698,0.074342,0.187259,-0.337479,3.411009,-5.223341
8845,-0.166802,0.754021,9.924603,-0.104107,0.248298,0.126222,-0.339750,3.416418,-5.218139
8846,-0.159552,0.770603,9.946507,-0.261276,0.229987,0.062133,-0.345655,3.424408,-5.215042
8847,-0.174187,0.757268,9.926510,-0.181929,-0.130132,0.178103,-0.352802,3.426097,-5.211041
8848,-0.186862,0.760017,9.921453,-0.300950,-0.302561,0.300177,-0.360371,3.418934,-5.203010
8849,-0.168447,0.732935,9.909319,-0.249070,-0.235421,0.356637,-0.368881,3.410038,-5.191987
8850,-0.177585,0.721389,9.897250,-0.072063,-0.378858,0.321540,-0.373557,3.399873,-5.180598
8851,-0.185443,0.718381,9.887956,0.214812,-0.442947,0.222355,-0.370635,3.386235,-5.171429
8852,-0.177038,0.730267,9.900613,0.483375,-0.247628,0.228458,-0.358551,3.374774,-5.163829
8853,-0.167134,0.724004,9.893095,0.973196,-0.297984,0.297125,-0.333756,3.365733,-5.154999
8854,-0.187112,0.741464,9.898234,1.749893,-0.395643,0.237614,-0.287844,3.354221,-5.146010
8855,-0.192542,0.775823,9.900346,2.306855,-0.304087,0.324592,-0.219680,3.342600,-5.136573
8856,-0.170579,0.797034,9.911299,2.387729,-0.214058,0.585525,-0.140551,3.334012,-5.121352
8857,-0.170561,0.802574,9.904418,2.522011,-0.162176,0.605362,-0.057566,3.327777,-5.101460
8858,-0.165797,0.814758,9.902909,2.367892,-0.175909,0.435985,0.024941,3.322148,-5.084074
8859,-0.150074,0.826837,9.906421,1.705640,-0.297983,0.454296,0.093693,3.314233,-5.069218
8860,-0.149404,0.820631,9.899096,1.394352,-0.455154,0.461925,0.146241,3.301650,-5.053949
8861,-0.161858,0.823739,9.878016,1.426396,-0.648947,0.298652,0.193979,3.283211,-5.041305
8862,-0.157191,0.830074,9.889293,1.553048,-0.705406,0.277289,0.244180,3.260601,-5.031776
8863,-0.160997,0.850101,9.901107,1.698011,-0.597065,0.234563,0.298843,3.238853,-5.023334
8864,-0.158105,0.857952,9.917770,1.566781,-0.536028,0.147585,0.353609,3.219932,-5.017064
8865,-0.140140,0.857202,9.911109,0.973196,-0.522294,-0.023319,0.396052,3.202279,-5.015104
8866,-0.135531,0.859460,9.905042,-0.238389,-0.655050,-0.156074,0.408124,3.182677,-5.018236
8867,-0.142546,0.852189,9.882639,-0.981514,-0.915983,-0.008060,0.387631,3.156512,-5.021155
8868,-0.127024,0.835867,9.869342,-1.430135,-1.146398,0.498548,0.347873,3.122087,-5.013190
8869,-0.116262,0.836952,9.878693,-1.819246,-1.321879,0.651140,0.294744,3.080842,-4.994231
8870,-0.116660,0.867248,9.902112,-1.504907,-1.361554,0.597733,0.240442,3.036021,-4.973596
8871,-0.115954,0.864033,9.923341,-0.606136,-1.373761,0.423777,0.206145,2.990366,-4.956726
8872,-0.093162,0.860586,9.934246,-0.479485,-1.372235,-0.122504,0.188302,2.944582,-4.951859
8873,-0.092773,0.862658,9.895928,-1.170729,-1.982605,-1.105200,0.159746,2.888731,-4.972517
8874,-0.046868,0.846534,9.793167,-1.233292,-2.896634,-1.620963,0.117406,2.807522,-5.018205
8875,0.033258,0.746603,9.813291,-1.906224,-3.856442,-2.298474,0.061933,2.695074,-5.083783
8876,0.061902,0.733918,9.869150,-2.757691,-3.217079,-2.565511,-0.019535,2.577211,-5.164977
8877,0.045480,0.709161,9.902531,-4.691038,-1.979553,-3.220133,-0.147947,2.490457,-5.261360
8878,0.033181,0.619091,9.887334,-7.242385,0.019409,-4.132636,-0.352137,2.457246,-5.383852
8879,-0.002858,0.507770,9.910920,-11.374592,3.362712,-6.543598,-0.670179,2.512015,-5.562417
8880,-0.064697,0.477458,9.889022,-16.684813,6.957792,-9.027804,-1.149749,2.679880,-5.824846
8881,-0.108325,0.358378,9.854768,-22.452810,7.865718,-11.074070,-1.818744,2.918154,-6.166501
8882,-0.150419,0.276384,9.810573,-27.853058,7.035615,-11.777522,-2.677809,3.151317,-6.557390
8883,-0.173336,0.233031,10.017763,-36.900272,5.325052,-9.860960,-3.777979,3.336560,-6.929759
8884,-0.184823,-0.050448,10.002791,-50.506950,-0.789331,-2.267956,-5.246773,3.395597,-7.137787
8885,-0.169389,-0.386050,9.881664,-54.631527,-4.456130,3.966976,-6.996502,3.310633,-7.100858
8886,-0.163200,-0.930405,9.672890,-56.720512,-6.317759,7.380470,-8.839880,3.158036,-6.888845
8887,-0.113735,-1.225991,9.640495,-55.661526,-5.313700,7.275182,-10.697621,3.008020,-6.615072
8888,-0.080405,-1.708017,9.399652,-50.018654,-3.784723,6.677019,-12.445094,2.906159,-6.356461
8889,-0.075131,-1.814889,9.481578,-37.738007,1.937498,1.012785,-13.900644,2.905407,-6.224391
8890,-0.115085,-1.989816,9.574771,-34.162766,4.667377,-2.113837,-15.101088,3.007989,-6.269335
8891,-0.123114,-1.982796,9.687037,-30.708067,6.902859,-3.781673,-16.190023,3.167504,-6.415975
8892,-0.150243,-2.281803,9.657599,-30.207561,7.871821,-3.450548,-17.215803,3.368909,-6.602313
8893,-0.194271,-2.325100,9.677989,-29.559046,9.301614,-4.987154,-18.225292,3.598732,-6.823693
8894,-0.248263,-2.524171,9.548898,-29.070749,9.747184,-4.921539,-19.219152,3.846528,-7.082451
8895,-0.297859,-2.758107,9.380804,-28.641964,10.595598,-5.051242,-20.199785,4.109646,-7.353858
8896,-0.348111,-2.843603,9.357678,-29.755892,11.715628,-5.254191,-21.194727,4.396808,-7.646672
8897,-0.417489,-2.881226,9.410492,-30.415091,11.930782,-4.231821,-22.220781,4.704475,-7.940177
8898,-0.477687,-3.135500,9.377578,-30.505123,10.232428,-2.013125,-23.256332,5.004812,-8.179751
8899,-0.489596,-3.283836,9.333484,-30.090065,8.706503,-1.520252,-24.282492,5.269720,-8.361630
8900,-0.503226,-3.325140,9.423709,-30.405935,6.886074,-1.263896,-25.304901,5.486085,-8.513465
8901,-0.508289,-3.490634,9.353269,-29.961889,3.678577,0.396311,-26.319683,5.638203,-8.603681
8902,-0.489458,-3.731300,9.116661,-29.020397,0.344431,2.018369,-27.302111,5.715978,-8.598126
8903,-0.470845,-3.817029,8.936084,-28.942574,-0.388013,2.334236,-28.261639,5.748930,-8.533440
8905,-0.493300,-4.016661,8.840945,-29.333208,-0.545183,3.638902,-29.223272,5.783118,-8.438235
8906,-0.513385,-4.226697,8.698516,-28.362717,-0.572650,4.826072,-30.171385,5.836742,-8.305749
8907,-0.534668,-4.434903,8.622458,-27.425802,0.254402,5.058012,-31.086246,5.916017,-8.160499
8908,-0.560107,-4.590900,8.601995,-26.713192,1.380535,4.449169,-31.975853,6.022107,-8.038980
8909,-0.582512,-4.764542,8.579580,-25.886141,1.731498,4.015806,-32.842705,6.141568,-7.947115
8910,-0.590852,-4.878236,8.536674,-25.927340,1.615527,3.316932,-33.698425,6.255274,-7.875111
8911,-0.595349,-5.048049,8.293694,-26.269146,1.630786,3.072784,-34.561928,6.359837,-7.816998
8912,-0.618280,-5.132222,8.133448,-28.767092,2.735556,3.118562,-35.474327,6.478655,-7.773995
8913,-0.666674,-5.325152,8.103135,-33.329605,3.895260,4.089050,-36.505478,6.638700,-7.741491
8914,-0.705630,-5.479340,8.061697,-35.798557,4.095156,4.601761,-37.653324,6.832258,-7.705924
8915,-0.751979,-5.705931,8.004989,-37.768528,3.735038,5.228916,-38.873489,7.036146,-7.657745
8916,-0.803527,-5.829663,8.010126,-38.711548,2.604327,4.661272,-40.140499,7.222441,-7.597340
8917,-0.804736,-6.013707,7.871715,-37.879921,0.980742,4.418650,-41.407204,7.366473,-7.521283
8918,-0.790298,-6.106409,7.602749,-34.268055,0.393261,3.289465,-42.599110,7.469353,-7.440596
8919,-0.789123,-6.254688,7.412240,-32.929817,0.503127,2.416636,-43.711174,7.545305,-7.381013
8920,-0.775731,-6.373137,7.243694,-31.338276,0.887660,1.290503,-44.778465,7.605062,-7.352715
8921,-0.749945,-6.494722,7.143224,-30.343370,1.517868,0.632829,-45.807198,7.656122,-7.358747
8922,-0.771432,-6.665848,7.027310,-29.353045,1.438520,-0.465837,-46.806599,7.692238,-7.392754
8923,-0.771789,-6.813869,6.996800,-28.808292,0.957853,-0.771022,-47.781727,7.704229,-7.436534
8924,-0.758278,-6.906709,6.896402,-27.924778,0.692342,-0.787808,-48.732323,7.703146,-7.474733
8925,-0.759503,-6.948862,6.744404,-27.203014,0.303231,-1.050267,-49.655457,7.690790,-7.507618
8926,-0.761167,-7.054039,6.584592,-25.980749,-0.166754,-1.248637,-50.545349,7.662851,-7.534208
8927,-0.729455,-7.138490,6.485709,-25.266615,-0.267465,-0.975496,-51.401802,7.629486,-7.552117
8928,-0.717359,-7.221544,6.373814,-27.001596,-1.303568,-2.547200,-52.274975,7.567134,-7.567936
8929,-0.680846,-7.324286,6.275783,-29.911535,-2.611286,-4.767421,-53.226349,7.430615,-7.590087
8930,-0.639895,-7.454226,6.136684,-32.606316,-3.832027,-6.471879,-54.271351,7.216084,-7.614598
8931,-0.582195,-7.563315,6.004590,-34.892151,-4.695701,-8.280101,-55.399376,6.933259,-7.640319
8932,-0.547162,-7.624229,5.799188,-36.363148,-5.631093,-9.920470,-56.590042,6.585600,-7.667590
8933,-0.482150,-7.778778,5.670224,-37.919594,-5.695182,-10.056278,-57.830368,6.203538,-7.689466
8934,-0.417455,-7.892614,5.471629,-36.025917,-4.810145,-9.047641,-59.064449,5.840647,-7.706935
8935,-0.334510,-7.997623,5.253583,-34.017796,-3.479538,-8.057316,-60.234177,5.524896,-7.731811
8936,-0.243171,-8.168242,5.067172,-33.364700,-2.782190,-7.976441,-61.360790,5.240810,-7.771180
8937,-0.153063,-8.313954,4.934787,-31.634302,-1.862057,-7.076146,-62.448475,4.983125,-7.821219
8938,-0.106140,-8.381529,4.760103,-29.455282,-2.020753,-7.578175,-63.471081,4.736230,-7.874738
8939,-0.083917,-8.500077,4.654138,-28.689268,-2.310679,-8.034427,-64.444061,4.470786,-7.924353
8940,-0.071427,-8.580770,4.545980,-27.264053,-2.248116,-6.986116,-65.379372,4.211866,-7.961845
8941,-0.087901,-8.557661,4.398374,-26.464466,-2.408339,-5.690606,-66.275902,3.987331,-7.977558
8942,-0.068601,-8.640176,4.344810,-27.994972,-2.966827,-5.899658,-67.183075,3.774456,-7.971501
8943,-0.013571,-8.707807,4.156296,-26.687254,-1.782709,-4.028872,-68.093735,3.591297,-7.961235
8944,0.014301,-8.745409,3.925164,-26.275253,-0.883939,-1.993288,-68.976089,3.481661,-7.956466
8945,0.042015,-8.871065,3.819556,-28.478689,-0.984650,-1.796444,-69.888161,3.411596,-7.949345
8946,0.076891,-8.962069,3.723879,-28.271164,0.052979,-0.835111,-70.833931,3.365065,-7.949440
8947,0.071247,-8.941090,3.507185,-27.141979,1.591112,0.355111,-71.759094,3.366321,-7.977923
8948,0.036263,-8.965929,3.377188,-27.500572,1.693349,-0.093511,-72.672737,3.387267,-8.028694
8949,0.050017,-9.018773,3.270434,-27.799652,1.421735,-1.349348,-73.597694,3.379330,-8.085477
8950,0.058191,-9.051408,3.122440,-27.663843,1.592638,-2.158089,-74.525795,3.336923,-8.150028
8951,0.059257,-9.128606,2.945019,-28.750307,1.583483,-2.847807,-75.470177,3.270068,-8.222924
8952,0.079332,-9.247604,2.830340,-29.951208,1.276772,-2.760829,-76.452339,3.190958,-8.291989
8953,0.107214,-9.312659,2.668801,-30.183151,1.514816,-1.892578,-77.457970,3.125882,-8.354902
8954,0.105294,-9.333167,2.467696,-29.545313,1.997009,-0.578755,-78.456932,3.097818,-8.420762
8955,0.097502,-9.305758,2.278061,-28.475636,1.957334,0.431407,-79.427391,3.108067,-8.485905
8956,0.091868,-9.270503,2.157254,-27.866789,1.658253,0.048400,-80.369530,3.126498,-8.543839
8957,0.104494,-9.274223,1.987463,-27.232006,1.519394,-1.344770,-81.290810,3.113595,-8.599673
8958,0.139412,-9.321847,1.802513,-27.630274,0.954801,-3.395614,-82.207924,3.041336,-8.651986
8959,0.184778,-9.419328,1.683423,-28.211653,-0.305613,-5.345747,-83.140068,2.898205,-8.681471
8960,0.243411,-9.555088,1.545864,-28.318466,-1.575183,-6.462724,-84.081711,2.699076,-8.672343
8961,0.291665,-9.649981,1.355121,-27.433432,-2.556353,-5.470873,-85.008568,2.494476,-8.622739
8962,0.307787,-9.672138,1.168445,-28.002598,-3.890012,-4.147894,-85.928452,2.326116,-8.528177
8963,0.312338,-9.629464,1.031899,-29.371355,-5.216041,-2.405289,-86.878853,2.207510,-8.383367
8964,0.310715,-9.587977,0.875361,-30.047342,-6.085819,-1.750667,-87.862045,2.129601,-8.198135
8965,0.318368,-9.575522,0.719059,-28.858644,-6.011048,-1.830015,-88.836411,2.064091,-7.998160
8966,0.344624,-9.576020,0.540108,-27.540245,-5.835567,-1.939881,-89.769333,1.998856,-7.801400
8967,0.369408,-9.574791,0.430054,-26.473621,-5.919493,-2.582295,-90.662788,1.924225,-7.605114
8968,0.378094,-9.653089,0.291576,-25.034676,-5.577686,-4.158576,-91.514885,1.815525,-7.411354
8969,0.402695,-9.642763,0.117149,-24.232037,-4.642293,-3.741999,-92.330643,1.689645,-7.236741
8970,0.413264,-9.516189,-0.088411,-24.462452,-4.466812,-3.233866,-93.137665,1.580809,-7.079480
8971,0.429637,-9.501181,-0.185274,-27.511253,-5.121434,-6.117865,-93.999397,1.435220,-6.910206
8972,0.470788,-9.595902,-0.348431,-28.315413,-4.701804,-7.996279,-94.925606,1.213436,-6.728791
8973,0.544508,-9.558916,-0.573242,-28.249802,-4.041079,-7.810116,-95.865097,0.964914,-6.559053
8974,0.615403,-9.582685,-0.689390,-30.184673,-4.439346,-9.064426,-96.836433,0.701101,-6.387462
8975,0.668913,-9.757742,-0.840808,-33.013741,-4.158575,-9.278057,-97.887886,0.416291,-6.206229
8976,0.690044,-9.669351,-1.077177,-33.294510,-3.003450,-4.904754,-98.992096,0.200074,-6.053438
8977,0.683303,-9.546839,-1.283764,-35.977089,-2.631124,-2.585348,-100.146187,0.092755,-5.939763
8978,0.691030,-9.503499,-1.450742,-39.410423,-2.623494,-1.807126,-101.402382,0.037308,-5.839852
8979,0.684639,-9.451142,-1.722592,-39.849888,-2.139776,-0.488726,-102.723160,0.016526,-5.754154
8980,0.706891,-9.316863,-1.990981,-39.491291,-1.599598,0.666399,-104.045288,0.033909,-5.694107
8981,0.713402,-9.346072,-2.177694,-40.535030,-1.453109,-0.397171,-105.378822,0.051244,-5.645950
8982,0.729404,-9.344770,-2.405035,-39.619469,-1.570605,0.240666,-106.714485,0.062656,-5.596909
8983,0.694521,-9.267019,-2.611306,-36.532524,-1.894102,1.894770,-107.983437,0.113842,-5.552349
8984,0.677604,-9.190768,-2.814958,-35.414024,-2.086368,2.441051,-109.182274,0.203478,-5.512334
8985,0.651746,-9.135748,-3.000767,-34.387074,-2.345776,2.792014,-110.345299,0.310521,-5.472256
8986,0.647240,-9.083566,-3.201848,-32.084454,-2.521257,4.160769,-111.452812,0.447684,-5.437772
8987,0.636270,-8.976546,-3.364854,-28.699947,-2.264901,5.093109,-112.465637,0.620560,-5.421335
8988,0.605593,-8.961192,-3.517641,-26.760496,-1.791865,5.009183,-113.389938,0.801994,-5.424558
8989,0.566400,-8.933165,-3.631570,-23.510277,-1.125035,5.863701,-114.228157,0.987426,-5.453229
8990,0.518479,-8.888897,-3.695204,-20.130350,-0.711509,5.476116,-114.956413,1.172073,-5.503982
8991,0.477451,-8.847418,-3.777384,-17.255507,-0.252206,4.232487,-115.580666,1.325273,-5.558520
8992,0.452116,-8.841642,-3.865583,-16.033239,0.133853,3.210117,-116.136719,1.437758,-5.610888
8993,0.458333,-8.817249,-3.957229,-15.316056,0.429883,2.512769,-116.660507,1.519014,-5.661761
8994,0.456719,-8.761024,-4.035475,-15.929479,0.248298,0.995999,-117.182228,1.566038,-5.698353
8995,0.479016,-8.697204,-4.091133,-16.985420,-0.023317,0.347481,-117.731178,1.584143,-5.712059
8996,0.491607,-8.670909,-4.194718,-18.938604,-0.812221,-0.230845,-118.329575,1.592380,-5.700695
8997,0.487734,-8.582026,-4.307063,-21.679167,-1.718620,-0.738978,-119.005264,1.598392,-5.655922
8998,0.471064,-8.498658,-4.407456,-23.968052,-2.667746,-0.291882,-119.764008,1.619250,-5.583768
8999,0.462907,-8.443511,-4.556432,-24.740171,-3.468857,1.319495,-120.573456,1.685431,-5.503879
9000,0.421627,-8.407585,-4.734524,-26.751341,-4.111271,2.054991,-121.429176,1.798714,-5.424424
9001,0.391545,-8.343095,-4.919348,-27.824066,-3.998353,1.937495,-122.336113,1.926598,-5.344721
9002,0.369175,-8.290325,-5.103764,-27.796598,-3.229286,1.496503,-123.260628,2.039958,-5.274451
9003,0.367529,-8.234669,-5.264433,-27.865267,-1.756768,0.999051,-124.186592,2.120707,-5.228453
9004,0.359420,-8.147408,-5.380827,-29.232498,-0.064517,-0.101141,-125.137535,2.150340,-5.212071
9005,0.361013,-8.003494,-5.511035,-29.227919,1.591112,-0.548237,-126.112350,2.126776,-5.226592
9006,0.363030,-7.854516,-5.599675,-28.828127,3.266579,1.064666,-127.082466,2.085496,-5.296860
9008,0.381425,-7.793747,-5.715888,-28.115519,4.005126,2.743184,-128.036331,2.062094,-5.431680
9009,0.389028,-7.672327,-5.867263,-27.274734,3.954771,3.452739,-128.965500,2.060441,-5.599827
9010,0.379792,-7.556632,-6.042911,-26.905460,3.667897,4.453747,-129.875000,2.081601,-5.781713
9011,0.361207,-7.463418,-6.127817,-27.302198,3.338297,5.880487,-130.785797,2.137358,-5.982259
9012,0.346699,-7.425441,-6.268193,-27.859159,1.966490,5.779776,-131.712524,2.225210,-6.176907
9013,0.350249,-7.359189,-6.442529,-30.856081,0.889187,4.411020,-132.696976,2.318963,-6.326314
9014,0.297180,-7.313756,-6.593142,-35.972507,0.971587,1.595688,-133.814423,2.370461,-6.417607
9015,0.232724,-6.953318,-6.565750,-40.828003,0.951750,-0.154548,-135.095932,2.364966,-6.457523
9016,0.225276,-6.823311,-6.763691,-43.577721,0.255928,0.571792,-136.503265,2.355254,-6.476662
9017,0.200597,-6.557470,-6.759096,-45.923073,-0.688620,1.057036,-137.995316,2.378975,-6.491606
9018,0.166977,-6.249125,-6.945878,-45.999367,-4.164678,2.782858,-139.526840,2.481938,-6.486297
9019,0.144906,-5.945210,-7.233541,-43.641811,-7.540026,6.603775,-141.020355,2.731811,-6.481517
9020,0.116061,-6.095549,-7.623057,-39.920078,-8.949980,9.205478,-142.414627,3.110811,-6.517527
9021,0.037476,-5.982940,-7.902262,-36.959785,-9.038484,7.436931,-143.698120,3.517201,-6.558705
9022,-0.021459,-5.898044,-8.238164,-33.843842,-6.886930,5.349464,-144.879211,3.856927,-6.576849
9023,-0.065190,-5.785436,-8.259224,-30.746214,-1.747613,3.220799,-145.958084,4.056416,-6.613029
9024,-0.056757,-5.620116,-8.189565,-28.809814,1.861201,0.899866,-146.954758,4.092874,-6.671841
9025,-0.007504,-5.355053,-8.199050,-28.454275,3.066682,-0.548237,-147.912567,4.026822,-6.721415
9026,0.020316,-5.126358,-8.207875,-29.664337,3.670949,0.254400,-148.884933,3.928580,-6.776339
9027,0.040583,-5.009702,-8.308761,-31.152113,3.641956,2.566177,-149.905426,3.847682,-6.879077
9028,0.032097,-4.916780,-8.480847,-32.125652,3.469527,4.023435,-150.970276,3.798914,-7.033318
9029,0.029215,-4.802989,-8.663244,-31.185682,4.183660,4.604813,-152.037735,3.755509,-7.220876
9030,0.028492,-4.683547,-8.791631,-29.595665,5.886593,4.411020,-153.064346,3.675916,-7.432041
9031,0.059947,-4.624143,-8.854823,-28.612967,7.304177,3.751821,-154.048248,3.539737,-7.652300
9032,0.115744,-4.418986,-8.945630,-29.096689,7.862666,1.548385,-155.021317,3.349530,-7.841184
9033,0.167204,-4.217481,-8.963000,-29.923744,8.793480,-0.326978,-156.012421,3.105216,-7.975048
9034,0.183724,-3.964702,-8.823146,-31.641932,9.324503,-1.289837,-157.043320,2.817427,-8.070820
9035,0.225926,-3.801681,-8.927838,-35.320938,7.439985,-1.030430,-158.162552,2.544330,-8.141623
9036,0.264583,-3.601706,-9.013642,-39.291397,6.083436,-0.850371,-159.408173,2.322849,-8.193776
9037,0.286445,-3.424868,-9.032578,-39.936867,5.576829,-0.297986,-160.730331,2.133619,-8.241874
9038,0.315536,-3.186187,-9.082132,-39.015202,4.114993,0.269659,-162.047836,1.980446,-8.292931
9039,0.348367,-3.080670,-9.246991,-38.146954,1.812372,1.104340,-163.335434,1.892972,-8.344066
9040,0.345923,-2.906099,-9.274195,-35.157665,0.539750,0.732014,-164.558334,1.863786,-8.384111
9041,0.298362,-2.585853,-9.282673,-29.572777,-1.077731,0.028563,-165.637375,1.875659,-8.393967
9042,0.249189,-2.389527,-9.350419,-27.103830,-3.993775,0.670977,-166.581589,1.960425,-8.384874
9043,0.202026,-2.321862,-9.500134,-26.816956,-7.134129,1.797110,-167.480148,2.150373,-8.383115
9044,0.161235,-2.167220,-9.644753,-26.133343,-8.708883,2.001584,-168.362839,2.421834,-8.389555
9045,0.089754,-1.945297,-9.600897,-25.272718,-8.924040,2.227421,-169.220093,2.723783,-8.401465
9046,0.056488,-1.887009,-9.629592,-27.283892,-10.367564,3.481732,-170.097778,3.057155,-8.437366
9047,0.028928,-1.728892,-9.644319,-29.636866,-11.847713,3.663317,-171.049591,3.441937,-8.494233
9048,-0.070081,-1.510341,-9.557453,-32.093605,-13.069979,3.762502,-172.082291,3.870835,-8.555828
9049,-0.155618,-1.406230,-9.614799,-35.635277,-16.005859,4.598710,-173.216476,4.369199,-8.632208
9050,-0.242298,-1.270673,-9.716223,-35.989292,-17.789667,4.565138,-174.417480,4.945563,-8.723553
9051,-0.368671,-1.118580,-9.807681,-34.812805,-17.955992,3.454265,-175.604843,5.550572,-8.805082
9052,-0.509660,-0.999430,-9.994645,-32.751286,-17.103001,2.048888,-176.736176,6.139531,-8.857780
9053,-0.613770,-0.776963,-10.017900,-26.870361,-13.811579,0.516859,-177.731796,6.656064,-8.875723
9054,-0.694185,-0.578059,-9.878111,-20.475210,-9.886898,-0.627585,-178.519104,7.050637,-8.860872
9055,-0.722007,-0.545990,-9.943763,-18.618158,-8.339609,-0.882415,-179.166702,7.353757,-8.829372
9056,-0.730914,-0.427143,-9.949745,-16.536797,-6.418470,-1.709467,-179.746643,7.599278,-8.783487
9057,-0.754860,-0.245318,-9.793347,-14.290635,-4.170782,-2.423600,179.748856,7.775716,-8.714022
9058,-0.754412,-0.176986,-9.859896,-14.916265,-4.060915,-2.121467,179.272339,7.913511,-8.638799
9059,-0.762304,-0.153111,-9.987706,-16.072914,-3.316264,-1.845274,178.764832,8.037590,-8.574189
9060,-0.798552,0.009262,-9.985609,-15.877597,-0.861050,-1.949037,178.241028,8.108852,-8.512218
9061,-0.802953,0.069966,-9.912564,-15.950840,1.465986,-1.270000,177.718231,8.100659,-8.457796
9062,-0.776417,0.155812,-9.891075,-15.946264,2.694356,-0.725245,177.191742,8.032889,-8.421227
9063,-0.748615,0.193680,-9.877403,-16.260605,4.000549,-0.467363,176.658585,7.922555,-8.395189
9064,-0.723694,0.301430,-9.814180,-16.632931,5.027497,-0.719141,176.114395,7.773646,-8.365745
9065,-0.694787,0.424499,-9.734411,-16.820620,5.300638,-1.418015,175.563324,7.604542,-8.317331
9066,-0.668365,0.550331,-9.770617,-18.140545,4.992400,-2.272533,174.990616,7.438616,-8.241261
9067,-0.640468,0.649473,-9.782633,-20.342453,5.376934,-2.388503,174.361328,7.273725,-8.147072
9068,-0.609486,0.777185,-9.744290,-22.210186,5.671437,-2.582295,173.664963,7.099248,-8.044663
9069,-0.563394,0.930316,-9.791651,-24.427355,6.042236,-3.241496,172.902359,6.916725,-7.924533
9070,-0.521308,1.087444,-9.771250,-28.028542,7.076813,-3.490221,172.044861,6.714647,-7.783666
9071,-0.502176,1.289187,-9.765950,-30.909491,8.457777,-2.875274,171.079147,6.474140,-7.639801
9072,-0.475242,1.439751,-9.761113,-33.973545,9.577806,-2.188607,170.012558,6.191582,-7.506431
9073,-0.438599,1.638122,-9.753078,-38.182049,10.244636,-1.959718,168.823669,5.879631,-7.377132
9074,-0.417924,1.924920,-9.687217,-41.154556,10.386547,-0.972444,167.513412,5.553204,-7.258194
9075,-0.400740,2.089999,-9.677047,-43.570091,8.970488,-0.108771,166.110138,5.243382,-7.166621
9076,-0.398158,2.362113,-9.665223,-44.861027,5.427289,-1.025852,164.643631,5.016156,-7.087269
9077,-0.370680,2.596058,-9.586702,-44.909859,0.852564,-2.460222,163.155167,4.931752,-7.001705
9078,-0.379139,2.839653,-9.528257,-43.118423,-2.592975,-2.820340,161.694885,4.985973,-6.925771
9079,-0.401926,3.047348,-9.454805,-41.272053,-5.187049,-2.834073,160.292831,5.139312,-6.878356
9080,-0.417650,3.311819,-9.403650,-39.022835,-6.766380,-2.718103,158.956436,5.358337,-6.860632
9081,-0.409406,3.472548,-9.307353,-37.290913,-6.743492,-1.709466,157.683365,5.594862,-6.875133
9082,-0.446097,3.750257,-9.236124,-36.569149,-5.563952,0.236089,156.446823,5.793397,-6.932737
9083,-0.468067,3.946772,-9.064542,-38.742065,-4.092960,2.840843,155.180252,5.919305,-7.046192
9084,-0.496106,4.120955,-8.924830,-40.921085,-1.628590,5.538679,153.835358,5.945405,-7.214414
9085,-0.496496,4.237833,-8.767132,-43.802036,1.400372,8.077819,152.402451,5.846302,-7.419939
9086,-0.512632,4.456495,-8.640564,-44.816772,4.139408,10.137818,150.903320,5.620972,-7.644743
9087,-0.460779,4.631011,-8.505188,-46.153484,7.865718,12.078796,149.366364,5.263179,-7.867515
9088,-0.568850,4.975176,-8.556634,-44.868652,9.910457,11.578291,147.833618,4.804924,-8.050787
9089,-0.494552,5.176395,-8.526955,-44.406303,7.935909,9.025418,146.335907,4.368579,-8.178010
9090,-0.413977,5.490707,-8.383671,-41.687099,4.411022,6.944057,144.893692,4.048410,-8.281381
9091,-0.294269,5.740894,-8.179759,-41.603176,2.013794,4.528517,143.499374,3.849806,-8.373652
9092,-0.297024,5.932206,-8.056620,-41.700832,-0.021791,1.353066,142.107346,3.764071,-8.431443
9093,-0.143161,5.981867,-7.812458,-41.644371,-1.753716,-0.943452,140.716934,3.782821,-8.454923
9094,-0.155362,6.159931,-7.626436,-40.214581,-0.955657,-1.659111,139.353104,3.845217,-8.450386
9095,-0.189582,6.321428,-7.520428,-40.788330,1.144016,-2.025333,138.006516,3.883292,-8.402099
9096,-0.269253,6.475942,-7.474274,-41.185074,2.491408,-1.312726,136.646042,3.876291,-8.320081
9097,-0.276388,6.659227,-7.338421,-39.483662,1.531601,-1.018221,135.306793,3.855041,-8.245538
9098,-0.271768,6.822446,-7.191464,-38.677975,0.892238,-0.941926,134.007767,3.849962,-8.193688
9099,-0.275090,6.988827,-7.002844,-38.270554,0.672505,-0.722193,132.728027,3.852263,-8.155568
9100,-0.281021,7.139365,-6.825923,-37.095589,-0.079776,-0.923614,131.473816,3.866018,-8.129796
9101,-0.249945,7.262420,-6.635976,-35.375877,-0.738976,-1.179970,130.266998,3.901493,-8.117087
9102,-0.261990,7.400012,-6.463112,-33.920143,-0.612324,-0.984651,129.112579,3.943660,-8.111306
9103,-0.259691,7.532231,-6.316005,-33.869785,-0.085880,-0.716089,127.983467,3.973078,-8.102737
9104,-0.260920,7.643254,-6.178070,-34.641903,0.812890,-0.505511,126.843262,3.981866,-8.080737
9105,-0.288643,7.726381,-6.028982,-36.109844,1.775749,0.179629,125.666824,3.960685,-8.042706
9106,-0.306517,7.828645,-5.832283,-37.560997,2.148075,1.598740,124.441612,3.898838,-8.006207
9107,-0.267940,7.937416,-5.675545,-38.334644,3.223853,2.486828,123.179306,3.792504,-7.969748
9108,-0.269366,8.095460,-5.519647,-38.510124,3.822015,4.148561,121.901276,3.636094,-7.930276
9109,-0.221303,8.218911,-5.336140,-36.122055,2.672994,4.363717,120.658730,3.458701,-7.911552
9111,-0.187933,8.307441,-5.146793,-34.426746,2.247260,5.480694,119.482376,3.275740,-7.922810
9112,-0.138771,8.465810,-4.982749,-32.920658,1.884090,5.479167,118.358467,3.082661,-7.951005
9113,-0.134588,8.610507,-4.820212,-32.116493,1.000579,4.943568,117.272621,2.906636,-7.989599
9114,-0.096532,8.727383,-4.617471,-31.858614,0.504653,4.011228,116.204239,2.762123,-8.034334
9115,-0.097420,8.837442,-4.417469,-34.588497,1.327127,4.075317,115.095436,2.627432,-8.065104
9116,-0.064791,8.994224,-4.218413,-36.250225,1.131809,2.489880,113.914574,2.510822,-8.073212
9117,-0.066339,8.996632,-3.982624,-38.262924,1.791008,1.676562,112.673592,2.427751,-8.055769
9118,-0.054219,9.054435,-3.717433,-41.619957,2.950712,2.639421,111.344315,2.331379,-8.009365
9119,-0.053698,9.114891,-3.508132,-43.261852,4.237067,3.005643,109.932945,2.201071,-7.930472
9120,-0.054106,9.196411,-3.296486,-40.831055,4.732993,2.358651,108.535797,2.067328,-7.818777
9121,-0.016502,9.297143,-3.036838,-37.660187,4.871851,1.575851,107.232475,1.955693,-7.686488
9122,-0.001134,9.400541,-2.835320,-35.766514,4.867274,0.893762,106.013664,1.869766,-7.542626
9123,0.009246,9.461804,-2.654521,-34.179550,3.831171,-0.911407,104.852562,1.831441,-7.402699
9124,0.001897,9.472216,-2.423435,-33.233471,1.762016,-2.914947,103.732582,1.870253,-7.296415
9125,0.003526,9.514239,-2.274442,-33.666836,-0.096561,-3.992250,102.619530,1.976125,-7.242925
9126,-0.065583,9.601448,-2.144432,-33.912514,-0.859524,-4.559895,101.493835,2.118958,-7.228613
9127,-0.114989,9.672600,-1.967271,-32.723812,-1.762872,-5.721124,100.382957,2.295522,-7.238965
9128,-0.142120,9.649172,-1.778761,-31.188736,-2.611286,-5.997316,99.316254,2.500455,-7.277292
9129,-0.171974,9.666941,-1.582925,-29.449179,-2.608234,-5.444932,98.303146,2.702277,-7.334048
9130,-0.224776,9.767752,-1.432767,-30.552425,-2.394605,-5.231302,97.300354,2.889881,-7.392582
9131,-0.254857,9.770249,-1.290764,-31.522913,-2.673849,-4.533955,96.262482,3.061435,-7.457360
9132,-0.287739,9.777395,-1.158825,-31.367266,-2.551775,-3.471910,95.210411,3.202909,-7.530846
9133,-0.304674,9.821948,-1.013548,-30.007669,-1.595020,-3.099584,94.184166,3.317712,-7.590928
9134,-0.320357,9.853434,-0.910154,-28.327621,-0.445998,-2.950044,93.210381,3.420450,-7.618439
9135,-0.321805,9.793085,-0.729286,-25.295609,1.194372,-2.478533,92.317734,3.510134,-7.601589
9136,-0.388910,9.799673,-0.515784,-24.653193,3.303201,-2.171822,91.490097,3.584993,-7.523967
9137,-0.401484,9.721413,-0.420873,-28.747250,3.693838,-1.216592,90.607544,3.639187,-7.406126
9138,-0.399278,9.743173,-0.241456,-30.677551,3.988341,-1.741511,89.625397,3.688234,-7.277816
9139,-0.385075,9.800586,-0.038768,-32.084454,4.049378,-1.576711,88.588104,3.745610,-7.144434
9140,-0.399630,9.794106,0.193192,-34.554924,3.750297,-1.044163,87.486008,3.793721,-7.015767
9141,-0.338400,9.722758,0.326539,-35.443016,2.822534,-0.755763,86.326668,3.829628,-6.907827
9142,-0.327498,9.855854,0.594183,-32.070717,3.347452,-1.495837,85.208282,3.874720,-6.807863
9143,-0.336581,9.904805,0.764897,-32.246201,3.205541,0.168948,84.143715,3.906808,-6.700861
9144,-0.324965,9.827017,0.895191,-34.678524,2.682149,1.099762,83.035179,3.896749,-6.600895
9145,-0.309653,9.874783,1.062735,-35.743622,2.917142,1.533125,81.868271,3.865561,-6.502484
9146,-0.383386,10.008883,1.457658,-35.482689,2.744712,3.233006,80.688354,3.801342,-6.396976
9147,-0.401398,9.916904,1.603594,-33.219742,0.512283,7.365211,79.548866,3.636648,-6.313168
9148,-0.342052,9.571725,1.643073,-32.557487,-0.102665,8.744648,78.456161,3.374516,-6.255546
9149,-0.324232,9.516390,1.957675,-33.131233,0.747276,6.825034,77.365143,3.123079,-6.190728
9150,-0.248379,9.412837,2.072324,-33.839264,0.219305,5.056487,76.252335,2.933950,-6.129602
9151,-0.137344,9.250796,2.113639,-35.844334,1.243201,1.926814,75.093704,2.827309,-6.076985
9152,-0.111479,9.152665,2.427643,-38.662716,4.252326,-2.771511,73.856285,2.865382,-5.992116
9153,-0.208056,9.386061,2.821438,-39.575222,5.747732,-5.832517,72.558655,3.050673,-5.873369
9154,-0.297393,9.407740,2.989554,-37.731899,5.883540,-5.161109,71.277481,3.284946,-5.745476
9155,-0.405570,9.376544,3.289041,-35.768040,6.350473,-3.644340,70.061157,3.490845,-5.601443
9156,-0.460325,9.225817,3.489879,-33.589016,5.723318,-1.985660,68.915009,3.649111,-5.445652
9157,-0.479370,9.196560,3.637699,-32.552914,4.411023,-1.801022,67.821419,3.770001,-5.311767
9158,-0.460511,9.249964,3.786014,-31.489340,3.190282,-1.157082,66.760674,3.864458,-5.213771
9159,-0.457476,9.103216,3.948005,-29.658230,1.894772,0.454296,65.746605,3.909363,-5.140830
9160,-0.390664,9.045341,3.977670,-28.855595,0.909024,0.431407,64.774750,3.915537,-5.092245
9161,-0.375870,8.969728,4.178149,-28.130775,1.235572,0.938014,63.827923,3.910531,-5.050073
9162,-0.380747,8.846522,4.299453,-27.883575,1.337809,0.895288,62.897980,3.902411,-4.997942
9163,-0.431614,8.659316,4.465018,-27.163338,1.310342,0.246770,61.983864,3.905950,-4.949894
9164,-0.406685,8.656849,4.544647,-26.488880,1.630786,-0.832059,61.092365,3.937905,-4.911325
9165,-0.445400,8.608157,4.763975,-27.808807,2.318979,-2.263378,60.189701,4.015153,-4.879096
9166,-0.487112,8.637768,4.836294,-29.002081,1.540757,-4.540058,59.242809,4.145512,-4.880633
9167,-0.536785,8.609176,5.030432,-29.502584,1.588060,-5.454087,58.264732,4.315080,-4.922468
9168,-0.556193,8.482294,5.097496,-30.267073,2.447157,-5.922545,57.265251,4.511351,-4.966795
9169,-0.598890,8.411398,5.230041,-31.538172,4.288949,-8.045108,56.232502,4.767528,-5.000607
9170,-0.641997,8.397338,5.488251,-31.370316,6.170415,-9.247537,55.182533,5.103791,-5.018848
9171,-0.695071,8.308887,5.703074,-32.723812,7.287391,-9.194130,54.114880,5.484150,-5.013559
9172,-0.745612,8.272138,5.813586,-34.026955,7.580370,-9.220071,53.004150,5.878112,-4.996417
9173,-0.797478,8.171974,6.048100,-34.475574,7.262977,-8.194649,51.864597,6.258934,-4.977191
9174,-0.850016,7.960690,6.220319,-35.137829,5.737051,-5.203836,50.707794,6.568611,-4.947709
9175,-0.921028,7.742234,6.264126,-35.616970,3.318460,-1.044163,49.534344,6.745203,-4.898621
9176,-0.928705,7.657373,6.401075,-34.577812,1.911557,0.669452,48.371815,6.807066,-4.836973
9177,-0.901903,7.494011,6.568959,-33.309772,1.125705,1.942073,47.248417,6.808797,-4.769954
9178,-0.870671,7.295244,6.636265,-32.493397,0.062135,4.023436,46.161602,6.749983,-4.686913
9179,-0.852263,7.244711,6.767704,-33.227367,-0.787806,4.742146,45.077316,6.637062,-4.592928
9180,-0.811290,7.059354,6.930232,-33.209057,-0.728294,3.597703,43.979511,6.521598,-4.511109
9181,-0.773439,6.829781,7.001104,-34.968449,-1.102146,4.420176,42.851963,6.407671,-4.434463
9182,-0.777574,6.718948,7.142396,-39.717133,-2.466324,5.476117,41.616455,6.252772,-4.351881
9183,-0.797844,6.625703,7.296730,-43.889008,-4.045656,4.534621,40.229126,6.061545,-4.296703
9184,-0.787003,6.333276,7.390877,-49.072582,-7.384382,3.376443,38.677998,5.830906,-4.316057
9185,-0.722883,6.124611,7.704146,-55.200695,-9.886898,3.274206,36.931591,5.535931,-4.405473
9186,-0.655071,5.914641,8.054480,-55.379230,-8.460157,1.136384,35.077713,5.245603,-4.526378
9187,-0.575750,5.617435,8.210976,-50.995243,-4.190619,-1.953615,33.293579,5.079025,-4.656278
9188,-0.517318,5.394405,8.431508,-48.182964,0.190313,-3.487170,31.631050,5.071533,-4.768359
9189,-0.510457,5.266522,8.669080,-41.095039,4.459852,-3.511584,30.137997,5.197810,-4.828363
9190,-0.590814,5.072037,8.603125,-32.508663,6.818932,-3.308637,28.910896,5.417169,-4.834193
9191,-0.637174,4.922146,8.563951,-30.210615,4.662800,-0.388015,27.869251,5.614676,-4.796923
9192,-0.668505,4.767732,8.688222,-30.047342,0.440564,2.364754,26.871744,5.674931,-4.728451
9193,-0.654253,4.601046,8.762979,-29.365253,-2.692160,4.125672,25.889465,5.593209,-4.648201
9194,-0.603104,4.460042,8.881846,-31.414572,-4.099064,5.660753,24.886032,5.421014,-4.549187
9195,-0.525475,4.339258,9.075135,-33.204483,-4.935271,6.226871,23.820139,5.202116,-4.430398
9196,-0.493333,4.128743,9.157789,-32.995426,-4.158575,4.481213,22.726191,4.992396,-4.325985
9197,-0.466617,3.962927,9.172157,-33.596642,-2.856961,4.494946,21.624548,4.827777,-4.231137
9198,-0.460688,3.804255,9.233970,-33.270100,-2.740990,4.525465,20.519121,4.686646,-4.123934
9199,-0.458961,3.614700,9.250470,-31.232985,-2.039065,2.796592,19.451260,4.570074,-4.036197
9200,-0.469086,3.444100,9.263940,-30.660765,-1.535509,2.006162,18.424259,4.487850,-3.979569
9201,-0.463135,3.292525,9.291393,-29.839813,-1.616383,1.810844,17.419462,4.418342,-3.935024
9202,-0.429708,3.149439,9.376926,-27.935461,-2.263376,1.501081,16.459223,4.340423,-3.900970
9203,-0.389542,3.019182,9.447610,-26.145548,-1.625539,0.725911,15.559269,4.267919,-3.883168
9204,-0.384077,2.930311,9.523471,-25.144543,-1.773553,0.855614,14.705279,4.206390,-3.872439
9205,-0.366121,2.807335,9.597711,-25.072823,-2.110783,0.541274,13.868853,4.137907,-3.865854
9206,-0.347359,2.648036,9.634090,-24.918703,-1.776605,-0.124030,13.035110,4.073305,-3.874199
9208,-0.335932,2.491327,9.712147,-26.833740,-0.829005,-0.809170,12.170870,4.034355,-3.898885
9209,-0.333878,2.291391,9.741450,-27.161816,-0.992280,-1.231851,11.268228,4.011571,-3.938381
9210,-0.313997,2.071122,9.793659,-27.460896,-1.309672,-1.669792,10.354088,3.982988,-3.993213
9211,-0.316032,1.871228,9.789750,-26.160807,-1.207435,-1.932251,9.455853,3.952022,-4.059739
9212,-0.309252,1.737476,9.834168,-26.017368,-1.468368,-1.518725,8.581881,3.917017,-4.123674
9213,-0.307008,1.592527,9.820207,-24.494497,-1.591968,-1.656059,7.736011,3.874017,-4.183445
9214,-0.304344,1.444903,9.855906,-24.409044,-1.260842,-1.848326,6.916687,3.834325,-4.247590
9215,-0.291223,1.288964,9.838192,-23.678129,-0.262887,-2.245067,6.110553,3.816844,-4.318387
9216,-0.272724,1.154348,9.859929,-23.775787,0.355113,-2.237437,5.314738,3.825830,-4.392672
9217,-0.276220,1.009459,9.870567,-23.162365,0.658772,-2.455644,4.527346,3.849371,-4.469285
9218,-0.283152,0.866624,9.884752,-22.738157,0.649616,-2.711999,3.756680,3.877354,-4.553780
9219,-0.288000,0.767266,9.868990,-22.576408,0.735068,-2.748622,2.995387,3.905767,-4.643475
9220,-0.298214,0.653116,9.917272,-23.952795,0.776268,-2.664696,2.213840,3.935031,-4.732658
9221,-0.313324,0.526610,9.925488,-23.696440,1.249305,-3.253703,1.412987,3.971880,-4.830408
9222,-0.300323,0.375641,9.936920,-23.186781,1.736075,-3.690118,0.623616,4.023716,-4.945479
9223,-0.310312,0.266238,9.913256,-21.699003,2.003112,-3.703851,-0.133160,4.086589,-5.068717
9224,-0.321571,0.139451,9.937689,-19.927404,2.210638,-3.639761,-0.835764,4.155792,-5.191991
9225,-0.339845,0.045561,9.925043,-16.573420,2.059571,-3.554311,-1.452975,4.224563,-5.313590
9226,-0.338861,-0.044187,9.936718,-13.863374,1.649097,-3.009554,-1.968510,4.283105,-5.425079
9227,-0.367776,-0.091711,9.926544,-11.293715,1.264564,-2.214548,-2.394475,4.328317,-5.514185
9228,-0.382849,-0.155239,9.937022,-8.862918,0.805261,-1.669793,-2.735445,4.359873,-5.580595
9229,-0.367404,-0.208745,9.915376,-5.861423,0.181157,-1.413437,-2.984831,4.373727,-5.632895
9230,-0.358035,-0.265561,9.920016,-3.479453,0.011779,-1.070104,-3.143685,4.374732,-5.674529
9231,-0.362112,-0.283495,9.929625,-1.443869,-0.001954,-0.742030,-3.228047,4.373220,-5.704782
9232,-0.352816,-0.273237,9.923141,1.296693,-0.249154,-0.839689,-3.232494,4.367559,-5.730944
9233,-0.340319,-0.256543,9.929836,2.956900,-0.355968,-0.854948,-3.163708,4.355918,-5.758662
9234,-0.353384,-0.224309,9.948564,4.313447,-0.224739,-0.897674,-3.044715,4.344676,-5.787390
9235,-0.356879,-0.162122,9.947029,5.360232,-0.192695,-1.042637,-2.885911,4.336057,-5.819418
9236,-0.358274,-0.097152,9.938296,5.811906,-0.084354,-1.202859,-2.702525,4.329622,-5.856681
9237,-0.369240,-0.068665,9.947912,5.331239,0.233038,-1.311200,-2.519984,4.330187,-5.898772
9238,-0.365652,-0.046921,9.935154,4.920765,0.678609,-1.338666,-2.352514,4.343487,-5.943676
9239,-0.373317,0.019336,9.927751,3.059136,0.918179,-1.236429,-2.222866,4.368364,-5.987756
9240,-0.376386,0.024398,9.927804,1.064752,1.078401,-1.192178,-2.157334,4.400064,-6.029603
9241,-0.364728,-0.007298,9.923390,-0.032389,0.936490,-1.111304,-2.143189,4.432176,-6.069352
9242,-0.346650,-0.015035,9.932774,-1.010507,0.403942,-0.915985,-2.163259,4.453227,-6.104061
9243,-0.363138,-0.004162,9.934979,-1.546106,-0.183539,-0.981600,-2.208342,4.455689,-6.135903
9244,-0.365855,-0.049428,9.926480,-0.937263,-0.377332,-1.010593,-2.252284,4.445055,-6.168818
9245,-0.355254,-0.040757,9.922555,0.269745,-0.572650,-0.703882,-2.265576,4.428110,-6.196832
9246,-0.365208,-0.016323,9.932440,1.133420,-0.818324,-0.586385,-2.243778,4.404101,-6.217470
9247,-0.384256,0.013535,9.910093,1.209715,-0.725243,-0.616904,-2.206187,4.377616,-6.236568
9248,-0.378203,0.020441,9.898980,1.261596,-0.317821,-0.650474,-2.166561,4.359440,-6.257073
9249,-0.372290,0.036659,9.905437,0.655804,-0.192695,-0.532978,-2.136081,4.350196,-6.276520
9250,-0.387691,0.035123,9.911065,-0.059856,-0.337658,-0.665733,-2.127641,4.340620,-6.296214
9251,-0.389432,0.023733,9.884309,-0.476433,-0.194221,-0.876311,-2.138502,4.330804,-6.321639
9252,-0.373298,0.003029,9.925741,-0.899115,-0.082828,-0.880889,-2.163630,4.325089,-6.350814
9253,-0.358127,-0.026305,9.950426,-1.181411,-0.301035,-0.871734,-2.200492,4.317584,-6.379843
9254,-0.345563,-0.058536,9.950367,-0.870122,-0.536028,-1.263896,-2.237324,4.302264,-6.414968
9255,-0.338097,-0.063903,9.927740,-0.999826,-0.758813,-1.657585,-2.272076,4.278786,-6.462908
9256,-0.332070,-0.075016,9.936552,-1.646818,-0.700828,-2.029911,-2.320694,4.252016,-6.523510
9257,-0.332336,-0.080616,9.918485,-1.443870,-0.694724,-2.512103,-2.377742,4.225672,-6.598397
9258,-0.328033,-0.073476,9.929271,-0.760255,-0.778650,-2.966829,-2.421121,4.197317,-6.688850
9259,-0.325651,-0.066141,9.940022,-0.345202,-1.234902,-2.911896,-2.446593,4.159633,-6.785573
9260,-0.311301,-0.068914,9.953785,0.338411,-1.596546,-2.631125,-2.453228,4.108540,-6.876092
9261,-0.302056,-0.048287,9.949085,1.246337,-2.159613,-2.281689,-2.432451,4.042509,-6.955434
9262,-0.298621,-0.041153,9.910690,2.198514,-2.563983,-1.999392,-2.379788,3.960861,-7.023586
9263,-0.304809,-0.035574,9.859231,2.674603,-2.493790,-1.790340,-2.302652,3.874062,-7.083396
9264,-0.310382,-0.021032,9.823186,2.473181,-2.124516,-1.433274,-2.220250,3.795033,-7.134161
9265,-0.312761,0.000008,9.809236,2.280915,-1.125035,-1.277629,-2.143852,3.739195,-7.177343
9266,-0.295906,-0.018719,9.848507,3.092707,0.208624,-1.514148,-2.057290,3.722226,-7.223383
9267,-0.282231,0.002863,9.851718,4.081507,1.111972,-2.336622,-1.941959,3.741983,-7.288439
9268,-0.276899,0.121651,9.932998,3.431462,2.857631,-2.185555,-1.821858,3.805630,-7.366115
9269,-0.283710,0.205549,10.000642,4.676618,3.953244,-1.454637,-1.691063,3.917229,-7.430399
9270,-0.302921,0.189999,9.992858,6.112513,3.864741,-0.616904,-1.513912,4.046525,-7.468649
9271,-0.335374,0.341836,10.110850,4.739180,3.229956,-0.098089,-1.334124,4.164451,-7.483525
9272,-0.354956,0.346338,10.092289,1.714796,1.363750,2.735554,-1.223458,4.241981,-7.441177
9273,-0.351422,0.330905,10.342672,0.825181,-1.669790,4.855065,-1.171760,4.239557,-7.314243
9274,-0.317628,0.306345,10.214525,1.319581,-6.934233,6.060545,-1.122571,4.099842,-7.128982
9275,-0.297761,0.314420,10.148952,-0.203292,-10.245491,6.852500,-1.088749,3.817717,-6.907744
9276,-0.266105,0.187564,9.908938,-0.328418,-11.547105,7.546797,-1.081949,3.459148,-6.660389
9277,-0.240199,0.139101,9.965314,0.826707,-10.218024,6.242131,-1.060092,3.100762,-6.423447
9278,-0.198647,0.003494,9.609939,1.652233,-9.227699,4.354561,-1.009420,2.779893,-6.240806
9279,-0.167363,0.003457,9.669914,-0.760255,-4.208930,1.282873,-0.990026,2.557608,-6.142872
9280,-0.099424,0.044820,9.792517,-1.991677,-0.230843,-1.372237,-1.035914,2.483611,-6.143021
9281,-0.064711,0.080592,9.905251,-2.824832,1.884090,-3.339155,-1.119649,2.509693,-6.222104
9282,-0.057356,0.135441,9.889711,-3.744964,2.891201,-4.630088,-1.235135,2.586542,-6.356655
9283,-0.056328,0.175252,9.955673,-4.468253,4.049378,-4.540059,-1.379198,2.698702,-6.512250
9284,-0.061983,0.119385,9.987754,-5.168653,3.611438,-3.386458,-1.546351,2.822959,-6.647726
9285,-0.093278,0.090010,9.932548,-5.946875,2.535660,-2.721155,-1.736869,2.922431,-6.752555
9286,-0.099791,0.053321,9.929623,-6.699156,1.496505,-1.375289,-1.951268,2.987387,-6.823071
9287,-0.077374,-0.000407,9.923888,-6.285630,0.367320,0.526014,-2.168483,3.017896,-6.838371
9288,-0.083946,-0.029091,9.934199,-5.434164,-0.561968,1.046355,-2.362429,3.015661,-6.812037
9289,-0.085238,-0.053287,9.939534,-4.106609,-1.431746,1.482769,-2.519163,2.984248,-6.768463
9290,-0.085478,-0.080742,9.958633,-1.346210,-2.127568,2.041258,-2.606879,2.927602,-6.707066
9291,-0.105533,-0.113531,9.917376,0.773300,-2.600605,1.787955,-2.613029,2.851771,-6.639654
9292,-0.127555,-0.112810,9.914203,1.177670,-2.477005,0.728962,-2.578272,2.769121,-6.593871
9293,-0.129598,-0.085281,9.878312,0.498634,-1.988709,0.257451,-2.549397,2.695498,-6.574098
9294,-0.118941,-0.058024,9.902904,-0.345202,-0.958709,-0.185067,-2.546684,2.646477,-6.570704
9295,-0.099710,-0.068432,9.909783,-2.136639,-0.348339,-0.429215,-2.588475,2.624256,-6.579962
9296,-0.086732,-0.071727,9.902314,-2.982002,0.200994,-0.774074,-2.674699,2.620882,-6.599898
9297,-0.061998,-0.061049,9.880204,-2.531854,0.663350,-0.822904,-2.767848,2.634009,-6.627194
9298,-0.044459,-0.079921,9.896473,-1.361468,0.815942,-0.780178,-2.834027,2.657330,-6.655112
9299,-0.069230,-0.122891,9.893954,0.008812,0.736594,-1.125037,-2.858109,2.681599,-6.688143
9300,-0.103767,-0.090190,9.938802,1.415715,0.889187,-1.355452,-2.836373,2.706613,-6.730825
9301,-0.104668,-0.060064,9.972696,3.002677,0.634357,-0.876311,-2.764556,2.730162,-6.769259
9302,-0.098442,-0.085197,9.989979,3.599314,0.019409,-0.594015,-2.655716,2.739893,-6.794275
9303,-0.114094,-0.096095,9.988757,3.120174,-0.749657,-0.600119,-2.544647,2.726836,-6.813623
9304,-0.110864,-0.060546,9.970536,2.348055,-1.225746,-0.032474,-2.453939,2.693484,-6.822724
9305,-0.082408,-0.063500,9.919003,2.062707,-1.306620,0.690814,-2.379830,2.651781,-6.809963
9306,-0.068920,-0.074254,9.925419,1.173093,-1.044161,1.069244,-2.324476,2.613842,-6.779011
9307,-0.084437,-0.037706,9.952166,0.194974,-0.635213,1.162325,-2.299934,2.587380,-6.740678
9308,-0.088868,-0.028950,9.951582,-1.126477,-0.384961,1.617051,-2.313341,2.572258,-6.693659
9309,-0.088544,-0.040775,9.940409,-2.434194,-0.343761,1.945125,-2.370002,2.562552,-6.633781
9311,-0.072408,-0.078590,9.947659,-3.168165,-0.186591,2.029051,-2.460400,2.556517,-6.567164
9312,-0.076352,-0.116238,9.916464,-4.027260,-0.336132,1.749807,-2.577499,2.550584,-6.503796
9313,-0.078215,-0.155890,9.909775,-5.072519,-0.348339,1.383585,-2.726819,2.541610,-6.451048
9314,-0.065205,-0.181451,9.896815,-4.756653,-0.056887,0.950222,-2.888901,2.536778,-6.411829
9315,-0.041376,-0.208034,9.891285,-4.127972,0.258979,0.565688,-3.035866,2.541452,-6.386744
9316,-0.065336,-0.231268,9.879457,-4.428580,0.522965,-0.047734,-3.178122,2.554937,-6.378820
9317,-0.073610,-0.244079,9.901027,-4.332446,1.005157,-0.355970,-3.324504,2.579989,-6.386988
9318,-0.069340,-0.261083,9.904277,-3.451986,1.227942,-0.326978,-3.454859,2.616472,-6.400559
9319,-0.076056,-0.268201,9.920198,-3.093395,1.340861,-0.423111,-3.564645,2.658441,-6.415671
9320,-0.093798,-0.288534,9.923659,-2.731751,1.446149,-0.467363,-3.662560,2.703865,-6.433427
9321,-0.098776,-0.301428,9.924081,-2.148847,1.488875,-0.320874,-3.744679,2.751832,-6.449715
9322,-0.102753,-0.301725,9.925817,-1.462181,1.465986,-0.124030,-3.805379,2.800485,-6.460365
9323,-0.116581,-0.298672,9.934356,-1.158521,1.427838,-0.021793,-3.849337,2.848445,-6.466015
9324,-0.127857,-0.310903,9.947194,-0.452018,1.322549,0.080444,-3.876285,2.894247,-6.468129
9325,-0.128449,-0.317854,9.936595,0.109523,1.096712,0.161318,-3.881928,2.934748,-6.466833
9326,-0.134709,-0.306286,9.926814,0.417760,0.873927,0.167422,-3.872973,2.967887,-6.463582
9327,-0.138545,-0.296360,9.925396,0.854175,0.785424,0.217777,-3.851537,2.995912,-6.459032
9328,-0.132861,-0.306333,9.914798,1.473700,0.609942,0.329170,-3.812344,3.019726,-6.451479
9329,-0.139908,-0.303532,9.901649,1.144101,0.521438,0.222355,-3.768294,3.039148,-6.443540
9330,-0.152353,-0.289446,9.902957,0.814500,0.619098,0.146059,-3.735390,3.058518,-6.438651
9331,-0.151686,-0.286172,9.903443,0.445226,0.666401,0.210147,-3.714151,3.080283,-6.434112
9332,-0.158102,-0.304642,9.909395,-0.415395,0.709127,0.081970,-3.713473,3.103476,-6.430734
9333,-0.166133,-0.293063,9.906210,-1.440818,0.635883,-0.116400,-3.744519,3.125808,-6.432769
9334,-0.165950,-0.290836,9.908015,-1.854342,0.457350,0.017881,-3.799594,3.143881,-6.435611
9335,-0.171370,-0.287631,9.915139,-1.988624,0.408520,0.019407,-3.863663,3.158321,-6.435958
9336,-0.179194,-0.290885,9.920669,-2.075603,0.396313,-0.015689,-3.931447,3.171708,-6.436810
9337,-0.176716,-0.306771,9.905327,-1.755157,0.332224,0.121644,-3.995241,3.183943,-6.435886
9338,-0.173859,-0.314625,9.906119,-1.184462,0.490920,0.219303,-4.043973,3.198026,-6.431171
9339,-0.178743,-0.318777,9.925200,-0.429129,0.634357,0.030089,-4.070708,3.217028,-6.428347
9340,-0.178660,-0.337020,9.929101,0.138515,0.567216,-0.087408,-4.075686,3.236936,-6.430726
9341,-0.180014,-0.346160,9.923795,0.342989,0.536698,-0.149971,-4.067958,3.255007,-6.435985
9342,-0.184463,-0.343118,9.921659,0.471167,0.378002,-0.146919,-4.054732,3.269863,-6.442010
9343,-0.186942,-0.354165,9.912964,0.307893,0.170476,-0.095037,-4.042015,3.278697,-6.446685
9344,-0.187839,-0.360629,9.889465,-0.143781,0.109439,-0.030949,-4.039417,3.283202,-6.449111
9345,-0.188270,-0.352453,9.894861,-0.815188,0.121646,-0.001956,-4.055448,3.287006,-6.449932
9346,-0.183975,-0.365596,9.900994,-0.896061,0.069765,0.092651,-4.083895,3.290296,-6.448650
9347,-0.186627,-0.364252,9.900702,-1.010507,0.083498,0.091125,-4.115506,3.293062,-6.445772
9348,-0.198548,-0.362776,9.911568,-1.198194,0.138431,-0.020267,-4.152265,3.296836,-6.444859
9349,-0.192694,-0.358610,9.908772,-1.295855,0.188787,0.016355,-4.193859,3.302271,-6.445322
9350,-0.183639,-0.368352,9.905465,-1.248550,0.231513,0.074340,-4.236208,3.309368,-6.444327
9351,-0.191362,-0.373097,9.913892,-1.225662,0.260505,-0.061467,-4.277468,3.317562,-6.444723
9352,-0.191798,-0.372259,9.918462,-1.039498,0.283394,-0.108771,-4.315425,3.326389,-6.448237
9353,-0.184115,-0.393041,9.904430,-0.833499,0.297128,-0.037052,-4.346825,3.335853,-6.451396
9354,-0.192422,-0.403064,9.908521,-0.690062,0.493972,-0.197274,-4.372504,3.348703,-6.456301
9355,-0.199274,-0.399890,9.915257,-0.331469,0.594683,-0.265941,-4.390061,3.366204,-6.465399
9356,-0.198221,-0.400321,9.900455,0.063745,0.539750,-0.214060,-4.395080,3.384444,-6.474841
9357,-0.204566,-0.402757,9.902274,0.071375,0.616046,-0.233896,-4.393358,3.403079,-6.483776
9358,-0.210595,-0.387364,9.923457,0.046960,0.693868,-0.316296,-4.392029,3.424144,-6.494609
9359,-0.205488,-0.390308,9.921268,0.120204,0.379528,-0.178963,-4.389820,3.441350,-6.504227
9360,-0.211473,-0.409672,9.897465,0.008812,0.271187,-0.220163,-4.388118,3.451654,-6.511702
9361,-0.211129,-0.399486,9.905400,-0.323840,0.347483,-0.290356,-4.393928,3.461283,-6.520991
9362,-0.208514,-0.401101,9.917140,-0.456596,0.370372,-0.314771,-4.407600,3.472438,-6.531986
9363,-0.199951,-0.418419,9.896730,-0.430654,0.321542,-0.255259,-4.423018,3.483205,-6.542366
9364,-0.206043,-0.427619,9.895918,-0.616818,0.269661,-0.240000,-4.441023,3.492390,-6.551373
9365,-0.212110,-0.408337,9.907331,-0.674803,0.315439,-0.209482,-4.463053,3.501531,-6.559615
9366,-0.208748,-0.405155,9.903770,-0.525262,0.387157,-0.101141,-4.483427,3.512802,-6.565701
9367,-0.204825,-0.414428,9.898320,-0.502372,0.315439,-0.067571,-4.500782,3.524255,-6.569427
9368,-0.218788,-0.401487,9.906471,-0.850284,0.335276,-0.143867,-4.523596,3.534790,-6.573801
9369,-0.224322,-0.404357,9.893724,-1.051706,0.539750,-0.131660,-4.555651,3.548965,-6.579545
9370,-0.219378,-0.425951,9.887719,-1.233292,0.507705,0.017881,-4.593938,3.566215,-6.582834
9371,-0.234996,-0.444667,9.900494,-1.384358,0.567216,-0.030949,-4.637671,3.584054,-6.584496
9372,-0.238689,-0.438910,9.901618,-1.407248,0.503127,0.054503,-4.684263,3.601866,-6.585557
9373,-0.235114,-0.459871,9.890043,-1.131055,0.327646,0.278814,-4.726291,3.616121,-6.581147
9374,-0.236983,-0.460218,9.895432,-1.030344,0.359690,0.219303,-4.761851,3.628223,-6.573807
9375,-0.238763,-0.456792,9.907804,-0.740418,0.385631,0.191837,-4.790996,3.641173,-6.568000
9376,-0.231770,-0.471880,9.894470,-0.526787,0.213202,0.313911,-4.811634,3.651824,-6.560421
9377,-0.241984,-0.481772,9.889126,-0.368092,0.347483,0.236089,-4.826015,3.661906,-6.552055
9378,-0.245822,-0.471439,9.913013,-0.194136,0.451246,0.165896,-4.835029,3.675734,-6.546487
9379,-0.241602,-0.467845,9.916214,0.016441,0.323068,0.304755,-4.837557,3.689256,-6.539745
9380,-0.245086,-0.479409,9.902802,0.135464,0.361216,0.368844,-4.834366,3.701566,-6.529498
9381,-0.250900,-0.461343,9.905909,0.426916,0.457350,0.486340,-4.824146,3.716359,-6.516416
9382,-0.252305,-0.448671,9.907902,0.622234,0.265083,0.718281,-4.805424,3.730043,-6.497380
9383,-0.247058,-0.423997,9.876488,1.086115,0.324594,1.003629,-4.775138,3.742233,-6.469543
9384,-0.240595,-0.411851,9.847898,2.067285,0.646564,1.517866,-4.719923,3.761842,-6.428916
9385,-0.256940,-0.424739,9.863898,2.180203,0.922757,1.966488,-4.645451,3.792650,-6.373050
9386,-0.270920,-0.398843,9.894312,1.110530,1.232520,2.120606,-4.586272,3.833937,-6.307901
9387,-0.269575,-0.392413,9.928665,-0.059855,1.499557,2.262517,-4.564093,3.885160,-6.238561
9388,-0.278381,-0.456412,9.988424,-1.091380,1.014313,2.546340,-4.578048,3.933318,-6.161835
9389,-0.302932,-0.472897,10.011876,-2.354846,-0.172857,2.723347,-4.629531,3.954352,-6.075213
9390,-0.283031,-0.451599,9.990376,-2.469292,-1.581287,3.135347,-4.703069,3.933163,-5.975285
9391,-0.240218,-0.494433,9.955344,-2.312120,-2.780664,3.248265,-4.775127,3.869500,-5.862996
9392,-0.203977,-0.550871,9.855755,-1.016611,-3.387982,2.808799,-4.823319,3.775494,-5.753562
9393,-0.148416,-0.486849,9.855409,-0.522211,-3.183509,1.850518,-4.843338,3.672894,-5.666783
9394,-0.127448,-0.452751,9.864507,-0.346729,-2.039065,1.037200,-4.854316,3.590228,-5.611361
9395,-0.119362,-0.453373,9.903938,-0.816713,-0.946502,0.579422,-4.871771,3.542932,-5.580235
9396,-0.143610,-0.476299,9.903793,-0.894536,-0.268991,0.451244,-4.899128,3.524213,-5.561355
9397,-0.174383,-0.465690,9.873566,-2.090861,0.905971,-0.133186,-4.948615,3.535245,-5.556975
9398,-0.316186,-0.487534,9.579186,-0.990669,3.480208,-1.770503,-5.002341,3.605325,-5.594995
9399,-0.316913,-0.550762,9.711633,1.313478,6.403881,-4.511065,-5.004595,3.760310,-5.713886
9400,-0.384290,-0.526671,9.628171,0.779404,8.604265,-6.860991,-4.983972,3.993014,-5.924934
9401,-0.462841,-0.445091,9.693555,2.323641,11.353983,-8.316723,-4.952608,4.302477,-6.206501
9402,-0.510496,-0.382782,9.900051,5.782914,11.947569,-8.272472,-4.841716,4.665835,-6.516047
9403,-0.473565,-0.350975,10.174549,5.070306,9.289407,-6.406265,-4.683933,4.998320,-6.790121
9404,-0.514743,-0.295909,10.004005,2.653240,5.425762,-3.123999,-4.571147,5.229969,-6.968920
9405,-0.482935,-0.274053,10.064422,2.995048,2.433423,-0.684044,-4.483843,5.355537,-7.042850
9406,-0.450668,-0.309633,10.013394,1.954367,-1.117405,0.967007,-4.401079,5.377791,-7.039813
9407,-0.454700,-0.334358,9.898661,-0.194137,-3.526841,1.987851,-4.366600,5.304390,-6.984534
9408,-0.440720,-0.356034,9.872455,-0.252121,-4.004456,2.285406,-4.366643,5.184666,-6.903607
9409,-0.444764,-0.365719,9.896986,-0.157514,-3.812189,1.794058,-4.366504,5.059943,-6.825583
9410,-0.451065,-0.382683,9.884740,0.317049,-3.479538,1.350014,-4.358467,4.942753,-6.763855
9411,-0.430941,-0.370331,9.864832,0.559671,-2.960723,1.110444,-4.339663,4.838832,-6.714650
9412,-0.405493,-0.373217,9.865300,0.214811,-2.229805,0.959377,-4.323320,4.755175,-6.673577
9414,-0.383590,-0.375789,9.887394,0.014915,-1.758294,0.774740,-4.316695,4.691072,-6.639632
9415,-0.364246,-0.368680,9.902671,0.304841,-1.677420,0.767110,-4.308925,4.635907,-6.609601
9416,-0.342378,-0.385859,9.899251,0.866383,-1.688102,0.553481,-4.287296,4.581621,-6.583366
9417,-0.337099,-0.369925,9.917024,1.145626,-1.732353,0.143007,-4.252503,4.525634,-6.567498
9418,-0.322303,-0.348170,9.908566,1.472174,-1.897153,-0.043156,-4.208395,4.465429,-6.561359
9419,-0.313535,-0.345297,9.878833,1.826189,-1.926146,-0.102667,-4.153251,4.401699,-6.559131
