seq,ax,ay,az,wroll,wpitch,wyaw,roll,pitch,yaw,q0,q1,q2,q3
6116,-0.153032,-0.664929,9.890185,-0.642757,-0.313243,-0.124030,-3.846276,0.884478,-0.059462,0.999407,-0.033554,0.007732,-0.000260
6117,-0.155090,-0.739439,9.867806,-0.447733,-0.261352,-0.096567,-3.892180,0.880150,-0.064935,0.999394,-0.033954,0.007695,-0.000305
6118,-0.152396,-0.760684,9.868025,-0.253050,-0.116378,-0.259851,-3.983521,0.874750,-0.071657,0.999367,-0.034750,0.007651,-0.000360
6119,-0.162695,-0.746090,9.852620,-0.011004,0.059151,-0.362094,-4.059972,0.878958,-0.083036,0.999343,-0.035416,0.007691,-0.000452
6120,-0.157967,-0.738801,9.867149,0.371625,0.291162,-0.365146,-4.101571,0.892609,-0.096276,0.999329,-0.035778,0.007814,-0.000561
6121,-0.161272,-0.732356,9.882619,0.562127,0.463641,-0.433812,-4.116119,0.910489,-0.110924,0.999323,-0.035903,0.007975,-0.000682
6122,-0.174093,-0.697985,9.856157,0.716197,0.262311,-0.291895,-4.100960,0.933247,-0.123946,0.999326,-0.035770,0.008178,-0.000790
6123,-0.175377,-0.682248,9.863448,1.099344,-0.016812,0.185730,-4.053277,0.952361,-0.125709,0.999340,-0.035354,0.008344,-0.000802
6124,-0.161354,-0.665914,9.864267,1.659583,-0.593569,0.620626,-3.979113,0.948623,-0.111117,0.999363,-0.034708,0.008307,-0.000682
6125,-0.153291,-0.666179,9.887912,1.575867,-0.912540,0.739648,-3.898461,0.918489,-0.086336,0.999389,-0.034007,0.008036,-0.000480
6126,-0.144044,-0.664452,9.876387,1.434072,-1.109483,0.519910,-3.833406,0.874011,-0.062888,0.999411,-0.033441,0.007641,-0.000293
6127,-0.138688,-0.679416,9.885676,1.469136,-1.307957,0.190303,-3.788858,0.821519,-0.048466,0.999428,-0.033054,0.007179,-0.000186
6128,-0.134329,-0.675830,9.870443,1.493400,-1.553708,-0.311735,-3.758324,0.764146,-0.047628,0.999440,-0.032788,0.006678,-0.000197
6129,-0.130962,-0.672880,9.883753,1.294854,-1.228719,-1.041131,-3.734140,0.712198,-0.067406,0.999450,-0.032576,0.006231,-0.000385
6130,-0.120535,-0.680309,9.891431,1.102362,-0.693134,-2.063505,-3.722845,0.674999,-0.117320,0.999455,-0.032476,0.005921,-0.000832
6131,-0.133479,-0.676567,9.913118,0.449012,-0.137645,-3.468883,-3.729877,0.661767,-0.208824,0.999452,-0.032532,0.005831,-0.001633
6132,-0.125266,-0.674534,9.915192,-1.061829,0.495697,-4.547708,-3.763526,0.669391,-0.342806,0.999440,-0.032819,0.005937,-0.002798
6133,-0.136505,-0.683833,9.931036,-2.716045,1.364007,-5.238949,-3.842521,0.696852,-0.507795,0.999410,-0.033498,0.006226,-0.004225
6134,-0.136687,-0.714092,9.931706,-3.820964,1.850847,-5.048206,-3.972245,0.747186,-0.682750,0.999362,-0.034617,0.006723,-0.005728
6135,-0.157508,-0.726469,9.915934,-4.417763,1.640352,-3.928173,-4.131969,0.805055,-0.836386,0.999301,-0.035997,0.007284,-0.007041
6136,-0.140230,-0.737363,9.891569,-4.411776,1.213148,-2.272542,-4.295222,0.851761,-0.943182,0.999238,-0.037411,0.007736,-0.007946
6137,-0.148352,-0.769144,9.895834,-3.214017,0.859136,-1.112840,-4.434892,0.882279,-1.002255,0.999186,-0.038622,0.008032,-0.008442
6138,-0.141797,-0.787497,9.882861,-1.563097,0.648518,-0.291896,-4.531200,0.900443,-1.027806,0.999150,-0.039459,0.008206,-0.008651
6139,-0.151173,-0.780034,9.860139,-0.508757,0.541646,0.219282,-4.575193,0.912811,-1.030722,0.999134,-0.039841,0.008318,-0.008669
6140,-0.149846,-0.777759,9.865821,0.542655,0.347806,0.413072,-4.568176,0.922582,-1.021294,0.999136,-0.039780,0.008399,-0.008584
6141,-0.167647,-0.785061,9.868889,1.813809,0.016682,0.899843,-4.521257,0.930557,-0.999842,0.999154,-0.039372,0.008458,-0.008398
6142,-0.160613,-0.770806,9.891397,2.735525,-0.393763,1.540735,-4.437659,0.931174,-0.958672,0.999185,-0.038646,0.008443,-0.008045
6143,-0.155600,-0.729492,9.894043,3.318546,-0.735583,2.343373,-4.321046,0.915732,-0.892441,0.999229,-0.037635,0.008279,-0.007481
6144,-0.157650,-0.717330,9.908317,3.863435,-1.182692,2.869818,-4.183233,0.888662,-0.803145,0.999281,-0.036441,0.008005,-0.006721
6145,-0.159435,-0.688821,9.878695,3.845249,-1.388683,2.839302,-4.037649,0.853871,-0.704906,0.999334,-0.035180,0.007663,-0.005885
6146,-0.157439,-0.678822,9.888709,3.025965,-1.269613,2.418152,-3.904477,0.821822,-0.614139,0.999381,-0.034027,0.007350,-0.005112
6147,-0.159053,-0.669695,9.883477,2.194429,-0.845303,2.061094,-3.804815,0.804520,-0.537085,0.999414,-0.033163,0.007172,-0.004451
6148,-0.153737,-0.675335,9.894673,1.271196,-0.404190,1.426316,-3.752186,0.802708,-0.477774,0.999432,-0.032708,0.007138,-0.003938
6149,-0.147503,-0.660480,9.888245,0.569157,0.259677,0.710662,-3.735082,0.813766,-0.442263,0.999437,-0.032561,0.007223,-0.003626
6150,-0.156159,-0.662192,9.900263,0.128059,1.269931,-0.104178,-3.736728,0.851356,-0.434026,0.999435,-0.032574,0.007549,-0.003543
6151,-0.126406,-0.714991,9.772470,0.785372,1.199722,-0.212525,-3.766566,0.890055,-0.442651,0.999423,-0.032832,0.007890,-0.003605
6152,-0.096280,-0.735419,9.730648,0.708407,-1.138284,0.744202,-3.825146,0.855249,-0.435132,0.999409,-0.033345,0.007586,-0.003546
6153,-0.088234,-0.721921,9.758719,0.944284,-3.439821,1.819939,-3.877043,0.726706,-0.388547,0.999403,-0.033805,0.006453,-0.003174
6154,-0.081186,-0.682817,9.840577,1.917493,-4.787608,2.704945,-3.869900,0.545502,-0.304634,0.999415,-0.033752,0.004847,-0.002496
6155,-0.077441,-0.649640,9.899011,2.843746,-5.483666,3.495358,-3.787733,0.352133,-0.190155,0.999448,-0.033043,0.003126,-0.001557
6156,-0.097227,-0.541986,10.038665,3.172129,-4.934331,3.838693,-3.648179,0.187010,-0.056688,0.999492,-0.031830,0.001647,-0.000442
6157,-0.100033,-0.478439,10.080642,3.691486,-2.768848,2.834649,-3.465641,0.090047,0.062615,0.999542,-0.030239,0.000769,0.000570
6158,-0.099217,-0.474254,10.026902,3.756137,-0.444578,1.409454,-3.271043,0.076429,0.136620,0.999592,-0.028542,0.000633,0.001211
6159,-0.083829,-0.505140,9.943866,3.063861,0.558383,0.698399,-3.095487,0.133926,0.171797,0.999633,-0.027012,0.001128,0.001530
6160,-0.041663,-0.507276,9.905473,2.266154,0.204709,0.660271,-2.962685,0.190539,0.193936,0.999663,-0.025854,0.001618,0.001735
6161,-0.005793,-0.534408,9.888112,1.614605,0.009358,0.379498,-2.895206,0.190801,0.211085,0.999678,-0.025266,0.001618,0.001884
6162,0.009192,-0.548632,9.859737,1.725717,0.405831,0.536655,-2.874535,0.165053,0.225856,0.999682,-0.025085,0.001390,0.002006
6163,0.026079,-0.521777,9.859379,2.161835,0.030081,1.285864,-2.846707,0.127115,0.255697,0.999688,-0.024842,0.001054,0.002258
6164,0.020525,-0.516140,9.882161,1.890022,-0.312102,1.406393,-2.803924,0.077770,0.300649,0.999697,-0.024468,0.000614,0.002639
6166,-0.002791,-0.483842,9.871058,2.225629,-0.139876,1.540664,-2.747388,0.046997,0.350020,0.999708,-0.023974,0.000337,0.003063
6167,-0.029161,-0.434638,9.906735,2.352436,-0.657126,1.702414,-2.651624,0.041263,0.404645,0.999726,-0.023139,0.000278,0.003539
6168,-0.065248,-0.402895,9.951919,2.120875,-0.925384,1.299585,-2.529643,0.055136,0.455909,0.999748,-0.022075,0.000393,0.003988
6169,-0.077641,-0.391259,9.969139,1.637567,-0.509850,0.590051,-2.415673,0.092992,0.488561,0.999768,-0.021082,0.000721,0.004280
6170,-0.069760,-0.372025,9.934895,1.261032,-0.123325,0.117035,-2.321230,0.141245,0.500937,0.999784,-0.020260,0.001144,0.004396
6171,-0.033632,-0.384308,9.926903,0.542571,-0.509143,-0.148466,-2.259889,0.160835,0.500950,0.999795,-0.019726,0.001317,0.004398
6172,-0.017884,-0.406630,9.903502,0.051232,-0.277206,-0.351414,-2.248939,0.147016,0.493150,0.999797,-0.019630,0.001198,0.004328
6173,0.010084,-0.419180,9.879335,-0.100016,-0.318581,-0.250710,-2.272439,0.114789,0.483460,0.999794,-0.019834,0.000918,0.004238
6174,0.004162,-0.421522,9.893693,-0.446632,-0.788795,-0.288868,-2.310549,0.067294,0.475162,0.999788,-0.020164,0.000504,0.004158
6175,-0.020292,-0.397307,9.911991,-0.405533,-0.706454,-0.507077,-2.337430,0.034442,0.462901,0.999784,-0.020398,0.000218,0.004045
6176,-0.067211,-0.383727,9.901709,0.105740,-0.033252,-0.919066,-2.331339,0.054831,0.439661,0.999786,-0.020345,0.000400,0.003846
6177,-0.076711,-0.373952,9.894043,0.397381,0.167139,-1.472957,-2.299271,0.117388,0.399777,0.999792,-0.020067,0.000954,0.003509
6178,-0.079827,-0.364186,9.901194,0.452555,0.126427,-2.014641,-2.255289,0.181075,0.341591,0.999801,-0.019684,0.001521,0.003011
6179,-0.057168,-0.359943,9.896774,0.724412,0.114549,-2.307604,-2.205496,0.223442,0.269571,0.999810,-0.019250,0.001904,0.002390
6180,-0.019902,-0.393268,9.922834,0.970158,0.071851,-2.789796,-2.168558,0.226725,0.184598,0.999818,-0.018926,0.001948,0.001648
6181,0.029530,-0.437834,9.938898,1.038546,0.187484,-3.004965,-2.170247,0.185264,0.087784,0.999819,-0.018939,0.001602,0.000797
6182,0.036509,-0.457365,9.922562,1.251627,0.403637,-2.266438,-2.200864,0.125696,-0.000605,0.999815,-0.019205,0.001097,0.000016
6183,0.029325,-0.417338,9.924386,1.202347,-0.010348,-1.115909,-2.216389,0.072513,-0.057325,0.999813,-0.019340,0.000642,-0.000488
6184,0.015911,-0.407946,9.939666,0.460520,-0.289899,-0.662723,-2.217108,0.028120,-0.086803,0.999812,-0.019347,0.000260,-0.000753
6185,0.037189,-0.379946,9.941312,-0.006484,-0.575517,0.225355,-2.218328,-0.020447,-0.093540,0.999812,-0.019357,-0.000163,-0.000820
6186,0.018760,-0.353321,9.937902,-0.522106,-0.601678,0.855554,-2.209603,-0.066851,-0.074787,0.999814,-0.019282,-0.000571,-0.000664
6187,-0.017837,-0.333309,9.937312,-0.668281,-0.496335,0.883023,-2.190251,-0.077193,-0.045164,0.999817,-0.019113,-0.000666,-0.000407
6188,-0.037712,-0.351036,9.936390,-0.848037,-0.196945,0.500027,-2.177590,-0.049182,-0.021730,0.999819,-0.019002,-0.000426,-0.000198
6189,-0.027275,-0.336913,9.930160,-0.705858,0.123834,0.344395,-2.170049,-0.008117,-0.007650,0.999821,-0.018936,-0.000070,-0.000068
6190,-0.076209,-0.313790,9.891622,-0.345348,0.591204,0.275745,-2.138611,0.058828,0.002228,0.999826,-0.018662,0.000513,0.000029
6191,-0.075303,-0.295946,9.894488,-0.276162,0.314037,-0.110294,-2.084094,0.142867,0.004514,0.999834,-0.018186,0.001246,0.000062
6192,-0.001033,-0.332364,9.943399,-0.988373,-0.456397,-1.034997,-2.055630,0.159813,-0.014364,0.999838,-0.017938,0.001397,-0.000100
6193,0.036773,-0.394431,9.968451,-1.360725,-0.336187,-1.683528,-2.098262,0.102639,-0.059163,0.999832,-0.018309,0.000905,-0.000500
6194,0.043889,-0.438935,9.958923,-1.130735,0.124159,-1.611828,-2.192822,0.036555,-0.113949,0.999816,-0.019134,0.000338,-0.000988
6195,0.061559,-0.477577,9.960177,-1.026098,0.196907,-1.596588,-2.310252,-0.022298,-0.167564,0.999796,-0.020160,-0.000165,-0.001466
6196,0.046726,-0.509431,9.938774,-0.976527,0.484883,-1.396709,-2.441613,-0.066096,-0.217760,0.999771,-0.021307,-0.000536,-0.001912
6197,0.005736,-0.483168,9.877718,-0.408012,1.270592,-0.740566,-2.546547,-0.056240,-0.254492,0.999750,-0.022222,-0.000441,-0.002231
6198,-0.013560,-0.459843,9.836946,-0.026855,1.327163,-0.383494,-2.594512,0.000172,-0.275097,0.999741,-0.022639,0.000056,-0.002400
6199,-0.033016,-0.456497,9.819112,0.130183,0.936744,-0.414003,-2.609232,0.064547,-0.290082,0.999738,-0.022766,0.000621,-0.002518
6200,-0.040215,-0.442411,9.839554,-0.081942,0.428852,-0.423147,-2.611159,0.116786,-0.305055,0.999736,-0.022782,0.001080,-0.002638
6201,-0.026233,-0.421663,9.890009,-0.098590,-0.112715,-0.325482,-2.597144,0.138520,-0.317724,0.999739,-0.022659,0.001271,-0.002745
6202,-0.016182,-0.440763,9.944703,-0.408201,-0.388915,-0.427719,-2.586519,0.128740,-0.329843,0.999741,-0.022566,0.001188,-0.002852
6203,-0.021742,-0.428133,9.918182,-0.137995,0.126816,-0.069128,-2.581124,0.119949,-0.337885,0.999741,-0.022519,0.001113,-0.002924
6204,-0.026669,-0.408975,9.925399,-0.247638,-0.083742,0.220800,-2.559514,0.123331,-0.335332,0.999746,-0.022331,0.001141,-0.002902
6205,-0.024593,-0.421263,9.943541,-0.564794,-0.335485,0.260475,-2.543438,0.121052,-0.326943,0.999749,-0.022191,0.001119,-0.002829
6206,-0.035473,-0.416920,9.911520,-0.499001,0.128465,0.356613,-2.538783,0.126568,-0.316466,0.999750,-0.022150,0.001165,-0.002737
6207,-0.052717,-0.390442,9.866560,-0.275944,0.175943,0.576354,-2.517710,0.154251,-0.301077,0.999754,-0.021966,0.001403,-0.002597
6208,-0.051024,-0.391224,9.900454,-0.664703,-0.653947,0.452764,-2.489385,0.173718,-0.283473,0.999760,-0.021718,0.001569,-0.002440
6209,-0.049046,-0.419072,9.890071,-0.794194,-0.446254,0.104861,-2.487184,0.176716,-0.273311,0.999761,-0.021699,0.001594,-0.002351
6210,-0.051468,-0.449337,9.828401,-0.218965,-0.081402,-0.038569,-2.509682,0.187410,-0.271846,0.999756,-0.021895,0.001687,-0.002336
6211,-0.044883,-0.453196,9.824311,-0.132163,-0.774042,0.016369,-2.537363,0.189573,-0.271664,0.999751,-0.022137,0.001706,-0.002334
6212,-0.017119,-0.459521,9.876646,-0.071298,-1.662140,0.020946,-2.562244,0.147679,-0.269312,0.999747,-0.022355,0.001341,-0.002321
6213,-0.001464,-0.496477,9.891718,-0.124996,-1.495967,-0.462780,-2.601988,0.075634,-0.274392,0.999739,-0.022703,0.000714,-0.002379
6214,0.016145,-0.490588,9.903712,0.266803,-1.593832,-0.085887,-2.645046,-0.001903,-0.281240,0.999731,-0.023080,0.000040,-0.002454
6215,0.027611,-0.451048,9.935159,0.257522,-1.833620,0.265066,-2.651995,-0.086003,-0.275636,0.999729,-0.023143,-0.000695,-0.002422
6216,0.032162,-0.456680,9.949715,0.045466,-1.612531,0.008703,-2.641152,-0.164515,-0.268438,0.999731,-0.023050,-0.001381,-0.002375
6217,0.032367,-0.463365,9.924789,-0.033888,-0.997664,0.034641,-2.641627,-0.218034,-0.265707,0.999730,-0.023055,-0.001849,-0.002362
6218,0.035658,-0.432238,9.889590,0.513990,-0.823715,0.658743,-2.624751,-0.248702,-0.252803,0.999733,-0.022908,-0.002119,-0.002255
6219,0.034957,-0.426770,9.874261,0.425679,-0.991529,0.594655,-2.585109,-0.273168,-0.230660,0.999741,-0.022562,-0.002338,-0.002066
6220,0.037211,-0.420415,9.895134,0.152741,-1.292066,0.547353,-2.550390,-0.301674,-0.210049,0.999747,-0.022259,-0.002591,-0.001891
6221,0.051641,-0.443454,9.906536,-0.260693,-1.295078,0.419178,-2.540660,-0.338935,-0.192092,0.999748,-0.022174,-0.002920,-0.001741
6222,0.060537,-0.451503,9.912862,-0.311101,-1.182164,0.376452,-2.556941,-0.380198,-0.176965,0.999744,-0.022317,-0.003283,-0.001618
6223,0.064407,-0.446707,9.922681,-0.550731,-1.203528,0.272689,-2.578719,-0.419594,-0.164330,0.999739,-0.022507,-0.003628,-0.001516
6224,0.079238,-0.476403,9.946397,-0.329594,-0.982287,0.376452,-2.608836,-0.457801,-0.151761,0.999732,-0.022770,-0.003964,-0.001415
6225,0.091575,-0.481481,9.935184,0.395000,-0.471173,1.101264,-2.635388,-0.489706,-0.125834,0.999726,-0.023001,-0.004247,-0.001196
6226,0.087142,-0.434350,9.913183,1.264752,-0.320161,1.916106,-2.611425,-0.507510,-0.074971,0.999730,-0.022790,-0.004413,-0.000755
6227,0.077410,-0.429613,9.901427,1.501440,-0.275879,1.961884,-2.544769,-0.510656,-0.010140,0.999743,-0.022206,-0.004453,-0.000187
6228,0.092313,-0.423279,9.917951,1.704539,-0.298742,2.135840,-2.472951,-0.514079,0.058349,0.999757,-0.021576,-0.004496,0.000412
6229,0.090669,-0.380096,9.923243,1.500319,-0.379637,2.001554,-2.388471,-0.525048,0.127440,0.999772,-0.020837,-0.004604,0.001016
6230,0.085307,-0.392987,9.908354,0.643013,-0.475755,0.904413,-2.320155,-0.535381,0.176121,0.999783,-0.020238,-0.004702,0.001442
6231,0.087141,-0.423484,9.919424,0.165394,-0.417726,0.365763,-2.307493,-0.544016,0.197887,0.999785,-0.020127,-0.004781,0.001631
6232,0.099347,-0.389663,9.929568,-0.147463,-0.223932,0.277260,-2.312655,-0.553956,0.209078,0.999783,-0.020171,-0.004870,0.001727
6233,0.087931,-0.395472,9.928893,-0.776083,0.383398,-0.648977,-2.320324,-0.550037,0.202707,0.999782,-0.020239,-0.004835,0.001671
6234,0.066314,-0.407020,9.883580,-1.218606,0.772651,-1.154053,-2.353793,-0.514269,0.171893,0.999778,-0.020532,-0.004518,0.001408
6235,0.055407,-0.409481,9.894475,-1.233901,0.945321,-1.149465,-2.398825,-0.457283,0.132369,0.999772,-0.020927,-0.004014,0.001071
6236,0.055919,-0.412088,9.903287,-1.270523,1.233939,-1.486685,-2.440226,-0.395537,0.086917,0.999767,-0.021291,-0.003467,0.000685
6237,0.038836,-0.443995,9.914137,-1.267543,1.017461,-1.726247,-2.491170,-0.334903,0.031845,0.999759,-0.021737,-0.002928,0.000214
6238,0.034172,-0.456516,9.900344,-1.078510,0.350837,-1.311185,-2.552733,-0.288627,-0.019620,0.999749,-0.022275,-0.002514,-0.000227
6239,0.039166,-0.451720,9.906931,-0.636130,0.328081,-1.103652,-2.598352,-0.262492,-0.060261,0.999740,-0.022674,-0.002278,-0.000578
6240,0.034633,-0.458867,9.912528,-0.283715,0.438031,-1.227248,-2.622676,-0.241098,-0.099613,0.999735,-0.022887,-0.002084,-0.000917
6241,0.026309,-0.453972,9.902846,0.059583,0.200087,-0.902222,-2.630780,-0.219469,-0.135536,0.999734,-0.022958,-0.001888,-0.001226
6242,0.034551,-0.442533,9.884893,0.698989,0.372589,-0.397136,-2.612609,-0.201886,-0.157626,0.999738,-0.022800,-0.001730,-0.001415
6243,0.044231,-0.451062,9.887017,1.295670,0.479381,-0.275064,-2.573663,-0.191103,-0.169481,0.999745,-0.022460,-0.001634,-0.001516
6244,0.044963,-0.453595,9.922826,1.341420,0.297714,-0.275067,-2.533275,-0.188773,-0.179212,0.999753,-0.022108,-0.001612,-0.001600
6245,0.053576,-0.442441,9.929946,1.342904,0.151099,-0.023296,-2.493648,-0.197210,-0.184499,0.999760,-0.021762,-0.001686,-0.001647
6246,0.067896,-0.431735,9.923794,1.466494,0.134105,-0.021779,-2.448101,-0.218698,-0.185467,0.999769,-0.021365,-0.001873,-0.001659
6247,0.064402,-0.428500,9.913239,1.216226,-0.003460,-0.261359,-2.405403,-0.245688,-0.190289,0.999776,-0.020993,-0.002109,-0.001705
6248,0.046308,-0.409600,9.919374,0.920207,-0.037146,-0.310194,-2.368599,-0.261324,-0.199798,0.999782,-0.020672,-0.002244,-0.001790
6249,0.049525,-0.389303,9.900345,0.821127,-0.241651,-0.061470,-2.326416,-0.270106,-0.205860,0.999789,-0.020305,-0.002320,-0.001844
6250,0.051020,-0.394041,9.901106,0.677799,-0.385121,-0.127087,-2.287742,-0.284833,-0.208645,0.999796,-0.019967,-0.002449,-0.001870
6251,0.041604,-0.395805,9.907567,0.429104,-0.174530,-0.272049,-2.265313,-0.292791,-0.214940,0.999800,-0.019772,-0.002517,-0.001926
6252,0.037404,-0.399523,9.920153,0.294795,-0.183606,-0.322401,-2.256613,-0.289033,-0.224586,0.999801,-0.019696,-0.002483,-0.002009
6253,0.042566,-0.393361,9.921919,0.158952,-0.191154,-0.259834,-2.253561,-0.285627,-0.234012,0.999801,-0.019670,-0.002452,-0.002091
6254,0.054584,-0.395920,9.939375,0.245903,-0.108745,-0.235419,-2.250210,-0.289724,-0.242046,0.999802,-0.019641,-0.002486,-0.002161
6255,0.062748,-0.395426,9.920965,0.584618,-0.044724,-0.101140,-2.241321,-0.300928,-0.247527,0.999803,-0.019564,-0.002583,-0.002211
6256,0.063986,-0.381262,9.912398,0.923378,-0.261499,0.094174,-2.215657,-0.317784,-0.247451,0.999807,-0.019340,-0.002731,-0.002213
6257,0.072796,-0.354480,9.923944,1.710894,-0.260087,0.121636,-2.154394,-0.340572,-0.243632,0.999816,-0.018806,-0.002932,-0.002182
6258,0.072122,-0.341511,9.916189,3.563602,-0.016057,0.019393,-2.037179,-0.359930,-0.241309,0.999835,-0.017783,-0.003103,-0.002161
6259,0.064032,-0.322681,9.901418,5.774903,0.279914,-0.082848,-1.852153,-0.362762,-0.242725,0.999862,-0.016169,-0.003131,-0.002169
6260,0.062490,-0.269372,9.923437,7.954237,0.562206,0.164350,-1.584354,-0.349385,-0.242048,0.999897,-0.013832,-0.003019,-0.002154
6261,0.051884,-0.231112,9.931711,10.196187,0.702626,0.574823,-1.236206,-0.323649,-0.230525,0.999936,-0.010793,-0.002802,-0.002042
6262,0.040647,-0.177132,9.892219,12.334315,0.911770,1.009713,-0.822367,-0.284729,-0.204769,0.999970,-0.007181,-0.002472,-0.001805
6263,0.028314,-0.095938,9.920485,13.472975,1.111806,1.302691,-0.352539,-0.233144,-0.166670,0.999992,-0.003079,-0.002030,-0.001461
6264,0.021374,0.003737,9.947360,14.707753,1.438471,1.505639,0.154907,-0.175869,-0.119972,0.999997,0.001350,-0.001536,-0.001045
6265,0.001734,0.104552,9.938454,16.610857,2.114548,1.189772,0.711003,-0.105494,-0.074624,0.999980,0.006204,-0.000925,-0.000645
6266,-0.020264,0.211895,9.971304,18.295795,2.494632,0.793029,1.332490,-0.013141,-0.040178,0.999932,0.011628,-0.000119,-0.000349
6267,-0.053070,0.308868,9.981931,20.603312,2.420042,0.631277,2.020230,0.090493,-0.013874,0.999844,0.017629,0.000787,-0.000135
6269,-0.038805,0.490034,9.970320,22.228832,1.007185,-0.291911,2.785476,0.166051,-0.005490,0.999704,0.024306,0.001447,-0.000083
6270,-0.042343,0.646561,9.945308,22.720757,-0.639219,-0.934327,3.606524,0.181986,-0.025136,0.999503,0.031468,0.001580,-0.000269
6271,-0.040564,0.803920,9.941961,23.037273,-2.363471,-1.028934,4.450284,0.139669,-0.060852,0.999245,0.038827,0.001197,-0.000578
6272,-0.018591,0.974577,9.870142,23.175341,-3.011983,-0.972474,5.312256,0.054013,-0.101309,0.998925,0.046342,0.000430,-0.000905
6273,0.003918,1.150769,9.857005,22.097359,-2.717516,-0.824454,6.172383,-0.042535,-0.140490,0.998549,0.053838,-0.000437,-0.001204
6274,-0.000873,1.249042,9.843192,21.281792,-1.608178,0.355086,6.995591,-0.114454,-0.156568,0.998136,0.061009,-0.001080,-0.001303
6275,0.004291,1.343225,9.850176,21.294605,-0.469792,1.324042,7.781317,-0.146598,-0.133366,0.997694,0.067851,-0.001355,-0.001074
6276,0.003400,1.452751,9.820502,21.302706,0.657939,1.919143,8.549564,-0.142077,-0.079499,0.997217,0.074539,-0.001288,-0.000599
6277,-0.012676,1.558160,9.843342,21.264915,0.934243,2.103762,9.303794,-0.111976,-0.009159,0.996705,0.081102,-0.000980,-0.000000
6278,-0.015881,1.684537,9.833468,21.510878,0.633774,2.247177,10.052497,-0.080971,0.066839,0.996154,0.087612,-0.000653,0.000643
6279,-0.030262,1.798635,9.795224,22.142866,0.728531,2.012159,10.811994,-0.052401,0.140964,0.995551,0.094213,-0.000339,0.001268
6280,-0.041348,1.939354,9.777223,22.663460,0.833999,1.771029,11.590345,-0.016407,0.208116,0.994888,0.100973,0.000041,0.001821
6281,-0.041741,2.068590,9.769081,22.572163,0.423704,1.340683,12.376425,0.016059,0.263485,0.994171,0.107794,0.000387,0.002271
6282,-0.019378,2.203062,9.714465,23.491024,0.063700,0.754703,13.176050,0.030864,0.299608,0.993393,0.114728,0.000568,0.002566
6283,-0.018077,2.349372,9.696554,24.596075,-0.220067,-0.200538,14.012657,0.033131,0.308130,0.992529,0.121978,0.000615,0.002634
6284,-0.020279,2.486380,9.672817,25.392891,-0.899053,-0.586609,14.881025,0.024786,0.290892,0.991577,0.129496,0.000543,0.002489
6285,-0.019527,2.634674,9.589580,25.213125,-1.545990,-0.983364,15.761253,-0.000515,0.255049,0.990553,0.137109,0.000301,0.002205
6286,-0.021774,2.759159,9.521889,24.801420,-1.678677,-0.945235,16.631468,-0.034276,0.209358,0.989484,0.144628,-0.000032,0.001851
6287,-0.037234,2.859367,9.497635,23.118498,-1.504601,-0.547003,17.451880,-0.062059,0.170227,0.988424,0.151709,-0.000310,0.001550
6288,-0.022408,2.954215,9.456109,20.460342,-1.486150,0.296790,18.179058,-0.089845,0.151258,0.987441,0.157978,-0.000566,0.001427
6289,-0.008381,3.070415,9.441512,17.821930,-1.208327,0.789631,18.805954,-0.124396,0.154405,0.986562,0.163378,-0.000851,0.001507
6290,-0.005950,3.160142,9.434237,16.701752,-0.993078,1.126829,19.362486,-0.157117,0.172762,0.985756,0.168168,-0.001098,0.001717
6291,0.001552,3.260293,9.439442,16.419254,-0.925840,1.073390,19.889633,-0.186755,0.196742,0.984971,0.172702,-0.001309,0.001973
6292,0.008247,3.381219,9.438559,17.198841,-0.692283,0.961965,20.429493,-0.211770,0.219463,0.984146,0.177341,-0.001479,0.002213
6293,0.000015,3.473397,9.394211,18.865046,-0.495329,0.752873,21.017191,-0.225762,0.239354,0.983223,0.182386,-0.001556,0.002413
6294,0.002067,3.569421,9.322204,21.159969,-0.428055,0.842853,21.675688,-0.232054,0.258726,0.982158,0.188034,-0.001564,0.002598
6295,0.006385,3.670292,9.271797,22.954407,-0.191409,1.013706,22.404757,-0.236183,0.283765,0.980941,0.194279,-0.001541,0.002830
6296,0.009374,3.799634,9.202020,23.224483,-0.099737,1.254756,23.172249,-0.239559,0.316951,0.979617,0.200845,-0.001492,0.003129
6297,0.012830,3.923212,9.138892,22.969685,-0.229334,1.573629,23.945793,-0.248922,0.358153,0.978237,0.207454,-0.001477,0.003508
6298,0.026929,4.030014,9.094434,22.542429,-0.047669,1.608691,24.704700,-0.264152,0.404758,0.976840,0.213929,-0.001496,0.003944
6299,0.019550,4.144220,9.052582,21.341475,0.100420,1.565931,25.429464,-0.275538,0.453204,0.975465,0.220104,-0.001475,0.004387
6300,0.013241,4.261170,9.034240,20.563160,0.002867,1.507897,26.115774,-0.281624,0.500294,0.974128,0.225943,-0.001408,0.004808
6301,0.015405,4.368819,8.993780,21.701370,-0.238111,1.506314,26.803904,-0.291149,0.543793,0.972751,0.231789,-0.001372,0.005205
6302,0.032469,4.483493,8.935138,22.209381,-0.886540,0.857753,27.520397,-0.313390,0.570552,0.971281,0.237868,-0.001472,0.005487
6303,0.040262,4.613905,8.872193,22.801373,-1.608247,0.055088,28.262188,-0.349481,0.564721,0.969720,0.244152,-0.001754,0.005524
6304,0.046789,4.723288,8.800960,23.077538,-1.863027,-0.652967,29.023500,-0.388709,0.528369,0.968077,0.250590,-0.002128,0.005314
6305,0.046533,4.820495,8.704327,22.241302,-1.875176,-1.339666,29.775602,-0.418316,0.468968,0.966412,0.256938,-0.002476,0.004893
6306,0.049813,4.929359,8.651473,19.708216,-1.621799,-1.875307,30.469118,-0.431356,0.393526,0.964842,0.262780,-0.002730,0.004303
6307,0.038618,4.998460,8.576758,17.751867,-0.802279,-1.738029,31.079872,-0.421116,0.321336,0.963431,0.267917,-0.002789,0.003686
6308,0.016806,5.074331,8.551242,15.262875,0.003563,-1.406993,31.604177,-0.383016,0.269995,0.962198,0.272321,-0.002575,0.003177
6309,0.020045,5.158482,8.543272,13.822108,0.406576,-0.966102,32.052639,-0.331663,0.240432,0.961127,0.276083,-0.002203,0.002816
6310,0.035333,5.246010,8.535995,13.276875,0.522697,-0.462636,32.444427,-0.283884,0.229079,0.960179,0.279367,-0.001820,0.002612
6311,0.028893,5.299733,8.479598,13.940186,0.771531,-0.468805,32.839851,-0.241608,0.228091,0.959211,0.282678,-0.001460,0.002505
6312,0.017704,5.371608,8.452838,14.657088,0.561027,-0.346776,33.281300,-0.204801,0.229062,0.958115,0.286371,-0.001140,0.002427
6313,0.028619,5.453125,8.395968,16.188890,0.135346,0.078925,33.766956,-0.185107,0.231948,0.956893,0.290428,-0.000958,0.002406
6314,0.023516,5.500331,8.302135,18.021355,-0.023326,-0.015698,34.315453,-0.180364,0.234005,0.955492,0.295005,-0.000901,0.002416
6315,0.010349,5.553930,8.212720,18.877235,-0.049219,-0.288871,34.910084,-0.171385,0.229265,0.953949,0.299959,-0.000827,0.002357
6316,0.001791,5.639381,8.155729,18.922848,-0.253615,-0.139383,35.519501,-0.159672,0.220689,0.952340,0.305028,-0.000740,0.002259
6317,0.010638,5.751101,8.113333,18.103283,-0.377144,0.098612,36.118416,-0.156991,0.214173,0.950733,0.310001,-0.000723,0.002202
6318,0.006636,5.839122,8.062203,16.865625,-0.433544,0.121459,36.684856,-0.160990,0.209257,0.949189,0.314697,-0.000759,0.002175
6319,0.012790,5.938219,8.036417,15.748505,-0.615074,0.078692,37.210613,-0.168362,0.201556,0.947736,0.319049,-0.000831,0.002136
6320,0.020087,5.990551,7.993408,14.744250,-0.669970,0.209893,37.694466,-0.182430,0.192488,0.946380,0.323048,-0.000964,0.002104
6321,0.030674,6.046791,7.951172,13.735199,-0.837802,0.992681,38.117241,-0.211816,0.193062,0.945181,0.326537,-0.001197,0.002196
6322,0.046817,6.117275,7.883097,13.887293,-1.069769,1.450481,38.515259,-0.266202,0.205527,0.944040,0.329819,-0.001602,0.002459
6323,0.050492,6.163479,7.805452,14.613357,-0.970619,1.000363,38.955585,-0.324062,0.216212,0.942764,0.333445,-0.002037,0.002722
6324,0.041911,6.228481,7.753570,14.793283,-0.706619,0.644810,39.429012,-0.360651,0.219859,0.941377,0.337337,-0.002316,0.002868
6325,0.045587,6.315895,7.711136,15.499689,-0.674528,0.534906,39.921799,-0.383374,0.220403,0.939917,0.341382,-0.002488,0.002950
6326,0.044305,6.405718,7.643784,16.740244,-0.704987,-0.154861,40.456387,-0.395551,0.210495,0.938314,0.345763,-0.002604,0.002917
6327,0.031854,6.463728,7.601367,18.281418,-0.721686,-0.646281,41.038647,-0.390642,0.184972,0.936546,0.350526,-0.002627,0.002707
6328,0.036226,6.536024,7.541749,19.935450,-0.848237,-0.522768,41.667213,-0.380955,0.153277,0.934610,0.355657,-0.002631,0.002432
6329,0.051650,6.592042,7.419950,20.275675,-1.063326,-0.712040,42.330387,-0.379799,0.116874,0.932536,0.361059,-0.002723,0.002148
6330,0.056658,6.694616,7.361358,19.926205,-1.141114,-1.011153,42.996750,-0.381685,0.070970,0.930422,0.366475,-0.002872,0.001797
6331,0.065775,6.783786,7.305282,19.987188,-1.263174,-0.757861,43.655506,-0.388236,0.022109,0.928300,0.371816,-0.003073,0.001439
6332,0.064872,6.852047,7.198462,18.777069,-1.389822,-0.878413,44.294216,-0.400371,-0.028141,0.926214,0.376983,-0.003329,0.001090
6333,0.066774,6.940281,7.127917,16.950493,-1.542406,-1.377398,44.884830,-0.407540,-0.089174,0.924259,0.381750,-0.003584,0.000638
6334,0.063137,7.029408,7.118003,16.971756,-2.021532,-1.111900,45.438118,-0.417459,-0.160449,0.922405,0.386205,-0.003901,0.000115
6335,0.056292,7.090770,7.005910,19.031641,-2.795142,-0.445103,46.024700,-0.449096,-0.235881,0.920415,0.390918,-0.004412,-0.000363
6336,0.073210,7.124886,6.893709,20.795555,-3.469573,-0.606879,46.681980,-0.503469,-0.323379,0.918156,0.396186,-0.005152,-0.000850
6337,0.082239,7.180399,6.800956,22.336668,-3.944124,-1.006685,47.393196,-0.565804,-0.432013,0.915676,0.401869,-0.006036,-0.001468
6338,0.075996,7.275466,6.697471,23.273537,-4.284370,-1.144055,48.148312,-0.625098,-0.557546,0.913005,0.407884,-0.006965,-0.002217
6339,0.099597,7.393989,6.587844,23.288839,-4.417087,-1.179194,48.931133,-0.684840,-0.691820,0.910192,0.414099,-0.007940,-0.003020
6340,0.119259,7.464980,6.516216,24.013687,-4.650543,-1.823146,49.725578,-0.743539,-0.839049,0.907294,0.420383,-0.008965,-0.003915
6341,0.104700,7.513787,6.360029,23.769531,-4.220206,-2.822660,50.523216,-0.773540,-1.002127,0.904339,0.426673,-0.009836,-0.005028
6342,0.112153,7.631640,6.265656,20.755869,-3.319855,-2.928015,51.272320,-0.767733,-1.160102,0.901523,0.432562,-0.010420,-0.006228
6343,0.134382,7.705606,6.213108,17.114992,-3.017697,-1.701200,51.902653,-0.768208,-1.290716,0.899122,0.437502,-0.010956,-0.007194
6344,0.132069,7.761231,6.151118,13.512130,-2.872734,-0.791745,52.395626,-0.795884,-1.393438,0.897225,0.441353,-0.011599,-0.007844
6345,0.142377,7.852046,6.111087,7.072433,-1.847317,-0.341583,52.703171,-0.830555,-1.466855,0.896031,0.443747,-0.012176,-0.008253
6346,0.170189,7.946147,6.178492,1.340674,-1.188152,0.468736,52.796177,-0.870632,-1.505170,0.895668,0.444465,-0.012644,-0.008387
6347,0.185188,7.925272,6.181343,-0.724342,-1.038671,0.632099,52.751804,-0.921168,-1.522792,0.895838,0.444109,-0.013104,-0.008334
6348,0.178574,7.891346,6.174313,-2.490615,-0.774754,0.214106,52.601284,-0.966748,-1.536706,0.896419,0.442924,-0.013504,-0.008284
6349,0.181167,7.862578,6.180814,-3.713666,-0.307865,-0.033015,52.399929,-0.991416,-1.547523,0.897195,0.441344,-0.013724,-0.008297
6350,0.180389,7.824735,6.163295,-3.711080,-0.228535,0.018902,52.218029,-1.001582,-1.553719,0.897894,0.439917,-0.013814,-0.008328
6351,0.167911,7.793412,6.195557,-4.216604,-0.339923,-0.055860,52.030693,-1.007364,-1.560606,0.898611,0.438447,-0.013872,-0.008383
6352,0.157946,7.779650,6.219026,-4.067521,-0.454333,0.101280,51.835667,-1.010532,-1.569573,0.899355,0.436915,-0.013917,-0.008465
6353,0.162273,7.765336,6.224079,-2.880939,-0.419177,0.034079,51.646427,-1.010839,-1.578344,0.900075,0.435428,-0.013939,-0.008555
6354,0.162672,7.730302,6.239471,-2.481882,-0.292453,-0.588568,51.465347,-0.998556,-1.591797,0.900761,0.434005,-0.013880,-0.008730
6355,0.163685,7.727177,6.272876,-2.777112,-0.261872,-0.729012,51.287247,-0.976410,-1.611161,0.901433,0.432606,-0.013765,-0.008987
6356,0.165396,7.701590,6.270678,-1.781333,-0.185534,-0.460484,51.130348,-0.959075,-1.628018,0.902024,0.431372,-0.013680,-0.009204
6357,0.163630,7.703160,6.283897,-2.293034,-0.089378,-0.333847,50.997952,-0.948459,-1.638821,0.902521,0.430329,-0.013626,-0.009345
6358,0.169323,7.707345,6.301102,-2.597095,-0.016132,-0.326207,50.866421,-0.941851,-1.646287,0.903013,0.429293,-0.013591,-0.009444
6359,0.163637,7.690385,6.304773,-1.892436,-0.054288,-0.033213,50.751877,-0.940186,-1.650321,0.903442,0.428390,-0.013584,-0.009496
6360,0.157339,7.671283,6.303017,-1.206017,-0.063427,0.020181,50.669273,-0.938643,-1.651470,0.903750,0.427739,-0.013569,-0.009520
6361,0.153157,7.668711,6.296078,-1.166488,-0.080174,-0.191966,50.611855,-0.930730,-1.654849,0.903964,0.427287,-0.013514,-0.009583
6362,0.154424,7.657607,6.302394,-0.490584,0.025155,-0.326294,50.574120,-0.916890,-1.660881,0.904105,0.426990,-0.013425,-0.009687
6363,0.157509,7.649127,6.313194,-0.336582,-0.066379,-0.190510,50.545788,-0.906865,-1.666651,0.904210,0.426767,-0.013365,-0.009773
6364,0.159852,7.661105,6.322126,-0.754808,-0.119788,-0.205763,50.512302,-0.904413,-1.673001,0.904334,0.426503,-0.013366,-0.009836
6365,0.165203,7.659262,6.327048,-0.818996,-0.034362,-0.378160,50.473930,-0.903823,-1.680979,0.904476,0.426199,-0.013388,-0.009906
6366,0.171471,7.665433,6.326906,-1.118131,-0.148862,-0.143098,50.435040,-0.910136,-1.688754,0.904620,0.425890,-0.013463,-0.009948
6367,0.170921,7.658233,6.330647,-1.224961,-0.414441,0.076718,50.394184,-0.928592,-1.696656,0.904771,0.425564,-0.013635,-0.009947
6368,0.167001,7.648721,6.329153,-1.156304,-0.370236,-0.063611,50.353405,-0.946309,-1.706564,0.904921,0.425238,-0.013808,-0.009964
6369,0.170543,7.666789,6.340382,-0.887705,-0.281763,-0.164285,50.324093,-0.956226,-1.717427,0.905029,0.425004,-0.013924,-0.010017
6370,0.167885,7.659003,6.332639,-0.701445,-0.326037,-0.135270,50.310066,-0.962799,-1.728614,0.905080,0.424891,-0.014016,-0.010082
6372,0.159230,7.652032,6.358407,-0.965391,-0.226838,-0.019317,50.287140,-0.963846,-1.737430,0.905164,0.424709,-0.014055,-0.010151
6373,0.170734,7.649710,6.361031,-1.530028,-0.097122,0.011187,50.240055,-0.964980,-1.741577,0.905338,0.424336,-0.014075,-0.010185
6374,0.180165,7.644650,6.377481,-1.884115,-0.033070,0.125680,50.174137,-0.975713,-1.741628,0.905582,0.423813,-0.014154,-0.010154
6375,0.182894,7.621366,6.385779,-2.143662,-0.152155,0.510291,50.089481,-0.998317,-1.736891,0.905895,0.423142,-0.014308,-0.010044
6376,0.188485,7.612767,6.406024,-2.255255,-0.193423,0.788096,49.990784,-1.032359,-1.726951,0.906259,0.422357,-0.014532,-0.009852
6377,0.203211,7.605483,6.389077,-1.843384,-0.179785,0.713443,49.906204,-1.074404,-1.715301,0.906571,0.421683,-0.014814,-0.009615
6378,0.194672,7.595395,6.401237,-1.266620,-0.086784,0.592992,49.849777,-1.109585,-1.704564,0.906779,0.421233,-0.015048,-0.009408
6379,0.197523,7.593786,6.413223,-1.141535,-0.071557,0.536572,49.804287,-1.132108,-1.694328,0.906946,0.420871,-0.015185,-0.009251
6380,0.196046,7.578229,6.406002,-1.034750,-0.005953,0.315328,49.764126,-1.146166,-1.686069,0.907094,0.420552,-0.015263,-0.009139
6381,0.189304,7.576845,6.409498,-1.298739,0.036796,0.036056,49.724674,-1.145831,-1.681883,0.907239,0.420240,-0.015242,-0.009112
6382,0.181020,7.571609,6.432737,-1.350665,0.018551,-0.212748,49.674824,-1.130038,-1.682978,0.907422,0.419848,-0.015117,-0.009185
6383,0.183997,7.591499,6.439734,-1.320186,-0.056143,-0.279977,49.625622,-1.109752,-1.688689,0.907602,0.419460,-0.014973,-0.009311
6384,0.174505,7.601329,6.457012,-0.915784,-0.194926,-0.229712,49.592335,-1.091116,-1.697466,0.907724,0.419198,-0.014855,-0.009454
6385,0.175864,7.598908,6.456560,-0.799760,-0.347438,0.060118,49.570747,-1.079151,-1.706321,0.907802,0.419028,-0.014791,-0.009570
6386,0.183905,7.591139,6.472269,-0.680716,-0.452682,0.243176,49.548878,-1.083004,-1.713249,0.907882,0.418853,-0.014845,-0.009614
6387,0.192902,7.585123,6.469313,-0.467108,-0.567128,0.407977,49.527241,-1.102500,-1.719091,0.907960,0.418678,-0.015019,-0.009592
6388,0.192750,7.581898,6.457750,-0.441139,-0.664801,0.586526,49.515614,-1.131083,-1.724015,0.908001,0.418581,-0.015262,-0.009528
6389,0.192665,7.563848,6.456345,-0.575386,-0.638854,0.499540,49.503075,-1.157713,-1.728871,0.908046,0.418477,-0.015490,-0.009471
6390,0.205454,7.568790,6.462590,-0.306820,-0.431330,0.139424,49.488972,-1.177705,-1.735526,0.908096,0.418361,-0.015671,-0.009452
6391,0.212176,7.571977,6.467284,-0.093181,-0.381004,0.079947,49.483707,-1.194932,-1.743471,0.908115,0.418315,-0.015836,-0.009453
6392,0.210807,7.577986,6.464835,-0.308296,-0.297105,-0.026838,49.482079,-1.207979,-1.751591,0.908120,0.418299,-0.015969,-0.009470
6393,0.221463,7.582356,6.478394,-0.309785,-0.432949,0.099855,49.476604,-1.223609,-1.760148,0.908138,0.418252,-0.016124,-0.009481
6394,0.223936,7.572598,6.457253,-0.025912,-0.741242,0.534809,49.477509,-1.255162,-1.768287,0.908133,0.418253,-0.016404,-0.009430
6395,0.217922,7.567928,6.454865,-0.196730,-1.022042,0.783567,49.484776,-1.296405,-1.776589,0.908105,0.418303,-0.016761,-0.009345
6396,0.222720,7.574317,6.456744,-0.561340,-0.980838,0.775928,49.483173,-1.336637,-1.785324,0.908109,0.418282,-0.017112,-0.009267
6397,0.230987,7.569449,6.470522,-0.640647,-1.046444,0.923931,49.468437,-1.378266,-1.792716,0.908160,0.418157,-0.017468,-0.009176
6398,0.235297,7.541965,6.455843,-0.678821,-1.029645,0.942228,49.443329,-1.422027,-1.798715,0.908250,0.417950,-0.017834,-0.009067
6399,0.250783,7.542595,6.470703,-0.790281,-0.706149,0.717920,49.410530,-1.462109,-1.802488,0.908367,0.417683,-0.018163,-0.008956
6400,0.258561,7.549860,6.489987,-0.936878,-0.376568,0.556198,49.368195,-1.494068,-1.802019,0.908520,0.417341,-0.018411,-0.008843
6401,0.264713,7.550883,6.486241,-1.028516,-0.321657,0.664568,49.324959,-1.521652,-1.797320,0.908677,0.416995,-0.018610,-0.008712
6402,0.275197,7.558569,6.491715,-1.118555,-0.233192,0.640199,49.287846,-1.551644,-1.790118,0.908811,0.416696,-0.018818,-0.008552
6403,0.282842,7.544569,6.516228,-1.118613,-0.172212,0.460208,49.243061,-1.581116,-1.783062,0.908972,0.416337,-0.019023,-0.008396
6404,0.286070,7.530878,6.496436,-1.162952,-0.344701,0.434339,49.194092,-1.609695,-1.779539,0.909149,0.415944,-0.019234,-0.008272
6405,0.295258,7.529800,6.483470,-1.242266,-0.414963,0.379485,49.158241,-1.641465,-1.780365,0.909277,0.415654,-0.019486,-0.008169
6406,0.306274,7.531404,6.499814,-0.708110,-0.350969,0.355177,49.136009,-1.676930,-1.782295,0.909356,0.415471,-0.019773,-0.008060
6407,0.298742,7.509636,6.503222,0.012139,-0.512791,0.582624,49.125977,-1.712126,-1.782993,0.909390,0.415385,-0.020054,-0.007939
6408,0.294909,7.527825,6.501785,0.189166,-0.611991,0.761174,49.131729,-1.743968,-1.782587,0.909367,0.415425,-0.020305,-0.007820
6409,0.293101,7.545423,6.510387,0.375419,-0.329665,0.520039,49.152454,-1.764281,-1.780831,0.909291,0.415586,-0.020462,-0.007728
6410,0.300115,7.552173,6.507727,0.554069,-0.276216,0.664950,49.182426,-1.777550,-1.776001,0.909181,0.415823,-0.020551,-0.007636
6411,0.301524,7.524184,6.512397,0.529679,-0.419618,0.611500,49.203373,-1.794402,-1.770964,0.909105,0.415987,-0.020668,-0.007531
6412,0.311246,7.541642,6.502531,-0.102076,-0.247169,0.240677,49.207848,-1.808572,-1.770014,0.909087,0.416020,-0.020777,-0.007472
6413,0.314904,7.539484,6.483201,-0.135560,0.004607,-0.082820,49.214607,-1.813304,-1.771693,0.909062,0.416072,-0.020821,-0.007466
6414,0.317573,7.535129,6.502419,-0.336920,0.048849,-0.163685,49.214535,-1.811242,-1.773947,0.909063,0.416072,-0.020813,-0.007492
6415,0.301350,7.525131,6.515283,-0.217969,0.178582,-0.493316,49.196445,-1.795236,-1.777951,0.909129,0.415930,-0.020700,-0.007585
6416,0.301469,7.553278,6.495578,-0.375134,0.377012,-0.555949,49.187393,-1.764361,-1.782395,0.909164,0.415863,-0.020470,-0.007734
6417,0.295470,7.530338,6.493474,0.024759,0.338916,-0.406473,49.194122,-1.734070,-1.784236,0.909141,0.415922,-0.020237,-0.007858
6418,0.296968,7.522998,6.488096,-0.072854,0.294700,-0.493494,49.199318,-1.708804,-1.786225,0.909124,0.415967,-0.020044,-0.007964
6419,0.294014,7.535925,6.497652,-0.023983,0.250463,-0.449262,49.202991,-1.687794,-1.789771,0.909111,0.415999,-0.019891,-0.008068
6420,0.303101,7.535357,6.491312,0.088992,-0.030326,-0.018931,49.211300,-1.682944,-1.792304,0.909081,0.416066,-0.019862,-0.008104
6421,0.299595,7.519353,6.475379,0.090591,-0.303514,0.014690,49.223484,-1.695202,-1.796833,0.909036,0.416159,-0.019977,-0.008094
6422,0.308783,7.518510,6.513385,-0.239057,-0.288310,-0.221762,49.215351,-1.709792,-1.806384,0.909064,0.416091,-0.020126,-0.008118
6423,0.312386,7.525685,6.531268,0.029310,-0.296008,0.204060,49.187485,-1.729982,-1.813215,0.909164,0.415865,-0.020309,-0.008104
6424,0.298102,7.527503,6.513773,0.030685,-0.570703,0.562691,49.169659,-1.755024,-1.815224,0.909227,0.415718,-0.020514,-0.008032
6425,0.296337,7.539243,6.499615,-0.254658,-0.544733,0.294095,49.166683,-1.772607,-1.819979,0.909236,0.415691,-0.020671,-0.008006
6426,0.291323,7.521512,6.524509,-0.269946,-0.195232,0.016304,49.154713,-1.772374,-1.825824,0.909279,0.415595,-0.020689,-0.008055
6427,0.284486,7.542130,6.495537,-0.170758,-0.053220,-0.002124,49.147682,-1.755932,-1.828812,0.909305,0.415541,-0.020569,-0.008140
6428,0.286264,7.548762,6.490252,-0.355213,-0.159933,-0.255555,49.161850,-1.734666,-1.835008,0.909255,0.415657,-0.020424,-0.008264
6429,0.306185,7.525781,6.494764,-0.261993,0.126973,-0.583671,49.169193,-1.717834,-1.845101,0.909228,0.415716,-0.020327,-0.008404
6430,0.311766,7.497477,6.492883,-0.083471,0.277991,-0.641600,49.162170,-1.707316,-1.853307,0.909254,0.415661,-0.020273,-0.008508
6431,0.311976,7.518939,6.516093,-0.255991,-0.054734,-0.383630,49.145329,-1.706227,-1.861328,0.909314,0.415526,-0.020292,-0.008579
6432,0.307936,7.511099,6.504349,-0.115682,-0.231808,-0.148557,49.130096,-1.715774,-1.870465,0.909368,0.415402,-0.020400,-0.008620
6433,0.298408,7.503144,6.507931,0.029213,-0.204372,0.007127,49.120197,-1.724919,-1.877247,0.909403,0.415320,-0.020497,-0.008642
6434,0.295243,7.527495,6.486849,0.180318,-0.215046,0.086465,49.128769,-1.729178,-1.881664,0.909372,0.415387,-0.020547,-0.008660
6435,0.298579,7.545141,6.521813,0.183476,-0.137211,0.173422,49.148098,-1.733177,-1.883669,0.909301,0.415539,-0.020588,-0.008658
6436,0.307605,7.525527,6.487800,0.696266,-0.137224,0.384011,49.172611,-1.745339,-1.881352,0.909212,0.415732,-0.020677,-0.008591
6437,0.309929,7.524682,6.493870,0.610894,-0.228817,0.480183,49.204243,-1.766954,-1.876860,0.909096,0.415980,-0.020835,-0.008471
6438,0.309701,7.537040,6.497693,0.336269,-0.251730,0.440537,49.225235,-1.788496,-1.873064,0.909018,0.416143,-0.020994,-0.008359
6439,0.313557,7.536353,6.505477,0.115014,-0.234959,0.468019,49.233036,-1.807849,-1.869328,0.908989,0.416202,-0.021134,-0.008257
6440,0.315407,7.528618,6.492515,0.121095,-0.311265,0.457351,49.234100,-1.827538,-1.866063,0.908984,0.416207,-0.021278,-0.008160
6441,0.315657,7.542604,6.494776,-0.155078,-0.154095,0.161319,49.235851,-1.840263,-1.865280,0.908977,0.416219,-0.021377,-0.008107
6442,0.325016,7.557168,6.488043,-0.391495,-0.083912,0.167430,49.239388,-1.848469,-1.865112,0.908964,0.416245,-0.021441,-0.008075
6443,0.327931,7.539635,6.485847,-0.138075,-0.061057,0.138469,49.245056,-1.859640,-1.864082,0.908942,0.416288,-0.021527,-0.008025
6444,0.322949,7.527610,6.494220,-0.209776,-0.032082,-0.049199,49.241543,-1.865193,-1.864359,0.908955,0.416259,-0.021571,-0.008008
6445,0.318209,7.534718,6.491707,-0.240307,-0.042750,0.036237,49.232502,-1.863199,-1.865394,0.908988,0.416188,-0.021559,-0.008025
6446,0.303669,7.544979,6.500939,-0.342525,-0.209010,0.187228,49.225288,-1.856311,-1.866222,0.909014,0.416132,-0.021507,-0.008058
6447,0.304530,7.541979,6.502408,-0.354714,-0.124989,0.057412,49.215931,-1.844583,-1.867850,0.909049,0.416059,-0.021419,-0.008115
6448,0.311657,7.535094,6.496890,-0.142594,0.129908,-0.020489,49.209602,-1.832072,-1.867451,0.909073,0.416012,-0.021318,-0.008159
6449,0.321366,7.539903,6.509225,-0.391319,0.107034,-0.061706,49.200779,-1.825572,-1.865361,0.909105,0.415943,-0.021258,-0.008168
6450,0.326302,7.525308,6.522363,-0.701170,0.175674,-0.343966,49.171707,-1.822953,-1.865866,0.909211,0.415713,-0.021237,-0.008186
6451,0.326471,7.502689,6.516033,-0.702870,0.282444,-0.247774,49.126423,-1.819652,-1.865839,0.909375,0.415354,-0.021207,-0.008207
6452,0.321544,7.490753,6.503319,-0.478716,0.180169,-0.183634,49.087021,-1.817138,-1.864085,0.909519,0.415042,-0.021178,-0.008209
6453,0.321334,7.502005,6.515459,-1.148698,0.199977,-0.418589,49.047329,-1.811404,-1.865471,0.909662,0.414728,-0.021135,-0.008248
6454,0.317506,7.491353,6.517102,-0.639126,0.241155,-0.249181,49.006744,-1.802780,-1.866871,0.909810,0.414407,-0.021069,-0.008298
6455,0.320135,7.498573,6.527495,-0.494240,0.094642,-0.079770,48.978230,-1.800109,-1.865939,0.909913,0.414182,-0.021042,-0.008306
6456,0.324769,7.492323,6.519641,-0.349313,0.018296,-0.352853,48.959820,-1.802966,-1.869111,0.909979,0.414034,-0.021075,-0.008324
6457,0.319779,7.467182,6.516114,-0.102163,0.183046,-0.517593,48.946175,-1.799648,-1.875908,0.910028,0.413925,-0.021072,-0.008392
6458,0.315671,7.471974,6.513619,0.106825,0.149447,-0.572489,48.938580,-1.788100,-1.883416,0.910056,0.413866,-0.021007,-0.008495
6459,0.304467,7.488895,6.517594,-0.242610,0.170813,-0.775441,48.936825,-1.767059,-1.894158,0.910063,0.413854,-0.020878,-0.008657
6460,0.288990,7.489302,6.518156,-0.126601,0.353981,-0.781612,48.935787,-1.730803,-1.904764,0.910068,0.413850,-0.020629,-0.008872
6461,0.298154,7.513204,6.532967,-0.002945,0.543245,-0.644338,48.940868,-1.693449,-1.909318,0.910051,0.413897,-0.020349,-0.009043
6462,0.299823,7.542659,6.546666,-0.329387,0.502038,-0.595505,48.948597,-1.667301,-1.910147,0.910025,0.413963,-0.020145,-0.009142
6463,0.292270,7.537892,6.551481,-0.143119,0.392153,-0.253682,48.953903,-1.649759,-1.908591,0.910007,0.414009,-0.020001,-0.009192
6464,0.307621,7.524020,6.539380,0.040063,0.207459,0.248410,48.960911,-1.653691,-1.901368,0.909982,0.414065,-0.020006,-0.009120
6465,0.313438,7.522539,6.527800,0.145445,0.013549,0.575091,48.975311,-1.683840,-1.889913,0.909929,0.414176,-0.020205,-0.008917
6466,0.306663,7.513828,6.515406,0.096739,-0.107104,0.694227,48.994312,-1.720086,-1.877654,0.909859,0.414322,-0.020450,-0.008685
6467,0.312545,7.509833,6.527331,0.292127,-0.250613,0.917091,49.009144,-1.757715,-1.864792,0.909804,0.414435,-0.020704,-0.008444
6469,0.318885,7.496552,6.524585,0.519468,-0.304090,1.010254,49.019379,-1.801289,-1.850609,0.909765,0.414511,-0.020999,-0.008172
6470,0.317681,7.506935,6.531649,0.592653,-0.301083,1.068294,49.030025,-1.843006,-1.835272,0.909725,0.414590,-0.021275,-0.007897
6471,0.319121,7.514128,6.524307,0.525484,-0.323981,1.011846,49.044659,-1.877767,-1.820294,0.909671,0.414703,-0.021498,-0.007650
6472,0.321182,7.514154,6.505547,0.510273,-0.281241,0.964524,49.067570,-1.906496,-1.806520,0.909587,0.414882,-0.021678,-0.007432
6473,0.318342,7.510499,6.506588,0.191422,0.051452,0.708117,49.087025,-1.921863,-1.791415,0.909516,0.415037,-0.021746,-0.007253
6474,0.320091,7.520149,6.500331,0.167075,0.342967,0.595123,49.100868,-1.921552,-1.772495,0.909467,0.415150,-0.021676,-0.007101
6475,0.320886,7.502615,6.487011,0.092386,0.532243,0.363106,49.114857,-1.911912,-1.751346,0.909418,0.415267,-0.021524,-0.006965
6476,0.320491,7.501296,6.499419,-0.072394,0.828330,-0.030649,49.116959,-1.890346,-1.730646,0.909414,0.415291,-0.021278,-0.006879
6477,0.320039,7.508962,6.515299,0.179327,0.901622,-0.038331,49.110893,-1.861523,-1.709354,0.909439,0.415252,-0.020971,-0.006816
6478,0.324760,7.532146,6.505811,0.423479,0.691063,0.121871,49.120796,-1.841941,-1.688377,0.909406,0.415338,-0.020741,-0.006718
6479,0.319091,7.532520,6.524987,0.100016,0.523210,-0.219938,49.133186,-1.827410,-1.674269,0.909363,0.415441,-0.020575,-0.006657
6480,0.315799,7.536934,6.532991,0.208308,0.475917,-0.427473,49.132053,-1.806524,-1.668540,0.909369,0.415437,-0.020388,-0.006687
6481,0.316609,7.544939,6.509971,0.362444,0.259236,-0.113134,49.143768,-1.791634,-1.665238,0.909328,0.415533,-0.020259,-0.006713
6482,0.315060,7.515371,6.513386,-0.028178,0.312627,-0.480864,49.151062,-1.780921,-1.664559,0.909302,0.415593,-0.020172,-0.006745
6483,0.314347,7.492123,6.519332,-0.136676,0.384325,-0.682255,49.128613,-1.763234,-1.667842,0.909384,0.415417,-0.020042,-0.006840
6484,0.325601,7.521586,6.507779,-0.188675,0.114177,-0.232032,49.108723,-1.758254,-1.671079,0.909457,0.415260,-0.020013,-0.006887
6485,0.318372,7.526552,6.505346,-0.339703,-0.128528,-0.050354,49.104881,-1.770394,-1.674489,0.909469,0.415227,-0.020122,-0.006871
6486,0.309626,7.492575,6.513581,-0.246656,-0.076686,-0.237995,49.090885,-1.776556,-1.680086,0.909519,0.415114,-0.020190,-0.006895
6487,0.308762,7.510543,6.505812,-0.327595,-0.181981,-0.060978,49.073414,-1.777213,-1.686359,0.909582,0.414974,-0.020217,-0.006946
6488,0.309065,7.535659,6.501661,-0.310711,-0.195719,0.001586,49.075325,-1.780979,-1.692150,0.909575,0.414987,-0.020268,-0.006978
6489,0.304257,7.503268,6.509603,-0.090898,0.098793,-0.352444,49.078808,-1.775522,-1.697514,0.909562,0.415015,-0.020244,-0.007039
6490,0.308607,7.509057,6.526900,-0.112324,0.240718,-0.418069,49.067608,-1.759991,-1.701408,0.909604,0.414928,-0.020134,-0.007129
6491,0.316291,7.528383,6.506629,-0.022281,0.115565,-0.184572,49.067104,-1.753659,-1.703553,0.909606,0.414925,-0.020092,-0.007169
6492,0.307502,7.527831,6.518401,0.073945,0.133840,-0.237943,49.079643,-1.751926,-1.705384,0.909560,0.415024,-0.020085,-0.007187
6493,0.297858,7.522704,6.527396,-0.005392,0.190310,-0.309674,49.082150,-1.739503,-1.707321,0.909552,0.415046,-0.019994,-0.007247
6494,0.305540,7.523942,6.516928,0.121253,0.048407,0.073323,49.083454,-1.732231,-1.706876,0.909548,0.415057,-0.019935,-0.007270
6495,0.304685,7.503184,6.496235,0.232680,0.052965,0.009257,49.093513,-1.735903,-1.704824,0.909511,0.415137,-0.019957,-0.007238
6496,0.301981,7.488775,6.506945,0.144143,0.184180,-0.250133,49.095615,-1.733096,-1.704340,0.909504,0.415154,-0.019933,-0.007244
6497,0.307839,7.492767,6.512585,0.192858,0.171954,-0.086832,49.086800,-1.729181,-1.703095,0.909536,0.415085,-0.019897,-0.007250
6498,0.316692,7.482483,6.515662,0.253742,0.031510,0.096354,49.075161,-1.738916,-1.699852,0.909578,0.414992,-0.019962,-0.007191
6499,0.307263,7.482631,6.512599,0.276468,0.078758,-0.141619,49.063461,-1.748329,-1.698335,0.909620,0.414898,-0.020030,-0.007147
6500,0.298019,7.504828,6.516837,0.110047,0.133693,-0.173659,49.058002,-1.742400,-1.698740,0.909640,0.414855,-0.019984,-0.007173
6501,0.293893,7.506971,6.535315,-0.045686,0.158144,-0.269833,49.048050,-1.726797,-1.699575,0.909677,0.414779,-0.019863,-0.007238
6502,0.292195,7.505329,6.521309,-0.074768,0.199388,-0.260723,49.034851,-1.708333,-1.700534,0.909726,0.414677,-0.019719,-0.007314
6503,0.293007,7.520095,6.516951,-0.115957,0.245194,-0.291275,49.033146,-1.691093,-1.701013,0.909733,0.414666,-0.019584,-0.007381
6504,0.297496,7.523101,6.518592,-0.262370,0.342852,-0.329425,49.036114,-1.676772,-1.700670,0.909723,0.414692,-0.019469,-0.007430
6505,0.302532,7.504125,6.520535,-0.111281,0.309243,-0.152374,49.032661,-1.670837,-1.697811,0.909736,0.414666,-0.019411,-0.007429
6506,0.295239,7.509525,6.513763,-0.028878,0.159660,0.021630,49.030582,-1.672120,-1.693348,0.909744,0.414650,-0.019405,-0.007389
6507,0.297888,7.517372,6.513551,-0.150893,0.026872,0.024718,49.035049,-1.676798,-1.690713,0.909728,0.414686,-0.019433,-0.007351
6508,0.290292,7.505921,6.511150,-0.190509,0.103149,-0.011885,49.036469,-1.678863,-1.689145,0.909722,0.414697,-0.019444,-0.007331
6509,0.284475,7.505669,6.524422,-0.376680,0.164205,-0.137034,49.026012,-1.670420,-1.687380,0.909761,0.414615,-0.019370,-0.007349
6510,0.280805,7.499797,6.527020,-0.520180,0.159669,-0.343078,49.003204,-1.653090,-1.688326,0.909844,0.414437,-0.019234,-0.007423
6511,0.281764,7.506751,6.520031,-0.604131,0.191751,-0.304972,48.981369,-1.634223,-1.690904,0.909924,0.414266,-0.019092,-0.007515
6512,0.269192,7.516562,6.526167,-0.626972,0.434422,-0.587326,48.967033,-1.606566,-1.692971,0.909978,0.414157,-0.018879,-0.007634
6513,0.275483,7.511741,6.535451,-0.524693,0.558068,-0.750655,48.953022,-1.569977,-1.695284,0.910030,0.414051,-0.018596,-0.007787
6514,0.263708,7.498816,6.533340,-0.387366,0.474174,-0.639299,48.937183,-1.535136,-1.697510,0.910089,0.413931,-0.018327,-0.007933
6515,0.264109,7.516662,6.521014,-0.518527,0.390276,-0.550830,48.930706,-1.505220,-1.699909,0.910114,0.413884,-0.018097,-0.008062
6516,0.272723,7.513944,6.524912,-0.498544,0.407036,-0.613370,48.932076,-1.486008,-1.703122,0.910110,0.413898,-0.017956,-0.008156
6517,0.271207,7.485229,6.533748,-0.345917,0.353566,-0.489699,48.922218,-1.475665,-1.705755,0.910146,0.413821,-0.017883,-0.008216
6518,0.263982,7.493949,6.518775,-0.248252,0.130726,-0.356882,48.913177,-1.470086,-1.708962,0.910178,0.413749,-0.017850,-0.008263
6519,0.269888,7.499536,6.519351,-0.187118,0.087940,-0.248476,48.918110,-1.471123,-1.713157,0.910160,0.413788,-0.017873,-0.008292
6520,0.265207,7.494770,6.533135,-0.103133,0.153492,-0.213310,48.920811,-1.474552,-1.715375,0.910150,0.413808,-0.017909,-0.008297
6521,0.255754,7.508280,6.543898,-0.614312,0.032920,-0.022542,48.909580,-1.473984,-1.715635,0.910191,0.413719,-0.017905,-0.008303
6522,0.254291,7.514101,6.548316,-0.863022,-0.133399,0.233805,48.886967,-1.476397,-1.714634,0.910272,0.413539,-0.017918,-0.008290
6523,0.246307,7.494913,6.555687,-1.633644,-0.006715,0.137636,48.841671,-1.476602,-1.712229,0.910436,0.413180,-0.017908,-0.008277
6524,0.245839,7.489236,6.577623,-2.787375,0.074216,0.035341,48.751545,-1.467765,-1.709072,0.910761,0.412466,-0.017820,-0.008298
6525,0.248394,7.474761,6.598068,-4.479777,0.026952,0.068871,48.611435,-1.460949,-1.706188,0.911265,0.411353,-0.017745,-0.008321
6526,0.255111,7.453736,6.618966,-6.362904,0.265006,-0.298883,48.413879,-1.453370,-1.704663,0.911974,0.409783,-0.017665,-0.008367
6527,0.265768,7.459784,6.656380,-9.559842,0.705985,-1.069456,48.133030,-1.428676,-1.707357,0.912976,0.407550,-0.017457,-0.008519
6528,0.254237,7.397856,6.720302,-12.621028,0.783789,-1.470747,47.741020,-1.384682,-1.716687,0.914366,0.404430,-0.017110,-0.008809
6529,0.246927,7.327324,6.756967,-15.041416,0.567098,-1.229631,47.246670,-1.338907,-1.729656,0.916103,0.400488,-0.016751,-0.009146
6530,0.241785,7.252149,6.806094,-16.518795,0.405335,-0.661960,46.685429,-1.308475,-1.738474,0.918054,0.396000,-0.016493,-0.009404
6531,0.229344,7.170011,6.878361,-18.089279,0.162702,-0.091242,46.070122,-1.295677,-1.739381,0.920168,0.391066,-0.016343,-0.009544
6532,0.216275,7.042910,6.963736,-18.434553,-0.217239,0.351275,45.409607,-1.298132,-1.735856,0.922407,0.385756,-0.016295,-0.009601
6533,0.230449,6.990403,7.023041,-18.042818,-0.369822,0.612212,44.747849,-1.315963,-1.730273,0.924619,0.380421,-0.016365,-0.009591
6534,0.232979,6.934390,7.112630,-17.608269,-0.176039,0.206337,44.111202,-1.334578,-1.725926,0.926718,0.375276,-0.016448,-0.009585
6535,0.232899,6.855832,7.197284,-17.620804,0.087943,-0.950302,43.483559,-1.328510,-1.734911,0.928759,0.370194,-0.016375,-0.009768
6536,0.228367,6.781878,7.270037,-17.067217,0.222231,-1.649170,42.865410,-1.294851,-1.761981,0.930741,0.365180,-0.016135,-0.010183
6537,0.225170,6.738629,7.319245,-16.937748,0.322948,-1.949777,42.270199,-1.247100,-1.799323,0.932624,0.360343,-0.015811,-0.010721
6538,0.218117,6.691562,7.399361,-17.949562,0.745630,-2.325150,41.673954,-1.186493,-1.840028,0.934485,0.355490,-0.015387,-0.011323
6539,0.204793,6.626766,7.474343,-19.490831,1.322433,-2.590662,41.039936,-1.106214,-1.878506,0.936436,0.350322,-0.014785,-0.011968
6540,0.191377,6.530805,7.553132,-20.694889,1.764957,-2.576931,40.358051,-1.010213,-1.909989,0.938503,0.344755,-0.014023,-0.012603
6541,0.170900,6.436609,7.620703,-21.863871,2.111353,-2.785989,39.634026,-0.901754,-1.936668,0.940662,0.338833,-0.013131,-0.013231
6542,0.157321,6.333268,7.709990,-23.031338,2.401287,-2.393831,38.869167,-0.787768,-1.955660,0.942901,0.332563,-0.012160,-0.013806
6543,0.131114,6.206357,7.774640,-23.216143,2.521845,-2.064235,38.077568,-0.676040,-1.962499,0.945176,0.326059,-0.011162,-0.014264
6544,0.111420,6.087873,7.862164,-22.964563,2.367746,-1.675136,37.283112,-0.570691,-1.961737,0.947413,0.319515,-0.010190,-0.014629
6545,0.088166,6.016233,7.934091,-22.282619,2.206025,-1.028163,36.510742,-0.478635,-1.951862,0.949546,0.313137,-0.009301,-0.014867
6546,0.090454,5.914502,8.027156,-21.739470,2.201453,-0.442211,35.766956,-0.403960,-1.928300,0.951561,0.306980,-0.008522,-0.014931
6547,0.095102,5.812080,8.097973,-20.590525,2.061019,-0.198026,35.051823,-0.347563,-1.895722,0.953461,0.301047,-0.007873,-0.014861
6548,0.095350,5.691123,8.176466,-19.594200,1.709963,0.256765,34.368908,-0.310777,-1.858909,0.955242,0.295367,-0.007383,-0.014696
6549,0.089328,5.622538,8.221826,-19.159380,1.517585,0.288888,33.713886,-0.288131,-1.821043,0.956920,0.289907,-0.007014,-0.014479
6550,0.091298,5.589211,8.345574,-20.158831,1.567821,0.346954,33.062370,-0.269178,-1.783724,0.958557,0.284467,-0.006681,-0.014254
6551,0.078890,5.492955,8.412573,-22.694860,1.726402,1.042851,32.355331,-0.252721,-1.734391,0.960299,0.278552,-0.006335,-0.013921
6552,0.053180,5.364425,8.460608,-24.258902,1.877403,0.908612,31.576769,-0.228682,-1.674872,0.962176,0.272027,-0.005897,-0.013521
6553,0.040296,5.274861,8.520593,-25.343763,1.967417,0.476784,30.758453,-0.188007,-1.621917,0.964100,0.265157,-0.005335,-0.013212
6554,0.036677,5.133327,8.596292,-24.812653,1.675959,0.524091,29.933643,-0.144995,-1.576856,0.965988,0.258218,-0.004776,-0.012967
6555,0.031391,4.943378,8.591939,-22.772467,1.440950,0.348620,29.143253,-0.109397,-1.538592,0.967749,0.251555,-0.004302,-0.012754
6556,0.020682,4.843503,8.652590,-18.943897,1.204417,-0.536409,28.451159,-0.071184,-1.520074,0.969252,0.245710,-0.003862,-0.012705
6557,0.025589,4.798988,8.732074,-15.836967,0.635222,-0.507403,27.889702,-0.039490,-1.520913,0.970444,0.240962,-0.003533,-0.012798
6558,0.022559,4.718152,8.764502,-13.357092,0.381870,-0.014503,27.434238,-0.027358,-1.520737,0.971393,0.237104,-0.003379,-0.012835
6559,0.021980,4.649416,8.806586,-12.422957,0.807547,-0.000741,27.038010,-0.017521,-1.511867,0.972208,0.233746,-0.003233,-0.012792
6560,0.027249,4.618256,8.863994,-12.305165,0.883772,-0.095312,26.662527,-0.001563,-1.500506,0.972970,0.230561,-0.003032,-0.012738
6561,0.035732,4.574508,8.892929,-12.570331,0.851626,-0.051009,26.291304,0.011172,-1.489716,0.973713,0.227409,-0.002862,-0.012681
6562,0.024812,4.486923,8.913541,-13.566430,1.422216,-0.107415,25.896839,0.031502,-1.475316,0.974491,0.224059,-0.002617,-0.012608
6563,0.023219,4.424611,8.978728,-15.066160,1.771558,-0.482745,25.451534,0.070482,-1.460995,0.975354,0.220275,-0.002209,-0.012572
6564,0.007034,4.338829,9.005386,-15.981511,1.531904,-0.555951,24.959520,0.116210,-1.453078,0.976291,0.216090,-0.001750,-0.012600
6565,-0.009535,4.240047,9.021343,-16.971674,1.705809,-0.674948,24.430634,0.166639,-1.449072,0.977276,0.211587,-0.001254,-0.012667
6566,-0.017585,4.124952,9.061593,-17.636890,1.742392,-0.159167,23.864672,0.219483,-1.438166,0.978309,0.206763,-0.000721,-0.012675
6567,-0.017012,4.023491,9.097267,-17.552954,1.318128,0.211659,23.279896,0.258076,-1.416906,0.979352,0.201772,-0.000289,-0.012565
6568,-0.021096,3.929388,9.115729,-17.617031,1.113576,0.240685,22.695215,0.281693,-1.394055,0.980370,0.196775,0.000016,-0.012411
6569,-0.025225,3.855824,9.176438,-17.983208,1.136381,0.416203,22.107651,0.300826,-1.369509,0.981368,0.191748,0.000285,-0.012232
6570,-0.025812,3.762530,9.218219,-17.975513,0.655625,0.797721,21.516521,0.308998,-1.339470,0.982347,0.186683,0.000467,-0.011987
6572,-0.033529,3.668724,9.273126,-17.906794,0.621972,0.521562,20.925503,0.309689,-1.311133,0.983300,0.181614,0.000580,-0.011742
6573,-0.041533,3.572622,9.316586,-17.806042,0.821810,0.323214,20.335577,0.319445,-1.289354,0.984223,0.176550,0.000757,-0.011567
6574,-0.042433,3.465429,9.368997,-16.887426,0.841601,0.503291,19.758238,0.334636,-1.266829,0.985102,0.171591,0.000980,-0.011392
6575,-0.032011,3.360562,9.389675,-15.935285,0.980389,0.602502,19.207081,0.347659,-1.239276,0.985918,0.166851,0.001187,-0.011169
6576,-0.035254,3.273294,9.435249,-14.894650,1.485378,0.494193,18.687609,0.368247,-1.208566,0.986667,0.162382,0.001458,-0.010928
6577,-0.041934,3.184206,9.445699,-14.432339,1.669929,0.175305,18.193497,0.403242,-1.181255,0.987359,0.158128,0.001845,-0.010735
6578,-0.055585,3.082455,9.478705,-14.540758,1.840765,-0.123756,17.700871,0.449860,-1.162379,0.988029,0.153886,0.002318,-0.010627
6579,-0.060567,3.007725,9.507469,-14.276882,1.894114,0.086841,17.207197,0.501701,-1.144321,0.988682,0.149632,0.002835,-0.010528
6580,-0.068181,2.923347,9.528496,-13.869560,1.834535,0.021246,16.725904,0.551788,-1.124493,0.989301,0.145481,0.003337,-0.010409
6581,-0.076823,2.823148,9.553276,-13.944468,1.602524,-0.215253,16.245237,0.598481,-1.111421,0.989901,0.141334,0.003800,-0.010339
6582,-0.081729,2.752370,9.581188,-13.203028,1.018018,0.088428,15.772890,0.631110,-1.101535,0.990474,0.137254,0.004136,-0.010277
6583,-0.075734,2.701510,9.598166,-12.305874,0.525040,0.363123,15.336627,0.640333,-1.087433,0.990990,0.133483,0.004271,-0.010150
6584,-0.086721,2.614070,9.606364,-11.947336,0.036635,0.094590,14.925564,0.633323,-1.077611,0.991464,0.129926,0.004258,-0.010042
6585,-0.080671,2.559832,9.622747,-11.880242,-0.576887,-0.047295,14.522480,0.611492,-1.079124,0.991916,0.126436,0.004103,-0.010016
6586,-0.074097,2.492231,9.623868,-11.173752,-0.818097,0.091594,14.136837,0.574059,-1.084098,0.992337,0.123094,0.003807,-0.010005
6587,-0.066074,2.420319,9.637074,-10.900624,-0.744974,-0.375308,13.767051,0.534186,-1.094895,0.992730,0.119889,0.003483,-0.010044
6588,-0.063582,2.358192,9.650158,-10.860974,-0.835121,-0.627056,13.401090,0.497502,-1.117246,0.993108,0.116716,0.003174,-0.010190
6589,-0.055241,2.314741,9.671861,-10.624449,-0.702477,-0.781148,13.043736,0.463484,-1.145858,0.993466,0.113616,0.002883,-0.010394
6590,-0.056697,2.251091,9.677405,-10.378738,-0.533203,-0.697197,12.698018,0.435743,-1.174339,0.993803,0.110617,0.002646,-0.010605
6591,-0.054874,2.199331,9.710576,-10.529766,-0.336441,-0.732275,12.354125,0.416071,-1.200631,0.994129,0.107633,0.002482,-0.010807
6592,-0.051125,2.164076,9.735188,-10.485435,-0.080165,-0.173767,12.013848,0.402375,-1.216717,0.994443,0.104679,0.002381,-0.010927
6593,-0.045616,2.109742,9.756021,-10.119088,0.101335,0.250459,11.685748,0.391491,-1.215220,0.994739,0.101830,0.002319,-0.010897
6594,-0.043521,2.067737,9.751578,-9.635214,0.363702,0.451901,11.376370,0.384991,-1.201998,0.995012,0.099144,0.002303,-0.010770
6595,-0.048130,2.014218,9.783673,-9.171150,0.786302,0.557208,11.085690,0.390082,-1.181552,0.995262,0.096619,0.002392,-0.010591
6596,-0.047895,1.984288,9.797003,-8.734529,0.885414,0.700661,10.813321,0.404099,-1.155446,0.995491,0.094254,0.002560,-0.010370
6597,-0.047704,1.926810,9.798586,-8.728201,0.998252,0.235271,10.550579,0.421807,-1.134054,0.995706,0.091972,0.002755,-0.010193
6598,-0.051438,1.881206,9.794527,-9.225440,1.436109,-0.532252,10.277754,0.451919,-1.131345,0.995921,0.089604,0.003043,-0.010186
6599,-0.061629,1.807557,9.808974,-9.953144,1.649665,-1.034266,9.978186,0.497811,-1.147791,0.996148,0.087004,0.003456,-0.010356
6600,-0.076318,1.739169,9.788503,-10.546642,1.422252,-1.650730,9.647040,0.549401,-1.183029,0.996390,0.084131,0.003909,-0.010690
6601,-0.092501,1.683322,9.801956,-11.745955,1.367294,-2.305348,9.283017,0.603012,-1.240329,0.996644,0.080972,0.004369,-0.011214
6602,-0.100565,1.602215,9.809109,-11.910726,1.419163,-2.328234,8.891787,0.659420,-1.309209,0.996904,0.077577,0.004851,-0.011836
6603,-0.109801,1.530899,9.821519,-11.433125,1.213146,-2.145121,8.500318,0.711980,-1.376283,0.997153,0.074179,0.005306,-0.012437
6604,-0.123759,1.469168,9.853223,-11.288178,1.298589,-2.244304,8.118616,0.762857,-1.442646,0.997384,0.070865,0.005749,-0.013028
6605,-0.138994,1.420164,9.877643,-11.082164,1.826571,-2.489980,7.746603,0.826790,-1.513588,0.997596,0.067638,0.006306,-0.013665
6606,-0.147663,1.341014,9.883213,-10.207793,1.725879,-2.242782,7.392525,0.898235,-1.583962,0.997787,0.064567,0.006930,-0.014298
6607,-0.156415,1.304611,9.877235,-10.026172,1.173501,-2.564753,7.058779,0.957192,-1.657317,0.997957,0.061673,0.007446,-0.014949
6608,-0.162886,1.242358,9.879913,-9.783468,0.726399,-2.613581,6.737229,0.998221,-1.739054,0.998112,0.058883,0.007803,-0.015661
6609,-0.155006,1.183284,9.881882,-9.565196,0.143454,-2.288552,6.421664,1.016740,-1.818419,0.998257,0.056142,0.007969,-0.016339
6610,-0.142019,1.148950,9.879426,-9.763465,-0.375462,-1.920791,6.110910,1.007859,-1.888325,0.998397,0.053438,0.007903,-0.016923
6611,-0.140918,1.084576,9.874293,-10.282158,-0.427473,-2.348034,5.790950,0.985513,-1.960141,0.998533,0.050652,0.007724,-0.017517
6612,-0.144843,0.999705,9.897798,-10.190558,-0.265840,-2.270199,5.453991,0.967126,-2.037697,0.998667,0.047718,0.007583,-0.018162
6613,-0.137870,0.942552,9.894081,-9.999828,-0.214066,-2.192366,5.114750,0.952519,-2.112445,0.998793,0.044764,0.007480,-0.018785
6614,-0.138423,0.903219,9.896212,-10.221057,-0.328619,-2.213719,4.780185,0.936222,-2.186252,0.998908,0.041850,0.007366,-0.019401
6615,-0.131260,0.828527,9.913747,-10.359884,-0.482848,-2.132835,4.440044,0.914618,-2.259412,0.999017,0.038885,0.007210,-0.020010
6616,-0.125147,0.784779,9.932156,-10.254572,-0.214411,-1.205062,4.098706,0.891532,-2.315624,0.999120,0.035909,0.007051,-0.020471
6617,-0.121545,0.758605,9.923967,-10.678662,0.136424,-0.516858,3.763979,0.876065,-2.344020,0.999217,0.032989,0.006968,-0.020693
6618,-0.126600,0.685467,9.930675,-11.864155,0.736000,-0.136892,3.407169,0.877107,-2.353594,0.999313,0.029879,0.007039,-0.020755
6619,-0.137070,0.591949,9.916723,-12.402741,1.564500,0.183558,3.010834,0.905584,-2.350457,0.999409,0.026427,0.007359,-0.020710
6620,-0.152661,0.505254,9.910618,-12.486693,2.074122,0.572671,2.592791,0.960910,-2.334890,0.999497,0.022790,0.007921,-0.020558
6621,-0.171874,0.426303,9.889968,-12.309761,2.003932,0.574196,2.170862,1.028409,-2.313088,0.999573,0.019120,0.008589,-0.020350
6622,-0.185368,0.348868,9.904484,-11.069275,1.811691,0.986193,1.770150,1.094274,-2.285127,0.999633,0.015633,0.009238,-0.020084
6623,-0.194418,0.304571,9.919125,-8.931508,1.360041,1.396665,1.430737,1.148956,-2.244089,0.999678,0.012679,0.009779,-0.019705
6624,-0.192027,0.289709,9.934506,-6.448752,0.725251,1.674384,1.184966,1.181933,-2.191932,0.999708,0.010535,0.010114,-0.019232
6625,-0.190028,0.266593,9.969060,-3.636160,0.340644,1.968896,1.057036,1.189216,-2.130054,0.999729,0.009415,0.010204,-0.018681
6626,-0.185048,0.262148,9.968920,-0.208402,-0.076078,2.261887,1.060763,1.174270,-2.058071,0.999742,0.009439,0.010079,-0.018052
6627,-0.176501,0.274025,9.962902,1.847662,-0.636282,1.787342,1.169775,1.137248,-1.989186,0.999746,0.010378,0.009745,-0.017458
6628,-0.172756,0.296506,9.955326,3.307148,-1.133936,1.163256,1.344201,1.081391,-1.938958,0.999742,0.011888,0.009236,-0.017029
6629,-0.174764,0.320785,9.954390,4.093691,-1.424008,0.504073,1.554511,1.019755,-1.910648,0.999727,0.013711,0.008671,-0.016791
6630,-0.165811,0.367149,9.936007,4.308029,-1.570589,-0.380949,1.783147,0.958092,-1.908479,0.999703,0.015697,0.008100,-0.016781
6631,-0.156732,0.386928,9.926847,3.841769,-1.740046,-1.114905,2.002760,0.893873,-1.933805,0.999672,0.017605,0.007503,-0.017008
6632,-0.163703,0.394084,9.886817,3.701870,-1.721735,-1.468912,2.188534,0.837755,-1.977976,0.999640,0.019220,0.006979,-0.017396
6633,-0.162023,0.444861,9.920952,3.201805,-1.265382,-1.578775,2.357729,0.802592,-2.029856,0.999604,0.020694,0.006637,-0.017853
6634,-0.141118,0.466563,9.938513,3.095463,-1.040999,-1.424652,2.521049,0.775229,-2.080634,0.999568,0.022117,0.006363,-0.018300
6635,-0.137208,0.457236,9.908480,3.062193,-1.115751,-1.127094,2.660683,0.743517,-2.124218,0.999535,0.023333,0.006055,-0.018681
6636,-0.130189,0.493979,9.900929,2.510019,-0.886845,-1.214070,2.779421,0.714210,-2.164424,0.999505,0.024366,0.005772,-0.019032
6637,-0.124150,0.524589,9.935190,1.909096,-0.531298,-1.160658,2.889123,0.693361,-2.204661,0.999476,0.025321,0.005563,-0.019384
6638,-0.116375,0.496250,9.905152,1.684934,-0.548096,-1.023323,2.967082,0.675558,-2.241706,0.999453,0.026000,0.005386,-0.019707
6639,-0.118374,0.498966,9.882575,1.170631,-0.628978,-0.974494,3.006136,0.656761,-2.276079,0.999439,0.026339,0.005207,-0.020004
6640,-0.114762,0.511512,9.902976,0.729555,-0.665590,-0.872258,3.026946,0.638178,-2.308074,0.999430,0.026518,0.005034,-0.020280
6641,-0.108534,0.506837,9.916596,0.607381,-0.789194,-0.664733,3.036400,0.614850,-2.335078,0.999424,0.026598,0.004823,-0.020511
6642,-0.101597,0.493567,9.913982,0.454597,-0.854835,-0.602171,3.029916,0.585241,-2.357875,0.999423,0.026537,0.004560,-0.020702
6643,-0.094406,0.512604,9.920575,0.178233,-0.780111,-0.673889,3.018712,0.553386,-2.380777,0.999423,0.026434,0.004279,-0.020894
6644,-0.090351,0.506680,9.910902,0.304775,-0.575685,-0.690672,3.012859,0.525976,-2.404814,0.999421,0.026379,0.004036,-0.021098
6645,-0.095405,0.508616,9.918880,0.258885,-0.325438,-0.710510,3.007906,0.511590,-2.429057,0.999418,0.026334,0.003906,-0.021306
6646,-0.097032,0.529310,9.937118,0.345838,-0.088873,-0.585387,3.014762,0.511784,-2.451018,0.999413,0.026395,0.003901,-0.021497
6647,-0.092941,0.545042,9.928720,0.768631,0.060715,-0.525877,3.047211,0.518196,-2.469411,0.999402,0.026680,0.003947,-0.021660
6648,-0.098386,0.560105,9.917138,1.193047,0.080601,-0.565552,3.105799,0.527611,-2.487211,0.999384,0.027193,0.004013,-0.021820
6649,-0.106871,0.559297,9.941689,1.612876,-0.033753,-0.539614,3.177348,0.540786,-2.505321,0.999363,0.027820,0.004110,-0.021983
6650,-0.104917,0.587173,9.928163,1.973208,-0.096215,-0.565558,3.263727,0.552235,-2.523566,0.999337,0.028576,0.004189,-0.022149
6651,-0.100744,0.586453,9.913419,2.000895,-0.299101,-0.507575,3.357212,0.554408,-2.541525,0.999310,0.029393,0.004185,-0.022309
6652,-0.100731,0.592515,9.914971,1.688202,-0.485226,-0.460273,3.433909,0.546949,-2.558245,0.999287,0.030061,0.004101,-0.022456
6653,-0.102315,0.585620,9.915200,1.520357,-0.437877,-0.260378,3.488006,0.538139,-2.571149,0.999271,0.030531,0.004010,-0.022568
6654,-0.104752,0.616686,9.920868,0.780294,-0.306574,-0.089479,3.527553,0.535185,-2.577711,0.999259,0.030876,0.003975,-0.022626
6655,-0.092244,0.608236,9.943527,0.124174,-0.271438,0.015807,3.546091,0.530728,-2.579494,0.999254,0.031037,0.003932,-0.022641
6656,-0.089248,0.588296,9.929530,0.061489,-0.138696,0.009703,3.533966,0.522101,-2.579631,0.999258,0.030929,0.003859,-0.022639
6657,-0.082510,0.589393,9.918081,-0.077563,-0.096012,0.131779,3.509671,0.512806,-2.577737,0.999265,0.030715,0.003783,-0.022619
6658,-0.081728,0.597585,9.922414,-0.385930,0.004640,-0.138308,3.485591,0.503955,-2.578084,0.999272,0.030504,0.003711,-0.022619
6659,-0.084068,0.578095,9.937963,-0.346402,0.088525,-0.257328,3.455030,0.500751,-2.584731,0.999279,0.030237,0.003687,-0.022675
6660,-0.098652,0.569764,9.917834,0.182878,-0.074717,-0.072695,3.425297,0.505320,-2.590444,0.999285,0.029979,0.003731,-0.022725
6661,-0.103501,0.589059,9.927823,0.013369,-0.274508,-0.023874,3.412152,0.512868,-2.592545,0.999288,0.029866,0.003799,-0.022745
6662,-0.113288,0.591975,9.938966,0.107954,-0.007318,-0.239038,3.411360,0.527604,-2.597225,0.999286,0.029862,0.003926,-0.022790
6663,-0.102419,0.592315,9.924341,0.431451,-0.085006,0.131754,3.420382,0.542978,-2.599099,0.999283,0.029943,0.004058,-0.022810
6664,-0.086371,0.600312,9.891836,0.332304,-0.425274,0.208049,3.437882,0.535732,-2.593908,0.999280,0.030094,0.003993,-0.022764
6665,-0.077334,0.603352,9.919588,-0.287158,-0.132386,-0.297026,3.446558,0.515418,-2.595873,0.999278,0.030166,0.003813,-0.022776
6666,-0.061572,0.600098,9.927232,-0.168099,-0.018108,-0.342793,3.443505,0.492673,-2.606625,0.999278,0.030135,0.003613,-0.022864
6667,-0.030081,0.582681,9.930255,-0.101007,-0.836323,0.230974,3.432944,0.438560,-2.609387,0.999282,0.030033,0.003142,-0.022873
6668,-0.037143,0.552662,9.917062,-0.468974,-1.509618,0.137912,3.396086,0.353856,-2.605775,0.999296,0.029694,0.002412,-0.022819
6669,-0.056187,0.563504,9.905002,-0.476859,-1.566246,-0.048242,3.348377,0.281454,-2.607499,0.999310,0.029264,0.001790,-0.022815
6670,-0.066232,0.584339,9.899348,-0.290769,-1.465487,0.321028,3.326403,0.236734,-2.605960,0.999317,0.029064,0.001404,-0.022790
6671,-0.082668,0.576925,9.916299,-0.186984,-0.810638,0.336275,3.321231,0.226669,-2.597216,0.999320,0.029016,0.001320,-0.022711
6672,-0.090553,0.584970,9.923367,-0.141170,0.128162,0.093631,3.320429,0.259511,-2.590705,0.999321,0.029016,0.001608,-0.022662
6673,-0.076606,0.593827,9.937096,0.124442,0.868553,0.232473,3.332832,0.315499,-2.584256,0.999317,0.029135,0.002096,-0.022620
6675,-0.056358,0.581329,9.958941,0.069581,1.092991,0.345385,3.345075,0.363373,-2.572689,0.999315,0.029251,0.002514,-0.022532
6676,-0.042469,0.555476,9.934913,0.196142,0.741954,0.363699,3.338172,0.383995,-2.559181,0.999319,0.029194,0.002698,-0.022419
6677,-0.043234,0.575769,9.926296,-0.130515,0.117681,0.256894,3.325722,0.376556,-2.548108,0.999324,0.029084,0.002639,-0.022320
6678,-0.060047,0.582806,9.946942,-0.380761,-0.297480,0.168397,3.317995,0.359309,-2.541197,0.999328,0.029013,0.002492,-0.022256
6679,-0.068534,0.588239,9.948342,-0.659943,-0.544678,0.026486,3.308450,0.345395,-2.538716,0.999332,0.028927,0.002373,-0.022230
6680,-0.077192,0.581671,9.914219,-0.524059,-0.404203,-0.037608,3.298309,0.340837,-2.539755,0.999334,0.028838,0.002335,-0.022238
6681,-0.072267,0.587424,9.924779,-0.626203,-0.126368,-0.063555,3.290642,0.346736,-2.541879,0.999335,0.028772,0.002387,-0.022258
6682,-0.067766,0.562510,9.928052,-0.255376,0.087341,0.177537,3.279388,0.355923,-2.540002,0.999338,0.028676,0.002470,-0.022244
6683,-0.070537,0.556221,9.901265,0.063467,0.464307,0.009681,3.266889,0.372867,-2.536420,0.999341,0.028570,0.002621,-0.022216
6684,-0.065077,0.565137,9.930264,0.304515,0.487232,0.121071,3.266898,0.393044,-2.533380,0.999341,0.028574,0.002798,-0.022195
6685,-0.052648,0.573195,9.950474,0.658542,0.017188,0.378957,3.284701,0.393594,-2.524567,0.999339,0.028729,0.002801,-0.022118
6686,-0.059240,0.580524,9.934551,0.771521,-0.202640,0.252310,3.316065,0.377993,-2.514194,0.999333,0.028999,0.002662,-0.022025
6687,-0.066915,0.572866,9.925392,0.609804,-0.222507,-0.005569,3.343010,0.366939,-2.510477,0.999327,0.029232,0.002561,-0.021990
6688,-0.066603,0.584281,9.925853,0.423650,-0.469690,-0.016252,3.361313,0.357484,-2.511508,0.999323,0.029390,0.002475,-0.021997
6689,-0.077288,0.587899,9.906250,0.202431,-0.135443,-0.342804,3.376772,0.356566,-2.518040,0.999318,0.029525,0.002462,-0.022054
6690,-0.083915,0.562766,9.925468,-0.130284,0.322478,-0.559494,3.369827,0.378545,-2.532920,0.999316,0.029469,0.002651,-0.022190
6691,-0.075926,0.571953,9.919206,-0.139574,0.290558,-0.631220,3.348418,0.405435,-2.552245,0.999317,0.029288,0.002885,-0.022364
6692,-0.060014,0.596313,9.914015,-0.218906,0.330232,-0.643427,3.344292,0.417010,-2.572834,0.999313,0.029254,0.002982,-0.022547
6693,-0.055738,0.584161,9.929063,-0.351585,0.357596,-0.643420,3.344336,0.416776,-2.593507,0.999309,0.029255,0.002974,-0.022727
6694,-0.057427,0.572057,9.950510,-0.154761,-0.210169,-0.393163,3.333168,0.405019,-2.610629,0.999309,0.029156,0.002870,-0.022873
6695,-0.051153,0.597700,9.938875,0.135202,-0.773367,-0.120014,3.337304,0.372708,-2.620090,0.999307,0.029186,0.002585,-0.022947
6696,-0.057707,0.588368,9.936971,0.223811,-0.941320,0.116511,3.356573,0.331581,-2.621730,0.999303,0.029346,0.002222,-0.022952
6697,-0.065637,0.579672,9.929978,0.350487,-1.040501,0.102778,3.369118,0.298888,-2.620000,0.999301,0.029449,0.001934,-0.022929
6698,-0.066959,0.587567,9.930779,0.452725,-0.855776,0.114980,3.382617,0.278228,-2.618236,0.999299,0.029562,0.001752,-0.022908
6699,-0.056628,0.578446,9.912792,0.791462,-0.410115,-0.037617,3.401180,0.268364,-2.618204,0.999294,0.029722,0.001662,-0.022906
6700,-0.057939,0.579399,9.902764,0.928732,0.061472,-0.268038,3.421850,0.272433,-2.623670,0.999288,0.029903,0.001692,-0.022955
6701,-0.048453,0.582059,9.941611,1.096501,0.087461,-0.200900,3.445248,0.281431,-2.631370,0.999280,0.030109,0.001764,-0.023024
6702,-0.035162,0.583361,9.958479,1.129963,-0.179624,-0.365697,3.468655,0.274372,-2.640955,0.999272,0.030312,0.001695,-0.023106
6703,-0.035182,0.583311,9.951368,1.201543,-0.835873,-0.513707,3.490212,0.245732,-2.656700,0.999264,0.030495,0.001437,-0.023236
6704,-0.035330,0.607884,9.937210,0.722334,-1.647742,-0.496918,3.513562,0.195897,-2.676086,0.999255,0.030688,0.000992,-0.023393
6705,-0.029811,0.617174,9.918972,0.322579,-1.875149,-0.676974,3.535681,0.132960,-2.699208,0.999245,0.030868,0.000433,-0.023577
6706,-0.029426,0.622254,9.894987,0.012889,-1.545540,-0.767004,3.550350,0.078632,-2.726725,0.999236,0.030985,-0.000051,-0.023803
6707,-0.033817,0.628563,9.876938,-0.051097,-1.154801,-0.554907,3.562491,0.047932,-2.751482,0.999228,0.031085,-0.000328,-0.024010
6708,-0.023147,0.641769,9.872161,-0.244725,-0.439006,-0.481671,3.578210,0.039435,-2.770355,0.999220,0.031220,-0.000411,-0.024173
6709,-0.014294,0.645067,9.887136,-0.194161,0.423228,-0.434372,3.596850,0.050907,-2.785586,0.999212,0.031385,-0.000319,-0.024308
6710,-0.014800,0.637097,9.914138,-0.120760,1.084004,-0.297042,3.611143,0.083217,-2.796156,0.999205,0.031516,-0.000043,-0.024409
6711,-0.019112,0.632275,9.935761,-0.145102,1.302253,-0.371815,3.615865,0.128714,-2.804766,0.999201,0.031567,0.000350,-0.024497
6712,-0.020570,0.624225,9.953829,-0.013871,0.990975,-0.266526,3.613412,0.168881,-2.812977,0.999200,0.031554,0.000699,-0.024580
6713,-0.020210,0.619262,9.958787,0.086786,0.328681,-0.092568,3.607727,0.185927,-2.817584,0.999200,0.031508,0.000847,-0.024624
6714,-0.024228,0.602801,9.945618,0.234670,-0.174940,-0.025424,3.596872,0.180322,-2.819436,0.999202,0.031413,0.000800,-0.024639
6715,-0.032325,0.599036,9.928489,0.255843,-0.890626,0.076814,3.581430,0.159149,-2.819767,0.999207,0.031273,0.000619,-0.024636
6716,-0.036535,0.612255,9.916211,0.190102,-1.343788,0.040189,3.572827,0.126646,-2.820195,0.999210,0.031191,0.000337,-0.024631
6717,-0.038669,0.634337,9.900817,0.177923,-1.171260,-0.086469,3.582682,0.097210,-2.823574,0.999207,0.031271,0.000077,-0.024652
6718,-0.030114,0.631530,9.891941,0.220758,-0.798819,-0.104787,3.602930,0.079101,-2.828785,0.999200,0.031444,-0.000086,-0.024693
6719,-0.028508,0.633908,9.894736,0.060625,-0.302785,-0.187193,3.618696,0.074625,-2.834776,0.999195,0.031580,-0.000130,-0.024744
6720,-0.016609,0.658335,9.910561,-0.157420,0.106234,-0.330635,3.637443,0.080804,-2.843567,0.999188,0.031745,-0.000083,-0.024822
6721,-0.005799,0.655582,9.903292,-0.051910,0.269491,-0.269595,3.661579,0.085511,-2.853115,0.999179,0.031957,-0.000050,-0.024907
6722,-0.011919,0.626803,9.898548,-0.169331,0.357952,-0.242126,3.667182,0.091161,-2.860947,0.999176,0.032007,-0.000004,-0.024977
6723,-0.019841,0.628970,9.914186,-0.395219,0.556326,-0.295534,3.651474,0.107490,-2.868927,0.999178,0.031873,0.000140,-0.025051
6724,-0.016356,0.636142,9.931946,-0.457798,0.521237,-0.303164,3.635256,0.126876,-2.877747,0.999180,0.031736,0.000310,-0.025133
6725,-0.019022,0.605588,9.913531,-0.116075,0.380831,-0.202452,3.615152,0.139874,-2.885229,0.999184,0.031564,0.000426,-0.025202
6726,-0.024985,0.606617,9.927400,-0.110143,0.121415,-0.120052,3.589871,0.147475,-2.890118,0.999190,0.031345,0.000496,-0.025246
6727,-0.015766,0.613792,9.946589,-0.191135,-0.099879,-0.147517,3.570078,0.143714,-2.894582,0.999194,0.031171,0.000466,-0.025284
6728,-0.022857,0.621121,9.931983,0.036195,-0.307451,-0.132254,3.563292,0.131483,-2.899668,0.999195,0.031110,0.000360,-0.025325
6729,-0.027394,0.604728,9.930131,0.046830,-0.426464,-0.164300,3.558831,0.120763,-2.905375,0.999195,0.031068,0.000266,-0.025372
6730,-0.034183,0.612902,9.952885,-0.604817,-0.537789,-0.419134,3.540062,0.113819,-2.916098,0.999198,0.030903,0.000207,-0.025464
6731,-0.029352,0.625689,9.920406,-0.452201,-0.510235,-0.570206,3.525233,0.108319,-2.933629,0.999198,0.030773,0.000157,-0.025615
6732,-0.018377,0.633088,9.899742,0.027075,-0.295044,-0.327586,3.535011,0.100278,-2.949359,0.999192,0.030856,0.000081,-0.025750
6733,-0.009525,0.612864,9.912844,-0.032345,-0.118068,-0.368783,3.546292,0.090165,-2.961348,0.999187,0.030952,-0.000013,-0.025852
6734,-0.008342,0.622834,9.903925,0.323231,-0.133386,-0.234499,3.555705,0.079327,-2.971636,0.999182,0.031032,-0.000113,-0.025938
6735,-0.000965,0.617453,9.896238,0.930594,-0.099892,0.113418,3.582155,0.065927,-2.973887,0.999174,0.031260,-0.000236,-0.025954
6736,-0.007112,0.595737,9.903407,0.962555,0.102990,0.194296,3.603282,0.057441,-2.968781,0.999170,0.031442,-0.000314,-0.025908
6737,-0.023127,0.616853,9.921384,0.500077,0.066402,0.021864,3.612227,0.064282,-2.965026,0.999168,0.031521,-0.000255,-0.025877
6738,-0.018960,0.619084,9.912658,0.539695,0.035964,0.116466,3.622554,0.075919,-2.962624,0.999166,0.031614,-0.000155,-0.025859
6739,-0.014064,0.627334,9.914173,0.284838,0.086353,0.185130,3.632934,0.081826,-2.957481,0.999164,0.031706,-0.000105,-0.025816
6740,-0.017236,0.633717,9.920247,0.127682,0.177924,0.073738,3.641508,0.087842,-2.952893,0.999162,0.031782,-0.000053,-0.025777
6741,-0.019877,0.628641,9.934189,-0.197340,0.126072,-0.088013,3.640480,0.096587,-2.952809,0.999163,0.031775,0.000024,-0.025779
6742,-0.013928,0.614385,9.943127,-0.288979,0.034523,-0.043762,3.621930,0.100238,-2.954848,0.999167,0.031614,0.000059,-0.025798
6743,-0.019983,0.641520,9.928734,-0.279843,0.061989,-0.008665,3.609972,0.101762,-2.955623,0.999170,0.031510,0.000075,-0.025805
6744,-0.029713,0.633428,9.929781,-0.343855,0.164282,-0.048343,3.609157,0.112600,-2.956317,0.999170,0.031505,0.000169,-0.025814
6745,-0.030424,0.633121,9.920973,-0.417044,0.025511,-0.013252,3.603334,0.126828,-2.957130,0.999171,0.031458,0.000295,-0.025825
6746,-0.025516,0.635415,9.936239,-0.442921,0.039299,0.082878,3.597172,0.134730,-2.955888,0.999173,0.031406,0.000365,-0.025816
6747,-0.029248,0.627086,9.920164,-0.195670,0.127839,0.021839,3.592830,0.141889,-2.953958,0.999175,0.031370,0.000429,-0.025801
6748,-0.027044,0.611675,9.923856,-0.302516,-0.101019,0.021837,3.580705,0.146274,-2.953214,0.999178,0.031265,0.000470,-0.025796
6749,-0.026770,0.608484,9.916036,-0.325494,-0.209345,-0.081928,3.558986,0.143013,-2.954565,0.999184,0.031075,0.000446,-0.025807
6750,-0.027211,0.610711,9.919637,-0.162290,-0.075049,-0.037677,3.542084,0.140237,-2.956871,0.999188,0.030927,0.000425,-0.025826
6751,-0.021513,0.616162,9.901050,0.153565,-0.032324,0.044723,3.540521,0.138267,-2.956869,0.999188,0.030913,0.000409,-0.025826
6752,-0.022488,0.626902,9.908478,-0.142399,-0.050651,0.034043,3.548932,0.134766,-2.955624,0.999186,0.030985,0.000377,-0.025814
6753,-0.024338,0.620650,9.918461,-0.095020,0.050058,-0.004105,3.554260,0.134480,-2.955105,0.999185,0.031032,0.000373,-0.025809
6754,-0.024370,0.618816,9.922562,-0.017168,0.169088,-0.004106,3.556228,0.139094,-2.955006,0.999185,0.031050,0.000413,-0.025810
6755,-0.018404,0.638594,9.938771,-0.186456,0.217899,-0.030046,3.564039,0.143296,-2.955146,0.999182,0.031119,0.000448,-0.025812
6756,-0.024678,0.623640,9.931101,-0.267230,0.315536,-0.155170,3.568918,0.149493,-2.957644,0.999180,0.031163,0.000500,-0.025836
6757,-0.024166,0.606759,9.928740,-0.070415,0.367409,-0.168902,3.559727,0.160231,-2.962337,0.999182,0.031085,0.000594,-0.025879
6758,-0.027819,0.611918,9.927577,-0.137624,0.268217,-0.185687,3.547543,0.170314,-2.967602,0.999183,0.030981,0.000684,-0.025928
6759,-0.037007,0.617676,9.927277,-0.270394,0.320127,-0.284874,3.539073,0.184159,-2.974828,0.999184,0.030911,0.000804,-0.025995
6760,-0.042355,0.593452,9.922777,-0.230789,0.370551,-0.312345,3.522051,0.204831,-2.984083,0.999186,0.030767,0.000986,-0.026081
6761,-0.035085,0.604648,9.923004,-0.212578,0.266826,-0.091089,3.502009,0.220624,-2.990188,0.999189,0.030596,0.001127,-0.026138
6762,-0.032752,0.599984,9.915224,-0.314866,0.314107,-0.109399,3.487017,0.227630,-2.992956,0.999193,0.030467,0.001190,-0.026164
6763,-0.039187,0.604582,9.907866,-0.301155,0.544499,-0.170435,3.473875,0.239435,-2.996753,0.999195,0.030355,0.001295,-0.026200
6764,-0.032964,0.619561,9.936262,-0.420111,0.393399,0.001998,3.470093,0.250944,-2.998573,0.999195,0.030324,0.001396,-0.026219
6765,-0.038772,0.614563,9.919539,-0.259776,0.474222,0.005053,3.472868,0.258942,-2.997520,0.999195,0.030350,0.001465,-0.026212
6766,-0.045495,0.610567,9.915691,-0.325307,0.548976,-0.051404,3.473605,0.274012,-2.997211,0.999194,0.030360,0.001597,-0.026213
6767,-0.049504,0.619013,9.919575,-0.404556,0.593238,-0.030042,3.473767,0.294331,-2.997355,0.999193,0.030366,0.001774,-0.026220
6768,-0.050808,0.605804,9.931753,-0.369384,0.661911,-0.025464,3.470366,0.316067,-2.996966,0.999194,0.030342,0.001964,-0.026222
6769,-0.050995,0.588897,9.893830,-0.113061,0.640533,0.027944,3.458393,0.335812,-2.995636,0.999197,0.030242,0.002139,-0.026215
6770,-0.050698,0.584079,9.903126,-0.276433,0.635912,0.000479,3.439655,0.351663,-2.993952,0.999201,0.030082,0.002282,-0.026204
6771,-0.066322,0.589003,9.901023,-0.210897,0.753400,-0.138380,3.421674,0.373951,-2.994918,0.999205,0.029930,0.002481,-0.026218
6772,-0.078430,0.588544,9.918639,-0.146849,0.739740,-0.060562,3.410609,0.408136,-2.996777,0.999206,0.029842,0.002781,-0.026243
6773,-0.086271,0.592466,9.935237,-0.172805,0.631510,-0.025473,3.403296,0.444934,-2.996866,0.999207,0.029786,0.003103,-0.026253
6774,-0.099060,0.603244,9.930281,-0.107140,0.570616,-0.051421,3.404886,0.482847,-2.996907,0.999205,0.029809,0.003433,-0.026263
6775,-0.108342,0.612512,9.916112,0.070002,0.808839,0.026392,3.421173,0.528113,-2.995811,0.999199,0.029961,0.003825,-0.026266
6776,-0.098753,0.613157,9.932552,0.073215,0.992071,0.215601,3.443706,0.573032,-2.989805,0.999192,0.030167,0.004213,-0.026226
6778,-0.112903,0.606938,9.930622,-0.006023,1.022668,0.050797,3.458647,0.616081,-2.983217,0.999187,0.030307,0.004586,-0.026181
6779,-0.131064,0.598647,9.926215,-0.051769,1.210500,-0.008723,3.461585,0.671204,-2.980232,0.999184,0.030345,0.005067,-0.026169
6780,-0.131749,0.595323,9.935610,-0.120463,1.373925,-0.091133,3.455395,0.733147,-2.979335,0.999182,0.030305,0.005609,-0.026177
6781,-0.132477,0.583870,9.930683,-0.074767,1.276344,-0.080456,3.441871,0.787159,-2.979664,0.999182,0.030199,0.006083,-0.026193
6782,-0.138718,0.583811,9.888635,-0.198469,1.447277,-0.333764,3.424448,0.836631,-2.984010,0.999182,0.030059,0.006517,-0.026243
6783,-0.129915,0.590945,9.886248,-0.345003,1.825660,-0.149124,3.409750,0.885734,-2.988868,0.999182,0.029942,0.006947,-0.026297
6784,-0.123638,0.603066,9.905131,-0.462453,1.750719,-0.022462,3.402192,0.923987,-2.988087,0.999181,0.029884,0.007283,-0.026300
6785,-0.135610,0.602776,9.946970,-0.643943,1.477368,-0.033129,3.395455,0.951395,-2.985634,0.999181,0.029832,0.007524,-0.026285
6786,-0.143116,0.612034,9.977059,-0.836090,0.959896,0.043180,3.385876,0.968981,-2.982814,0.999183,0.029752,0.007680,-0.026264
6787,-0.161561,0.584515,10.003661,-0.727701,0.080845,0.340743,3.366024,0.971219,-2.975300,0.999189,0.029579,0.007706,-0.026198
6788,-0.158936,0.562838,9.975080,-0.338710,-0.947699,0.508597,3.333602,0.947208,-2.962259,0.999203,0.029290,0.007508,-0.026076
6789,-0.140874,0.546608,9.917363,-0.155808,-1.668066,0.597105,3.299327,0.886415,-2.946816,0.999219,0.028977,0.006989,-0.025924
6790,-0.139437,0.534382,9.878615,-0.189633,-1.771971,0.545228,3.261985,0.810291,-2.931586,0.999238,0.028633,0.006338,-0.025770
6791,-0.139887,0.538520,9.872332,-0.376025,-1.721667,0.304131,3.224152,0.744806,-2.921164,0.999254,0.028288,0.005778,-0.025661
6792,-0.127136,0.558681,9.891555,-0.577534,-1.488208,0.197316,3.197395,0.690150,-2.915970,0.999265,0.028043,0.005309,-0.025601
6793,-0.137520,0.556960,9.907157,-0.820137,-0.778589,-0.118554,3.176489,0.660211,-2.916733,0.999271,0.027854,0.005052,-0.025600
6794,-0.152599,0.547069,9.915341,-0.868965,0.053256,-0.423751,3.148376,0.675643,-2.926430,0.999275,0.027612,0.005190,-0.025687
6795,-0.134045,0.542639,9.947260,-0.768283,0.457837,-0.292534,3.117252,0.711087,-2.937942,0.999278,0.027349,0.005504,-0.025794
6796,-0.124209,0.535077,9.937334,-0.467717,0.535725,-0.097219,3.091496,0.736244,-2.943600,0.999281,0.027131,0.005728,-0.025848
6797,-0.124867,0.522782,9.928313,-0.466265,0.322087,-0.204034,3.066503,0.749733,-2.947966,0.999285,0.026916,0.005850,-0.025888
6798,-0.119152,0.528804,9.925029,-0.475484,0.112982,-0.284906,3.042871,0.750777,-2.955817,0.999289,0.026710,0.005862,-0.025956
6799,-0.120531,0.526149,9.931999,-0.544169,-0.169393,-0.178087,3.023516,0.740301,-2.963600,0.999292,0.026540,0.005774,-0.026020
6800,-0.132579,0.538144,9.915726,-0.647884,-0.352527,-0.222338,3.009601,0.729310,-2.970643,0.999295,0.026416,0.005679,-0.026078
6801,-0.132872,0.514007,9.926743,-0.626496,-0.195315,-0.292533,2.991371,0.725737,-2.979651,0.999297,0.026257,0.005650,-0.026155
6802,-0.131220,0.503242,9.913784,-0.411427,-0.103714,-0.182669,2.963061,0.726850,-2.987961,0.999302,0.026011,0.005665,-0.026227
6803,-0.116324,0.505069,9.901156,-0.361157,-0.239537,-0.245232,2.939400,0.719588,-2.995514,0.999306,0.025803,0.005605,-0.026290
6804,-0.101137,0.527512,9.923913,-0.437413,-0.109961,-0.210129,2.931031,0.698232,-3.003328,0.999307,0.025726,0.005419,-0.026353
6805,-0.110996,0.517108,9.910865,-0.316758,-0.207749,-0.051424,2.931661,0.677003,-3.007787,0.999307,0.025727,0.005233,-0.026387
6806,-0.127838,0.529184,9.902939,-0.293748,-0.280990,-0.066683,2.936697,0.669310,-3.009988,0.999306,0.025769,0.005164,-0.026405
6807,-0.110586,0.536917,9.947097,-0.263043,0.106614,0.037082,2.950753,0.668788,-3.010356,0.999303,0.025891,0.005156,-0.026408
6808,-0.104594,0.523740,9.960491,-0.006546,0.216412,0.281236,2.964005,0.665452,-3.004575,0.999301,0.026006,0.005125,-0.026358
6809,-0.122282,0.514360,9.914884,0.033170,-0.245961,0.166792,2.969942,0.662259,-2.997081,0.999302,0.026057,0.005098,-0.026292
6810,-0.129299,0.529457,9.912793,-0.078160,-0.514441,0.023352,2.976980,0.659787,-2.994483,0.999301,0.026117,0.005075,-0.026269
6811,-0.125435,0.527899,9.912384,0.051649,-0.471617,0.188148,2.989812,0.655539,-2.991663,0.999299,0.026228,0.005036,-0.026244
6812,-0.139209,0.517691,9.904808,0.083743,-0.250216,0.061489,2.998245,0.661039,-2.988063,0.999297,0.026303,0.005083,-0.026214
6813,-0.139515,0.499801,9.910387,0.068411,-0.080643,-0.045337,2.991696,0.679940,-2.988187,0.999298,0.026250,0.005249,-0.026219
6814,-0.120682,0.499921,9.909403,0.178135,0.171242,-0.233033,2.977853,0.695139,-2.992954,0.999299,0.026133,0.005384,-0.026264
6815,-0.102245,0.482250,9.894715,-0.003644,0.477895,-0.565684,2.956341,0.699392,-3.005981,0.999301,0.025947,0.005423,-0.026377
6816,-0.102871,0.486123,9.901202,-0.717999,0.502171,-0.994465,2.916248,0.699650,-3.031443,0.999304,0.025598,0.005428,-0.026597
6817,-0.116173,0.495925,9.908168,-1.137760,0.421207,-1.279810,2.868498,0.705802,-3.068715,0.999305,0.025185,0.005485,-0.026922
6818,-0.134306,0.508774,9.914557,-1.256769,0.395294,-1.273708,2.829587,0.724890,-3.110527,0.999303,0.024852,0.005651,-0.027288
6819,-0.149095,0.496553,9.938539,-1.456599,0.242836,-1.043299,2.792186,0.754307,-3.148483,0.999300,0.024535,0.005909,-0.027624
6820,-0.151652,0.494733,9.951752,-1.349728,0.346767,-0.959380,2.752012,0.786666,-3.181273,0.999298,0.024194,0.006194,-0.027914
6821,-0.148296,0.483700,9.945813,-1.134516,0.488800,-0.793059,2.717384,0.817322,-3.209700,0.999297,0.023901,0.006464,-0.028167
6822,-0.148145,0.481665,9.937144,-1.186338,0.407995,-0.588587,2.685875,0.841867,-3.231901,0.999296,0.023634,0.006681,-0.028364
6823,-0.147782,0.485137,9.933408,-1.236581,0.551462,-0.507714,2.659216,0.862463,-3.249208,0.999296,0.023407,0.006863,-0.028517
6824,-0.147299,0.471795,9.938026,-1.068617,0.737622,-0.236097,2.634702,0.884098,-3.260392,0.999296,0.023200,0.007056,-0.028617
6825,-0.152351,0.467489,9.952165,-0.993772,0.469044,0.058409,2.609755,0.902466,-3.262285,0.999299,0.022987,0.007222,-0.028636
6826,-0.144826,0.459553,9.944969,-0.635118,0.246208,0.207952,2.590243,0.907751,-3.257191,0.999304,0.022817,0.007274,-0.028591
6827,-0.130977,0.448630,9.925845,-0.351273,0.140771,0.352922,2.576757,0.895311,-3.247513,0.999310,0.022696,0.007171,-0.028504
6828,-0.131235,0.434937,9.932379,-0.421513,-0.182919,0.531464,2.558126,0.869652,-3.232904,0.999319,0.022527,0.006955,-0.028370
6829,-0.125450,0.445377,9.928242,-0.464278,-0.578324,0.423130,2.538677,0.832480,-3.217642,0.999330,0.022347,0.006638,-0.028229
6830,-0.123870,0.425110,9.921450,-0.618447,-0.595285,0.230871,2.514542,0.790435,-3.207696,0.999340,0.022126,0.006279,-0.028133
6831,-0.128926,0.423696,9.932929,-0.870330,-0.554195,0.182045,2.476708,0.757221,-3.201829,0.999350,0.021787,0.006000,-0.028073
6832,-0.138097,0.419100,9.916265,-0.704090,-0.825815,0.325481,2.439845,0.733251,-3.194505,0.999361,0.021460,0.005801,-0.028003
6833,-0.128033,0.427905,9.916306,-0.844492,-1.042466,0.146946,2.411986,0.705617,-3.187988,0.999369,0.021210,0.005568,-0.027940
6834,-0.125341,0.421516,9.944447,-0.792579,-0.909697,-0.045321,2.388555,0.674843,-3.187611,0.999375,0.020998,0.005306,-0.027930
6835,-0.123554,0.409071,9.940652,-0.070828,-1.115661,0.140841,2.372756,0.645427,-3.187439,0.999380,0.020853,0.005053,-0.027922
6836,-0.123568,0.426415,9.924223,0.223713,-1.635932,0.131683,2.379956,0.608079,-3.184753,0.999381,0.020907,0.004726,-0.027892
6837,-0.107900,0.430314,9.939922,0.495451,-1.837301,-0.117044,2.407459,0.556944,-3.186757,0.999378,0.021134,0.004273,-0.027902
6838,-0.084642,0.438960,9.931046,1.026623,-1.773249,0.026397,2.451316,0.492234,-3.190632,0.999372,0.021501,0.003697,-0.027925
6839,-0.079619,0.443452,9.910279,0.894023,-1.558161,0.012668,2.502829,0.428277,-3.192212,0.999364,0.021935,0.003127,-0.027928
6840,-0.068609,0.475573,9.913417,0.172497,-1.176723,-0.153655,2.550112,0.377461,-3.196343,0.999356,0.022335,0.002671,-0.027956
6841,-0.063967,0.473020,9.935438,-0.281950,-0.587743,-0.115503,2.583196,0.344850,-3.201897,0.999349,0.022616,0.002378,-0.027999
6842,-0.061289,0.458545,9.938534,-0.727364,-0.079610,-0.017843,2.585865,0.333764,-3.204494,0.999348,0.022637,0.002280,-0.028019
6843,-0.075898,0.440517,9.929996,-1.145458,0.102049,0.037086,2.555711,0.343442,-3.204151,0.999354,0.022376,0.002372,-0.028018
6844,-0.072537,0.437746,9.923918,-1.148561,0.154049,0.212563,2.511190,0.362411,-3.199852,0.999363,0.021992,0.002549,-0.027983
6845,-0.076366,0.412645,9.923062,-1.168504,0.393722,0.261387,2.459295,0.383945,-3.191659,0.999374,0.021545,0.002751,-0.027914
6846,-0.084660,0.398684,9.913064,-1.344177,0.572377,0.105736,2.393618,0.415032,-3.185034,0.999387,0.020979,0.003039,-0.027860
6847,-0.094161,0.417014,9.913934,-1.583841,0.827363,0.075210,2.333082,0.457686,-3.181157,0.999397,0.020461,0.003427,-0.027833
6848,-0.097154,0.409211,9.921489,-1.487679,0.874820,0.204908,2.285585,0.505139,-3.175336,0.999405,0.020058,0.003853,-0.027789
6849,-0.098619,0.369838,9.920349,-1.365685,0.891717,0.287302,2.227964,0.548144,-3.166084,0.999415,0.019566,0.004244,-0.027713
6850,-0.097108,0.372260,9.929770,-1.402463,0.861249,0.330025,2.162646,0.583261,-3.154871,0.999427,0.019004,0.004568,-0.027619
6851,-0.097649,0.357717,9.948833,-1.411740,0.632353,0.349861,2.100501,0.606923,-3.142774,0.999439,0.018467,0.004791,-0.027514
6852,-0.100013,0.341009,9.929068,-1.210477,0.244734,0.252202,2.037168,0.616883,-3.132421,0.999451,0.017917,0.004895,-0.027423
6853,-0.102685,0.335658,9.919873,-1.160276,0.304209,-0.010259,1.978312,0.621360,-3.128274,0.999461,0.017404,0.004948,-0.027385
6854,-0.109758,0.351592,9.938024,-1.056548,0.510200,-0.078925,1.937078,0.633882,-3.129339,0.999467,0.017048,0.005067,-0.027394
6855,-0.111327,0.333708,9.931169,-0.664361,0.626184,-0.136911,1.911308,0.654517,-3.132266,0.999469,0.016828,0.005253,-0.027422
6856,-0.106922,0.330510,9.910892,-0.098252,0.673467,-0.056035,1.897415,0.673877,-3.134773,0.999469,0.016712,0.005425,-0.027446
6857,-0.112779,0.330392,9.926932,0.277131,0.769561,-0.066716,1.901007,0.692974,-3.136011,0.999467,0.016748,0.005590,-0.027459
6858,-0.127841,0.332514,9.938825,0.638791,0.748212,-0.228464,1.918222,0.720106,-3.140062,0.999462,0.016904,0.005822,-0.027500
6859,-0.137918,0.326257,9.920099,1.203370,0.516350,-0.304763,1.947206,0.751432,-3.148250,0.999454,0.017165,0.006087,-0.027577
6860,-0.137814,0.346669,9.926320,2.121990,0.174622,-0.083507,2.004087,0.773122,-3.154290,0.999442,0.017667,0.006262,-0.027636
6861,-0.131224,0.347720,9.925472,3.698307,-0.058826,0.120967,2.105713,0.777312,-3.153526,0.999426,0.018554,0.006274,-0.027636
6862,-0.118335,0.370359,9.932402,5.703394,-0.225226,0.456674,2.265208,0.762939,-3.144060,0.999403,0.019941,0.006112,-0.027559
6863,-0.095774,0.429842,9.939059,8.740147,-0.495519,1.179972,2.526355,0.724253,-3.117115,0.999363,0.022208,0.005717,-0.027331
6864,-0.084113,0.487264,9.947211,11.253672,-0.912397,1.433293,2.900861,0.661114,-3.074389,0.999299,0.025457,0.005086,-0.026963
6865,-0.075653,0.560675,9.953820,13.939702,-1.292663,1.436365,3.371330,0.582908,-3.028326,0.999201,0.029540,0.004306,-0.026562
6866,-0.071676,0.666330,9.939909,17.490900,-1.920025,1.653060,3.941857,0.500205,-2.980137,0.999057,0.034494,0.003467,-0.026138
6867,-0.068150,0.777510,9.918386,19.586330,-2.657140,1.523366,4.602008,0.408586,-2.932793,0.998856,0.040227,0.002534,-0.025713
6868,-0.063460,0.889826,9.889649,20.964602,-3.244672,0.911477,5.323012,0.300811,-2.900596,0.998595,0.046487,0.001446,-0.025404
6869,-0.038333,1.023078,9.869911,22.388668,-3.302697,0.624609,6.092848,0.184570,-2.885733,0.998267,0.053169,0.000270,-0.025230
6870,-0.033037,1.166673,9.886061,23.600662,-3.021950,0.427768,6.910659,0.074760,-2.880101,0.997866,0.060268,-0.000864,-0.025125
6871,-0.030581,1.292973,9.899909,24.112236,-2.794552,0.179039,7.754486,-0.018255,-2.882334,0.997396,0.067594,-0.001860,-0.025082
6872,-0.017871,1.402154,9.883738,25.937527,-2.695293,0.131726,8.624027,-0.100334,-2.890115,0.996854,0.075142,-0.002769,-0.025081
6873,-0.005868,1.586796,9.876054,27.810110,-2.287787,-0.062079,9.554104,-0.171907,-2.901983,0.996209,0.083214,-0.003603,-0.025109
6875,0.004065,1.781929,9.826012,30.076517,-2.150362,0.179001,10.570024,-0.233309,-2.912964,0.995430,0.092029,-0.004368,-0.025122
6876,0.011931,1.988249,9.749757,31.145231,-1.898481,0.394136,11.660336,-0.288288,-2.916640,0.994509,0.101483,-0.005087,-0.025063
6877,0.035974,2.207421,9.703650,30.723251,-1.506240,0.397170,12.779337,-0.336272,-2.915960,0.993470,0.111179,-0.005747,-0.024959
6878,0.036227,2.460672,9.669806,30.254150,-1.126216,0.104172,13.906061,-0.372152,-2.918427,0.992329,0.120934,-0.006305,-0.024885
6879,0.030080,2.632621,9.593136,28.955042,-1.031504,-0.127800,15.015204,-0.393256,-2.928353,0.991109,0.130527,-0.006740,-0.024884
6880,0.024622,2.813270,9.578034,26.873085,-0.839094,-0.440658,16.062059,-0.401985,-2.946300,0.989872,0.139573,-0.007064,-0.024966
6881,0.037830,2.958109,9.533230,25.715750,-0.939666,-0.420865,17.044031,-0.408133,-2.968922,0.988635,0.148047,-0.007360,-0.025092
6882,0.017217,3.097688,9.460711,25.789749,-0.728932,-0.277480,17.996784,-0.410573,-2.988734,0.987365,0.156260,-0.007616,-0.025197
6883,0.022887,3.217873,9.422576,25.158663,-0.447977,0.158870,18.926924,-0.404042,-2.997018,0.986062,0.164270,-0.007776,-0.025215
6884,0.030820,3.370818,9.369583,25.403383,-0.254025,0.758502,19.841089,-0.399055,-2.986635,0.984723,0.172133,-0.007919,-0.025071
6885,0.030760,3.504000,9.308177,25.872393,0.089448,1.326093,20.764036,-0.394951,-2.955173,0.983311,0.180062,-0.008036,-0.024743
6886,0.018614,3.653126,9.263384,27.975630,0.948702,1.355024,21.725515,-0.373736,-2.907383,0.981776,0.188314,-0.007983,-0.024300
6887,0.020693,3.804391,9.219206,27.809793,1.191491,1.232881,22.715567,-0.334400,-2.854044,0.980123,0.196802,-0.007765,-0.023841
6888,0.019697,3.936271,9.123322,27.785816,0.926126,1.461708,23.696800,-0.299842,-2.798867,0.978412,0.205198,-0.007575,-0.023365
6889,0.011786,4.052112,9.100616,26.775963,0.761464,1.881276,24.644390,-0.278120,-2.736398,0.976694,0.213291,-0.007466,-0.022809
6890,0.014813,4.183980,9.042642,26.159653,0.270245,2.348150,25.546654,-0.274709,-2.665061,0.974998,0.220980,-0.007479,-0.022149
6891,0.032563,4.271865,8.945031,23.144480,-1.247967,2.943221,26.374887,-0.316304,-2.592681,0.973390,0.228017,-0.007848,-0.021397
6892,0.058312,4.384597,8.867512,21.740602,-1.975813,3.329271,27.119003,-0.408610,-2.523296,0.971904,0.234320,-0.008628,-0.020568
6893,0.071742,4.538004,8.849443,20.051392,-1.872058,3.300283,27.813503,-0.517551,-2.454781,0.970479,0.240191,-0.009531,-0.019707
6894,0.092728,4.646009,8.808481,18.221813,-1.777457,3.117175,28.451777,-0.622469,-2.389149,0.969137,0.245579,-0.010387,-0.018874
6895,0.095849,4.716456,8.754389,16.570717,-1.704196,2.599878,29.025063,-0.716894,-2.333425,0.967905,0.250412,-0.011158,-0.018144
6896,0.108985,4.826422,8.732680,16.047245,-1.418800,2.444208,29.558277,-0.796707,-2.285403,0.966736,0.254903,-0.011808,-0.017509
6897,0.130791,4.928904,8.698614,15.468882,-1.446227,2.256498,30.078001,-0.871327,-2.241059,0.965575,0.259276,-0.012416,-0.016913
6898,0.131435,4.949525,8.666162,15.032344,-1.231024,1.510294,30.570555,-0.934712,-2.209112,0.964455,0.263416,-0.012949,-0.016444
6899,0.125610,4.993254,8.610162,16.144474,-1.089016,0.695399,31.056379,-0.973087,-2.196735,0.963331,0.267497,-0.013312,-0.016196
6900,0.143527,5.092508,8.557595,17.381748,-1.302540,0.184156,31.583603,-0.999829,-2.204294,0.962088,0.271920,-0.013629,-0.016134
6901,0.141143,5.187467,8.512263,17.563158,-1.268873,-0.447633,32.144581,-1.019935,-2.230150,0.960741,0.276620,-0.013938,-0.016235
6902,0.123773,5.266423,8.483205,18.278639,-1.193959,-0.792578,32.720238,-1.022755,-2.269059,0.959334,0.281438,-0.014139,-0.016484
6903,0.133031,5.362693,8.410004,20.071432,-1.563071,-0.646188,33.338993,-1.024543,-2.313603,0.957794,0.286608,-0.014354,-0.016775
6904,0.131537,5.488795,8.338345,21.943678,-1.842168,-0.545571,34.032585,-1.038742,-2.361208,0.956034,0.292391,-0.014695,-0.017049
6905,0.130909,5.617847,8.270309,24.101397,-1.774873,-0.756253,34.808037,-1.052945,-2.413013,0.954025,0.298844,-0.015064,-0.017343
6906,0.132982,5.731833,8.170185,27.029779,-1.541249,-1.197356,35.677856,-1.055205,-2.471478,0.951721,0.306069,-0.015370,-0.017708
6907,0.144681,5.825005,8.045821,29.181490,-1.724223,-1.124213,36.635365,-1.055058,-2.534862,0.949120,0.314002,-0.015690,-0.018104
6908,0.161453,5.958074,7.921216,29.750841,-2.400117,0.081199,37.641010,-1.085076,-2.590334,0.946319,0.322305,-0.016252,-0.018340
6909,0.195729,6.084424,7.820321,27.518597,-3.082187,1.149329,38.619423,-1.166425,-2.630831,0.943525,0.330350,-0.017194,-0.018299
6910,0.219180,6.188628,7.761337,23.856441,-3.178360,1.189032,39.484325,-1.278018,-2.666404,0.940997,0.337431,-0.018353,-0.018132
6911,0.239158,6.295944,7.724576,19.948427,-2.903742,0.494779,40.200623,-1.381973,-2.709549,0.938860,0.343276,-0.019447,-0.018058
6912,0.234077,6.397643,7.685324,16.820038,-2.162153,-0.320049,40.784393,-1.450434,-2.761528,0.937088,0.348029,-0.020256,-0.018176
6913,0.221599,6.445840,7.637629,14.616254,-1.048166,-1.731572,41.266266,-1.459169,-2.821369,0.935607,0.351954,-0.020587,-0.018552
6914,0.206313,6.505684,7.598892,14.399133,0.244415,-3.289633,41.696625,-1.394737,-2.891500,0.934269,0.355468,-0.020349,-0.019246
6915,0.178729,6.561743,7.534876,15.564492,1.321888,-4.054256,42.141712,-1.266591,-2.963638,0.932870,0.359113,-0.019607,-0.020157
6916,0.147801,6.599990,7.462286,18.809702,1.732564,-3.543240,42.661797,-1.110852,-3.021340,0.931221,0.363372,-0.018616,-0.021031
6917,0.143167,6.661831,7.363005,22.387608,1.516060,-2.675139,43.300156,-0.971345,-3.058876,0.929173,0.368582,-0.017722,-0.021681
6918,0.120721,6.747123,7.270817,25.745848,0.879889,-1.446892,44.062542,-0.871722,-3.079871,0.926694,0.374777,-0.017129,-0.022058
6919,0.129383,6.906429,7.125397,28.693804,-0.137805,0.564187,44.953327,-0.835958,-3.081028,0.923752,0.381978,-0.017016,-0.022053
6920,0.153324,7.065941,6.984472,29.424864,-1.035032,2.036686,45.939251,-0.877327,-3.064521,0.920436,0.389904,-0.017481,-0.021632
6921,0.174642,7.206383,6.870174,28.140303,-1.920113,2.210681,46.932034,-0.969850,-3.051877,0.917028,0.397843,-0.018364,-0.021057
6922,0.189728,7.314112,6.771626,25.021544,-2.178053,2.013894,47.847301,-1.078273,-3.055045,0.913823,0.405128,-0.019408,-0.020551
6923,0.216283,7.428087,6.669535,20.991745,-1.886668,1.078569,48.635555,-1.173659,-3.071765,0.911013,0.411377,-0.020367,-0.020208
6924,0.211653,7.448434,6.628794,17.266935,-1.218358,-0.329808,49.270863,-1.225628,-3.102685,0.908714,0.416403,-0.021003,-0.020150
6925,0.194839,7.481821,6.571896,15.640009,-0.919259,-0.638057,49.783867,-1.233920,-3.139575,0.906834,0.420458,-0.021294,-0.020318
6926,0.193377,7.531386,6.472460,14.608143,-0.641486,-0.218479,50.245869,-1.230419,-3.167720,0.905127,0.424106,-0.021452,-0.020467
6927,0.196907,7.603434,6.396198,14.829143,-0.107362,-0.789225,50.704544,-1.216509,-3.187265,0.903418,0.427726,-0.021497,-0.020587
6928,0.189471,7.703912,6.355099,16.183985,0.422185,-1.381341,51.199234,-1.175749,-3.205452,0.901559,0.431629,-0.021334,-0.020791
6929,0.182198,7.743743,6.278114,16.797255,0.359678,-1.120472,51.730206,-1.124254,-3.220773,0.899545,0.435812,-0.021084,-0.021008
6930,0.186998,7.755096,6.189485,18.020863,0.236117,-1.181552,52.287609,-1.080687,-3.236005,0.897410,0.440191,-0.020903,-0.021192
6931,0.179884,7.816008,6.114141,19.244440,0.336849,-1.517276,52.882114,-1.035558,-3.255185,0.895109,0.444849,-0.020735,-0.021409
6932,0.175690,7.905966,6.040589,19.740170,0.013370,-0.923706,53.507767,-0.996744,-3.274412,0.892662,0.449736,-0.020625,-0.021597
6933,0.178151,7.958972,5.923020,20.463316,-0.505445,-0.082917,54.160259,-0.988376,-3.290574,0.890083,0.454811,-0.020747,-0.021638
6934,0.179623,8.039253,5.814287,21.719086,-0.818275,0.083431,54.855236,-1.004557,-3.308370,0.887306,0.460193,-0.021074,-0.021585
6935,0.174965,8.088161,5.729737,21.328379,-1.147885,0.359640,55.564507,-1.031639,-3.330945,0.884438,0.465665,-0.021508,-0.021518
6936,0.187122,8.145576,5.617275,19.692480,-0.909849,0.420693,56.235031,-1.064081,-3.351815,0.881696,0.470820,-0.021969,-0.021419
6937,0.180370,8.196263,5.526416,17.960426,-0.050758,-0.566570,56.846992,-1.072249,-3.366251,0.879166,0.475517,-0.022205,-0.021378
6938,0.162759,8.262269,5.493407,15.775072,0.935021,-1.419602,57.380531,-1.030150,-3.371338,0.876940,0.479615,-0.022004,-0.021490
6939,0.156669,8.311494,5.425098,14.024508,1.765176,-1.662293,57.836163,-0.951905,-3.360078,0.875023,0.483121,-0.021444,-0.021646
6940,0.134159,8.389825,5.370039,13.139147,2.438169,-2.301739,58.248001,-0.846006,-3.334849,0.873279,0.486294,-0.020608,-0.021827
6941,0.110240,8.437887,5.317677,13.254809,2.255132,-2.443759,58.648968,-0.721300,-3.308895,0.871568,0.489383,-0.019625,-0.022090
6942,0.097341,8.446807,5.279706,14.054019,1.289291,-1.981508,59.057117,-0.612050,-3.295738,0.869814,0.492513,-0.018818,-0.022390
6943,0.093100,8.456510,5.179348,15.146183,0.761364,-2.266919,59.493866,-0.523933,-3.301830,0.867921,0.495845,-0.018262,-0.022746
6944,0.070563,8.478677,5.131530,16.467226,0.944511,-2.585891,59.970024,-0.431853,-3.317470,0.865842,0.499466,-0.017729,-0.023189
6945,0.080243,8.533484,5.018788,17.350368,0.805669,-2.288358,60.487568,-0.343383,-3.332047,0.863565,0.503390,-0.017231,-0.023608
6946,0.063601,8.578870,4.963069,17.461437,0.389083,-1.674918,61.027447,-0.278391,-3.346658,0.861174,0.507466,-0.016919,-0.023924
6947,0.043332,8.655638,4.843948,17.336046,-0.088529,-0.347363,61.574207,-0.246270,-3.358244,0.858737,0.511574,-0.016844,-0.024073
6948,0.042874,8.763977,4.741983,16.707281,-0.773665,1.216703,62.131153,-0.264656,-3.363961,0.856241,0.515737,-0.017124,-0.023951
6949,0.056837,8.831362,4.601815,16.930183,-1.683126,2.121594,62.706600,-0.335532,-3.374502,0.853646,0.520012,-0.017819,-0.023621
6950,0.061747,8.831105,4.517071,17.459864,-1.574800,2.339826,63.302761,-0.429924,-3.389241,0.850937,0.524422,-0.018710,-0.023206
6951,0.084485,8.828483,4.377345,17.978855,-0.918665,2.200991,63.915421,-0.519611,-3.393006,0.848130,0.528942,-0.019515,-0.022719
6952,0.108636,8.851911,4.298558,19.056326,0.054848,1.190879,64.553673,-0.584010,-3.381655,0.845179,0.533644,-0.020063,-0.022226
6953,0.109801,8.869743,4.197678,20.817347,0.941385,0.148723,65.230583,-0.604239,-3.357420,0.842019,0.538627,-0.020229,-0.021834
6954,0.098818,8.918461,4.136872,21.616932,1.434255,0.012924,65.937622,-0.591506,-3.320363,0.838685,0.543821,-0.020094,-0.021498
6955,0.087611,9.027153,3.997597,21.569647,1.028374,-0.586799,66.659599,-0.561589,-3.286634,0.835245,0.549107,-0.019850,-0.021269
6956,0.081425,9.150572,3.921280,21.244734,0.920055,-1.152971,67.386330,-0.514916,-3.268127,0.831745,0.554407,-0.019556,-0.021234
6957,0.093837,9.157414,3.798818,21.080008,0.228820,-0.176399,68.101089,-0.484442,-3.258849,0.828269,0.559593,-0.019423,-0.021193
6958,0.110578,9.165549,3.716800,20.194942,-0.640980,0.696487,68.785194,-0.502687,-3.262007,0.824915,0.564523,-0.019696,-0.021010
6959,0.138181,9.210376,3.558494,19.396854,-1.126280,0.103043,69.441742,-0.544628,-3.284859,0.821667,0.569227,-0.020230,-0.020852
6960,0.152987,9.252408,3.486243,19.532663,-1.063794,1.267524,70.090919,-0.605417,-3.311502,0.818431,0.573853,-0.020915,-0.020623
6961,0.168393,9.313174,3.378049,20.638922,-1.608630,2.972205,70.755836,-0.716484,-3.330020,0.815096,0.578563,-0.021918,-0.020072
6962,0.170114,9.403455,3.267128,20.513815,-1.523249,3.202818,71.444321,-0.857035,-3.346357,0.811617,0.583413,-0.023116,-0.019339
6963,0.184716,9.449738,3.119791,20.045477,-1.201331,3.349453,72.135849,-0.994479,-3.355843,0.808092,0.588264,-0.024250,-0.018560
6964,0.194023,9.470679,3.059057,18.280066,-0.945011,3.514357,72.784958,-1.128006,-3.355815,0.804759,0.592798,-0.025292,-0.017731
6965,0.224155,9.474924,2.983436,15.743877,-0.717676,2.740805,73.339455,-1.247752,-3.351806,0.801891,0.596655,-0.026194,-0.016957
6966,0.249237,9.422093,2.880985,12.877874,-0.403383,1.965818,73.776962,-1.351917,-3.346845,0.799615,0.599686,-0.026960,-0.016276
6967,0.272350,9.437103,2.816298,10.643431,-0.087587,1.473224,74.107544,-1.445390,-3.337669,0.797890,0.601968,-0.027609,-0.015643
6968,0.280010,9.489671,2.772813,9.104774,-0.063236,1.001979,74.370705,-1.519872,-3.327458,0.796511,0.603781,-0.028108,-0.015116
6969,0.292306,9.526625,2.713663,8.913588,-0.296754,1.203627,74.615417,-1.585854,-3.322116,0.795225,0.605464,-0.028570,-0.014670
6970,0.288816,9.522170,2.667939,9.271822,-0.623339,1.934714,74.873741,-1.661816,-3.322042,0.793862,0.607234,-0.029128,-0.014202
6971,0.288705,9.570766,2.626974,9.709436,-1.107065,2.210967,75.149590,-1.743652,-3.330929,0.792401,0.609118,-0.029775,-0.013758
6972,0.292030,9.587483,2.544089,11.158910,-1.740311,2.050712,75.478836,-1.819994,-3.358269,0.790648,0.611363,-0.030487,-0.013453
6973,0.309378,9.581699,2.484046,12.089708,-2.191969,2.216982,75.865822,-1.897881,-3.404099,0.788577,0.613995,-0.031313,-0.013247
6974,0.322974,9.556038,2.420968,12.185780,-2.417796,2.006372,76.264435,-1.980445,-3.461449,0.786434,0.616694,-0.032234,-0.013087
6975,0.341767,9.588538,2.373153,12.519791,-2.378113,1.046553,76.657837,-2.046953,-3.526568,0.784308,0.619351,-0.033085,-0.013062
6976,0.362514,9.598228,2.303013,13.570992,-2.220941,0.219521,77.075119,-2.087376,-3.595795,0.782041,0.622171,-0.033784,-0.013194
6978,0.362183,9.612652,2.235251,14.712281,-2.373536,0.398079,77.535980,-2.117189,-3.667863,0.779526,0.625280,-0.034433,-0.013385
6979,0.360382,9.622496,2.131684,16.682186,-2.675666,0.149351,78.054176,-2.143536,-3.747949,0.776682,0.628766,-0.035111,-0.013628
6980,0.362846,9.670585,1.976168,19.262650,-2.983903,0.227152,78.672058,-2.166152,-3.839700,0.773271,0.632909,-0.035843,-0.013932
6981,0.347363,9.681442,1.787396,22.024996,-3.272306,-0.020111,79.416695,-2.181687,-3.943402,0.769130,0.637882,-0.036614,-0.014308
6982,0.325172,9.699859,1.616319,23.667553,-2.860304,-1.239471,80.265083,-2.160981,-4.050745,0.764372,0.643531,-0.037184,-0.014869
6983,0.314817,9.719384,1.488956,23.535511,-2.086651,-2.724404,81.144646,-2.083439,-4.145952,0.759391,0.649375,-0.037323,-0.015655
6984,0.306393,9.709869,1.364346,22.844893,-1.399973,-3.490625,81.998573,-1.963581,-4.221273,0.754509,0.655032,-0.037081,-0.016558
6985,0.295843,9.671633,1.249285,21.649069,-0.337921,-4.439925,82.804039,-1.814709,-4.269420,0.749863,0.660354,-0.036501,-0.017471
6986,0.281764,9.668321,1.128414,19.917538,0.591371,-4.273727,83.546318,-1.654013,-4.283950,0.745549,0.665246,-0.035653,-0.018263
6987,0.287221,9.730980,1.035339,19.154879,0.946908,-2.668497,84.235428,-1.530789,-4.271829,0.741521,0.669761,-0.034895,-0.018691
6988,0.286257,9.764246,0.916911,19.388605,1.270391,-1.304265,84.909500,-1.468358,-4.242159,0.737565,0.674140,-0.034428,-0.018662
6989,0.299185,9.823558,0.790239,18.748014,1.944829,0.450685,85.580879,-1.466860,-4.190979,0.733610,0.678465,-0.034225,-0.018141
6990,0.312228,9.878774,0.693704,17.622179,2.094346,2.014961,86.222420,-1.528380,-4.122003,0.729819,0.682564,-0.034306,-0.017143
6991,0.337823,9.932398,0.652470,15.273921,2.164516,2.782751,86.786133,-1.635269,-4.046928,0.726477,0.686135,-0.034618,-0.015857
6992,0.352179,9.899560,0.542426,11.762825,1.694506,2.970844,87.241951,-1.778223,-3.978187,0.723768,0.688996,-0.035169,-0.014425
6993,0.350096,9.857814,0.519349,9.002306,0.981880,2.678300,87.571442,-1.924597,-3.929209,0.721805,0.691043,-0.035836,-0.013132
6994,0.339863,9.842494,0.452562,6.968008,0.426442,1.572190,87.806732,-2.017643,-3.902077,0.720397,0.692503,-0.036283,-0.012324
6995,0.332697,9.844884,0.380004,5.345874,0.218919,0.485721,88.002319,-2.050176,-3.889792,0.719218,0.693725,-0.036434,-0.011988
6996,0.308782,9.819489,0.341551,5.600702,0.115163,-1.574473,88.184334,-2.007531,-3.884786,0.718112,0.694882,-0.036155,-0.012158
6997,0.295289,9.822729,0.274781,6.252418,0.928488,-4.481719,88.399635,-1.861420,-3.870929,0.716792,0.696280,-0.035181,-0.012892
6998,0.251156,9.934538,0.206359,5.279157,2.169065,-6.789246,88.625267,-1.631195,-3.825214,0.715400,0.697773,-0.033492,-0.013941
6999,0.221956,9.855359,0.197217,7.372938,2.724502,-8.609927,88.860756,-1.341343,-3.750023,0.713938,0.699346,-0.031257,-0.015174
7000,0.168783,9.820634,0.254054,8.282351,3.371501,-9.882781,89.114944,-1.002293,-3.653672,0.712353,0.701042,-0.028595,-0.016581
7001,0.128852,9.839296,0.167970,8.376814,3.508841,-9.739547,89.372864,-0.648381,-3.542829,0.710738,0.702755,-0.025759,-0.018000
7002,0.076700,9.835769,0.206075,8.788591,3.258593,-8.535744,89.630249,-0.323926,-3.432236,0.709123,0.704443,-0.023112,-0.019253
7003,0.083578,9.771088,0.174056,9.378716,1.995131,-6.964053,89.881744,-0.063748,-3.345305,0.707546,0.706064,-0.021012,-0.020268
7004,0.054149,9.877129,0.139896,6.886202,0.415799,-4.395697,90.067970,0.097789,-3.305011,0.706376,0.707249,-0.019801,-0.020983
7005,0.038103,9.937724,0.026552,5.316940,-1.599947,-1.999616,90.195152,0.157097,-3.324595,0.705576,0.708039,-0.019580,-0.021448
7006,0.036268,9.897598,0.035409,4.718364,-2.956495,0.053209,90.310463,0.132813,-3.400602,0.704853,0.708732,-0.020221,-0.021745
7007,0.027992,9.831092,-0.016884,4.403615,-4.361871,1.265236,90.411278,0.056339,-3.522930,0.704221,0.709315,-0.021467,-0.022006
7008,0.026874,9.790284,-0.058382,4.389695,-4.546506,1.479206,90.534325,-0.030642,-3.671908,0.703447,0.710025,-0.022948,-0.022359
7009,0.032202,9.796311,-0.076737,4.049309,-4.123824,0.960639,90.662209,-0.100731,-3.816911,0.702639,0.710766,-0.024302,-0.022787
7010,0.043597,9.755548,-0.061854,5.860327,-3.704192,0.429826,90.795593,-0.148328,-3.947680,0.701795,0.711545,-0.025432,-0.023264
7011,0.028387,9.760798,-0.136372,6.647508,-3.957493,-0.123970,90.979919,-0.165902,-4.075457,0.700627,0.712640,-0.026371,-0.023895
7012,0.028168,9.836894,-0.205842,5.611554,-4.322190,-0.378788,91.203239,-0.156245,-4.213347,0.699205,0.713974,-0.027218,-0.024745
7013,0.023509,9.756395,-0.356487,5.113315,-4.409170,-0.317764,91.474716,-0.139566,-4.358815,0.697476,0.715597,-0.028084,-0.025670
7014,0.009611,9.760057,-0.377715,4.664254,-3.450893,-1.556883,91.773834,-0.096138,-4.489196,0.695566,0.717393,-0.028703,-0.026660
7015,-0.005132,9.806645,-0.416170,1.804076,-2.576545,-1.825586,91.998184,-0.019039,-4.587952,0.694118,0.718748,-0.028908,-0.027686
7016,0.005968,9.864212,-0.402366,-0.871734,-1.172696,-1.816504,92.096519,0.053055,-4.648308,0.693468,0.719345,-0.028874,-0.028479
7017,0.010041,9.854756,-0.367083,-2.461498,0.330343,-1.140434,92.072151,0.092224,-4.660569,0.693608,0.719204,-0.028708,-0.028805
7018,0.000158,9.943550,-0.222144,-3.938834,1.258110,-0.388048,91.935577,0.103589,-4.633263,0.694468,0.718387,-0.028433,-0.028745
7019,0.004627,9.881316,-0.213121,-4.090399,1.198600,0.895330,91.739632,0.084510,-4.592697,0.695710,0.717204,-0.028246,-0.028428
7020,0.015341,9.864565,-0.208068,-3.573697,1.146722,0.985519,91.538490,0.032159,-4.554606,0.696991,0.715978,-0.028277,-0.027919
7021,0.019834,9.837633,-0.193583,-2.628252,1.004817,0.904859,91.356590,-0.027011,-4.519554,0.698150,0.714865,-0.028374,-0.027381
7022,0.013748,9.833520,-0.148737,-1.543918,1.168094,0.244267,91.211922,-0.063700,-4.483721,0.699069,0.713983,-0.028340,-0.026970
7023,0.021167,9.856726,-0.162634,-1.478809,1.113163,-0.275999,91.098450,-0.073309,-4.445622,0.699787,0.713298,-0.028135,-0.026705
7024,0.015189,9.867182,-0.148668,-1.535603,0.940736,-0.396497,91.006340,-0.068917,-4.411122,0.700367,0.712744,-0.027872,-0.026544
7025,0.005591,9.872090,-0.135960,-1.517592,1.186410,-0.546052,90.917709,-0.052005,-4.375361,0.700922,0.712215,-0.027526,-0.026452
7026,-0.007551,9.865809,-0.132810,-1.832177,1.387831,-0.666688,90.831535,-0.021425,-4.332131,0.701461,0.711705,-0.027050,-0.026398
7027,-0.012687,9.856977,-0.116735,-1.888836,1.107058,-0.651557,90.744568,0.015888,-4.290257,0.702002,0.711191,-0.026542,-0.026394
7028,-0.023088,9.847000,-0.100151,-1.359550,0.876642,-0.744780,90.664200,0.056555,-4.256935,0.702498,0.710716,-0.026067,-0.026460
7029,-0.019267,9.874993,-0.118704,-1.283344,0.797292,-1.161474,90.608749,0.102487,-4.228705,0.702838,0.710392,-0.025598,-0.026584
7030,-0.019187,9.852478,-0.076113,-1.162891,0.551617,-1.370569,90.556236,0.149815,-4.205822,0.703158,0.710085,-0.025153,-0.026749
7031,-0.019604,9.845795,-0.048269,-0.919037,0.281528,-1.364447,90.484772,0.193052,-4.191608,0.703593,0.709659,-0.024783,-0.026945
7032,-0.024293,9.836869,-0.063878,-0.682778,0.189972,-1.195011,90.425766,0.228373,-4.183497,0.703952,0.709306,-0.024502,-0.027127
7033,-0.025702,9.840181,-0.052222,-0.620371,0.228120,-1.240702,90.384552,0.258061,-4.176305,0.704202,0.709061,-0.024265,-0.027275
7034,-0.022255,9.825293,-0.043690,-0.565605,0.206758,-0.968950,90.343857,0.277591,-4.168901,0.704451,0.708816,-0.024090,-0.027359
7035,-0.023659,9.860733,-0.064765,-0.495478,0.217440,-0.555245,90.318100,0.280586,-4.161709,0.704611,0.708660,-0.024021,-0.027338
7036,-0.029919,9.876405,-0.070097,-0.443514,0.016019,-0.347554,90.312561,0.275015,-4.157681,0.704648,0.708626,-0.024029,-0.027280
7037,-0.030212,9.880469,-0.087464,-0.252585,-0.176246,-0.274171,90.324547,0.268155,-4.160181,0.704575,0.708697,-0.024089,-0.027251
7038,-0.034632,9.891070,-0.090703,-0.032588,-0.167089,0.133362,90.352722,0.256587,-4.165738,0.704402,0.708867,-0.024201,-0.027208
7039,-0.037976,9.873259,-0.065175,0.259013,-0.060273,0.453875,90.375343,0.238177,-4.169506,0.704265,0.709001,-0.024343,-0.027112
7040,-0.042038,9.855721,-0.065570,0.474189,-0.115205,0.545451,90.390175,0.219041,-4.172531,0.704177,0.709088,-0.024483,-0.027009
7041,-0.037206,9.856199,-0.077172,0.465077,-0.006864,0.505774,90.411179,0.201822,-4.174667,0.704051,0.709213,-0.024607,-0.026911
7042,-0.039525,9.856349,-0.065887,0.448312,0.223550,0.469135,90.428932,0.187645,-4.171163,0.703945,0.709319,-0.024677,-0.026798
7043,-0.028732,9.847533,-0.091458,0.590273,0.334943,0.318064,90.452515,0.175075,-4.161935,0.703804,0.709464,-0.024702,-0.026659
7044,-0.031957,9.862493,-0.107337,0.546204,0.281536,-0.112241,90.494347,0.170733,-4.151618,0.703549,0.709722,-0.024675,-0.026559
7045,-0.027636,9.862111,-0.090267,0.602798,0.357833,-0.359440,90.530289,0.178531,-4.140843,0.703327,0.709946,-0.024568,-0.026534
7046,-0.018111,9.860473,-0.101056,0.627270,0.473803,-0.240362,90.558083,0.181439,-4.126868,0.703157,0.710121,-0.024470,-0.026460
7047,-0.009540,9.860028,-0.104876,0.398454,0.449390,-0.083060,90.584244,0.170067,-4.111406,0.703001,0.710282,-0.024450,-0.026289
7048,-0.010349,9.848384,-0.069677,0.183213,0.362414,-0.073746,90.583344,0.152888,-4.097884,0.703014,0.710276,-0.024472,-0.026100
7049,-0.010505,9.848976,-0.067753,0.018167,0.325792,0.304817,90.556053,0.132121,-4.086533,0.703190,0.710106,-0.024523,-0.025907
7050,-0.017211,9.847342,-0.083657,-0.119339,0.150311,0.574989,90.532845,0.107070,-4.078787,0.703341,0.709960,-0.024623,-0.025710
7051,-0.022757,9.832457,-0.083482,-0.085845,-0.000756,0.593304,90.519791,0.087039,-4.076493,0.703427,0.709876,-0.024729,-0.025574
7052,-0.022787,9.846399,-0.069777,-0.322470,0.084696,0.613094,90.499649,0.072845,-4.075296,0.703556,0.709750,-0.024804,-0.025483
7053,-0.022966,9.851453,-0.079191,-0.206602,0.017555,0.565719,90.478096,0.062041,-4.073780,0.703692,0.709616,-0.024856,-0.025412
7054,-0.020102,9.854750,-0.081557,-0.388215,-0.063320,0.590057,90.464592,0.052414,-4.074709,0.703777,0.709530,-0.024918,-0.025361
7055,-0.013867,9.859664,-0.095193,-0.760485,0.009924,0.741068,90.452507,0.037152,-4.075772,0.703855,0.709453,-0.025016,-0.025275
7056,-0.002450,9.869461,-0.072957,-0.893200,-0.003809,0.742591,90.429916,0.012861,-4.075857,0.704001,0.709309,-0.025161,-0.025131
7057,0.009035,9.852468,-0.071263,-0.699438,-0.069424,0.797583,90.399681,-0.020160,-4.077262,0.704195,0.709115,-0.025366,-0.024941
7058,0.015747,9.849301,-0.076556,-0.978662,-0.148771,0.950267,90.374207,-0.060669,-4.081091,0.704360,0.708949,-0.025633,-0.024720
7059,0.016065,9.850657,-0.066431,-1.141897,-0.237275,0.822158,90.343712,-0.098853,-4.087709,0.704556,0.708751,-0.025902,-0.024531
7060,0.025853,9.851383,-0.055651,-1.080865,-0.292208,0.639104,90.306007,-0.130179,-4.096663,0.704794,0.708510,-0.026142,-0.024401
7061,0.026844,9.844799,-0.051280,-1.083936,-0.226593,0.501822,90.267662,-0.155614,-4.105395,0.705034,0.708267,-0.026344,-0.024307
7062,0.022446,9.855101,-0.047287,-1.019847,-0.347141,0.416371,90.232590,-0.170953,-4.115022,0.705252,0.708045,-0.026491,-0.024279
7063,0.025875,9.876515,-0.039803,-1.032050,-0.333408,0.341569,90.198898,-0.179712,-4.126415,0.705460,0.707833,-0.026608,-0.024303
7064,0.036323,9.871099,-0.027189,-0.746730,-0.148771,0.462125,90.165710,-0.193937,-4.134483,0.705666,0.707624,-0.026738,-0.024272
7065,0.041556,9.858042,-0.028148,-0.522449,-0.087734,0.622399,90.140968,-0.218561,-4.138460,0.705823,0.707465,-0.026909,-0.024151
7066,0.043671,9.859084,-0.034740,-0.324039,-0.128934,0.743003,90.131790,-0.248211,-4.142143,0.705886,0.707400,-0.027112,-0.023992
7067,0.050008,9.841817,-0.024704,-0.108835,-0.125882,0.656077,90.130676,-0.278031,-4.146468,0.705898,0.707385,-0.027323,-0.023835
7068,0.047918,9.830359,-0.026522,0.097188,-0.095363,0.662210,90.133492,-0.303674,-4.150219,0.705885,0.707395,-0.027504,-0.023699
7069,0.051748,9.846212,-0.033479,0.219319,-0.104520,0.543187,90.145882,-0.323648,-4.153638,0.705812,0.707466,-0.027651,-0.023594
7070,0.058214,9.839635,-0.026357,0.494032,0.009925,0.454692,90.163528,-0.341339,-4.155291,0.705706,0.707570,-0.027774,-0.023491
7071,0.053743,9.840839,-0.008004,0.493959,-0.005334,0.376861,90.170883,-0.354106,-4.155200,0.705663,0.707612,-0.027853,-0.023409
7072,0.040915,9.840828,-0.007875,0.512108,-0.106045,0.091417,90.167503,-0.349878,-4.156957,0.705683,0.707592,-0.027837,-0.023447
7073,0.049831,9.849354,-0.028218,0.211417,0.026712,-0.024671,90.168869,-0.336328,-4.158216,0.705672,0.707604,-0.027762,-0.023538
7074,0.055894,9.845621,-0.029425,0.019149,0.132001,-0.172733,90.172607,-0.327124,-4.155560,0.705647,0.707630,-0.027690,-0.023578
7075,0.052032,9.849318,-0.022756,-0.191454,-0.006858,-0.366549,90.166580,-0.315183,-4.153430,0.705682,0.707596,-0.027602,-0.023640
7076,0.057587,9.849229,-0.034103,-0.333370,0.060282,-0.404700,90.157120,-0.301945,-4.152499,0.705738,0.707541,-0.027513,-0.023718
7077,0.072367,9.874111,-0.061608,-0.665867,0.223555,-0.105527,90.159790,-0.304936,-4.147847,0.705723,0.707558,-0.027503,-0.023671
7078,0.068719,9.855345,-0.021985,-0.459755,0.151837,-0.019934,90.155029,-0.320572,-4.141659,0.705757,0.707526,-0.027560,-0.023537
7079,0.064146,9.836656,-0.019012,-0.372828,-0.009910,0.199898,90.134789,-0.335879,-4.139262,0.705886,0.707398,-0.027635,-0.023433
7081,0.054640,9.866373,-0.020700,-0.574290,-0.072473,0.094632,90.114105,-0.343657,-4.140616,0.706015,0.707269,-0.027687,-0.023398
7082,0.064468,9.882453,-0.028272,-0.485762,-0.058740,0.167884,90.099388,-0.348989,-4.142828,0.706106,0.707176,-0.027731,-0.023382
7083,0.064825,9.873852,0.006219,-0.258456,0.017557,0.239640,90.079849,-0.360553,-4.143480,0.706229,0.707053,-0.027802,-0.023320
7084,0.061718,9.867602,-0.013827,-0.195983,-0.119776,0.373939,90.061028,-0.372859,-4.145126,0.706347,0.706934,-0.027884,-0.023258
7085,0.058752,9.868340,-0.016774,-0.276833,-0.144191,0.137398,90.056252,-0.378547,-4.149556,0.706377,0.706902,-0.027946,-0.023252
7086,0.064637,9.854692,-0.003862,-0.226476,0.032816,0.083968,90.048088,-0.379360,-4.151416,0.706427,0.706851,-0.027960,-0.023260
7087,0.061710,9.849691,0.004773,-0.119734,0.025187,-0.068641,90.033173,-0.377688,-4.150391,0.706519,0.706759,-0.027941,-0.023268
7088,0.069000,9.871165,-0.006713,-0.305945,-0.096887,-0.241068,90.020248,-0.372726,-4.151544,0.706598,0.706681,-0.027915,-0.023309
7089,0.075966,9.873546,-0.001532,-0.457014,-0.081628,-0.315778,90.007080,-0.371020,-4.154513,0.706678,0.706599,-0.027920,-0.023341
7090,0.076210,9.881120,-0.000942,-0.394460,0.051128,-0.135626,89.991821,-0.375077,-4.155012,0.706773,0.706504,-0.027945,-0.023322
7091,0.078352,9.874925,-0.010650,-0.179258,0.008402,-0.127896,89.987953,-0.383218,-4.154056,0.706798,0.706478,-0.027988,-0.023267
7092,0.077490,9.882260,-0.007791,-0.368389,0.055704,-0.098806,89.989410,-0.391570,-4.153058,0.706791,0.706485,-0.028034,-0.023209
7093,0.066036,9.854103,-0.008897,-0.203508,0.063334,0.108759,89.989830,-0.396605,-4.151141,0.706790,0.706487,-0.028053,-0.023166
7094,0.062069,9.858136,-0.003676,-0.052380,0.109112,0.011071,89.993370,-0.394979,-4.148321,0.706768,0.706510,-0.028027,-0.023158
7095,0.062110,9.861238,-0.009708,-0.052317,0.064859,-0.164457,89.999489,-0.386591,-4.145475,0.706730,0.706551,-0.027958,-0.023191
7096,0.062408,9.882079,-0.009269,-0.242979,0.061807,-0.140082,90.004326,-0.376609,-4.143430,0.706698,0.706583,-0.027885,-0.023239
7097,0.059905,9.861218,-0.006374,-0.078121,-0.061794,-0.069926,90.006218,-0.368667,-4.143478,0.706685,0.706597,-0.027837,-0.023287
7098,0.059069,9.854902,0.008327,-0.142225,-0.006860,-0.315635,90.000732,-0.357757,-4.144610,0.706716,0.706566,-0.027776,-0.023363
7099,0.066069,9.855994,-0.004683,-0.250584,0.118266,-0.559783,89.991829,-0.343256,-4.142739,0.706769,0.706515,-0.027673,-0.023443
7100,0.072692,9.858361,0.016399,-0.236891,0.115215,-0.524616,89.978630,-0.333976,-4.138822,0.706849,0.706436,-0.027589,-0.023479
7101,0.065224,9.834311,0.026080,-0.130222,-0.035852,-0.147629,89.954361,-0.333207,-4.137394,0.706999,0.706287,-0.027570,-0.023481
7102,0.059481,9.841361,0.001136,-0.226416,0.003823,-0.025516,89.940788,-0.335247,-4.137885,0.707083,0.706203,-0.027583,-0.023475
7103,0.061227,9.856792,-0.010677,-0.272087,0.063333,-0.060590,89.945839,-0.336622,-4.136845,0.707052,0.706234,-0.027586,-0.023459
7104,0.056381,9.871984,0.011854,-0.206401,0.020607,0.040129,89.946747,-0.337217,-4.135499,0.707047,0.706240,-0.027582,-0.023446
7105,0.060511,9.857875,-0.003463,-0.212465,0.051125,0.159154,89.944649,-0.340961,-4.134329,0.707061,0.706226,-0.027597,-0.023417
7106,0.069373,9.846720,-0.008698,-0.252019,0.185406,0.046288,89.951836,-0.350813,-4.130473,0.707019,0.706269,-0.027636,-0.023330
7107,0.070001,9.857988,0.003578,-0.308390,0.159465,-0.113856,89.953568,-0.359576,-4.124793,0.707011,0.706279,-0.027655,-0.023241
7108,0.075548,9.855130,0.012603,-0.383160,0.162516,-0.141231,89.942055,-0.366626,-4.119429,0.707085,0.706208,-0.027663,-0.023167
7109,0.075850,9.852622,0.019242,-0.355747,0.255598,0.107597,89.922958,-0.378898,-4.112415,0.707206,0.706088,-0.027692,-0.023053
7110,0.060034,9.846828,0.033067,-0.201741,0.089273,0.165612,89.899521,-0.387181,-4.106565,0.707354,0.705943,-0.027702,-0.022971
7111,0.061369,9.863144,0.032571,-0.311744,0.006874,0.156417,89.873947,-0.387522,-4.104839,0.707512,0.705786,-0.027689,-0.022965
7112,0.066243,9.858691,0.048456,-0.356158,0.025186,0.437165,89.842453,-0.394644,-4.104144,0.707707,0.705590,-0.027722,-0.022924
7113,0.062934,9.858143,0.045626,-0.301400,-0.145716,0.777425,89.809578,-0.412274,-4.105944,0.707913,0.705382,-0.027835,-0.022835
7114,0.058704,9.843805,0.054017,-0.327496,-0.400544,0.809403,89.779861,-0.430464,-4.114823,0.708097,0.705192,-0.027996,-0.022785
7115,0.073890,9.863529,0.036895,-0.527472,-0.351714,0.768155,89.755867,-0.450818,-4.127187,0.708247,0.705035,-0.028193,-0.022742
7116,0.077455,9.854423,0.039752,-0.477103,-0.177759,0.688807,89.740761,-0.474993,-4.135918,0.708343,0.704934,-0.028394,-0.022651
7117,0.081687,9.841771,0.049860,-0.342834,-0.174707,0.485858,89.725647,-0.494603,-4.141688,0.708438,0.704834,-0.028547,-0.022570
7118,0.087943,9.852630,0.054407,-0.348986,-0.115195,0.429410,89.708069,-0.511326,-4.146393,0.708549,0.704720,-0.028676,-0.022500
7119,0.097314,9.846554,0.024947,-0.329079,0.086226,0.357740,89.705505,-0.530423,-4.146887,0.708568,0.704699,-0.028797,-0.022386
7120,0.094091,9.834061,0.045042,-0.432722,0.260179,0.109062,89.707657,-0.544228,-4.141209,0.708559,0.704710,-0.028848,-0.022266
7121,0.088783,9.842010,0.047939,-0.446425,0.313587,-0.093892,89.696693,-0.543628,-4.131679,0.708628,0.704645,-0.028783,-0.022213
7122,0.094750,9.860745,0.031013,-0.548571,0.502802,-0.324321,89.691345,-0.534877,-4.118217,0.708662,0.704618,-0.028645,-0.022185
7123,0.089262,9.859704,0.030193,-0.485838,0.681333,-0.588312,89.695290,-0.518788,-4.098763,0.708638,0.704651,-0.028427,-0.022163
7124,0.084828,9.867769,0.047567,-0.476575,0.749999,-0.621910,89.692513,-0.494953,-4.075140,0.708655,0.704646,-0.028134,-0.022164
7125,0.086526,9.868716,0.045185,-0.322407,0.746947,-0.359464,89.685135,-0.476887,-4.050334,0.708702,0.704610,-0.027868,-0.022124
7126,0.090011,9.865080,0.048269,-0.291835,0.656916,-0.240406,89.681343,-0.471198,-4.027048,0.708729,0.704594,-0.027689,-0.022016
7127,0.079896,9.863812,0.061344,-0.256741,0.508901,-0.139669,89.671776,-0.467983,-4.007650,0.708790,0.704540,-0.027548,-0.021918
7128,0.088306,9.854832,0.068988,-0.206460,0.376146,0.086193,89.654724,-0.470194,-3.992828,0.708898,0.704438,-0.027467,-0.021816
7129,0.095900,9.858828,0.070563,-0.227914,0.293747,0.046607,89.635925,-0.483380,-3.981553,0.709019,0.704321,-0.027476,-0.021670
7130,0.093896,9.854497,0.072465,-0.183744,0.196088,-0.082997,89.618828,-0.495189,-3.973305,0.709128,0.704214,-0.027495,-0.021551
7131,0.087213,9.847074,0.077784,-0.226556,0.052651,-0.273687,89.601234,-0.495445,-3.969105,0.709237,0.704106,-0.027468,-0.021527
7132,0.080493,9.821462,0.078444,-0.180866,0.133526,-0.357622,89.583565,-0.483763,-3.965982,0.709343,0.704001,-0.027373,-0.021584
7133,0.065545,9.840118,0.091265,-0.312210,0.316639,-0.562182,89.560799,-0.457708,-3.958473,0.709480,0.703868,-0.027161,-0.021703
7134,0.060876,9.843436,0.079001,-0.309248,0.405144,-0.579103,89.539062,-0.421466,-3.946505,0.709609,0.703744,-0.026859,-0.021857
7135,0.062694,9.862474,0.066940,-0.557941,0.399041,-0.704338,89.528786,-0.386581,-3.933308,0.709668,0.703692,-0.026560,-0.021992
7136,0.060517,9.858571,0.080767,-0.647920,0.487544,-0.705924,89.514755,-0.355275,-3.918776,0.709751,0.703616,-0.026274,-0.022097
7137,0.063928,9.871614,0.089354,-0.725764,0.453974,-0.658634,89.489143,-0.330802,-3.903267,0.709906,0.703466,-0.026023,-0.022157
7138,0.072734,9.846844,0.067640,-0.663146,0.261706,-0.570058,89.472931,-0.319228,-3.891563,0.710006,0.703371,-0.025876,-0.022159
7139,0.072685,9.844325,0.090782,-0.721053,0.211350,-0.501260,89.459480,-0.317649,-3.883897,0.710090,0.703290,-0.025816,-0.022125
7140,0.069000,9.821991,0.119567,-0.492270,0.315112,-0.253934,89.426025,-0.320695,-3.875166,0.710297,0.703084,-0.025775,-0.022059
7141,0.075182,9.854612,0.107432,-0.382541,0.290697,-0.043223,89.394096,-0.332405,-3.865016,0.710497,0.702886,-0.025780,-0.021932
7142,0.077770,9.862314,0.103244,-0.237607,0.083169,0.112579,89.380020,-0.353141,-3.858745,0.710589,0.702795,-0.025867,-0.021769
7143,0.069337,9.847496,0.121080,-0.135422,0.058753,0.468232,89.367249,-0.376930,-3.856230,0.710672,0.702711,-0.025997,-0.021610
7144,0.068800,9.841559,0.105540,-0.037807,0.057228,0.526267,89.358849,-0.399634,-3.854077,0.710728,0.702654,-0.026123,-0.021459
7145,0.067143,9.867582,0.086409,-0.046859,0.107582,0.247031,89.370560,-0.413641,-3.851280,0.710659,0.702724,-0.026194,-0.021354
7146,0.062897,9.844005,0.105186,-0.113895,0.189982,0.187482,89.380913,-0.416047,-3.846334,0.710597,0.702789,-0.026181,-0.021306
7147,0.069198,9.847963,0.104929,-0.344291,0.344101,0.231693,89.375359,-0.417847,-3.837371,0.710633,0.702756,-0.026136,-0.021240
7148,0.078466,9.848121,0.102084,-0.419035,0.353256,-0.050586,89.365837,-0.422834,-3.825740,0.710695,0.702699,-0.026094,-0.021140
7149,0.077509,9.846138,0.120990,-0.637269,0.179301,-0.145148,89.344910,-0.425037,-3.816875,0.710825,0.702570,-0.026049,-0.021076
7150,0.081267,9.849022,0.140693,-0.669470,-0.031277,0.124991,89.303680,-0.430990,-3.814265,0.711079,0.702314,-0.026063,-0.021033
7151,0.086218,9.847249,0.122833,-0.497161,-0.080107,0.302077,89.269119,-0.447987,-3.815916,0.711294,0.702095,-0.026172,-0.020947
7152,0.090599,9.840018,0.125460,-0.347633,-0.214389,0.372369,89.253586,-0.471798,-3.820664,0.711393,0.701992,-0.026346,-0.020834
7153,0.086918,9.855826,0.132707,-0.211841,-0.408183,0.514356,89.242287,-0.496121,-3.830826,0.711464,0.701914,-0.026557,-0.020751
7154,0.090938,9.857430,0.117954,0.052175,-0.408184,0.622741,89.243675,-0.520736,-3.844215,0.711458,0.701913,-0.026792,-0.020683
7155,0.089623,9.859138,0.115998,0.082797,-0.316629,0.580036,89.258904,-0.543642,-3.856148,0.711366,0.702000,-0.027010,-0.020613
7156,0.087955,9.852918,0.130081,0.148458,-0.402081,0.702089,89.268448,-0.562481,-3.867902,0.711309,0.702052,-0.027201,-0.020568
7157,0.078741,9.855509,0.126293,0.203378,-0.368510,0.645538,89.272942,-0.573688,-3.880444,0.711281,0.702074,-0.027348,-0.020576
7158,0.086311,9.859747,0.112202,0.259886,-0.217442,0.355494,89.286789,-0.575748,-3.890057,0.711195,0.702157,-0.027422,-0.020620
7159,0.085749,9.862262,0.124115,0.270611,-0.084686,0.038002,89.301285,-0.569884,-3.895065,0.711104,0.702247,-0.027419,-0.020683
7160,0.082599,9.848289,0.114932,0.424745,-0.072477,-0.096391,89.314758,-0.555025,-3.897712,0.711019,0.702334,-0.027346,-0.020788
7161,0.095445,9.862162,0.099588,0.351593,-0.060270,-0.493192,89.339119,-0.537729,-3.900148,0.710866,0.702489,-0.027258,-0.020903
7162,0.109307,9.853199,0.111670,0.380663,0.020603,-0.761689,89.361191,-0.524928,-3.901142,0.710728,0.702628,-0.027188,-0.020982
7163,0.102069,9.852218,0.124435,0.379089,0.093847,-0.602882,89.367729,-0.516032,-3.899435,0.710686,0.702671,-0.027124,-0.021025
7164,0.094573,9.857654,0.106452,0.400404,-0.043487,-0.361718,89.374786,-0.508463,-3.898719,0.710642,0.702717,-0.027074,-0.021065
7165,0.102137,9.854265,0.100451,0.261582,-0.064852,-0.254824,89.390396,-0.508120,-3.900677,0.710546,0.702814,-0.027087,-0.021076
7166,0.093280,9.848370,0.113921,0.263100,0.026704,-0.121989,89.398148,-0.511835,-3.901373,0.710499,0.702861,-0.027116,-0.021055
7167,0.085376,9.860929,0.100734,0.168468,-0.003815,-0.057888,89.402290,-0.510392,-3.900996,0.710473,0.702887,-0.027105,-0.021061
7168,0.094632,9.848145,0.077675,0.124325,-0.031282,-0.001412,89.420715,-0.511437,-3.901712,0.710360,0.703000,-0.027119,-0.021055
7169,0.100600,9.842897,0.093340,-0.000680,0.101471,0.044442,89.437912,-0.521663,-3.900673,0.710257,0.703105,-0.027179,-0.020981
7170,0.099032,9.839116,0.106335,-0.002220,0.083159,-0.152316,89.436073,-0.530592,-3.897597,0.710270,0.703092,-0.027216,-0.020908
7171,0.102556,9.850834,0.091188,-0.098369,0.070951,-0.191910,89.432411,-0.534899,-3.895067,0.710294,0.703069,-0.027226,-0.020867
7172,0.098257,9.830690,0.101761,0.038970,0.086210,0.041626,89.432068,-0.541001,-3.892478,0.710298,0.703066,-0.027248,-0.020813
7173,0.087272,9.841904,0.104428,-0.080095,0.014492,0.014163,89.425919,-0.542308,-3.890740,0.710336,0.703028,-0.027244,-0.020796
7174,0.088394,9.845373,0.114924,-0.129015,-0.029759,-0.049967,89.411209,-0.536637,-3.890895,0.710425,0.702938,-0.027207,-0.020835
7175,0.096135,9.853867,0.109983,-0.119956,0.054168,0.178917,89.394951,-0.538311,-3.890352,0.710525,0.702837,-0.027211,-0.020825
7176,0.093838,9.836437,0.120345,0.000494,-0.020602,0.360523,89.380730,-0.549838,-3.889581,0.710615,0.702746,-0.027276,-0.020753
7178,0.094640,9.849300,0.110087,-0.216266,-0.023652,0.261344,89.367386,-0.560950,-3.890113,0.710698,0.702661,-0.027345,-0.020692
7179,0.098092,9.848049,0.121601,-0.295677,0.138096,0.090447,89.350853,-0.567653,-3.888062,0.710801,0.702557,-0.027371,-0.020642
7180,0.101909,9.844777,0.109145,-0.278933,0.193029,0.008071,89.336143,-0.572155,-3.882475,0.710893,0.702466,-0.027362,-0.020583
7181,0.102733,9.842662,0.103863,-0.417744,0.128939,-0.034621,89.330582,-0.575917,-3.877174,0.710929,0.702432,-0.027352,-0.020528
7182,0.103630,9.844617,0.114841,-0.611496,0.206761,-0.196334,89.318398,-0.576416,-3.871674,0.711005,0.702357,-0.027319,-0.020494
7183,0.103979,9.850467,0.135319,-0.643610,0.144198,-0.400771,89.288719,-0.571015,-3.865856,0.711187,0.702176,-0.027245,-0.020498
7184,0.107748,9.845600,0.127927,-0.575036,-0.000765,-0.284745,89.256851,-0.566580,-3.863492,0.711382,0.701980,-0.027197,-0.020518
7185,0.101710,9.835625,0.132541,-0.628485,0.069428,-0.266379,89.231613,-0.564195,-3.862414,0.711536,0.701824,-0.027171,-0.020532
7186,0.086421,9.843979,0.154416,-0.616384,0.092318,-0.452566,89.197571,-0.549224,-3.859751,0.711742,0.701617,-0.027056,-0.020615
7187,0.089284,9.862416,0.136832,-0.601206,0.038912,-0.455679,89.167015,-0.526403,-3.857682,0.711926,0.701433,-0.026896,-0.020749
7188,0.091787,9.844844,0.129929,-0.686601,0.122837,-0.321412,89.152573,-0.511508,-3.855242,0.712012,0.701347,-0.026786,-0.020829
7189,0.089602,9.839441,0.145808,-0.733855,0.165563,-0.353445,89.135132,-0.501681,-3.850662,0.712118,0.701242,-0.026694,-0.020865
7190,0.090441,9.850091,0.152185,-0.681988,0.084689,-0.423615,89.109673,-0.491543,-3.846673,0.712272,0.701087,-0.026602,-0.020908
7191,0.094250,9.846996,0.131655,-0.892496,0.107576,-0.563945,89.092087,-0.481794,-3.843799,0.712379,0.700981,-0.026520,-0.020954
7192,0.081883,9.828336,0.143284,-0.866424,0.080107,-0.765333,89.079163,-0.463950,-3.841162,0.712455,0.700905,-0.026391,-0.021049
7193,0.081099,9.847540,0.145635,-0.739675,0.119780,-0.994220,89.064560,-0.434853,-3.838407,0.712540,0.700822,-0.026190,-0.021214
7194,0.074619,9.867764,0.159930,-0.770141,0.215914,-0.843148,89.046066,-0.404658,-3.833371,0.712648,0.700715,-0.025969,-0.021371
7195,0.062965,9.874953,0.154521,-0.709059,0.121306,-0.559354,89.026749,-0.377772,-3.828184,0.712762,0.700602,-0.025766,-0.021508
7196,0.064751,9.864071,0.157832,-0.480094,0.025173,-0.281663,89.016411,-0.360291,-3.826048,0.712823,0.700542,-0.025642,-0.021604
7197,0.070286,9.865669,0.171786,-0.600615,0.199128,-0.005439,89.001923,-0.359285,-3.822416,0.712912,0.700453,-0.025611,-0.021590
7198,0.065447,9.858779,0.181837,-0.734944,0.095365,0.308947,88.973595,-0.369992,-3.817379,0.713088,0.700276,-0.025642,-0.021500
7199,0.069534,9.849834,0.173015,-0.782273,0.009912,0.299828,88.945091,-0.384722,-3.815419,0.713265,0.700095,-0.025716,-0.021404
7200,0.072741,9.838179,0.178282,-0.980619,0.121303,0.241892,88.918762,-0.399812,-3.813081,0.713429,0.699929,-0.025791,-0.021303
7201,0.072646,9.826953,0.187826,-0.979092,0.252532,0.089341,88.886307,-0.410420,-3.806745,0.713630,0.699726,-0.025812,-0.021206
7202,0.065536,9.838799,0.187067,-0.826491,0.214384,-0.363862,88.857056,-0.405260,-3.799059,0.713809,0.699546,-0.025728,-0.021197
7203,0.062581,9.857912,0.199019,-0.622010,0.278474,-0.514975,88.833763,-0.384579,-3.791148,0.713949,0.699408,-0.025546,-0.021279
7204,0.060253,9.857141,0.194881,-0.393108,0.228119,-0.458567,88.818451,-0.361848,-3.783051,0.714040,0.699319,-0.025352,-0.021371
7205,0.069206,9.856866,0.197816,-0.319819,0.081630,-0.513497,88.812004,-0.346037,-3.778261,0.714078,0.699284,-0.025223,-0.021439
7206,0.064109,9.867783,0.225414,-0.504516,-0.083171,-0.414267,88.790871,-0.336115,-3.778565,0.714205,0.699154,-0.025159,-0.021506
7207,0.072857,9.861709,0.231732,-0.645072,-0.164045,0.173290,88.750282,-0.341617,-3.782640,0.714453,0.698899,-0.025211,-0.021506
7208,0.074804,9.844913,0.220962,-0.977839,-0.208298,0.463335,88.708847,-0.367418,-3.788515,0.714709,0.698633,-0.025400,-0.021395
7209,0.068805,9.842489,0.223750,-1.310523,-0.331900,0.266575,88.666824,-0.390338,-3.797205,0.714967,0.698364,-0.025588,-0.021319
7210,0.059327,9.829369,0.237467,-1.278520,-0.153366,0.025471,88.618591,-0.394427,-3.805138,0.715261,0.698060,-0.025653,-0.021354
7211,0.070461,9.856345,0.237003,-1.370107,0.176234,-0.267526,88.570526,-0.387920,-3.804830,0.715552,0.697762,-0.025601,-0.021403
7212,0.075573,9.866462,0.238398,-1.527244,0.196070,-0.462800,88.526314,-0.381083,-3.798960,0.715821,0.697489,-0.025515,-0.021417
7213,0.082866,9.869674,0.262141,-1.516565,0.093830,-0.705322,88.475365,-0.374045,-3.794630,0.716131,0.697173,-0.025435,-0.021444
7214,0.086462,9.879279,0.278090,-1.739440,0.113664,-0.528164,88.409782,-0.372314,-3.791639,0.716530,0.696764,-0.025394,-0.021451
7215,0.086135,9.910583,0.295484,-2.540688,-0.133540,0.175457,88.321342,-0.387499,-3.792000,0.717070,0.696207,-0.025474,-0.021380
7216,0.080309,9.873809,0.311973,-3.367905,-0.383794,0.990436,88.202209,-0.424156,-3.799861,0.717799,0.695451,-0.025729,-0.021234
7217,0.072458,9.856353,0.367905,-5.000846,-0.562328,1.132399,88.037758,-0.466421,-3.814262,0.718801,0.694407,-0.026051,-0.021105
7218,0.078341,9.862588,0.395110,-7.735528,-1.136073,1.391801,87.797714,-0.508869,-3.840798,0.720256,0.692884,-0.026434,-0.021069
7219,0.104476,9.856383,0.469467,-10.838020,-1.795272,2.093756,87.452911,-0.572517,-3.886887,0.722341,0.690687,-0.027049,-0.021055
7220,0.132866,9.847227,0.531339,-14.592152,-2.298829,2.814092,86.985359,-0.669903,-3.950590,0.725158,0.687695,-0.027962,-0.020984
7221,0.148822,9.845622,0.625865,-19.165739,-2.645216,3.386445,86.375198,-0.794244,-4.026195,0.728816,0.683773,-0.029091,-0.020871
7222,0.162001,9.832705,0.724705,-24.841059,-2.480418,3.717685,85.592400,-0.932566,-4.102280,0.733478,0.678721,-0.030283,-0.020737
7223,0.171466,9.836308,0.883570,-31.085583,-0.988061,3.511755,84.606346,-1.066293,-4.148549,0.739304,0.672334,-0.031238,-0.020510
7224,0.183951,9.817245,1.072186,-37.002117,0.835428,2.371911,83.406342,-1.166806,-4.139519,0.746320,0.664529,-0.031623,-0.020194
7225,0.185959,9.766914,1.295631,-39.654778,2.451398,0.401914,82.052582,-1.202317,-4.077720,0.754134,0.655672,-0.031262,-0.019956
7226,0.185032,9.746727,1.544017,-39.775997,3.997183,-1.128659,80.642776,-1.165369,-3.971496,0.762158,0.646384,-0.030169,-0.019841
7227,0.188232,9.738382,1.776905,-36.975075,4.873089,-1.508679,79.276207,-1.087919,-3.831869,0.769826,0.637306,-0.028634,-0.019692
7228,0.181090,9.689862,1.984274,-32.854160,4.624382,-1.615529,78.033585,-1.001034,-3.685479,0.776707,0.628980,-0.027027,-0.019487
7229,0.155862,9.637464,2.151798,-29.235155,4.142206,-1.571319,76.935486,-0.911879,-3.553291,0.782711,0.621562,-0.025513,-0.019326
7230,0.119193,9.596320,2.380063,-28.490999,3.827898,-1.318117,75.909851,-0.820638,-3.434617,0.788252,0.614580,-0.024075,-0.019227
7231,0.116379,9.576591,2.463686,-28.431889,3.225191,-1.515080,74.909782,-0.729999,-3.332277,0.793593,0.607720,-0.022736,-0.019208
7232,0.094675,9.542556,2.617856,-30.400528,2.790333,-2.214059,73.903893,-0.629481,-3.252312,0.798900,0.600769,-0.021447,-0.019377
7233,0.080939,9.475649,2.860816,-30.878460,2.424145,-2.604804,72.842331,-0.513330,-3.191799,0.804428,0.593379,-0.020138,-0.019751
7234,0.067033,9.450140,3.031615,-29.873320,1.505569,-2.833784,71.774109,-0.395065,-3.156627,0.809918,0.585887,-0.018938,-0.020295
7235,0.080397,9.442163,3.086705,-28.443697,1.040168,-2.701047,70.781136,-0.291613,-3.145977,0.814954,0.578870,-0.017972,-0.020905
7236,0.049602,9.384138,3.297763,-29.600355,0.174963,-2.392790,69.812996,-0.207454,-3.155497,0.819803,0.571980,-0.017240,-0.021544
7237,0.023819,9.295241,3.507418,-28.912374,-0.189725,-1.933509,68.811707,-0.136877,-3.181166,0.824756,0.564806,-0.016669,-0.022227
7238,0.012666,9.261055,3.593334,-30.227888,-0.085945,-1.607003,67.805145,-0.078159,-3.207298,0.829673,0.557548,-0.016176,-0.022847
7239,-0.002496,9.192144,3.735051,-31.117483,0.535126,-1.773377,66.785454,-0.016803,-3.222265,0.834590,0.550154,-0.015597,-0.023394
7240,-0.045722,9.085609,3.966724,-31.619608,0.982271,-2.197699,65.727844,0.069481,-3.225944,0.839620,0.542445,-0.014765,-0.023972
7241,-0.074948,8.984435,4.143688,-30.660089,1.589676,-2.182637,64.654198,0.180600,-3.218085,0.844651,0.534578,-0.013684,-0.024570
7242,-0.082173,8.886361,4.287304,-30.315527,1.505842,-2.623829,63.600700,0.302673,-3.207197,0.849515,0.526816,-0.012503,-0.025175
7243,-0.104737,8.766494,4.418401,-30.965822,0.573588,-3.745567,62.547710,0.438229,-3.224937,0.854295,0.519012,-0.011340,-0.026035
7244,-0.136669,8.703275,4.638850,-31.893904,0.149480,-3.916668,61.459961,0.584402,-3.274968,0.859148,0.510903,-0.010220,-0.027168
7245,-0.136415,8.642769,4.758414,-31.465424,-0.462331,-3.022643,60.365849,0.706417,-3.336581,0.863952,0.502695,-0.009310,-0.028264
7246,-0.126358,8.566221,4.853369,-30.598761,-0.703390,-2.215499,59.322598,0.781998,-3.397670,0.868464,0.494819,-0.008743,-0.029136
7247,-0.137819,8.483054,4.993379,-29.385548,-0.495854,-1.307587,58.334549,0.823923,-3.445127,0.872678,0.487317,-0.008374,-0.029750
7248,-0.146903,8.440343,5.153944,-25.668249,0.149622,0.317512,57.435646,0.836760,-3.458597,0.876468,0.480458,-0.008099,-0.029972
7249,-0.133179,8.340017,5.216605,-23.661390,0.425811,1.477226,56.646999,0.815382,-3.433865,0.879764,0.474412,-0.007954,-0.029748
7250,-0.136543,8.242408,5.349445,-23.288761,0.451741,1.506244,55.902905,0.778753,-3.393551,0.882843,0.468685,-0.007878,-0.029339
7251,-0.140753,8.192587,5.545663,-23.609081,0.608917,0.929441,55.137280,0.756015,-3.355764,0.885968,0.462774,-0.007705,-0.029007
7252,-0.132085,8.161358,5.651212,-24.803829,0.911058,0.511325,54.337776,0.752828,-3.321116,0.889185,0.456583,-0.007389,-0.028779
7253,-0.133111,8.042553,5.758476,-26.268642,1.298649,0.261068,53.496368,0.765137,-3.283634,0.892521,0.450046,-0.006935,-0.028589
7254,-0.129552,7.982543,5.923890,-26.967520,1.435982,0.225971,52.609035,0.786027,-3.242322,0.895986,0.443128,-0.006390,-0.028399
7255,-0.110426,7.880124,6.039314,-26.920267,1.547340,0.467112,51.705315,0.800436,-3.195988,0.899462,0.436053,-0.005876,-0.028140
7256,-0.119141,7.766496,6.125460,-26.650192,1.359598,0.502276,50.811378,0.807341,-3.147959,0.902847,0.429027,-0.005422,-0.027832
7257,-0.129869,7.688941,6.233296,-25.237122,1.029964,0.427550,49.955109,0.813891,-3.107166,0.906036,0.422272,-0.005012,-0.027574
7258,-0.106952,7.651633,6.346107,-24.469404,0.860534,0.694652,49.149342,0.809572,-3.070632,0.908992,0.415891,-0.004720,-0.027303
7259,-0.121748,7.536201,6.474443,-23.892420,0.776544,0.812229,48.367104,0.795968,-3.033065,0.911821,0.409676,-0.004507,-0.026987
7260,-0.135035,7.473239,6.579065,-23.576401,0.237867,0.392632,47.595455,0.787103,-3.006694,0.914567,0.403525,-0.004303,-0.026775
7261,-0.124867,7.415943,6.663855,-22.831503,-0.099380,0.365189,46.852829,0.775756,-2.995955,0.917166,0.397588,-0.004183,-0.026677
7262,-0.115510,7.313422,6.757895,-22.522978,-0.258114,0.597177,46.133305,0.752514,-2.988674,0.919650,0.391818,-0.004177,-0.026565
7263,-0.139455,7.188413,6.855961,-21.956650,-0.573991,-0.069636,45.418240,0.734073,-2.992075,0.922079,0.386068,-0.004171,-0.026556
7264,-0.121517,7.143638,6.878443,-21.292576,-1.622295,-0.933312,44.733967,0.720926,-3.029319,0.924361,0.380551,-0.004243,-0.026837
7265,-0.123922,7.076101,7.015207,-22.956966,-1.481916,-1.459744,44.044811,0.710254,-3.093384,0.926619,0.374980,-0.004377,-0.027345
7266,-0.114718,6.979257,7.105977,-23.245050,-1.327809,-1.993800,43.313614,0.713704,-3.166811,0.928975,0.369058,-0.004411,-0.027979
7267,-0.104700,6.871057,7.218478,-23.498116,-1.306483,-2.404235,42.563274,0.724758,-3.249924,0.931349,0.362967,-0.004401,-0.028717
7268,-0.115191,6.794662,7.308240,-23.081329,-1.408761,-2.430135,41.811878,0.738054,-3.339574,0.933684,0.356851,-0.004384,-0.029518
7269,-0.129426,6.664233,7.437343,-22.429626,-0.783144,-2.289735,41.069027,0.760290,-3.422459,0.935953,0.350793,-0.004264,-0.030290
7270,-0.118469,6.599864,7.473000,-20.023098,-0.212466,-2.164591,40.378551,0.792996,-3.489267,0.938027,0.345152,-0.004015,-0.030961
7271,-0.130366,6.497593,7.577980,-18.771633,0.393296,-1.992133,39.756809,0.834714,-3.539921,0.939866,0.340065,-0.003655,-0.031521
7272,-0.150545,6.433368,7.585717,-17.767315,0.703059,-2.146245,39.179565,0.892133,-3.581045,0.941547,0.335339,-0.003145,-0.032045
7273,-0.150080,6.346292,7.665821,-18.172886,1.386678,-2.576553,38.620979,0.968855,-3.619804,0.943148,0.330762,-0.002469,-0.032600
7274,-0.165470,6.276903,7.704747,-18.689844,1.977203,-3.225058,38.047077,1.071011,-3.660168,0.944764,0.326058,-0.001578,-0.033235
7275,-0.197602,6.168516,7.805638,-19.298414,2.434996,-3.811021,37.447136,1.203119,-3.707257,0.946422,0.321139,-0.000444,-0.034001
7276,-0.228433,6.092061,7.858640,-20.543367,2.551018,-4.162016,36.807156,1.357077,-3.762596,0.948156,0.315885,0.000867,-0.034885
7277,-0.249777,5.995842,7.955843,-22.496376,2.642626,-4.615252,36.110355,1.521635,-3.828441,0.950007,0.310154,0.002266,-0.035869
7278,-0.285895,5.893287,8.018931,-23.495724,2.267305,-5.204298,35.358078,1.692106,-3.913219,0.951960,0.303955,0.003693,-0.037008
7279,-0.325011,5.757565,8.192183,-24.980465,1.168717,-5.367628,34.544418,1.852131,-4.025129,0.954023,0.297232,0.004998,-0.038326
7281,-0.332816,5.602251,8.272537,-27.394714,-0.491434,-4.763411,33.638107,1.965409,-4.159852,0.956272,0.289713,0.005906,-0.039695
7282,-0.335214,5.425880,8.356173,-28.917948,-1.863243,-4.659661,32.649349,2.019117,-4.314591,0.958669,0.281474,0.006318,-0.041069
7283,-0.325105,5.228807,8.457676,-30.549683,-2.675096,-4.581821,31.587080,2.029241,-4.487631,0.961171,0.272588,0.006372,-0.042484
7284,-0.303998,5.067097,8.560019,-31.552843,-2.620295,-3.757764,30.467724,2.007512,-4.654882,0.963731,0.263189,0.006219,-0.043777
7285,-0.282702,4.886685,8.599387,-31.759449,-1.494359,-3.235806,29.331966,1.979022,-4.792413,0.966245,0.253623,0.006108,-0.044810
7286,-0.291386,4.743915,8.678492,-30.964951,-0.424884,-3.318110,28.219114,1.975886,-4.905209,0.968619,0.244233,0.006276,-0.045695
7287,-0.297108,4.590180,8.796718,-31.671900,1.050517,-2.805324,27.116764,2.009453,-4.992159,0.970881,0.234920,0.006822,-0.046438
7288,-0.320681,4.448815,8.884707,-30.504961,2.339793,-1.982796,26.029713,2.077996,-5.039520,0.973030,0.225726,0.007751,-0.046907
7289,-0.335948,4.267888,9.001498,-30.531292,2.765428,-1.547875,24.962717,2.167190,-5.057437,0.975061,0.216688,0.008913,-0.047153
7290,-0.334941,4.123056,9.075481,-31.201572,2.893483,-0.705522,23.884426,2.252299,-5.054184,0.977037,0.207532,0.010088,-0.047192
7291,-0.351564,3.922989,9.154454,-31.307270,2.911644,0.136840,22.793158,2.325073,-5.026157,0.978963,0.198240,0.011207,-0.046979
7292,-0.379495,3.762834,9.196135,-30.508087,2.324044,0.414592,21.713568,2.386909,-4.986309,0.980788,0.189025,0.012244,-0.046632
7293,-0.378609,3.606673,9.281590,-31.018087,1.568598,0.504653,20.647396,2.427363,-4.950080,0.982509,0.179902,0.013082,-0.046268
7294,-0.386142,3.439788,9.337153,-30.885630,1.740894,0.599298,19.579735,2.455549,-4.915132,0.984149,0.170745,0.013806,-0.045885
7295,-0.408955,3.305583,9.415017,-30.156458,1.661445,-0.082764,18.536226,2.493230,-4.889331,0.985664,0.161786,0.014584,-0.045588
7296,-0.408688,3.165773,9.459814,-29.355434,1.882622,-0.841125,17.533504,2.543538,-4.885952,0.987031,0.153171,0.015421,-0.045496
7297,-0.388622,3.019338,9.518481,-28.247602,1.690209,-1.060810,16.574339,2.590556,-4.898447,0.988262,0.144922,0.016191,-0.045532
7298,-0.394303,2.866446,9.539099,-27.296881,1.380244,-1.236225,15.656695,2.623770,-4.920237,0.989374,0.137018,0.016815,-0.045628
7299,-0.402769,2.727096,9.573613,-26.578039,0.620133,-1.307880,14.773803,2.640836,-4.951283,0.990384,0.129402,0.017279,-0.045785
7300,-0.402969,2.573630,9.580112,-25.692835,0.355950,-0.750855,13.922454,2.639249,-4.979206,0.991307,0.122044,0.017575,-0.045895
7301,-0.406523,2.443509,9.639759,-25.280645,0.140598,0.138819,13.096128,2.624133,-4.985761,0.992163,0.114888,0.017768,-0.045809
7302,-0.415573,2.304429,9.664381,-25.359787,-0.108297,0.630217,12.278461,2.599846,-4.971632,0.992968,0.107795,0.017897,-0.045536
7303,-0.412743,2.175627,9.711971,-25.078798,-0.595212,0.746230,11.466432,2.564732,-4.950054,0.993724,0.100740,0.017934,-0.045191
7304,-0.406483,2.046505,9.720460,-24.942734,-0.395458,1.019413,10.666061,2.524299,-4.922641,0.994424,0.093778,0.017921,-0.044794
7305,-0.396453,1.896337,9.771964,-24.626623,-0.539045,1.226978,9.872244,2.482933,-4.886907,0.995072,0.086867,0.017898,-0.044328
7306,-0.384846,1.746708,9.795901,-23.782600,-0.786412,1.054588,9.090020,2.433577,-4.851727,0.995666,0.080049,0.017796,-0.043865
7307,-0.369401,1.614779,9.827579,-22.595268,-0.632482,1.043944,8.338363,2.380873,-4.819565,0.996193,0.073493,0.017646,-0.043435
7308,-0.369230,1.509688,9.844336,-21.674931,-0.203883,1.106544,7.627844,2.338479,-4.784581,0.996651,0.067294,0.017567,-0.042996
7309,-0.359478,1.404321,9.861990,-20.681269,-0.677093,0.644225,6.958749,2.298167,-4.755726,0.997046,0.061455,0.017482,-0.042621
7310,-0.356988,1.289891,9.868087,-20.908312,-0.668106,0.305504,6.306347,2.252639,-4.740727,0.997394,0.055760,0.017336,-0.042369
7311,-0.354688,1.193234,9.852809,-20.651592,-0.620950,0.218559,5.659270,2.211672,-4.732251,0.997704,0.050111,0.017222,-0.042179
7312,-0.361827,1.075346,9.873681,-20.309401,-0.273147,-0.008778,5.024834,2.182747,-4.728103,0.997973,0.044576,0.017205,-0.042036
7313,-0.350007,0.916949,9.891376,-20.624992,0.027366,0.018709,4.377107,2.166596,-4.726796,0.998212,0.038928,0.017302,-0.041921
7314,-0.346170,0.791377,9.898125,-20.853724,0.494188,0.210990,3.705393,2.161060,-4.721455,0.998426,0.033073,0.017500,-0.041771
7315,-0.350160,0.691160,9.907445,-20.209625,0.593270,0.267462,3.041348,2.165694,-4.711487,0.998604,0.027287,0.017785,-0.041583
7316,-0.352863,0.601848,9.908086,-19.190067,0.599284,0.314781,2.415116,2.173782,-4.699571,0.998741,0.021830,0.018085,-0.041383
7317,-0.353804,0.487391,9.936653,-18.565689,0.370307,0.429240,1.820859,2.178371,-4.685148,0.998845,0.016650,0.018341,-0.041163
7318,-0.365667,0.397235,9.924599,-17.149343,0.315305,0.551328,1.262270,2.180743,-4.667034,0.998921,0.011779,0.018564,-0.040916
7319,-0.362748,0.327109,9.940963,-16.137291,0.266422,0.471994,0.753731,2.183402,-4.648002,0.998969,0.007343,0.018770,-0.040667
7320,-0.346952,0.231771,9.927855,-15.390710,0.156465,0.305685,0.279027,2.178923,-4.632977,0.998997,0.003201,0.018900,-0.040458
7321,-0.344574,0.108205,9.942646,-15.619293,0.104457,-0.010168,-0.198931,2.167603,-4.626457,0.999006,-0.000971,0.018969,-0.040322
7322,-0.333504,0.034473,9.902891,-15.017830,0.047854,0.168374,-0.678480,2.152148,-4.622522,0.998997,-0.005158,0.019003,-0.040209
7323,-0.325996,-0.042864,9.924054,-14.810028,-0.388731,0.299613,-1.140739,2.125372,-4.613164,0.998976,-0.009198,0.018931,-0.040053
7324,-0.331999,-0.128278,9.925349,-13.776699,-0.736802,0.784865,-1.581850,2.087041,-4.593194,0.998946,-0.013061,0.018749,-0.039811
7325,-0.331153,-0.191665,9.928886,-11.858317,-0.698783,1.338784,-1.971272,2.048103,-4.555597,0.998915,-0.016475,0.018539,-0.039425
7326,-0.324798,-0.223620,9.952333,-9.660601,-0.848442,1.865238,-2.279649,2.009457,-4.499415,0.998892,-0.019186,0.018299,-0.038892
7327,-0.326236,-0.269363,9.955668,-7.592501,-0.702059,1.920185,-2.506051,1.973243,-4.433122,0.998879,-0.021182,0.018048,-0.038285
7328,-0.319072,-0.289268,9.952109,-4.851417,-0.203172,1.788969,-2.645849,1.949670,-4.368343,0.998878,-0.022419,0.017876,-0.037704
7329,-0.313282,-0.300561,9.952361,-2.271712,-0.154487,1.566208,-2.651276,1.928289,-4.308357,0.998899,-0.022483,0.017680,-0.037184
7330,-0.309852,-0.309894,9.956542,-0.334124,-0.270656,1.216802,-2.544431,1.898810,-4.256671,0.998940,-0.021569,0.017378,-0.036756
7331,-0.299791,-0.329812,9.943034,1.450690,-0.399048,0.931478,-2.398534,1.862594,-4.216243,0.998985,-0.020315,0.017009,-0.036432
7332,-0.290130,-0.326138,9.942839,3.406177,-0.837232,0.775849,-2.219609,1.812751,-4.183860,0.999032,-0.018776,0.016512,-0.036185
7333,-0.288277,-0.293418,9.940145,4.339215,-1.235729,0.629373,-2.002366,1.750388,-4.156472,0.999083,-0.016906,0.015896,-0.035988
7334,-0.289774,-0.286540,9.945887,4.280291,-1.640256,0.366926,-1.784753,1.683482,-4.136079,0.999128,-0.015032,0.015241,-0.035849
7335,-0.286137,-0.266379,9.922769,4.117416,-2.035547,0.098372,-1.594592,1.612923,-4.125053,0.999164,-0.013398,0.014565,-0.035787
7336,-0.283234,-0.230621,9.902011,3.597414,-1.872278,-0.272417,-1.423764,1.547128,-4.125028,0.999190,-0.011929,0.013938,-0.035816
7337,-0.273113,-0.191847,9.910540,2.123754,-1.707441,-0.711873,-1.280882,1.491773,-4.138696,0.999206,-0.010699,0.013412,-0.035958
7338,-0.261072,-0.193436,9.899796,1.532012,-1.667734,-0.980427,-1.180957,1.439062,-4.164624,0.999213,-0.009842,0.012923,-0.036201
7339,-0.248122,-0.178166,9.901201,1.466604,-1.275562,-0.963636,-1.105794,1.390597,-4.195376,0.999214,-0.009198,0.012479,-0.036482
7340,-0.242556,-0.174847,9.911296,1.343168,-1.031409,-0.872076,-1.039247,1.352191,-4.224750,0.999214,-0.008627,0.012126,-0.036749
7341,-0.237161,-0.172722,9.917655,1.271541,-1.144308,-0.692014,-0.984875,1.317852,-4.249904,0.999213,-0.008162,0.011810,-0.036976
7342,-0.234918,-0.176189,9.915053,1.465338,-1.151900,-0.515006,-0.939006,1.283970,-4.269358,0.999213,-0.007771,0.011502,-0.037153
7343,-0.229596,-0.153744,9.931726,1.176951,-1.023669,-0.382250,-0.893705,1.254090,-4.283695,0.999214,-0.007384,0.011227,-0.037285
7344,-0.217935,-0.155735,9.914349,1.279219,-1.176231,-0.362411,-0.849199,1.221006,-4.295459,0.999216,-0.007006,0.010925,-0.037394
7345,-0.209931,-0.143666,9.904102,1.440975,-1.218959,-0.394455,-0.803121,1.180755,-4.307478,0.999219,-0.006616,0.010560,-0.037506
7346,-0.203288,-0.132467,9.906366,1.299101,-0.936671,-0.452439,-0.753133,1.143630,-4.321011,0.999220,-0.006191,0.010220,-0.037631
7347,-0.202105,-0.114867,9.906828,1.331229,-0.645207,-0.371563,-0.699073,1.118738,-4.334201,0.999221,-0.005727,0.009986,-0.037752
7348,-0.213683,-0.123434,9.894829,2.001158,-0.410118,-0.237280,-0.637627,1.112974,-4.344017,0.999221,-0.005192,0.009916,-0.037843
7349,-0.218079,-0.083368,9.911527,2.384259,0.047837,0.089272,-0.552911,1.129056,-4.346171,0.999223,-0.004448,0.010028,-0.037869
7350,-0.221154,-0.063506,9.931187,2.744606,0.527173,0.470759,-0.438725,1.163225,-4.336319,0.999227,-0.003442,0.010288,-0.037791
7351,-0.225927,-0.057655,9.932291,3.381076,0.670754,0.905652,-0.316194,1.201386,-4.313069,0.999234,-0.002363,0.010580,-0.037599
7352,-0.217380,-0.026242,9.940808,4.295196,0.371737,1.294766,-0.176187,1.226886,-4.276205,0.999246,-0.001137,0.010756,-0.037290
7353,-0.210289,-0.008142,9.946920,4.963650,-0.218784,1.586220,-0.008585,1.230995,-4.227908,0.999262,0.000321,0.010738,-0.036884
7354,-0.217279,0.003647,9.920616,5.509984,-0.714707,1.470251,0.173682,1.215694,-4.176827,0.999278,0.001901,0.010546,-0.036456
7355,-0.211077,0.039439,9.912452,5.458148,-1.202993,1.323763,0.363213,1.184846,-4.130268,0.999291,0.003540,0.010219,-0.036066
7356,-0.198804,0.078662,9.929453,5.270556,-1.431904,1.128446,0.554924,1.137794,-4.089487,0.999301,0.005194,0.009750,-0.035726
7357,-0.196240,0.079785,9.916483,5.282761,-1.393784,0.836994,0.731163,1.086830,-4.057263,0.999306,0.006712,0.009252,-0.035457
7358,-0.183020,0.117585,9.893136,4.911865,-1.262575,0.457038,0.889448,1.039656,-4.036560,0.999306,0.008076,0.008793,-0.035286
7359,-0.168858,0.158245,9.910771,4.055805,-1.105465,-0.127391,1.036919,0.992535,-4.031785,0.999300,0.009347,0.008337,-0.035252
7360,-0.156800,0.165838,9.915190,4.434199,-0.882781,-0.055672,1.173905,0.946930,-4.035578,0.999290,0.010528,0.007897,-0.035291
7361,-0.158706,0.185100,9.929089,4.670594,-1.270444,-0.095346,1.310214,0.901273,-4.039162,0.999279,0.011703,0.007457,-0.035328
7362,-0.171001,0.226166,9.943832,4.484355,-1.841105,-0.617214,1.453162,0.854075,-4.052442,0.999263,0.012936,0.007000,-0.035447
7363,-0.165020,0.262581,9.959281,4.461500,-2.581060,-0.901040,1.606019,0.795948,-4.079610,0.999241,0.014253,0.006442,-0.035687
7364,-0.148632,0.290012,9.925653,5.534309,-2.770171,-0.820166,1.782594,0.720684,-4.110728,0.999213,0.015771,0.005726,-0.035958
7365,-0.141833,0.303161,9.923336,5.122332,-2.741072,-1.168081,1.962681,0.643248,-4.146772,0.999180,0.017318,0.004989,-0.036270
7366,-0.116762,0.326975,9.881077,4.148726,-2.368658,-1.371033,2.108372,0.570570,-4.192146,0.999146,0.018568,0.004302,-0.036660
7367,-0.096530,0.340261,9.895271,2.187773,-1.349326,-1.233702,2.196351,0.512056,-4.238021,0.999119,0.019317,0.003756,-0.037054
7368,-0.093624,0.341051,9.866763,1.020203,0.524522,-1.013970,2.219843,0.501364,-4.276259,0.999104,0.019520,0.003649,-0.037386
7369,-0.105988,0.317305,9.917446,-1.204998,1.786558,-0.803401,2.166161,0.552835,-4.305504,0.999101,0.019070,0.004110,-0.037648
7370,-0.121895,0.338427,9.902166,-3.254713,2.152955,-0.588255,2.041943,0.641181,-4.326762,0.999109,0.018017,0.004918,-0.037842
7371,-0.143336,0.311081,9.928472,-4.242209,2.616998,-0.263241,1.889156,0.741515,-4.338559,0.999123,0.016718,0.005841,-0.037953
7372,-0.147072,0.316740,9.898626,-4.451361,2.658297,0.366961,1.731667,0.841616,-4.334238,0.999140,0.015378,0.006767,-0.037920
7373,-0.156367,0.287008,9.950223,-4.260666,1.056131,0.582115,1.581069,0.910016,-4.316737,0.999160,0.014086,0.007415,-0.037766
7374,-0.156072,0.278604,9.912048,-4.048579,0.493081,0.966647,1.440901,0.937230,-4.290306,0.999183,0.012871,0.007702,-0.037530
7375,-0.162658,0.226637,9.955310,-2.867595,0.514441,1.216898,1.316046,0.952674,-4.253687,0.999207,0.011785,0.007881,-0.037204
7376,-0.169590,0.250710,9.938137,-0.426119,-0.001307,1.190957,1.261181,0.962255,-4.213376,0.999225,0.011306,0.007986,-0.036849
7377,-0.173054,0.232607,9.955469,2.473276,-0.126394,1.198588,1.313162,0.964054,-4.173314,0.999232,0.011758,0.007989,-0.036504
7378,-0.177824,0.285963,9.925615,3.967321,0.815145,1.741819,1.441826,0.979701,-4.123684,0.999233,0.012881,0.008091,-0.036082
7379,-0.180123,0.290667,9.905318,5.639928,0.632075,2.274369,1.627126,1.007166,-4.055702,0.999230,0.014500,0.008280,-0.035505
7380,-0.175785,0.321367,9.855799,6.577006,0.275033,3.008341,1.852283,1.022759,-3.966858,0.999226,0.016462,0.008359,-0.034749
7381,-0.168514,0.369785,9.886787,5.481568,0.421511,3.704166,2.077353,1.029161,-3.854233,0.999224,0.018418,0.008365,-0.033784
7382,-0.164879,0.421738,9.934210,3.900924,-0.068352,4.120750,2.262870,1.024868,-3.723204,0.999232,0.020025,0.008296,-0.032654
7384,-0.156628,0.409478,9.939449,4.310021,-1.054168,4.221466,2.420887,0.992096,-3.584706,0.999245,0.021384,0.007991,-0.031452
7385,-0.154500,0.459410,9.951060,3.388543,-2.503906,4.540393,2.574110,0.912745,-3.441004,0.999260,0.022690,0.007285,-0.030194
7386,-0.130788,0.556043,9.975004,2.352998,-3.427268,4.352721,2.741817,0.784943,-3.296413,0.999272,0.024111,0.006157,-0.028918
7387,-0.109116,0.524044,9.983424,1.491436,-3.580074,4.059762,2.880822,0.634548,-3.161039,0.999285,0.025280,0.004840,-0.027712
7388,-0.096109,0.497847,9.928652,0.807991,-3.021745,3.446350,2.941378,0.498309,-3.041404,0.999306,0.025772,0.003664,-0.026641
7389,-0.080790,0.544612,9.866280,-2.573321,-1.651538,2.543007,2.930033,0.406218,-2.945540,0.999334,0.025649,0.002885,-0.025784
7390,-0.074506,0.542684,9.873146,-4.576643,0.774672,1.845661,2.838553,0.386532,-2.872982,0.999371,0.024845,0.002750,-0.025145
7391,-0.085404,0.430182,9.942862,-5.136707,2.358626,1.705274,2.671078,0.441309,-2.811383,0.999418,0.023395,0.003277,-0.024614
7392,-0.118224,0.403020,9.942811,-5.523002,2.549482,1.506896,2.464283,0.534994,-2.754472,0.999467,0.021609,0.004149,-0.024130
7393,-0.114556,0.196733,10.008671,-6.617654,2.180328,1.569449,2.192162,0.626685,-2.700737,0.999522,0.019252,0.005016,-0.023666
7394,-0.113124,0.161800,10.052762,-5.654138,0.277544,1.073512,1.879478,0.671853,-2.656434,0.999577,0.016532,0.005480,-0.023272
7395,-0.091331,0.165867,10.058932,-4.270859,-2.231122,0.974320,1.622571,0.632707,-2.624384,0.999621,0.014282,0.005195,-0.022976
7396,-0.043221,0.197092,9.896692,-3.247435,-4.616321,1.435149,1.438607,0.495290,-2.587963,0.999656,0.012648,0.004037,-0.022635
7397,0.017866,0.140761,9.760560,-2.155237,-5.764146,2.398013,1.303378,0.279849,-2.528638,0.999688,0.011425,0.002190,-0.022091
7398,0.030834,0.310385,9.648091,-1.086934,-4.975750,2.486529,1.268982,0.035482,-2.451219,0.999710,0.011078,0.000073,-0.021391
7399,0.023580,0.312883,9.726763,-1.479880,-2.456872,3.240348,1.318835,-0.143644,-2.358438,0.999722,0.011481,-0.001490,-0.020564
7400,0.019025,0.210797,9.838020,-0.684552,-0.410700,3.296809,1.322641,-0.205717,-2.250591,0.999739,0.011504,-0.002021,-0.019617
7401,-0.021795,0.178157,9.960630,-0.877078,0.729408,2.127946,1.263897,-0.172100,-2.159978,0.999761,0.010999,-0.001709,-0.018831
7402,-0.053213,0.245308,10.064500,-1.100017,0.987669,0.539449,1.211545,-0.097059,-2.114882,0.999774,0.010555,-0.001042,-0.018445
7403,-0.042654,0.279256,10.080880,-0.185818,-0.139718,-0.269297,1.211265,-0.049093,-2.110135,0.999775,0.010560,-0.000623,-0.018408
7404,0.004980,0.245398,9.966743,1.138942,-1.624317,-0.356278,1.259395,-0.062416,-2.121222,0.999768,0.010978,-0.000748,-0.018503
7405,0.041549,0.255905,9.836156,1.278088,-1.966230,-0.460038,1.335547,-0.135188,-2.136215,0.999758,0.011631,-0.001397,-0.018626
7406,0.057759,0.306998,9.791384,0.948949,-0.898337,-0.421886,1.430315,-0.214409,-2.152213,0.999744,0.012444,-0.002105,-0.018756
7407,0.064409,0.305191,9.814765,0.748068,0.720427,-0.025140,1.526213,-0.247516,-2.160002,0.999732,0.013275,-0.002410,-0.018818
7408,0.039015,0.205822,9.956006,-0.384163,1.710660,0.777498,1.532959,-0.218875,-2.146405,0.999734,0.013339,-0.002160,-0.018703
7409,0.005885,0.165225,10.017076,-0.728116,1.640607,0.276994,1.436871,-0.146136,-2.127104,0.999749,0.012513,-0.001508,-0.018544
7410,-0.022841,0.227366,10.011229,-1.787590,0.906945,-0.455456,1.334631,-0.065109,-2.128897,0.999760,0.011634,-0.000784,-0.018569
7411,-0.038689,0.183501,10.022973,-1.925205,0.478535,-0.534814,1.237630,0.005274,-2.144900,0.999767,0.010799,-0.000156,-0.018716
7412,-0.038609,0.139884,9.992830,-2.359050,-0.169649,-0.923932,1.106098,0.052776,-2.169173,0.999774,0.009659,0.000278,-0.018932
7413,-0.020929,0.183473,9.885079,-2.205250,-0.422762,-1.985980,0.990112,0.067509,-2.217930,0.999775,0.008650,0.000422,-0.019358
7414,-0.011723,0.240009,9.889693,-3.059663,0.146453,-2.504795,0.915384,0.069891,-2.292847,0.999768,0.007999,0.000450,-0.020012
7415,-0.017596,0.190139,9.931276,-2.925188,0.720212,-1.993610,0.839764,0.086820,-2.367561,0.999759,0.007342,0.000606,-0.020664
7416,-0.006083,0.149206,9.937966,-2.700809,0.688161,-1.848648,0.754294,0.110337,-2.431253,0.999753,0.006601,0.000823,-0.021221
7417,-0.018170,0.149373,9.961968,-2.609176,0.309710,-1.763194,0.675251,0.125072,-2.491218,0.999746,0.005915,0.000963,-0.021744
7418,-0.030255,0.185716,9.949373,-2.610369,0.057962,-1.357298,0.629713,0.135401,-2.543066,0.999738,0.005520,0.001059,-0.022197
7419,-0.031868,0.121328,9.932744,-1.824208,0.054975,-0.499728,0.594413,0.145747,-2.573914,0.999733,0.005214,0.001155,-0.022466
7420,-0.024046,0.117070,9.951935,-1.482302,0.112987,-0.728617,0.551724,0.152171,-2.594331,0.999731,0.004844,0.001219,-0.022644
7421,-0.034613,0.159126,9.953574,-1.079162,0.221354,-1.140616,0.545925,0.161354,-2.625333,0.999725,0.004795,0.001299,-0.022915
7422,-0.024444,0.150890,9.929195,0.525045,0.570809,-1.451905,0.593969,0.177218,-2.668250,0.999714,0.005218,0.001425,-0.023290
7423,-0.031753,0.126996,9.944422,1.863590,0.746280,-1.746406,0.672139,0.198543,-2.721198,0.999699,0.005905,0.001593,-0.023754
7424,-0.036525,0.142326,9.952975,2.295617,0.579966,-1.865429,0.764973,0.222851,-2.781035,0.999681,0.006721,0.001782,-0.024279
7425,-0.033737,0.144327,9.914581,3.005316,0.424311,-2.098894,0.871070,0.239181,-2.846795,0.999660,0.007651,0.001898,-0.024856
7426,-0.037762,0.130469,9.890801,3.110575,0.349509,-2.187398,0.968841,0.249193,-2.918041,0.999637,0.008507,0.001959,-0.025479
7427,-0.045804,0.179275,9.919221,1.940158,0.579920,-2.074479,1.048640,0.265500,-2.988807,0.999615,0.009208,0.002077,-0.026099
7428,-0.046635,0.189023,9.917376,0.852246,0.770673,-1.573976,1.104039,0.290749,-3.049142,0.999596,0.009698,0.002280,-0.026629
7429,-0.060045,0.202227,9.911559,0.492200,1.132358,-1.369503,1.135191,0.328428,-3.097528,0.999581,0.009980,0.002597,-0.027055
7430,-0.072198,0.214793,9.944809,-0.162311,1.332350,-0.869000,1.154371,0.382219,-3.133931,0.999569,0.010161,0.003059,-0.027377
7431,-0.063480,0.216073,9.954364,-0.194228,1.254575,-0.527193,1.164203,0.431670,-3.156225,0.999561,0.010259,0.003486,-0.027576
7432,-0.064527,0.219909,9.939754,-0.445877,0.973754,-0.318139,1.169458,0.462693,-3.169441,0.999556,0.010313,0.003754,-0.027695
7433,-0.067509,0.211929,9.955264,-0.781479,0.421279,-0.174700,1.161713,0.474934,-3.177082,0.999555,0.010249,0.003862,-0.027762
7434,-0.061320,0.186696,9.958206,-1.214867,-0.210586,0.222043,1.125316,0.462059,-3.176244,0.999559,0.009928,0.003758,-0.027752
7435,-0.058497,0.156086,9.950135,-1.665224,-0.700573,0.431096,1.051208,0.426047,-3.165843,0.999569,0.009273,0.003463,-0.027656
7436,-0.064532,0.161772,9.964473,-2.582536,-1.060811,0.502815,0.951543,0.381398,-3.150994,0.999581,0.008392,0.003099,-0.027521
7437,-0.053888,0.134129,9.959910,-2.614782,-1.478999,0.870563,0.839968,0.328176,-3.128924,0.999596,0.007405,0.002663,-0.027322
7438,-0.043456,0.106638,9.910517,-2.262562,-1.807172,1.279511,0.725237,0.260554,-3.094025,0.999613,0.006388,0.002102,-0.027011
7439,-0.041246,0.110412,9.911511,-2.340592,-1.564616,1.230681,0.622809,0.195607,-3.052976,0.999629,0.005479,0.001562,-0.026648
7440,-0.038906,0.122331,9.895138,-2.084237,-1.387603,1.355807,0.549065,0.146590,-3.010378,0.999643,0.004823,0.001153,-0.026273
7441,-0.027254,0.071218,9.876550,-1.405234,-1.115961,1.631999,0.486816,0.107842,-2.960972,0.999657,0.004271,0.000831,-0.025840
7442,-0.027515,0.053480,9.870320,-1.193338,-0.615415,1.279510,0.417563,0.083886,-2.912734,0.999670,0.003661,0.000639,-0.025418
7443,-0.018781,0.071805,9.938399,-1.487962,0.056043,0.579109,0.357923,0.080710,-2.881855,0.999679,0.003140,0.000626,-0.025148
7444,-0.011065,0.081928,9.933576,-1.219325,-0.040085,0.118279,0.322070,0.081534,-2.870217,0.999682,0.002828,0.000641,-0.025047
7445,-0.002238,0.043683,9.932499,-1.310851,-0.001994,-0.313558,0.283607,0.073724,-2.873467,0.999682,0.002490,0.000581,-0.025075
7446,-0.004155,0.045034,9.948127,-1.495550,-0.028014,-0.579068,0.228955,0.063423,-2.888349,0.999680,0.002011,0.000503,-0.025204
7447,-0.009886,0.039425,9.960689,-1.671049,-0.337815,-0.545497,0.173958,0.052697,-2.907109,0.999677,0.001529,0.000421,-0.025367
7448,-0.015550,0.007254,9.918365,-1.169109,-0.508698,-0.397483,0.115424,0.041176,-2.922873,0.999674,0.001016,0.000334,-0.025504
7449,-0.021176,-0.013662,9.921805,-1.085402,-0.488782,-0.212846,0.050644,0.034419,-2.933099,0.999672,0.000449,0.000289,-0.025593
7450,-0.030639,-0.002690,9.935827,-0.784968,-0.401655,-0.073987,-0.002238,0.038193,-2.937917,0.999671,-0.000011,0.000334,-0.025635
7451,-0.015334,0.006634,9.929214,-0.578986,-0.113128,0.106072,-0.027107,0.045660,-2.937393,0.999671,-0.000226,0.000404,-0.025631
7452,-0.008345,-0.015907,9.915174,-0.076972,0.149368,0.179316,-0.040060,0.050671,-2.932641,0.999672,-0.000338,0.000451,-0.025589
7453,-0.013962,0.034493,9.948575,0.142877,0.071566,0.252562,-0.024463,0.057049,-2.925432,0.999674,-0.000201,0.000503,-0.025526
7454,-0.003116,0.053167,9.976926,0.485063,0.095975,0.464666,0.033389,0.059055,-2.913432,0.999677,0.000304,0.000508,-0.025422
7455,0.006591,0.041561,9.954716,0.737198,-0.287123,0.707288,0.098411,0.044501,-2.893866,0.999681,0.000868,0.000367,-0.025251
7456,-0.007244,0.035774,9.947007,0.615333,-0.784641,0.605052,0.147087,0.018280,-2.872017,0.999685,0.001287,0.000127,-0.025061
7457,-0.001697,0.065801,9.948605,0.202034,-1.028797,0.539437,0.189004,-0.012940,-2.853016,0.999689,0.001646,-0.000154,-0.024894
7458,0.013304,0.037236,9.916408,0.009939,-1.074623,0.663037,0.214025,-0.054104,-2.833095,0.999693,0.001855,-0.000518,-0.024720
7459,0.005817,-0.005071,9.894560,-0.064976,-1.129585,0.617259,0.194976,-0.094540,-2.811866,0.999697,0.001681,-0.000867,-0.024534
7460,-0.000801,0.020014,9.905226,-0.231517,-0.867046,0.272400,0.163125,-0.117895,-2.797111,0.999701,0.001398,-0.001063,-0.024405
7461,0.004350,0.046237,9.913212,-0.197929,-0.630399,0.072504,0.158030,-0.126875,-2.791445,0.999702,0.001352,-0.001140,-0.024356
7462,0.007579,0.040408,9.919670,0.108901,-0.453275,0.119807,0.171496,-0.130291,-2.788322,0.999702,0.001468,-0.001173,-0.024329
7463,0.008620,0.027962,9.917789,0.302737,-0.169344,-0.014475,0.183803,-0.127041,-2.786608,0.999703,0.001577,-0.001147,-0.024314
7464,0.015180,0.054284,9.919293,0.336387,0.027581,-0.147231,0.204444,-0.119407,-2.789330,0.999702,0.001758,-0.001085,-0.024337
7465,0.020895,0.049210,9.927121,0.440290,0.097798,-0.173172,0.234843,-0.114116,-2.794697,0.999700,0.002024,-0.001046,-0.024384
7466,0.024086,0.036866,9.917207,0.614284,0.303781,-0.267779,0.257244,-0.109577,-2.802028,0.999698,0.002221,-0.001011,-0.024448
7467,0.022163,0.057580,9.922305,0.682986,0.485337,-0.403587,0.283335,-0.099993,-2.813166,0.999695,0.002450,-0.000933,-0.024545
7468,0.014998,0.082053,9.946941,0.782347,0.485334,-0.472254,0.329825,-0.084136,-2.827717,0.999691,0.002859,-0.000805,-0.024672
7469,0.009185,0.058738,9.940503,0.996109,0.497572,-0.388329,0.375986,-0.063933,-2.841985,0.999687,0.003266,-0.000639,-0.024796
7470,0.003872,0.058828,9.934623,0.988460,0.360286,-0.366966,0.406741,-0.043483,-2.854470,0.999683,0.003539,-0.000468,-0.024906
7471,0.002592,0.070748,9.928426,0.968599,0.238259,-0.391381,0.436435,-0.027571,-2.867029,0.999680,0.003801,-0.000336,-0.025016
7472,0.011821,0.061561,9.920662,0.934976,-0.018104,-0.469203,0.461554,-0.024804,-2.881338,0.999676,0.004021,-0.000318,-0.025141
7473,0.007546,0.048745,9.913625,0.553321,-0.211937,-0.525662,0.464640,-0.033463,-2.897940,0.999672,0.004046,-0.000394,-0.025285
7474,0.009052,0.092781,9.915719,0.194657,-0.193651,-0.876624,0.468091,-0.043171,-2.921363,0.999667,0.004074,-0.000481,-0.025489
7475,0.015623,0.087772,9.913801,0.086389,-0.155546,-0.872046,0.482018,-0.054244,-2.950562,0.999660,0.004193,-0.000582,-0.025743
7476,0.018446,0.081785,9.932183,-0.118065,-0.239538,-0.682831,0.483929,-0.068884,-2.976534,0.999654,0.004206,-0.000711,-0.025969
7477,0.012401,0.088918,9.920127,-0.121104,-0.166331,-0.550075,0.481586,-0.080051,-2.997140,0.999649,0.004183,-0.000808,-0.026149
7478,0.018450,0.081550,9.915072,-0.085995,-0.195342,-0.484460,0.479765,-0.088375,-3.014434,0.999645,0.004165,-0.000881,-0.026299
7479,0.008236,0.062643,9.918787,0.072615,-0.375393,-0.376119,0.468877,-0.096582,-3.028839,0.999642,0.004068,-0.000951,-0.026425
7480,0.013020,0.074473,9.933307,0.029785,-0.184610,-0.391379,0.457503,-0.100622,-3.041686,0.999640,0.003968,-0.000984,-0.026537
7481,0.020523,0.093249,9.934965,-0.052588,-0.189186,-0.370017,0.460557,-0.106437,-3.054431,0.999636,0.003993,-0.001036,-0.026648
7482,0.014862,0.052178,9.935561,0.193034,-0.529465,-0.359334,0.456305,-0.118066,-3.066670,0.999634,0.003953,-0.001136,-0.026754
7483,0.019123,0.059450,9.915015,0.246259,-0.561491,-0.478356,0.440955,-0.133782,-3.080730,0.999631,0.003815,-0.001270,-0.026876
7484,0.029211,0.084138,9.922974,-0.152052,-0.530990,-0.318134,0.436899,-0.154163,-3.094133,0.999627,0.003775,-0.001448,-0.026993
7485,0.021126,0.087709,9.923180,-0.124510,-0.651540,-0.276934,0.441850,-0.174019,-3.104227,0.999625,0.003813,-0.001622,-0.027080
7487,0.016229,0.062698,9.921462,-0.034487,-0.588902,-0.234209,0.438371,-0.185253,-3.112900,0.999623,0.003780,-0.001720,-0.027155
7488,0.023408,0.080352,9.913237,-0.119975,-0.253112,-0.150284,0.431339,-0.188383,-3.119402,0.999621,0.003718,-0.001746,-0.027212
7489,0.024016,0.100012,9.944051,-0.254142,0.056718,-0.147232,0.439364,-0.183286,-3.124433,0.999620,0.003789,-0.001703,-0.027256
7490,0.033273,0.074340,9.942350,0.045028,0.169664,-0.203693,0.447057,-0.176005,-3.130288,0.999618,0.003858,-0.001642,-0.027307
7491,0.030024,0.056252,9.927271,0.238732,0.250534,-0.272359,0.440697,-0.169418,-3.138134,0.999617,0.003804,-0.001583,-0.027376
7492,0.030191,0.085245,9.928893,0.351603,0.398547,-0.429529,0.444636,-0.158683,-3.149729,0.999614,0.003841,-0.001491,-0.027478
7493,0.019927,0.091041,9.953999,0.234194,0.285655,-0.424952,0.465320,-0.143900,-3.163909,0.999610,0.004024,-0.001367,-0.027601
7494,0.012929,0.077693,9.927995,0.350206,0.075153,-0.159442,0.480285,-0.128367,-3.173611,0.999607,0.004159,-0.001236,-0.027686
7495,0.009868,0.085526,9.924667,0.174723,0.211055,-0.075516,0.488750,-0.111840,-3.177484,0.999606,0.004236,-0.001094,-0.027721
7496,0.014515,0.096146,9.933042,0.019132,0.234009,0.086231,0.498586,-0.096131,-3.177253,0.999606,0.004326,-0.000959,-0.027719
7497,0.014231,0.086452,9.928842,-0.000662,0.035667,0.225090,0.504395,-0.088171,-3.172035,0.999607,0.004379,-0.000891,-0.027674
7498,0.017237,0.103092,9.937052,-0.136409,0.087551,0.110645,0.509625,-0.085933,-3.166433,0.999608,0.004425,-0.000872,-0.027625
7499,0.020113,0.102801,9.937467,-0.023374,0.127197,0.095386,0.521379,-0.085821,-3.162989,0.999609,0.004527,-0.000874,-0.027595
7500,0.013830,0.085944,9.923775,0.057538,-0.165797,0.127430,0.526766,-0.088503,-3.159289,0.999609,0.004574,-0.000899,-0.027563
7501,0.015411,0.107116,9.917970,0.080470,-0.252770,-0.043474,0.534633,-0.095037,-3.157963,0.999609,0.004641,-0.000958,-0.027551
7502,0.017090,0.092584,9.932495,0.323153,-0.141381,-0.075518,0.548984,-0.101926,-3.160021,0.999608,0.004764,-0.001021,-0.027568
7503,0.020252,0.085514,9.927869,0.675605,-0.116978,-0.014480,0.560961,-0.107758,-3.161554,0.999607,0.004867,-0.001075,-0.027581
7504,0.029232,0.112045,9.953155,0.754972,-0.315398,-0.151813,0.587187,-0.121224,-3.164405,0.999605,0.005093,-0.001199,-0.027605
7505,0.031600,0.119964,9.947274,1.373097,-0.486383,-0.212849,0.638317,-0.144628,-3.170664,0.999601,0.005533,-0.001416,-0.027658
7506,0.023816,0.113685,9.935941,1.899622,-0.579501,-0.301353,0.702968,-0.166747,-3.179470,0.999596,0.006092,-0.001625,-0.027733
7507,0.027383,0.152431,9.924708,2.076759,-0.480305,-0.379176,0.785457,-0.182930,-3.191087,0.999588,0.006807,-0.001787,-0.027832
7508,0.033105,0.158970,9.928894,2.408091,-0.431475,-0.312035,0.885975,-0.197906,-3.202906,0.999578,0.007680,-0.001942,-0.027933
7509,0.030485,0.141746,9.902376,3.152786,-0.268192,-0.324243,0.984189,-0.208271,-3.213717,0.999569,0.008534,-0.002058,-0.028025
7510,0.036167,0.180092,9.928659,3.079535,-0.181200,-0.399014,1.087196,-0.213781,-3.225899,0.999558,0.009431,-0.002132,-0.028129
7511,0.043649,0.204600,9.951634,2.823275,-0.237684,-0.273887,1.197750,-0.223694,-3.237299,0.999545,0.010393,-0.002246,-0.028225
7512,0.038473,0.213297,9.944410,2.985106,-0.355204,-0.270835,1.304728,-0.236323,-3.246637,0.999532,0.011323,-0.002384,-0.028303
7513,0.039378,0.236399,9.933528,3.024839,-0.521522,-0.321192,1.412398,-0.249752,-3.256877,0.999519,0.012258,-0.002529,-0.028389
7514,0.041191,0.261684,9.949769,2.615993,-0.646633,-0.275414,1.519185,-0.267136,-3.267366,0.999504,0.013185,-0.002708,-0.028476
7515,0.034765,0.259804,9.931220,2.777790,-0.548921,-0.264735,1.615253,-0.280202,-3.276927,0.999490,0.014020,-0.002847,-0.028555
7516,0.041594,0.277736,9.930459,2.445115,-0.538169,-0.284574,1.699527,-0.289135,-3.286575,0.999477,0.014752,-0.002947,-0.028636
7517,0.047807,0.294683,9.940534,1.938498,-0.619007,-0.252530,1.771409,-0.303641,-3.296093,0.999465,0.015375,-0.003093,-0.028715
7518,0.046875,0.290490,9.925705,2.228360,-0.797509,-0.232693,1.832858,-0.323077,-3.304870,0.999454,0.015906,-0.003279,-0.028788
7519,0.044008,0.290315,9.925171,2.263288,-0.892048,-0.301362,1.886738,-0.342407,-3.314557,0.999443,0.016371,-0.003463,-0.028868
7520,0.054106,0.318236,9.946257,1.909132,-0.920974,-0.119778,1.938697,-0.364037,-3.322470,0.999433,0.016818,-0.003665,-0.028932
7521,0.058882,0.319549,9.937784,2.845949,-0.997234,0.185407,2.005353,-0.391390,-3.322393,0.999423,0.017393,-0.003921,-0.028925
7522,0.071260,0.311619,9.935016,3.556827,-0.962133,0.292222,2.086535,-0.423861,-3.315432,0.999411,0.018093,-0.004223,-0.028856
7523,0.078991,0.334797,9.933053,3.588628,-0.943856,0.278492,2.175152,-0.460198,-3.306896,0.999398,0.018857,-0.004561,-0.028772
7524,0.085621,0.370102,9.920559,4.729890,-0.943900,0.612673,2.297454,-0.497671,-3.293171,0.999379,0.019914,-0.004916,-0.028641
7525,0.092035,0.452494,9.935787,6.942663,-0.924107,0.371576,2.514483,-0.535002,-3.278307,0.999342,0.021799,-0.005293,-0.028495
7526,0.106595,0.497653,9.980290,10.445095,-0.940965,-0.119773,2.858434,-0.575310,-3.276110,0.999271,0.024788,-0.005730,-0.028451
7527,0.112155,0.590497,9.977523,15.418489,-1.044801,-0.019062,3.339896,-0.617406,-3.280778,0.999156,0.028975,-0.006218,-0.028457
7528,0.105862,0.699982,9.956909,21.250978,-1.226405,-0.142665,4.001510,-0.657410,-3.286474,0.998969,0.034733,-0.006732,-0.028458
7529,0.100377,0.822906,9.925072,26.052013,-1.206539,-0.855279,4.849236,-0.692815,-3.306832,0.998678,0.042112,-0.007259,-0.028572
7530,0.075853,0.856285,9.939130,27.875767,0.086032,-2.208787,5.782476,-0.692662,-3.359665,0.998289,0.050241,-0.007513,-0.028972
7531,0.045265,1.053827,9.844243,28.535099,1.282585,-3.049596,6.740331,-0.631854,-3.444209,0.997814,0.058594,-0.007269,-0.029675
7532,0.021700,1.231132,9.850031,28.970224,2.460910,-4.230698,7.729446,-0.515676,-3.556538,0.997245,0.067229,-0.006579,-0.030658
7533,0.013001,1.420856,9.877387,30.510162,3.118897,-4.720563,8.756737,-0.362852,-3.690577,0.996567,0.076201,-0.005614,-0.031865
7534,0.026361,1.626139,9.888960,31.784657,2.656756,-4.456612,9.838804,-0.215960,-3.825716,0.995765,0.085644,-0.004739,-0.033095
7535,0.037376,1.889370,9.787204,34.422012,0.725005,-2.971900,11.012002,-0.129223,-3.937232,0.994802,0.095855,-0.004418,-0.034085
7536,0.014976,2.080524,9.772975,36.288918,-0.999277,-1.859504,12.277769,-0.115474,-4.016995,0.993658,0.106838,-0.004749,-0.034739
7537,0.001666,2.285093,9.704052,37.495060,-2.377140,-0.258820,13.589890,-0.156119,-4.063888,0.992356,0.118194,-0.005547,-0.035047
7538,0.019758,2.473730,9.634410,38.363903,-2.493062,1.163329,14.928330,-0.232195,-4.069121,0.990909,0.129753,-0.006620,-0.034938
7539,0.004207,2.682052,9.559052,39.901031,-1.452300,2.258921,16.297157,-0.300307,-4.031880,0.989301,0.141561,-0.007579,-0.034451
7540,0.008946,2.884619,9.504318,41.267178,-0.307710,3.082878,17.704771,-0.335227,-3.955258,0.987511,0.153697,-0.008199,-0.033648
7541,0.042719,3.082814,9.460847,41.635235,0.461463,3.853436,19.124319,-0.355121,-3.844661,0.985564,0.165921,-0.008627,-0.032564
7542,0.052681,3.289491,9.380051,40.722912,0.211256,4.060947,20.518578,-0.383331,-3.716766,0.983508,0.177902,-0.009066,-0.031315
7543,0.021873,3.488055,9.214422,38.736294,-0.164026,4.007503,21.859144,-0.418357,-3.590984,0.981394,0.189396,-0.009523,-0.030072
7544,0.001366,3.642150,9.136810,37.568993,0.147470,3.616785,23.133564,-0.439462,-3.473180,0.979258,0.200303,-0.009832,-0.028920
7545,-0.005786,3.895300,9.024384,37.829956,0.741327,3.160420,24.392866,-0.434620,-3.363165,0.977025,0.211063,-0.009905,-0.027881
7546,-0.022796,4.092794,8.901668,38.870808,1.803688,2.957331,25.691599,-0.396011,-3.252167,0.974595,0.222141,-0.009677,-0.026898
7547,-0.032048,4.284673,8.804048,41.332310,3.734331,1.905804,27.050703,-0.301352,-3.137751,0.971916,0.233717,-0.008959,-0.026004
7548,-0.061594,4.572534,8.791634,42.481560,5.475782,0.114183,28.475643,-0.129566,-3.035629,0.968950,0.245832,-0.007610,-0.025396
7549,-0.062602,4.859252,8.737082,41.511417,5.996459,-0.627596,29.918352,0.089112,-2.948961,0.965785,0.258065,-0.005891,-0.025060
7550,-0.055672,5.051614,8.664699,39.285400,5.311528,-0.644496,31.303749,0.291902,-2.870470,0.962596,0.269768,-0.004305,-0.024805
7551,-0.052242,5.274551,8.580251,36.978405,3.852811,-0.003647,32.600101,0.436917,-2.798315,0.959486,0.280671,-0.003195,-0.024506
7552,-0.059474,5.443649,8.481275,32.997387,2.024727,1.777127,33.782288,0.498789,-2.719733,0.956550,0.290569,-0.002732,-0.023972
7553,-0.030686,5.593462,8.371911,28.878933,-0.000294,4.363647,34.816772,0.451432,-2.616188,0.953914,0.299186,-0.003072,-0.022961
7554,-0.030332,5.693102,8.255038,26.560968,-1.164741,6.564145,35.730778,0.305428,-2.478954,0.951536,0.306764,-0.004100,-0.021406
7555,-0.040088,5.733396,8.268987,27.236546,-3.169905,6.562685,36.577003,0.103344,-2.345351,0.949283,0.313754,-0.005566,-0.019715
7556,-0.035943,5.842717,8.060217,25.964905,-5.919618,4.343982,37.395535,-0.125966,-2.291519,0.947040,0.320491,-0.007451,-0.018588
7557,-0.019754,5.930686,7.911606,25.319046,-6.691644,1.203559,38.201263,-0.334574,-2.347087,0.944763,0.327102,-0.009460,-0.018398
7558,0.010086,5.952694,7.847386,26.015875,-6.789166,-2.379418,38.992908,-0.476605,-2.502070,0.942460,0.333580,-0.011206,-0.019193
7559,0.039181,6.091675,7.769745,26.294479,-7.620655,-6.490367,39.787266,-0.546699,-2.767979,0.940080,0.340064,-0.012703,-0.021088
7560,0.049503,6.356782,7.570485,23.364485,-7.022361,-8.355154,40.590500,-0.552470,-3.114078,0.937606,0.346603,-0.013945,-0.023813
7561,0.056894,6.387866,7.635980,23.039310,-4.786756,-7.731155,41.348358,-0.505164,-3.445185,0.935218,0.352766,-0.014735,-0.026569
7562,0.052304,6.461425,7.615721,24.413599,-4.516554,-7.499303,42.070221,-0.434074,-3.737028,0.932902,0.358631,-0.015237,-0.029074
7563,0.030702,6.599496,7.512701,25.700878,-4.748377,-7.296454,42.832050,-0.362256,-4.022332,0.930416,0.364807,-0.015755,-0.031517
7564,0.023982,6.720210,7.349137,27.203526,-5.173989,-6.490872,43.666870,-0.305138,-4.302342,0.927649,0.371553,-0.016430,-0.033854
7565,0.017770,6.789196,7.244027,27.860897,-4.818345,-5.496065,44.547749,-0.267827,-4.561128,0.924682,0.378647,-0.017244,-0.035938
7566,0.009900,6.970548,7.067166,28.095734,-3.696690,-5.297790,45.461895,-0.223675,-4.788261,0.921554,0.385991,-0.017940,-0.037775
7567,0.029226,7.116193,7.004154,27.254965,-1.636628,-4.304476,46.387016,-0.159339,-4.963248,0.918341,0.393413,-0.018330,-0.039252
7568,0.044043,7.292825,6.957859,23.611040,-0.808057,-3.018112,47.232971,-0.099578,-5.076466,0.915364,0.400184,-0.018537,-0.040229
7569,0.052469,7.365148,6.874094,20.437016,-0.476997,-1.189981,47.954735,-0.074253,-5.139653,0.912799,0.405940,-0.018812,-0.040705
7570,0.072546,7.418086,6.748410,19.692196,-0.127681,0.362018,48.602470,-0.093058,-5.156490,0.910487,0.411084,-0.019252,-0.040664
7571,0.094850,7.483578,6.682024,18.770332,-0.472716,2.438998,49.217941,-0.167624,-5.133586,0.908285,0.415945,-0.019978,-0.040108
7572,0.117746,7.401318,6.824462,17.281801,-1.800477,4.725074,49.724453,-0.322573,-5.084815,0.906477,0.419909,-0.021202,-0.039065
7573,0.106333,7.353828,6.686271,17.530756,-4.127681,5.450094,50.142010,-0.548963,-5.050712,0.904983,0.423134,-0.023005,-0.037882
7574,0.088648,7.446393,6.606202,18.603767,-4.536676,5.144979,50.589119,-0.787616,-5.048209,0.903354,0.426574,-0.025025,-0.036882
7575,0.092976,7.436235,6.521712,24.596415,-4.570176,3.928751,51.161102,-0.988771,-5.068776,0.901228,0.430997,-0.026867,-0.036161
7576,0.101450,7.544486,6.466664,34.677006,-4.087831,3.682920,51.999466,-1.150712,-5.100523,0.898057,0.437509,-0.028521,-0.035593
7577,0.131782,7.873707,6.007212,46.176010,-2.166523,4.383117,53.300953,-1.287811,-5.100667,0.893042,0.447627,-0.029992,-0.034731
7578,0.232975,8.038059,5.695479,55.414639,2.866034,1.920180,55.077072,-1.352583,-5.031230,0.886023,0.461408,-0.030748,-0.033464
7579,0.314199,8.139242,5.392448,61.189667,6.757020,-3.728656,57.132931,-1.261023,-4.918621,0.877627,0.477294,-0.030173,-0.032427
7580,0.187942,8.427607,5.113053,60.761887,9.054979,-8.591704,59.288277,-0.961098,-4.807494,0.868493,0.493853,-0.028027,-0.032306
7581,0.100816,8.584907,4.688624,57.313004,9.698995,-12.713395,61.408047,-0.475603,-4.714914,0.859169,0.510020,-0.024568,-0.033250
7582,-0.003109,8.671513,4.404802,49.884514,7.787138,-15.373342,63.349426,0.109905,-4.675350,0.850314,0.524692,-0.020602,-0.035216
7584,-0.122785,8.915279,4.222272,42.585480,4.486726,-14.621386,65.013779,0.694153,-4.708653,0.842466,0.537147,-0.016971,-0.037895
7585,-0.238766,9.115667,4.050756,37.388950,1.387761,-9.386318,66.442596,1.152020,-4.781990,0.835561,0.547720,-0.014453,-0.040401
7586,-0.164645,9.180444,3.854808,33.976063,-1.065850,-4.321911,67.705322,1.384019,-4.863552,0.829379,0.556942,-0.013613,-0.041956
7587,-0.151040,9.270364,3.760130,30.771950,-2.324824,-3.136042,68.823486,1.448305,-4.961055,0.823850,0.565013,-0.014040,-0.042839
7588,-0.205928,9.353450,3.539023,32.548351,-1.774058,-4.667825,69.903755,1.513022,-5.070720,0.818425,0.572756,-0.014529,-0.043811
7589,-0.271368,9.285494,3.316391,37.457546,-1.008062,-3.816292,71.105080,1.622292,-5.161149,0.812306,0.581320,-0.014671,-0.044850
7590,-0.295536,9.246216,3.053951,41.234566,-0.097055,-3.176982,72.458954,1.734814,-5.213724,0.805322,0.590897,-0.014679,-0.045623
7591,-0.324381,9.283083,2.825954,42.261925,0.726987,-1.770170,73.901024,1.829177,-5.225714,0.797785,0.601005,-0.014657,-0.046012
7592,-0.319385,9.344786,2.527657,42.814835,1.013900,2.215475,75.385201,1.839796,-5.193281,0.789943,0.611294,-0.015006,-0.045651
7593,-0.269247,9.493375,2.333368,42.832207,-0.038987,5.873188,76.887581,1.704509,-5.142433,0.781928,0.621575,-0.016251,-0.044371
7594,-0.215699,9.677951,2.133152,42.599232,-0.772998,5.946670,78.373962,1.479178,-5.111694,0.773889,0.631618,-0.018179,-0.042709
7595,-0.193071,9.805875,1.921180,44.392609,-1.694706,4.007490,79.874275,1.273864,-5.120219,0.765618,0.641647,-0.020157,-0.041376
7596,-0.168900,9.818302,1.681308,48.291660,-2.659126,1.724929,81.457047,1.139598,-5.176399,0.756706,0.652118,-0.021934,-0.040701
7597,-0.153787,9.821171,1.447440,51.015629,-2.820900,-1.413717,83.133652,1.098990,-5.266685,0.747066,0.663092,-0.023315,-0.040730
7598,-0.155884,9.764963,1.132660,51.204979,-1.903837,-3.542237,84.852211,1.154402,-5.354288,0.736988,0.674216,-0.024082,-0.041264
7599,-0.151462,9.705508,0.852108,51.592693,-1.186665,-2.299982,86.579674,1.228805,-5.413427,0.726693,0.685254,-0.024582,-0.041716
7600,-0.128414,9.677190,0.596645,49.798210,-0.149052,-0.631902,88.269516,1.246151,-5.438452,0.716494,0.695893,-0.025238,-0.041611
7601,-0.143426,9.733361,0.260522,45.818626,1.189171,-0.370678,89.866829,1.226948,-5.422127,0.706737,0.705812,-0.025834,-0.041036
7602,-0.169570,9.786776,-0.022775,40.920559,1.462312,-0.106481,91.332451,1.208089,-5.378227,0.697675,0.714799,-0.026197,-0.040318
7603,-0.151394,9.840301,-0.209951,36.588509,1.176967,-0.300086,92.631477,1.190008,-5.334411,0.689549,0.722668,-0.026485,-0.039641
7604,-0.160578,9.854597,-0.423923,31.291933,0.891623,-1.204765,93.751823,1.188793,-5.299370,0.682463,0.729383,-0.026656,-0.039163
7605,-0.191073,9.872869,-0.626721,27.422089,0.471997,-1.825704,94.718842,1.223338,-5.273637,0.676280,0.735129,-0.026616,-0.039007
7606,-0.187668,9.839728,-0.750459,24.449427,-0.069704,-1.265617,95.563683,1.265033,-5.262973,0.670830,0.740106,-0.026590,-0.039016
7607,-0.173401,9.806470,-0.870745,22.044287,-0.463387,-0.801605,96.303123,1.283956,-5.269178,0.666032,0.744422,-0.026771,-0.039002
7608,-0.180573,9.765862,-0.967906,20.859791,-0.646489,-0.378762,96.970612,1.285386,-5.286552,0.661678,0.748285,-0.027103,-0.038955
7609,-0.168620,9.739394,-1.109458,21.549137,0.047819,0.637680,97.630722,1.260310,-5.298264,0.657362,0.752076,-0.027548,-0.038701
7610,-0.138616,9.740398,-1.266654,22.536180,0.443061,2.807795,98.336548,1.171030,-5.299058,0.652749,0.756094,-0.028300,-0.037947
7611,-0.101863,9.762321,-1.396181,24.821878,0.160809,3.865602,99.108215,1.016630,-5.306748,0.647696,0.760440,-0.029480,-0.036775
7612,-0.076473,9.742230,-1.544976,30.786621,0.084569,4.198634,100.022408,0.835429,-5.325951,0.641667,0.765540,-0.030916,-0.035436
7613,-0.058083,9.685380,-1.807084,37.706841,0.571400,5.439562,101.182320,0.630970,-5.345393,0.633951,0.771946,-0.032536,-0.033853
7614,-0.030618,9.637854,-2.041816,43.481384,0.281538,6.227250,102.590248,0.398235,-5.371777,0.624491,0.779617,-0.034398,-0.032011
7615,-0.014144,9.552419,-2.258222,47.105953,-0.156345,6.233604,104.161575,0.163706,-5.418169,0.613809,0.788037,-0.036409,-0.030172
7616,0.000849,9.455473,-2.502706,49.788990,0.191605,6.085745,105.833328,-0.054927,-5.471200,0.602307,0.796836,-0.038363,-0.028396
7617,0.042357,9.364102,-2.805526,48.680141,0.676880,5.861551,107.537056,-0.264780,-5.514968,0.590452,0.805634,-0.040170,-0.026573
7618,0.088030,9.319238,-3.042103,44.253895,0.486182,5.719781,109.143639,-0.472427,-5.557920,0.579158,0.813762,-0.041893,-0.024749
7619,0.125499,9.296612,-3.237548,38.803490,-0.322507,6.075484,110.553223,-0.679389,-5.622695,0.569158,0.820742,-0.043685,-0.023071
7620,0.163725,9.181049,-3.444572,33.845783,-1.602697,5.753681,111.768105,-0.874044,-5.724201,0.560469,0.826634,-0.045611,-0.021698
7621,0.210631,9.221503,-3.581670,29.264776,-1.620930,6.500051,112.799911,-1.068706,-5.851496,0.553043,0.831536,-0.047666,-0.020487
7622,0.247735,9.199860,-3.717957,25.377802,-1.361427,5.421437,113.657417,-1.261226,-5.974924,0.546847,0.835537,-0.049635,-0.019314
7623,0.285329,9.165044,-3.841793,23.854359,-1.710755,3.196861,114.409134,-1.402608,-6.079171,0.541384,0.839013,-0.051191,-0.018444
7624,0.287228,9.107923,-3.979239,23.699665,-2.044835,-0.050119,115.131836,-1.450513,-6.156810,0.536086,0.842359,-0.052101,-0.018132
7625,0.279808,9.074823,-4.117513,24.549095,-2.145477,-3.304799,115.872940,-1.387054,-6.194610,0.530599,0.845813,-0.052203,-0.018439
7626,0.231684,8.889502,-4.311240,25.992378,-3.694270,-6.741151,116.685257,-1.198543,-6.207272,0.524522,0.849610,-0.051565,-0.019525
7627,0.169401,8.799459,-4.420612,28.130194,-5.693271,-7.305820,117.587334,-0.908149,-6.239817,0.517706,0.853789,-0.050649,-0.021430
7628,0.091031,8.702820,-4.547252,29.222754,-6.445642,-7.347195,118.543503,-0.573007,-6.303164,0.510424,0.858149,-0.049809,-0.023800
7629,0.047079,8.593188,-4.678901,28.601709,-6.384710,-6.650045,119.508705,-0.237245,-6.376488,0.503027,0.862477,-0.049087,-0.026229
7630,0.004127,8.539672,-4.844282,27.953218,-6.393949,-5.527112,120.454704,0.066191,-6.459129,0.495743,0.866640,-0.048614,-0.028475
7631,-0.025513,8.494266,-5.001246,27.327620,-6.831937,-4.581125,121.379402,0.336212,-6.561366,0.488588,0.870631,-0.048467,-0.030569
7632,-0.034599,8.435183,-5.105628,26.833166,-7.201202,-3.685392,122.274376,0.574316,-6.687384,0.481630,0.874417,-0.048664,-0.032536
7633,-0.040112,8.373520,-5.205842,26.762775,-7.339978,-3.277834,123.140984,0.783001,-6.829000,0.474863,0.878016,-0.049128,-0.034352
7634,-0.068780,8.282470,-5.334846,26.419189,-6.882072,-3.033481,123.993500,0.971500,-6.969122,0.468182,0.881499,-0.049688,-0.036008
7635,-0.097233,8.206175,-5.451349,26.093914,-6.126597,-2.320652,124.834946,1.134790,-7.098492,0.461572,0.884885,-0.050291,-0.037423
7636,-0.120153,8.141650,-5.563923,25.844894,-5.322281,-1.418596,125.661194,1.260709,-7.219499,0.455073,0.888158,-0.050996,-0.038516
7637,-0.163036,8.043542,-5.732091,25.022196,-4.266200,-1.462640,126.478577,1.362305,-7.321404,0.448637,0.891352,-0.051664,-0.039340
7638,-0.197484,7.960658,-5.893033,24.571997,-3.957859,-1.081015,127.296631,1.456246,-7.406073,0.442182,0.894508,-0.052240,-0.040029
7639,-0.214185,7.906721,-5.972621,25.823191,-4.760409,-0.884053,128.125793,1.552784,-7.501474,0.435610,0.897654,-0.052908,-0.040769
7640,-0.219273,7.780653,-6.063880,26.053465,-4.946474,-1.755223,128.969879,1.667241,-7.601387,0.428885,0.900807,-0.053562,-0.041651
7641,-0.234613,7.615985,-6.188615,25.809294,-4.831910,-2.283042,129.828842,1.798672,-7.685090,0.422014,0.903974,-0.054047,-0.042592
7642,-0.250012,7.522782,-6.244590,25.311840,-4.790576,0.158602,130.677307,1.903036,-7.785066,0.415210,0.907039,-0.054772,-0.043378
7643,-0.256897,7.410378,-6.306993,22.958727,-3.822986,0.598255,131.460815,1.957548,-7.902501,0.408921,0.909806,-0.055804,-0.043854
7644,-0.238425,7.282123,-6.426259,20.004431,-2.328902,0.453532,132.160919,1.973599,-7.991496,0.403311,0.912245,-0.056723,-0.043953
7645,-0.243790,7.252412,-6.483767,17.831383,-1.136915,1.314427,132.772781,1.945531,-8.055061,0.398427,0.914351,-0.057562,-0.043647
7646,-0.242615,7.225914,-6.549357,14.629674,0.041330,2.320279,133.272446,1.869620,-8.111484,0.394463,0.916042,-0.058465,-0.042984
7647,-0.232320,7.186407,-6.636563,11.516226,1.143385,1.254044,133.637115,1.748703,-8.140776,0.391610,0.917264,-0.059252,-0.041931
7648,-0.234301,7.143627,-6.708560,10.293303,1.514577,1.153777,133.918533,1.615123,-8.139541,0.389439,0.918207,-0.059801,-0.040711
7649,-0.258569,7.149084,-6.761431,10.980861,1.328625,0.706930,134.194183,1.519166,-8.129620,0.387292,0.919133,-0.060145,-0.039765
7650,-0.242230,7.114522,-6.823113,11.962953,0.748864,-0.617455,134.501633,1.475470,-8.108101,0.384859,0.920175,-0.060226,-0.039181
7651,-0.234223,7.061165,-6.870080,14.140093,-0.017079,-2.421013,134.893188,1.488887,-8.065104,0.381719,0.921509,-0.059969,-0.038939
7652,-0.240806,6.986939,-6.932688,17.266579,-0.711330,-3.920947,135.401566,1.563684,-7.999271,0.377604,0.923237,-0.059363,-0.039058
7653,-0.251022,6.884111,-6.998066,21.081375,-1.877094,-5.178266,136.040924,1.692690,-7.920949,0.372395,0.925384,-0.058526,-0.039512
7654,-0.261862,6.754868,-7.111836,23.915186,-2.694924,-5.785527,136.814255,1.862890,-7.840594,0.366066,0.927933,-0.057594,-0.040237
7655,-0.305680,6.669161,-7.200278,27.086329,-3.218251,-5.503181,137.700516,2.052816,-7.768395,0.358788,0.930787,-0.056719,-0.041105
7656,-0.340079,6.612325,-7.280060,28.372828,-2.827574,-5.393283,138.645264,2.242633,-7.699724,0.351012,0.933758,-0.055911,-0.041971
7657,-0.352905,6.489836,-7.438468,27.436010,-2.214084,-5.835745,139.591446,2.417493,-7.612782,0.343215,0.936672,-0.055017,-0.042676
7658,-0.363827,6.404149,-7.564632,24.974831,-1.029832,-5.017743,140.486420,2.553879,-7.508355,0.335846,0.939376,-0.054090,-0.043055
7659,-0.378262,6.329746,-7.614247,21.784098,0.217022,-3.291774,141.267380,2.623409,-7.409818,0.329431,0.941690,-0.053370,-0.042973
7660,-0.367375,6.204775,-7.691844,18.263660,1.529537,-1.640538,141.922623,2.615818,-7.328263,0.324076,0.943596,-0.052965,-0.042374
7661,-0.355632,6.086517,-7.760282,17.665434,2.488089,0.198421,142.516174,2.534082,-7.268894,0.319254,0.945290,-0.052924,-0.041260
7662,-0.348253,6.018022,-7.789993,19.259949,2.961403,1.748980,143.123062,2.397971,-7.240655,0.314332,0.946981,-0.053285,-0.039778
7663,-0.326850,5.951754,-7.873079,21.205366,3.057800,2.303099,143.780380,2.235089,-7.236332,0.308991,0.948770,-0.053919,-0.038113
7664,-0.283778,5.829098,-7.974197,23.657476,3.424313,2.356725,144.521469,2.056593,-7.236833,0.302951,0.950746,-0.054644,-0.036285
7665,-0.269176,5.701252,-8.040273,27.309078,3.801510,1.360505,145.379471,1.877378,-7.218752,0.295931,0.952993,-0.055230,-0.034339
7666,-0.240090,5.575192,-8.123682,27.545696,3.827719,0.310851,146.307571,1.716021,-7.170684,0.288308,0.955377,-0.055514,-0.032425
7667,-0.227559,5.426516,-8.200591,26.746231,4.053799,-0.816646,147.229568,1.574510,-7.091814,0.280712,0.957699,-0.055462,-0.030602
7668,-0.214749,5.267714,-8.244453,26.441175,3.689302,-2.258520,148.135315,1.463458,-6.979536,0.273223,0.959939,-0.055028,-0.028965
7669,-0.238616,5.175601,-8.304562,26.230642,2.253514,-4.492407,149.022141,1.421683,-6.832110,0.265845,0.962093,-0.054110,-0.027846
7670,-0.215869,5.095819,-8.444107,24.054605,0.826839,-5.272112,149.856049,1.450545,-6.666342,0.258861,0.964081,-0.052851,-0.027320
7671,-0.224118,4.978553,-8.566654,23.038288,0.321850,-5.615390,150.638901,1.510560,-6.499695,0.252277,0.965904,-0.051499,-0.027097
7672,-0.224358,4.875496,-8.642215,22.127281,-0.068680,-5.583283,151.392441,1.581905,-6.334657,0.245923,0.967616,-0.050129,-0.027005
7673,-0.217334,4.647130,-8.699155,21.065382,0.343478,-5.113217,152.134583,1.639930,-6.175155,0.239660,0.969257,-0.048832,-0.026837
7674,-0.217296,4.589428,-8.780358,20.623116,1.205836,-4.902534,152.865875,1.664790,-6.014526,0.233495,0.970834,-0.047590,-0.026408
7675,-0.244179,4.347643,-8.765340,20.101593,1.895741,-4.601840,153.591949,1.664229,-5.848836,0.227376,0.972362,-0.046352,-0.025773
7676,-0.251692,4.218486,-8.740593,21.702751,1.744803,-4.432412,154.351562,1.658521,-5.685380,0.220965,0.973913,-0.045143,-0.025101
7677,-0.238653,4.128004,-8.818351,24.393360,1.113205,-4.452198,155.174591,1.660481,-5.529852,0.213997,0.975536,-0.043995,-0.024503
7678,-0.256331,4.145952,-8.934757,25.782120,0.496861,-3.934852,156.035507,1.676050,-5.391127,0.206684,0.977168,-0.042966,-0.024054
7679,-0.262289,3.880369,-8.968831,27.207500,-0.220227,-2.927703,156.942657,1.704557,-5.284001,0.198952,0.978812,-0.042191,-0.023770
7680,-0.255956,3.849802,-9.098787,30.184811,-1.009019,-2.414951,157.930222,1.742566,-5.208998,0.190509,0.980516,-0.041689,-0.023606
7681,-0.258784,3.702864,-9.184896,30.284073,-0.888326,-1.980006,158.949539,1.779395,-5.152529,0.181776,0.982190,-0.041354,-0.023461
7682,-0.277000,3.591199,-9.260642,29.016018,-0.608949,-1.886871,159.938049,1.807544,-5.101283,0.173295,0.983738,-0.041072,-0.023267
7683,-0.269916,3.436202,-9.344503,27.203129,0.080904,-1.990580,160.865402,1.819337,-5.043958,0.165335,0.985128,-0.040749,-0.022953
7684,-0.254931,3.375741,-9.411693,25.081854,1.030219,-1.508312,161.708466,1.794994,-4.984024,0.158105,0.986341,-0.040435,-0.022360
7685,-0.255576,3.210920,-9.413368,22.643045,1.888001,-0.847502,162.457932,1.732422,-4.933498,0.151684,0.987376,-0.040228,-0.021489
7687,-0.236933,3.045255,-9.473015,22.995258,2.168988,0.010147,163.185257,1.643152,-4.901540,0.145455,0.988337,-0.040203,-0.020423
7688,-0.223114,2.848711,-9.473993,24.722542,2.497291,1.345404,163.972198,1.532159,-4.901856,0.138707,0.989320,-0.040480,-0.019189
7689,-0.218485,2.656428,-9.405257,28.171244,2.024447,2.859176,164.866440,1.415574,-4.949130,0.131020,0.990362,-0.041172,-0.017919
7690,-0.202189,2.417124,-9.420068,30.439102,0.721462,4.250854,165.882324,1.321452,-5.051601,0.122257,0.991453,-0.042317,-0.016848
7691,-0.165185,2.230524,-9.545489,32.217373,-1.265102,5.280890,166.994080,1.268716,-5.206988,0.112631,0.992537,-0.043876,-0.016133
7692,-0.141969,2.007947,-9.668666,32.720150,-2.378764,5.891306,168.165207,1.254501,-5.400568,0.102461,0.993561,-0.045730,-0.015734
7693,-0.141246,1.887453,-9.761039,32.520973,-2.105332,5.659413,169.338135,1.253284,-5.602815,0.092259,0.994475,-0.047645,-0.015417
7694,-0.139314,1.723278,-9.912694,31.587673,-0.568429,6.233207,170.472534,1.224893,-5.804976,0.082396,0.995255,-0.049572,-0.014843
7695,-0.102968,1.554032,-10.068414,30.668056,2.340349,6.550653,171.570526,1.116357,-6.010120,0.072881,0.995915,-0.051565,-0.013555
7696,-0.074505,1.400873,-10.046090,29.788012,7.113887,6.204329,172.626633,0.875184,-6.198712,0.063792,0.996468,-0.053464,-0.011087
7697,-0.044591,1.337729,-9.901882,28.619207,11.183965,5.497885,173.605286,0.494344,-6.356192,0.055450,0.996912,-0.055113,-0.007393
7698,0.036829,1.085783,-9.786786,26.864307,12.760685,5.697836,174.518677,0.022868,-6.501193,0.047727,0.997250,-0.056629,-0.002910
7699,0.124677,0.980085,-9.679024,25.025490,12.028728,4.538182,175.374100,-0.464738,-6.635483,0.040524,0.997493,-0.057989,0.001710
7700,0.179633,0.869624,-9.563172,22.772934,9.883728,3.561629,176.135742,-0.895688,-6.743680,0.034116,0.997655,-0.059044,0.005815
7701,0.212266,0.746667,-9.543857,20.741533,6.275242,2.810894,176.813477,-1.211879,-6.833177,0.028383,0.997763,-0.059863,0.008896
7702,0.243379,0.571701,-9.602894,19.529673,2.036426,2.345494,177.451859,-1.380012,-6.911990,0.022919,0.997846,-0.060530,0.010677
7703,0.243501,0.512515,-9.697107,19.251722,-1.662320,1.283450,178.070557,-1.400839,-6.971911,0.017548,0.997921,-0.060996,0.011176
7704,0.242515,0.341430,-9.813252,18.749512,-4.407437,0.618144,178.682175,-1.303519,-7.006151,0.012173,0.997993,-0.061225,0.010650
7705,0.218723,0.253208,-9.933860,18.775385,-5.847919,-0.308095,179.299179,-1.131502,-7.014254,0.006708,0.998056,-0.061229,0.009481
7706,0.201458,0.161447,-9.994933,18.183205,-5.860133,-0.601075,179.899582,-0.935421,-7.000192,0.001373,0.998101,-0.061055,0.008094
7707,0.195035,0.052241,-10.033717,16.625093,-4.859059,-0.633122,-179.538208,-0.765212,-6.978794,-0.003616,0.998117,-0.060835,0.006911
7708,0.173395,-0.061417,-10.034448,13.818813,-3.314688,-1.124472,-179.044083,-0.646145,-6.947727,-0.007985,0.998115,-0.060543,0.006134
7709,0.142909,-0.073534,-10.002437,11.822511,-1.437611,-1.560894,-178.666428,-0.591562,-6.900952,-0.011305,0.998110,-0.060121,0.005853
7710,0.130830,-0.144625,-9.881746,10.633128,0.265548,-1.457143,-178.378510,-0.601587,-6.849357,-0.013811,0.998105,-0.059655,0.006085
7711,0.134743,-0.176545,-9.829544,10.371469,0.319189,-1.144343,-178.119537,-0.641871,-6.805470,-0.016048,0.998092,-0.059253,0.006565
7712,0.125704,-0.229400,-9.807052,10.738462,-0.838804,-0.549244,-177.862442,-0.657213,-6.776050,-0.018281,0.998068,-0.058980,0.006827
7713,0.118125,-0.327203,-9.809130,12.916971,-1.966381,0.366302,-177.532196,-0.621025,-6.770500,-0.021176,0.998016,-0.058918,0.006680
7714,0.092564,-0.401131,-9.792551,14.569358,-3.058949,0.708107,-177.097961,-0.535915,-6.784230,-0.025001,0.997924,-0.059031,0.006165
7715,0.084052,-0.503650,-9.851512,15.497088,-4.623064,1.219293,-176.600723,-0.401002,-6.809207,-0.029400,0.997796,-0.059256,0.005253
7716,0.044967,-0.576459,-9.871693,15.140010,-5.248757,1.304749,-176.091309,-0.226302,-6.840685,-0.033925,0.997640,-0.059559,0.004005
7717,0.020111,-0.633955,-9.887675,13.182148,-5.241210,1.031613,-175.631607,-0.038687,-6.866794,-0.038024,0.997481,-0.059832,0.002619
7718,0.011555,-0.694489,-9.866240,10.256641,-4.772769,1.056028,-175.279495,0.132675,-6.888181,-0.041178,0.997344,-0.060071,0.001319
7719,0.011131,-0.778558,-9.870992,7.369222,-4.331627,0.618076,-175.031845,0.267442,-6.903273,-0.043403,0.997239,-0.060250,0.000282
7720,-0.042867,-0.722340,-9.872464,4.251093,-3.380831,0.378496,-174.921051,0.378917,-6.908994,-0.044426,0.997188,-0.060343,-0.000628
7721,-0.070273,-0.801482,-9.864342,1.520401,-2.636185,0.996501,-174.926407,0.481552,-6.923544,-0.044433,0.997177,-0.060509,-0.001518
7722,-0.090633,-0.781938,-9.859695,0.126583,-2.076216,0.848495,-174.980255,0.568442,-6.947894,-0.044011,0.997180,-0.060753,-0.002293
7723,-0.119488,-0.714480,-9.887369,-1.488797,-1.884060,0.929389,-175.122025,0.650558,-6.972868,-0.042821,0.997214,-0.060997,-0.003074
7724,-0.140887,-0.654574,-9.832346,-1.227641,-1.612637,2.655240,-175.330933,0.737836,-7.029390,-0.041051,0.997254,-0.061514,-0.003924
7725,-0.110695,-0.764552,-9.814430,-0.821075,-1.725605,3.663892,-175.473404,0.808012,-7.131222,-0.039852,0.997244,-0.062419,-0.004576
7726,-0.104101,-0.746742,-9.815316,0.260545,-1.812385,2.998576,-175.516830,0.850922,-7.237696,-0.039502,0.997197,-0.063359,-0.004936
7727,-0.108707,-0.776397,-9.833045,1.842835,-1.807528,3.065696,-175.495270,0.883862,-7.333899,-0.039712,0.997133,-0.064208,-0.005178
7728,-0.094018,-0.840822,-9.849619,3.442274,-1.540120,2.945114,-175.374832,0.900935,-7.428863,-0.040774,0.997035,-0.065045,-0.005225
7729,-0.054266,-0.853283,-9.893575,3.993484,-0.764530,1.675505,-175.208160,0.892823,-7.501913,-0.042223,0.996934,-0.065686,-0.005033
7730,-0.068057,-0.853831,-9.884063,5.548552,0.249046,0.761444,-175.031006,0.859534,-7.541495,-0.043747,0.996848,-0.066025,-0.004627
7731,-0.069667,-0.884118,-9.849919,7.585818,1.424477,0.419594,-174.793015,0.774695,-7.563460,-0.045769,0.996750,-0.066193,-0.003743
7732,-0.098275,-0.919009,-9.817822,9.307262,3.123270,-0.209128,-174.486526,0.644600,-7.573955,-0.048361,0.996628,-0.066240,-0.002430
7733,-0.072672,-0.981551,-9.776962,10.245946,3.823951,-0.546388,-174.130615,0.492769,-7.572750,-0.051369,0.996485,-0.066169,-0.000904
7734,-0.087204,-1.047758,-9.802257,10.182158,4.143007,-0.540300,-173.752518,0.341591,-7.568547,-0.054570,0.996322,-0.066064,0.000626
7735,-0.061499,-1.057637,-9.753325,8.274866,4.130778,-0.996550,-173.430435,0.204333,-7.558354,-0.057292,0.996178,-0.065905,0.002000
7736,-0.036733,-1.074194,-9.758862,5.126652,3.767590,-1.016384,-173.235916,0.072004,-7.540385,-0.058907,0.996095,-0.065677,0.003253
7737,0.014767,-1.065104,-9.781809,1.172420,2.311955,-0.872957,-173.200760,-0.044653,-7.521189,-0.059147,0.996092,-0.065449,0.004277
7738,0.003643,-1.060591,-9.822269,-2.473806,1.544504,-0.489961,-173.321320,-0.122347,-7.506143,-0.058055,0.996165,-0.065283,0.004876
7739,-0.007048,-1.064944,-9.816308,-5.443843,0.480864,-0.138991,-173.526627,-0.148312,-7.499493,-0.056255,0.996271,-0.065221,0.004982
7740,-0.019538,-1.032749,-9.838541,-6.628284,-0.578269,0.439350,-173.768143,-0.128445,-7.504232,-0.054167,0.996385,-0.065282,0.004674
7741,-0.014313,-1.025575,-9.842198,-7.740938,-1.300188,0.941397,-174.039429,-0.075163,-7.523782,-0.051837,0.996498,-0.065487,0.004065
7742,-0.018799,-1.007718,-9.822438,-7.525912,-1.361356,1.263380,-174.309921,-0.010815,-7.555873,-0.049521,0.996597,-0.065804,0.003364
7743,-0.027963,-0.951978,-9.814902,-5.871894,-1.460660,1.167259,-174.543777,0.054835,-7.591680,-0.047524,0.996674,-0.066149,0.002674
7744,-0.039533,-0.915468,-9.804592,-3.316100,-1.373857,1.144387,-174.713379,0.127297,-7.625680,-0.046090,0.996721,-0.066478,0.001959
7745,-0.038708,-0.934751,-9.835381,-2.284561,-1.131414,0.851426,-174.805099,0.194618,-7.655017,-0.045331,0.996738,-0.066761,0.001332
7746,-0.060005,-0.898589,-9.814884,-0.889747,-1.125478,0.097634,-174.843170,0.254459,-7.667356,-0.045034,0.996743,-0.066892,0.000794
7747,-0.063929,-0.883189,-9.798482,-0.561653,-1.340814,-0.640897,-174.864807,0.317256,-7.654651,-0.044882,0.996756,-0.066806,0.000231
7748,-0.080145,-0.912262,-9.784007,-0.794996,-1.153303,-0.689712,-174.871826,0.378997,-7.628763,-0.044857,0.996771,-0.066605,-0.000321
7749,-0.086045,-0.901552,-9.767269,-1.188460,-0.910864,-0.917059,-174.876587,0.433672,-7.598846,-0.044847,0.996787,-0.066366,-0.000811
7750,-0.097413,-0.853635,-9.757224,-1.060267,-0.853051,-1.690689,-174.911865,0.480734,-7.552947,-0.044567,0.996824,-0.065984,-0.001258
7751,-0.081489,-0.864074,-9.779446,-0.987131,-1.080500,-2.073687,-174.958939,0.518213,-7.487726,-0.044178,0.996877,-0.065431,-0.001637
7752,-0.075206,-0.865484,-9.815720,-0.242506,-1.143006,-1.750196,-174.982239,0.542363,-7.421016,-0.043988,0.996923,-0.064859,-0.001886
7753,-0.102995,-0.834698,-9.831118,0.206004,-1.222337,-1.905841,-174.996124,0.574208,-7.356997,-0.043884,0.996962,-0.064314,-0.002195
7754,-0.071124,-0.839923,-9.833300,-0.123787,-1.658682,-2.804615,-175.017776,0.606413,-7.274834,-0.043712,0.997014,-0.063611,-0.002519
7755,-0.065837,-0.845551,-9.837046,-0.439781,-1.342558,-2.996903,-175.042038,0.615730,-7.174319,-0.043503,0.997078,-0.062739,-0.002652
7756,-0.072340,-0.831328,-9.849247,-0.801560,-0.881450,-3.129682,-175.078506,0.608803,-7.069555,-0.043180,0.997149,-0.061824,-0.002651
7757,-0.084990,-0.817839,-9.832759,-1.253377,-0.165622,-3.729383,-175.129608,0.595268,-6.954331,-0.042725,0.997231,-0.060815,-0.002603
7758,-0.072646,-0.802749,-9.822086,-1.605988,0.632533,-4.315346,-175.191116,0.564194,-6.821530,-0.042171,0.997325,-0.059647,-0.002415
7759,-0.088097,-0.820907,-9.813286,-2.027219,1.236874,-3.938447,-175.259796,0.512341,-6.687119,-0.041544,0.997423,-0.058457,-0.002048
7760,-0.067819,-0.809551,-9.826080,-1.789194,1.375790,-3.326556,-175.324814,0.451930,-6.570032,-0.040946,0.997509,-0.057415,-0.001597
7761,-0.076594,-0.793349,-9.815070,-1.273478,1.862603,-2.644470,-175.380936,0.384624,-6.475252,-0.040423,0.997580,-0.056566,-0.001072
7762,-0.062460,-0.774179,-9.842092,-1.571150,1.752755,-2.205004,-175.442520,0.315729,-6.399611,-0.039853,0.997642,-0.055883,-0.000529
7763,-0.036286,-0.772545,-9.829570,-2.735554,1.519374,-1.764018,-175.529419,0.245577,-6.338039,-0.039062,0.997704,-0.055323,0.000018
7764,-0.033732,-0.735643,-9.852264,-3.353663,1.679682,-0.952232,-175.644409,0.178120,-6.297044,-0.038029,0.997765,-0.054944,0.000536
7765,-0.037838,-0.728770,-9.839943,-4.357829,1.612544,-0.193846,-175.786240,0.121637,-6.282134,-0.036767,0.997820,-0.054796,0.000955
7766,-0.015028,-0.721997,-9.849185,-5.751046,1.469105,0.155591,-175.960602,0.070671,-6.285210,-0.035224,0.997874,-0.054809,0.001317
7767,-0.020687,-0.697875,-9.828979,-6.022660,1.334818,0.508080,-176.156815,0.025445,-6.299451,-0.033493,0.997927,-0.054922,0.001621
7768,-0.006166,-0.666572,-9.836020,-4.830894,0.954842,0.738496,-176.335388,-0.008768,-6.322685,-0.031921,0.997968,-0.055117,0.001840
7769,0.001299,-0.637550,-9.850533,-4.170145,0.889225,0.358540,-176.482391,-0.037808,-6.342858,-0.030627,0.997999,-0.055287,0.002027
7770,0.009763,-0.620896,-9.872469,-3.640608,0.732059,0.013681,-176.607574,-0.065139,-6.350682,-0.029523,0.998028,-0.055351,0.002207
7771,0.007161,-0.592181,-9.869692,-2.665488,0.407028,0.170851,-176.705856,-0.082726,-6.354866,-0.028659,0.998051,-0.055385,0.002314
7772,0.017703,-0.580303,-9.864105,-1.759012,0.277321,0.306660,-176.770096,-0.093349,-6.363474,-0.028094,0.998063,-0.055458,0.002377
7773,-0.000196,-0.567621,-9.865664,-1.449159,0.353569,0.353967,-176.812241,-0.097017,-6.375075,-0.027725,0.998068,-0.055559,0.002392
7774,0.003125,-0.556096,-9.840567,-1.240033,-0.040235,0.541662,-176.847900,-0.086960,-6.390291,-0.027419,0.998069,-0.055695,0.002290
7775,-0.000490,-0.557600,-9.829182,-0.931702,-0.105963,0.494365,-176.872299,-0.069526,-6.407425,-0.027214,0.998066,-0.055849,0.002131
7776,0.005165,-0.552591,-9.844274,-0.373093,0.045018,0.387555,-176.879044,-0.056933,-6.422069,-0.027162,0.998060,-0.055980,0.002021
7777,-0.006666,-0.562773,-9.836632,-0.379038,0.237194,0.259382,-176.871674,-0.049774,-6.433112,-0.027229,0.998053,-0.056077,0.001965
7778,-0.001575,-0.571141,-9.832182,-0.366598,0.153165,0.039655,-176.854965,-0.043111,-6.438468,-0.027378,0.998046,-0.056125,0.001917
7779,0.002145,-0.554140,-9.858062,0.187492,0.171418,-0.083942,-176.835571,-0.041086,-6.438046,-0.027548,0.998042,-0.056122,0.001908
7780,0.001721,-0.541460,-9.857738,0.402682,0.285820,-0.071733,-176.821426,-0.043692,-6.435879,-0.027670,0.998040,-0.056102,0.001937
7781,-0.026699,-0.553437,-9.844970,-0.000150,0.200215,-0.241101,-176.813187,-0.032909,-6.431122,-0.027747,0.998040,-0.056063,0.001846
7782,-0.012869,-0.552620,-9.866050,0.199786,-0.404254,-0.175475,-176.805023,-0.004370,-6.424001,-0.027832,0.998041,-0.056008,0.001600
7783,-0.001534,-0.527990,-9.869999,0.391976,-0.587446,-0.125115,-176.804642,0.021919,-6.418075,-0.027848,0.998044,-0.055963,0.001370
7784,-0.006994,-0.553201,-9.848470,-0.090292,-0.434875,-0.291440,-176.809052,0.041209,-6.410193,-0.027819,0.998048,-0.055899,0.001198
7785,-0.024520,-0.558319,-9.833110,0.047093,-0.398332,-0.325006,-176.803223,0.064513,-6.399157,-0.027881,0.998052,-0.055808,0.000995
7786,-0.011132,-0.553943,-9.826250,0.306559,-0.319052,-0.386039,-176.789932,0.084266,-6.386649,-0.028007,0.998054,-0.055704,0.000826
7787,-0.015991,-0.564523,-9.828121,-0.134362,0.140245,-0.711061,-176.778107,0.086974,-6.368213,-0.028111,0.998060,-0.055544,0.000804
7788,-0.015933,-0.560677,-9.827526,-0.247200,0.272991,-0.856023,-176.774368,0.079843,-6.342508,-0.028141,0.998072,-0.055318,0.000862
7790,-0.013906,-0.563176,-9.824230,-0.265445,0.254676,-0.802616,-176.774658,0.070082,-6.315390,-0.028134,0.998085,-0.055080,0.000940
7791,0.002023,-0.559342,-9.835639,-0.532426,0.297455,-0.849922,-176.780853,0.052619,-6.288398,-0.028072,0.998100,-0.054840,0.001082
7792,0.001556,-0.543174,-9.835685,-0.453096,0.239566,-0.837720,-176.799652,0.030149,-6.260814,-0.027897,0.998118,-0.054595,0.001262
7793,0.011082,-0.535103,-9.839266,-0.338749,0.199995,-0.776689,-176.824982,0.008318,-6.234359,-0.027667,0.998137,-0.054359,0.001434
7794,0.004711,-0.529783,-9.843370,-0.479255,0.467119,-0.901820,-176.853760,-0.015183,-6.207039,-0.027405,0.998157,-0.054116,0.001619
7795,0.006903,-0.534613,-9.858021,-0.569376,0.483944,-0.827052,-176.882599,-0.037633,-6.179130,-0.027144,0.998177,-0.053868,0.001794
7796,-0.000126,-0.514135,-9.856147,-0.601536,0.404587,-0.732444,-176.916595,-0.052702,-6.153969,-0.026841,0.998197,-0.053646,0.001903
7797,0.016978,-0.542748,-9.867338,-1.373699,0.352711,-0.796533,-176.955063,-0.067281,-6.129196,-0.026500,0.998218,-0.053427,0.002007
7798,0.015281,-0.518383,-9.873451,-1.802467,0.384800,-0.677513,-177.005920,-0.086434,-6.105308,-0.026048,0.998241,-0.053216,0.002144
7799,0.028101,-0.513108,-9.869737,-2.179408,0.184969,-0.465414,-177.077103,-0.105045,-6.086761,-0.025420,0.998266,-0.053051,0.002269
7800,0.033326,-0.507147,-9.863631,-2.435763,0.159138,-0.408959,-177.153854,-0.125235,-6.072477,-0.024742,0.998289,-0.052924,0.002406
7801,0.034496,-0.498211,-9.870621,-2.670713,-0.022339,-0.430328,-177.233688,-0.141782,-6.058609,-0.024039,0.998312,-0.052801,0.002511
7802,0.037391,-0.488975,-9.872638,-2.482949,-0.405246,-0.413547,-177.310242,-0.147808,-6.044225,-0.023370,0.998335,-0.052677,0.002525
7803,0.027308,-0.497656,-9.871475,-1.678609,-0.521159,-0.428809,-177.357513,-0.140158,-6.029525,-0.022962,0.998351,-0.052551,0.002434
7804,0.012187,-0.487010,-9.855386,-0.277554,-0.579185,-0.425754,-177.358261,-0.117588,-6.014531,-0.022966,0.998358,-0.052425,0.002234
7805,0.014119,-0.499407,-9.869540,1.297495,-0.739476,-0.422700,-177.304489,-0.087534,-5.999457,-0.023448,0.998354,-0.052299,0.001993
7806,0.023202,-0.504308,-9.879727,2.826794,-0.747098,-0.938462,-177.195648,-0.064804,-5.975675,-0.024407,0.998342,-0.052095,0.001840
7807,0.017816,-0.499211,-9.851278,3.940935,-0.296893,-1.442020,-177.055969,-0.056541,-5.935227,-0.025629,0.998330,-0.051742,0.001823
7808,0.011969,-0.488235,-9.795979,4.224761,0.165497,-2.105798,-176.919449,-0.061796,-5.876072,-0.026817,0.998325,-0.051223,0.001916
7809,0.014819,-0.536140,-9.831243,3.399202,0.304381,-2.584941,-176.796631,-0.077043,-5.798437,-0.027881,0.998331,-0.050541,0.002085
7810,0.017075,-0.539382,-9.852041,2.480575,0.350190,-3.225832,-176.701172,-0.097301,-5.702368,-0.028706,0.998349,-0.049697,0.002279
7811,0.008231,-0.551409,-9.833255,1.668677,0.679772,-3.500497,-176.645462,-0.118653,-5.591426,-0.029184,0.998383,-0.048724,0.002461
7812,-0.005113,-0.553437,-9.837107,0.820114,0.728470,-3.341793,-176.622879,-0.132287,-5.478919,-0.029378,0.998424,-0.047740,0.002561
7813,0.004129,-0.572977,-9.877985,-0.025377,0.067573,-2.876376,-176.625854,-0.130228,-5.376204,-0.029355,0.998468,-0.046845,0.002515
7814,0.010843,-0.583368,-9.867596,-0.586950,-0.349122,-2.424695,-176.640259,-0.116083,-5.287722,-0.029237,0.998507,-0.046078,0.002364
7815,-0.000931,-0.543756,-9.828739,-0.645057,-0.346195,-1.767015,-176.676254,-0.092844,-5.217280,-0.028934,0.998544,-0.045471,0.002129
7816,0.013309,-0.550350,-9.811836,-0.781069,-0.466835,-0.715647,-176.725616,-0.070295,-5.175154,-0.028514,0.998573,-0.045110,0.001902
7817,0.019651,-0.555312,-9.840148,-0.445471,-0.550741,0.108351,-176.759216,-0.056326,-5.164068,-0.028226,0.998586,-0.045018,0.001765
7818,0.020438,-0.569836,-9.838895,-0.033450,-0.352301,0.772125,-176.764740,-0.049339,-5.177866,-0.028181,0.998582,-0.045140,0.001705
7819,0.023088,-0.547311,-9.853962,-0.001395,-0.101951,0.979645,-176.763809,-0.052397,-5.206591,-0.028187,0.998570,-0.045389,0.001739
7820,0.033433,-0.577301,-9.860453,-0.643770,0.127089,0.894185,-176.769669,-0.069908,-5.237799,-0.028129,0.998559,-0.045657,0.001897
7821,0.032847,-0.563680,-9.875076,-1.138069,0.342419,0.555420,-176.786743,-0.098188,-5.262369,-0.027968,0.998554,-0.045865,0.002143
7822,0.033784,-0.577809,-9.850804,-2.116067,0.534830,0.061012,-176.825928,-0.130410,-5.273456,-0.027614,0.998559,-0.045954,0.002410
7823,0.043226,-0.545657,-9.855529,-2.431842,0.763865,-0.408981,-176.890198,-0.170548,-5.268855,-0.027038,0.998576,-0.045906,0.002733
7824,0.045812,-0.515297,-9.831211,-2.199977,1.005105,-0.813360,-176.977005,-0.219128,-5.250033,-0.026262,0.998604,-0.045733,0.003118
7825,0.039059,-0.508008,-9.835689,-2.302331,1.151663,-0.926282,-177.066803,-0.265215,-5.222878,-0.025462,0.998634,-0.045488,0.003477
7826,0.031769,-0.522260,-9.840005,-2.331298,1.137882,-0.856086,-177.140945,-0.298794,-5.195158,-0.024804,0.998661,-0.045242,0.003735
7827,0.039285,-0.488696,-9.854167,-1.957389,0.966878,-0.851504,-177.205475,-0.322640,-5.168510,-0.024233,0.998685,-0.045006,0.003911
7828,0.032954,-0.482643,-9.853332,-1.881100,0.884343,-0.889646,-177.270462,-0.338030,-5.141023,-0.023661,0.998709,-0.044766,0.004014
7829,0.032360,-0.475548,-9.852274,-1.630819,0.731563,-0.509680,-177.325485,-0.342590,-5.119040,-0.023181,0.998729,-0.044575,0.004028
7830,0.048660,-0.461192,-9.840926,-1.031102,0.458283,-0.337243,-177.366394,-0.345581,-5.105895,-0.022823,0.998742,-0.044461,0.004036
7831,0.048329,-0.434454,-9.844248,-0.686309,0.183534,-0.344870,-177.403244,-0.346438,-5.094985,-0.022502,0.998754,-0.044367,0.004027
7832,0.051765,-0.430092,-9.845762,-0.311066,0.012557,-0.003060,-177.436737,-0.340792,-5.089242,-0.022213,0.998763,-0.044320,0.003963
7833,0.062926,-0.435955,-9.849282,-0.169237,-0.117160,0.289918,-177.455078,-0.337121,-5.093881,-0.022054,0.998764,-0.044361,0.003925
7834,0.058380,-0.454540,-9.848357,-0.315682,-0.161394,0.189206,-177.457382,-0.334383,-5.101686,-0.022035,0.998762,-0.044430,0.003902
7835,0.045258,-0.434534,-9.847437,-0.092842,-0.184330,0.273133,-177.457352,-0.322522,-5.109168,-0.022039,0.998759,-0.044498,0.003800
7836,0.067829,-0.434584,-9.849799,0.119241,-0.298773,0.320437,-177.459549,-0.314067,-5.118679,-0.022023,0.998756,-0.044582,0.003727
7837,0.067644,-0.443516,-9.861832,0.184868,-0.201014,0.059500,-177.452927,-0.317979,-5.124644,-0.022079,0.998752,-0.044633,0.003765
7838,0.058998,-0.444828,-9.859454,0.418382,0.056935,0.001512,-177.436966,-0.324122,-5.125587,-0.022216,0.998749,-0.044640,0.003825
7839,0.062014,-0.445243,-9.860362,0.680879,0.183628,0.149526,-177.413757,-0.333045,-5.128311,-0.022415,0.998743,-0.044661,0.003912
7840,0.069710,-0.465221,-9.859092,0.468868,0.183699,0.103745,-177.383087,-0.347926,-5.132876,-0.022676,0.998735,-0.044697,0.004055
7841,0.056720,-0.472266,-9.865939,0.366790,0.357690,0.181566,-177.349213,-0.361113,-5.138165,-0.022966,0.998726,-0.044739,0.004184
7842,0.062684,-0.455204,-9.855387,0.487416,0.484331,0.186145,-177.325150,-0.373514,-5.144997,-0.023170,0.998718,-0.044795,0.004303
7843,0.063074,-0.461453,-9.851268,0.154764,0.568254,0.108323,-177.314346,-0.390462,-5.150720,-0.023258,0.998713,-0.044841,0.004456
7844,0.067448,-0.463132,-9.853716,-0.200767,0.476695,0.076279,-177.314056,-0.407232,-5.154615,-0.023254,0.998711,-0.044871,0.004603
7845,0.077760,-0.445831,-9.854292,-0.141317,0.389747,0.007611,-177.327255,-0.425400,-5.156632,-0.023131,0.998713,-0.044886,0.004757
7846,0.078152,-0.443585,-9.850313,-0.310820,0.395900,-0.073267,-177.350616,-0.444625,-5.156031,-0.022920,0.998717,-0.044878,0.004915
7847,0.073690,-0.440998,-9.851003,-0.523044,0.287567,-0.006128,-177.379562,-0.457086,-5.155117,-0.022663,0.998723,-0.044868,0.005012
7848,0.080090,-0.428300,-9.850073,-0.454522,0.031207,-0.064114,-177.413925,-0.461769,-5.154047,-0.022362,0.998730,-0.044860,0.005039
7849,0.085421,-0.410714,-9.846161,-0.427274,-0.090838,-0.115998,-177.455994,-0.464510,-5.150781,-0.021994,0.998740,-0.044833,0.005046
7850,0.078445,-0.417887,-9.854344,-0.374075,-0.095399,0.134251,-177.495453,-0.463565,-5.150735,-0.021651,0.998747,-0.044834,0.005022
7851,0.069963,-0.419449,-9.854856,-0.206346,-0.260243,0.231912,-177.520340,-0.451877,-5.156451,-0.021438,0.998750,-0.044887,0.004912
7852,0.074970,-0.437199,-9.860628,-0.127004,-0.396099,0.234966,-177.526535,-0.434455,-5.163748,-0.021391,0.998749,-0.044954,0.004759
7853,0.078901,-0.434801,-9.861285,0.071440,-0.406777,0.187662,-177.518219,-0.421350,-5.170277,-0.021468,0.998745,-0.045013,0.004649
7854,0.079398,-0.430060,-9.850202,0.416346,-0.354853,0.216653,-177.504272,-0.413672,-5.176503,-0.021592,0.998740,-0.045069,0.004589
7855,0.068400,-0.440166,-9.850739,0.417926,-0.212925,0.068638,-177.483597,-0.405994,-5.180889,-0.021775,0.998735,-0.045107,0.004531
7856,0.061932,-0.453584,-9.854682,0.413468,-0.031382,-0.003078,-177.454590,-0.396666,-5.181907,-0.022032,0.998729,-0.045117,0.004461
7857,0.046031,-0.436163,-9.849588,0.421170,-0.040655,0.012187,-177.431595,-0.380837,-5.182065,-0.022238,0.998725,-0.045121,0.004332
7858,0.047088,-0.427580,-9.856698,0.013685,-0.393302,0.245661,-177.432190,-0.353708,-5.185979,-0.022244,0.998724,-0.045160,0.004096
7859,0.040309,-0.478711,-9.894420,-0.820917,-0.662016,0.608838,-177.435760,-0.316504,-5.199479,-0.022227,0.998720,-0.045285,0.003773
7860,0.047167,-0.481020,-9.876817,-0.962544,-0.733843,0.744653,-177.429871,-0.278604,-5.221178,-0.022293,0.998710,-0.045482,0.003450
7861,0.058053,-0.441789,-9.837909,-0.710616,-0.744514,0.585956,-177.438889,-0.254326,-5.242332,-0.022223,0.998704,-0.045671,0.003239
7862,0.048259,-0.577055,-9.798246,-2.409957,0.631928,-0.430310,-177.423355,-0.259549,-5.245142,-0.022356,0.998700,-0.045694,0.003291
7863,0.044035,-0.540245,-9.747918,-2.341881,1.046998,-0.903344,-177.385590,-0.290699,-5.224730,-0.022674,0.998700,-0.045509,0.003573
7864,0.039374,-0.508263,-9.721326,-2.049779,1.132410,-1.501502,-177.377823,-0.323808,-5.186731,-0.022730,0.998713,-0.045171,0.003857
7865,0.003318,-0.450763,-9.755492,-1.915230,1.152005,-2.047771,-177.410736,-0.334255,-5.129544,-0.022440,0.998742,-0.044671,0.003924
7866,-0.018034,-0.446370,-9.835663,-2.372986,1.301050,-1.881422,-177.479858,-0.316051,-5.066008,-0.021847,0.998780,-0.044123,0.003727
7867,0.003133,-0.317238,-9.885106,-0.716279,0.591004,-0.628618,-177.587616,-0.287930,-5.025361,-0.020920,0.998816,-0.043778,0.003433
7868,0.026763,-0.367948,-9.929025,-0.553653,1.127842,-0.018239,-177.689835,-0.281026,-5.015415,-0.020032,0.998839,-0.043695,0.003332
7869,0.053537,-0.362544,-9.877700,-0.045853,2.003654,0.349511,-177.741318,-0.324261,-5.022839,-0.019567,0.998844,-0.043754,0.003690
7870,0.112647,-0.379688,-9.827181,-0.049074,2.057302,0.802700,-177.763931,-0.421245,-5.044576,-0.019331,0.998837,-0.043928,0.004530
7871,0.139206,-0.392332,-9.776541,-0.163507,1.575593,0.891184,-177.765900,-0.541131,-5.075160,-0.019267,0.998823,-0.044174,0.005580
7872,0.141199,-0.401405,-9.781304,-0.505196,0.742890,0.651598,-177.761948,-0.635329,-5.102496,-0.019263,0.998808,-0.044396,0.006407
7873,0.119274,-0.351026,-9.790133,-0.502189,-0.004582,0.215174,-177.784286,-0.676017,-5.117327,-0.019052,0.998804,-0.044519,0.006755
7874,0.101234,-0.326260,-9.844986,-0.946568,-0.776717,0.199911,-177.850220,-0.660664,-5.123254,-0.018483,0.998813,-0.044577,0.006597
7875,0.092122,-0.334297,-9.922134,-1.593919,-0.978283,0.398283,-177.937271,-0.613050,-5.131635,-0.017742,0.998826,-0.044663,0.006149
7876,0.111239,-0.349277,-9.919703,-1.520853,-0.270321,0.560032,-178.011215,-0.583356,-5.146628,-0.017108,0.998832,-0.044802,0.005864
7877,0.117624,-0.282531,-9.861059,-0.884804,0.353869,0.585966,-178.083923,-0.594828,-5.165425,-0.016469,0.998835,-0.044968,0.005938
7878,0.126528,-0.305437,-9.848914,-1.046877,0.195332,1.153602,-178.156418,-0.623078,-5.194270,-0.015824,0.998833,-0.045219,0.006160
7879,0.135099,-0.327845,-9.881845,-1.266666,-0.149326,1.365698,-178.201447,-0.647556,-5.236172,-0.015420,0.998821,-0.045583,0.006361
7880,0.121229,-0.322865,-9.863791,-0.962919,-0.100352,1.280242,-178.227036,-0.660017,-5.280231,-0.015189,0.998807,-0.045967,0.006466
7881,0.102167,-0.282077,-9.887609,-1.042308,-0.368923,1.220731,-178.265213,-0.649920,-5.321594,-0.014858,0.998795,-0.046331,0.006368
7882,0.100345,-0.312734,-9.923360,-1.599317,-0.414794,1.387060,-178.314468,-0.623979,-5.364592,-0.014437,0.998785,-0.046712,0.006127
7883,0.079027,-0.403877,-9.798935,-1.800243,0.079451,1.030004,-178.308624,-0.597777,-5.405378,-0.014497,0.998769,-0.047071,0.005906
7884,0.119383,-0.244794,-9.827977,-2.337095,-1.271035,-0.437933,-178.343307,-0.572272,-5.415038,-0.014205,0.998770,-0.047160,0.005671
7885,0.148059,-0.289808,-9.869889,-2.273165,-1.420320,0.204473,-178.440155,-0.559613,-5.409657,-0.013366,0.998785,-0.047119,0.005520
7886,0.114194,-0.277646,-9.818113,-1.810753,-1.346814,-0.032052,-178.501099,-0.546204,-5.411316,-0.012840,0.998791,-0.047138,0.005378
7887,0.075598,-0.274389,-9.778934,-1.784701,-2.189122,-0.387592,-178.547073,-0.487726,-5.402926,-0.012464,0.998802,-0.047074,0.004849
7888,0.102779,-0.171459,-9.965701,-1.977051,-3.443468,-0.642421,-178.620361,-0.389979,-5.383367,-0.011866,0.998820,-0.046917,0.003965
7889,0.044724,-0.276858,-9.899750,-1.090495,-1.795521,0.379950,-178.672470,-0.296148,-5.376899,-0.011451,0.998830,-0.046872,0.003125
7890,0.001298,-0.204494,-9.816716,-1.371207,-1.881253,-0.643939,-178.706177,-0.199999,-5.371168,-0.011196,0.998837,-0.046832,0.002272
7891,0.009967,-0.194926,-9.803447,-2.317422,-2.935908,-0.975060,-178.785355,-0.090370,-5.342401,-0.010551,0.998857,-0.046593,0.001282
7893,0.058212,-0.142443,-10.056473,-3.813015,-3.694260,-1.380957,-178.910812,0.015175,-5.300882,-0.009501,0.998885,-0.046242,0.000307
7894,0.001271,-0.026888,-9.950769,-4.748853,-2.195713,-1.434367,-179.109192,0.101528,-5.252232,-0.007806,0.998919,-0.045824,-0.000529
7895,-0.023593,-0.015082,-9.941970,-6.519506,-2.160620,-1.037627,-179.369324,0.174086,-5.210167,-0.005567,0.998950,-0.045459,-0.001267
7896,-0.051875,0.047834,-9.954679,-7.603482,-2.061488,-0.660721,-179.675827,0.250849,-5.181479,-0.002925,0.998971,-0.045207,-0.002059
7897,-0.057101,0.106137,-10.025284,-8.701235,-1.323006,0.083934,179.975952,0.315575,-5.172061,0.000085,0.998978,-0.045119,-0.002761
7898,-0.106167,0.119858,-9.840150,-9.249578,0.373697,0.883522,179.609833,0.347107,-5.188664,0.003264,0.998965,-0.045253,-0.003180
7899,-0.098017,0.089958,-9.878252,-9.849533,0.382677,1.229908,179.257751,0.356002,-5.224127,0.006329,0.998936,-0.045552,-0.003399
7900,-0.088397,0.187335,-9.893005,-9.697100,0.707574,1.205493,178.911972,0.352912,-5.264653,0.009343,0.998896,-0.045895,-0.003512
7901,-0.070360,0.240475,-9.882197,-9.743093,1.194274,1.524411,178.560684,0.328998,-5.309688,0.012414,0.998846,-0.046279,-0.003450
7902,-0.071585,0.286008,-9.857864,-9.981314,1.520775,1.492367,178.209656,0.288263,-5.358856,0.015488,0.998784,-0.046703,-0.003243
7903,-0.067897,0.355215,-9.840124,-9.877717,1.368117,1.782292,177.857620,0.246340,-5.411912,0.018572,0.998710,-0.047162,-0.003030
7904,-0.069767,0.430692,-9.859735,-10.448627,1.036903,2.134779,177.492096,0.214711,-5.475698,0.021769,0.998620,-0.047714,-0.002916
7905,-0.065015,0.471201,-9.854803,-11.693978,0.647685,2.517782,177.098267,0.196409,-5.552003,0.025207,0.998507,-0.048372,-0.002938
7906,-0.063259,0.518068,-9.864761,-12.386858,0.308819,2.938932,176.682693,0.189453,-5.642084,0.028828,0.998371,-0.049148,-0.003075
7907,-0.052949,0.600158,-9.853559,-12.667721,0.006590,3.192231,176.253433,0.189936,-5.743875,0.032565,0.998212,-0.050023,-0.003292
7908,-0.050435,0.699905,-9.825669,-13.229426,-0.207114,2.966390,175.800812,0.195382,-5.846642,0.036502,0.998030,-0.050903,-0.003570
7909,-0.052788,0.767979,-9.820447,-13.757595,-0.216341,2.735971,175.325684,0.204013,-5.942089,0.040633,0.997827,-0.051716,-0.003890
7910,-0.066049,0.866591,-9.828992,-13.847836,-0.271371,2.302601,174.838776,0.217033,-6.026632,0.044863,0.997607,-0.052429,-0.004256
7911,-0.069667,0.954844,-9.813839,-15.135972,-0.569049,1.521318,174.323792,0.240244,-6.091641,0.049333,0.997366,-0.052966,-0.004722
7912,-0.085832,1.035614,-9.802511,-16.732340,-0.746205,0.904832,173.761200,0.276414,-6.134406,0.054210,0.997092,-0.053297,-0.005317
7913,-0.047589,1.095578,-9.803283,-18.086000,-1.191860,0.588957,173.160233,0.316415,-6.163056,0.059418,0.996781,-0.053496,-0.005959
7914,-0.035273,1.176971,-9.797585,-19.009235,-1.939528,0.015213,172.535736,0.362279,-6.179560,0.064827,0.996435,-0.053581,-0.006659
7915,-0.041561,1.304259,-9.768112,-19.282425,-2.160710,-0.781310,171.891281,0.422014,-6.176080,0.070402,0.996056,-0.053475,-0.007477
7916,-0.065204,1.455591,-9.764797,-19.776997,-1.989752,-1.214664,171.219208,0.488442,-6.153375,0.076213,0.995637,-0.053189,-0.008353
7917,-0.072666,1.550882,-9.764672,-21.141378,-1.924101,-1.448123,170.512009,0.555243,-6.120064,0.082327,0.995163,-0.052799,-0.009237
7918,-0.128889,1.674940,-9.778394,-22.519447,-1.666260,-1.731952,169.764969,0.628333,-6.078281,0.088782,0.994624,-0.052318,-0.010183
7919,-0.155856,1.851337,-9.742783,-23.395578,-1.117079,-1.628211,168.968796,0.703452,-6.032354,0.095660,0.994004,-0.051784,-0.011159
7920,-0.167294,1.967081,-9.719159,-25.153759,-0.563344,-0.938524,168.121201,0.761687,-5.996788,0.102987,0.993284,-0.051339,-0.012015
7921,-0.167505,2.064507,-9.682637,-26.357903,-0.365127,-0.009264,167.239227,0.799815,-5.985317,0.110612,0.992467,-0.051109,-0.012729
7922,-0.186165,2.213536,-9.622108,-26.380909,-0.298146,1.089370,166.345367,0.826844,-6.005899,0.118336,0.991565,-0.051158,-0.013382
7923,-0.189588,2.390011,-9.555944,-26.420774,-0.244919,2.041507,165.440369,0.846136,-6.059436,0.126147,0.990575,-0.051492,-0.014011
7924,-0.191196,2.526980,-9.519540,-27.872160,-0.173377,2.255096,164.505569,0.856922,-6.131216,0.134210,0.989481,-0.051983,-0.014608
7925,-0.190198,2.679964,-9.479871,-28.577341,-0.455840,2.355766,163.538742,0.867308,-6.208727,0.142538,0.988278,-0.052514,-0.015232
7926,-0.199353,2.798813,-9.434162,-28.206657,-0.434651,2.528148,162.576416,0.880383,-6.291492,0.150815,0.987008,-0.053079,-0.015894
7927,-0.185341,2.971140,-9.427320,-27.573441,-0.663696,2.016916,161.640106,0.894835,-6.369657,0.158856,0.985707,-0.053600,-0.016560
7928,-0.191362,3.127377,-9.369229,-26.401587,-1.335232,1.427867,160.732544,0.924861,-6.435115,0.166633,0.984387,-0.053986,-0.017337
7929,-0.204645,3.246287,-9.336850,-24.649826,-1.851146,1.713164,159.880493,0.977036,-6.502533,0.173911,0.983090,-0.054354,-0.018288
7930,-0.223963,3.366491,-9.302897,-23.662445,-2.473905,2.013705,159.087234,1.047018,-6.586045,0.180664,0.981824,-0.054831,-0.019395
7931,-0.232588,3.555603,-9.263126,-23.251925,-3.383548,1.641306,158.309402,1.141525,-6.678497,0.187259,0.980532,-0.055334,-0.020726
7932,-0.258002,3.681001,-9.201460,-23.754021,-3.862889,1.180399,157.515823,1.262636,-6.767965,0.193965,0.979169,-0.055747,-0.022295
7933,-0.290498,3.810776,-9.160658,-24.777988,-3.574727,1.091802,156.696075,1.393909,-6.851673,0.200879,0.977717,-0.056068,-0.023960
7934,-0.310861,3.958397,-9.096903,-25.425085,-3.779452,1.427401,155.844055,1.523154,-6.940280,0.208054,0.976153,-0.056407,-0.025638
7935,-0.321666,4.118179,-9.034570,-25.785391,-4.087915,0.205041,154.965042,1.661604,-7.020710,0.215441,0.974488,-0.056630,-0.027398
7936,-0.341018,4.246320,-8.946409,-26.901077,-3.995031,-1.316390,154.056351,1.817879,-7.063186,0.223065,0.972727,-0.056465,-0.029255
7937,-0.376833,4.360586,-8.849959,-27.255302,-3.755668,-1.780363,153.126633,1.984746,-7.075641,0.230854,0.970877,-0.055992,-0.031150
7938,-0.403572,4.483074,-8.750834,-27.932997,-3.617031,-2.085651,152.184418,2.154056,-7.076087,0.238734,0.968941,-0.055382,-0.033041
7939,-0.438367,4.630792,-8.683846,-28.818199,-3.356325,-4.183910,151.218948,2.337620,-7.040439,0.246796,0.966907,-0.054402,-0.034978
7940,-0.473957,4.751251,-8.618135,-29.739973,-2.842330,-4.255754,150.231873,2.530351,-6.969270,0.255030,0.964770,-0.053066,-0.036908
7941,-0.527022,4.916792,-8.565619,-30.010118,-2.625924,-2.876470,149.231369,2.708255,-6.913478,0.263362,0.962523,-0.051860,-0.038735
7942,-0.545655,5.093319,-8.500455,-31.348438,-3.054989,-1.867992,148.199310,2.870594,-6.896322,0.271934,0.960110,-0.050976,-0.040519
7943,-0.553637,5.235843,-8.416942,-31.878014,-3.395492,-1.106684,147.134644,3.020066,-6.913119,0.280752,0.957525,-0.050368,-0.042280
7944,-0.581189,5.381596,-8.300412,-32.050507,-3.273608,0.477110,146.059113,3.146519,-6.966548,0.289634,0.954815,-0.050091,-0.043938
7945,-0.608641,5.507826,-8.179859,-32.990509,-2.877071,0.861511,144.966522,3.248767,-7.043959,0.298635,0.951970,-0.050043,-0.045464
7946,-0.606702,5.632581,-8.050816,-32.213799,-2.994751,0.869014,143.877014,3.339477,-7.124990,0.307586,0.949046,-0.050034,-0.046906
7947,-0.611182,5.764123,-7.932508,-28.611029,-2.930799,-0.096999,142.866531,3.432380,-7.194352,0.315858,0.946260,-0.049932,-0.048302
7948,-0.620328,5.877192,-7.830390,-26.012262,-2.462449,-1.043162,141.968842,3.532669,-7.233539,0.323183,0.943732,-0.049589,-0.049628
7949,-0.619779,5.986002,-7.731461,-23.822384,-1.684296,-1.192769,141.159332,3.621891,-7.246187,0.329782,0.941414,-0.049081,-0.050745
7950,-0.644249,6.099695,-7.648421,-21.443281,-0.898499,-0.500059,140.427536,3.683067,-7.250265,0.335748,0.939282,-0.048608,-0.051570
7951,-0.663924,6.196888,-7.608516,-20.796066,0.163467,-0.674095,139.752304,3.718939,-7.241493,0.341259,0.937289,-0.048124,-0.052122
7952,-0.669721,6.294937,-7.567517,-22.112640,1.281890,-0.399521,139.076721,3.727317,-7.209948,0.346788,0.935273,-0.047533,-0.052378
7953,-0.662912,6.396225,-7.462914,-24.268501,2.249262,0.119215,138.340500,3.698880,-7.165524,0.352828,0.933046,-0.046922,-0.052314
7954,-0.657658,6.508981,-7.378609,-28.081600,4.036063,1.197978,137.495087,3.617122,-7.110181,0.359776,0.930445,-0.046345,-0.051823
7955,-0.643526,6.655596,-7.303260,-31.952740,5.449018,2.128734,136.515549,3.473467,-7.041996,0.367833,0.927370,-0.045814,-0.050837
7956,-0.601175,6.794404,-7.172311,-34.150005,5.392533,2.122601,135.426498,3.299244,-6.966927,0.376766,0.923868,-0.045301,-0.049621
7957,-0.551526,6.921571,-6.977457,-35.245674,5.299469,1.947140,134.267700,3.122246,-6.888648,0.386226,0.920045,-0.044770,-0.048394
7958,-0.523803,7.064321,-6.858833,-36.150650,6.077724,2.813908,133.069366,2.927086,-6.806738,0.395971,0.915989,-0.044286,-0.047018
7959,-0.485004,7.205930,-6.733860,-33.050014,4.544212,2.560652,131.914536,2.733609,-6.736851,0.405318,0.911976,-0.043942,-0.045677
7960,-0.441354,7.291662,-6.556611,-26.773869,1.364244,0.760126,130.920898,2.615861,-6.699269,0.413291,0.908438,-0.043674,-0.044989
7961,-0.448825,7.381131,-6.387890,-23.470240,0.755431,0.723539,130.084076,2.568366,-6.688110,0.419944,0.905398,-0.043431,-0.044891
7962,-0.479098,7.444801,-6.336411,-23.250418,1.507661,1.626818,129.316895,2.524748,-6.683647,0.426021,0.902566,-0.043257,-0.044821
7963,-0.504824,7.507000,-6.291352,-21.103119,0.184553,1.475573,128.617447,2.494454,-6.692802,0.431535,0.899944,-0.043169,-0.044881
7964,-0.491067,7.575194,-6.127499,-19.094669,-1.605517,1.244937,127.987114,2.507653,-6.738046,0.436454,0.897541,-0.043226,-0.045393
7965,-0.478206,7.696104,-5.995598,-20.692215,-0.241480,2.058072,127.333321,2.511680,-6.795876,0.441542,0.895014,-0.043402,-0.045894
7966,-0.458604,7.748350,-5.933064,-22.204393,1.249252,2.425694,126.618767,2.461731,-6.827705,0.447129,0.892228,-0.043559,-0.045899
7967,-0.439782,7.853146,-5.842349,-20.292364,0.896708,2.456134,125.915405,2.386995,-6.847005,0.452631,0.889454,-0.043723,-0.045662
7968,-0.418902,7.951849,-5.712780,-18.018799,0.541130,1.555794,125.268097,2.325930,-6.866889,0.457673,0.886871,-0.043863,-0.045516
7969,-0.444956,7.988072,-5.720689,-19.883442,2.222638,1.404636,124.641747,2.272838,-6.857279,0.462546,0.884355,-0.043755,-0.045307
7970,-0.427422,8.063469,-5.653788,-21.032215,2.507902,1.860751,123.991814,2.203362,-6.821837,0.467606,0.881724,-0.043509,-0.044876
7971,-0.409791,8.154310,-5.558121,-20.383471,1.485467,1.466951,123.330925,2.136449,-6.796274,0.472730,0.879016,-0.043331,-0.044508
7972,-0.399891,8.243823,-5.431262,-21.501865,1.073404,1.111308,122.647224,2.092128,-6.783493,0.477994,0.876180,-0.043152,-0.044374
7973,-0.382594,8.321588,-5.290141,-25.312151,2.086561,1.994733,121.861145,2.033294,-6.766954,0.484031,0.872880,-0.042970,-0.044152
7974,-0.320113,8.457201,-5.121222,-27.628792,3.099774,2.595968,120.943909,1.920889,-6.734436,0.491073,0.868976,-0.042852,-0.043503
7975,-0.307283,8.468257,-5.021601,-27.876307,3.446204,2.034521,119.981483,1.786020,-6.680729,0.498443,0.864823,-0.042669,-0.042611
7976,-0.290487,8.523484,-4.873329,-28.370872,4.059659,2.562559,119.025452,1.648332,-6.610041,0.505736,0.860640,-0.042390,-0.041621
7977,-0.272525,8.584122,-4.753726,-27.823158,4.752452,3.453743,118.079895,1.483849,-6.529211,0.512930,0.856442,-0.042179,-0.040379
7978,-0.254838,8.681410,-4.668558,-24.365364,4.158878,3.514797,117.217911,1.309527,-6.451405,0.519468,0.852559,-0.042087,-0.039047
7979,-0.264459,8.702112,-4.576235,-21.084387,2.735159,3.157661,116.491196,1.167953,-6.398510,0.524948,0.849242,-0.042097,-0.038022
7980,-0.258183,8.795266,-4.468127,-19.965563,1.947704,3.741920,115.847458,1.053821,-6.378520,0.529769,0.846265,-0.042263,-0.037323
7981,-0.240339,8.858210,-4.385165,-18.565979,0.974070,3.714249,115.243843,0.948686,-6.387733,0.534264,0.843439,-0.042625,-0.036815
7982,-0.217753,8.899077,-4.276157,-16.990921,-0.175041,2.670318,114.688660,0.873891,-6.420184,0.538367,0.840813,-0.043036,-0.036625
7983,-0.214062,8.936155,-4.158084,-17.094456,-0.512363,1.838480,114.148506,0.838780,-6.461441,0.542327,0.838243,-0.043331,-0.036766
7984,-0.204251,9.018309,-4.068686,-16.648752,-0.713882,0.603789,113.602226,0.839588,-6.496603,0.546305,0.835635,-0.043408,-0.037146
7985,-0.214168,9.049319,-3.982778,-15.621711,-0.883359,-0.983401,113.076042,0.886982,-6.518600,0.550108,0.833120,-0.043169,-0.037795
7986,-0.243495,9.080650,-3.897827,-15.809295,-1.150516,-2.147966,112.564857,0.986793,-6.529669,0.553770,0.830675,-0.042597,-0.038764
7987,-0.255688,9.103931,-3.795675,-15.793962,-1.110973,-2.577067,112.047318,1.116556,-6.534834,0.557455,0.828191,-0.041827,-0.039918
7988,-0.259230,9.090031,-3.708704,-16.140276,-0.180271,-2.545297,111.524323,1.241061,-6.523310,0.561176,0.825668,-0.040950,-0.040948
7990,-0.258648,9.097167,-3.586641,-19.732256,2.049024,0.202686,110.933258,1.294061,-6.480335,0.565418,0.822789,-0.040168,-0.041327
7991,-0.219986,9.162437,-3.409315,-22.614906,3.300245,1.980307,110.206955,1.239847,-6.410495,0.570672,0.819202,-0.039676,-0.040846
7992,-0.173454,9.223716,-3.259070,-24.634129,4.502693,3.040900,109.368507,1.107523,-6.317667,0.576742,0.815009,-0.039383,-0.039728
7993,-0.137130,9.270186,-3.118254,-26.706844,5.267231,4.095484,108.451454,0.920193,-6.203240,0.583366,0.810366,-0.039210,-0.038135
7994,-0.090332,9.354692,-2.942030,-27.267447,4.772896,4.678611,107.479805,0.700450,-6.090077,0.590344,0.805379,-0.039223,-0.036340
7995,-0.067004,9.394933,-2.757212,-24.849558,3.257716,3.119340,106.523994,0.507898,-6.000833,0.597145,0.800411,-0.039299,-0.034856
7996,-0.055397,9.430308,-2.654777,-23.058767,2.673327,2.651040,105.645889,0.367656,-5.932879,0.603335,0.795801,-0.039297,-0.033825
7997,-0.037542,9.487759,-2.541435,-20.546051,2.073667,2.619103,104.858994,0.248264,-5.879884,0.608845,0.791626,-0.039333,-0.032988
7998,-0.042096,9.555702,-2.430694,-19.298258,1.713559,2.503182,104.143524,0.143487,-5.840319,0.613825,0.787796,-0.039415,-0.032301
7999,-0.044667,9.586026,-2.346460,-19.695320,1.683031,2.443635,103.453041,0.054607,-5.805163,0.618602,0.784071,-0.039459,-0.031740
8000,-0.029038,9.640521,-2.216763,-20.766821,1.600612,2.632776,102.741516,-0.030638,-5.771193,0.623497,0.780203,-0.039494,-0.031219
8001,-0.096078,9.700131,-2.044113,-22.984438,1.400663,3.644236,101.956284,-0.114374,-5.744964,0.628864,0.775898,-0.039561,-0.030778
8002,-0.047075,9.771135,-1.823594,-27.010574,1.386862,4.567105,101.030273,-0.217227,-5.727204,0.635152,0.770767,-0.039761,-0.030306
8003,-0.005641,9.742477,-1.655156,-30.304441,1.881222,5.252037,99.959450,-0.361551,-5.703685,0.642379,0.764764,-0.040128,-0.029581
8004,0.036837,9.753215,-1.481248,-30.039837,1.730135,5.383136,98.840614,-0.529698,-5.673098,0.649875,0.758414,-0.040588,-0.028685
8005,0.062063,9.784307,-1.362650,-27.347321,1.115175,4.705520,97.790871,-0.689678,-5.650071,0.656848,0.752387,-0.041089,-0.027872
8006,0.159838,9.786422,-1.242307,-24.823929,0.724545,3.397825,96.860062,-0.830357,-5.636337,0.662981,0.746985,-0.041585,-0.027208
8007,0.143039,9.736239,-1.165012,-21.659357,0.579596,2.319075,96.060516,-0.937618,-5.624938,0.668209,0.742309,-0.041945,-0.026736
8008,0.154842,9.808516,-1.028316,-19.100418,0.202692,1.485909,95.376419,-1.000649,-5.618152,0.672647,0.738288,-0.042111,-0.026540
8009,0.150918,9.838656,-0.950011,-19.899984,0.416315,1.368358,94.728981,-1.042094,-5.612135,0.676819,0.734463,-0.042166,-0.026476
8010,0.160879,9.882656,-0.824369,-21.828693,0.561270,1.674990,94.040733,-1.083983,-5.599999,0.681232,0.730375,-0.042178,-0.026389
8011,0.165718,9.899958,-0.691287,-23.319525,0.455975,1.296480,93.287727,-1.124494,-5.586370,0.686030,0.725873,-0.042159,-0.026327
8012,0.165822,9.902982,-0.556691,-26.073858,0.666548,0.801984,92.459366,-1.148104,-5.569472,0.691269,0.720893,-0.042004,-0.026381
8013,0.174543,9.882307,-0.405736,-29.527084,1.110589,1.042979,91.524719,-1.167216,-5.540952,0.697137,0.715234,-0.041726,-0.026430
8014,0.187782,9.875207,-0.189057,-31.245457,1.473760,1.543410,90.488716,-1.202126,-5.498376,0.703593,0.708905,-0.041436,-0.026328
8015,0.204725,9.824662,-0.004504,-31.770672,1.632461,1.633411,89.400337,-1.251428,-5.445916,0.710317,0.702192,-0.041168,-0.026093
8016,0.216219,9.796522,0.186887,-31.627552,1.647727,2.275826,88.302734,-1.315646,-5.389114,0.717037,0.695353,-0.040973,-0.025740
8017,0.234715,9.816343,0.360700,-29.485455,1.395956,2.730575,87.245506,-1.399779,-5.334357,0.723452,0.688697,-0.040935,-0.025265
8018,0.241431,9.867394,0.488315,-26.333055,0.843574,1.616668,86.293999,-1.472208,-5.292529,0.729169,0.682654,-0.040935,-0.024906
8019,0.247291,9.847410,0.645964,-23.821424,0.156909,-0.185462,85.452431,-1.493236,-5.273994,0.734171,0.677279,-0.040776,-0.024963
8020,0.221078,9.789572,0.803722,-22.321505,0.016532,-0.815749,84.675354,-1.466287,-5.272325,0.738742,0.672296,-0.040422,-0.025386
8021,0.216295,9.770757,0.907191,-22.539753,0.146249,-0.780789,83.922455,-1.422554,-5.272297,0.743135,0.667444,-0.039971,-0.025906
8022,0.210981,9.749935,1.041865,-23.079931,0.033343,-0.931986,83.162102,-1.377468,-5.272754,0.747539,0.662515,-0.039507,-0.026435
8023,0.205562,9.698707,1.206131,-23.943699,-0.195530,-0.582669,82.367188,-1.337657,-5.278549,0.752108,0.657326,-0.039095,-0.026975
8024,0.195107,9.720662,1.313860,-25.629948,-0.288593,0.325135,81.528046,-1.319080,-5.287067,0.756896,0.651805,-0.038822,-0.027423
8025,0.209218,9.789905,1.460004,-27.761688,-0.560194,1.135300,80.635361,-1.332558,-5.297472,0.761950,0.645880,-0.038756,-0.027717
8026,0.217419,9.788601,1.602830,-27.865435,-0.831800,0.593536,79.711029,-1.357192,-5.315672,0.767135,0.639698,-0.038797,-0.028013
8027,0.220934,9.766756,1.767190,-27.287079,-1.069835,0.250149,78.796661,-1.370273,-5.344367,0.772210,0.633542,-0.038819,-0.028443
8028,0.226701,9.718726,1.925505,-27.448814,-1.686301,0.874207,77.886696,-1.391991,-5.385688,0.777210,0.627367,-0.038965,-0.028911
8029,0.222249,9.690744,2.065754,-27.117661,-2.401949,1.235797,76.981964,-1.434168,-5.444780,0.782132,0.621175,-0.039344,-0.029393
8030,0.232965,9.679029,2.227811,-26.089144,-2.762054,0.283555,76.102875,-1.470552,-5.522911,0.786860,0.615115,-0.039786,-0.030034
8031,0.229665,9.636122,2.360765,-25.423780,-2.731519,0.869434,75.254356,-1.501989,-5.607175,0.791376,0.609230,-0.040228,-0.030743
8032,0.238739,9.576966,2.516757,-26.108868,-2.642994,2.639422,74.403824,-1.570826,-5.678708,0.795868,0.603286,-0.040853,-0.031174
8033,0.250804,9.548441,2.616698,-27.115883,-2.172990,3.149003,73.530434,-1.675732,-5.729810,0.800446,0.597140,-0.041612,-0.031294
8034,0.280216,9.479753,2.819354,-27.469839,-1.655689,3.562472,72.629013,-1.794170,-5.758663,0.805128,0.590763,-0.042345,-0.031211
8035,0.301175,9.392093,2.994185,-28.235987,-1.319971,4.688575,71.683960,-1.936256,-5.763299,0.809992,0.584039,-0.043113,-0.030866
8036,0.314716,9.308968,3.189116,-29.827827,-1.467961,4.468798,70.678383,-2.089540,-5.756939,0.815107,0.576843,-0.043897,-0.030425
8037,0.333243,9.217977,3.258832,-31.241081,-2.522341,3.176266,69.630424,-2.221846,-5.775309,0.820359,0.569298,-0.044654,-0.030297
8038,0.379309,9.186140,3.527378,-30.852232,-3.657604,3.098400,68.565262,-2.349832,-5.833097,0.825613,0.561566,-0.045575,-0.030498
8039,0.391059,9.154181,3.704443,-30.973192,-3.981073,3.196035,67.486862,-2.490617,-5.910012,0.830854,0.553674,-0.046677,-0.030801
8040,0.407919,9.088411,3.807690,-30.453125,-3.913896,2.211756,66.433022,-2.616570,-5.994629,0.835898,0.545914,-0.047712,-0.031244
8041,0.470945,9.096218,3.938355,-29.172894,-3.591924,2.532194,65.440552,-2.739030,-6.076632,0.840582,0.538558,-0.048722,-0.031680
8042,0.508310,9.087252,4.205967,-27.982710,-2.316285,3.589744,64.485245,-2.884428,-6.122367,0.845039,0.531439,-0.049739,-0.031745
8043,0.485013,8.986793,4.284346,-26.401936,-1.013151,2.898523,63.568577,-3.009020,-6.124299,0.849270,0.524597,-0.050414,-0.031583
8044,0.508467,8.871617,4.377586,-26.667381,-0.189130,1.430533,62.691456,-3.075736,-6.109978,0.853267,0.518053,-0.050602,-0.031558
8045,0.518112,8.793410,4.469405,-26.990702,0.256451,1.740250,61.818066,-3.116343,-6.085515,0.857199,0.511524,-0.050554,-0.031578
8046,0.492588,8.681158,4.632846,-25.452419,0.840924,0.140983,60.961563,-3.121851,-6.055580,0.861007,0.505113,-0.050226,-0.031705
8047,0.492568,8.588877,4.752720,-25.618683,1.497148,-2.619564,60.116993,-3.045896,-6.042522,0.864708,0.498799,-0.049362,-0.032308
8048,0.492292,8.611264,4.877865,-27.741100,1.868015,-2.383179,59.245480,-2.926939,-6.037284,0.868474,0.492271,-0.048192,-0.033157
8049,0.470238,8.658768,5.060277,-25.831900,2.034403,-0.916898,58.384865,-2.827913,-6.012119,0.872151,0.485795,-0.047082,-0.033748
8050,0.462951,8.579048,5.283741,-26.413134,1.717080,1.353549,57.529659,-2.782686,-5.956466,0.875767,0.479318,-0.046251,-0.033863
8051,0.503317,8.484241,5.347236,-28.830118,0.877836,4.557961,56.614422,-2.837490,-5.867284,0.879595,0.472317,-0.046032,-0.033320
8052,0.522728,8.388625,5.469639,-29.408270,0.427637,8.121059,55.658928,-3.010942,-5.732486,0.883543,0.464935,-0.046541,-0.031956
8053,0.550268,8.217291,5.610080,-28.330868,0.328391,9.280844,54.699505,-3.254662,-5.556914,0.887449,0.457473,-0.047455,-0.030007
8054,0.600443,8.077720,5.720009,-28.047039,0.041446,9.424382,53.749538,-3.519489,-5.369225,0.891248,0.450050,-0.048525,-0.027894
8055,0.642814,7.934309,5.851857,-26.087807,0.233632,8.388397,52.829029,-3.772538,-5.187057,0.894859,0.442832,-0.049568,-0.025876
8056,0.647230,7.798768,5.998061,-24.554432,0.714268,6.413910,51.950977,-3.966718,-5.021897,0.898244,0.435941,-0.050260,-0.024217
8057,0.653919,7.825383,6.092474,-22.944666,1.307899,3.566483,51.139996,-4.067493,-4.891021,0.901323,0.429583,-0.050388,-0.023163
8058,0.686494,7.783254,6.188240,-21.328539,1.796250,2.716454,50.416210,-4.102849,-4.786026,0.904035,0.423911,-0.050131,-0.022521
8059,0.702384,7.608354,6.265575,-21.070496,2.475309,1.764233,49.722439,-4.108420,-4.684742,0.906604,0.418471,-0.049668,-0.022002
8060,0.696553,7.643249,6.312746,-21.186188,2.960562,-0.155424,49.046841,-4.065003,-4.600787,0.909078,0.413175,-0.048891,-0.021786
8061,0.696045,7.722208,6.440164,-20.385990,3.383252,0.378572,48.425289,-3.990036,-4.524132,0.911330,0.408303,-0.047903,-0.021710
8062,0.679566,7.566289,6.558321,-19.517149,2.981949,2.700949,47.826668,-3.948727,-4.415926,0.913477,0.403600,-0.047079,-0.021244
8063,0.658070,7.408821,6.651206,-19.577883,2.251076,3.236467,47.204132,-3.951458,-4.287302,0.915679,0.398682,-0.046537,-0.020462
8064,0.664878,7.309733,6.710004,-21.280647,1.707902,2.249115,46.536491,-3.961195,-4.178005,0.918004,0.393381,-0.046120,-0.019823
8065,0.669892,7.182176,6.797154,-22.757648,1.859011,1.635640,45.808422,-3.958202,-4.090998,0.920500,0.387576,-0.045675,-0.019427
8066,0.663652,7.141781,6.846782,-24.394819,2.176443,1.334976,45.035252,-3.937652,-4.009497,0.923112,0.381397,-0.045106,-0.019147
8067,0.651166,7.060593,6.989540,-26.109743,3.079853,1.064804,44.214672,-3.890583,-3.921296,0.925842,0.374830,-0.044300,-0.018912
8068,0.645695,6.952111,7.121162,-28.073490,4.001593,0.330742,43.319714,-3.806227,-3.823825,0.928771,0.367657,-0.043155,-0.018740
8069,0.601624,6.898038,7.317630,-29.217909,4.525120,0.295516,42.361736,-3.685758,-3.719824,0.931848,0.359963,-0.041691,-0.018634
8070,0.616601,6.757368,7.348717,-29.614573,4.575602,1.024783,41.383327,-3.565284,-3.602985,0.934926,0.352078,-0.040189,-0.018409
8071,0.568231,6.527570,7.575643,-30.685904,5.352418,0.447886,40.354153,-3.436930,-3.475276,0.938091,0.343755,-0.038589,-0.018110
8072,0.550198,6.388087,7.634326,-31.128773,5.502121,-1.088832,39.273300,-3.266663,-3.365146,0.941335,0.334985,-0.036697,-0.018069
8073,0.520961,6.268593,7.753612,-30.323338,6.260656,-1.806122,38.213226,-3.060593,-3.278479,0.944438,0.326354,-0.034584,-0.018283
8074,0.486570,6.195983,7.800154,-28.933243,7.251123,-1.786397,37.218155,-2.823339,-3.188080,0.947282,0.318240,-0.032213,-0.018497
8075,0.405553,6.091865,7.997514,-28.511982,8.397295,-2.490011,36.269840,-2.539419,-3.090139,0.949933,0.310498,-0.029441,-0.018723
8076,0.367689,5.897818,8.029333,-28.508892,9.175767,-4.409814,35.320866,-2.195520,-3.012809,0.952520,0.302735,-0.026223,-0.019235
8077,0.291767,5.770933,8.151404,-30.393404,11.159725,-7.971508,34.338673,-1.759930,-2.989158,0.955117,0.294679,-0.022367,-0.020385
8078,0.205287,5.849477,8.152786,-34.809006,12.713414,-12.239744,33.307663,-1.195599,-3.049768,0.957742,0.286206,-0.017618,-0.022504
8079,0.104159,5.619373,8.312719,-41.359108,13.572828,-15.020215,32.126911,-0.531884,-3.198275,0.960607,0.276467,-0.012180,-0.025533
8080,-0.009895,5.411147,8.423565,-38.538757,12.157099,-14.819014,30.852039,0.143019,-3.400463,0.963540,0.265912,-0.006690,-0.028933
8081,-0.099859,5.247189,8.541492,-36.165508,10.182840,-13.949416,29.659601,0.748513,-3.628133,0.966132,0.256015,-0.001791,-0.032272
8082,-0.134528,5.085705,8.611854,-34.196526,7.048721,-11.187563,28.550507,1.221952,-3.854575,0.968431,0.246774,0.002036,-0.035219
8083,-0.169080,4.760793,8.829732,-30.338757,4.005957,-7.914413,27.499016,1.524354,-4.049029,0.970540,0.237965,0.004517,-0.037471
8084,-0.180604,4.651932,8.889185,-23.282907,1.146152,-5.454507,26.597130,1.670812,-4.208435,0.972302,0.230367,0.005735,-0.039080
8085,-0.175094,4.514955,8.959013,-24.906401,0.164638,-5.559617,25.800909,1.722995,-4.362770,0.973815,0.223629,0.006148,-0.040453
8086,-0.156733,4.395200,9.009755,-25.150433,-0.705586,-5.164179,24.976419,1.729082,-4.526974,0.975339,0.216627,0.006181,-0.041816
8087,-0.180605,4.248480,9.047622,-23.813593,-1.223331,-4.750432,24.171385,1.705201,-4.689345,0.976781,0.209771,0.005973,-0.043113
8088,-0.184164,4.090155,9.067689,-22.685841,-1.916506,-3.904881,23.403811,1.659754,-4.841395,0.978116,0.203217,0.005604,-0.044289
8089,-0.172134,3.979169,9.108052,-21.783916,-2.231245,-3.213458,22.671488,1.587892,-4.976644,0.979355,0.196944,0.005041,-0.045286
8090,-0.160094,3.868816,9.172635,-20.839237,-2.083639,-2.651739,21.974379,1.502908,-5.093303,0.980505,0.190957,0.004394,-0.046112
8091,-0.161274,3.760711,9.211788,-19.966267,-1.650657,-2.175489,21.309790,1.423022,-5.189954,0.981571,0.185242,0.003821,-0.046785
8093,-0.155014,3.663726,9.273343,-18.391352,-1.081828,-1.377291,20.688866,1.355608,-5.260518,0.982543,0.179897,0.003385,-0.047263
8094,-0.150546,3.577625,9.297846,-16.737047,-0.129967,-0.757639,20.127703,1.306475,-5.299853,0.983405,0.175066,0.003135,-0.047509
8095,-0.157007,3.459946,9.330057,-16.572054,0.933326,0.200750,19.596478,1.285019,-5.303076,0.984208,0.170498,0.003166,-0.047490
8096,-0.164812,3.385193,9.363469,-16.371994,1.927999,1.244572,19.069096,1.291202,-5.263747,0.984997,0.165967,0.003495,-0.047146
8097,-0.175630,3.303919,9.404675,-15.830100,2.797583,1.612392,18.557680,1.324584,-5.192454,0.985752,0.161580,0.004093,-0.046563
8098,-0.189420,3.227026,9.431114,-16.290720,3.557332,1.502585,18.050110,1.387244,-5.109057,0.986481,0.157232,0.004953,-0.045912
8099,-0.211989,3.134375,9.458395,-16.742189,3.709799,2.035180,17.527571,1.467713,-5.015082,0.987212,0.152757,0.005981,-0.045186
8100,-0.233583,3.021335,9.496466,-16.590990,3.265662,2.151183,16.991587,1.545794,-4.913385,0.987942,0.148159,0.006997,-0.044381
8101,-0.275546,2.941308,9.534813,-16.096498,2.849056,1.919254,16.460808,1.620167,-4.818700,0.988642,0.143602,0.007963,-0.043624
8102,-0.293388,2.867273,9.548159,-16.110094,2.302809,2.605914,15.943761,1.685819,-4.721837,0.989305,0.139155,0.008844,-0.042830
8103,-0.267038,2.745030,9.570371,-15.746821,1.620694,3.001139,15.429118,1.719993,-4.613801,0.989953,0.134713,0.009459,-0.041896
8104,-0.254474,2.669744,9.604998,-16.032114,0.999513,2.261104,14.909228,1.722220,-4.517396,0.990589,0.130213,0.009777,-0.041022
8105,-0.255545,2.628859,9.602904,-16.489721,0.256224,1.345598,14.390160,1.706070,-4.453119,0.991194,0.125713,0.009894,-0.040404
8106,-0.247757,2.542089,9.639278,-20.249342,-2.052671,0.118807,13.811024,1.648876,-4.435569,0.991832,0.120683,0.009621,-0.040142
8107,-0.127911,2.392614,9.723382,-28.025328,-6.000628,-2.824603,13.020952,1.478904,-4.509717,0.992642,0.113792,0.008352,-0.040550
8108,-0.094588,2.141787,9.779520,-34.493938,-7.730104,-5.050791,11.947592,1.206773,-4.686993,0.993638,0.104409,0.006210,-0.041761
8109,-0.059930,1.937560,9.821837,-35.289433,-7.623877,-4.898079,10.720066,0.913536,-4.899685,0.994654,0.093665,0.003937,-0.043301
8110,0.005577,1.680786,9.871344,-34.855156,-6.699759,-3.890861,9.471788,0.628821,-5.085489,0.995570,0.082723,0.001801,-0.044665
8111,0.076324,1.477989,9.886114,-30.212446,-4.396274,-2.509791,8.301923,0.378711,-5.218816,0.996326,0.072459,-0.000003,-0.045646
8112,-0.040332,1.318354,9.911483,-21.419102,-0.381965,0.151483,7.370649,0.254530,-5.267866,0.996869,0.064311,-0.000740,-0.046002
8113,-0.068919,1.329109,9.913228,-13.038873,1.050877,2.208431,6.777425,0.260270,-5.227193,0.997204,0.059151,-0.000430,-0.045654
8114,-0.073627,1.303836,9.906816,-9.478560,1.443140,2.260301,6.443613,0.305451,-5.148250,0.997402,0.056264,0.000135,-0.044990
8115,-0.081139,1.292058,9.907310,-7.222673,1.641617,2.121433,6.236832,0.361865,-5.069671,0.997530,0.054486,0.000744,-0.044333
8116,-0.101564,1.241698,9.867411,-6.542996,2.125463,1.833022,6.087991,0.433163,-4.996967,0.997624,0.053216,0.001456,-0.043732
8117,-0.085866,1.237603,9.820709,-6.263075,2.948033,1.393550,5.959661,0.523579,-4.934049,0.997702,0.052132,0.002321,-0.043223
8118,-0.088740,1.197554,9.826655,-7.016189,4.010095,1.785717,5.825790,0.635748,-4.868710,0.997779,0.051006,0.003377,-0.042701
8119,-0.119458,1.130522,9.827941,-7.520694,4.669311,2.420506,5.656410,0.774594,-4.783767,0.997875,0.049579,0.004686,-0.042016
8120,-0.165478,1.088667,9.843592,-7.950541,5.342323,2.743999,5.458030,0.942286,-4.681243,0.997983,0.047906,0.006262,-0.041184
8121,-0.185150,1.045767,9.887680,-7.797538,5.601833,3.253654,5.249088,1.127371,-4.563961,0.998093,0.046144,0.007997,-0.040224
8122,-0.192806,0.992328,9.906102,-7.224965,5.081528,3.799939,5.045306,1.298602,-4.430115,0.998201,0.044416,0.009612,-0.039109
8123,-0.226501,0.970425,9.911808,-7.142227,4.852636,3.242984,4.851401,1.452856,-4.297956,0.998301,0.042766,0.011071,-0.037998
8124,-0.241709,0.913375,9.916846,-7.703449,4.851092,2.527334,4.646787,1.603651,-4.187731,0.998392,0.041020,0.012492,-0.037070
8125,-0.260647,0.851925,9.901704,-8.160998,4.490919,1.784219,4.413246,1.746386,-4.103004,0.998481,0.039019,0.013840,-0.036354
8126,-0.294743,0.829280,9.851371,-10.013249,3.589051,0.598585,4.139805,1.871904,-4.052496,0.998569,0.036669,0.015037,-0.035919
8127,-0.317659,0.786956,9.886844,-13.206740,2.116508,-0.593153,3.786778,1.963629,-4.044774,0.998665,0.033619,0.015949,-0.035831
8128,-0.317801,0.696573,9.876929,-14.239573,0.709552,-1.671971,3.355586,2.006253,-4.078648,0.998767,0.029879,0.016447,-0.036077
8129,-0.298079,0.612248,9.880496,-14.216538,-0.047442,-2.643972,2.897075,2.004283,-4.149229,0.998856,0.025892,0.016558,-0.036626
8130,-0.283464,0.526070,9.882529,-14.153862,-0.496278,-2.456268,2.435472,1.972342,-4.233951,0.998930,0.021870,0.016411,-0.037291
8131,-0.292148,0.423291,9.921412,-12.685871,-0.870347,-1.108864,1.992679,1.924759,-4.293804,0.998995,0.018003,0.016130,-0.037743
8132,-0.297086,0.346454,9.880893,-9.896471,-0.101445,-0.048338,1.616622,1.888689,-4.313420,0.999048,0.014715,0.015937,-0.037856
8133,-0.292208,0.300563,9.912661,-7.831849,0.641546,1.666807,1.327703,1.880112,-4.285905,0.999092,0.012190,0.015961,-0.037575
8134,-0.314996,0.273435,9.906647,-6.034184,0.270660,3.392636,1.114950,1.882619,-4.200645,0.999140,0.010324,0.016060,-0.036802
8135,-0.332884,0.272068,9.909941,-3.883767,0.096712,3.392648,1.002068,1.887515,-4.085795,0.999186,0.009325,0.016148,-0.035785
8136,-0.302251,0.269613,9.924842,-2.166427,0.378940,2.739576,0.988911,1.885044,-3.980643,0.999219,0.009195,0.016139,-0.034867
8137,-0.273786,0.264407,9.951760,-0.723704,0.036830,3.104301,1.034512,1.852456,-3.880117,0.999251,0.009569,0.015850,-0.033994
8138,-0.277163,0.241812,9.924759,-0.285168,-0.746344,3.124164,1.095509,1.791786,-3.774106,0.999285,0.010068,0.015312,-0.033073
8139,-0.283199,0.231371,9.912623,-0.124544,-1.282216,2.699975,1.141868,1.722007,-3.676100,0.999318,0.010440,0.014699,-0.032219
8140,-0.267635,0.242022,9.928907,-0.205087,-1.914171,2.608433,1.180275,1.639107,-3.587437,0.999350,0.010741,0.013973,-0.031444
8141,-0.257067,0.257069,9.955093,-0.264230,-1.955597,2.355145,1.220826,1.544659,-3.504717,0.999380,0.011060,0.013146,-0.030719
8142,-0.259041,0.264804,9.968414,-0.215000,-1.621563,1.625767,1.264528,1.465531,-3.438284,0.999403,0.011413,0.012451,-0.030137
8143,-0.260923,0.254464,9.976237,-0.231454,-1.514766,1.131376,1.299662,1.410206,-3.392411,0.999418,0.011700,0.011964,-0.029735
8144,-0.248431,0.270988,9.991970,-0.333391,-1.377401,0.768213,1.328525,1.365101,-3.360914,0.999428,0.011937,0.011567,-0.029459
8145,-0.267129,0.259710,10.011661,-0.618465,-1.302513,0.606469,1.347447,1.334605,-3.338210,0.999435,0.012092,0.011298,-0.029260
8146,-0.275092,0.233341,9.956508,-0.662615,-1.990432,0.914702,1.339363,1.313343,-3.313838,0.999444,0.012014,0.011117,-0.029045
8147,-0.260670,0.209033,9.918628,-0.710010,-2.644761,1.412144,1.305908,1.271830,-3.277116,0.999461,0.011708,0.010767,-0.028717
8148,-0.226417,0.208829,9.895391,-0.305792,-2.989466,1.494538,1.270894,1.196061,-3.231231,0.999483,0.011380,0.010120,-0.028307
8149,-0.210726,0.203297,9.910389,0.212893,-3.030627,1.334311,1.254188,1.099745,-3.186651,0.999505,0.011207,0.009288,-0.027907
8150,-0.163006,0.222457,9.856261,1.061270,-2.846076,1.230549,1.271417,0.989988,-3.146176,0.999522,0.011328,0.008331,-0.027545
8151,-0.139199,0.232700,9.874986,1.346696,-2.190153,1.187829,1.321944,0.877230,-3.107627,0.999534,0.011739,0.007339,-0.027202
8152,-0.135550,0.218065,9.885932,1.621376,-1.235106,0.537790,1.373494,0.796607,-3.080206,0.999541,0.012168,0.006627,-0.026957
8153,-0.126663,0.259842,9.945162,1.677878,-0.131968,0.057127,1.434011,0.760332,-3.070798,0.999538,0.012687,0.006297,-0.026875
8154,-0.122939,0.262565,9.924738,1.539156,0.380665,0.026612,1.504697,0.754599,-3.069084,0.999531,0.013302,0.006231,-0.026863
8155,-0.147159,0.256792,9.930940,1.195860,0.537863,0.032716,1.555128,0.773475,-3.067629,0.999524,0.013746,0.006384,-0.026855
8156,-0.156771,0.297943,9.933802,1.119657,0.660087,-0.171761,1.605307,0.812193,-3.069228,0.999516,0.014193,0.006709,-0.026877
8157,-0.159257,0.337124,9.934870,1.379399,0.684659,-0.202280,1.688627,0.854435,-3.074208,0.999501,0.014930,0.007058,-0.026930
8158,-0.182848,0.303084,9.907650,1.503266,0.509383,-0.228223,1.770049,0.900212,-3.080266,0.999485,0.015651,0.007437,-0.026994
8159,-0.184002,0.315873,9.942785,1.486556,0.392128,-0.055799,1.829238,0.945528,-3.084349,0.999473,0.016178,0.007818,-0.027040
8160,-0.164169,0.335528,9.953342,1.886450,0.138929,0.246333,1.898100,0.967466,-3.080660,0.999462,0.016784,0.007993,-0.027016
8161,-0.171657,0.318535,9.940231,2.155039,-0.257797,0.414184,1.968875,0.966803,-3.069663,0.999454,0.017400,0.007972,-0.026925
8162,-0.179670,0.339470,9.960523,1.578186,-0.889473,0.968092,2.024839,0.954172,-3.047408,0.999452,0.017884,0.007853,-0.026733
8163,-0.150883,0.390522,9.976230,1.088497,-1.426613,1.671547,2.086642,0.912158,-3.004538,0.999455,0.018410,0.007479,-0.026356
8164,-0.145767,0.367923,9.959023,0.214306,-1.223773,1.479287,2.129635,0.852542,-2.953348,0.999464,0.018769,0.006957,-0.025903
8165,-0.156773,0.349497,9.933320,-0.734877,-0.636307,0.749895,2.114363,0.818269,-2.917465,0.999477,0.018626,0.006667,-0.025584
8166,-0.144319,0.347543,9.936202,-1.407960,-0.480619,0.698009,2.060177,0.804164,-2.894297,0.999492,0.018148,0.006560,-0.025376
8167,-0.140275,0.329833,9.905107,-1.138047,-0.189154,0.269221,1.995955,0.794115,-2.878893,0.999506,0.017585,0.006489,-0.025237
8168,-0.154676,0.308528,9.876456,-0.675930,0.523526,-0.394562,1.935724,0.808878,-2.881212,0.999513,0.017063,0.006631,-0.025256
8169,-0.165706,0.319880,9.899246,0.041060,0.876181,-0.480022,1.900642,0.853710,-2.895349,0.999512,0.016768,0.007028,-0.025383
8170,-0.167915,0.335066,9.947371,0.669702,0.813793,-0.179422,1.907637,0.904098,-2.905464,0.999506,0.016841,0.007464,-0.025479
8171,-0.167550,0.339347,9.942668,1.072598,1.117569,-0.391528,1.942846,0.951056,-2.913787,0.999495,0.017159,0.007865,-0.025561
8172,-0.163818,0.332301,9.940102,0.897129,1.323604,-0.342700,1.977074,0.996584,-2.924598,0.999484,0.017468,0.008252,-0.025664
8173,-0.177117,0.329675,9.933721,0.842126,1.041319,-0.144331,1.997241,1.037667,-2.931496,0.999476,0.017654,0.008605,-0.025732
8174,-0.182121,0.367998,9.918598,0.822323,0.679700,0.083032,2.029255,1.069524,-2.931426,0.999468,0.017940,0.008876,-0.025739
8175,-0.177033,0.367548,9.906761,0.302131,0.551500,0.365331,2.066737,1.087020,-2.922879,0.999463,0.018270,0.009021,-0.025670
8176,-0.186518,0.362810,9.921061,-0.108261,0.386662,0.524030,2.080520,1.097347,-2.907308,0.999463,0.018391,0.009111,-0.025537
8177,-0.199783,0.371902,9.926101,-0.361503,0.260041,0.638475,2.080804,1.111099,-2.887403,0.999466,0.018395,0.009234,-0.025365
8178,-0.209617,0.378190,9.937115,-0.752030,0.301342,0.908562,2.076416,1.132126,-2.861029,0.999471,0.018359,0.009422,-0.025138
8179,-0.194886,0.355416,9.935387,-0.916782,0.301400,1.302250,2.055264,1.148117,-2.823725,0.999481,0.018175,0.009573,-0.024814
8180,-0.179203,0.341680,9.925099,-0.607094,0.015969,1.689836,2.021593,1.141344,-2.773874,0.999498,0.017876,0.009529,-0.024375
8181,-0.159535,0.339044,9.927149,-0.321845,-0.246714,1.872953,1.994844,1.107459,-2.714892,0.999517,0.017631,0.009248,-0.023853
8182,-0.149678,0.344419,9.936835,0.039748,-0.373676,1.697482,1.984985,1.056208,-2.655884,0.999535,0.017530,0.008812,-0.023330
8183,-0.142064,0.337483,9.939399,-0.070150,-0.493020,1.396885,1.981224,0.999751,-2.604910,0.999551,0.017482,0.008328,-0.022877
8184,-0.144218,0.334030,9.917075,-0.073264,-0.810682,1.111545,1.971827,0.942856,-2.564003,0.999565,0.017386,0.007840,-0.022511
8185,-0.168553,0.354720,9.913332,-0.167854,-0.678017,0.417252,1.970318,0.905812,-2.539356,0.999573,0.017364,0.007521,-0.022290
8186,-0.194478,0.351295,9.893468,-0.407331,-0.270428,-0.188544,1.972511,0.910733,-2.535901,0.999573,0.017384,0.007564,-0.022261
8187,-0.193770,0.335362,9.893156,-0.582791,-0.175534,-0.266375,1.958571,0.939423,-2.543696,0.999571,0.017268,0.007815,-0.022332
8188,-0.177856,0.329379,9.892736,-0.498921,-0.123452,-0.322843,1.933491,0.959832,-2.553804,0.999571,0.017054,0.007997,-0.022422
8189,-0.175776,0.346507,9.923703,-0.758318,0.290169,-0.745527,1.913463,0.975232,-2.571494,0.999570,0.016883,0.008132,-0.022577
8190,-0.168534,0.338127,9.954221,-1.109215,0.497727,-0.919482,1.890062,0.993319,-2.598661,0.999566,0.016685,0.008291,-0.022815
8191,-0.175347,0.336487,9.971574,-1.330424,0.574029,-0.983571,1.855078,1.012851,-2.629677,0.999563,0.016386,0.008464,-0.023085
8192,-0.188670,0.316706,9.958485,-1.579144,0.920471,-1.371157,1.806652,1.046126,-2.668104,0.999560,0.015973,0.008758,-0.023422
8193,-0.205508,0.308669,9.953498,-1.667691,1.236476,-1.627519,1.746292,1.100948,-2.717061,0.999553,0.015461,0.009242,-0.023851
8194,-0.217502,0.309021,9.936530,-1.306043,1.294653,-1.467303,1.696115,1.168707,-2.767371,0.999543,0.015042,0.009837,-0.024295
8196,-0.230794,0.278996,9.905992,-0.729275,1.172791,-1.271991,1.657272,1.237637,-2.811914,0.999532,0.014722,0.010441,-0.024688
8197,-0.225592,0.274448,9.907182,-0.189200,1.003567,-1.094990,1.628338,1.294335,-2.850599,0.999522,0.014485,0.010937,-0.025030
8198,-0.230134,0.301810,9.938486,0.189257,0.840358,-0.679939,1.631065,1.334051,-2.879222,0.999511,0.014520,0.011279,-0.025285
8199,-0.226982,0.300293,9.946018,0.445751,0.634361,-0.396114,1.658691,1.359491,-2.896044,0.999501,0.014768,0.011493,-0.025437
8200,-0.219030,0.266672,9.925756,0.251946,0.455746,-0.420527,1.668224,1.367788,-2.909172,0.999496,0.014855,0.011561,-0.025554
8201,-0.220431,0.270095,9.936688,-0.254815,0.534965,-0.530393,1.648565,1.368646,-2.924998,0.999495,0.014685,0.011571,-0.025690
8202,-0.227262,0.296839,9.935297,-0.628700,0.574535,-0.528865,1.629391,1.374610,-2.942212,0.999493,0.014521,0.011625,-0.025839
8203,-0.217977,0.290341,9.912344,-0.802582,0.450819,-0.478505,1.614407,1.377647,-2.958290,0.999491,0.014392,0.011653,-0.025978
8204,-0.217591,0.273575,9.910221,-0.961268,0.273655,-0.386945,1.585941,1.370476,-2.972338,0.999492,0.014144,0.011595,-0.026097
8205,-0.223975,0.285839,9.951288,-1.051279,0.137714,-0.260289,1.554332,1.360792,-2.982875,0.999495,0.013867,0.011517,-0.026184
8206,-0.223063,0.294664,9.945741,-0.912286,-0.224037,0.031169,1.538352,1.346274,-2.986326,0.999497,0.013725,0.011393,-0.026211
8207,-0.220492,0.265962,9.928141,-0.854208,-0.593411,0.255485,1.520584,1.319943,-2.981634,0.999503,0.013563,0.011168,-0.026166
8208,-0.227017,0.239624,9.924228,-0.959591,-0.782683,0.264641,1.478766,1.289758,-2.973833,0.999513,0.013191,0.010915,-0.026090
8209,-0.231380,0.258637,9.925550,-0.900163,-0.730777,0.250904,1.437653,1.267264,-2.966119,0.999522,0.012827,0.010729,-0.026016
8210,-0.228886,0.263664,9.905098,-0.687991,-0.474355,0.185290,1.419753,1.255438,-2.959169,0.999526,0.012667,0.010631,-0.025953
8211,-0.219934,0.244319,9.910246,-0.698619,-0.036366,-0.055806,1.403320,1.252836,-2.957076,0.999529,0.012523,0.010612,-0.025933
8212,-0.222834,0.218672,9.912062,-0.660570,0.285637,-0.318269,1.368281,1.261325,-2.963479,0.999530,0.012220,0.010694,-0.025986
8213,-0.219784,0.221651,9.913797,-0.466928,0.593903,-0.466288,1.330290,1.279878,-2.976626,0.999530,0.011894,0.010863,-0.026099
8214,-0.216987,0.205272,9.910392,-0.340430,0.783106,-0.664661,1.297156,1.301798,-2.995376,0.999527,0.011612,0.011060,-0.026262
8215,-0.230257,0.180786,9.906835,-0.308649,0.609154,-0.829467,1.252828,1.325848,-3.020505,0.999523,0.011233,0.011277,-0.026479
8216,-0.240019,0.217673,9.916091,-0.237095,0.502398,-0.827946,1.222513,1.352451,-3.048201,0.999516,0.010978,0.011514,-0.026720
8217,-0.237079,0.242551,9.937777,-0.192723,0.478033,-0.563960,1.229832,1.375466,-3.070696,0.999508,0.011049,0.011710,-0.026919
8218,-0.236170,0.239067,9.936355,-0.335944,0.287292,-0.495288,1.247606,1.388558,-3.087431,0.999501,0.011209,0.011819,-0.027068
8219,-0.250892,0.241782,9.931984,-0.561585,0.246121,-0.550217,1.256840,1.401473,-3.104069,0.999495,0.011294,0.011928,-0.027215
8220,-0.255611,0.260035,9.942339,-0.657459,0.380489,-0.409827,1.268488,1.423001,-3.119051,0.999488,0.011402,0.012111,-0.027349
8221,-0.262525,0.241911,9.932255,-0.765555,0.322611,-0.187038,1.275202,1.448384,-3.127982,0.999482,0.011468,0.012330,-0.027430
8222,-0.265150,0.224689,9.923089,-0.870745,0.443275,-0.234343,1.260146,1.475672,-3.134417,0.999479,0.011344,0.012571,-0.027487
8223,-0.254403,0.218730,9.940530,-0.840212,0.663055,-0.190091,1.233316,1.500246,-3.141048,0.999477,0.011116,0.012791,-0.027544
8224,-0.242614,0.208069,9.948360,-0.887539,0.443247,0.057110,1.201574,1.509265,-3.142947,0.999479,0.010842,0.012877,-0.027558
8225,-0.233074,0.194519,9.948444,-0.797586,-0.103216,0.264638,1.163916,1.492239,-3.137711,0.999485,0.010509,0.012738,-0.027507
8226,-0.232786,0.184098,9.938472,-0.722938,-0.419294,0.313468,1.123473,1.456830,-3.128634,0.999495,0.010147,0.012440,-0.027420
8227,-0.229048,0.165084,9.904843,-0.750585,-0.758239,0.466060,1.076620,1.413377,-3.116580,0.999507,0.009726,0.012073,-0.027306
8228,-0.247092,0.169336,9.879441,-0.672939,-0.845291,0.485894,1.031330,1.376933,-3.101742,0.999518,0.009321,0.011767,-0.027170
8229,-0.262675,0.206724,9.910041,-0.596597,-0.228711,0.260056,1.016215,1.372162,-3.089496,0.999523,0.009187,0.011730,-0.027061
8230,-0.260390,0.190927,9.908312,-0.779541,0.464241,0.371449,1.014485,1.398734,-3.078400,0.999523,0.009177,0.011963,-0.026966
8231,-0.235998,0.179804,9.915407,-0.690962,0.590958,0.731569,0.999778,1.424114,-3.059482,0.999525,0.009053,0.012190,-0.026801
8232,-0.226802,0.195833,9.935902,-0.446711,0.525242,0.778876,0.994263,1.429590,-3.033663,0.999531,0.009003,0.012241,-0.026576
8233,-0.228559,0.194452,9.959973,-0.426705,0.216850,0.827713,1.001508,1.422157,-3.006140,0.999538,0.009062,0.012176,-0.026336
8234,-0.228181,0.163527,9.912936,-0.286275,-0.500479,1.070338,0.996049,1.398632,-2.974442,0.999548,0.009005,0.011975,-0.026057
8235,-0.230553,0.176242,9.906838,-0.145912,-0.782889,0.893333,0.986850,1.362565,-2.942147,0.999560,0.008914,0.011665,-0.025772
8236,-0.236320,0.183536,9.900451,-0.121432,-0.628811,0.495068,0.991122,1.333546,-2.919214,0.999568,0.008942,0.011413,-0.025570
8237,-0.237049,0.184106,9.917668,-0.243408,-0.438043,0.278389,0.997628,1.318877,-2.906342,0.999572,0.008994,0.011284,-0.025457
8238,-0.230433,0.188786,9.919826,-0.440142,-0.351035,0.197517,1.000163,1.309508,-2.898320,0.999574,0.009014,0.011203,-0.025387
8239,-0.218970,0.182784,9.929086,-0.597215,-0.293073,0.171578,0.995269,1.295770,-2.892073,0.999578,0.008967,0.011084,-0.025331
8240,-0.218469,0.163075,9.921790,-0.682666,-0.338904,0.078499,0.974097,1.278426,-2.888081,0.999582,0.008778,0.010938,-0.025293
8241,-0.225252,0.171476,9.926828,-0.815446,-0.299239,-0.071043,0.945952,1.266684,-2.888206,0.999585,0.008530,0.010842,-0.025290
8242,-0.232464,0.163431,9.927802,-0.968031,-0.082494,-0.177859,0.917191,1.268371,-2.892436,0.999586,0.008280,0.010863,-0.025325
8243,-0.232612,0.128706,9.904984,-0.832341,0.096141,-0.229744,0.872403,1.281314,-2.899558,0.999586,0.007893,0.010985,-0.025383
8244,-0.231431,0.133765,9.909694,-0.684507,0.119119,-0.220594,0.824307,1.296115,-2.907524,0.999586,0.007478,0.011124,-0.025449
8245,-0.238988,0.145126,9.924232,-0.657097,0.230604,-0.299945,0.794621,1.313702,-2.916284,0.999584,0.007223,0.011284,-0.025524
8246,-0.238575,0.138058,9.927509,-0.522806,0.303945,-0.327413,0.776018,1.334924,-2.926594,0.999581,0.007067,0.011472,-0.025613
8247,-0.238618,0.133801,9.934868,-0.464821,0.192622,-0.295369,0.759125,1.351976,-2.936873,0.999578,0.006924,0.011624,-0.025702
8248,-0.239634,0.142768,9.938444,-0.530397,0.172832,-0.356406,0.747239,1.364038,-2.947543,0.999575,0.006824,0.011731,-0.025795
8249,-0.241430,0.142327,9.930218,-0.605075,0.287314,-0.507471,0.739455,1.376700,-2.961572,0.999571,0.006761,0.011843,-0.025917
8250,-0.233302,0.137696,9.927967,-0.614145,0.207965,-0.408284,0.729525,1.384975,-2.976475,0.999567,0.006678,0.011916,-0.026046
8251,-0.244183,0.138112,9.934155,-0.759027,0.230849,-0.499837,0.716454,1.391837,-2.991276,0.999564,0.006567,0.011978,-0.026174
8252,-0.240458,0.126504,9.928104,-0.711669,0.148461,-0.473895,0.698262,1.399894,-3.007269,0.999561,0.006411,0.012052,-0.026312
8253,-0.236125,0.126925,9.926496,-0.549888,-0.063670,-0.325880,0.680901,1.397978,-3.020486,0.999559,0.006261,0.012038,-0.026426
8254,-0.234837,0.127483,9.919528,-0.304155,-0.010316,-0.411328,0.673845,1.390286,-3.032607,0.999557,0.006199,0.011972,-0.026530
8255,-0.239277,0.134857,9.920997,-0.146877,0.186495,-0.588334,0.679286,1.389192,-3.048913,0.999553,0.006248,0.011960,-0.026673
8256,-0.237757,0.109533,9.923614,-0.062913,0.174270,-0.499829,0.680186,1.393286,-3.066864,0.999548,0.006259,0.011995,-0.026830
8257,-0.248851,0.112071,9.934252,-0.095011,0.293309,-0.620378,0.670372,1.403362,-3.085610,0.999544,0.006177,0.012084,-0.026993
8258,-0.255474,0.121958,9.934952,-0.275072,0.415457,-0.663105,0.663603,1.424682,-3.106871,0.999537,0.006125,0.012271,-0.027179
8259,-0.264798,0.101078,9.936999,-0.502465,0.372845,-0.437270,0.646197,1.452298,-3.125168,0.999530,0.005982,0.012515,-0.027338
8260,-0.261215,0.077341,9.927721,-0.762060,0.314964,-0.302995,0.601420,1.476939,-3.137983,0.999527,0.005599,0.012740,-0.027446
8261,-0.260327,0.083228,9.918324,-0.898081,0.163952,-0.107682,0.546868,1.491769,-3.145439,0.999525,0.005127,0.012882,-0.027505
8262,-0.250556,0.087718,9.900898,-0.792899,0.015926,0.250907,0.505423,1.493438,-3.143371,0.999528,0.004766,0.012906,-0.027483
8263,-0.251597,0.073289,9.904166,-0.623601,0.165414,0.263114,0.471978,1.489679,-3.135035,0.999531,0.004472,0.012882,-0.027406
8264,-0.249318,0.060271,9.917131,-0.487931,0.287429,0.147139,0.436530,1.489848,-3.128575,0.999534,0.004163,0.012892,-0.027346
8265,-0.257077,0.067736,9.907333,-0.210324,0.282815,0.119671,0.410962,1.494896,-3.124418,0.999536,0.003940,0.012942,-0.027307
8266,-0.251281,0.070716,9.918397,-0.007407,0.510147,-0.054286,0.403425,1.504174,-3.123335,0.999535,0.003877,0.013025,-0.027297
8267,-0.254489,0.061048,9.926074,0.126837,0.551294,-0.202301,0.400847,1.515293,-3.127605,0.999533,0.003857,0.013123,-0.027334
8268,-0.264969,0.057810,9.924445,0.058092,0.427680,-0.362525,0.393837,1.529882,-3.137169,0.999529,0.003801,0.013251,-0.027417
8269,-0.270672,0.090216,9.930894,-0.068519,0.433814,-0.451027,0.398263,1.548111,-3.150499,0.999524,0.003845,0.013409,-0.027534
8270,-0.261908,0.082344,9.946376,-0.042445,0.308682,-0.187039,0.413020,1.559853,-3.160595,0.999519,0.003978,0.013507,-0.027624
8271,-0.258214,0.061271,9.935044,0.110160,-0.141540,0.005228,0.415433,1.553421,-3.163571,0.999519,0.003998,0.013450,-0.027650
8272,-0.268337,0.080350,9.928188,0.087263,-0.428465,-0.049705,0.417751,1.537563,-3.164409,0.999521,0.004014,0.013312,-0.027657
8273,-0.265736,0.093998,9.925552,0.378830,-0.570382,0.160877,0.439990,1.520128,-3.162292,0.999523,0.004204,0.013154,-0.027641
8274,-0.255874,0.090298,9.918509,0.484256,-0.607035,0.237176,0.471750,1.496583,-3.155354,0.999526,0.004474,0.012941,-0.027583
8275,-0.255515,0.091115,9.934782,0.379058,-0.456011,-0.002391,0.497514,1.473351,-3.151295,0.999528,0.004693,0.012733,-0.027550
8276,-0.266963,0.091388,9.921679,0.224995,-0.204205,-0.193131,0.514489,1.466085,-3.154471,0.999528,0.004840,0.012665,-0.027579
8277,-0.264735,0.086656,9.904379,0.069362,0.130062,-0.283161,0.520608,1.475989,-3.162384,0.999524,0.004896,0.012750,-0.027649
8278,-0.250752,0.092722,9.918355,-0.124428,0.426116,-0.367087,0.519563,1.488451,-3.173137,0.999520,0.004892,0.012858,-0.027744
8279,-0.248635,0.069434,9.927606,-0.170276,0.227691,-0.248065,0.505734,1.492634,-3.183519,0.999518,0.004773,0.012898,-0.027833
8280,-0.261485,0.075499,9.897595,-0.100208,-0.112612,-0.280114,0.485369,1.491865,-3.192713,0.999517,0.004596,0.012895,-0.027911
8281,-0.262715,0.105949,9.911841,-0.031503,-0.175144,-0.191609,0.487832,1.491053,-3.200492,0.999515,0.004618,0.012887,-0.027979
8282,-0.262036,0.101937,9.935843,0.138025,-0.336861,-0.023754,0.508430,1.486377,-3.203664,0.999514,0.004797,0.012842,-0.028008
8283,-0.266990,0.083251,9.923265,0.214370,-0.515344,-0.043589,0.520289,1.478379,-3.204755,0.999514,0.004899,0.012769,-0.028019
8284,-0.260690,0.092585,9.909139,0.344065,-0.313867,-0.063427,0.528487,1.471518,-3.206692,0.999514,0.004969,0.012707,-0.028037
8285,-0.254725,0.101903,9.927421,0.412782,-0.049864,-0.028330,0.547282,1.467701,-3.208118,0.999513,0.005132,0.012669,-0.028051
8286,-0.255715,0.087912,9.926592,0.461625,0.056955,-0.135145,0.563431,1.468355,-3.210800,0.999512,0.005273,0.012671,-0.028076
8287,-0.248897,0.090650,9.933457,0.406637,0.232419,-0.147353,0.571078,1.471124,-3.215634,0.999510,0.005341,0.012693,-0.028119
8288,-0.253131,0.105037,9.938769,0.357804,0.227811,-0.068005,0.583216,1.475052,-3.219161,0.999508,0.005449,0.012724,-0.028152
8289,-0.268500,0.104064,9.941505,0.305956,0.093570,-0.144300,0.598433,1.485418,-3.222536,0.999505,0.005584,0.012810,-0.028183
8290,-0.264804,0.103565,9.926390,0.264768,-0.104724,-0.005442,0.609200,1.494803,-3.224998,0.999503,0.005681,0.012889,-0.028206
8291,-0.263477,0.120693,9.925652,0.190054,-0.220650,0.134944,0.624068,1.495045,-3.222707,0.999503,0.005810,0.012888,-0.028188
8292,-0.261954,0.107966,9.915345,0.277091,-0.344220,0.170042,0.639255,1.489230,-3.217535,0.999504,0.005941,0.012834,-0.028144
8293,-0.253707,0.094611,9.913478,0.389947,-0.498342,0.257018,0.642830,1.474685,-3.210773,0.999507,0.005968,0.012706,-0.028085
8294,-0.247606,0.112476,9.921982,0.379208,-0.574683,0.281432,0.648722,1.450990,-3.202184,0.999511,0.006012,0.012499,-0.028010
8295,-0.251139,0.113014,9.925531,0.392948,-0.400760,0.145625,0.662622,1.430743,-3.195230,0.999515,0.006128,0.012319,-0.027950
8296,-0.244967,0.108248,9.926137,0.411236,-0.284802,0.162410,0.673301,1.417692,-3.190300,0.999517,0.006217,0.012203,-0.027907
8297,-0.243924,0.122503,9.931424,0.267796,-0.232939,0.171565,0.684385,1.406667,-3.184845,0.999519,0.006311,0.012104,-0.027860
8299,-0.250972,0.131258,9.937903,0.052711,0.159242,-0.141247,0.698549,1.407850,-3.184138,0.999518,0.006434,0.012111,-0.027856
8300,-0.244737,0.118487,9.925033,0.089372,0.275243,-0.132092,0.705619,1.418850,-3.188487,0.999515,0.006499,0.012205,-0.027895
8301,-0.240191,0.112163,9.923563,0.116790,0.176039,-0.132093,0.702896,1.424106,-3.192948,0.999514,0.006477,0.012251,-0.027934
8302,-0.247035,0.109669,9.935374,0.194527,0.247736,-0.344198,0.697179,1.428575,-3.201068,0.999512,0.006429,0.012291,-0.028004
8303,-0.248251,0.119941,9.926291,0.412684,0.166865,-0.342674,0.700733,1.435965,-3.212590,0.999508,0.006463,0.012354,-0.028105
8304,-0.242964,0.132057,9.930215,0.601936,-0.153600,-0.208391,0.722103,1.433754,-3.221656,0.999505,0.006650,0.012329,-0.028187
8305,-0.255124,0.138093,9.927932,0.606605,-0.243627,-0.333514,0.753349,1.427555,-3.230492,0.999501,0.006922,0.012267,-0.028267
8306,-0.262922,0.152801,9.922092,0.744074,-0.370194,-0.228223,0.792602,1.428144,-3.239566,0.999496,0.007266,0.012262,-0.028350
8307,-0.255358,0.167676,9.914845,0.675610,-0.618827,-0.013064,0.841591,1.423150,-3.243180,0.999493,0.007692,0.012206,-0.028387
8308,-0.252157,0.164287,9.920815,0.463696,-0.576048,-0.101564,0.884141,1.409901,-3.244795,0.999491,0.008060,0.012080,-0.028404
8309,-0.253874,0.159417,9.911395,0.356976,-0.522581,-0.086303,0.909774,1.399125,-3.247911,0.999490,0.008281,0.011979,-0.028433
8310,-0.250872,0.163749,9.923731,0.311247,-0.444689,-0.048155,0.926925,1.391874,-3.250258,0.999489,0.008429,0.011911,-0.028455
8311,-0.248245,0.145021,9.917677,0.451596,-0.324080,-0.183965,0.935073,1.386678,-3.254442,0.999488,0.008500,0.011864,-0.028492
8312,-0.239218,0.151591,9.934093,0.735318,-0.301168,-0.266368,0.942169,1.379251,-3.262423,0.999486,0.008561,0.011797,-0.028562
8313,-0.236635,0.153054,9.953537,1.131978,-0.366800,-0.396072,0.962852,1.366227,-3.273896,0.999483,0.008739,0.011677,-0.028663
8314,-0.239150,0.136475,9.935937,1.726931,-0.566699,-0.541039,0.990363,1.350515,-3.290254,0.999478,0.008977,0.011532,-0.028808
8315,-0.230775,0.153171,9.937375,2.341691,-0.873416,-0.551725,1.034137,1.326181,-3.309454,0.999472,0.009354,0.011307,-0.028978
8316,-0.214584,0.214738,9.960180,2.854464,-0.994039,-0.693633,1.128059,1.286072,-3.330631,0.999463,0.010165,0.010932,-0.029168
8317,-0.225754,0.209797,9.949626,3.297169,-0.881172,-0.763820,1.253438,1.248764,-3.355058,0.999449,0.011252,0.010572,-0.029390
8318,-0.220681,0.237094,9.910973,3.575019,-0.891828,-0.661581,1.383850,1.223089,-3.379132,0.999432,0.012385,0.010312,-0.029609
8319,-0.209887,0.306708,9.934383,3.376982,-0.762115,-0.608167,1.541042,1.197166,-3.400094,0.999411,0.013751,0.010043,-0.029803
8320,-0.210434,0.308695,9.920150,3.284318,-0.598837,-0.626469,1.703775,1.175422,-3.420210,0.999387,0.015166,0.009808,-0.029990
8321,-0.208628,0.296010,9.915272,2.939624,-0.499621,-0.557800,1.827720,1.161636,-3.440069,0.999366,0.016245,0.009652,-0.030172
8322,-0.199051,0.325326,9.920800,2.773336,-0.586588,-0.553222,1.927275,1.145531,-3.459071,0.999348,0.017111,0.009483,-0.030344
8323,-0.195393,0.351894,9.932372,2.916874,-0.774298,-0.443353,2.034458,1.120765,-3.476206,0.999329,0.018041,0.009236,-0.030498
8324,-0.186916,0.327739,9.916435,3.261707,-0.943717,-0.168685,2.133909,1.087461,-3.487510,0.999313,0.018900,0.008917,-0.030600
8325,-0.180960,0.344053,9.919759,3.465988,-0.923936,-0.116806,2.221844,1.049497,-3.493920,0.999300,0.019657,0.008561,-0.030656
8326,-0.177035,0.360037,9.931481,4.105155,-1.043006,-0.141222,2.323500,1.010918,-3.499985,0.999284,0.020534,0.008197,-0.030710
8327,-0.168503,0.401510,9.896834,5.106065,-1.314665,-0.254140,2.464714,0.966498,-3.508446,0.999259,0.021754,0.007770,-0.030785
8328,-0.160996,0.412308,9.906224,5.797255,-1.343705,-0.370109,2.639425,0.916657,-3.520948,0.999225,0.023265,0.007286,-0.030896
8329,-0.169827,0.460093,9.940658,6.750910,-1.365052,-0.649355,2.842360,0.874444,-3.540188,0.999180,0.025025,0.006859,-0.031068
8330,-0.168253,0.525077,9.942463,8.075541,-1.718963,-0.705818,3.105027,0.837179,-3.565132,0.999116,0.027306,0.006457,-0.031292
8331,-0.172323,0.574583,9.926367,9.008141,-1.891226,-0.698193,3.421748,0.799226,-3.591350,0.999033,0.030059,0.006032,-0.031529
8332,-0.162097,0.625270,9.906913,9.995680,-1.955121,-0.296882,3.771317,0.760622,-3.611310,0.998933,0.033097,0.005594,-0.031710
8333,-0.152671,0.668989,9.891678,11.698804,-1.893912,-0.266371,4.156666,0.718776,-3.624639,0.998815,0.036445,0.005118,-0.031832
8334,-0.121167,0.731958,9.889692,13.891649,-1.671052,-0.621916,4.594258,0.670017,-3.643686,0.998667,0.040247,0.004565,-0.032000
8335,-0.115429,0.868473,9.941295,16.817007,-1.753461,-0.898107,5.125498,0.614200,-3.673536,0.998465,0.044862,0.003919,-0.032259
8336,-0.094338,0.979958,9.949129,19.548714,-2.792642,-0.595967,5.768680,0.537766,-3.705137,0.998193,0.050445,0.003058,-0.032522
8337,-0.055296,1.078908,9.929002,22.471170,-3.776961,-0.591377,6.507586,0.418781,-3.736199,0.997844,0.056847,0.001796,-0.032753
8338,-0.120533,1.274068,9.939292,26.350483,-3.734219,0.200580,7.372346,0.297381,-3.757432,0.997386,0.064342,0.000481,-0.032883
8339,-0.077754,1.437863,9.860998,28.096714,-4.529087,1.691396,8.351480,0.174204,-3.744388,0.996808,0.072826,-0.000864,-0.032694
8340,-0.053797,1.578471,9.763498,29.076944,-3.480681,3.391266,9.377572,0.041312,-3.680671,0.996138,0.081713,-0.002266,-0.032036
8341,-0.033377,1.705175,9.735497,29.477200,-1.379386,4.288496,10.411275,-0.048272,-3.568236,0.995394,0.090674,-0.003244,-0.030967
8342,-0.046816,1.862938,9.765492,28.964806,0.042931,4.494468,11.424510,-0.078176,-3.428587,0.994591,0.099468,-0.003656,-0.029699
8343,0.041625,2.025699,9.714540,26.206177,0.068923,3.704031,12.374731,-0.097986,-3.294383,0.993766,0.107711,-0.003948,-0.028485
8344,0.007132,2.199569,9.725198,24.657606,0.874578,2.675563,13.252345,-0.110638,-3.187343,0.992939,0.115320,-0.004168,-0.027514
8345,-0.001268,2.259581,9.759369,21.723303,0.328352,1.172513,14.031587,-0.099034,-3.120317,0.992147,0.122074,-0.004183,-0.026917
8346,0.012001,2.402886,9.677575,20.499409,-0.819096,-0.182520,14.722587,-0.104958,-3.106241,0.991396,0.128054,-0.004381,-0.026763
8347,-0.015098,2.513051,9.661160,22.315184,-0.576401,-0.390064,15.426609,-0.115778,-3.121366,0.990588,0.134139,-0.004656,-0.026854
8348,-0.028431,2.555578,9.654433,26.613468,-0.237495,-0.454194,16.211161,-0.105397,-3.138344,0.989642,0.140920,-0.004771,-0.026981
8349,-0.055800,2.693202,9.603969,33.270695,-0.305935,-1.203487,17.161451,-0.076774,-3.166942,0.988432,0.149127,-0.004785,-0.027224
8350,-0.031888,2.999528,9.505117,39.697830,-1.585967,-1.379033,18.369482,-0.065132,-3.216952,0.986792,0.159540,-0.005041,-0.027619
8351,-0.038710,3.265246,9.476055,43.583172,-2.805008,-0.985401,19.798893,-0.098662,-3.277503,0.984712,0.171825,-0.005764,-0.028024
8352,-0.009536,3.571384,9.318495,45.012043,-4.289595,-1.644648,21.350985,-0.175613,-3.359533,0.982277,0.185122,-0.006936,-0.028522
8353,0.015559,3.830289,9.191698,43.274826,-5.247802,-1.899508,22.924316,-0.290709,-3.473909,0.979618,0.198553,-0.008509,-0.029202
8354,0.087340,4.038038,9.044177,38.884014,-5.737665,-1.527167,24.394403,-0.440894,-3.599921,0.976962,0.211053,-0.010395,-0.029888
8355,0.071732,4.240953,8.961238,36.197548,-3.967651,-1.604970,25.732704,-0.573140,-3.716377,0.974403,0.222400,-0.012094,-0.030498
8356,0.101632,4.368115,8.838211,34.240288,-1.706228,-1.644648,26.969896,-0.633406,-3.807567,0.971922,0.232879,-0.013119,-0.031017
8357,0.084897,4.534511,8.829566,33.688160,0.457570,-0.832878,28.134924,-0.627432,-3.854254,0.969492,0.242744,-0.013482,-0.031289
8358,0.067984,4.747221,8.769958,34.220879,1.266422,0.187906,29.287619,-0.581085,-3.849992,0.967001,0.252498,-0.013395,-0.031218
8359,0.020985,4.931218,8.764700,34.900040,1.985336,1.422266,30.454323,-0.518258,-3.799435,0.964391,0.262355,-0.013068,-0.030799
8360,0.026619,5.053781,8.615816,35.034325,1.228716,2.710010,31.619659,-0.473300,-3.712125,0.961695,0.272171,-0.012796,-0.030039
8361,0.018481,5.298603,8.496523,34.591892,0.049384,3.485053,32.790337,-0.479707,-3.612752,0.958890,0.281991,-0.012911,-0.029059
8362,0.042040,5.343980,8.446354,32.739376,-1.883791,4.139568,33.905743,-0.549848,-3.522685,0.956125,0.291303,-0.013550,-0.028002
8363,0.061204,5.523679,8.309392,33.488350,-3.691890,4.159327,34.977058,-0.686517,-3.460327,0.953380,0.300200,-0.014785,-0.026997
8364,0.109265,5.655257,8.134987,33.773544,-5.725878,4.894778,36.078243,-0.891477,-3.428160,0.950463,0.309297,-0.016656,-0.026033
8365,0.172006,5.789343,7.996753,35.238316,-7.346424,5.949203,37.213612,-1.176348,-3.412784,0.947358,0.318624,-0.019225,-0.024946
8366,0.242146,5.989126,7.880191,40.035782,-7.885163,6.704603,38.461403,-1.519997,-3.401932,0.943831,0.328827,-0.022294,-0.023657
8367,0.313272,6.241326,7.632176,42.344780,-7.337499,6.700129,39.868645,-1.879585,-3.390357,0.939712,0.340292,-0.025497,-0.022216
8368,0.404111,6.386093,7.462735,40.892601,-6.260406,6.932221,41.317303,-2.231716,-3.367971,0.935319,0.352045,-0.028580,-0.020625
8369,0.491476,6.585703,7.374563,40.168163,-4.400586,5.794108,42.713787,-2.550918,-3.331983,0.930941,0.363329,-0.031307,-0.018967
8370,0.475071,6.735472,7.316557,35.642391,-1.263485,2.689022,43.990677,-2.749746,-3.295666,0.926823,0.373629,-0.033005,-0.017673
8371,0.413758,6.811721,7.286587,28.871525,0.842347,0.748012,45.022339,-2.786977,-3.258230,0.923423,0.381957,-0.033338,-0.016949
8372,0.394676,6.934471,7.284146,24.267025,1.388872,0.235114,45.808113,-2.734535,-3.215218,0.920794,0.388309,-0.032887,-0.016552
8373,0.353320,6.980094,7.280879,22.141790,0.908540,0.198230,46.436321,-2.660539,-3.175159,0.918664,0.393385,-0.032246,-0.016305
8374,0.303954,7.095137,7.223320,21.183714,-1.085414,0.884539,46.992611,-2.606369,-3.156499,0.916751,0.397861,-0.031827,-0.016188
8375,0.399970,7.195023,6.995032,25.847429,-4.828186,3.946799,47.646599,-2.679878,-3.167638,0.914457,0.403061,-0.032545,-0.015836
8376,0.472139,7.203719,6.823883,28.829851,-7.214644,4.845525,48.465294,-2.911509,-3.214158,0.911526,0.409499,-0.034665,-0.015143
8377,0.540560,7.350078,6.559075,31.927048,-8.983236,4.689962,49.428719,-3.220168,-3.310908,0.908005,0.417018,-0.037587,-0.014490
8378,0.609082,7.508933,6.317256,33.358459,-8.803305,4.691626,50.536148,-3.553943,-3.438724,0.903876,0.425615,-0.040831,-0.013890
8379,0.655539,7.574270,6.144423,32.707191,-6.755658,3.677033,51.682518,-3.851151,-3.556041,0.899518,0.434485,-0.043743,-0.013270
8380,0.604949,7.680352,6.225681,28.291065,-4.630029,1.345407,52.693497,-4.031085,-3.654323,0.895613,0.442298,-0.045643,-0.012954
8381,0.639152,7.920936,6.083307,25.733307,-4.480326,0.768431,53.562225,-4.120494,-3.752037,0.892209,0.449000,-0.046818,-0.013016
8382,0.634186,7.980274,6.010174,22.675100,-3.137325,0.020509,54.343964,-4.170165,-3.844471,0.889108,0.455018,-0.047658,-0.013216
8383,0.616289,8.017920,5.966381,21.496571,-2.345119,-1.394307,55.022064,-4.157307,-3.927354,0.886392,0.460242,-0.047969,-0.013627
8384,0.617135,8.113460,5.861216,23.250767,-3.060496,-2.282713,55.697903,-4.105297,-4.030417,0.883657,0.465440,-0.048066,-0.014350
8385,0.693107,8.212687,5.609790,27.098852,-3.866024,-1.902950,56.509109,-4.080726,-4.162241,0.880326,0.471639,-0.048521,-0.015124
8386,0.694437,8.269396,5.492192,29.708141,-3.490607,-2.032706,57.460175,-4.084266,-4.300471,0.876363,0.478868,-0.049249,-0.015763
8387,0.711826,8.437027,5.331607,30.938086,-4.111647,-1.942702,58.487305,-4.091750,-4.443753,0.872015,0.486638,-0.050054,-0.016380
8388,0.771229,8.588839,5.140130,30.166256,-5.190547,-0.648640,59.552757,-4.147408,-4.601927,0.867424,0.494630,-0.051308,-0.016869
8389,0.811684,8.615170,4.964508,27.693096,-5.445542,1.516872,60.573990,-4.283107,-4.752383,0.862946,0.502208,-0.053136,-0.016947
8390,0.804861,8.645083,4.882493,22.874378,-4.002172,1.552215,61.444714,-4.440368,-4.867485,0.859073,0.508620,-0.054950,-0.016703
8391,0.801330,8.678328,4.801735,20.065006,-2.693003,0.377412,62.148933,-4.543506,-4.949844,0.855909,0.513799,-0.056190,-0.016516
8392,0.804130,8.645354,4.720886,19.306229,-1.536373,-0.425122,62.760693,-4.588035,-5.009261,0.853141,0.518309,-0.056877,-0.016455
8393,0.776110,8.649889,4.645896,19.009607,0.030786,-1.853349,63.327980,-4.567929,-5.043158,0.850562,0.522520,-0.056964,-0.016517
8394,0.671492,8.723925,4.330157,19.659410,1.228759,-3.402360,63.943745,-4.451323,-5.060803,0.847750,0.527133,-0.056272,-0.016881
8396,0.638208,8.785795,4.145523,24.817394,1.277757,-2.894633,64.730171,-4.283765,-5.071568,0.844123,0.533018,-0.055205,-0.017357
8397,0.652836,8.917775,4.004010,27.050449,-0.138177,-1.274467,65.674034,-4.164538,-5.088583,0.839709,0.540004,-0.054554,-0.017591
8398,0.690059,8.995196,3.904608,27.354753,-1.299365,-0.917602,66.664650,-4.115706,-5.130610,0.835005,0.547247,-0.054550,-0.017659
8399,0.679037,9.088195,3.733801,27.318750,-1.883794,-1.505193,67.657997,-4.086547,-5.200611,0.830220,0.554446,-0.054829,-0.017835
8400,0.753468,9.235891,3.748183,26.348677,-2.536926,-2.522973,68.611267,-4.054776,-5.297900,0.825565,0.561302,-0.055223,-0.018235
8401,0.749651,9.318677,3.595244,21.221748,-3.199249,-3.842757,69.435738,-4.009738,-5.427359,0.821485,0.567188,-0.055672,-0.018990
8402,0.704992,9.284561,3.412434,19.351189,-2.614872,-4.961172,70.149895,-3.918283,-5.571589,0.817911,0.572273,-0.055858,-0.020131
8403,0.633590,9.232371,3.214360,19.993946,-1.848863,-4.985640,70.857292,-3.780867,-5.700401,0.814338,0.577320,-0.055656,-0.021396
8404,0.617713,9.275088,3.106966,22.936354,-1.645900,-4.457798,71.632790,-3.634767,-5.809767,0.810388,0.582841,-0.055325,-0.022539
8405,0.636929,9.275488,3.027180,24.581606,-1.052326,-2.858655,72.467865,-3.529754,-5.892588,0.806098,0.588745,-0.055176,-0.023260
8406,0.666387,9.386326,2.900808,27.590948,0.499481,-1.067080,73.366203,-3.488617,-5.922437,0.801449,0.595053,-0.055225,-0.023250
8407,0.684804,9.478868,2.734030,29.082077,1.845249,-0.091753,74.346352,-3.493740,-5.892903,0.796337,0.601898,-0.055302,-0.022544
8408,0.704707,9.640944,2.604835,28.589561,2.189992,-0.158572,75.348495,-3.514686,-5.832351,0.791055,0.608858,-0.055320,-0.021530
8409,0.673188,9.708239,2.425642,25.786819,2.550011,-0.139985,76.298302,-3.526973,-5.760484,0.785995,0.615422,-0.055194,-0.020512
8410,0.625032,9.738853,2.238882,23.860033,2.568262,-1.819911,77.178490,-3.491625,-5.688730,0.781255,0.621494,-0.054721,-0.019790
8411,0.589661,9.721361,2.146097,21.296854,1.211696,-4.558969,77.975723,-3.372155,-5.653064,0.776910,0.626990,-0.053854,-0.019823
8412,0.567093,9.712853,2.088589,20.434793,-0.005983,-7.002043,78.683220,-3.170851,-5.673143,0.773005,0.631865,-0.052731,-0.020740
8413,0.529116,9.678767,1.976153,20.996222,-0.092941,-8.256421,79.362465,-2.912865,-5.722505,0.769211,0.636537,-0.051399,-0.022196
8414,0.512155,9.668468,1.862718,22.526560,-0.053255,-9.606876,80.070061,-2.618731,-5.777027,0.765220,0.641389,-0.049880,-0.023893
8415,0.428846,9.681901,1.695364,25.062559,0.102397,-10.514819,80.854294,-2.285580,-5.831298,0.760752,0.646740,-0.048141,-0.025796
8416,0.340759,9.665410,1.488589,28.676081,0.183288,-11.235192,81.767876,-1.909435,-5.881824,0.755496,0.652930,-0.046157,-0.027892
8417,0.232833,9.696597,1.246637,31.719206,0.250454,-10.992847,82.829636,-1.506566,-5.925661,0.749322,0.660055,-0.044035,-0.030075
8418,0.150007,9.720552,1.017209,34.008797,-0.210343,-10.984082,84.013481,-1.093794,-5.968511,0.742357,0.667911,-0.041922,-0.032304
8419,0.104155,9.774259,0.848030,35.819286,-0.790169,-10.110098,85.270569,-0.699032,-6.018942,0.734869,0.676147,-0.040041,-0.034497
8420,0.111781,9.816201,0.698166,35.944977,-0.704708,-8.718631,86.537277,-0.365650,-6.066511,0.727240,0.684333,-0.038589,-0.036346
8421,0.095947,9.864037,0.522797,35.012997,-0.063825,-7.317784,87.765282,-0.105310,-6.092844,0.719776,0.692168,-0.037501,-0.037669
8422,0.076502,9.861878,0.364591,32.826530,0.380210,-6.226572,88.918541,0.098452,-6.094471,0.712707,0.699444,-0.036620,-0.038543
8423,0.044127,9.889576,0.183788,31.009197,0.773892,-5.306207,89.987984,0.261994,-6.077555,0.706099,0.706122,-0.035866,-0.039103
8424,-0.007093,9.897910,-0.052622,29.190403,0.827297,-5.197676,91.005272,0.412887,-6.049731,0.699760,0.712418,-0.035117,-0.039551
8425,-0.089663,9.892794,-0.245466,28.748129,-0.243902,-5.954496,92.001495,0.593650,-6.035183,0.693480,0.718531,-0.034274,-0.040289
8426,-0.139144,9.867327,-0.409464,28.531713,-1.536360,-6.348291,92.988785,0.813020,-6.055542,0.687176,0.724534,-0.033432,-0.041500
8427,-0.148399,9.861373,-0.572417,28.827976,-2.200139,-6.446037,93.973427,1.040411,-6.104208,0.680819,0.730458,-0.032745,-0.042949
8428,-0.146542,9.887089,-0.713431,29.125694,-2.429022,-6.020257,94.958328,1.247411,-6.164637,0.674409,0.736317,-0.032282,-0.044351
8429,-0.153472,9.870697,-0.860652,30.119131,-2.288621,-6.274902,95.951729,1.435777,-6.223569,0.667899,0.742165,-0.031947,-0.045631
8430,-0.150875,9.853185,-1.027942,31.683214,-1.803347,-6.280699,96.981705,1.612921,-6.268335,0.661107,0.748166,-0.031625,-0.046755
8431,-0.170704,9.841723,-1.217705,32.838367,-1.244812,-5.943077,98.059410,1.771997,-6.292781,0.653960,0.754378,-0.031314,-0.047641
8432,-0.200893,9.761201,-1.385563,33.277863,-0.548936,-5.761084,99.164963,1.918070,-6.293943,0.646585,0.760681,-0.030954,-0.048312
8433,-0.261277,9.656402,-1.581146,33.892860,0.642863,-4.802476,100.291817,2.049998,-6.263293,0.639025,0.767036,-0.030485,-0.048716
8434,-0.314040,9.606155,-1.785274,32.710392,1.674426,-2.780429,101.419426,2.142015,-6.201491,0.631430,0.773320,-0.030038,-0.048693
8435,-0.346077,9.566710,-2.016525,29.107922,2.274144,-0.357155,102.482430,2.166098,-6.125290,0.624250,0.779168,-0.029839,-0.048160
8436,-0.342455,9.540055,-2.162205,26.097530,1.822498,1.353495,103.436897,2.123118,-6.061246,0.617785,0.784350,-0.030033,-0.047271
8437,-0.324125,9.565829,-2.289786,22.768063,0.876458,2.940586,104.265236,2.026283,-6.034305,0.612154,0.788787,-0.030707,-0.046243
8438,-0.271235,9.575311,-2.395011,19.233955,-0.332021,3.039994,104.956429,1.898815,-6.051163,0.607437,0.792440,-0.031779,-0.045266
8439,-0.214697,9.561141,-2.480111,17.341595,-1.464172,2.878604,105.537674,1.765393,-6.107320,0.603448,0.795473,-0.033102,-0.044475
8440,-0.206482,9.555714,-2.547431,17.852436,-2.314015,1.758972,106.079041,1.657194,-6.190849,0.599700,0.798271,-0.034461,-0.044003
8441,-0.185872,9.550438,-2.661040,18.450226,-2.289507,-0.126700,106.635040,1.604688,-6.274075,0.595812,0.801136,-0.035530,-0.043901
8442,-0.202532,9.508501,-2.772588,19.611160,-2.097153,-0.941217,107.230522,1.600708,-6.340443,0.591617,0.804200,-0.036244,-0.044031
8443,-0.230400,9.462393,-2.884331,20.033621,-1.975018,-1.133258,107.862305,1.625021,-6.395912,0.587141,0.807436,-0.036752,-0.044285
8444,-0.243733,9.398689,-2.971909,19.426107,-1.941405,-1.757210,108.493866,1.671381,-6.443870,0.582642,0.810653,-0.037098,-0.044654
8445,-0.220892,9.349269,-3.029220,17.780874,-1.799439,-1.308396,109.077011,1.715168,-6.487747,0.578471,0.813601,-0.037415,-0.044996
8446,-0.247254,9.275476,-3.109299,16.179815,-1.630003,-0.035566,109.596344,1.728110,-6.535875,0.574753,0.816201,-0.037896,-0.045160
8447,-0.244709,9.254350,-3.226573,14.618489,-1.523134,0.289637,110.069771,1.718409,-6.588083,0.571360,0.818549,-0.038504,-0.045194
8448,-0.249183,9.238615,-3.318922,14.145224,-1.895403,0.535490,110.518890,1.701855,-6.647352,0.568132,0.820759,-0.039188,-0.045218
8449,-0.258460,9.194648,-3.407919,15.603845,-2.701043,0.489856,110.991928,1.694001,-6.725853,0.564713,0.823069,-0.039977,-0.045386
8450,-0.251546,9.162023,-3.500384,16.948097,-3.134360,0.943186,111.520477,1.689621,-6.825684,0.560873,0.825628,-0.040926,-0.045659
8451,-0.224609,9.135844,-3.591054,17.709486,-2.990851,2.481508,112.088692,1.649386,-6.942090,0.556746,0.828349,-0.042190,-0.045730
8452,-0.193269,9.098840,-3.694152,20.566000,-3.154013,3.536201,112.720657,1.558160,-7.075402,0.552163,0.831339,-0.043849,-0.045478
8453,-0.170057,9.080050,-3.783100,23.216503,-3.465163,4.490241,113.442406,1.432958,-7.229973,0.546920,0.834714,-0.045860,-0.045028
8454,-0.143093,9.061546,-3.874872,23.469675,-3.403977,4.821726,114.200150,1.288528,-7.398441,0.541398,0.838212,-0.048073,-0.044464
8455,-0.131424,8.956207,-3.993712,23.078886,-3.046764,3.956870,114.953461,1.153462,-7.558163,0.535886,0.841654,-0.050170,-0.043903
8456,-0.124393,8.872495,-4.102806,22.566072,-2.817746,3.279647,115.698807,1.046932,-7.698979,0.530404,0.845033,-0.051987,-0.043442
8457,-0.126249,8.806655,-4.177517,19.753641,-1.957023,3.084549,116.382957,0.956218,-7.817866,0.525354,0.848108,-0.053543,-0.043005
8458,-0.120196,8.750154,-4.269942,16.292610,-0.337939,3.122864,116.953583,0.857887,-7.899240,0.521148,0.850650,-0.054808,-0.042379
8459,-0.110927,8.747124,-4.414731,14.539141,0.856927,2.883432,117.444221,0.745854,-7.937804,0.517548,0.852825,-0.055783,-0.041484
8460,-0.079735,8.769948,-4.516284,13.960627,0.770065,2.717337,117.895348,0.618355,-7.957641,0.514249,0.854812,-0.056667,-0.040403
8461,-0.067752,8.750637,-4.598927,13.771167,0.413154,1.901269,118.326675,0.498804,-7.977195,0.511086,0.856699,-0.057498,-0.039383
8462,-0.061689,8.728635,-4.701193,14.746111,-0.082680,0.828718,118.786736,0.431479,-7.994547,0.507673,0.858717,-0.058084,-0.038724
8463,-0.049730,8.666220,-4.807113,16.247692,-1.288115,-1.086234,119.311913,0.434404,-8.012547,0.503725,0.861026,-0.058384,-0.038559
8464,-0.053730,8.572651,-4.846372,16.620152,-1.695493,-1.226543,119.876122,0.481403,-8.036819,0.499445,0.863497,-0.058551,-0.038731
8465,-0.075261,8.510376,-4.906507,16.594296,-1.111036,-0.899947,120.440208,0.528690,-8.059473,0.495155,0.865946,-0.058707,-0.038897
8466,-0.067471,8.466251,-4.964345,17.006306,-0.630341,-1.086059,121.001572,0.564599,-8.067541,0.490884,0.868366,-0.058804,-0.038916
8467,-0.085025,8.392828,-5.048965,17.413719,-0.505180,-1.752831,121.574257,0.606464,-8.059237,0.486518,0.870824,-0.058757,-0.038904
8468,-0.102476,8.344094,-5.114480,18.016449,-0.593671,-2.120557,122.163292,0.667901,-8.040793,0.482007,0.873338,-0.058557,-0.038992
8469,-0.120499,8.301748,-5.230994,19.020502,-1.350535,-3.179558,122.780128,0.761038,-8.020724,0.477253,0.875953,-0.058224,-0.039304
8470,-0.129152,8.285753,-5.332817,18.536797,-1.651147,-3.747209,123.407944,0.886128,-7.999616,0.472383,0.878595,-0.057760,-0.039856
8471,-0.141461,8.213772,-5.425298,17.998152,-1.252867,-3.612908,124.018265,1.011993,-7.971823,0.467635,0.881140,-0.057243,-0.040402
8472,-0.140840,8.163256,-5.512533,18.994598,-0.756893,-3.126067,124.637520,1.112993,-7.936178,0.462821,0.883694,-0.056776,-0.040726
8473,-0.143018,8.112301,-5.621990,20.216898,0.183167,-1.806011,125.295868,1.166018,-7.896968,0.457720,0.886368,-0.056494,-0.040653
8474,-0.132737,8.059216,-5.737242,21.076071,1.951845,-0.316523,125.994881,1.145688,-7.847444,0.452334,0.889164,-0.056437,-0.039954
8475,-0.131267,7.889248,-5.833100,23.414000,3.233777,0.631285,126.764023,1.057877,-7.780725,0.446428,0.892196,-0.056527,-0.038631
8476,-0.141643,7.780481,-5.949319,26.075586,3.430747,-0.082689,127.637032,0.958096,-7.697220,0.439702,0.895594,-0.056551,-0.037100
8477,-0.140794,7.652416,-6.008895,27.403522,3.749743,-0.889813,128.577560,0.882081,-7.592545,0.432412,0.899210,-0.056320,-0.035643
8478,-0.110479,7.543352,-6.162816,28.188240,4.129778,-1.925825,129.554871,0.820742,-7.460491,0.424800,0.902918,-0.055809,-0.034189
8479,-0.113440,7.479351,-6.271654,28.391552,4.573907,-2.864172,130.545761,0.772436,-7.297727,0.417050,0.906628,-0.054991,-0.032731
8480,-0.106086,7.465475,-6.414284,28.164375,4.870006,-3.224213,131.513596,0.732825,-7.112319,0.409450,0.910199,-0.053935,-0.031288
8481,-0.098492,7.471196,-6.551050,26.879496,5.507912,-2.168191,132.427200,0.670702,-6.923910,0.402262,0.913512,-0.052899,-0.029701
8482,-0.067616,7.420187,-6.692323,25.698215,5.779625,-0.240836,133.278198,0.553555,-6.759175,0.395566,0.916531,-0.052206,-0.027802
8483,-0.084899,7.270702,-6.685540,24.205505,5.399744,0.813666,134.066803,0.403618,-6.631608,0.389351,0.919265,-0.051882,-0.025806
8484,-0.063662,7.114817,-6.734920,24.125719,3.124608,1.179912,134.817856,0.276550,-6.553944,0.383395,0.921811,-0.051851,-0.024184
8485,-0.013802,6.974161,-6.882990,25.112715,0.275757,0.999908,135.603806,0.201178,-6.540188,0.377102,0.924412,-0.052153,-0.023174
8486,0.019078,6.860440,-7.061194,27.717478,-1.069989,1.073273,136.485291,0.165454,-6.574643,0.369989,0.927263,-0.052724,-0.022595
8487,0.023152,6.785486,-7.292912,29.735022,-1.284997,1.477783,137.475998,0.139645,-6.632872,0.361960,0.930396,-0.053471,-0.022112
8488,0.055865,6.708945,-7.496633,32.015179,-0.283804,2.678857,138.558121,0.081214,-6.702223,0.353173,0.933730,-0.054423,-0.021344
8489,0.073878,6.563680,-7.617313,34.222130,2.222003,4.678033,139.719818,-0.063417,-6.774325,0.343746,0.937202,-0.055660,-0.019824
8490,0.076944,6.396391,-7.599033,35.881107,4.807143,6.330802,140.925079,-0.307444,-6.841257,0.333977,0.940687,-0.057126,-0.017430
8491,0.119030,6.153925,-7.637470,36.288662,4.967562,6.634625,142.145248,-0.601346,-6.909607,0.324075,0.944096,-0.058701,-0.014592
8492,0.171033,5.954546,-7.699808,36.021744,3.603592,5.240094,143.365891,-0.867850,-6.981480,0.314121,0.947399,-0.060176,-0.011958
8493,0.215997,5.800149,-7.852513,35.919613,1.816945,3.595310,144.579300,-1.060995,-7.048483,0.304159,0.950591,-0.061366,-0.009896
8494,0.255185,5.610860,-8.002712,36.310436,0.396533,2.368632,145.807877,-1.182719,-7.110394,0.294005,0.953735,-0.062295,-0.008382
8495,0.265687,5.449536,-8.169885,37.485691,-0.811784,1.729427,147.075348,-1.248049,-7.172783,0.283467,0.956878,-0.063066,-0.007302
8496,0.263840,5.324045,-8.304708,37.492043,-2.017088,1.927922,148.357697,-1.267843,-7.250950,0.272746,0.959942,-0.063845,-0.006615
8497,0.252893,5.106603,-8.364892,37.907265,-2.502195,3.022102,149.637451,-1.266427,-7.361528,0.262002,0.962867,-0.064841,-0.006167
8499,0.240151,4.950439,-8.512495,40.341255,-0.016367,3.403645,150.961533,-1.297320,-7.476118,0.250870,0.965757,-0.065941,-0.005408
8500,0.247085,4.697896,-8.615533,41.517948,2.141369,4.538982,152.353760,-1.402687,-7.576461,0.239171,0.968650,-0.067069,-0.003924
8501,0.275711,4.322902,-8.646192,42.504204,2.483281,5.282178,153.820007,-1.561116,-7.689169,0.226840,0.971527,-0.068380,-0.001945
8502,0.336881,3.951845,-8.719170,46.976124,0.881253,5.373859,155.434952,-1.716408,-7.829370,0.213211,0.974504,-0.069880,0.000079
8503,0.360627,3.671234,-8.753391,49.351662,0.103292,4.667517,157.194931,-1.836651,-7.981655,0.198289,0.977539,-0.071375,0.001915
8504,0.368124,3.336714,-8.779950,48.976025,-5.400471,4.747018,158.997620,-1.849229,-8.166436,0.182899,0.980418,-0.072937,0.002850
8505,0.349387,3.113913,-8.971370,48.012924,-11.243049,3.840741,160.781311,-1.665900,-8.403069,0.167514,0.983037,-0.074649,0.002066
8506,0.276545,2.952925,-9.213441,48.239864,-13.725670,2.737556,162.528931,-1.315106,-8.643671,0.152287,0.985393,-0.076218,-0.000133
8507,0.166794,2.771469,-9.384677,48.112511,-12.131201,2.227880,164.240952,-0.910526,-8.849087,0.137285,0.987491,-0.077501,-0.002728
8508,0.119613,2.535132,-9.705156,48.467239,-11.653770,2.638314,165.941498,-0.524722,-9.030311,0.122353,0.989349,-0.078689,-0.005103
8509,0.141763,2.185665,-9.914939,48.086670,-8.339448,2.334666,167.665741,-0.221324,-9.188020,0.107237,0.991000,-0.079838,-0.006690
8510,0.163331,1.928138,-9.988056,47.904575,-3.517208,1.027027,169.391876,-0.079268,-9.283428,0.092194,0.992447,-0.080642,-0.006794
8511,0.227987,1.657881,-10.035056,45.528057,0.208197,0.474768,171.058517,-0.108170,-9.319079,0.077769,0.993656,-0.081061,-0.005394
8512,0.273263,1.409200,-10.055346,40.539013,3.096114,-0.761082,172.583862,-0.271711,-9.308992,0.064651,0.994600,-0.081130,-0.002890
8513,0.292628,1.209115,-9.909925,37.788246,6.696709,-2.639360,173.947876,-0.545219,-9.236314,0.053001,0.995332,-0.080652,0.000486
8514,0.264295,1.104230,-9.767279,35.513107,8.359238,-3.895102,175.170349,-0.884438,-9.106096,0.042612,0.995904,-0.079633,0.004342
8515,0.249688,0.966917,-9.707213,33.437431,7.567806,-4.111737,176.264313,-1.204654,-8.953839,0.033313,0.996337,-0.078353,0.007931
8516,0.236421,0.856318,-9.692615,31.625433,6.287810,-3.925568,177.254745,-1.459626,-8.806127,0.024860,0.996658,-0.077048,0.010857
8517,0.250606,0.735370,-9.752929,30.156534,4.169893,-3.272490,178.160980,-1.637160,-8.676746,0.017081,0.996887,-0.075858,0.013030
8518,0.289524,0.537425,-9.841054,27.700371,1.601779,-1.819834,179.003769,-1.733565,-8.586458,0.009801,0.997032,-0.074981,0.014434
8519,0.343361,0.345635,-9.905062,26.736748,-0.120891,-0.727293,179.814346,-1.770292,-8.541200,0.002766,0.997101,-0.074483,0.015285
8520,0.361022,0.086689,-9.852201,28.733744,-0.013883,-0.994340,-179.317093,-1.792390,-8.511212,-0.004782,0.997110,-0.074103,0.016040
8521,0.333269,-0.070723,-9.902828,32.671963,-0.010677,-3.539590,-178.320770,-1.812844,-8.435219,-0.013449,0.997077,-0.073296,0.016852
8522,0.297694,-0.319175,-9.885302,34.255836,-1.756320,-4.850361,-177.214142,-1.790635,-8.294308,-0.023112,0.996993,-0.071909,0.017338
8523,0.294796,-0.568141,-9.897908,35.322685,-4.025429,-5.671299,-176.032227,-1.697342,-8.114418,-0.033481,0.996823,-0.070191,0.017215
8524,0.263068,-0.720935,-9.909093,36.099606,-5.734555,-7.514605,-174.819672,-1.541494,-7.883191,-0.044157,0.996567,-0.068057,0.016512
8525,0.230951,-0.820553,-9.937521,33.401688,-7.181263,-7.224671,-173.679245,-1.335309,-7.616713,-0.054233,0.996249,-0.065673,0.015271
8526,0.248669,-1.026123,-9.874179,27.364841,-8.748427,-4.217076,-172.706543,-1.089466,-7.394952,-0.062857,0.995892,-0.063751,0.013570
8527,0.258566,-1.167618,-9.813418,23.700796,-7.718260,-2.382941,-171.895233,-0.853570,-7.248795,-0.070055,0.995510,-0.062530,0.011882
8528,0.219637,-1.226970,-9.738792,21.914986,-5.172741,-2.147994,-171.196075,-0.687152,-7.141968,-0.076230,0.995125,-0.061641,0.010748
8529,0.202111,-1.362296,-9.703367,20.451046,-2.396780,-0.881529,-170.563126,-0.609069,-7.071473,-0.081775,0.994727,-0.061025,0.010360
8530,0.229188,-1.514295,-9.711559,19.568598,-0.864350,-0.320059,-169.954224,-0.609853,-7.042259,-0.087062,0.994294,-0.060715,0.010669
8531,0.249619,-1.576235,-9.704175,20.164770,1.243468,-0.916789,-169.350296,-0.685279,-7.023075,-0.092262,0.993831,-0.060430,0.011627
8532,0.315235,-1.706203,-9.679064,21.110353,3.227824,-2.186484,-168.724213,-0.851447,-6.986495,-0.097605,0.993331,-0.059906,0.013366
8533,0.376139,-1.855895,-9.699661,23.998566,4.170133,-4.623549,-168.019531,-1.098440,-6.900610,-0.103591,0.992752,-0.058853,0.015796
8534,0.378992,-1.993608,-9.644822,31.455513,8.416050,-6.789005,-167.129471,-1.445558,-6.760886,-0.111138,0.991975,-0.057178,0.019122
8535,0.369984,-2.190501,-9.616208,40.888672,13.272134,-9.436617,-165.943222,-1.935325,-6.583142,-0.121179,0.990826,-0.054915,0.023758
8536,0.423798,-2.464919,-9.561330,47.090149,14.455125,-11.006885,-164.470276,-2.520039,-6.373356,-0.133655,0.989225,-0.052100,0.029263
8537,0.471249,-2.723850,-9.504313,50.276573,14.371438,-11.373158,-162.822830,-3.116299,-6.153111,-0.147625,0.987214,-0.048994,0.034860
8538,0.522088,-2.970706,-9.393398,50.777351,13.828252,-9.310102,-161.115005,-3.674937,-5.972791,-0.162103,0.984879,-0.046113,0.040130
8539,0.619297,-3.247940,-9.310131,46.152515,8.577495,-6.662592,-159.478455,-4.109465,-5.849640,-0.175982,0.982419,-0.043799,0.044318
8540,0.716317,-3.500350,-9.204270,39.684330,2.073997,-3.690073,-158.028259,-4.336122,-5.755178,-0.188326,0.980096,-0.042047,0.046651
8541,0.741597,-3.692719,-9.137810,35.567493,-0.867979,-1.736882,-156.766083,-4.390128,-5.680870,-0.199114,0.977977,-0.040801,0.047442
8542,0.715182,-3.881547,-9.055786,33.460190,-3.047084,-0.821292,-155.620728,-4.336357,-5.615519,-0.208932,0.975973,-0.039868,0.047271
8543,0.679680,-4.065935,-8.979843,31.191122,-5.236979,0.278985,-154.550415,-4.188681,-5.548623,-0.218138,0.974035,-0.039141,0.046260
8544,0.656732,-4.211057,-8.898461,29.186008,-7.085106,1.278570,-153.554947,-3.960843,-5.481171,-0.226727,0.972173,-0.038623,0.044533
8545,0.624315,-4.359133,-8.814112,27.659998,-7.959675,1.658622,-152.622864,-3.685960,-5.410111,-0.234784,0.970371,-0.038228,0.042375
8546,0.568116,-4.522721,-8.702321,27.904131,-8.619083,1.893719,-151.703506,-3.384891,-5.332784,-0.242728,0.968530,-0.037878,0.039974
8547,0.528573,-4.632936,-8.609633,29.370569,-8.993129,2.885674,-150.750015,-3.061743,-5.260966,-0.250949,0.966544,-0.037653,0.037407
8548,0.495311,-4.784609,-8.521314,30.777491,-8.219616,2.691955,-149.748566,-2.747860,-5.199003,-0.259545,0.964369,-0.037520,0.034954
8549,0.459446,-4.916871,-8.429352,32.118801,-7.011144,1.811532,-148.700577,-2.482553,-5.133380,-0.268487,0.961999,-0.037274,0.032916
8550,0.446717,-5.070598,-8.341377,32.623882,-5.859046,0.789146,-147.624863,-2.281034,-5.056829,-0.277613,0.959474,-0.036814,0.031393
8551,0.444284,-5.191933,-8.276549,32.642101,-4.671749,-0.395056,-146.552338,-2.149301,-4.966582,-0.286660,0.956869,-0.036096,0.030411
8552,0.429146,-5.315420,-8.252316,32.348812,-3.405048,-1.509114,-145.512009,-2.083584,-4.863852,-0.295389,0.954262,-0.035133,0.029925
8553,0.445068,-5.468946,-8.096341,32.165333,-3.952620,-1.605423,-144.487228,-2.049530,-4.749685,-0.303954,0.951618,-0.034007,0.029653
8554,0.432857,-5.632564,-7.992669,31.063351,-3.369446,-1.829935,-143.470566,-2.026570,-4.631123,-0.312424,0.948919,-0.032824,0.029440
8555,0.403332,-5.767704,-7.896849,29.970545,-2.456726,-2.127657,-142.487549,-2.022962,-4.519476,-0.320583,0.946235,-0.031658,0.029379
8556,0.409638,-5.917647,-7.785282,28.308592,-2.322260,-1.613570,-141.547241,-2.028208,-4.420733,-0.328360,0.943599,-0.030588,0.029398
8557,0.427229,-6.083619,-7.599123,26.176859,-2.032109,-1.555762,-140.644211,-2.040787,-4.334482,-0.335804,0.941005,-0.029610,0.029488
8558,0.394391,-6.180992,-7.569968,24.394611,0.603361,-1.974021,-139.799286,-2.091583,-4.274671,-0.342730,0.938516,-0.028749,0.029943
8559,0.421401,-6.320297,-7.492272,24.138199,1.335968,-2.367849,-138.998978,-2.189962,-4.240715,-0.349250,0.936104,-0.027961,0.030843
8560,0.445012,-6.426706,-7.444721,26.413273,1.346843,-2.078094,-138.167877,-2.304637,-4.214702,-0.355996,0.933548,-0.027167,0.031897
8561,0.438329,-6.517924,-7.337985,29.399366,0.916692,-1.017722,-137.255615,-2.394499,-4.201705,-0.363387,0.930683,-0.026521,0.032801
8562,0.432811,-6.613613,-7.241460,31.524797,0.172130,0.144941,-136.263458,-2.433766,-4.203004,-0.371417,0.927499,-0.026119,0.033351
8563,0.432188,-6.715323,-7.103379,32.707161,-1.706235,1.440392,-135.221466,-2.406653,-4.203192,-0.379845,0.924085,-0.025906,0.033369
8564,0.374812,-6.783231,-6.918688,32.532978,-2.894959,2.644362,-134.163239,-2.300426,-4.195550,-0.388403,0.920544,-0.025897,0.032728
8565,0.325306,-6.914946,-6.692494,30.335560,-3.720617,2.996981,-133.126328,-2.133168,-4.180039,-0.396782,0.917000,-0.026056,0.031570
8566,0.299274,-7.068865,-6.544751,27.434921,-3.221801,2.760639,-132.146347,-1.954270,-4.160163,-0.404678,0.913580,-0.026261,0.030296
8567,0.271545,-7.187384,-6.457010,25.822197,-2.390324,2.864578,-131.236496,-1.792978,-4.152991,-0.411977,0.910340,-0.026544,0.029197
8568,0.268299,-7.275106,-6.325397,25.231810,-2.193597,3.021886,-130.367081,-1.646209,-4.159460,-0.418920,0.907184,-0.026910,0.028260
8569,0.295543,-7.405445,-6.230727,24.929853,-1.743466,3.020388,-129.508972,-1.522897,-4.174276,-0.425740,0.904015,-0.027274,0.027544
8570,0.298573,-7.483308,-6.188918,25.267149,-0.197630,3.916020,-128.662506,-1.427001,-4.222428,-0.432426,0.900831,-0.027811,0.027172
8571,0.259387,-7.557277,-6.072810,25.853037,0.899582,4.550715,-127.816734,-1.337847,-4.318983,-0.439071,0.897586,-0.028708,0.027049
8572,0.252768,-7.633209,-5.960445,26.530451,1.145308,4.462141,-126.953125,-1.250216,-4.437155,-0.445825,0.894216,-0.029767,0.027041
8573,0.283302,-7.746171,-5.835872,27.751122,1.069127,2.652238,-126.055031,-1.201046,-4.537436,-0.452812,0.890665,-0.030528,0.027287
8574,0.275434,-7.842449,-5.767705,29.829327,1.240196,1.391597,-125.107185,-1.203649,-4.608109,-0.460146,0.886871,-0.030838,0.027843
8575,0.241317,-7.939626,-5.605058,31.452780,-0.165060,1.254089,-124.101334,-1.204080,-4.648008,-0.467903,0.882787,-0.030898,0.028279
8576,0.244017,-7.970224,-5.425148,31.797558,-2.267698,1.018968,-123.058105,-1.169349,-4.635378,-0.475936,0.878491,-0.030687,0.028240
8577,0.204671,-8.076708,-5.213650,30.131269,-3.006191,-0.258313,-122.024292,-1.123574,-4.568514,-0.483874,0.874175,-0.030114,0.027885
8578,0.156092,-8.257980,-5.037693,28.256193,-2.728494,0.550472,-121.017159,-1.063152,-4.490251,-0.491578,0.869903,-0.029534,0.027354
8579,0.133888,-8.356456,-4.876996,28.072018,-2.609545,3.231662,-120.021385,-0.944153,-4.446494,-0.499168,0.865597,-0.029483,0.026520
8580,0.124829,-8.367105,-4.741932,27.590233,-2.003827,3.286733,-119.042770,-0.792218,-4.433865,-0.506594,0.861289,-0.029833,0.025574
8581,0.139151,-8.535381,-4.627887,26.562113,-0.192577,3.044163,-118.096077,-0.674936,-4.452619,-0.513726,0.857054,-0.030287,0.025027
8582,0.158227,-8.611080,-4.552894,27.787697,1.257100,4.737858,-117.155899,-0.580211,-4.528934,-0.520754,0.852777,-0.031080,0.024916
8583,0.118790,-8.599223,-4.445426,28.260754,2.444329,5.659406,-116.218575,-0.469006,-4.662234,-0.527718,0.848436,-0.032374,0.024960
8584,0.081699,-8.615267,-4.306279,26.890299,2.845668,4.603424,-115.320023,-0.359240,-4.815972,-0.534356,0.844209,-0.033822,0.025122
8585,0.054704,-8.679041,-4.112490,25.303213,3.427042,4.353177,-114.464844,-0.267197,-4.973468,-0.540636,0.840134,-0.035223,0.025442
8586,-0.035911,-8.620943,-4.026544,25.367102,3.677222,3.842147,-113.644943,-0.169265,-5.136946,-0.546629,0.836173,-0.036700,0.025758
8587,-0.074335,-8.711846,-3.853747,23.392288,2.407501,3.587653,-112.864922,-0.049742,-5.278306,-0.552316,0.832362,-0.038127,0.025821
8588,-0.102067,-8.773319,-3.746378,22.751244,1.232370,3.243186,-112.115791,0.085580,-5.377209,-0.557769,0.828669,-0.039331,0.025572
8589,-0.131361,-8.811067,-3.636923,21.072533,0.363945,3.686124,-111.409454,0.239964,-5.444050,-0.562903,0.825155,-0.040412,0.025031
8590,-0.102960,-8.892529,-3.579943,19.712656,-0.484603,4.125926,-110.764687,0.407154,-5.488576,-0.567582,0.821916,-0.041418,0.024279
8591,-0.065835,-9.014670,-3.454506,18.113245,-0.602142,4.002438,-110.164597,0.555384,-5.518886,-0.571920,0.818881,-0.042246,0.023587
8592,-0.072505,-8.961238,-3.383294,18.366310,0.852083,3.514098,-109.587189,0.666029,-5.565664,-0.576065,0.815940,-0.043016,0.023247
8593,-0.072591,-8.908659,-3.319069,17.045929,2.667978,3.275946,-109.055046,0.738772,-5.659167,-0.579851,0.813200,-0.043939,0.023403
8594,-0.056859,-9.035398,-3.193648,16.018562,4.184822,1.920728,-108.558159,0.757731,-5.796015,-0.583350,0.810619,-0.044901,0.024156
8595,-0.039117,-9.020719,-3.037791,17.475664,5.808507,1.928068,-108.021599,0.727960,-5.974792,-0.587090,0.807817,-0.045896,0.025492
8596,-0.029925,-9.037678,-2.838756,23.893883,6.199255,4.556899,-107.312836,0.725631,-6.198466,-0.592023,0.804081,-0.047295,0.026947
8597,-0.018906,-9.369770,-2.657630,31.721039,5.318904,5.040246,-106.303139,0.774923,-6.428229,-0.599047,0.798720,-0.048915,0.028220
8598,-0.028961,-9.460752,-2.490343,36.843056,3.559617,2.523602,-105.036613,0.805735,-6.604104,-0.607804,0.791964,-0.049979,0.029479
8599,-0.099296,-9.402041,-2.304134,39.142048,2.763146,3.899719,-103.654648,0.849313,-6.731869,-0.617293,0.784505,-0.050729,0.030469
8600,-0.170111,-9.606306,-2.126479,40.008053,1.460003,5.552269,-102.235779,0.983902,-6.834786,-0.626979,0.776705,-0.051781,0.030745
8602,-0.245515,-9.604548,-1.999998,37.788380,-0.441351,2.669987,-100.871674,1.139433,-6.877643,-0.636223,0.769106,-0.052561,0.030552
8603,-0.303703,-9.447893,-1.753064,32.467758,-1.038067,2.043196,-99.665993,1.267991,-6.865683,-0.644327,0.762322,-0.052879,0.030180
8604,-0.307366,-9.534781,-1.532890,29.211731,-1.122073,4.073077,-98.600449,1.425447,-6.844515,-0.651445,0.756242,-0.053350,0.029510
8605,-0.291452,-9.571498,-1.314648,29.241161,-1.779803,2.611522,-97.570793,1.578226,-6.810411,-0.658271,0.750309,-0.053735,0.028790
8606,-0.312671,-9.481380,-1.115089,29.615559,-2.553489,0.614281,-96.519638,1.665472,-6.742898,-0.665169,0.744232,-0.053536,0.028322
8607,-0.288047,-9.560396,-0.979374,28.077936,-2.297163,1.595565,-95.492020,1.725135,-6.664015,-0.671853,0.738248,-0.053121,0.027954
8608,-0.299030,-9.499990,-0.830050,27.002548,-1.630350,1.606286,-94.523499,1.789059,-6.601957,-0.678102,0.732544,-0.052863,0.027625
8609,-0.336828,-9.428784,-0.694132,27.195086,-0.922338,1.830703,-93.585243,1.862572,-6.562369,-0.684106,0.726953,-0.052822,0.027354
8610,-0.359241,-9.505781,-0.557227,25.886023,-0.221956,2.598426,-92.677475,1.960142,-6.546326,-0.689873,0.721474,-0.053089,0.027059
8611,-0.379369,-9.532628,-0.394490,24.032202,0.635596,2.537593,-91.823463,2.070958,-6.555509,-0.695256,0.716258,-0.053614,0.026816
8612,-0.391217,-9.582840,-0.183227,23.295527,1.293250,2.061698,-90.992805,2.171030,-6.587656,-0.700447,0.711137,-0.054228,0.026778
8613,-0.394552,-9.651736,-0.021533,23.497478,1.108590,1.984020,-90.148163,2.256172,-6.625589,-0.705681,0.705897,-0.054786,0.026885
8614,-0.401200,-9.712395,0.145745,24.743256,0.380699,1.157063,-89.267151,2.320255,-6.646926,-0.711097,0.700410,-0.055105,0.027045
8615,-0.397993,-9.691677,0.289153,27.434122,-0.385343,-0.248269,-88.314911,2.341219,-6.643040,-0.716898,0.694468,-0.054986,0.027350
8616,-0.391140,-9.642367,0.400265,29.734251,-0.914861,-1.049376,-87.291832,2.319209,-6.619233,-0.723071,0.688062,-0.054458,0.027822
8617,-0.388544,-9.585591,0.559484,31.051561,-1.209383,-1.658226,-86.222343,2.271230,-6.584128,-0.729459,0.681323,-0.053682,0.028392
8618,-0.378108,-9.544411,0.713821,32.388653,-1.287221,-1.813874,-85.116508,2.209924,-6.545057,-0.735997,0.674300,-0.052783,0.029019
8619,-0.385191,-9.501005,0.952547,32.749214,-1.012568,-1.687190,-83.973877,2.151978,-6.510212,-0.742681,0.666972,-0.051914,0.029656
8620,-0.366879,-9.465377,1.157651,32.780331,-1.308616,-1.294975,-82.806114,2.104411,-6.474545,-0.749438,0.659407,-0.051093,0.030225
8621,-0.345398,-9.453757,1.332018,32.365868,-1.487170,-0.866181,-81.645103,2.063202,-6.430451,-0.756084,0.651820,-0.050262,0.030685
8622,-0.337130,-9.434109,1.525890,31.443235,-1.119446,-0.391640,-80.511223,2.032611,-6.388325,-0.762502,0.644339,-0.049516,0.031073
8623,-0.358309,-9.456537,1.724869,30.638103,-0.861581,-0.013187,-79.405502,2.022631,-6.354523,-0.768692,0.636971,-0.048959,0.031378
8624,-0.360402,-9.454691,1.880516,29.843597,-1.076741,-0.203853,-78.333862,2.021992,-6.321187,-0.774624,0.629769,-0.048476,0.031613
8625,-0.365765,-9.425958,2.045681,29.177177,-1.247642,-0.795821,-77.297684,2.008692,-6.284797,-0.780294,0.622760,-0.047900,0.031875
8626,-0.363520,-9.459868,2.252824,27.953810,-1.801547,-1.860822,-76.291237,1.965703,-6.243296,-0.785738,0.615920,-0.047100,0.032241
8627,-0.364034,-9.457482,2.415005,27.652111,-3.272531,-3.661312,-75.308029,1.868336,-6.181674,-0.790994,0.609226,-0.045823,0.032738
8628,-0.322218,-9.316290,2.504848,27.682955,-4.778612,-5.815847,-74.342583,1.689778,-6.091768,-0.796094,0.602656,-0.043834,0.033439
8629,-0.267862,-9.204543,2.610531,27.408464,-5.274548,-6.252274,-73.399353,1.448355,-5.985734,-0.801016,0.596229,-0.041320,0.034316
8630,-0.233082,-9.179437,2.729196,26.886646,-5.282192,-5.599222,-72.486374,1.202111,-5.875307,-0.805729,0.589971,-0.038747,0.035137
8631,-0.218045,-9.113916,2.889946,27.179636,-4.769475,-4.914065,-71.581764,0.985891,-5.770006,-0.810352,0.583714,-0.036404,0.035800
8632,-0.193506,-9.103018,3.086302,27.448328,-4.238428,-4.021311,-70.653618,0.807708,-5.675780,-0.815048,0.577231,-0.034372,0.036322
8633,-0.161777,-9.045689,3.295816,28.028505,-4.514590,-3.300971,-69.686882,0.656840,-5.579194,-0.819890,0.570421,-0.032504,0.036671
8634,-0.137155,-9.054999,3.481014,27.011179,-5.063893,-3.033837,-68.710648,0.514318,-5.466556,-0.824727,0.563499,-0.030611,0.036838
8635,-0.090739,-8.902585,3.616102,26.103762,-5.672722,-3.242831,-67.760658,0.358363,-5.338339,-0.829380,0.556732,-0.028554,0.036920
8636,-0.049471,-8.751840,3.624332,25.057337,-5.947395,-1.877136,-66.862625,0.203627,-5.192142,-0.833733,0.550303,-0.026436,0.036822
8637,-0.022741,-8.560086,3.679078,23.183626,-4.758716,0.672648,-66.042519,0.108898,-5.036620,-0.837681,0.544389,-0.024740,0.036324
8638,-0.031445,-8.535358,3.778879,21.025982,-3.074091,4.427957,-65.303566,0.133453,-4.882826,-0.841227,0.539000,-0.023963,0.035238
8639,-0.064320,-8.442508,3.883867,20.824535,-1.847199,7.968208,-64.608315,0.300403,-4.721183,-0.844561,0.533867,-0.024225,0.033414
8640,-0.217387,-8.901866,4.089064,20.833454,-0.099838,10.678623,-63.942345,0.617717,-4.556993,-0.847745,0.528884,-0.025620,0.030874
8641,-0.324825,-8.807410,4.431411,23.845606,-0.090359,6.978927,-63.198662,0.973152,-4.422233,-0.851240,0.523288,-0.027443,0.028414
8642,-0.371213,-8.747603,4.507551,28.747250,-2.018769,4.379486,-62.273556,1.227473,-4.301820,-0.855491,0.516345,-0.028568,0.026588
8643,-0.368971,-8.696850,4.638218,33.329872,-3.609993,1.331313,-61.202587,1.354475,-4.171543,-0.860319,0.508318,-0.028693,0.025312
8644,-0.348398,-8.653429,4.785503,36.847294,-4.622962,-2.588323,-60.010052,1.334613,-4.060048,-0.865586,0.499371,-0.027792,0.024853
8645,-0.233243,-8.143313,4.958239,37.885418,-4.516040,-5.792547,-58.701210,1.167099,-3.997437,-0.871235,0.489519,-0.025966,0.025410
8646,-0.145397,-8.178619,5.029445,36.633183,-3.452521,-4.333823,-57.390854,0.943732,-3.972224,-0.876765,0.479598,-0.023860,0.026448
8647,-0.094499,-8.123866,5.267992,34.729038,-1.748186,-4.840621,-56.175018,0.739839,-3.983595,-0.881784,0.470327,-0.022056,0.027625
8648,-0.108051,-7.967081,5.443555,33.212559,-0.628248,-4.961302,-55.007229,0.562433,-4.043258,-0.886499,0.461358,-0.020641,0.029024
8649,-0.115150,-7.868535,5.662029,33.028343,0.459737,-2.960807,-53.851379,0.454154,-4.117358,-0.891077,0.452412,-0.019798,0.030235
8650,-0.126762,-7.736173,5.817922,34.730263,-0.556452,-0.934263,-52.658291,0.418457,-4.154292,-0.895725,0.443114,-0.019346,0.030866
8651,-0.121105,-7.601465,5.945323,37.535412,-1.368128,1.664549,-51.391930,0.433344,-4.120644,-0.900578,0.433190,-0.018994,0.030757
8652,-0.114380,-7.492450,6.073766,38.797722,-1.790700,3.373732,-50.072880,0.487986,-4.026001,-0.905535,0.422794,-0.018721,0.030024
8653,-0.091908,-7.455627,6.271712,37.119389,-0.862875,3.266995,-48.783245,0.555842,-3.919957,-0.910269,0.412574,-0.018539,0.029146
8654,-0.085707,-7.308222,6.450066,34.925228,1.157449,1.768538,-47.567226,0.621606,-3.867486,-0.914614,0.402880,-0.018569,0.028691
8655,-0.111337,-7.227628,6.546537,34.273640,3.395977,0.495910,-46.416439,0.699931,-3.897335,-0.918612,0.393648,-0.019010,0.028846
8656,-0.154621,-7.077245,6.703139,31.879332,5.210359,-0.697306,-45.332127,0.807223,-4.002782,-0.922275,0.384888,-0.019954,0.029513
8657,-0.208311,-6.949667,6.872499,31.337585,6.185570,-0.597973,-44.286160,0.952498,-4.151703,-0.925719,0.376382,-0.021346,0.030419
8658,-0.272454,-6.746803,6.950755,32.855934,6.046965,0.780190,-43.212601,1.146477,-4.289762,-0.929176,0.367602,-0.023076,0.031114
8659,-0.321879,-6.613805,7.084149,33.667831,4.820460,1.645717,-42.092762,1.366075,-4.381507,-0.932705,0.358410,-0.024845,0.031396
8660,-0.338459,-6.449670,7.186255,35.491432,2.342698,1.079917,-40.926216,1.543875,-4.425056,-0.936296,0.348825,-0.026109,0.031460
8661,-0.364834,-6.280996,7.332516,35.641148,0.191455,0.529340,-39.718987,1.646059,-4.430032,-0.939917,0.338904,-0.026628,0.031471
8662,-0.370773,-6.124735,7.461584,35.456741,-2.290931,-0.765913,-38.505207,1.665370,-4.408974,-0.943460,0.328927,-0.026392,0.031523
8663,-0.347974,-5.986984,7.628572,36.752491,-4.433092,-2.262642,-37.271088,1.585250,-4.377946,-0.946957,0.318783,-0.025303,0.031772
8664,-0.287507,-5.852345,7.779742,40.187580,-7.663350,-2.314416,-35.958263,1.398598,-4.317243,-0.950565,0.307991,-0.023226,0.032060
8665,-0.218985,-5.643580,8.059461,41.825321,-8.980235,-0.213210,-34.535648,1.147211,-4.189844,-0.954350,0.296276,-0.020404,0.031936
8666,-0.175554,-5.462905,8.250583,46.271000,-8.646134,1.926100,-32.981644,0.908487,-4.001320,-0.958329,0.283414,-0.017507,0.031225
8667,-0.151903,-5.243249,8.428120,48.862732,-7.236232,3.693102,-31.304874,0.727554,-3.780129,-0.962429,0.269447,-0.015009,0.030046
8668,-0.117705,-5.021427,8.569572,48.359856,-5.353268,4.659007,-29.597574,0.613938,-3.553030,-0.966393,0.255138,-0.013096,0.028604
8669,-0.145960,-4.753462,8.655920,44.910324,-1.608597,4.602582,-27.968081,0.594241,-3.361254,-0.969969,0.241397,-0.012117,0.027206
8670,-0.192915,-4.562145,8.682819,41.665039,1.086410,3.685627,-26.479273,0.681391,-3.233763,-0.973054,0.228766,-0.012248,0.026104
8671,-0.214591,-4.367564,8.758613,37.040035,2.063330,2.239219,-25.157448,0.817569,-3.166869,-0.975643,0.217500,-0.012978,0.025416
8672,-0.248962,-4.176347,8.871176,33.821831,2.744257,1.723631,-23.979321,0.968208,-3.139181,-0.977831,0.207423,-0.013952,0.025038
8673,-0.309692,-3.973561,8.945518,32.465275,3.113980,1.636858,-22.875387,1.141673,-3.125565,-0.979782,0.197952,-0.015169,0.024754
8674,-0.355565,-3.778178,9.002192,33.605186,1.394809,2.139125,-21.767967,1.309536,-3.094459,-0.981648,0.188437,-0.016316,0.024357
8675,-0.350623,-3.620487,9.072045,34.229332,-1.156018,2.507089,-20.630821,1.411727,-3.022020,-0.983478,0.178671,-0.016837,0.023736
8676,-0.345847,-3.448558,9.165000,34.044704,-3.873269,3.000127,-19.489248,1.421101,-2.905595,-0.985233,0.168880,-0.016509,0.022887
8677,-0.320656,-3.282962,9.295816,34.821415,-5.122673,2.502796,-18.336298,1.352961,-2.768984,-0.986914,0.158993,-0.015502,0.021971
8678,-0.271261,-3.141406,9.417487,35.852913,-5.287267,2.472349,-17.158588,1.240230,-2.636384,-0.988528,0.148884,-0.014131,0.021132
8679,-0.245316,-2.980322,9.499283,34.384850,-3.423989,2.132103,-16.001171,1.138961,-2.521338,-0.990009,0.138926,-0.012902,0.020403
8680,-0.262386,-2.745398,9.539396,33.782005,-0.570333,1.338672,-14.876826,1.112912,-2.447886,-0.991338,0.129219,-0.012393,0.019922
8681,-0.283639,-2.574134,9.557410,33.691895,2.190356,0.180573,-13.762480,1.182859,-2.429812,-0.992547,0.119561,-0.012786,0.019812
8682,-0.333874,-2.376678,9.521454,33.113415,3.516804,-0.054317,-12.668320,1.329703,-2.449176,-0.993629,0.110048,-0.013888,0.019960
8683,-0.375075,-2.173346,9.536259,32.422031,3.686713,-0.473825,-11.594603,1.513164,-2.482310,-0.994594,0.100692,-0.015322,0.020214
8684,-0.398357,-2.005188,9.548218,33.306923,3.182184,-0.949799,-10.518600,1.691375,-2.526716,-0.995469,0.091307,-0.016715,0.020600
8685,-0.408956,-1.859431,9.601430,32.893162,2.605885,-1.340344,-9.446458,1.843384,-2.580581,-0.996252,0.081950,-0.017881,0.021114
8686,-0.407155,-1.663355,9.677042,31.995670,2.142409,-1.553910,-8.398197,1.965473,-2.640407,-0.996933,0.072798,-0.018787,0.021719
8687,-0.387112,-1.519305,9.735271,30.875380,2.019079,-2.060483,-7.385269,2.059868,-2.709949,-0.997511,0.063951,-0.019455,0.022436
8688,-0.396245,-1.364809,9.752098,30.116646,1.912441,-2.383967,-6.415666,2.138028,-2.792507,-0.997988,0.055478,-0.019985,0.023281
8689,-0.402212,-1.196055,9.819440,28.616289,1.444127,-2.809695,-5.486590,2.202808,-2.885822,-0.998376,0.047354,-0.020399,0.024228
8690,-0.412561,-1.038626,9.843105,28.368734,1.473246,-3.314778,-4.585418,2.257874,-2.993236,-0.998685,0.039469,-0.020725,0.025304
8691,-0.435512,-0.887151,9.848241,28.774263,1.726700,-3.325460,-3.683432,2.321750,-3.109060,-0.998928,0.031571,-0.021113,0.026458
8692,-0.461331,-0.706663,9.866270,27.775988,1.554474,-3.072155,-2.786123,2.395881,-3.219960,-0.999106,0.023709,-0.021575,0.027573
8693,-0.470095,-0.524884,9.906176,26.852581,0.941275,-2.925663,-1.907501,2.461116,-3.322321,-0.999221,0.016012,-0.021946,0.028621
8694,-0.470960,-0.381152,9.925588,25.781202,0.277687,-2.524345,-1.056696,2.502871,-3.414259,-0.999281,0.008564,-0.022104,0.029581
8695,-0.480334,-0.231919,9.939289,23.710331,-0.419489,-1.791903,-0.258831,2.521237,-3.486905,-0.999294,0.001588,-0.022059,0.030367
8696,-0.475438,-0.105652,9.941614,22.344418,-1.063269,-1.460785,0.480095,2.516664,-3.542045,-0.999270,-0.004865,-0.021820,0.030989
8697,-0.468334,0.006356,9.912079,22.185457,-1.383579,-1.202916,1.187223,2.493443,-3.588259,-0.999213,-0.011034,-0.021422,0.031525
8698,-0.464547,0.128454,9.903669,21.565638,-1.603185,-0.783300,1.877930,2.460452,-3.624115,-0.999124,-0.017054,-0.020938,0.031961
8699,-0.456207,0.248561,9.914506,21.399017,-1.664100,-0.645983,2.555980,2.422220,-3.651442,-0.999005,-0.022960,-0.020410,0.032316
8700,-0.444121,0.347053,9.936427,21.777115,-1.667050,-0.424742,3.233148,2.380569,-3.673687,-0.998854,-0.028856,-0.019850,0.032620
8701,-0.438023,0.442130,9.901610,22.219223,-1.459430,0.007073,3.914653,2.340932,-3.685896,-0.998669,-0.034787,-0.019306,0.032832
8702,-0.418555,0.574594,9.884423,22.054001,-1.674510,0.387006,4.599960,2.297984,-3.685271,-0.998451,-0.040747,-0.018736,0.032926
8703,-0.417221,0.687137,9.881052,20.742828,-2.330594,0.808140,5.263382,2.237895,-3.673085,-0.998213,-0.046508,-0.018026,0.032904
8705,-0.403272,0.815972,9.859314,19.353851,-2.216081,0.464786,5.884087,2.169234,-3.661086,-0.997962,-0.051894,-0.017255,0.032867
8706,-0.398218,0.962335,9.838700,16.616066,-2.400641,-0.058625,6.448936,2.101762,-3.663864,-0.997706,-0.056795,-0.016504,0.032943
8707,-0.403925,1.099177,9.851292,13.915053,-2.760638,-0.650702,6.941160,2.033078,-3.686110,-0.997458,-0.061065,-0.015753,0.033171
8708,-0.391890,1.172956,9.867606,11.296431,-2.987776,-1.403014,7.342794,1.970682,-3.732422,-0.997235,-0.064550,-0.015067,0.033595
8709,-0.362962,1.236368,9.886420,9.002713,-2.413803,-2.358280,7.647206,1.917991,-3.807244,-0.997047,-0.067194,-0.014476,0.034255
8710,-0.350449,1.267501,9.860305,6.844697,-2.573884,-2.500222,7.863579,1.864574,-3.900167,-0.996899,-0.069072,-0.013890,0.035059
8711,-0.324630,1.295074,9.854925,4.572128,-2.790497,-2.665047,7.992475,1.796801,-3.999678,-0.996800,-0.070186,-0.013200,0.035900
8712,-0.302098,1.286775,9.820889,1.469320,-2.860720,-3.724055,8.014132,1.714702,-4.120677,-0.996761,-0.070363,-0.012405,0.036905
8713,-0.288318,1.266580,9.824560,-2.225520,-2.891289,-4.947856,7.925131,1.633643,-4.279357,-0.996776,-0.069580,-0.011632,0.038227
8714,-0.275141,1.219730,9.795506,-5.139009,-2.937098,-5.504831,7.734903,1.557602,-4.467039,-0.996837,-0.067920,-0.010923,0.039796
8715,-0.263555,1.195700,9.839755,-7.971672,-2.705182,-5.999242,7.442942,1.486696,-4.671446,-0.996944,-0.065375,-0.010290,0.041507
8716,-0.249094,1.130111,9.857643,-8.957989,-2.116205,-6.206779,7.084165,1.429215,-4.885323,-0.997072,-0.062251,-0.009804,0.043305
8717,-0.231325,1.090618,9.903970,-8.940245,-1.525723,-5.146268,6.710106,1.385504,-5.082271,-0.997200,-0.058997,-0.009463,0.044964
8718,-0.228158,1.061758,9.929399,-7.491084,-0.965767,-3.777518,6.373996,1.353839,-5.236191,-0.997312,-0.056072,-0.009244,0.046261
8719,-0.223756,1.048854,9.936258,-5.968529,-0.337136,-3.135105,6.107135,1.338613,-5.354023,-0.997393,-0.053753,-0.009164,0.047258
8720,-0.226456,1.003925,9.909081,-4.436723,-0.010624,-2.617819,5.903541,1.338424,-5.450637,-0.997447,-0.051988,-0.009203,0.048082
8721,-0.238311,0.992019,9.903109,-3.145959,0.190797,-2.201244,5.754243,1.349451,-5.530737,-0.997479,-0.050700,-0.009326,0.048772
8722,-0.228077,0.959076,9.907468,-2.294703,0.221301,-1.947944,5.635566,1.361468,-5.599503,-0.997500,-0.049677,-0.009451,0.049366
8723,-0.231954,0.945787,9.898150,-2.127119,0.335705,-1.824346,5.526859,1.371658,-5.661974,-0.997518,-0.048740,-0.009560,0.049905
8724,-0.241434,0.940179,9.904499,-1.709203,0.257877,-1.722114,5.438047,1.386599,-5.720437,-0.997528,-0.047979,-0.009704,0.050413
8725,-0.241157,0.936873,9.913670,-1.364439,0.163282,-1.378784,5.373601,1.400057,-5.771533,-0.997531,-0.047428,-0.009829,0.050858
8726,-0.236256,0.920733,9.922352,-1.404189,0.090011,-1.029346,5.317195,1.404567,-5.811337,-0.997536,-0.046942,-0.009877,0.051201
8727,-0.231240,0.911012,9.916440,-1.038060,0.063992,-0.841652,5.264044,1.400309,-5.842439,-0.997544,-0.046480,-0.009851,0.051466
8728,-0.223422,0.918198,9.907286,-0.508589,0.011985,-0.600545,5.234581,1.388079,-5.866334,-0.997547,-0.046220,-0.009748,0.051666
8729,-0.223357,0.906955,9.896950,-0.442952,-0.331490,-0.038990,5.221150,1.365868,-5.877366,-0.997550,-0.046095,-0.009556,0.051753
8730,-0.222591,0.906080,9.902991,-0.244578,-0.627641,0.476783,5.210494,1.333933,-5.871531,-0.997561,-0.045987,-0.009285,0.051688
8731,-0.212007,0.908576,9.897996,0.220857,-0.835297,0.873536,5.213965,1.291305,-5.851249,-0.997574,-0.045997,-0.008921,0.051495
8732,-0.224763,0.920205,9.898340,-0.094922,-1.218376,1.274863,5.227744,1.244951,-5.818452,-0.997588,-0.046094,-0.008524,0.051193
8733,-0.227660,0.909700,9.901807,-0.693006,-1.599811,1.534267,5.225410,1.199790,-5.775876,-0.997613,-0.046051,-0.008149,0.050804
8734,-0.213649,0.915752,9.896746,-0.592238,-1.573804,1.573936,5.211829,1.150597,-5.728940,-0.997645,-0.045908,-0.007746,0.050375
8735,-0.198928,0.902460,9.886198,-0.538788,-1.390674,1.451862,5.199300,1.099234,-5.683081,-0.997675,-0.045774,-0.007322,0.049955
8736,-0.198180,0.888705,9.880941,-0.590707,-1.317401,1.230599,5.176576,1.053787,-5.642720,-0.997706,-0.045554,-0.006953,0.049585
8737,-0.188186,0.899104,9.892908,-0.428988,-1.160180,0.934565,5.156541,1.015803,-5.610564,-0.997732,-0.045362,-0.006643,0.049289
8738,-0.182725,0.902644,9.901675,-0.061193,-0.912935,0.838428,5.154548,0.984448,-5.584135,-0.997747,-0.045330,-0.006382,0.049046
8739,-0.180811,0.878698,9.917551,-0.230597,-0.683985,0.781963,5.146838,0.963264,-5.559678,-0.997762,-0.045252,-0.006210,0.048825
8740,-0.176475,0.882237,9.895449,-0.416856,-0.607616,0.655303,5.124465,0.948877,-5.537950,-0.997782,-0.045050,-0.006103,0.048629
8741,-0.174740,0.895073,9.895571,-0.653380,-0.593807,0.708704,5.106298,0.936327,-5.517103,-0.997799,-0.044886,-0.006010,0.048441
8742,-0.166569,0.889555,9.899709,-0.563303,-0.485411,0.665974,5.092390,0.923243,-5.495783,-0.997815,-0.044758,-0.005910,0.048250
8743,-0.149906,0.883340,9.897374,-0.282507,-0.474753,0.607991,5.081612,0.902488,-5.476001,-0.997829,-0.044655,-0.005741,0.048069
8744,-0.147397,0.891944,9.889326,-0.415210,-0.581642,0.534754,5.076907,0.874017,-5.458481,-0.997841,-0.044601,-0.005502,0.047906
8745,-0.154700,0.891340,9.906306,-0.360186,-0.598450,0.478298,5.075598,0.850018,-5.443225,-0.997849,-0.044579,-0.005300,0.047763
8746,-0.144973,0.871981,9.907492,-0.508189,-0.648803,0.472194,5.062890,0.828090,-5.429255,-0.997862,-0.044459,-0.005119,0.047633
8747,-0.141893,0.856741,9.882760,-0.769225,-0.787678,0.681246,5.029000,0.800593,-5.412394,-0.997884,-0.044152,-0.004901,0.047474
8748,-0.142227,0.854005,9.875168,-1.129472,-0.703745,0.682770,4.981417,0.774922,-5.392144,-0.997913,-0.043726,-0.004704,0.047286
8749,-0.130807,0.852821,9.891164,-1.118884,-0.581670,0.600368,4.932546,0.751851,-5.372849,-0.997941,-0.043290,-0.004531,0.047107
8750,-0.119542,0.829110,9.898171,-1.198364,-0.564939,0.630890,4.877674,0.724191,-5.354249,-0.997971,-0.042800,-0.004320,0.046933
8751,-0.119726,0.830409,9.901419,-1.418250,-0.537537,0.609531,4.815296,0.696122,-5.335437,-0.998004,-0.042245,-0.004108,0.046757
8752,-0.118261,0.820020,9.892915,-1.320698,-0.317835,0.427947,4.756463,0.676522,-5.319555,-0.998034,-0.041724,-0.003967,0.046609
8753,-0.114794,0.795933,9.900746,-1.375789,-0.330061,0.362332,4.691899,0.662347,-5.307549,-0.998063,-0.041156,-0.003874,0.046497
8754,-0.125509,0.799798,9.900181,-1.551426,-0.381911,0.293661,4.623769,0.653570,-5.297844,-0.998092,-0.040559,-0.003828,0.046407
8755,-0.127468,0.808449,9.894341,-1.508717,-0.275001,0.322646,4.570721,0.653808,-5.288517,-0.998114,-0.040096,-0.003855,0.046324
8756,-0.122996,0.802678,9.889013,-1.227869,-0.158938,0.273809,4.534977,0.657352,-5.279079,-0.998130,-0.039786,-0.003904,0.046242
8757,-0.121371,0.789155,9.914982,-1.339205,-0.151244,0.093745,4.499381,0.659901,-5.273304,-0.998145,-0.039477,-0.003942,0.046192
8758,-0.132533,0.791550,9.905013,-1.171297,-0.135887,0.119679,4.464690,0.667022,-5.270056,-0.998157,-0.039177,-0.004020,0.046165
8759,-0.126927,0.780514,9.892488,-0.866033,-0.157137,0.305835,4.440499,0.675774,-5.263259,-0.998168,-0.038970,-0.004108,0.046107
8760,-0.119828,0.786359,9.910316,-0.858308,-0.192179,0.273787,4.423772,0.675939,-5.253940,-0.998177,-0.038824,-0.004119,0.046026
8761,-0.115853,0.774983,9.920418,-0.507253,-0.236427,0.296676,4.412733,0.668577,-5.244875,-0.998185,-0.038725,-0.004063,0.045944
8762,-0.116071,0.797565,9.904696,-0.273630,-0.447010,0.514886,4.419374,0.655494,-5.232038,-0.998189,-0.038777,-0.003950,0.045828
8763,-0.110292,0.811012,9.897901,-0.068852,-0.529422,0.438594,4.451818,0.636494,-5.217014,-0.998185,-0.039051,-0.003777,0.045692
8764,-0.096464,0.791027,9.897957,0.167922,-0.395207,0.392824,4.485465,0.611792,-5.204042,-0.998180,-0.039334,-0.003553,0.045572
8765,-0.091549,0.779907,9.892047,0.267200,-0.477715,0.585099,4.504538,0.582422,-5.188809,-0.998181,-0.039488,-0.003295,0.045429
8766,-0.091605,0.782823,9.893124,0.299272,-0.514428,0.572900,4.517678,0.553024,-5.170835,-0.998186,-0.039591,-0.003039,0.045263
8767,-0.092860,0.780631,9.916363,0.163468,-0.445809,0.550015,4.525820,0.529618,-5.153437,-0.998191,-0.039652,-0.002838,0.045104
8768,-0.086848,0.762416,9.924829,0.032138,-0.328345,0.626313,4.516784,0.511220,-5.135025,-0.998202,-0.039566,-0.002688,0.044937
8769,-0.089729,0.774848,9.929688,-0.106846,-0.270376,0.492031,4.500039,0.497742,-5.117368,-0.998216,-0.039414,-0.002583,0.044778
8770,-0.090355,0.772595,9.925344,-0.218309,-0.126921,0.255511,4.486063,0.492432,-5.105543,-0.998226,-0.039290,-0.002547,0.044673
8771,-0.092172,0.779214,9.911438,-0.386187,0.109639,0.095286,4.472712,0.496772,-5.099766,-0.998232,-0.039176,-0.002592,0.044624
8772,-0.089471,0.778657,9.907512,-0.245781,0.277529,-0.110717,4.464701,0.508040,-5.099500,-0.998234,-0.039110,-0.002693,0.044625
8773,-0.088975,0.778658,9.906316,-0.248799,0.288226,-0.228215,4.460639,0.519882,-5.104360,-0.998233,-0.039079,-0.002796,0.044671
8774,-0.096111,0.763757,9.891641,-0.196929,0.286727,-0.237372,4.451828,0.533383,-5.111365,-0.998233,-0.039008,-0.002915,0.044737
8775,-0.100904,0.773086,9.890689,-0.016888,0.292887,-0.264843,4.445862,0.550705,-5.118983,-0.998231,-0.038963,-0.003065,0.044809
8776,-0.098204,0.776112,9.900249,0.265444,0.300559,-0.289261,4.454428,0.566718,-5.127380,-0.998224,-0.039044,-0.003199,0.044888
8777,-0.097112,0.771040,9.887388,0.701886,0.315825,-0.232801,4.473903,0.578486,-5.135221,-0.998213,-0.039219,-0.003291,0.044960
8778,-0.095828,0.781485,9.896424,0.943013,0.308175,-0.196178,4.505067,0.586821,-5.141498,-0.998200,-0.039493,-0.003349,0.045019
8779,-0.098321,0.794893,9.923822,0.921727,0.309670,-0.249582,4.545719,0.593805,-5.147995,-0.998183,-0.039850,-0.003392,0.045079
8780,-0.097050,0.803783,9.926837,0.721936,0.303529,-0.251103,4.586200,0.599949,-5.155368,-0.998165,-0.040206,-0.003427,0.045147
8781,-0.097401,0.818510,9.919928,0.241412,0.161568,-0.174802,4.620034,0.602013,-5.161640,-0.998151,-0.040501,-0.003429,0.045203
8782,-0.094649,0.802901,9.910374,0.040085,-0.020080,-0.074084,4.636554,0.596705,-5.165463,-0.998144,-0.040643,-0.003375,0.045235
8783,-0.093352,0.792071,9.905723,-0.109491,-0.302453,0.131921,4.630975,0.581678,-5.164982,-0.998147,-0.040589,-0.003246,0.045225
8784,-0.090185,0.799041,9.895160,-0.199575,-0.622977,0.289097,4.619284,0.555766,-5.159298,-0.998155,-0.040477,-0.003027,0.045166
8785,-0.087765,0.786476,9.889088,-0.150803,-0.868724,0.534776,4.606350,0.520708,-5.147679,-0.998166,-0.040350,-0.002731,0.045053
8786,-0.083648,0.788847,9.900846,-0.062381,-0.934396,0.653802,4.592691,0.481909,-5.130437,-0.998179,-0.040216,-0.002405,0.044889
8787,-0.075243,0.796110,9.918213,-0.306564,-0.659788,0.400504,4.582127,0.446783,-5.115087,-0.998191,-0.040110,-0.002108,0.044742
8788,-0.080105,0.776977,9.908047,-0.204396,-0.156255,0.080060,4.565182,0.429785,-5.108253,-0.998200,-0.039955,-0.001969,0.044677
8789,-0.089776,0.762557,9.902723,-0.251873,0.292436,-0.022184,4.535915,0.440564,-5.107276,-0.998210,-0.039705,-0.002075,0.044671
8790,-0.091977,0.773691,9.903140,-0.029241,0.884613,-0.425039,4.511972,0.475546,-5.113311,-0.998214,-0.039510,-0.002387,0.044735
8791,-0.081514,0.761044,9.913482,0.115595,1.374491,-0.602051,4.497392,0.521438,-5.127551,-0.998212,-0.039401,-0.002787,0.044875
8792,-0.088082,0.751949,9.912299,0.202385,1.336330,-0.449460,4.479118,0.566218,-5.141691,-0.998210,-0.039259,-0.003180,0.045013
8793,-0.101908,0.776442,9.924644,-0.040348,1.125756,-0.495238,4.467938,0.608899,-5.154314,-0.998206,-0.039179,-0.003552,0.045137
8794,-0.088447,0.800550,9.923506,0.008574,0.967007,-0.443352,4.478809,0.638259,-5.167066,-0.998195,-0.039286,-0.003799,0.045258
8795,-0.088628,0.779365,9.923552,-0.063041,0.567063,-0.061857,4.490835,0.645406,-5.173324,-0.998188,-0.039393,-0.003854,0.045316
8796,-0.103690,0.759465,9.897899,0.077284,0.130532,0.069380,4.483474,0.642397,-5.172376,-0.998191,-0.039328,-0.003831,0.045306
8797,-0.107270,0.787016,9.903193,0.161182,-0.096878,0.147206,4.483922,0.636781,-5.168774,-0.998193,-0.039330,-0.003783,0.045273
8798,-0.099168,0.797307,9.904881,0.260486,-0.186967,0.412723,4.505930,0.623937,-5.159677,-0.998190,-0.039516,-0.003666,0.045190
8799,-0.110411,0.780495,9.911465,0.120177,-0.269402,0.447823,4.521997,0.610837,-5.145873,-0.998191,-0.039650,-0.003550,0.045066
8800,-0.121176,0.774846,9.898389,0.312410,-0.115217,0.124321,4.525188,0.612089,-5.136916,-0.998193,-0.039678,-0.003563,0.044988
8802,-0.106970,0.796817,9.906067,-0.085837,0.052697,0.060228,4.531299,0.618558,-5.133906,-0.998192,-0.039734,-0.003618,0.044964
8803,-0.105821,0.780507,9.900462,-0.467286,0.203762,-0.066423,4.526244,0.622538,-5.133627,-0.998193,-0.039692,-0.003655,0.044963
8804,-0.118542,0.760160,9.904858,-0.562000,0.248049,-0.426546,4.495564,0.635113,-5.141373,-0.998200,-0.039429,-0.003773,0.045034
8805,-0.128686,0.747462,9.897352,-0.423351,0.232902,-0.557786,4.452772,0.658455,-5.157400,-0.998207,-0.039066,-0.003988,0.045180
8806,-0.110482,0.766252,9.905231,-0.730199,0.220751,-0.318222,4.416218,0.674320,-5.171572,-0.998213,-0.038755,-0.004136,0.045307
8807,-0.112471,0.755152,9.904378,-0.394552,0.116957,-0.228191,4.390250,0.676722,-5.180303,-0.998218,-0.038530,-0.004164,0.045383
8808,-0.128927,0.747458,9.897470,-0.110815,-0.034081,-0.299913,4.371087,0.682261,-5.189099,-0.998220,-0.038365,-0.004217,0.045461
8809,-0.135196,0.775214,9.906208,-0.094009,-0.006506,-0.258721,4.370231,0.696023,-5.198405,-0.998216,-0.038364,-0.004334,0.045547
8810,-0.120052,0.791492,9.912591,-0.148743,0.162934,-0.049671,4.390996,0.706759,-5.203028,-0.998206,-0.038549,-0.004418,0.045591
8811,-0.134156,0.787621,9.913548,-0.331623,0.082102,0.046462,4.411872,0.715984,-5.202414,-0.998199,-0.038734,-0.004490,0.045590
8812,-0.144862,0.772872,9.913992,-0.606158,0.300432,-0.196168,4.412660,0.737928,-5.204206,-0.998196,-0.038750,-0.004680,0.045613
8813,-0.118182,0.758204,9.923909,-0.822838,0.616339,-0.054261,4.388980,0.758566,-5.207197,-0.998202,-0.038552,-0.004869,0.045645
8814,-0.113640,0.732114,9.908387,-0.955732,0.381239,0.249405,4.342161,0.761491,-5.202909,-0.998219,-0.038145,-0.004914,0.045606
8815,-0.142469,0.716510,9.885607,-0.925453,0.126382,0.112070,4.280916,0.766038,-5.196655,-0.998241,-0.037613,-0.004980,0.045551
8816,-0.146032,0.696892,9.885950,-0.684654,0.245497,-0.037481,4.217002,0.783810,-5.195460,-0.998261,-0.037063,-0.005161,0.045543
8817,-0.138517,0.700405,9.902104,-0.565911,0.395100,0.029652,4.161197,0.802285,-5.195292,-0.998278,-0.036584,-0.005344,0.045545
8818,-0.145964,0.719401,9.909637,-0.410388,0.526366,-0.165672,4.129903,0.822350,-5.196652,-0.998286,-0.036320,-0.005531,0.045562
8819,-0.141459,0.736272,9.913295,-0.285189,0.755276,-0.309109,4.127275,0.846919,-5.202877,-0.998282,-0.036307,-0.005744,0.045623
8820,-0.130786,0.743756,9.939620,-0.361305,0.697224,-0.164138,4.138891,0.863115,-5.208672,-0.998275,-0.036414,-0.005879,0.045679
8821,-0.141257,0.737568,9.948844,-0.397759,0.512489,-0.072573,4.147293,0.871255,-5.210839,-0.998271,-0.036491,-0.005945,0.045701
8822,-0.159596,0.734675,9.934540,-0.434259,0.358368,0.109014,4.148715,0.885247,-5.208952,-0.998270,-0.036509,-0.006067,0.045689
8823,-0.155214,0.710046,9.911901,-0.454075,0.218020,0.337901,4.136604,0.898974,-5.200791,-0.998276,-0.036408,-0.006194,0.045622
8824,-0.144743,0.677858,9.890115,-0.342861,0.178310,0.401989,4.101270,0.900272,-5.188363,-0.998292,-0.036100,-0.006224,0.045512
8825,-0.143782,0.676893,9.882421,-0.166118,0.298771,0.243296,4.059739,0.896511,-5.177583,-0.998309,-0.035736,-0.006211,0.045415
8826,-0.150999,0.696822,9.889716,0.109934,0.391791,0.002201,4.041187,0.899986,-5.172961,-0.998317,-0.035576,-0.006250,0.045374
8827,-0.160513,0.714233,9.892395,0.532654,0.423837,-0.249577,4.056766,0.914109,-5.176035,-0.998310,-0.035717,-0.006366,0.045406
8828,-0.177932,0.733802,9.909506,0.738830,0.425455,-0.357920,4.100034,0.940528,-5.184770,-0.998290,-0.036105,-0.006576,0.045493
8829,-0.176078,0.747451,9.925896,0.880997,0.709400,-0.479999,4.158877,0.975786,-5.196806,-0.998264,-0.036632,-0.006856,0.045612
8830,-0.164644,0.735972,9.934204,0.791158,0.913904,-0.510517,4.210204,1.007640,-5.210897,-0.998239,-0.037093,-0.007108,0.045748
8831,-0.155451,0.731945,9.915340,0.678299,0.724596,-0.350287,4.241961,1.024201,-5.223072,-0.998222,-0.037377,-0.007236,0.045862
8832,-0.151881,0.713992,9.901108,0.524109,0.318527,-0.034409,4.253103,1.020387,-5.228343,-0.998217,-0.037473,-0.007197,0.045907
8833,-0.161968,0.723749,9.892587,0.464475,0.034550,0.095305,4.254095,1.006803,-5.227173,-0.998218,-0.037476,-0.007078,0.045892
8834,-0.183384,0.741471,9.905894,0.378995,-0.160791,0.093780,4.264691,1.001632,-5.224250,-0.998216,-0.037566,-0.007030,0.045866
8835,-0.189657,0.764663,9.911029,0.403526,-0.249200,0.214323,4.292287,1.006285,-5.219381,-0.998209,-0.037808,-0.007061,0.045827
8836,-0.185656,0.761538,9.919423,0.208370,-0.110238,0.276881,4.323033,1.012548,-5.211304,-0.998201,-0.038078,-0.007106,0.045760
8837,-0.178602,0.775552,9.923737,0.005584,0.216362,-0.022201,4.346964,1.020508,-5.206574,-0.998194,-0.038289,-0.007167,0.045723
8838,-0.167945,0.754723,9.928437,-0.116392,0.568825,-0.228199,4.357203,1.030639,-5.209527,-0.998189,-0.038382,-0.007251,0.045753
8839,-0.161757,0.749602,9.911209,-0.363613,0.538206,-0.109168,4.346463,1.036756,-5.213784,-0.998190,-0.038291,-0.007307,0.045791
8840,-0.176704,0.747450,9.893711,-0.400275,0.377906,-0.060334,4.328856,1.042633,-5.215531,-0.998195,-0.038140,-0.007364,0.045807
8841,-0.184275,0.738184,9.887329,-0.244688,0.396222,-0.064913,4.310987,1.056128,-5.216769,-0.998199,-0.037990,-0.007489,0.045821
8842,-0.177668,0.743736,9.897799,-0.226425,0.362645,0.061739,4.297080,1.068034,-5.215984,-0.998203,-0.037874,-0.007598,0.045817
8843,-0.176595,0.759711,9.899227,-0.185173,0.162696,0.218914,4.296793,1.069775,-5.210542,-0.998205,-0.037871,-0.007615,0.045771
8844,-0.188226,0.771051,9.905135,-0.018683,0.115371,0.215867,4.314020,1.071067,-5.202584,-0.998202,-0.038022,-0.007622,0.045703
8845,-0.166802,0.754021,9.924603,-0.071968,0.289263,0.154837,4.328052,1.069379,-5.195628,-0.998200,-0.038143,-0.007604,0.045643
8846,-0.159552,0.770603,9.946507,-0.229049,0.270777,0.090763,4.334186,1.056371,-5.190637,-0.998202,-0.038191,-0.007490,0.045595
8847,-0.174187,0.757268,9.926510,-0.149614,-0.089480,0.206745,4.338836,1.041751,-5.185263,-0.998204,-0.038225,-0.007363,0.045544
8848,-0.186862,0.760017,9.921453,-0.268589,-0.261922,0.328820,4.337850,1.033578,-5.176697,-0.998208,-0.038213,-0.007295,0.045467
8849,-0.168447,0.732935,9.909319,-0.216753,-0.194801,0.385281,4.324459,1.022733,-5.165502,-0.998218,-0.038091,-0.007209,0.045365
8850,-0.177585,0.721389,9.897250,-0.039921,-0.338278,0.350184,4.298437,1.007963,-5.154335,-0.998232,-0.037858,-0.007095,0.045261
8851,-0.185443,0.718381,9.887956,0.246755,-0.402323,0.250992,4.277149,1.000416,-5.145707,-0.998244,-0.037669,-0.007040,0.045182
8852,-0.177038,0.730267,9.900613,0.515184,-0.206948,0.257089,4.273170,0.996732,-5.138316,-0.998248,-0.037633,-0.007012,0.045116
8853,-0.167134,0.724004,9.893095,1.004907,-0.257311,0.325754,4.286477,0.987439,-5.129417,-0.998248,-0.037744,-0.006929,0.045037
8854,-0.187112,0.741464,9.898234,1.781544,-0.354929,0.266239,4.325566,0.981611,-5.120473,-0.998239,-0.038082,-0.006866,0.044959
8855,-0.192542,0.775823,9.900346,2.338607,-0.263226,0.353208,4.407118,0.989021,-5.110728,-0.998215,-0.038795,-0.006902,0.044882
8856,-0.170579,0.797034,9.911299,2.419712,-0.173115,0.614138,4.515498,0.990761,-5.094697,-0.998184,-0.039739,-0.006880,0.044749
8857,-0.170561,0.802574,9.904418,2.554199,-0.121241,0.633980,4.624387,0.983081,-5.073905,-0.998154,-0.040683,-0.006778,0.044572
8858,-0.165797,0.814758,9.902909,2.400211,-0.134997,0.464607,4.723614,0.974454,-5.055723,-0.998127,-0.041543,-0.006671,0.044416
8859,-0.150074,0.826837,9.906421,1.738043,-0.257162,0.482927,4.803383,0.955238,-5.040357,-0.998105,-0.042229,-0.006478,0.044280
8860,-0.149404,0.820631,9.899096,1.426744,-0.414468,0.490567,4.854970,0.925797,-5.025168,-0.998095,-0.042667,-0.006207,0.044140
8861,-0.161858,0.823739,9.878016,1.458686,-0.608317,0.327297,4.890549,0.900672,-5.013249,-0.998088,-0.042966,-0.005979,0.044029
8862,-0.157191,0.830074,9.889293,1.585218,-0.664765,0.305931,4.926363,0.880002,-5.004786,-0.998079,-0.043270,-0.005789,0.043949
8863,-0.160997,0.850101,9.901107,1.730107,-0.556387,0.263201,4.972435,0.863486,-4.997235,-0.998066,-0.043665,-0.005630,0.043880
8864,-0.158105,0.857952,9.917770,1.598845,-0.495288,0.176217,5.024062,0.853268,-4.991521,-0.998050,-0.044110,-0.005523,0.043828
8865,-0.140140,0.857202,9.911109,1.005188,-0.481553,0.005312,5.058385,0.836804,-4.990069,-0.998038,-0.044403,-0.005367,0.043811
8866,-0.135531,0.859460,9.905042,-0.206517,-0.614377,-0.127439,5.056631,0.810289,-4.993929,-0.998039,-0.044378,-0.005136,0.043835
8867,-0.142546,0.852189,9.882639,-0.949794,-0.875339,0.020576,5.018354,0.782148,-4.998152,-0.998055,-0.044034,-0.004904,0.043859
8868,-0.127024,0.835867,9.869342,-1.398619,-1.105777,0.527183,4.953839,0.745596,-4.992276,-0.998084,-0.043458,-0.004612,0.043791
8869,-0.116262,0.836952,9.878693,-1.787922,-1.281338,0.679779,4.876902,0.694139,-4.975955,-0.998123,-0.042768,-0.004199,0.043627
8870,-0.116660,0.867248,9.902112,-1.473571,-1.321077,0.626378,4.824193,0.641126,-4.957910,-0.998153,-0.042288,-0.003764,0.043449
8871,-0.115954,0.864033,9.923341,-0.574613,-1.333281,0.452424,4.813581,0.595873,-4.943441,-0.998165,-0.042178,-0.003380,0.043306
8872,-0.093162,0.860586,9.934246,-0.447769,-1.331778,-0.093853,4.820690,0.548213,-4.940958,-0.998167,-0.042223,-0.002963,0.043267
8873,-0.092773,0.862658,9.895928,-1.138814,-1.942197,-1.076543,4.818932,0.489337,-4.964734,-0.998161,-0.042186,-0.002442,0.043453
8874,-0.046868,0.846534,9.793167,-1.201188,-2.856378,-1.592292,4.803107,0.394267,-5.015547,-0.998153,-0.042013,-0.001601,0.043860
8875,0.033258,0.746603,9.813291,-1.874190,-3.816525,-2.269775,4.742720,0.246286,-5.088963,-0.998152,-0.041431,-0.000308,0.044446
8876,0.061902,0.733918,9.869150,-2.725971,-3.177558,-2.536780,4.626535,0.086953,-5.178446,-0.998163,-0.040356,0.001066,0.045169
8877,0.045480,0.709161,9.902531,-4.659658,-1.940349,-3.191377,4.460881,-0.030271,-5.280368,-0.998182,-0.038865,0.002056,0.046018
8878,0.033181,0.619091,9.887334,-7.211475,0.058443,-4.103866,4.204445,-0.073663,-5.403862,-0.998217,-0.036611,0.002371,0.047085
8879,-0.002858,0.507770,9.910920,-11.344398,3.401722,-6.514825,3.805720,-0.006768,-5.576191,-0.998266,-0.033163,0.001674,0.048613
8880,-0.064697,0.477458,9.889022,-16.655390,6.996960,-8.999042,3.242235,0.201742,-5.823562,-0.998305,-0.028343,-0.000320,0.050828
8881,-0.108325,0.358378,9.854768,-22.424122,7.905154,-11.045325,2.497222,0.500216,-6.145198,-0.998311,-0.021993,-0.003190,0.053683
8882,-0.150419,0.276384,9.810573,-27.825050,7.075319,-11.748796,1.570492,0.796712,-6.517057,-0.998260,-0.014077,-0.006162,0.056930
8883,-0.173336,0.233031,10.017763,-36.872639,5.364946,-9.832245,0.439922,1.034045,-6.874163,-0.998151,-0.004373,-0.008777,0.059984
8884,-0.184823,-0.050448,10.002791,-50.479637,-0.749363,-2.239247,-1.059799,1.118610,-7.077030,-0.998009,0.008628,-0.010313,0.061624
8885,-0.169389,-0.386050,9.881664,-54.604851,-4.416199,3.995672,-2.889582,1.027801,-7.047027,-0.997766,0.024614,-0.010499,0.061210
8886,-0.163200,-0.930405,9.672890,-56.695095,-6.277894,7.409141,-4.898181,0.853615,-6.848334,-0.997294,0.042210,-0.009981,0.059353
8887,-0.113735,-1.225991,9.640495,-55.637760,-5.273916,7.303820,-6.972456,0.676700,-6.587845,-0.996504,0.060368,-0.009379,0.056992
8888,-0.080405,-1.708017,9.399652,-49.996777,-3.745061,6.705619,-8.966004,0.544509,-6.338314,-0.995425,0.077781,-0.009051,0.054743
8889,-0.075131,-1.814889,9.481578,-37.717861,1.977066,1.041353,-10.642564,0.525306,-6.207857,-0.994242,0.092356,-0.009579,0.053489
8890,-0.115085,-1.989816,9.574771,-34.143608,4.706963,-2.085274,-11.963981,0.633857,-6.247253,-0.993093,0.103760,-0.011172,0.053617
8891,-0.123114,-1.982796,9.687037,-30.689144,6.942519,-3.753097,-13.075307,0.812158,-6.384509,-0.991976,0.113285,-0.013370,0.054517
8892,-0.150243,-2.281803,9.657599,-30.188581,7.911526,-3.421962,-14.085217,1.030563,-6.558723,-0.990853,0.121891,-0.015924,0.055670
8893,-0.194271,-2.325100,9.677989,-29.539946,9.341364,-4.958554,-15.069891,1.279611,-6.766033,-0.989662,0.130241,-0.018788,0.057036
8894,-0.248263,-2.524171,9.548898,-29.051369,9.787012,-4.892913,-16.017384,1.553245,-7.009051,-0.988420,0.138230,-0.021913,0.058641
8895,-0.297859,-2.758107,9.380804,-28.622620,10.635541,-5.022586,-16.990454,1.847286,-7.264652,-0.987064,0.146401,-0.025269,0.060274
8896,-0.348111,-2.843603,9.357678,-29.736637,11.755692,-5.225501,-17.984316,2.167815,-7.540375,-0.985590,0.154705,-0.028919,0.061985
8897,-0.417489,-2.881226,9.410492,-30.395487,11.970986,-4.203073,-18.953964,2.511989,-7.813492,-0.984069,0.162756,-0.032786,0.063586
8898,-0.477687,-3.135500,9.377578,-30.485044,10.272789,-1.984305,-19.919466,2.848723,-8.032234,-0.982508,0.170763,-0.036532,0.064672
8899,-0.489596,-3.283836,9.333484,-30.069653,8.746935,-1.491391,-20.895561,3.135340,-8.195663,-0.980894,0.178885,-0.039789,0.065300
8900,-0.503226,-3.325140,9.423709,-30.384859,6.926410,-1.235034,-21.827656,3.350895,-8.328922,-0.979304,0.186667,-0.042377,0.065755
8901,-0.508289,-3.490634,9.353269,-29.939880,3.718681,0.425139,-22.720100,3.481385,-8.401872,-0.977762,0.194172,-0.044124,0.065819
8902,-0.489458,-3.731300,9.116661,-28.997778,0.384191,2.047094,-23.625616,3.515705,-8.385931,-0.976202,0.201875,-0.044906,0.065271
8903,-0.470845,-3.817029,8.936084,-28.919638,-0.348683,2.362798,-24.546795,3.488688,-8.315829,-0.974590,0.209762,-0.045072,0.064362
8905,-0.493300,-4.016661,8.840945,-29.310072,-0.506261,3.667296,-25.485870,3.463196,-8.216106,-0.972897,0.217799,-0.045192,0.063193
8906,-0.513385,-4.226697,8.698516,-28.339684,-0.534028,4.854319,-26.451563,3.467863,-8.080576,-0.971100,0.226040,-0.045495,0.061652
8907,-0.534668,-4.434903,8.622458,-27.403168,0.292814,5.086131,-27.421257,3.508569,-7.933183,-0.969226,0.234282,-0.046058,0.059934
8908,-0.560107,-4.590900,8.601995,-26.691034,1.418801,4.477181,-28.374615,3.586147,-7.808586,-0.967298,0.242339,-0.046945,0.058330
8909,-0.582512,-4.764542,8.579580,-25.864428,1.769657,4.043730,-29.299923,3.684133,-7.712710,-0.965346,0.250118,-0.048030,0.056924
8910,-0.590852,-4.878236,8.536674,-25.905998,1.653570,3.344765,-30.204069,3.776666,-7.636608,-0.963369,0.257701,-0.049084,0.055692
8911,-0.595349,-5.048049,8.293694,-26.248325,1.668698,3.100503,-31.134325,3.857722,-7.576294,-0.961264,0.265488,-0.050073,0.054595
8912,-0.618280,-5.132222,8.133448,-28.747011,2.773365,3.146163,-32.140816,3.956717,-7.532276,-0.958903,0.273877,-0.051273,0.053544
8913,-0.666674,-5.325152,8.103135,-33.310287,3.933039,4.116572,-33.267429,4.107704,-7.496929,-0.956161,0.283211,-0.052968,0.052363
8914,-0.705630,-5.479340,8.061697,-35.779934,4.132964,4.629243,-34.503181,4.300858,-7.456795,-0.953043,0.293402,-0.055031,0.050953
8915,-0.751979,-5.705931,8.004989,-37.750538,3.772902,5.256380,-35.803730,4.507744,-7.403685,-0.949645,0.304093,-0.057176,0.049327
8916,-0.803527,-5.829663,8.010126,-38.693966,2.642264,4.688750,-37.122898,4.700506,-7.337740,-0.946079,0.314914,-0.059148,0.047583
8917,-0.804736,-6.013707,7.871715,-37.862503,1.018707,4.446131,-38.412529,4.844928,-7.256403,-0.942485,0.325491,-0.060634,0.045829
8918,-0.790298,-6.106409,7.602749,-34.250843,0.431167,3.316878,-39.632565,4.933876,-7.172931,-0.938985,0.335495,-0.061602,0.044233
8919,-0.789123,-6.254688,7.412240,-32.912895,0.540921,2.443925,-40.783234,4.987632,-7.112707,-0.935582,0.344905,-0.062299,0.042956
8920,-0.775731,-6.373137,7.243694,-31.321712,0.925303,1.317624,-41.896164,5.019348,-7.085117,-0.932194,0.353970,-0.062886,0.042025
8921,-0.749945,-6.494722,7.143224,-30.327118,1.555287,0.659716,-42.962994,5.031784,-7.091478,-0.928854,0.362621,-0.063395,0.041450
8922,-0.771432,-6.665848,7.027310,-29.337091,1.475697,-0.439207,-43.997845,5.027020,-7.126190,-0.925529,0.370978,-0.063841,0.041171
8923,-0.771789,-6.813869,6.996800,-28.792597,0.994807,-0.744635,-45.002316,5.001468,-7.171412,-0.922229,0.379068,-0.064144,0.041060
8924,-0.758278,-6.906709,6.896402,-27.909178,0.729048,-0.761676,-45.962364,4.959205,-7.209979,-0.919013,0.386787,-0.064277,0.040975
8925,-0.759503,-6.948862,6.744404,-27.187393,0.339694,-1.024379,-46.880623,4.906852,-7.242575,-0.915879,0.394155,-0.064298,0.040901
8926,-0.761167,-7.054039,6.584592,-25.965120,-0.130492,-1.222959,-47.768101,4.845387,-7.269987,-0.912797,0.401261,-0.064221,0.040838
8927,-0.729455,-7.138490,6.485709,-25.251009,-0.231409,-0.950044,-48.625999,4.776159,-7.289412,-0.909767,0.408118,-0.064046,0.040760
8928,-0.717359,-7.221544,6.373814,-26.985962,-1.267744,-2.522004,-49.494629,4.672864,-7.307592,-0.906651,0.415060,-0.063603,0.040796
8929,-0.680846,-7.324286,6.275783,-29.895853,-2.575716,-4.742513,-50.438843,4.490998,-7.335402,-0.903204,0.422619,-0.062610,0.041167
8930,-0.639895,-7.454226,6.136684,-32.590637,-3.796743,-6.447313,-51.483315,4.223710,-7.369712,-0.899317,0.430989,-0.061019,0.041880
8931,-0.582195,-7.563315,6.004590,-34.876530,-4.660722,-8.255919,-52.617413,3.882461,-7.408860,-0.895003,0.440066,-0.058921,0.042902
8932,-0.547162,-7.624229,5.799188,-36.347588,-5.596395,-9.896654,-53.815250,3.480089,-7.452635,-0.890335,0.449629,-0.056418,0.044215
8933,-0.482150,-7.778778,5.670224,-37.904106,-5.660725,-10.032793,-55.064056,3.049774,-7.492821,-0.885348,0.459551,-0.053740,0.045646
8934,-0.417455,-7.892614,5.471629,-36.010532,-4.775911,-9.024477,-56.309956,2.640552,-7.527804,-0.880253,0.469382,-0.051238,0.047014
8935,-0.334510,-7.997623,5.253583,-34.002605,-3.445522,-8.034488,-57.503105,2.277651,-7.568364,-0.875260,0.478719,-0.049126,0.048311
8936,-0.243171,-8.168242,5.067172,-33.349869,-2.748427,-7.954031,-58.672153,1.935859,-7.622252,-0.870259,0.487799,-0.047254,0.049678
8937,-0.153063,-8.313954,4.934787,-31.619911,-1.828607,-7.054269,-59.811756,1.604591,-7.685200,-0.865280,0.496594,-0.045520,0.051121
8938,-0.106140,-8.381529,4.760103,-29.441299,-1.987634,-7.556878,-60.882256,1.278136,-7.750361,-0.860508,0.504813,-0.043833,0.052625
8939,-0.083917,-8.500077,4.654138,-28.675623,-2.277842,-8.013643,-61.894032,0.943180,-7.811987,-0.855910,0.512552,-0.042072,0.054198
8940,-0.071427,-8.580770,4.545980,-27.250610,-2.215484,-6.965715,-62.852013,0.632979,-7.860927,-0.851492,0.519840,-0.040441,0.055617
8941,-0.087901,-8.557661,4.398374,-26.451071,-2.375805,-5.670392,-63.752960,0.384151,-7.886652,-0.847295,0.526641,-0.039156,0.056632
8942,-0.068601,-8.640176,4.344810,-27.981409,-2.934308,-5.879469,-64.639153,0.168665,-7.890401,-0.843130,0.533288,-0.038025,0.057358
8943,-0.013571,-8.707807,4.156296,-26.673489,-1.750200,-4.008703,-65.524857,-0.016441,-7.888875,-0.838924,0.539883,-0.037105,0.057924
8944,0.014301,-8.745409,3.925164,-26.261538,-0.851453,-1.973166,-66.413246,-0.131670,-7.889628,-0.834675,0.546428,-0.036717,0.058189
8945,0.042015,-8.871065,3.819556,-28.465174,-0.952189,-1.776379,-67.350098,-0.208712,-7.886224,-0.830155,0.553273,-0.036617,0.058234
8946,0.076891,-8.962069,3.723879,-28.257774,0.085393,-0.815157,-68.311150,-0.269281,-7.888884,-0.825463,0.560244,-0.036681,0.058240
8947,0.071247,-8.941090,3.507185,-27.128710,1.623474,0.374941,-69.248932,-0.282469,-7.917649,-0.820831,0.566978,-0.037204,0.058209
8948,0.036263,-8.965929,3.377188,-27.487429,1.725700,-0.073708,-70.174828,-0.262087,-7.967922,-0.816205,0.573565,-0.038070,0.058163
8949,0.050017,-9.018773,3.270434,-27.786509,1.454089,-1.329536,-71.095917,-0.265353,-8.025712,-0.811538,0.580089,-0.038806,0.058281
8950,0.058191,-9.051408,3.122440,-27.650623,1.624979,-2.138315,-72.009659,-0.308908,-8.092761,-0.806836,0.586540,-0.039306,0.058664
8951,0.059257,-9.128606,2.945019,-28.737078,1.615811,-2.828073,-72.948135,-0.376876,-8.169140,-0.801940,0.593134,-0.039704,0.059227
8952,0.079332,-9.247604,2.830340,-29.938028,1.309086,-2.741139,-73.931473,-0.457697,-8.242234,-0.796750,0.600007,-0.040032,0.059815
8953,0.107214,-9.312659,2.668801,-30.170006,1.547104,-1.872974,-74.937279,-0.530251,-8.308525,-0.791389,0.606988,-0.040405,0.060303
8954,0.105294,-9.333167,2.467696,-29.532282,2.029272,-0.559238,-75.945343,-0.565789,-8.376000,-0.785968,0.613919,-0.041052,0.060598
8955,0.097502,-9.305758,2.278061,-28.462788,1.989586,0.450889,-76.934196,-0.556486,-8.441088,-0.780611,0.620651,-0.041989,0.060635
8956,0.091868,-9.270503,2.157254,-27.854031,1.690502,0.067877,-77.883232,-0.535264,-8.498847,-0.775423,0.627063,-0.042949,0.060560
8957,0.104494,-9.274223,1.987463,-27.219242,1.551637,-1.325323,-78.799995,-0.548730,-8.556004,-0.770345,0.633231,-0.043658,0.060673
8958,0.139412,-9.321847,1.802513,-27.617601,0.987018,-3.376294,-79.724838,-0.634001,-8.611976,-0.765141,0.639446,-0.043889,0.061168
8959,0.184778,-9.419328,1.683423,-28.199114,-0.273445,-5.326676,-80.671181,-0.806773,-8.647930,-0.759734,0.645810,-0.043448,0.062014
8960,0.243411,-9.555088,1.545864,-28.306023,-1.543078,-6.444017,-81.624573,-1.051396,-8.647523,-0.754217,0.652219,-0.042349,0.063038
8961,0.291665,-9.649981,1.355121,-27.421160,-2.524317,-5.452593,-82.575783,-1.311178,-8.606476,-0.748670,0.658585,-0.040935,0.063907
8962,0.307787,-9.672138,1.168445,-27.990633,-3.858037,-4.129997,-83.539619,-1.531000,-8.518451,-0.743040,0.664981,-0.039532,0.064262
8963,0.312338,-9.629464,1.031899,-29.359682,-5.184105,-2.387660,-84.535912,-1.688691,-8.378140,-0.737226,0.671526,-0.038251,0.063935
8964,0.310715,-9.587977,0.875361,-30.035864,-6.053906,-1.733195,-85.555862,-1.793189,-8.196153,-0.731266,0.678160,-0.037073,0.063048
8965,0.318368,-9.575522,0.719059,-28.847300,-5.979147,-1.812631,-86.559990,-1.877035,-7.999268,-0.725358,0.684635,-0.035916,0.061974
8966,0.344624,-9.576020,0.540108,-27.529022,-5.803676,-1.922592,-87.521049,-1.961281,-7.805616,-0.719651,0.690782,-0.034737,0.060961
8967,0.369408,-9.574791,0.430054,-26.462439,-5.887610,-2.565148,-88.432564,-2.060678,-7.613023,-0.714183,0.696573,-0.033430,0.060085
8968,0.378094,-9.653089,0.291576,-25.023407,-5.545806,-4.141572,-89.286964,-2.194050,-7.424759,-0.708999,0.701972,-0.031896,0.059484
8969,0.402695,-9.642763,0.117149,-24.220718,-4.610414,-3.725120,-90.108284,-2.341815,-7.256155,-0.703960,0.707122,-0.030371,0.059128
8970,0.413264,-9.516189,-0.088411,-24.451283,-4.434939,-3.217101,-90.944214,-2.470309,-7.103230,-0.698795,0.712311,-0.029066,0.058769
8971,0.429637,-9.501181,-0.185274,-27.500284,-5.089569,-6.101188,-91.842133,-2.632617,-6.939355,-0.693192,0.717843,-0.027514,0.058562
8972,0.470788,-9.595902,-0.348431,-28.304579,-4.669942,-7.979699,-92.797539,-2.872701,-6.766356,-0.687146,0.723688,-0.025465,0.058805
8973,0.544508,-9.558916,-0.573242,-28.239256,-4.009223,-7.793723,-93.784599,-3.149943,-6.604668,-0.680824,0.729665,-0.023288,0.059383
8974,0.615403,-9.582685,-0.689390,-30.174450,-4.407490,-9.048332,-94.807594,-3.456590,-6.440826,-0.674204,0.735792,-0.020955,0.060172
8975,0.668913,-9.757742,-0.840808,-33.003662,-4.126703,-9.262284,-95.889915,-3.787369,-6.268713,-0.667135,0.742196,-0.018474,0.061105
8976,0.690044,-9.669351,-1.077177,-33.284626,-2.971569,-4.889223,-97.028839,-4.038316,-6.122027,-0.659666,0.748836,-0.016671,0.061708
8977,0.683303,-9.546839,-1.283764,-35.967567,-2.599257,-2.569914,-98.236412,-4.161014,-6.009343,-0.651731,0.755770,-0.015876,0.061695
8978,0.691030,-9.503499,-1.450742,-39.401257,-2.591654,-1.791686,-99.544189,-4.218035,-5.908924,-0.643086,0.763175,-0.015589,0.061324
8979,0.684639,-9.451142,-1.722592,-39.841129,-2.107976,-0.473228,-100.922058,-4.233200,-5.821221,-0.633902,0.770865,-0.015651,0.060749
8980,0.706891,-9.316863,-1.990981,-39.483173,-1.567852,0.681932,-102.328506,-4.211819,-5.755919,-0.624439,0.778596,-0.016069,0.060052
8981,0.713402,-9.346072,-2.177694,-40.527550,-1.421405,-0.381664,-103.745621,-4.197608,-5.702379,-0.614798,0.786266,-0.016520,0.059464
8982,0.729404,-9.344770,-2.405035,-39.612480,-1.538924,0.256111,-105.146034,-4.194118,-5.649446,-0.605173,0.793728,-0.016897,0.058954
8983,0.694521,-9.267019,-2.611306,-36.525959,-1.862447,1.910188,-106.471329,-4.146242,-5.600533,-0.596003,0.800682,-0.017486,0.058167
8984,0.677604,-9.190768,-2.814958,-35.407837,-2.054756,2.456519,-107.720848,-4.049845,-5.555876,-0.587311,0.807140,-0.018301,0.057066
8985,0.651746,-9.135748,-3.000767,-34.381226,-2.314215,2.807566,-108.929237,-3.931705,-5.511361,-0.578850,0.813296,-0.019186,0.055809
8986,0.647240,-9.083566,-3.201848,-32.078922,-2.489744,4.176397,-110.078819,-3.784430,-5.472119,-0.570756,0.819069,-0.020201,0.054368
8987,0.636270,-8.976546,-3.364854,-28.694733,-2.233416,5.108752,-111.132729,-3.608739,-5.450161,-0.563297,0.824287,-0.021410,0.052811
8988,0.605593,-8.961192,-3.517641,-26.755541,-1.760395,5.024820,-112.088829,-3.427296,-5.448309,-0.556490,0.828957,-0.022721,0.051311
8989,0.566400,-8.933165,-3.631570,-23.505428,-1.093581,5.879358,-112.938850,-3.238038,-5.473141,-0.550407,0.833053,-0.024194,0.049887
8990,0.518479,-8.888897,-3.695204,-20.125393,-0.680078,5.491844,-113.649544,-3.043023,-5.521784,-0.545303,0.836435,-0.025790,0.048547
8991,0.477451,-8.847418,-3.777384,-17.250254,-0.220807,4.248331,-114.232422,-2.873702,-5.576145,-0.541099,0.839178,-0.027237,0.047434
8992,0.452116,-8.841642,-3.865583,-16.027603,0.165217,3.226088,-114.736763,-2.743606,-5.629621,-0.537441,0.841532,-0.028451,0.046610
8993,0.458333,-8.817249,-3.957229,-15.310027,0.461234,2.528815,-115.207382,-2.651948,-5.682186,-0.534002,0.843713,-0.029458,0.046064
8994,0.456719,-8.761024,-4.035475,-15.923103,0.279668,1.012042,-115.682831,-2.605263,-5.720816,-0.530504,0.845909,-0.030151,0.045776
8995,0.479016,-8.697204,-4.091133,-16.978722,0.008111,0.363439,-116.190269,-2.599585,-5.736995,-0.526749,0.848245,-0.030499,0.045675
8996,0.491607,-8.670909,-4.194718,-18.931618,-0.780698,-0.215053,-116.753220,-2.615423,-5.728021,-0.522571,0.850826,-0.030584,0.045601
8997,0.487734,-8.582026,-4.307063,-21.672022,-1.686999,-0.723366,-117.412094,-2.636278,-5.684869,-0.517678,0.853829,-0.030430,0.045384
8998,0.471064,-8.498658,-4.407456,-23.960875,-2.636052,-0.276410,-118.171638,-2.637176,-5.613206,-0.512035,0.857261,-0.030190,0.044868
8999,0.462907,-8.443511,-4.556432,-24.733053,-3.437118,1.334876,-118.994370,-2.586016,-5.532084,-0.505922,0.860934,-0.030128,0.043908
9000,0.421627,-8.407585,-4.734524,-26.744413,-4.079534,2.070355,-119.879692,-2.476714,-5.449519,-0.499337,0.864834,-0.030321,0.042491
9001,0.391545,-8.343095,-4.919348,-27.817484,-3.966670,1.952923,-120.835571,-2.340831,-5.365795,-0.492196,0.868986,-0.030625,0.040847
9002,0.369175,-8.290325,-5.103764,-27.790491,-3.197675,1.512016,-121.824608,-2.215606,-5.291531,-0.484759,0.873216,-0.030942,0.039314
9003,0.367529,-8.234669,-5.264433,-27.859674,-1.725215,1.014619,-122.818314,-2.126470,-5.242380,-0.477223,0.877396,-0.031278,0.038158
9004,0.359420,-8.147408,-5.380827,-29.227365,-0.032993,-0.085559,-123.828186,-2.093994,-5.224377,-0.469493,0.881571,-0.031608,0.037557
9005,0.361013,-8.003494,-5.511035,-29.223236,1.622625,-0.532669,-124.857765,-2.118004,-5.238541,-0.461538,0.885751,-0.031957,0.037514
9006,0.363030,-7.854516,-5.599675,-28.823893,3.298092,1.080205,-125.878693,-2.160877,-5.308734,-0.453587,0.889809,-0.032665,0.037838
9008,0.381425,-7.793747,-5.715888,-28.111620,4.036655,2.758679,-126.864265,-2.187333,-5.443537,-0.445861,0.893639,-0.033937,0.038287
9009,0.389028,-7.672327,-5.867263,-27.271145,3.986334,3.468168,-127.819077,-2.194877,-5.611253,-0.438340,0.897272,-0.035539,0.038703
9010,0.379792,-7.556632,-6.042911,-26.902327,3.699481,4.469120,-128.772095,-2.177557,-5.791520,-0.430810,0.900828,-0.037342,0.038948
9011,0.361207,-7.463418,-6.127817,-27.299545,3.369870,5.895844,-129.728088,-2.119014,-5.989765,-0.423240,0.904322,-0.039447,0.038906
9012,0.346699,-7.425441,-6.268193,-27.856859,1.998029,5.795153,-130.684326,-2.023262,-6.182286,-0.415661,0.907749,-0.041645,0.038516
9013,0.350249,-7.359189,-6.442529,-30.854097,0.920708,4.426403,-131.697540,-1.925166,-6.329729,-0.407619,0.911328,-0.043507,0.037891
9014,0.297180,-7.313756,-6.593142,-35.970806,1.003063,1.611105,-132.843658,-1.865386,-6.420060,-0.398484,0.915321,-0.044814,0.037291
9015,0.232724,-6.953318,-6.565750,-40.826588,0.983068,-0.138973,-134.157532,-1.842723,-6.460438,-0.387962,0.919812,-0.045640,0.036730
9016,0.225276,-6.823311,-6.763691,-43.576668,0.287015,0.587594,-135.609436,-1.812038,-6.480253,-0.376286,0.924644,-0.046362,0.035966
9017,0.200597,-6.557470,-6.759096,-45.922302,-0.657796,1.073089,-137.135651,-1.743003,-6.495920,-0.363968,0.929563,-0.047185,0.034836
9018,0.166977,-6.249125,-6.945878,-45.998981,-4.134179,2.799203,-138.715210,-1.585920,-6.490119,-0.351202,0.934485,-0.048096,0.032884
9019,0.144906,-5.945210,-7.233541,-43.642345,-7.509895,6.620417,-140.323853,-1.277471,-6.481472,-0.338207,0.939307,-0.049396,0.029653
9020,0.116061,-6.095549,-7.623057,-39.921577,-8.920194,9.222382,-141.836334,-0.844545,-6.512714,-0.325986,0.943638,-0.051275,0.025523
9021,0.037476,-5.982940,-7.902262,-36.961971,-9.009023,7.454081,-143.202988,-0.387217,-6.550663,-0.314924,0.947390,-0.053149,0.021234
9022,-0.021459,-5.898044,-8.238164,-33.846767,-6.857773,5.366839,-144.475830,-0.000485,-6.567313,-0.304564,0.950768,-0.054548,0.017478
9023,-0.065190,-5.785436,-8.259224,-30.749712,-1.718694,3.238345,-145.623627,0.235395,-6.603702,-0.295133,0.953716,-0.055630,0.015061
9024,-0.056757,-5.620116,-8.189565,-28.813456,1.889993,0.917501,-146.634399,0.291002,-6.663663,-0.286728,0.956244,-0.056400,0.014256
9025,-0.007504,-5.355053,-8.199050,-28.457962,3.095518,-0.530630,-147.594543,0.218280,-6.714586,-0.278664,0.958599,-0.056767,0.014515
9026,0.020316,-5.126358,-8.207875,-29.668234,3.699949,0.271903,-148.589783,0.095422,-6.770693,-0.270261,0.960974,-0.057072,0.015184
9027,0.040583,-5.009702,-8.308761,-31.156254,3.671147,2.583561,-149.634384,-0.013563,-6.874189,-0.261422,0.963361,-0.057829,0.015816
9028,0.032097,-4.916780,-8.480847,-32.129990,3.498864,4.040732,-150.713333,-0.083379,-7.028855,-0.252283,0.965710,-0.059125,0.016199
9029,0.029215,-4.802989,-8.663244,-31.190201,4.213071,4.622066,-151.790924,-0.137350,-7.216876,-0.243135,0.967948,-0.060749,0.016498
9030,0.028492,-4.683547,-8.791631,-29.600334,5.916037,4.428256,-152.821915,-0.221311,-7.428743,-0.234341,0.969992,-0.062516,0.017094
9031,0.059947,-4.624143,-8.854823,-28.617559,7.333665,3.769034,-153.781281,-0.363335,-7.650095,-0.226098,0.971812,-0.064254,0.018212
9032,0.115744,-4.418986,-8.945630,-29.101126,7.892281,1.565535,-154.722183,-0.570882,-7.840408,-0.217959,0.973548,-0.065622,0.019809
9033,0.167204,-4.217481,-8.963000,-29.928181,8.823304,-0.309928,-155.704575,-0.844207,-7.975841,-0.209417,0.975323,-0.066441,0.021819
9034,0.183724,-3.964702,-8.823146,-31.646429,9.354521,-1.272878,-156.736359,-1.158824,-8.073356,-0.200414,0.977127,-0.066912,0.024073
9035,0.225926,-3.801681,-8.927838,-35.325535,7.470129,-1.013529,-157.863144,-1.449690,-8.145838,-0.190599,0.979014,-0.067277,0.026018
9036,0.264583,-3.601706,-9.013642,-39.296181,6.113668,-0.833511,-159.128311,-1.683565,-8.199134,-0.179619,0.981026,-0.067645,0.027359
9037,0.286445,-3.424868,-9.032578,-39.941799,5.607099,-0.281146,-160.466476,-1.878575,-8.248293,-0.168014,0.983023,-0.068092,0.028312
9038,0.315536,-3.186187,-9.082132,-39.020241,4.145266,0.286494,-161.793365,-2.032860,-8.300452,-0.156508,0.984864,-0.068650,0.028918
9039,0.348367,-3.080670,-9.246991,-38.151981,1.842649,1.121174,-163.076782,-2.121445,-8.352859,-0.145397,0.986517,-0.069306,0.028976
9040,0.345923,-2.906099,-9.274195,-35.162464,0.570007,0.748863,-164.268082,-2.148396,-8.394957,-0.135106,0.987948,-0.069934,0.028536
9041,0.298362,-2.585853,-9.282673,-29.577473,-1.047619,0.045458,-165.333664,-2.118238,-8.406261,-0.125930,0.989157,-0.070328,0.027637
9042,0.249189,-2.389527,-9.350419,-27.108694,-3.963991,0.687954,-166.299347,-1.992101,-8.397345,-0.117674,0.990199,-0.070614,0.025945
9043,0.202026,-2.321862,-9.500134,-26.821917,-7.104815,1.814201,-167.210556,-1.742671,-8.395862,-0.109959,0.991121,-0.071049,0.023224
9044,0.161235,-2.167220,-9.644753,-26.138334,-8.680094,2.018797,-168.096802,-1.404653,-8.402696,-0.102509,0.991956,-0.071594,0.019755
9045,0.089754,-1.945297,-9.600897,-25.277903,-8.895800,2.244750,-168.977356,-1.033160,-8.414458,-0.095121,0.992718,-0.072158,0.015996
9046,0.056488,-1.887009,-9.629592,-27.289204,-10.339843,3.499162,-169.868896,-0.634510,-8.450354,-0.087648,0.993408,-0.072900,0.012006
9047,0.028928,-1.728892,-9.644319,-29.642145,-11.820374,3.680820,-170.813217,-0.201626,-8.507215,-0.079733,0.994051,-0.073792,0.007689
9048,-0.070081,-1.510341,-9.557453,-32.098942,-13.042996,3.780065,-171.849472,0.271776,-8.568406,-0.071045,0.994669,-0.074683,0.002950
9049,-0.155618,-1.406230,-9.614799,-35.640625,-15.979292,4.616336,-172.980591,0.822212,-8.644172,-0.061582,0.995227,-0.075658,-0.002528
9050,-0.242298,-1.270673,-9.716223,-35.994438,-17.763510,4.582817,-174.151077,1.449813,-8.734126,-0.051829,0.995669,-0.076684,-0.008714
9051,-0.368671,-1.118580,-9.807681,-34.817593,-17.930258,3.471983,-175.288254,2.107893,-8.813011,-0.042390,0.995975,-0.077508,-0.015166
9052,-0.509660,-0.999430,-9.994645,-32.755520,-17.077763,2.066634,-176.347549,2.758304,-8.861370,-0.033622,0.996157,-0.077956,-0.021523
9053,-0.613770,-0.776963,-10.017900,-26.874004,-13.786854,0.534618,-177.267990,3.338138,-8.873974,-0.026010,0.996243,-0.078000,-0.027188
9054,-0.694185,-0.578059,-9.878111,-20.478390,-9.862645,-0.609824,-177.997849,3.790669,-8.854223,-0.019962,0.996274,-0.077713,-0.031622
9055,-0.722007,-0.545990,-9.943763,-18.620754,-8.315701,-0.864676,-178.574005,4.135720,-8.816480,-0.015172,0.996281,-0.077254,-0.035018
9056,-0.730914,-0.427143,-9.949745,-16.538671,-6.394703,-1.691773,-179.065918,4.397458,-8.762701,-0.011052,0.996287,-0.076648,-0.037630
9057,-0.754860,-0.245318,-9.793347,-14.292003,-4.147039,-2.405943,-179.510361,4.575271,-8.687407,-0.007280,0.996311,-0.075848,-0.039478
9058,-0.754412,-0.176986,-9.859896,-14.917288,-4.037109,-2.103838,-179.947723,4.703334,-8.607997,-0.003534,0.996339,-0.075004,-0.040883
9059,-0.762304,-0.153111,-9.987706,-16.073484,-3.292278,-1.827682,179.598099,4.803267,-8.537879,0.000375,0.996355,-0.074226,-0.042048
9060,-0.798552,0.009262,-9.985609,-15.877778,-0.836875,-1.931477,179.119797,4.849093,-8.471571,0.004529,0.996370,-0.073469,-0.042754
9061,-0.802953,0.069966,-9.912564,-15.950750,1.490311,-1.252461,178.628189,4.820569,-8.415137,0.008843,0.996388,-0.072798,-0.042816
9062,-0.776417,0.155812,-9.891075,-15.945861,2.718865,-0.707729,178.138870,4.728474,-8.376969,0.013171,0.996398,-0.072298,-0.042322
9063,-0.748615,0.193680,-9.877403,-16.259800,4.025302,-0.449874,177.654358,4.586603,-8.349115,0.017485,0.996399,-0.071905,-0.041389
9064,-0.723694,0.301430,-9.814180,-16.631687,5.052506,-0.701678,177.163422,4.404475,-8.318314,0.021882,0.996393,-0.071503,-0.040108
9065,-0.694787,0.424499,-9.734411,-16.819071,5.325880,-1.400566,176.647858,4.204645,-8.270586,0.026509,0.996376,-0.070962,-0.038681
9066,-0.668365,0.550331,-9.770617,-18.138840,5.017850,-2.255084,176.089920,4.010486,-8.196945,0.031508,0.996337,-0.070195,-0.037318
9067,-0.640468,0.649473,-9.782633,-20.340670,5.402575,-2.371048,175.464798,3.819188,-8.106046,0.037093,0.996258,-0.069270,-0.036008
9068,-0.609486,0.777185,-9.744290,-22.208372,5.697251,-2.564830,174.765656,3.620048,-8.007594,0.043325,0.996122,-0.068276,-0.034662
9069,-0.563394,0.930316,-9.791651,-24.425615,6.068248,-3.224009,173.986465,3.409658,-7.892409,0.050262,0.995922,-0.067138,-0.033247
9070,-0.521308,1.087444,-9.771250,-28.026978,7.103061,-3.472699,173.098068,3.174233,-7.757509,0.058163,0.995631,-0.065833,-0.031654
9071,-0.502176,1.289187,-9.765950,-30.908239,8.484231,-2.857712,172.083450,2.903980,-7.620988,0.067175,0.995206,-0.064532,-0.029809
9072,-0.475242,1.439751,-9.761113,-33.972664,9.604390,-2.171008,170.962830,2.601463,-7.495609,0.077115,0.994621,-0.063360,-0.027729
9073,-0.438599,1.638122,-9.753078,-38.181488,10.271286,-1.942094,169.725189,2.277787,-7.374116,0.088069,0.993839,-0.062260,-0.025513
9074,-0.417924,1.924920,-9.687217,-41.154476,10.413167,-0.954805,168.346420,1.952059,-7.263556,0.100229,0.992801,-0.061282,-0.023342
9075,-0.400740,2.089999,-9.677047,-43.570511,8.996937,-0.091147,166.874924,1.661267,-7.179756,0.113150,0.991498,-0.060544,-0.021529
9076,-0.398158,2.362113,-9.665223,-44.861828,5.453412,-1.008289,165.355804,1.473501,-7.106383,0.126401,0.989959,-0.059829,-0.020627
9077,-0.370680,2.596058,-9.586702,-44.911034,0.878266,-2.442753,163.815521,1.440955,-7.025078,0.139729,0.988213,-0.058885,-0.021049
9078,-0.379139,2.839653,-9.528257,-43.119900,-2.567727,-2.802988,162.312332,1.551896,-6.951574,0.152634,0.986329,-0.057822,-0.022677
9079,-0.401926,3.047348,-9.454805,-41.273724,-5.162283,-2.816863,160.882950,1.766523,-6.905179,0.164818,0.984364,-0.056824,-0.025173
9080,-0.417650,3.311819,-9.403650,-39.024666,-6.742058,-2.701035,159.526276,2.042564,-6.887583,0.176315,0.982339,-0.055942,-0.028182
9081,-0.409406,3.472548,-9.307353,-37.292831,-6.719469,-1.692501,158.242722,2.317793,-6.901371,0.187153,0.980278,-0.055286,-0.031183
9082,-0.446097,3.750257,-9.236124,-36.571178,-5.540105,0.252991,156.995773,2.539312,-6.958198,0.197670,0.978139,-0.055041,-0.033771
9083,-0.468067,3.946772,-9.064542,-38.744381,-4.069246,2.857703,155.699493,2.682605,-7.072189,0.208606,0.975774,-0.055362,-0.035818
9084,-0.496106,4.120955,-8.924830,-40.923740,-1.604998,5.555502,154.321991,2.724916,-7.241927,0.220242,0.973110,-0.056286,-0.037166
9085,-0.496496,4.237833,-8.767132,-43.804886,1.423839,8.094594,152.875305,2.643222,-7.449168,0.232489,0.970155,-0.057735,-0.037603
9086,-0.512632,4.456495,-8.640564,-44.819721,4.162703,10.154513,151.376892,2.442494,-7.676125,0.245202,0.966926,-0.059588,-0.037148
9087,-0.460779,4.631011,-8.505188,-46.156464,7.888819,12.095390,149.847687,2.112947,-7.902082,0.258214,0.963453,-0.061737,-0.035680
9088,-0.568850,4.975176,-8.556634,-44.871620,9.933137,11.594644,148.325989,1.716046,-8.089819,0.271175,0.959826,-0.063777,-0.033618
9089,-0.494552,5.176395,-8.526955,-44.409142,7.957934,9.041373,146.850983,1.375630,-8.222363,0.283683,0.956160,-0.065293,-0.031926
9090,-0.413977,5.490707,-8.383671,-41.689827,4.432453,6.959632,145.428055,1.143484,-8.330340,0.295650,0.952480,-0.066391,-0.031084
9091,-0.294269,5.740894,-8.179759,-41.606087,2.034798,4.543812,144.014709,1.008667,-8.426528,0.307433,0.948689,-0.067162,-0.031042
9092,-0.297024,5.932206,-8.056620,-41.704037,-0.001126,1.368128,142.589157,0.973976,-8.486915,0.319216,0.944751,-0.067365,-0.031758
9093,-0.143161,5.981867,-7.812458,-41.647713,-1.733202,-0.928495,141.182709,1.015005,-8.511413,0.330754,0.940754,-0.067053,-0.032990
9094,-0.155362,6.159931,-7.626436,-40.217968,-0.935078,-1.644103,139.812729,1.066196,-8.506374,0.341946,0.936743,-0.066459,-0.034192
9095,-0.189582,6.321428,-7.520428,-40.791706,1.164613,-2.010311,138.464828,1.100217,-8.457642,0.352934,0.932689,-0.065550,-0.035098
9096,-0.269253,6.475942,-7.474274,-41.188194,2.511883,-1.297818,137.132187,1.112484,-8.375398,0.363775,0.928570,-0.064432,-0.035696
9097,-0.276388,6.659227,-7.338421,-39.486359,1.551849,-1.003531,135.842316,1.129096,-8.300849,0.374217,0.924460,-0.063371,-0.036310
9098,-0.271768,6.822446,-7.191464,-38.680237,0.912267,-0.927454,134.595383,1.161302,-8.248828,0.384252,0.920367,-0.062446,-0.037081
9099,-0.275090,6.988827,-7.002844,-38.272442,0.692333,-0.707932,133.360764,1.198760,-8.210484,0.394135,0.916201,-0.061607,-0.037919
9100,-0.281021,7.139365,-6.825923,-37.097202,-0.060143,-0.909563,132.139267,1.247361,-8.184521,0.403858,0.911970,-0.060820,-0.038869
9101,-0.249945,7.262420,-6.635976,-35.377281,-0.719485,-1.166079,130.958191,1.308523,-8.171334,0.413203,0.907776,-0.060091,-0.039930
9102,-0.261990,7.400012,-6.463112,-33.921391,-0.592925,-0.970868,129.822464,1.367637,-8.164837,0.422147,0.903650,-0.059422,-0.040966
9103,-0.259691,7.532231,-6.316005,-33.870926,-0.066558,-0.702400,128.706833,1.411376,-8.155712,0.430901,0.899510,-0.058784,-0.041851
9104,-0.260920,7.643254,-6.178070,-34.642914,0.832160,-0.491890,127.582268,1.429758,-8.133252,0.439705,0.895252,-0.058124,-0.042483
9105,-0.288643,7.726381,-6.028982,-36.110645,1.794948,0.193150,126.430138,1.422620,-8.094946,0.448702,0.890804,-0.057424,-0.042860
9106,-0.306517,7.828645,-5.832283,-37.561584,2.167152,1.612089,125.229881,1.385933,-8.058907,0.458043,0.886067,-0.056841,-0.043032
9107,-0.267940,7.937416,-5.675545,-38.335033,3.242823,2.500022,123.990555,1.301823,-8.023685,0.467662,0.881062,-0.056446,-0.042854
9108,-0.269366,8.095460,-5.519647,-38.510303,3.840903,4.161626,122.737114,1.163319,-7.986056,0.477365,0.875883,-0.056264,-0.042254
9109,-0.221303,8.218911,-5.336140,-36.122047,2.691811,4.376668,121.516739,1.001775,-7.969594,0.486764,0.870722,-0.056374,-0.041555
9111,-0.187933,8.307441,-5.146793,-34.426567,2.266038,5.493578,120.362465,0.827913,-7.983122,0.495603,0.865726,-0.056808,-0.040866
9112,-0.138771,8.465810,-4.982749,-32.920353,1.902856,5.492028,119.255592,0.638002,-8.013798,0.504036,0.860834,-0.057478,-0.040122
9113,-0.134588,8.610507,-4.820212,-32.116154,1.019325,4.956391,118.175621,0.467129,-8.054747,0.512205,0.855977,-0.058167,-0.039569
9114,-0.096532,8.727383,-4.617471,-31.858374,0.523361,4.023983,117.096291,0.332513,-8.101607,0.520301,0.851051,-0.058752,-0.039328
9115,-0.097420,8.837442,-4.417469,-34.588535,1.345783,4.087976,115.954185,0.211202,-8.134471,0.528811,0.845769,-0.059160,-0.039168
9116,-0.064791,8.994224,-4.218413,-36.250721,1.150404,2.502422,114.716789,0.110518,-8.144472,0.537963,0.839972,-0.059279,-0.039114
9117,-0.066339,8.996632,-3.982624,-38.263973,1.809540,1.688973,113.405670,0.044837,-8.128319,0.547578,0.833748,-0.059024,-0.039234
9118,-0.054219,9.054435,-3.717433,-41.621647,2.969168,2.651665,111.994339,-0.029874,-8.083333,0.557858,0.826938,-0.058576,-0.039200
9119,-0.053698,9.114891,-3.508132,-43.264217,4.255444,3.017697,110.495232,-0.135899,-8.006104,0.568708,0.819571,-0.058032,-0.038822
9120,-0.054106,9.196411,-3.296486,-40.833996,4.751275,2.370457,109.021919,-0.238008,-7.895973,0.579285,0.812210,-0.057263,-0.038284
9121,-0.016502,9.297143,-3.036838,-37.663692,4.890046,1.587410,107.642075,-0.318429,-7.764792,0.589104,0.805211,-0.056289,-0.037731
9122,-0.001134,9.400541,-2.835320,-35.770618,4.885402,0.905111,106.342911,-0.378345,-7.621406,0.598270,0.798527,-0.055171,-0.037201
9123,0.009246,9.461804,-2.654521,-34.184162,3.849239,-0.900266,105.112488,-0.390862,-7.481482,0.606860,0.792119,-0.053868,-0.036963
9124,0.001897,9.472216,-2.423435,-33.238564,1.780023,-2.904032,103.928574,-0.323649,-7.374786,0.615018,0.785881,-0.052391,-0.037406
9125,0.003526,9.514239,-2.274442,-33.672344,-0.078608,-3.981557,102.761429,-0.189978,-7.320777,0.622951,0.779649,-0.050913,-0.038554
9126,-0.065583,9.601448,-2.144432,-33.918240,-0.841636,-4.549486,101.607750,-0.011198,-7.306140,0.630698,0.773409,-0.049440,-0.040191
9127,-0.114989,9.672600,-1.967271,-32.729633,-1.745072,-5.711123,100.485291,0.217025,-7.316531,0.638141,0.767269,-0.047842,-0.042259
9128,-0.142120,9.649172,-1.778761,-31.194607,-2.593568,-5.987737,99.413445,0.475390,-7.354974,0.645160,0.761339,-0.046245,-0.044637
9129,-0.171974,9.666941,-1.582925,-29.455101,-2.590583,-5.435728,98.395699,0.724521,-7.411757,0.651760,0.755640,-0.044803,-0.047011
9130,-0.224776,9.767752,-1.432767,-30.558401,-2.377012,-5.222464,97.387840,0.958076,-7.470270,0.658247,0.749932,-0.043427,-0.049266
9131,-0.254857,9.770249,-1.290764,-31.528862,-2.656306,-4.525480,96.355545,1.175320,-7.534915,0.664843,0.744017,-0.042139,-0.051439
9132,-0.287739,9.777395,-1.158825,-31.373034,-2.534269,-3.463774,95.328239,1.359167,-7.607835,0.671363,0.738059,-0.041067,-0.053425
9133,-0.304674,9.821948,-1.013548,-30.013117,-1.577538,-3.091749,94.344009,1.511591,-7.666792,0.677573,0.732293,-0.040080,-0.055097
9134,-0.320357,9.853434,-0.910154,-28.332571,-0.428525,-2.942460,93.433258,1.645437,-7.692324,0.683291,0.726918,-0.039003,-0.056413
9135,-0.321805,9.793085,-0.729286,-25.299973,1.211848,-2.471141,92.613213,1.758732,-7.672905,0.688427,0.722051,-0.037794,-0.057287
9136,-0.388910,9.799673,-0.515784,-24.657146,3.320676,-2.164678,91.834145,1.863855,-7.593264,0.693307,0.717412,-0.036268,-0.057717
9137,-0.401484,9.721413,-0.420873,-28.750856,3.711311,-1.209785,90.991486,1.959154,-7.473854,0.698575,0.712359,-0.034518,-0.057846
9138,-0.399278,9.743173,-0.241456,-30.680798,4.005819,-1.734999,90.050194,2.043988,-7.343936,0.704426,0.706659,-0.032718,-0.057851
9139,-0.385075,9.800586,-0.038768,-32.087498,4.066860,-1.570397,89.034195,2.124863,-7.209371,0.710691,0.700446,-0.030878,-0.057797
9140,-0.399630,9.794106,0.193192,-34.557968,3.767781,-1.037988,87.928894,2.189177,-7.080283,0.717447,0.693610,-0.029135,-0.057672
9141,-0.338400,9.722758,0.326539,-35.446064,2.840016,-0.749593,86.765770,2.224673,-6.971838,0.724488,0.686328,-0.027673,-0.057492
9142,-0.327498,9.855854,0.594183,-32.073788,3.364924,-1.489493,85.641663,2.247089,-6.870907,0.731225,0.679218,-0.026367,-0.057249
9143,-0.336581,9.904805,0.764897,-32.249363,3.222996,0.175502,84.562569,2.251910,-6.763196,0.737640,0.672327,-0.025163,-0.056829
9144,-0.324965,9.827017,0.895191,-34.681629,2.699587,1.106539,83.458374,2.212954,-6.662062,0.744153,0.665200,-0.024281,-0.056187
9145,-0.309653,9.874783,1.062735,-35.746517,2.934561,1.540166,82.314774,2.147852,-6.561800,0.750833,0.657743,-0.023571,-0.055397
9146,-0.383386,10.008883,1.457658,-35.485649,2.762113,3.240180,81.123192,2.065855,-6.456121,0.757719,0.649899,-0.022937,-0.054476
9147,-0.401398,9.916904,1.603594,-33.223003,0.529686,7.372303,79.943176,1.910641,-6.374439,0.764476,0.642035,-0.022955,-0.053297
9148,-0.342052,9.571725,1.643073,-32.560749,-0.085245,8.751632,78.848938,1.661683,-6.318407,0.770700,0.634646,-0.023811,-0.051761
9149,-0.324232,9.516390,1.957675,-33.134548,0.764717,6.831901,77.749290,1.424539,-6.255170,0.776876,0.627163,-0.024576,-0.050263
9150,-0.248379,9.412837,2.072324,-33.842793,0.236760,5.063254,76.607933,1.247477,-6.195723,0.783176,0.619353,-0.024965,-0.049143
9151,-0.137344,9.250796,2.113639,-35.847740,1.260630,1.933700,75.462494,1.125149,-6.142854,0.789394,0.611466,-0.025033,-0.048374
9152,-0.111479,9.152665,2.427643,-38.666058,4.269687,-2.764343,74.230957,1.126409,-6.056370,0.795956,0.602966,-0.024048,-0.048047
9153,-0.208056,9.386061,2.821438,-39.578987,5.765056,-5.825235,72.876358,1.295894,-5.936485,0.803020,0.593591,-0.021669,-0.048364
9154,-0.297393,9.407740,2.989554,-37.736153,5.900903,-5.153996,71.530106,1.551105,-5.808439,0.809903,0.584215,-0.018641,-0.049009
9155,-0.405570,9.376544,3.289041,-35.772747,6.367951,-3.637615,70.252518,1.807026,-5.665504,0.816337,0.575243,-0.015551,-0.049477
9156,-0.460325,9.225817,3.489879,-33.594330,5.740959,-1.979461,69.025436,2.033625,-5.512535,0.822434,0.566548,-0.012636,-0.049661
9157,-0.479370,9.196560,3.637699,-32.558754,4.428833,-1.795332,67.862175,2.221235,-5.381670,0.828131,0.558230,-0.010136,-0.049752
9158,-0.460511,9.249964,3.786014,-31.495424,3.208225,-1.151754,66.768303,2.363913,-5.285347,0.833411,0.550342,-0.008159,-0.049829
9159,-0.457476,9.103216,3.948005,-29.664429,1.912800,0.459409,65.738121,2.437726,-5.213095,0.838329,0.542849,-0.006828,-0.049721
9160,-0.390664,9.045341,3.977670,-28.861691,0.927069,0.436490,64.777771,2.448257,-5.163670,0.842867,0.535810,-0.006102,-0.049462
9161,-0.375870,8.969728,4.178149,-28.136618,1.253564,0.943236,63.861786,2.424756,-5.119383,0.847150,0.529052,-0.005676,-0.049073
9162,-0.380747,8.846522,4.299453,-27.889261,1.355738,0.900658,62.949654,2.396697,-5.065570,0.851368,0.522288,-0.005249,-0.048590
9163,-0.431614,8.659316,4.465018,-27.169027,1.328261,0.252160,62.033768,2.397487,-5.016815,0.855535,0.515469,-0.004635,-0.048270
9164,-0.406685,8.656849,4.544647,-26.494556,1.648724,-0.826706,61.142792,2.434716,-4.977665,0.859520,0.508812,-0.003806,-0.048175
9165,-0.445400,8.608157,4.763975,-27.814428,2.336942,-2.258065,60.245941,2.517980,-4.944577,0.863461,0.502089,-0.002656,-0.048318
9166,-0.487112,8.637768,4.836294,-29.007566,1.558800,-4.534874,59.315830,2.667516,-4.944846,0.867454,0.495099,-0.001132,-0.048984
9167,-0.536785,8.609176,5.030432,-29.507771,1.606235,-5.449101,58.375988,2.867051,-4.984468,0.871395,0.488013,0.000620,-0.050139
9168,-0.556193,8.482294,5.097496,-30.271927,2.465477,-5.917770,57.419361,3.095459,-5.026163,0.875333,0.480773,0.002611,-0.051405
9169,-0.598890,8.411398,5.230041,-31.542583,4.307415,-8.040523,56.442657,3.381771,-5.056122,0.879271,0.473360,0.005125,-0.052788
9170,-0.641997,8.397338,5.488251,-31.374363,6.189015,-9.243120,55.438824,3.745246,-5.070315,0.883225,0.465718,0.008336,-0.054320
9171,-0.695071,8.308887,5.703074,-32.727695,7.306090,-9.189840,54.391277,4.145850,-5.061881,0.887272,0.457706,0.011973,-0.055767
9172,-0.745612,8.272138,5.813586,-34.030640,7.599132,-9.215847,53.305435,4.551338,-5.040697,0.891390,0.449355,0.015743,-0.057065
9173,-0.797478,8.171974,6.048100,-34.479027,7.281753,-8.190417,52.194656,4.932599,-5.016718,0.895528,0.440760,0.019373,-0.058178
9174,-0.850016,7.960690,6.220319,-35.141285,5.755789,-5.199555,51.036900,5.234508,-4.984933,0.899797,0.431737,0.022455,-0.058858
9175,-0.921028,7.742234,6.264126,-35.620495,3.337178,-1.039866,49.853565,5.408019,-4.935044,0.904141,0.422442,0.024617,-0.058864
9176,-0.928705,7.657373,6.401075,-34.581261,1.930271,0.673765,48.699574,5.468068,-4.871669,0.908350,0.413312,0.025914,-0.058325
9177,-0.901903,7.494011,6.568959,-33.313110,1.144342,1.946490,47.587753,5.453557,-4.802790,0.912360,0.404461,0.026606,-0.057472
9178,-0.870671,7.295244,6.636265,-32.496677,0.080619,4.028031,46.506584,5.365213,-4.718549,0.916223,0.395800,0.026731,-0.056242
9179,-0.852263,7.244711,6.767704,-33.230465,-0.769505,4.746964,45.443398,5.216236,-4.622122,0.919978,0.387234,0.026379,-0.054719
9180,-0.811290,7.059354,6.930232,-33.211979,-0.710208,3.602766,44.365509,5.059794,-4.537957,0.923697,0.378517,0.025908,-0.053277
9181,-0.773439,6.829781,7.001104,-34.971367,-1.084311,4.425490,43.236336,4.901278,-4.460845,0.927493,0.369351,0.025396,-0.051889
9182,-0.777574,6.718948,7.142396,-39.720070,-2.448708,5.481639,41.995998,4.708423,-4.378345,0.931562,0.359237,0.024645,-0.050341
9183,-0.797844,6.625703,7.296730,-43.891857,-4.028144,4.540250,40.617828,4.498513,-4.322575,0.935932,0.347956,0.023702,-0.048953
9184,-0.787003,6.333276,7.390877,-49.075356,-7.366855,3.382068,39.076237,4.270194,-4.342068,0.940617,0.335292,0.022425,-0.048127
9185,-0.722883,6.124611,7.704146,-55.203674,-9.869368,3.279806,37.306366,3.978434,-4.434784,0.945762,0.320679,0.020496,-0.047730
9186,-0.655071,5.914641,8.054480,-55.382744,-8.442729,1.142015,35.388687,3.676719,-4.561172,0.951059,0.304758,0.018450,-0.047634
9187,-0.575750,5.617435,8.210976,-50.999432,-4.173376,-1.947904,33.523663,3.486330,-4.696031,0.955906,0.289212,0.017293,-0.047976
9188,-0.517318,5.394405,8.431508,-48.187790,0.207288,-3.481325,31.784103,3.442317,-4.811401,0.960153,0.274674,0.017373,-0.048570
9189,-0.510457,5.266522,8.669080,-41.100338,4.476506,-3.505567,30.233662,3.523654,-4.872865,0.963727,0.261691,0.018573,-0.049031
9190,-0.590814,5.072037,8.603125,-32.514034,6.835385,-3.302502,28.997635,3.714240,-4.877470,0.966423,0.251337,0.020699,-0.049280
9191,-0.637174,4.922146,8.563951,-30.215593,4.679219,-0.381831,28.003893,3.905394,-4.836034,0.968513,0.242994,0.022830,-0.049150
9192,-0.668505,4.767732,8.688222,-30.051775,0.456980,2.370981,27.072678,3.963038,-4.762488,0.970465,0.235117,0.023868,-0.048456
9193,-0.654253,4.601046,8.762979,-29.369228,-2.675797,4.131961,26.145422,3.872013,-4.678260,0.972405,0.227213,0.023654,-0.047369
9194,-0.603104,4.460042,8.881846,-31.418165,-4.082862,5.667151,25.186655,3.675629,-4.576313,0.974383,0.218993,0.022574,-0.045931
9195,-0.525475,4.339258,9.075135,-33.207779,-4.919386,6.233444,24.153891,3.411350,-4.455498,0.976453,0.210106,0.020955,-0.044218
9196,-0.493333,4.128743,9.157789,-32.998569,-4.143075,4.487973,23.076612,3.147914,-4.349924,0.978508,0.200825,0.019305,-0.042660
9197,-0.466617,3.962927,9.172157,-33.599648,-2.841786,4.501857,21.988646,2.938389,-4.254043,0.980466,0.191452,0.018076,-0.041308
9198,-0.460688,3.804255,9.233970,-33.272877,-2.726048,4.532486,20.908436,2.764844,-4.145387,0.982312,0.182136,0.017149,-0.039931
9199,-0.458961,3.614700,9.250470,-31.235481,-2.024247,2.803677,19.872416,2.630741,-4.056118,0.983984,0.173198,0.016492,-0.038807
9200,-0.469086,3.444100,9.263940,-30.662945,-1.520695,2.013266,18.883253,2.547162,-3.997856,0.985482,0.164667,0.016191,-0.038044
9201,-0.463135,3.292525,9.291393,-29.841610,-1.601491,1.817939,17.924797,2.487275,-3.951556,0.986854,0.156396,0.016056,-0.037427
9202,-0.429708,3.149439,9.376926,-27.936834,-2.248433,1.508178,17.016239,2.415449,-3.915734,0.988091,0.148543,0.015780,-0.036898
9203,-0.389542,3.019182,9.447610,-26.146475,-1.610643,0.733042,16.171747,2.336301,-3.895911,0.989183,0.141233,0.015392,-0.036513
9204,-0.384077,2.930311,9.523471,-25.144924,-1.758745,0.862795,15.385571,2.262825,-3.882557,0.990149,0.134421,0.015023,-0.036205
9205,-0.366121,2.807335,9.597711,-25.072588,-2.096063,0.548505,14.625966,2.182458,-3.873234,0.991037,0.127832,0.014578,-0.035936
9206,-0.347359,2.648036,9.634090,-24.917915,-1.761994,-0.116747,13.861729,2.103559,-3.879224,0.991882,0.121199,0.014128,-0.035807
9208,-0.335932,2.491327,9.712147,-26.832531,-0.814512,-0.801841,13.051214,2.049774,-3.901898,0.992717,0.114168,0.013892,-0.035850
9209,-0.333878,2.291391,9.741450,-27.160368,-0.977889,-1.224489,12.179604,2.014570,-3.940037,0.993551,0.106609,0.013824,-0.036041
9210,-0.313997,2.071122,9.793659,-27.459467,-1.295398,-1.662405,11.265198,1.972417,-3.994736,0.994361,0.098672,0.013698,-0.036368
9211,-0.316032,1.871228,9.789750,-26.159607,-1.193285,-1.924845,10.340897,1.927313,-4.062012,0.995111,0.090643,0.013546,-0.036806
9212,-0.309252,1.737476,9.834168,-26.016424,-1.454320,-1.511309,9.437335,1.880778,-4.126901,0.995782,0.082788,0.013384,-0.037229
9213,-0.307008,1.592527,9.820207,-24.493732,-1.578009,-1.648634,8.570818,1.827961,-4.187452,0.996368,0.075247,0.013166,-0.037619
9214,-0.304344,1.444903,9.855906,-24.408432,-1.246947,-1.840895,7.734790,1.781650,-4.252220,0.996877,0.067968,0.012999,-0.038058
9215,-0.291223,1.288964,9.838192,-23.677685,-0.249051,-2.237633,6.910340,1.758154,-4.323376,0.997320,0.060795,0.013030,-0.038571
9216,-0.272724,1.154348,9.859929,-23.775509,0.368854,-2.229996,6.096257,1.756710,-4.397608,0.997701,0.053717,0.013257,-0.039123
9217,-0.276220,1.009459,9.870567,-23.162252,0.672397,-2.448195,5.291266,1.767264,-4.473893,0.998026,0.046719,0.013592,-0.039697
9218,-0.283152,0.866624,9.884752,-22.738224,0.663143,-2.704546,4.501303,1.784496,-4.558081,0.998293,0.039854,0.013986,-0.040342
9219,-0.288000,0.767266,9.868990,-22.576588,0.748511,-2.741165,3.729292,1.804042,-4.647241,0.998504,0.033146,0.014402,-0.041029
9220,-0.298214,0.653116,9.917272,-23.952978,0.789644,-2.657235,2.950324,1.826407,-4.735498,0.998671,0.026377,0.014855,-0.041704
9221,-0.313324,0.526610,9.925488,-23.696583,1.262646,-3.246238,2.158313,1.860525,-4.832062,0.998789,0.019499,0.015424,-0.042448
9222,-0.300323,0.375641,9.936920,-23.186892,1.749365,-3.682650,1.377104,1.907987,-4.945777,0.998850,0.012723,0.016114,-0.043337
9223,-0.310312,0.266238,9.913256,-21.699057,2.016320,-3.696379,0.631924,1.962658,-5.067317,0.998857,0.006265,0.016866,-0.044293
9224,-0.321571,0.139451,9.937689,-19.927347,2.223771,-3.632284,-0.052166,2.024582,-5.188559,0.998819,0.000345,0.017669,-0.045248
9225,-0.339845,0.045561,9.925043,-16.573200,2.072646,-3.546828,-0.644495,2.088273,-5.307896,0.998751,-0.004774,0.018463,-0.046193
9226,-0.338861,-0.044187,9.936718,-13.862922,1.662106,-3.002063,-1.126440,2.140587,-5.416931,0.998669,-0.008935,0.019122,-0.047060
9227,-0.367776,-0.091711,9.926544,-11.292933,1.277522,-2.207045,-1.507891,2.181175,-5.503334,0.998592,-0.012227,0.019641,-0.047744
9228,-0.382849,-0.155239,9.937022,-8.861733,0.818220,-1.662275,-1.795898,2.214501,-5.566937,0.998526,-0.014712,0.020060,-0.048244
9229,-0.367404,-0.208745,9.915376,-5.859838,0.194093,-1.405904,-1.993145,2.226859,-5.616721,0.998476,-0.016417,0.020258,-0.048641
9230,-0.358035,-0.265561,9.920016,-3.477519,0.024631,-1.062561,-2.106631,2.218489,-5.656290,0.998444,-0.017402,0.020239,-0.048967
9231,-0.362112,-0.283495,9.929625,-1.441468,0.010756,-0.734473,-2.131339,2.200394,-5.683987,0.998431,-0.017620,0.020096,-0.049207
9232,-0.352816,-0.273237,9.923141,1.299777,-0.236641,-0.832113,-2.049240,2.171057,-5.706685,0.998438,-0.016914,0.019808,-0.049424
9233,-0.340319,-0.256543,9.929836,2.960732,-0.343705,-0.847353,-1.885649,2.129304,-5.730845,0.998457,-0.015503,0.019377,-0.049669
9234,-0.353384,-0.224309,9.948564,4.318053,-0.212680,-0.890057,-1.668447,2.093790,-5.755981,0.998480,-0.013621,0.018977,-0.049930
9235,-0.356879,-0.162122,9.947029,5.365722,-0.180726,-1.034990,-1.397491,2.075157,-5.783896,0.998500,-0.011264,0.018699,-0.050220
9236,-0.358274,-0.097152,9.938296,5.818443,-0.072420,-1.195175,-1.081427,2.065984,-5.816261,0.998514,-0.008509,0.018483,-0.050554
9237,-0.369240,-0.068665,9.947912,5.338790,0.245005,-1.303479,-0.770041,2.072275,-5.853385,0.998516,-0.005787,0.018402,-0.050927
9238,-0.365652,-0.046921,9.935154,4.929106,0.690639,-1.330915,-0.501736,2.095299,-5.893897,0.998505,-0.003432,0.018485,-0.051322
9239,-0.373317,0.019336,9.927751,3.068218,0.930271,-1.228651,-0.277300,2.129825,-5.933373,0.998487,-0.001454,0.018685,-0.051701
9240,-0.376386,0.024398,9.927804,1.074520,1.090559,-1.184374,-0.123819,2.171661,-5.970552,0.998464,-0.000092,0.018981,-0.052049
9241,-0.364728,-0.007298,9.923390,-0.022288,0.948631,-1.103488,-0.066092,2.203461,-6.007215,0.998442,0.000432,0.019231,-0.052378
9242,-0.346650,-0.015035,9.932774,-1.000366,0.415902,-0.908167,-0.079338,2.203536,-6.040612,0.998427,0.000322,0.019238,-0.052667
9243,-0.363138,-0.004162,9.934979,-1.535942,-0.171789,-0.973782,-0.119916,2.181305,-6.071884,0.998416,-0.000037,0.019063,-0.052933
9244,-0.365855,-0.049428,9.926480,-0.927172,-0.365702,-1.002777,-0.171385,2.157197,-6.105161,0.998405,-0.000491,0.018877,-0.053215
9245,-0.355254,-0.040757,9.922555,0.279683,-0.561138,-0.696072,-0.202345,2.126882,-6.134160,0.998396,-0.000770,0.018627,-0.053463
9246,-0.365208,-0.016323,9.932440,1.143387,-0.806897,-0.578575,-0.175720,2.093359,-6.155211,0.998391,-0.000550,0.018323,-0.053652
9247,-0.384256,0.013535,9.910093,1.219924,-0.713746,-0.609085,-0.106872,2.076805,-6.173849,0.998386,0.000045,0.018146,-0.053825
9248,-0.378203,0.020441,9.898980,1.272124,-0.306165,-0.642643,-0.026168,2.079643,-6.193231,0.998376,0.000752,0.018133,-0.054007
9249,-0.372290,0.036659,9.905437,0.666641,-0.180916,-0.525136,0.044051,2.086857,-6.211286,0.998365,0.001370,0.018163,-0.054175
9250,-0.387691,0.035123,9.911065,-0.048755,-0.325729,-0.657881,0.086727,2.097268,-6.229808,0.998354,0.001750,0.018233,-0.054343
9251,-0.389432,0.023733,9.884309,-0.465193,-0.182084,-0.868454,0.094711,2.114858,-6.254630,0.998340,0.001832,0.018382,-0.054561
9252,-0.373298,0.003029,9.925741,-0.887892,-0.070559,-0.873033,0.068885,2.127181,-6.283766,0.998324,0.001617,0.018501,-0.054810
9253,-0.358127,-0.026305,9.950426,-1.170386,-0.288784,-0.863885,0.008709,2.118963,-6.313660,0.998312,0.001094,0.018458,-0.055061
9254,-0.345563,-0.058536,9.950367,-0.859474,-0.523907,-1.256061,-0.073596,2.089071,-6.350741,0.998299,0.000369,0.018237,-0.055371
9255,-0.338097,-0.063903,9.927740,-0.989605,-0.746871,-1.649766,-0.159576,2.045414,-6.401092,0.998282,-0.000394,0.017899,-0.055797
9256,-0.332070,-0.075016,9.936552,-1.636976,-0.689066,-2.022106,-0.252858,1.998764,-6.463918,0.998257,-0.001219,0.017538,-0.056331
9257,-0.332336,-0.080616,9.918485,-1.434351,-0.683103,-2.504310,-0.347134,1.957903,-6.540678,0.998224,-0.002049,0.017230,-0.056987
9258,-0.328033,-0.073476,9.929271,-0.750929,-0.767126,-2.959043,-0.410774,1.921011,-6.632443,0.998182,-0.002608,0.016942,-0.057778
9259,-0.325651,-0.066141,9.940022,-0.335908,-1.223451,-2.904112,-0.436064,1.877926,-6.730100,0.998138,-0.002836,0.016582,-0.058627
9260,-0.311301,-0.068914,9.953785,0.347751,-1.585183,-2.623340,-0.433083,1.819485,-6.821725,0.998099,-0.002828,0.016074,-0.059428
9261,-0.302056,-0.048287,9.949085,1.255807,-2.148361,-2.273901,-0.392676,1.742747,-6.902426,0.998068,-0.002505,0.015386,-0.060139
9262,-0.298621,-0.041153,9.910690,2.208190,-2.552797,-1.991597,-0.311220,1.655851,-6.972281,0.998044,-0.001832,0.014588,-0.060761
9263,-0.304809,-0.035574,9.859231,2.684452,-2.482538,-1.782540,-0.209837,1.579820,-7.034182,0.998022,-0.000982,0.013872,-0.061315
9264,-0.310382,-0.021032,9.823186,2.483157,-2.113034,-1.425470,-0.109189,1.531820,-7.086968,0.997999,-0.000125,0.013401,-0.061788
9265,-0.312761,0.000008,9.809236,2.291022,-1.113204,-1.269820,-0.014451,1.521697,-7.131340,0.997976,0.000700,0.013261,-0.062185
9266,-0.295906,-0.018719,9.848507,3.102824,0.220784,-1.506338,0.075435,1.547989,-7.177536,0.997947,0.001502,0.013441,-0.062598
9267,-0.282231,0.002863,9.851718,4.091522,1.124327,-2.328815,0.180818,1.594902,-7.241727,0.997904,0.002454,0.013790,-0.063170
9268,-0.276899,0.121651,9.932998,3.441785,2.870050,-2.177739,0.342750,1.669716,-7.315461,0.997850,0.003914,0.014350,-0.063833
9269,-0.283710,0.205549,10.000642,4.687843,3.965635,-1.446795,0.589410,1.780550,-7.371744,0.997793,0.006131,0.015175,-0.064357
9270,-0.302921,0.189999,9.992858,6.124627,3.877071,-0.609035,0.879779,1.904251,-7.401052,0.997740,0.008733,0.016086,-0.064658
9271,-0.335374,0.341836,10.110850,4.751979,3.242256,-0.090198,1.146400,2.019172,-7.407882,0.997695,0.011120,0.016936,-0.064764
9272,-0.354956,0.346338,10.092289,1.728220,1.376046,2.743466,1.334199,2.094705,-7.359313,0.997690,0.012790,0.017493,-0.064375
9273,-0.351422,0.330905,10.342672,0.839043,-1.657545,4.862994,1.436472,2.080519,-7.230645,0.997753,0.013653,0.017327,-0.063269
9274,-0.317628,0.306345,10.214525,1.333703,-6.922137,6.068488,1.511366,1.914173,-7.050897,0.997868,0.014189,0.015860,-0.061698
9275,-0.297761,0.314420,10.148952,-0.188989,-10.233574,6.860454,1.559444,1.600303,-6.842262,0.998017,0.014416,0.013127,-0.059853
9276,-0.266105,0.187564,9.908938,-0.314185,-11.535287,7.554750,1.547864,1.218778,-6.612016,0.998180,0.014097,0.009838,-0.057804
9277,-0.240199,0.139101,9.965314,0.840532,-10.206173,6.250074,1.509671,0.854605,-6.392816,0.998324,0.013569,0.006711,-0.055851
9278,-0.198647,0.003494,9.609939,1.665313,-9.215685,4.362488,1.460309,0.546924,-6.225986,0.998429,0.012983,0.004073,-0.054361
9279,-0.167363,0.003457,9.669914,-0.748631,-4.196509,1.290772,1.294301,0.372016,-6.139290,0.998494,0.011452,0.002637,-0.053583
9280,-0.099424,0.044820,9.792517,-1.981700,-0.217986,-1.364362,1.042828,0.353093,-6.143795,0.998515,0.009252,0.002589,-0.053615
9281,-0.064711,0.080592,9.905251,-2.815736,1.897093,-3.331289,0.852330,0.400774,-6.222346,0.998491,0.007617,0.003088,-0.054298
9282,-0.057356,0.135441,9.889711,-3.736083,2.904189,-4.622223,0.715274,0.480672,-6.353943,0.998433,0.006465,0.003842,-0.055445
9283,-0.056328,0.175252,9.955673,-4.459296,4.062290,-4.532192,0.586669,0.589144,-6.505085,0.998361,0.005403,0.004842,-0.056762
9284,-0.061983,0.119385,9.987754,-5.159565,3.624220,-3.378589,0.441180,0.702175,-6.635594,0.998296,0.004198,0.005894,-0.057896
9285,-0.093278,0.090010,9.932548,-5.937729,2.548310,-2.713284,0.262251,0.789076,-6.736385,0.998245,0.002689,0.006740,-0.058766
9286,-0.099791,0.053321,9.929623,-6.689969,1.509029,-1.367416,0.055972,0.841146,-6.804116,0.998210,0.000923,0.007298,-0.059344
9287,-0.077374,-0.000407,9.923888,-6.276447,0.379642,0.533887,-0.160875,0.847266,-6.817988,0.998203,-0.000962,0.007464,-0.059451
9288,-0.083946,-0.029091,9.934199,-5.425003,-0.549899,1.054228,-0.358231,0.812954,-6.791452,0.998216,-0.002700,0.007267,-0.059208
9289,-0.085238,-0.053287,9.939534,-4.097433,-1.419905,1.490641,-0.514515,0.751908,-6.748683,0.998237,-0.004096,0.006814,-0.058828
9290,-0.085478,-0.080742,9.958633,-1.336984,-2.116008,2.049128,-0.598061,0.658463,-6.688982,0.998269,-0.004875,0.006041,-0.058308
9291,-0.105533,-0.113531,9.917376,0.782521,-2.589251,1.795823,-0.607269,0.554956,-6.624068,0.998305,-0.005011,0.005141,-0.057747
9292,-0.127555,-0.112810,9.914203,1.186823,-2.465562,0.736831,-0.582594,0.482252,-6.581084,0.998331,-0.004834,0.004493,-0.057377
9293,-0.129598,-0.085281,9.878312,0.507816,-1.976965,0.265323,-0.550601,0.445999,-6.563611,0.998342,-0.004574,0.004161,-0.057227
9294,-0.118941,-0.058024,9.902904,-0.335819,-0.946624,-0.177190,-0.522483,0.439911,-6.561463,0.998344,-0.004332,0.004094,-0.057210
9295,-0.099710,-0.068432,9.909783,-2.127028,-0.336001,-0.421334,-0.535130,0.449998,-6.571016,0.998339,-0.004437,0.004188,-0.057292
9296,-0.086732,-0.071727,9.902314,-2.972226,0.213457,-0.766191,-0.599696,0.463456,-6.590641,0.998326,-0.004992,0.004338,-0.057460
9297,-0.061998,-0.061049,9.880204,-2.521834,0.675778,-0.815019,-0.660998,0.473644,-6.616915,0.998310,-0.005520,0.004459,-0.057686
9298,-0.044459,-0.079921,9.896473,-1.351153,0.828157,-0.772293,-0.688769,0.471716,-6.643346,0.998295,-0.005762,0.004458,-0.057915
9299,-0.069230,-0.122891,9.893954,0.019245,0.748617,-1.117154,-0.696608,0.473690,-6.675025,0.998278,-0.005828,0.004481,-0.058191
9300,-0.103767,-0.090190,9.938802,1.426250,0.901246,-1.347567,-0.660052,0.505169,-6.716318,0.998258,-0.005492,0.004738,-0.058550
9301,-0.104668,-0.060064,9.972696,3.013540,0.646563,-0.868422,-0.545429,0.548967,-6.753142,0.998243,-0.004469,0.005063,-0.058874
9302,-0.098442,-0.085197,9.989979,3.610425,0.031690,-0.586123,-0.404286,0.569391,-6.777164,0.998234,-0.003228,0.005169,-0.059089
9303,-0.114094,-0.096095,9.988757,3.131225,-0.737309,-0.592227,-0.299625,0.565894,-6.796786,0.998227,-0.002317,0.005085,-0.059265
9304,-0.110864,-0.060546,9.970536,2.358976,-1.213294,-0.024582,-0.224486,0.546348,-6.807054,0.998223,-0.001672,0.004876,-0.059358
9305,-0.082408,-0.063500,9.919003,2.073501,-1.294168,0.698704,-0.166389,0.504665,-6.795819,0.998232,-0.001188,0.004482,-0.059263
9306,-0.068920,-0.074254,9.925419,1.183617,-1.031827,1.077131,-0.145568,0.451219,-6.766424,0.998249,-0.001036,0.004006,-0.059008
9307,-0.084437,-0.037706,9.952166,0.205275,-0.622927,1.170210,-0.149946,0.417744,-6.729133,0.998269,-0.001092,0.003716,-0.058684
9308,-0.088868,-0.028950,9.951582,-1.116234,-0.372589,1.624936,-0.172141,0.412014,-6.682557,0.998293,-0.001290,0.003677,-0.058277
9309,-0.088544,-0.040775,9.940409,-2.424005,-0.331261,1.953010,-0.237346,0.416518,-6.622940,0.998322,-0.001858,0.003748,-0.057756
9311,-0.072408,-0.078590,9.947659,-3.158161,-0.174025,2.036935,-0.353080,0.416681,-6.556584,0.998353,-0.002868,0.003806,-0.057174
9312,-0.076352,-0.116238,9.916464,-4.017506,-0.323557,1.757689,-0.503431,0.409928,-6.493509,0.998380,-0.004184,0.003820,-0.056620
9313,-0.078215,-0.155890,9.909775,-5.063004,-0.335742,1.391466,-0.684246,0.402268,-6.441134,0.998398,-0.005764,0.003840,-0.056158
9314,-0.065205,-0.181451,9.896815,-4.747392,-0.044284,0.958101,-0.879308,0.397203,-6.402122,0.998406,-0.007468,0.003889,-0.055811
9315,-0.041376,-0.208034,9.891285,-4.118941,0.271521,0.573565,-1.055724,0.393824,-6.376846,0.998406,-0.009007,0.003944,-0.055585
9316,-0.065336,-0.231268,9.879457,-4.419753,0.535449,-0.039859,-1.223427,0.400260,-6.368365,0.998395,-0.010466,0.004080,-0.055505
9317,-0.073610,-0.244079,9.901027,-4.323776,1.017645,-0.348097,-1.388952,0.426438,-6.375547,0.998375,-0.011895,0.004389,-0.055559
9318,-0.069340,-0.261083,9.904277,-3.443461,1.240422,-0.319106,-1.536451,0.462724,-6.387749,0.998352,-0.013162,0.004778,-0.055655
9319,-0.076056,-0.268201,9.920198,-3.084958,1.353308,-0.415240,-1.656476,0.501506,-6.401260,0.998330,-0.014188,0.005176,-0.055763
9320,-0.093798,-0.288534,9.923659,-2.723328,1.458607,-0.459492,-1.755190,0.549267,-6.417236,0.998308,-0.015024,0.005642,-0.055891
9321,-0.098776,-0.301428,9.924081,-2.140420,1.501373,-0.313002,-1.835856,0.603217,-6.431650,0.998288,-0.015699,0.006154,-0.056005
9322,-0.102753,-0.301725,9.925817,-1.453680,1.478491,-0.116157,-1.886673,0.653485,-6.440318,0.998275,-0.016117,0.006618,-0.056071
9323,-0.116581,-0.298672,9.934356,-1.149847,1.440348,-0.013918,-1.908499,0.702716,-6.443851,0.998268,-0.016283,0.007058,-0.056093
9324,-0.127857,-0.310903,9.947194,-0.443155,1.335094,0.088323,-1.911478,0.753314,-6.443875,0.998265,-0.016284,0.007500,-0.056085
9325,-0.128449,-0.317854,9.936595,0.118517,1.109270,0.169199,-1.900383,0.795862,-6.440730,0.998266,-0.016167,0.007865,-0.056052
9326,-0.134709,-0.306286,9.926814,0.426896,0.886464,0.175304,-1.873525,0.826642,-6.435844,0.998271,-0.015918,0.008119,-0.056007
9327,-0.138545,-0.296360,9.925396,0.863509,0.797930,0.225661,-1.827236,0.851079,-6.429720,0.998278,-0.015503,0.008309,-0.055954
9328,-0.132861,-0.306333,9.914798,1.483181,0.622374,0.337054,-1.769594,0.865785,-6.420825,0.998290,-0.014994,0.008407,-0.055878
9329,-0.139908,-0.303532,9.901649,1.153629,0.533776,0.230236,-1.719570,0.873637,-6.411882,0.998300,-0.014555,0.008450,-0.055803
9330,-0.152353,-0.289446,9.902957,0.824067,0.631404,0.153940,-1.681589,0.889133,-6.405987,0.998307,-0.014217,0.008566,-0.055752
9331,-0.151686,-0.286172,9.903443,0.454841,0.678703,0.218029,-1.654203,0.910756,-6.400336,0.998312,-0.013969,0.008740,-0.055702
9332,-0.158102,-0.304642,9.909395,-0.405834,0.721423,0.089851,-1.660002,0.933470,-6.395988,0.998311,-0.014008,0.008941,-0.055661
9333,-0.166133,-0.293063,9.906210,-1.431350,0.648199,-0.108520,-1.702405,0.958760,-6.397161,0.998304,-0.014365,0.009182,-0.055665
9334,-0.165950,-0.290836,9.908015,-1.844884,0.469684,0.025761,-1.758164,0.979616,-6.399124,0.998295,-0.014841,0.009391,-0.055674
9335,-0.171370,-0.287631,9.915139,-1.979087,0.420861,0.027289,-1.812093,0.995357,-6.398538,0.998287,-0.015303,0.009554,-0.055663
9336,-0.179194,-0.290885,9.920669,-2.065912,0.408687,-0.007804,-1.860418,1.013283,-6.398329,0.998279,-0.015715,0.009733,-0.055654
9337,-0.176716,-0.306771,9.905327,-1.745321,0.344630,0.129533,-1.905650,1.029841,-6.396397,0.998272,-0.016101,0.009899,-0.055631
9338,-0.173859,-0.314625,9.906119,-1.174510,0.503314,0.227194,-1.939796,1.042784,-6.390671,0.998269,-0.016393,0.010028,-0.055576
9339,-0.178743,-0.318777,9.925200,-0.419053,0.646727,0.037981,-1.950727,1.059052,-6.386622,0.998269,-0.016481,0.010174,-0.055537
9340,-0.178660,-0.337020,9.929101,0.148662,0.579559,-0.079515,-1.946350,1.076089,-6.387846,0.998268,-0.016434,0.010321,-0.055546
9341,-0.180014,-0.346160,9.923795,0.353106,0.548997,-0.142081,-1.941795,1.089237,-6.392246,0.998265,-0.016388,0.010434,-0.055583
9342,-0.184463,-0.343118,9.921659,0.481224,0.390259,-0.139031,-1.935513,1.099535,-6.397601,0.998263,-0.016327,0.010521,-0.055628
9343,-0.186942,-0.354165,9.912964,0.317851,0.182704,-0.087152,-1.934733,1.105235,-6.401930,0.998260,-0.016317,0.010571,-0.055665
9344,-0.187839,-0.360629,9.889465,-0.134000,0.121642,-0.023069,-1.953735,1.107103,-6.404362,0.998256,-0.016482,0.010597,-0.055684
9345,-0.188270,-0.352453,9.894861,-0.805567,0.133825,0.005921,-1.989400,1.108384,-6.405180,0.998251,-0.016792,0.010626,-0.055688
9346,-0.183975,-0.365596,9.900994,-0.886581,0.081903,0.100524,-2.035200,1.106843,-6.403869,0.998244,-0.017192,0.010634,-0.055673
9347,-0.186627,-0.364252,9.900702,-1.001158,0.095588,0.098994,-2.083025,1.103896,-6.400965,0.998239,-0.017610,0.010631,-0.055643
9348,-0.198548,-0.362776,9.911568,-1.188902,0.150531,-0.012399,-2.126578,1.109319,-6.399807,0.998232,-0.017987,0.010700,-0.055628
9349,-0.192694,-0.358610,9.908772,-1.286535,0.200918,0.024224,-2.164441,1.119093,-6.399766,0.998226,-0.018312,0.010803,-0.055623
9350,-0.183639,-0.368352,9.905465,-1.239172,0.243609,0.082209,-2.199118,1.122089,-6.398130,0.998220,-0.018613,0.010846,-0.055605
9351,-0.191362,-0.373097,9.913892,-1.216231,0.272551,-0.053599,-2.233484,1.124471,-6.397855,0.998215,-0.018911,0.010883,-0.055599
9352,-0.191798,-0.372259,9.918462,-1.029982,0.295417,-0.100902,-2.260316,1.130955,-6.400588,0.998209,-0.019141,0.010953,-0.055619
9353,-0.184115,-0.393041,9.904430,-0.823935,0.309094,-0.029184,-2.285275,1.133914,-6.403036,0.998203,-0.019357,0.010991,-0.055637
9354,-0.192422,-0.403064,9.908521,-0.680535,0.505879,-0.189409,-2.315126,1.139912,-6.407310,0.998195,-0.019614,0.011059,-0.055670
9355,-0.199274,-0.399890,9.915257,-0.321969,0.606582,-0.258077,-2.335212,1.157154,-6.415578,0.998187,-0.019779,0.011220,-0.055737
9356,-0.198221,-0.400321,9.900455,0.073263,0.551649,-0.206196,-2.337419,1.176077,-6.424054,0.998180,-0.019788,0.011388,-0.055807
9357,-0.204566,-0.402757,9.902274,0.080912,0.627942,-0.226031,-2.332678,1.195038,-6.432006,0.998176,-0.019737,0.011552,-0.055874
9358,-0.210595,-0.387364,9.923457,0.056567,0.705781,-0.308429,-2.321797,1.219070,-6.441629,0.998171,-0.019629,0.011757,-0.055954
9359,-0.205488,-0.390308,9.921268,0.129922,0.391432,-0.171094,-2.305028,1.235881,-6.450063,0.998169,-0.019474,0.011897,-0.056026
9360,-0.211473,-0.409672,9.897465,0.018532,0.283060,-0.212296,-2.302390,1.242993,-6.456895,0.998165,-0.019447,0.011959,-0.056085
9361,-0.211129,-0.399486,9.905400,-0.314168,0.359332,-0.282490,-2.313530,1.250371,-6.465699,0.998158,-0.019539,0.012030,-0.056159
9362,-0.208514,-0.401101,9.917140,-0.446930,0.382175,-0.306907,-2.327245,1.256506,-6.476034,0.998150,-0.019655,0.012092,-0.056247
9363,-0.199951,-0.418419,9.896730,-0.421053,0.333247,-0.247401,-2.349945,1.255796,-6.485926,0.998142,-0.019852,0.012099,-0.056331
9364,-0.206043,-0.427619,9.895918,-0.607361,0.281257,-0.232149,-2.385441,1.252013,-6.494728,0.998131,-0.020162,0.012085,-0.056404
9365,-0.212110,-0.408337,9.907331,-0.665412,0.326974,-0.201635,-2.415076,1.254280,-6.502553,0.998122,-0.020418,0.012121,-0.056469
9366,-0.208748,-0.405155,9.903770,-0.515806,0.398643,-0.093295,-2.426736,1.259957,-6.507795,0.998117,-0.020516,0.012177,-0.056512
9367,-0.204825,-0.414428,9.898320,-0.492849,0.326842,-0.059727,-2.435139,1.261650,-6.510670,0.998114,-0.020588,0.012196,-0.056536
9368,-0.218788,-0.401487,9.906471,-0.840665,0.346631,-0.136023,-2.445481,1.266639,-6.514143,0.998110,-0.020676,0.012245,-0.056564
9369,-0.224322,-0.404357,9.893724,-1.041940,0.551127,-0.123811,-2.458682,1.284206,-6.518709,0.998104,-0.020781,0.012406,-0.056599
9370,-0.219378,-0.425951,9.887719,-1.223461,0.519093,0.025731,-2.488403,1.303353,-6.520934,0.998095,-0.021030,0.012587,-0.056612
9371,-0.234996,-0.444667,9.900494,-1.374588,0.578631,-0.023099,-2.539326,1.325016,-6.521866,0.998084,-0.021463,0.012801,-0.056610
9372,-0.238689,-0.438910,9.901618,-1.397533,0.514615,0.062355,-2.592365,1.352375,-6.522192,0.998071,-0.021911,0.013066,-0.056601
9373,-0.235114,-0.459871,9.890043,-1.121385,0.339176,0.286667,-2.639945,1.372065,-6.517169,0.998062,-0.022317,0.013260,-0.056548
9374,-0.236983,-0.460218,9.895432,-1.020736,0.371224,0.227155,-2.683183,1.384817,-6.509349,0.998057,-0.022688,0.013391,-0.056472
9375,-0.238763,-0.456792,9.907804,-0.730796,0.397160,0.199689,-2.710499,1.397323,-6.502800,0.998053,-0.022920,0.013512,-0.056409
9376,-0.231770,-0.471880,9.894470,-0.517150,0.224689,0.321761,-2.729137,1.402855,-6.494561,0.998053,-0.023081,0.013568,-0.056334
9377,-0.241984,-0.481772,9.889126,-0.358508,0.358931,0.243936,-2.750170,1.408041,-6.485765,0.998053,-0.023262,0.013621,-0.056254
9378,-0.245822,-0.471439,9.913013,-0.184574,0.462699,0.173743,-2.761781,1.422728,-6.479535,0.998052,-0.023357,0.013754,-0.056195
9379,-0.241602,-0.467845,9.916214,0.026061,0.334509,0.312603,-2.756908,1.434915,-6.471894,0.998055,-0.023309,0.013856,-0.056126
9380,-0.245086,-0.479409,9.902802,0.145115,0.372626,0.376691,-2.749957,1.443287,-6.460886,0.998061,-0.023246,0.013923,-0.056030
9381,-0.250900,-0.461343,9.905909,0.436613,0.468751,0.494187,-2.734181,1.456921,-6.446910,0.998070,-0.023104,0.014031,-0.055907
9382,-0.252305,-0.448671,9.907902,0.632081,0.276488,0.726132,-2.697128,1.470821,-6.426701,0.998086,-0.022777,0.014130,-0.055732
9383,-0.247058,-0.423997,9.876488,1.096215,0.335973,1.011486,-2.635900,1.479124,-6.397427,0.998111,-0.022243,0.014167,-0.055483
9384,-0.240595,-0.411851,9.847898,2.077705,0.657863,1.525727,-2.541922,1.487580,-6.354899,0.998149,-0.021425,0.014187,-0.055123
9385,-0.256940,-0.424739,9.863898,2.190834,0.934004,1.974352,-2.442834,1.510152,-6.297088,0.998192,-0.020558,0.014326,-0.054627
9386,-0.270920,-0.398843,9.894312,1.121302,1.243807,2.128475,-2.368279,1.554309,-6.229809,0.998233,-0.019896,0.014663,-0.054042
9387,-0.269575,-0.392413,9.928665,-0.048923,1.510881,2.270392,-2.328482,1.607921,-6.157875,0.998267,-0.019534,0.015099,-0.053411
9388,-0.278381,-0.456412,9.988424,-1.080571,1.025629,2.554211,-2.360307,1.652342,-6.079669,0.998293,-0.019801,0.015488,-0.052717
9389,-0.302932,-0.472897,10.011876,-2.344458,-0.161497,2.731208,-2.467500,1.675933,-5.993742,0.998311,-0.020735,0.015727,-0.051949
9390,-0.283031,-0.451599,9.990376,-2.459213,-1.569910,3.143199,-2.583409,1.653427,-5.895761,0.998336,-0.021769,0.015565,-0.051084
9391,-0.240218,-0.494433,9.955344,-2.302294,-2.769506,3.256101,-2.691415,1.558769,-5.786751,0.998374,-0.022766,0.014767,-0.050140
9392,-0.203977,-0.550871,9.855755,-1.007297,-3.377254,2.816600,-2.807814,1.407316,-5.682399,0.998411,-0.023860,0.013476,-0.049249
9393,-0.148416,-0.486849,9.855409,-0.513248,-3.173394,1.858281,-2.875253,1.225428,-5.600240,0.998448,-0.024535,0.011903,-0.048566
9394,-0.127448,-0.452751,9.864507,-0.337615,-2.029637,1.044932,-2.869471,1.055269,-5.547153,0.998484,-0.024562,0.010407,-0.048142
9395,-0.119362,-0.453373,9.903938,-0.807269,-0.937641,0.587132,-2.846718,0.936270,-5.516730,0.998510,-0.024417,0.009354,-0.047905
9396,-0.143610,-0.476299,9.903793,-0.884863,-0.260444,0.458942,-2.846145,0.877863,-5.497825,0.998521,-0.024438,0.008841,-0.047753
9397,-0.174383,-0.465690,9.873566,-2.081030,0.914535,-0.125485,-2.875571,0.891228,-5.492501,0.998516,-0.024689,0.008968,-0.047701
9398,-0.316186,-0.487534,9.579186,-0.980765,3.489524,-1.762763,-2.918216,1.057083,-5.527548,0.998482,-0.024988,0.010439,-0.047966
9399,-0.316913,-0.550762,9.711633,1.323247,6.414130,-4.503280,-2.931668,1.333376,-5.640646,0.998409,-0.024976,0.012876,-0.048887
9400,-0.384290,-0.526671,9.628171,0.788998,8.615100,-6.853179,-2.923605,1.647123,-5.842947,0.998291,-0.024742,0.015650,-0.050579
9401,-0.462841,-0.445091,9.693555,2.333266,11.365494,-8.308876,-2.876273,2.051595,-6.112115,0.998127,-0.024104,0.019209,-0.052839
9402,-0.510496,-0.382782,9.900051,5.792857,11.959739,-8.264582,-2.712744,2.509029,-6.405627,0.997948,-0.022405,0.023176,-0.055324
9403,-0.473565,-0.350975,10.174549,5.080715,9.301927,-6.398337,-2.485503,2.895877,-6.663438,0.997788,-0.020177,0.026480,-0.057537
9404,-0.514743,-0.295909,10.004005,2.664420,5.438365,-3.116031,-2.268627,3.145251,-6.827510,0.997686,-0.018120,0.028568,-0.058970
9405,-0.482935,-0.274053,10.064422,3.006990,2.445923,-0.676040,-2.082438,3.261626,-6.890754,0.997655,-0.016421,0.029495,-0.059546
9406,-0.450668,-0.309633,10.013394,1.966752,-1.105496,0.975014,-1.943808,3.210373,-6.883557,0.997690,-0.015243,0.028975,-0.059528
9407,-0.454700,-0.334358,9.898661,-0.181539,-3.515777,1.995840,-1.884498,3.029426,-6.830029,0.997766,-0.014835,0.027362,-0.059105
9408,-0.440720,-0.356034,9.872455,-0.239638,-3.994096,2.293365,-1.901962,2.818644,-6.755083,0.997848,-0.015114,0.025526,-0.058482
9409,-0.444764,-0.365719,9.896986,-0.145293,-3.802309,1.801988,-1.937853,2.630880,-6.684060,0.997916,-0.015539,0.023900,-0.057885
9410,-0.451065,-0.382683,9.884740,0.328941,-3.469836,1.357922,-1.973379,2.489268,-6.629153,0.997965,-0.015932,0.022677,-0.057422
9411,-0.430941,-0.370331,9.864832,0.571260,-2.951027,1.118338,-1.994436,2.382936,-6.585865,0.998003,-0.016177,0.021756,-0.057058
9412,-0.405493,-0.373217,9.865300,0.226168,-2.220122,0.967261,-2.008654,2.296300,-6.549325,0.998033,-0.016351,0.021003,-0.056752
9414,-0.383590,-0.375789,9.887394,0.026046,-1.748682,0.782613,-2.031544,2.222301,-6.518975,0.998057,-0.016593,0.020365,-0.056495
9415,-0.364246,-0.368680,9.902671,0.315793,-1.667937,0.774971,-2.047158,2.150202,-6.491863,0.998080,-0.016770,0.019741,-0.056268
9416,-0.342378,-0.385859,9.899251,0.877145,-1.678811,0.561328,-2.050186,2.071249,-6.468499,0.998103,-0.016839,0.019052,-0.056077
9417,-0.337099,-0.369925,9.917024,1.156208,-1.723259,0.150840,-2.038399,1.990292,-6.455448,0.998123,-0.016779,0.018339,-0.055979
9418,-0.322303,-0.348170,9.908566,1.482716,-1.888228,-0.035330,-1.999291,1.909025,-6.451599,0.998141,-0.016479,0.017611,-0.055965
9419,-0.313535,-0.345297,9.878833,1.836746,-1.917368,-0.094846,-1.942019,1.827171,-6.451539,0.998160,-0.016020,0.016870,-0.055986
