seq,ax,ay,az,wroll,wpitch,wyaw,roll,pitch,yaw,q0,q1,q2,q3
6131,-0.152500,-0.671665,9.887226,0.082187,-0.127465,-0.261248,-3.886282,0.881625,-0.059889,0.999395,-0.033903,0.007707,-0.000261
6132,-0.125266,-0.674534,9.915192,-1.059339,0.495398,-4.547694,-3.903805,0.882299,-0.140279,0.999390,-0.034050,0.007737,-0.000961
6133,-0.136505,-0.683833,9.931036,-2.713468,1.363490,-5.238949,-3.969254,0.902008,-0.305151,0.999366,-0.034609,0.007959,-0.002389
6134,-0.136687,-0.714092,9.931706,-3.818350,1.850128,-5.048220,-4.080941,0.943385,-0.479961,0.999325,-0.035569,0.008376,-0.003893
6135,-0.157508,-0.726469,9.915934,-4.415144,1.639456,-3.928200,-4.220762,0.990548,-0.633406,0.999271,-0.036775,0.008842,-0.005205
6136,-0.140230,-0.737363,9.891569,-4.409135,1.212063,-2.272583,-4.369716,1.030181,-0.740041,0.999214,-0.038063,0.009229,-0.006110
6137,-0.148352,-0.769144,9.895834,-3.211356,0.857827,-1.112898,-4.497801,1.060196,-0.798977,0.999165,-0.039174,0.009518,-0.006604
6138,-0.141797,-0.787497,9.882861,-1.560424,0.646841,-0.291983,-4.577806,1.083337,-0.824306,0.999134,-0.039868,0.009733,-0.006810
6139,-0.151173,-0.780034,9.860139,-0.506014,0.539468,0.219157,-4.612302,1.102946,-0.827099,0.999121,-0.040167,0.009907,-0.006824
6140,-0.149846,-0.777759,9.865821,0.545547,0.345122,0.412909,-4.611463,1.118487,-0.817781,0.999120,-0.040159,0.010039,-0.006738
6141,-0.167647,-0.785061,9.868889,1.816853,0.013518,0.899644,-4.571671,1.126196,-0.796448,0.999135,-0.039814,0.010097,-0.006552
6142,-0.160613,-0.770806,9.891397,2.738735,-0.397389,1.540503,-4.494940,1.123032,-0.755391,0.999164,-0.039148,0.010051,-0.006202
6143,-0.155600,-0.729492,9.894043,3.321958,-0.739584,2.343116,-4.392643,1.109156,-0.689376,0.999203,-0.038263,0.009902,-0.005640
6144,-0.157650,-0.717330,9.908317,3.867044,-1.186945,2.869545,-4.271123,1.083704,-0.600304,0.999249,-0.037212,0.009645,-0.004882
6145,-0.159435,-0.688821,9.878695,3.849067,-1.393170,2.839016,-4.140699,1.047797,-0.502244,0.999297,-0.036085,0.009296,-0.004050
6146,-0.157439,-0.678822,9.888709,3.030088,-1.274421,2.417849,-4.024422,1.009688,-0.411670,0.999339,-0.035079,0.008932,-0.003281
6147,-0.159053,-0.669695,9.883477,2.198911,-0.850499,2.060770,-3.935938,0.979541,-0.334736,0.999370,-0.034314,0.008643,-0.002626
6148,-0.153737,-0.675335,9.894673,1.275951,-0.409732,1.425973,-3.877015,0.962547,-0.275319,0.999390,-0.033805,0.008476,-0.002117
6149,-0.147503,-0.660480,9.888245,0.574133,0.253794,0.710299,-3.845579,0.962353,-0.239616,0.999400,-0.033534,0.008463,-0.001808
6150,-0.156159,-0.662192,9.900263,0.133235,1.263744,-0.104558,-3.833646,0.988265,-0.231237,0.999402,-0.033430,0.008687,-0.001728
6151,-0.126406,-0.714991,9.772470,0.790493,1.193165,-0.212932,-3.818389,1.028768,-0.239252,0.999403,-0.033295,0.009042,-0.001788
6152,-0.096280,-0.735419,9.730648,0.713129,-1.145439,0.743746,-3.793171,1.030150,-0.230474,0.999410,-0.033076,0.009051,-0.001713
6153,-0.088234,-0.721921,9.758719,0.948470,-3.447752,1.819421,-3.764652,0.956580,-0.182791,0.999425,-0.032832,0.008396,-0.001320
6154,-0.081186,-0.682817,9.840577,1.921209,-4.796389,2.704361,-3.715517,0.824391,-0.098579,0.999448,-0.032411,0.007218,-0.000627
6155,-0.077441,-0.649640,9.899011,2.847141,-5.493287,3.494715,-3.634566,0.659869,0.015523,0.999480,-0.031713,0.005751,0.000318
6156,-0.097227,-0.541986,10.038665,3.175506,-4.944490,3.838016,-3.532846,0.493883,0.148369,0.999515,-0.030830,0.004268,0.001427
6157,-0.100033,-0.478439,10.080642,3.695171,-2.779222,2.833964,-3.417428,0.372131,0.267162,0.999547,-0.029826,0.003176,0.002427
6158,-0.099217,-0.474254,10.026902,3.760212,-0.455070,1.408768,-3.292717,0.322443,0.340887,0.999579,-0.028739,0.002727,0.003054
6159,-0.083829,-0.505140,9.943866,3.068366,0.547783,0.697711,-3.178704,0.325953,0.375832,0.999606,-0.027745,0.002752,0.003357
6160,-0.041663,-0.507276,9.905473,2.271097,0.193861,0.659573,-3.089583,0.339528,0.397736,0.999626,-0.026968,0.002868,0.003549
6161,-0.005793,-0.534408,9.888112,1.619831,-0.001945,0.378778,-3.024633,0.343646,0.414848,0.999640,-0.026402,0.002902,0.003698
6162,0.009192,-0.548632,9.859737,1.731017,0.393917,0.535900,-2.968695,0.350967,0.429731,0.999652,-0.025915,0.002965,0.003828
6163,0.026079,-0.521777,9.859379,2.167156,0.017418,1.285069,-2.903540,0.359368,0.459689,0.999666,-0.025348,0.003033,0.004090
6164,0.020525,-0.516140,9.882161,1.895358,-0.325614,1.405553,-2.835552,0.356486,0.504736,0.999679,-0.024756,0.003001,0.004480
6166,-0.002791,-0.483842,9.871058,2.230990,-0.154206,1.539783,-2.766474,0.350899,0.554160,0.999692,-0.024154,0.002944,0.004908
6167,-0.029161,-0.434638,9.906735,2.357996,-0.672148,1.701501,-2.689662,0.339712,0.608775,0.999706,-0.023485,0.002839,0.005381
6168,-0.065248,-0.402895,9.951919,2.126838,-0.940893,1.298653,-2.614623,0.315171,0.659972,0.999719,-0.022830,0.002618,0.005821
6169,-0.077641,-0.391259,9.969139,1.644043,-0.525635,0.589112,-2.551605,0.292171,0.692507,0.999730,-0.022280,0.002414,0.006098
6170,-0.069760,-0.372025,9.934895,1.268107,-0.139275,0.116094,-2.503008,0.281616,0.704737,0.999739,-0.021856,0.002323,0.006202
6171,-0.033632,-0.384308,9.926903,0.550262,-0.525307,-0.149412,-2.472702,0.270524,0.704662,0.999745,-0.021591,0.002227,0.006199
6172,-0.017884,-0.406630,9.903502,0.059423,-0.293684,-0.352371,-2.462577,0.256526,0.696895,0.999748,-0.021502,0.002107,0.006128
6173,0.010084,-0.419180,9.879335,-0.091449,-0.335486,-0.251685,-2.463153,0.245617,0.687288,0.999748,-0.021506,0.002014,0.006042
6174,0.004162,-0.421522,9.893693,-0.437764,-0.806201,-0.289864,-2.472007,0.226218,0.679090,0.999748,-0.021582,0.001846,0.005967
6175,-0.020292,-0.397307,9.911991,-0.396314,-0.724275,-0.508090,-2.485954,0.200158,0.666906,0.999746,-0.021702,0.001620,0.005856
6176,-0.067211,-0.383727,9.901709,0.115425,-0.051242,-0.920084,-2.490713,0.186212,0.643687,0.999747,-0.021743,0.001503,0.005651
6177,-0.076711,-0.373952,9.894043,0.407617,0.149211,-1.473968,-2.482127,0.186113,0.603752,0.999750,-0.021667,0.001510,0.005303
6178,-0.079827,-0.364186,9.901194,0.463428,0.108676,-2.015641,-2.467800,0.187896,0.545460,0.999755,-0.021541,0.001537,0.004794
6179,-0.057168,-0.359943,9.896774,0.735993,0.096992,-2.308592,-2.448047,0.188230,0.473309,0.999762,-0.021368,0.001554,0.004165
6180,-0.019902,-0.393268,9.922834,0.982372,0.054352,-2.790779,-2.419686,0.187142,0.388288,0.999770,-0.021120,0.001561,0.003422
6181,0.029530,-0.437834,9.938898,1.051133,0.169785,-3.005956,-2.386109,0.186824,0.291604,0.999779,-0.020825,0.001577,0.002578
6182,0.036509,-0.457365,9.922562,1.264318,0.385523,-2.267449,-2.347811,0.192441,0.203406,0.999787,-0.020490,0.001643,0.001809
6183,0.029325,-0.417338,9.924386,1.215097,-0.028950,-1.116942,-2.306681,0.196092,0.146804,0.999795,-0.020130,0.001685,0.001315
6184,0.015911,-0.407946,9.939666,0.473368,-0.309006,-0.663777,-2.278638,0.189280,0.117375,0.999800,-0.019885,0.001631,0.001057
6185,0.037189,-0.379946,9.941312,0.006492,-0.595217,0.224278,-2.270661,0.173930,0.110655,0.999802,-0.019815,0.001498,0.000996
6186,0.018760,-0.353321,9.937902,-0.508865,-0.622014,0.854452,-2.278979,0.154373,0.129426,0.999801,-0.019888,0.001324,0.001156
6187,-0.017837,-0.333309,9.937312,-0.654613,-0.517142,0.881905,-2.298294,0.136558,0.159101,0.999797,-0.020057,0.001164,0.001412
6188,-0.037712,-0.351036,9.936390,-0.833882,-0.218024,0.498901,-2.323049,0.125244,0.182590,0.999793,-0.020273,0.001060,0.001615
6189,-0.027275,-0.336913,9.930160,-0.691152,0.102561,0.343264,-2.348435,0.123894,0.196694,0.999788,-0.020494,0.001046,0.001738
6190,-0.076209,-0.313790,9.891622,-0.329895,0.569931,0.274618,-2.365430,0.135516,0.206523,0.999785,-0.020643,0.001145,0.001826
6191,-0.075303,-0.295946,9.894488,-0.259749,0.292984,-0.111407,-2.375252,0.149998,0.208647,0.999783,-0.020729,0.001271,0.001848
6192,-0.001033,-0.332364,9.943399,-0.970964,-0.477414,-1.036105,-2.395812,0.146131,0.189666,0.999779,-0.020908,0.001240,0.001681
6193,0.036773,-0.394431,9.968451,-1.342551,-0.357492,-1.684648,-2.434478,0.130318,0.144945,0.999773,-0.021245,0.001110,0.001289
6194,0.043889,-0.438935,9.958923,-1.112086,0.102413,-1.612968,-2.475511,0.123717,0.090218,0.999766,-0.021602,0.001062,0.000810
6195,0.061559,-0.477577,9.960177,-1.007246,0.174584,-1.597756,-2.510952,0.126002,0.036557,0.999759,-0.021911,0.001092,0.000343
6196,0.046726,-0.509431,9.938774,-0.957757,0.461894,-1.397910,-2.543816,0.134399,-0.013790,0.999753,-0.022197,0.001175,-0.000094
6197,0.005736,-0.483168,9.877718,-0.389437,1.247044,-0.741795,-2.566366,0.161262,-0.050685,0.999748,-0.022393,0.001417,-0.000411
6198,-0.013560,-0.459843,9.836946,-0.008413,1.303190,-0.384743,-2.573066,0.202882,-0.071345,0.999746,-0.022451,0.001784,-0.000583
6199,-0.033016,-0.456497,9.819112,0.148508,0.912438,-0.415268,-2.570791,0.239174,-0.086321,0.999746,-0.022431,0.002104,-0.000706
6200,-0.040215,-0.442411,9.839554,-0.063710,0.404285,-0.424424,-2.569442,0.260470,-0.101286,0.999746,-0.022419,0.002292,-0.000833
6201,-0.026233,-0.421663,9.890009,-0.080340,-0.137560,-0.326771,-2.571901,0.264349,-0.113993,0.999745,-0.022440,0.002329,-0.000943
6202,-0.016182,-0.440763,9.944703,-0.389900,-0.414103,-0.429023,-2.579792,0.254598,-0.126164,0.999744,-0.022509,0.002246,-0.001051
6203,-0.021742,-0.428133,9.918182,-0.119633,0.101285,-0.070447,-2.588320,0.249014,-0.134245,0.999742,-0.022583,0.002199,-0.001122
6204,-0.026669,-0.408975,9.925399,-0.229079,-0.109573,0.219469,-2.594121,0.248989,-0.131757,0.999741,-0.022633,0.002198,-0.001100
6205,-0.024593,-0.421263,9.943541,-0.545976,-0.361604,0.259133,-2.607003,0.241506,-0.123432,0.999739,-0.022746,0.002131,-0.001029
6206,-0.035473,-0.416920,9.911520,-0.479904,0.102098,0.355261,-2.624058,0.237652,-0.113006,0.999735,-0.022895,0.002096,-0.000938
6207,-0.052717,-0.390442,9.866560,-0.256423,0.149441,0.574999,-2.636266,0.242552,-0.097709,0.999733,-0.023002,0.002136,-0.000804
6208,-0.051024,-0.391224,9.900454,-0.644620,-0.680512,0.451409,-2.651210,0.234499,-0.080212,0.999730,-0.023133,0.002062,-0.000652
6209,-0.049046,-0.419072,9.890071,-0.773575,-0.472859,0.103507,-2.674808,0.215727,-0.070081,0.999726,-0.023339,0.001896,-0.000567
6210,-0.051468,-0.449337,9.828401,-0.197948,-0.107996,-0.039921,-2.690995,0.206107,-0.068569,0.999723,-0.023480,0.001812,-0.000556
6211,-0.044883,-0.453196,9.824311,-0.110838,-0.800593,0.015021,-2.696141,0.190961,-0.068272,0.999722,-0.023525,0.001680,-0.000556
6212,-0.017119,-0.459521,9.876646,-0.049698,-1.688727,0.019597,-2.698808,0.149545,-0.065743,0.999722,-0.023549,0.001318,-0.000543
6213,-0.001464,-0.496477,9.891718,-0.103283,-1.522691,-0.464135,-2.701368,0.095732,-0.070623,0.999722,-0.023571,0.000850,-0.000596
6214,0.016145,-0.490588,9.903712,0.288494,-1.620763,-0.087252,-2.698292,0.042967,-0.077335,0.999723,-0.023545,0.000391,-0.000666
6215,0.027611,-0.451048,9.935159,0.279293,-1.860822,0.263688,-2.688826,-0.014857,-0.071672,0.999725,-0.023462,-0.000115,-0.000628
6216,0.032162,-0.456680,9.949715,0.067390,-1.640028,0.007311,-2.683051,-0.072929,-0.064426,0.999726,-0.023412,-0.000623,-0.000577
6217,0.032367,-0.463365,9.924789,-0.011869,-1.025434,0.033235,-2.682132,-0.117273,-0.061671,0.999725,-0.023404,-0.001011,-0.000562
6218,0.035658,-0.432238,9.889590,0.536174,-0.851731,0.657326,-2.673423,-0.147987,-0.048712,0.999727,-0.023328,-0.001281,-0.000455
6219,0.034957,-0.426770,9.874261,0.448143,-1.019763,0.593227,-2.657080,-0.178176,-0.026443,0.999730,-0.023186,-0.001549,-0.000267
6220,0.037211,-0.420415,9.895134,0.175532,-1.320484,0.545916,-2.646758,-0.216260,-0.005672,0.999731,-0.023095,-0.001886,-0.000093
6221,0.051641,-0.443454,9.906536,-0.237609,-1.323685,0.417731,-2.647868,-0.259540,0.012408,0.999731,-0.023105,-0.002267,0.000056
6222,0.060537,-0.451503,9.912862,-0.287810,-1.210981,0.374995,-2.656699,-0.301127,0.027562,0.999728,-0.023181,-0.002633,0.000180
6223,0.064407,-0.446707,9.922681,-0.527232,-1.232544,0.271222,-2.670355,-0.341308,0.040214,0.999724,-0.023300,-0.002986,0.000281
6224,0.079238,-0.476403,9.946397,-0.305964,-1.011516,0.374974,-2.684320,-0.378165,0.052720,0.999720,-0.023421,-0.003310,0.000383
6225,0.091575,-0.481481,9.935184,0.418647,-0.500661,1.099774,-2.682617,-0.402189,0.078452,0.999720,-0.023406,-0.003525,0.000602
6226,0.087142,-0.434350,9.913183,1.288530,-0.349906,1.914603,-2.654524,-0.414012,0.129298,0.999725,-0.023159,-0.003638,0.001044
6227,0.077410,-0.429613,9.901427,1.525479,-0.305823,1.960370,-2.608097,-0.421966,0.194315,0.999733,-0.022752,-0.003720,0.001611
6228,0.092313,-0.423279,9.917951,1.728844,-0.328891,2.134315,-2.554368,-0.429462,0.262968,0.999742,-0.022280,-0.003798,0.002211
6229,0.090669,-0.380096,9.923243,1.525027,-0.410020,2.000016,-2.500662,-0.438726,0.332352,0.999751,-0.021809,-0.003891,0.002816
6230,0.085307,-0.392987,9.908354,0.668194,-0.506339,0.902862,-2.464490,-0.451889,0.381351,0.999756,-0.021492,-0.004014,0.003242
6231,0.087141,-0.423484,9.919424,0.190892,-0.448484,0.364202,-2.450349,-0.466882,0.403134,0.999757,-0.021367,-0.004149,0.003430
6232,0.099347,-0.389663,9.929568,-0.121644,-0.254888,0.275689,-2.449287,-0.478138,0.414291,0.999757,-0.021357,-0.004249,0.003525
6233,0.087931,-0.395472,9.928893,-0.749861,0.352262,-0.650560,-2.463759,-0.476784,0.407979,0.999754,-0.021484,-0.004236,0.003470
6234,0.066314,-0.407020,9.883580,-1.192037,0.741453,-1.155641,-2.495872,-0.459875,0.377115,0.999750,-0.021765,-0.004084,0.003203
6235,0.055407,-0.409481,9.894475,-1.207007,0.914173,-1.151053,-2.535547,-0.433995,0.337495,0.999744,-0.022114,-0.003852,0.002861
6236,0.055919,-0.412088,9.903287,-1.243281,1.202885,-1.488270,-2.576054,-0.400707,0.291975,0.999738,-0.022469,-0.003553,0.002469
6237,0.038836,-0.443995,9.914137,-1.240023,0.986562,-1.727827,-2.617073,-0.366681,0.236775,0.999732,-0.022830,-0.003246,0.001993
6238,0.034172,-0.456516,9.900344,-1.050822,0.320165,-1.312755,-2.654931,-0.347255,0.185149,0.999726,-0.023162,-0.003067,0.001545
6239,0.039166,-0.451720,9.906931,-0.608278,0.297638,-1.105212,-2.682337,-0.338847,0.144412,0.999721,-0.023402,-0.002986,0.001191
6240,0.034633,-0.458867,9.912528,-0.255695,0.407829,-1.228798,-2.696507,-0.328926,0.105002,0.999719,-0.023527,-0.002891,0.000849
6241,0.026309,-0.453972,9.902846,0.087770,0.170179,-0.903759,-2.699102,-0.320975,0.069046,0.999719,-0.023550,-0.002814,0.000536
6242,0.034551,-0.442533,9.884893,0.727392,0.342980,-0.398661,-2.685393,-0.313451,0.046961,0.999722,-0.023431,-0.002744,0.000346
6243,0.044231,-0.451062,9.887017,1.324289,0.450018,-0.276578,-2.651135,-0.300771,0.035104,0.999729,-0.023133,-0.002631,0.000246
6244,0.044963,-0.453595,9.922826,1.370201,0.268556,-0.276573,-2.606177,-0.289229,0.025345,0.999738,-0.022741,-0.002528,0.000164
6245,0.053576,-0.442441,9.929946,1.371838,0.122094,-0.024795,-2.560450,-0.282951,0.020034,0.999747,-0.022342,-0.002473,0.000120
6246,0.067896,-0.431735,9.923794,1.495593,0.105149,-0.023277,-2.512655,-0.279202,0.019067,0.999757,-0.021925,-0.002440,0.000113
6247,0.064402,-0.428500,9.913239,1.245475,-0.032436,-0.262859,-2.466947,-0.278199,0.014250,0.999765,-0.021526,-0.002430,0.000072
6248,0.046308,-0.409600,9.919374,0.949621,-0.066108,-0.311694,-2.430316,-0.280250,0.004753,0.999772,-0.021207,-0.002446,-0.000010
6249,0.049525,-0.389303,9.900345,0.850787,-0.270576,-0.062969,-2.400280,-0.286120,-0.001249,0.999778,-0.020945,-0.002496,-0.000063
6250,0.051020,-0.394041,9.901106,0.707725,-0.414031,-0.128587,-2.374290,-0.297652,-0.003963,0.999782,-0.020718,-0.002596,-0.000088
6251,0.041604,-0.395805,9.907567,0.459258,-0.203393,-0.273549,-2.354807,-0.308211,-0.010235,0.999785,-0.020548,-0.002687,-0.000145
6252,0.037404,-0.399523,9.920153,0.325146,-0.212362,-0.323897,-2.341682,-0.315542,-0.019900,0.999787,-0.020434,-0.002749,-0.000230
6253,0.042566,-0.393361,9.921919,0.189489,-0.219788,-0.261326,-2.333052,-0.323137,-0.029352,0.999789,-0.020359,-0.002814,-0.000314
6254,0.054584,-0.395920,9.939375,0.276621,-0.137290,-0.236908,-2.325238,-0.329421,-0.037408,0.999790,-0.020291,-0.002868,-0.000385
6255,0.062748,-0.395426,9.920965,0.615494,-0.073232,-0.102629,-2.310338,-0.333155,-0.042920,0.999792,-0.020161,-0.002899,-0.000433
6256,0.063986,-0.381262,9.912398,0.954437,-0.289999,0.092685,-2.284173,-0.339211,-0.042843,0.999797,-0.019933,-0.002952,-0.000433
6257,0.072796,-0.354480,9.923944,1.742247,-0.288619,0.120143,-2.239251,-0.348706,-0.038918,0.999804,-0.019541,-0.003036,-0.000399
6258,0.072122,-0.341511,9.916189,3.595352,-0.044657,0.017895,-2.150307,-0.354169,-0.036407,0.999819,-0.018765,-0.003084,-0.000376
6259,0.064032,-0.322681,9.901418,5.807106,0.251267,-0.084350,-1.993592,-0.350769,-0.037641,0.999844,-0.017397,-0.003055,-0.000382
6260,0.062490,-0.269372,9.923437,7.987030,0.533532,0.162843,-1.763695,-0.337654,-0.036765,0.999877,-0.015391,-0.002941,-0.000366
6261,0.051884,-0.231112,9.931711,10.229701,0.673953,0.573311,-1.460152,-0.317189,-0.025069,0.999915,-0.012742,-0.002765,-0.000254
6262,0.040647,-0.177132,9.892219,12.368603,0.883155,1.008198,-1.083654,-0.290651,0.000707,0.999952,-0.009456,-0.002536,-0.000018
6263,0.028314,-0.095938,9.920485,13.508148,1.083313,1.301175,-0.652562,-0.257290,0.038694,0.999981,-0.005694,-0.002247,0.000325
6264,0.021374,0.003737,9.947360,14.743707,1.410103,1.504122,-0.181898,-0.215389,0.085141,0.999997,-0.001586,-0.001881,0.000740
6265,0.001734,0.104552,9.938454,16.647448,2.086301,1.188253,0.341132,-0.157176,0.130086,0.999994,0.002978,-0.001368,0.001139
6266,-0.020264,0.211895,9.971304,18.333107,2.466555,0.791508,0.924060,-0.081684,0.163899,0.999966,0.008065,-0.000701,0.001436
6267,-0.053070,0.308868,9.981931,20.641384,2.392197,0.629752,1.573599,-0.001264,0.189338,0.999904,0.013732,0.000012,0.001652
6269,-0.038805,0.490034,9.970320,22.267799,0.979571,-0.293440,2.288730,0.054696,0.196850,0.999799,0.019971,0.000512,0.001708
6270,-0.042343,0.646561,9.945308,22.760815,-0.666645,-0.935863,3.039156,0.060805,0.176705,0.999647,0.026518,0.000571,0.001527
6271,-0.040564,0.803920,9.941961,23.078568,-2.390714,-1.030478,3.803090,0.011858,0.141039,0.999449,0.033182,0.000144,0.001227
6272,-0.018591,0.974577,9.870142,23.218037,-3.039066,-0.974028,4.574689,-0.075963,0.101206,0.999203,0.039912,-0.000627,0.000909
6273,0.003918,1.150769,9.857005,22.141659,-2.744469,-0.826021,5.330730,-0.169400,0.063033,0.998917,0.046503,-0.001451,0.000618
6274,-0.000873,1.249042,9.843192,21.327778,-1.634981,0.353501,6.055242,-0.241239,0.047949,0.998602,0.052818,-0.002080,0.000529
6275,0.004291,1.343225,9.850176,21.342241,-0.496398,1.322431,6.766276,-0.279589,0.071693,0.998254,0.059014,-0.002399,0.000769
6276,0.003400,1.452751,9.820502,21.351971,0.631556,1.917499,7.477556,-0.283991,0.125500,0.997868,0.065210,-0.002402,0.001254
6277,-0.012676,1.558160,9.843342,21.315800,0.908129,2.102078,8.188327,-0.267661,0.195309,0.997444,0.071400,-0.002208,0.001867
6278,-0.015881,1.684537,9.833468,21.563381,0.607964,2.245445,8.902607,-0.253430,0.270703,0.996978,0.077617,-0.002022,0.002527
6279,-0.030262,1.798635,9.795224,22.197010,0.703055,2.010371,9.631596,-0.243284,0.344240,0.996462,0.083958,-0.001863,0.003172
6280,-0.041348,1.939354,9.777223,22.719280,0.808903,1.769174,10.379895,-0.229428,0.410643,0.995891,0.090464,-0.001670,0.003750
6281,-0.041741,2.068590,9.769081,22.629704,0.399012,1.338753,11.135463,-0.219333,0.465279,0.995271,0.097029,-0.001511,0.004227
6282,-0.019378,2.203062,9.714465,23.550322,0.039384,0.752697,11.904957,-0.219163,0.500909,0.994596,0.103711,-0.001449,0.004546
6283,-0.018077,2.349372,9.696554,24.657188,-0.244040,-0.202622,12.708341,-0.224488,0.509151,0.993844,0.110681,-0.001455,0.004633
6284,-0.020279,2.486380,9.672817,25.455858,-0.922673,-0.588777,13.543582,-0.240488,0.491893,0.993011,0.117923,-0.001578,0.004510
6285,-0.019527,2.634674,9.589580,25.278004,-1.569245,-0.985625,14.389257,-0.274488,0.456441,0.992115,0.125248,-0.001878,0.004252
6286,-0.021774,2.759159,9.521889,24.868248,-1.701547,-0.947601,15.225212,-0.318988,0.411393,0.991175,0.132483,-0.002284,0.003927
6287,-0.037234,2.859367,9.497635,23.187216,-1.527029,-0.549494,16.026321,-0.364087,0.372881,0.990224,0.139409,-0.002693,0.003665
6288,-0.022408,2.954215,9.456109,20.530836,-1.508103,0.294159,16.755045,-0.411393,0.354527,0.989317,0.145704,-0.003101,0.003584
6289,-0.008381,3.070415,9.441512,17.894125,-1.229816,0.786855,17.395409,-0.460262,0.358373,0.988485,0.151232,-0.003497,0.003699
6290,-0.005950,3.160142,9.434237,16.775585,-1.014095,1.123899,17.973064,-0.505539,0.377357,0.987708,0.156214,-0.003843,0.003942
6291,0.001552,3.260293,9.439442,16.494667,-0.946367,1.070292,18.527330,-0.548003,0.401855,0.986938,0.160992,-0.004155,0.004231
6292,0.008247,3.381219,9.438559,17.275829,-0.712312,0.958692,19.089930,-0.585074,0.424951,0.986133,0.165837,-0.004420,0.004504
6293,0.000015,3.473397,9.394211,18.943630,-0.514831,0.749407,19.693361,-0.613820,0.445001,0.985244,0.171029,-0.004614,0.004742
6294,0.002067,3.569421,9.322204,21.240158,-0.446996,0.839175,20.362858,-0.637955,0.464372,0.984226,0.176784,-0.004763,0.004973
6295,0.006385,3.670292,9.271797,23.036201,-0.209776,1.009805,21.100483,-0.659098,0.489313,0.983065,0.183117,-0.004873,0.005251
6296,0.009374,3.799634,9.202020,23.307898,-0.117522,1.250618,21.872465,-0.677962,0.522359,0.981807,0.189738,-0.004944,0.005598
6297,0.012830,3.923212,9.138892,23.054754,-0.246531,1.569241,22.644640,-0.701365,0.563557,0.980502,0.196352,-0.005036,0.006024
6298,0.026929,4.030014,9.094434,22.629129,-0.064287,1.604047,23.405422,-0.726803,0.610221,0.979173,0.202860,-0.005130,0.006501
6299,0.019550,4.144220,9.052582,21.429754,0.084387,1.561019,24.139078,-0.747752,0.658625,0.977850,0.209127,-0.005179,0.006985
6300,0.013241,4.261170,9.034240,20.652975,-0.012544,1.502693,24.839808,-0.767822,0.705585,0.976548,0.215106,-0.005219,0.007454
6301,0.015405,4.368819,8.993780,21.792677,-0.252879,1.500801,25.546612,-0.793135,0.749005,0.975198,0.221128,-0.005305,0.007905
6302,0.032469,4.483493,8.935138,22.302164,-0.900677,0.851924,26.281116,-0.827571,0.775883,0.973757,0.227377,-0.005493,0.008235
6303,0.040262,4.613905,8.872193,22.895658,-1.621773,0.048940,27.034456,-0.871925,0.770453,0.972238,0.233775,-0.005826,0.008315
6304,0.046789,4.723288,8.800960,23.173340,-1.875941,-0.659445,27.802794,-0.919040,0.734586,0.970647,0.240289,-0.006245,0.008149
6305,0.046533,4.820495,8.704327,22.338610,-1.887464,-1.346493,28.562250,-0.958577,0.675482,0.969034,0.246715,-0.006652,0.007776
6306,0.049813,4.929359,8.651473,19.807001,-1.633443,-1.882505,29.265921,-0.983959,0.599979,0.967504,0.252657,-0.006985,0.007235
6307,0.038618,4.998460,8.576758,17.852064,-0.813249,-1.745623,29.894796,-0.989603,0.527234,0.966107,0.257958,-0.007157,0.006673
6308,0.016806,5.074331,8.551242,15.364378,-0.006671,-1.415024,30.449280,-0.974928,0.474790,0.964851,0.262626,-0.007121,0.006232
6309,0.020045,5.158482,8.543272,13.924819,0.397112,-0.974596,30.937939,-0.948985,0.443837,0.963726,0.266736,-0.006948,0.005942
6310,0.035333,5.246010,8.535995,13.381281,0.514336,-0.471810,31.393242,-0.923494,0.431063,0.962661,0.270562,-0.006741,0.005802
6311,0.028893,5.299733,8.479598,14.046235,0.764257,-0.478657,31.850393,-0.897027,0.428751,0.961577,0.274400,-0.006501,0.005746
6312,0.017704,5.371608,8.452838,14.764167,0.554500,-0.357102,32.330563,-0.871002,0.428620,0.960420,0.278426,-0.006259,0.005709
6313,0.028619,5.453125,8.395968,16.296982,0.129557,0.068122,32.848202,-0.858803,0.430713,0.959153,0.282762,-0.006126,0.005724
6314,0.023516,5.500331,8.302135,18.130463,-0.028394,-0.026978,33.421967,-0.857761,0.432233,0.957726,0.287561,-0.006085,0.005765
6315,0.010349,5.553930,8.212720,18.987333,-0.053544,-0.300649,34.040653,-0.855872,0.426936,0.956160,0.292727,-0.006051,0.005749
6316,0.001791,5.639381,8.155729,19.033905,-0.257171,-0.151688,34.674458,-0.855903,0.417783,0.954526,0.298011,-0.006043,0.005706
6317,0.010638,5.751101,8.113333,18.215284,-0.379931,0.085768,35.295353,-0.863972,0.410806,0.952897,0.303178,-0.006098,0.005702
6318,0.006636,5.839122,8.062203,16.978554,-0.435568,0.108066,35.881977,-0.876900,0.405534,0.951332,0.308052,-0.006190,0.005724
6319,0.012790,5.938219,8.036417,15.862325,-0.616331,0.064738,36.429443,-0.892755,0.397519,0.949849,0.312593,-0.006316,0.005730
6320,0.020087,5.990551,7.993408,14.858890,-0.670473,0.195377,36.941601,-0.912550,0.388188,0.948441,0.316835,-0.006480,0.005736
6321,0.030674,6.046791,7.951172,13.850904,-0.837203,0.977327,37.420078,-0.944379,0.388581,0.947108,0.320793,-0.006718,0.005855
6322,0.046817,6.117275,7.883097,14.004375,-1.067747,1.434027,37.884113,-0.994047,0.401030,0.945796,0.324626,-0.007069,0.006126
6323,0.050492,6.163479,7.805452,14.731461,-0.967552,0.983086,38.362846,-1.045595,0.411797,0.944427,0.328576,-0.007437,0.006392
6324,0.041911,6.228481,7.753570,14.912037,-0.702832,0.626956,38.856834,-1.084104,0.415378,0.942998,0.332644,-0.007716,0.006565
6325,0.045587,6.315895,7.711136,15.619086,-0.670000,0.516448,39.365669,-1.113882,0.415715,0.941509,0.336828,-0.007930,0.006690
6326,0.044305,6.405718,7.643784,16.860327,-0.699710,-0.173944,39.907177,-1.135106,0.405542,0.939905,0.341273,-0.008103,0.006707
6327,0.031854,6.463728,7.601367,18.402178,-0.715632,-0.666023,40.495388,-1.144107,0.379600,0.938142,0.346091,-0.008221,0.006563
6328,0.036226,6.536024,7.541749,20.056835,-0.841390,-0.543194,41.137001,-1.150586,0.347366,0.936191,0.351336,-0.008336,0.006365
6329,0.051650,6.592042,7.419950,20.397678,-1.055707,-0.733148,41.811947,-1.160183,0.310489,0.934106,0.356841,-0.008491,0.006144
6330,0.056658,6.694616,7.361358,20.048838,-1.132747,-1.032936,42.486980,-1.167485,0.264183,0.931990,0.362334,-0.008660,0.005840
6331,0.065775,6.783786,7.305282,20.110415,-1.254077,-0.780321,43.157280,-1.176134,0.214962,0.929856,0.367776,-0.008854,0.005519
6332,0.064872,6.852047,7.198462,18.900871,-1.380006,-0.901553,43.808483,-1.188693,0.164417,0.927752,0.373050,-0.009089,0.005201
6333,0.066774,6.940281,7.127917,17.074875,-1.531877,-1.401230,44.409336,-1.196839,0.103071,0.925785,0.377904,-0.009330,0.004780
6334,0.063137,7.029408,7.118003,17.096651,-2.010289,-1.136438,44.980343,-1.209086,0.031460,0.923893,0.382506,-0.009644,0.004290
6335,0.056292,7.090770,7.005910,19.157022,-2.783174,-0.470370,45.586185,-1.246273,-0.044146,0.921857,0.387378,-0.010176,0.003858
6336,0.073210,7.124886,6.893709,20.921444,-3.456888,-0.632884,46.256092,-1.305403,-0.131628,0.919574,0.392750,-0.010927,0.003418
6337,0.082239,7.180399,6.800956,22.463036,-3.930739,-1.033425,46.981670,-1.369803,-0.240208,0.917066,0.398550,-0.011798,0.002842
6338,0.075996,7.275466,6.697471,23.400383,-4.270273,-1.171564,47.749092,-1.435361,-0.365692,0.914374,0.404665,-0.012745,0.002152
6339,0.099597,7.393989,6.587844,23.416229,-4.402283,-1.207492,48.532776,-1.502290,-0.499839,0.911581,0.410888,-0.013744,0.001412
6340,0.119259,7.464980,6.516216,24.141605,-4.635062,-1.852220,49.329292,-1.562801,-0.646938,0.908699,0.417191,-0.014749,0.000561
6341,0.104700,7.513787,6.360029,23.897942,-4.204038,-2.852542,50.134411,-1.598216,-0.810105,0.905743,0.423540,-0.015628,-0.000494
6342,0.112153,7.631640,6.265656,20.884806,-3.302985,-2.958748,50.885155,-1.603057,-0.968369,0.902946,0.429442,-0.016262,-0.001621
6343,0.134382,7.705606,6.213108,17.244392,-3.000156,-1.732766,51.524277,-1.607934,-1.099315,0.900535,0.434452,-0.016805,-0.002541
6344,0.132069,7.761231,6.151118,13.641878,-2.854544,-0.824131,52.041954,-1.634807,-1.202344,0.898558,0.438497,-0.017422,-0.003170
6345,0.142377,7.852046,6.111087,7.202603,-1.828170,-0.375201,52.391499,-1.666827,-1.276272,0.897212,0.441220,-0.017966,-0.003572
6346,0.170189,7.946147,6.178492,1.471146,-1.168076,0.433918,52.537201,-1.698034,-1.315283,0.896647,0.442350,-0.018366,-0.003734
6347,0.185188,7.925272,6.181343,-0.593898,-1.018013,0.596535,52.552387,-1.733831,-1.333755,0.896585,0.442460,-0.018718,-0.003738
6348,0.178574,7.891346,6.174313,-2.360439,-0.753218,0.177426,52.503613,-1.762031,-1.349338,0.896771,0.442072,-0.018997,-0.003759
6349,0.181167,7.862578,6.180814,-3.583867,-0.285440,-0.070819,52.404930,-1.773991,-1.361981,0.897150,0.441295,-0.019136,-0.003828
6350,0.180389,7.824735,6.163295,-3.581630,-0.205515,-0.019646,52.285740,-1.777798,-1.369379,0.897608,0.440360,-0.019190,-0.003891
6351,0.167911,7.793412,6.195557,-4.087587,-0.316295,-0.095166,52.158161,-1.781614,-1.377429,0.898097,0.439359,-0.019247,-0.003961
6352,0.157946,7.779650,6.219026,-3.939025,-0.430070,0.061191,52.024696,-1.788809,-1.387596,0.898607,0.438309,-0.019337,-0.004035
6353,0.162273,7.765336,6.224079,-2.753274,-0.393947,-0.007196,51.913486,-1.797979,-1.397867,0.899031,0.437434,-0.019444,-0.004100
6354,0.162672,7.730302,6.239471,-2.355429,-0.265927,-0.631423,51.828823,-1.796396,-1.413098,0.899354,0.436767,-0.019487,-0.004240
6355,0.163685,7.727177,6.272876,-2.652082,-0.234034,-0.773451,51.746017,-1.783151,-1.434135,0.899669,0.436116,-0.019460,-0.004469
6356,0.165396,7.701590,6.270678,-1.657899,-0.156381,-0.506498,51.674747,-1.770439,-1.452469,0.899940,0.435555,-0.019427,-0.004674
6357,0.163630,7.703160,6.283897,-2.171305,-0.058911,-0.381428,51.611294,-1.761061,-1.464472,0.900182,0.435056,-0.019396,-0.004815
6358,0.169323,7.707345,6.301102,-2.477162,0.015638,-0.375338,51.534088,-1.751630,-1.472880,0.900475,0.434450,-0.019351,-0.004929
6359,0.163637,7.690385,6.304773,-1.774382,-0.021218,-0.083881,51.463371,-1.745699,-1.477720,0.900743,0.433894,-0.019320,-0.005002
6360,0.157339,7.671283,6.303017,-1.089902,-0.029040,-0.032042,51.415691,-1.744711,-1.479581,0.900923,0.433519,-0.019317,-0.005028
6361,0.153157,7.668711,6.296078,-1.052320,-0.044453,-0.245766,51.380100,-1.741857,-1.483429,0.901058,0.433239,-0.019307,-0.005075
6362,0.154424,7.657607,6.302394,-0.378380,0.062218,-0.381678,51.356457,-1.733503,-1.489729,0.901148,0.433053,-0.019264,-0.005161
6363,0.157509,7.649127,6.313194,-0.226417,-0.027980,-0.247464,51.346546,-1.724956,-1.495834,0.901185,0.432976,-0.019220,-0.005243
6364,0.159852,7.661105,6.322126,-0.646728,-0.080066,-0.264269,51.332207,-1.719422,-1.502571,0.901240,0.432863,-0.019201,-0.005319
6365,0.165203,7.659262,6.327048,-0.713026,0.006663,-0.438189,51.309784,-1.711046,-1.510847,0.901325,0.432686,-0.019166,-0.005419
6366,0.171471,7.665433,6.326906,-1.014277,-0.106567,-0.204608,51.281239,-1.703727,-1.518849,0.901432,0.432462,-0.019137,-0.005515
6367,0.170921,7.658233,6.330647,-1.123222,-0.370903,0.013759,51.245853,-1.706226,-1.527051,0.901565,0.432181,-0.019186,-0.005576
6368,0.167001,7.648721,6.329153,-1.056695,-0.325460,-0.128010,51.209824,-1.712009,-1.537297,0.901700,0.431895,-0.019268,-0.005641
6369,0.170543,7.666789,6.340382,-0.790198,-0.235756,-0.230117,51.179382,-1.713220,-1.548332,0.901814,0.431654,-0.019318,-0.005728
6370,0.167885,7.659003,6.332639,-0.605990,-0.278807,-0.202525,51.156441,-1.712980,-1.559538,0.901900,0.431471,-0.019357,-0.005821
6372,0.159230,7.652032,6.358407,-0.872029,-0.178366,-0.088016,51.132080,-1.713989,-1.568514,0.901991,0.431278,-0.019397,-0.005892
6373,0.170734,7.649710,6.361031,-1.438819,-0.047414,-0.058943,51.093697,-1.714445,-1.572983,0.902136,0.430975,-0.019416,-0.005932
6374,0.180165,7.644650,6.377481,-1.795091,0.017833,0.054175,51.039810,-1.714694,-1.573416,0.902338,0.430550,-0.019416,-0.005943
6375,0.182894,7.621366,6.385779,-2.056907,-0.100082,0.437452,50.975494,-1.721925,-1.569324,0.902579,0.430043,-0.019455,-0.005895
6376,0.188485,7.612767,6.406024,-2.170865,-0.140202,0.713959,50.904762,-1.739350,-1.560339,0.902844,0.429485,-0.019555,-0.005771
6377,0.203211,7.605483,6.389077,-1.761354,-0.125463,0.638067,50.838894,-1.759625,-1.549550,0.903090,0.428964,-0.019671,-0.005621
6378,0.194672,7.595395,6.401237,-1.186928,-0.031376,0.516398,50.789444,-1.776191,-1.539414,0.903274,0.428574,-0.019761,-0.005488
6379,0.197523,7.593786,6.413223,-1.064218,-0.015052,0.458752,50.751625,-1.789270,-1.529730,0.903415,0.428275,-0.019826,-0.005369
6380,0.196046,7.578229,6.406002,-0.959815,0.051644,0.236287,50.717644,-1.797853,-1.521923,0.903542,0.428007,-0.019863,-0.005281
6381,0.189304,7.576845,6.409498,-1.226182,0.095506,-0.044229,50.681084,-1.798776,-1.517995,0.903678,0.427719,-0.019854,-0.005253
6382,0.181020,7.571609,6.432737,-1.280534,0.078409,-0.294318,50.639347,-1.792574,-1.519330,0.903834,0.427391,-0.019808,-0.005294
6383,0.183997,7.591499,6.439734,-1.252488,0.004878,-0.362848,50.597328,-1.783228,-1.525209,0.903992,0.427060,-0.019754,-0.005382
6384,0.174505,7.601329,6.457012,-0.850478,-0.132723,-0.313908,50.562542,-1.775866,-1.534021,0.904121,0.426785,-0.019727,-0.005485
6385,0.175864,7.598908,6.456560,-0.736831,-0.284034,-0.025429,50.536373,-1.775913,-1.542983,0.904218,0.426577,-0.019760,-0.005560
6386,0.183905,7.591139,6.472269,-0.620187,-0.388085,0.156296,50.513981,-1.784718,-1.550248,0.904301,0.426398,-0.019855,-0.005589
6387,0.192902,7.585123,6.469313,-0.409008,-0.501363,0.319798,50.497021,-1.800269,-1.556644,0.904362,0.426260,-0.020001,-0.005584
6388,0.192750,7.581898,6.457750,-0.385432,-0.597877,0.497059,50.483955,-1.822429,-1.562121,0.904409,0.426152,-0.020196,-0.005547
6389,0.192665,7.563848,6.456345,-0.522071,-0.570763,0.408775,50.468998,-1.846470,-1.567540,0.904462,0.426029,-0.020405,-0.005503
6390,0.205454,7.568790,6.462590,-0.255917,-0.362084,0.047379,50.456268,-1.862230,-1.574694,0.904508,0.425925,-0.020555,-0.005503
6391,0.212176,7.571977,6.467284,-0.044684,-0.310630,-0.013340,50.451530,-1.869806,-1.582983,0.904525,0.425885,-0.020645,-0.005542
6392,0.210807,7.577986,6.464835,-0.262182,-0.225611,-0.121358,50.446690,-1.873766,-1.591308,0.904542,0.425844,-0.020707,-0.005593
6393,0.221463,7.582356,6.478394,-0.266053,-0.360359,0.004129,50.438179,-1.878479,-1.600086,0.904573,0.425775,-0.020777,-0.005647
6394,0.223936,7.572598,6.457253,0.015459,-0.667588,0.437919,50.434284,-1.895071,-1.608606,0.904586,0.425740,-0.020939,-0.005653
6395,0.217922,7.567928,6.454865,-0.157679,-0.947324,0.685508,50.432201,-1.926649,-1.617434,0.904590,0.425716,-0.021221,-0.005606
6396,0.222720,7.574317,6.456744,-0.524591,-0.905045,0.676687,50.421139,-1.963817,-1.626772,0.904628,0.425621,-0.021549,-0.005543
6397,0.230987,7.569449,6.470522,-0.606217,-0.969581,0.823519,50.402588,-2.002997,-1.634921,0.904693,0.425466,-0.021887,-0.005465
6398,0.235297,7.541965,6.455843,-0.646752,-0.951712,0.840650,50.381950,-2.044780,-1.641912,0.904766,0.425294,-0.022242,-0.005369
6399,0.250783,7.542595,6.470703,-0.760609,-0.627158,0.615197,50.358665,-2.080252,-1.646706,0.904849,0.425103,-0.022539,-0.005280
6400,0.258561,7.549860,6.489987,-0.909658,-0.296537,0.452361,50.330845,-2.103776,-1.647204,0.904950,0.424879,-0.022725,-0.005202
6401,0.264713,7.550883,6.486241,-1.003754,-0.240597,0.559632,50.298809,-2.122473,-1.643319,0.905067,0.424623,-0.022857,-0.005108
6402,0.275197,7.558569,6.491715,-1.096219,-0.151130,0.534198,50.263569,-2.140668,-1.636687,0.905196,0.424343,-0.022974,-0.004995
6403,0.282842,7.544569,6.516228,-1.098763,-0.089178,0.353184,50.226746,-2.154600,-1.630303,0.905332,0.424051,-0.023059,-0.004901
6404,0.286070,7.530878,6.496436,-1.145624,-0.260716,0.326323,50.189232,-2.167034,-1.627533,0.905469,0.423753,-0.023146,-0.004840
6405,0.295258,7.529800,6.483470,-1.227379,-0.330061,0.270515,50.149727,-2.180979,-1.628724,0.905614,0.423438,-0.023258,-0.004806
6406,0.306274,7.531404,6.499814,-0.695632,-0.265197,0.245310,50.117752,-2.193937,-1.630830,0.905731,0.423182,-0.023367,-0.004781
6407,0.298742,7.509636,6.503222,0.022165,-0.426163,0.471881,50.106583,-2.210498,-1.632007,0.905770,0.423090,-0.023502,-0.004732
6408,0.294909,7.527825,6.501785,0.196759,-0.524489,0.649531,50.110226,-2.234999,-1.632178,0.905754,0.423115,-0.023696,-0.004642
6409,0.293101,7.545423,6.510387,0.380646,-0.241274,0.407473,50.119793,-2.256701,-1.630674,0.905717,0.423187,-0.023863,-0.004548
6410,0.300115,7.552173,6.507727,0.556968,-0.186932,0.551454,50.135239,-2.273543,-1.625902,0.905658,0.423307,-0.023979,-0.004445
6411,0.301524,7.524184,6.512397,0.530203,-0.329440,0.497079,50.153172,-2.292473,-1.621306,0.905590,0.423446,-0.024112,-0.004334
6412,0.311246,7.541642,6.502531,-0.103946,-0.156104,0.125343,50.160259,-2.305623,-1.620872,0.905563,0.423499,-0.024215,-0.004281
6413,0.314904,7.539484,6.483201,-0.139730,0.096537,-0.199049,50.156261,-2.305316,-1.622423,0.905577,0.423468,-0.024218,-0.004295
6414,0.317573,7.535129,6.502419,-0.343401,0.141635,-0.280795,50.148300,-2.296632,-1.624501,0.905608,0.423406,-0.024157,-0.004345
6415,0.301350,7.525131,6.515283,-0.226853,0.272248,-0.611329,50.138966,-2.280798,-1.628738,0.905644,0.423334,-0.024047,-0.004439
6416,0.301469,7.553278,6.495578,-0.386356,0.471578,-0.674897,50.128902,-2.256397,-1.632967,0.905683,0.423258,-0.023869,-0.004565
6417,0.295470,7.530338,6.493474,0.011273,0.434378,-0.526358,50.122704,-2.231352,-1.634215,0.905709,0.423214,-0.023676,-0.004669
6418,0.296968,7.522998,6.488096,-0.088633,0.391054,-0.614308,50.121487,-2.207942,-1.635848,0.905715,0.423208,-0.023497,-0.004769
6419,0.294014,7.535925,6.497652,-0.042036,0.347697,-0.570993,50.119423,-2.184888,-1.639068,0.905725,0.423195,-0.023326,-0.004880
6420,0.303101,7.535357,6.491312,0.068694,0.067756,-0.141543,50.119957,-2.171335,-1.641371,0.905724,0.423201,-0.023228,-0.004948
6421,0.299595,7.519353,6.475379,0.068077,-0.204617,-0.108766,50.122406,-2.169596,-1.645799,0.905715,0.423220,-0.023230,-0.004989
6422,0.308783,7.518510,6.513385,-0.263869,-0.188622,-0.346026,50.119518,-2.167981,-1.655695,0.905726,0.423196,-0.023254,-0.005074
6423,0.312386,7.525685,6.531268,0.002075,-0.195563,0.079039,50.115452,-2.168672,-1.663468,0.905740,0.423162,-0.023288,-0.005133
6424,0.298102,7.527503,6.513773,0.001030,-0.469494,0.436902,50.115612,-2.182378,-1.666462,0.905738,0.423160,-0.023407,-0.005106
6425,0.296337,7.539243,6.499615,-0.286648,-0.442739,0.167503,50.111057,-2.199858,-1.671672,0.905753,0.423120,-0.023565,-0.005084
6426,0.291323,7.521512,6.524509,-0.304320,-0.092430,-0.111115,50.101448,-2.206300,-1.677917,0.905788,0.423041,-0.023638,-0.005111
6427,0.284486,7.542130,6.495537,-0.207491,0.050427,-0.130416,50.093037,-2.203661,-1.681038,0.905819,0.422975,-0.023628,-0.005147
6428,0.286264,7.548762,6.490252,-0.394149,-0.055426,-0.384749,50.083225,-2.197129,-1.686615,0.905855,0.422897,-0.023597,-0.005218
6429,0.306185,7.525781,6.494764,-0.303139,0.232302,-0.713720,50.071957,-2.181195,-1.696110,0.905898,0.422809,-0.023506,-0.005354
6430,0.311766,7.497477,6.492883,-0.126905,0.384089,-0.772429,50.065102,-2.155608,-1.704136,0.905925,0.422758,-0.023333,-0.005513
6431,0.311976,7.518939,6.516093,-0.301759,0.052101,-0.515196,50.058266,-2.134487,-1.712345,0.905952,0.422706,-0.023196,-0.005658
6432,0.307936,7.511099,6.504349,-0.163782,-0.124261,-0.280835,50.050865,-2.125088,-1.721792,0.905980,0.422648,-0.023156,-0.005768
6433,0.298408,7.503144,6.507931,-0.021238,-0.096114,-0.125864,50.048035,-2.122250,-1.728965,0.905990,0.422624,-0.023160,-0.005836
6434,0.295243,7.527495,6.486849,0.127594,-0.106070,-0.047252,50.049980,-2.122202,-1.733404,0.905983,0.422639,-0.023176,-0.005871
6435,0.298579,7.545141,6.521813,0.128536,-0.027524,0.038983,50.054314,-2.123526,-1.735201,0.905967,0.422672,-0.023193,-0.005880
6436,0.307605,7.525527,6.487800,0.639114,-0.026855,0.248886,50.067024,-2.127786,-1.732814,0.905919,0.422773,-0.023219,-0.005842
6437,0.309929,7.524682,6.493870,0.551564,-0.117797,0.344406,50.086704,-2.136917,-1.728314,0.905846,0.422927,-0.023275,-0.005769
6438,0.309701,7.537040,6.497693,0.274758,-0.140065,0.304117,50.100338,-2.147965,-1.724674,0.905795,0.423034,-0.023350,-0.005697
6439,0.313557,7.536353,6.505477,0.051311,-0.122658,0.330966,50.105644,-2.158895,-1.721241,0.905775,0.423074,-0.023424,-0.005628
6440,0.315407,7.528618,6.492515,0.055192,-0.198340,0.319682,50.107315,-2.170646,-1.718389,0.905768,0.423086,-0.023506,-0.005562
6441,0.315657,7.542604,6.494776,-0.223145,-0.040551,0.023037,50.104492,-2.177582,-1.717780,0.905777,0.423062,-0.023558,-0.005532
6442,0.325016,7.557168,6.488043,-0.461648,0.030231,0.028554,50.093063,-2.178352,-1.717360,0.905820,0.422972,-0.023562,-0.005528
6443,0.327931,7.539635,6.485847,-0.210276,0.053655,-0.000966,50.081802,-2.177807,-1.715991,0.905861,0.422883,-0.023553,-0.005522
6444,0.322949,7.527610,6.494220,-0.284072,0.083195,-0.189185,50.073582,-2.173913,-1.716276,0.905892,0.422819,-0.023522,-0.005540
6445,0.318209,7.534718,6.491707,-0.316697,0.073102,-0.104313,50.063614,-2.168490,-1.717419,0.905929,0.422741,-0.023483,-0.005571
6446,0.303669,7.544979,6.500939,-0.420974,-0.092551,0.046072,50.051350,-2.167954,-1.718291,0.905974,0.422644,-0.023482,-0.005582
6447,0.304530,7.541979,6.502408,-0.435217,-0.007895,-0.084385,50.037148,-2.168540,-1.719986,0.906027,0.422531,-0.023492,-0.005597
6448,0.311657,7.535094,6.496890,-0.225139,0.247628,-0.162915,50.026127,-2.162814,-1.719571,0.906068,0.422445,-0.023445,-0.005617
6449,0.321366,7.539903,6.509225,-0.475908,0.225352,-0.204725,50.014362,-2.153054,-1.717466,0.906112,0.422355,-0.023359,-0.005638
6450,0.326302,7.525308,6.522363,-0.787870,0.294557,-0.487534,49.993320,-2.138645,-1.718244,0.906191,0.422191,-0.023247,-0.005702
6451,0.326471,7.502689,6.516033,-0.791765,0.401867,-0.391854,49.967026,-2.119957,-1.718780,0.906290,0.421986,-0.023100,-0.005781
6452,0.321544,7.490753,6.503319,-0.569823,0.300115,-0.328206,49.944275,-2.103243,-1.717544,0.906375,0.421810,-0.022962,-0.005837
6453,0.321334,7.502005,6.515459,-1.242013,0.320431,-0.563636,49.914146,-2.085211,-1.719199,0.906487,0.421574,-0.022824,-0.005922
6454,0.317506,7.491353,6.517102,-0.734669,0.362101,-0.394686,49.881252,-2.065665,-1.720787,0.906610,0.421317,-0.022674,-0.006014
6455,0.320135,7.498573,6.527495,-0.592024,0.216059,-0.225707,49.859119,-2.051549,-1.720083,0.906693,0.421145,-0.022558,-0.006064
6456,0.324769,7.492323,6.519641,-0.449320,0.140146,-0.499178,49.841885,-2.038487,-1.723338,0.906757,0.421010,-0.022466,-0.006141
6457,0.319779,7.467182,6.516114,-0.204416,0.305306,-0.664277,49.831223,-2.018879,-1.730175,0.906797,0.420928,-0.022335,-0.006270
6458,0.315671,7.471974,6.513619,0.002311,0.272109,-0.719524,49.828121,-1.995048,-1.737702,0.906810,0.420907,-0.022174,-0.006418
6459,0.304467,7.488895,6.517594,-0.349338,0.293880,-0.922836,49.822704,-1.968048,-1.748159,0.906832,0.420867,-0.021999,-0.006601
6460,0.288990,7.489302,6.518156,-0.235513,0.477482,-0.929407,49.813297,-1.936168,-1.758262,0.906868,0.420796,-0.021783,-0.006800
6461,0.298154,7.513204,6.532967,-0.114009,0.667172,-0.792525,49.807602,-1.901933,-1.762210,0.906891,0.420757,-0.021526,-0.006958
6462,0.299823,7.542659,6.546666,-0.442536,0.626348,-0.744037,49.798325,-1.868458,-1.762272,0.906928,0.420689,-0.021261,-0.007083
6463,0.292270,7.537892,6.551481,-0.258319,0.516832,-0.402546,49.786579,-1.841564,-1.760057,0.906973,0.420602,-0.021039,-0.007167
6464,0.307621,7.524020,6.539380,-0.077175,0.332458,0.099271,49.780735,-1.828565,-1.752507,0.906996,0.420559,-0.020908,-0.007156
6465,0.313438,7.522539,6.527800,0.026225,0.138793,0.425763,49.779510,-1.830175,-1.740854,0.907001,0.420551,-0.020878,-0.007058
6466,0.306663,7.513828,6.515406,-0.024402,0.018360,0.544736,49.779144,-1.840834,-1.728403,0.907002,0.420549,-0.020917,-0.006920
6467,0.312545,7.509833,6.527331,0.169063,-0.124946,0.767459,49.781147,-1.858681,-1.715631,0.906995,0.420564,-0.021011,-0.006753
6469,0.318885,7.496552,6.524585,0.394440,-0.178254,0.860523,49.790100,-1.882664,-1.701964,0.906961,0.420633,-0.021152,-0.006555
6470,0.317681,7.506935,6.531649,0.465647,-0.175091,0.918479,49.803940,-1.909111,-1.687315,0.906909,0.420740,-0.021308,-0.006339
6471,0.319121,7.514128,6.524307,0.396524,-0.197828,0.861943,49.817825,-1.935790,-1.672906,0.906856,0.420848,-0.021467,-0.006125
6472,0.321182,7.514154,6.505547,0.379425,-0.154928,0.814528,49.830307,-1.960932,-1.659365,0.906809,0.420945,-0.021617,-0.005923
6473,0.318342,7.510499,6.506588,0.058713,0.177940,0.558010,49.837086,-1.978165,-1.644308,0.906784,0.420999,-0.021698,-0.005739
6474,0.320091,7.520149,6.500331,0.032537,0.469648,0.444884,49.837944,-1.983978,-1.625268,0.906781,0.421008,-0.021674,-0.005567
6475,0.320886,7.502615,6.487011,-0.043935,0.659120,0.212728,49.837006,-1.980220,-1.603809,0.906786,0.421005,-0.021565,-0.005411
6476,0.320491,7.501296,6.499419,-0.210521,0.955408,-0.181171,49.832054,-1.963266,-1.582894,0.906806,0.420973,-0.021354,-0.005309
6477,0.320039,7.508962,6.515299,0.039356,1.028903,-0.188996,49.828484,-1.937218,-1.561590,0.906823,0.420953,-0.021070,-0.005237
6478,0.324760,7.532146,6.505811,0.281723,0.818524,-0.028914,49.833115,-1.914582,-1.540392,0.906808,0.420997,-0.020813,-0.005151
6479,0.319091,7.532520,6.524987,-0.043496,0.650836,-0.370827,49.836609,-1.893696,-1.525966,0.906798,0.421031,-0.020595,-0.005113
6480,0.315799,7.536934,6.532991,0.062985,0.603709,-0.578465,49.836746,-1.868119,-1.520189,0.906800,0.421037,-0.020371,-0.005162
6481,0.316609,7.544939,6.509971,0.215379,0.387174,-0.264211,49.841263,-1.846734,-1.516624,0.906785,0.421077,-0.020189,-0.005211
6482,0.315060,7.515371,6.513386,-0.176982,0.440689,-0.632000,49.841877,-1.826421,-1.515711,0.906784,0.421086,-0.020025,-0.005279
6483,0.314347,7.492123,6.519332,-0.287352,0.512494,-0.833423,49.834251,-1.797510,-1.519325,0.906815,0.421029,-0.019809,-0.005415
6484,0.325601,7.521586,6.507779,-0.341197,0.242401,-0.383173,49.823875,-1.773900,-1.522792,0.906854,0.420951,-0.019635,-0.005531
6485,0.318372,7.526552,6.505346,-0.493965,-0.000291,-0.201424,49.810062,-1.763852,-1.525998,0.906906,0.420842,-0.019566,-0.005595
6486,0.309626,7.492575,6.513581,-0.402722,0.051567,-0.388997,49.795288,-1.755785,-1.531700,0.906960,0.420726,-0.019523,-0.005673
6487,0.308762,7.510543,6.505812,-0.485478,-0.053715,-0.211908,49.780678,-1.748159,-1.538196,0.907014,0.420610,-0.019486,-0.005755
6488,0.309065,7.535659,6.501661,-0.470270,-0.067456,-0.149261,49.764923,-1.744868,-1.543628,0.907072,0.420485,-0.019479,-0.005812
6489,0.304257,7.503268,6.509603,-0.252132,0.227052,-0.503206,49.753040,-1.734849,-1.548625,0.907116,0.420392,-0.019417,-0.005891
6490,0.308607,7.509057,6.526900,-0.275317,0.368964,-0.568736,49.744358,-1.714795,-1.552588,0.907149,0.420326,-0.019272,-0.005997
6491,0.316291,7.528383,6.506629,-0.186949,0.243757,-0.335096,49.736721,-1.696700,-1.554531,0.907178,0.420268,-0.019136,-0.006080
6492,0.307502,7.527831,6.518401,-0.092323,0.261959,-0.388304,49.732109,-1.682052,-1.555893,0.907196,0.420233,-0.019025,-0.006146
6493,0.297858,7.522704,6.527396,-0.173302,0.318371,-0.459894,49.727734,-1.665014,-1.557652,0.907213,0.420201,-0.018896,-0.006223
6494,0.305540,7.523942,6.516928,-0.048282,0.176396,-0.076737,49.724018,-1.652859,-1.557141,0.907227,0.420174,-0.018798,-0.006264
6495,0.304685,7.503184,6.496235,0.061568,0.180847,-0.140607,49.724182,-1.646247,-1.554940,0.907227,0.420177,-0.018737,-0.006271
6496,0.301981,7.488775,6.506945,-0.028586,0.311948,-0.399790,49.724720,-1.634065,-1.554496,0.907226,0.420183,-0.018639,-0.006312
6497,0.307839,7.492767,6.512585,0.018456,0.299587,-0.236255,49.724525,-1.619389,-1.553573,0.907228,0.420184,-0.018520,-0.006359
6498,0.316692,7.482483,6.515662,0.077626,0.158958,-0.052775,49.726055,-1.610773,-1.550855,0.907223,0.420198,-0.018442,-0.006368
6499,0.307263,7.482631,6.512599,0.098598,0.206002,-0.290429,49.728962,-1.602477,-1.549911,0.907213,0.420222,-0.018373,-0.006391
6500,0.298019,7.504828,6.516837,-0.069551,0.260750,-0.322174,49.729465,-1.589658,-1.550575,0.907212,0.420228,-0.018274,-0.006443
6501,0.293893,7.506971,6.535315,-0.227030,0.285028,-0.418068,49.724541,-1.574365,-1.551611,0.907230,0.420191,-0.018156,-0.006508
6502,0.292195,7.505329,6.521309,-0.257874,0.326096,-0.408678,49.716496,-1.557268,-1.552750,0.907261,0.420130,-0.018025,-0.006581
6503,0.293007,7.520095,6.516951,-0.300749,0.371716,-0.438940,49.707199,-1.538972,-1.553013,0.907296,0.420059,-0.017880,-0.006652
6504,0.297496,7.523101,6.518592,-0.448791,0.469163,-0.476772,49.694679,-1.518267,-1.552195,0.907343,0.419964,-0.017713,-0.006723
6505,0.302532,7.504125,6.520535,-0.299347,0.435304,-0.299358,49.682125,-1.498651,-1.549068,0.907390,0.419868,-0.017545,-0.006772
6506,0.295239,7.509525,6.513763,-0.218575,0.285450,-0.124967,49.673378,-1.485486,-1.544484,0.907423,0.419801,-0.017424,-0.006786
6507,0.297888,7.517372,6.513551,-0.342150,0.152375,-0.121477,49.663960,-1.477632,-1.541579,0.907459,0.419728,-0.017350,-0.006793
6508,0.290292,7.505921,6.511150,-0.383305,0.228356,-0.157669,49.651825,-1.469978,-1.539753,0.907504,0.419634,-0.017282,-0.006808
6509,0.284475,7.505669,6.524422,-0.571036,0.289129,-0.282423,49.635864,-1.458804,-1.537930,0.907563,0.419509,-0.017186,-0.006837
6510,0.280805,7.499797,6.527020,-0.716121,0.284317,-0.488082,49.614441,-1.442829,-1.538968,0.907642,0.419342,-0.017062,-0.006907
6511,0.281764,7.506751,6.520031,-0.801621,0.316118,-0.449585,49.589203,-1.424442,-1.541476,0.907735,0.419144,-0.016924,-0.006998
6512,0.269192,7.516562,6.526167,-0.825941,0.558520,-0.731567,49.562126,-1.400004,-1.543144,0.907835,0.418933,-0.016735,-0.007105
6513,0.275483,7.511741,6.535451,-0.725130,0.681896,-0.894524,49.536320,-1.365968,-1.544996,0.907931,0.418734,-0.016470,-0.007248
6514,0.263708,7.498816,6.533340,-0.589279,0.597723,-0.782787,49.514450,-1.330858,-1.546918,0.908012,0.418566,-0.016198,-0.007394
6515,0.264109,7.516662,6.521014,-0.721829,0.513543,-0.693938,49.492653,-1.300115,-1.548818,0.908093,0.418397,-0.015960,-0.007525
6516,0.272723,7.513944,6.524912,-0.703142,0.529975,-0.756047,49.468960,-1.270444,-1.551299,0.908180,0.418213,-0.015732,-0.007656
6517,0.271207,7.485229,6.533748,-0.551860,0.476133,-0.631893,49.448090,-1.241966,-1.553592,0.908257,0.418052,-0.015514,-0.007781
6518,0.263982,7.493949,6.518775,-0.455516,0.252904,-0.498574,49.431370,-1.219751,-1.556613,0.908319,0.417922,-0.015347,-0.007888
6519,0.269888,7.499536,6.519351,-0.395602,0.209695,-0.389632,49.417259,-1.203492,-1.560387,0.908371,0.417812,-0.015231,-0.007980
6520,0.265207,7.494770,6.533135,-0.312835,0.274792,-0.353893,49.405495,-1.188828,-1.562318,0.908414,0.417721,-0.015121,-0.008050
6521,0.255754,7.508280,6.543898,-0.825238,0.153770,-0.162560,49.386536,-1.177644,-1.562497,0.908483,0.417572,-0.015032,-0.008095
6522,0.254291,7.514101,6.548316,-1.075136,-0.012998,0.094348,49.354836,-1.175253,-1.561457,0.908599,0.417321,-0.015007,-0.008099
6523,0.246307,7.494913,6.555687,-1.846963,0.113245,-0.001269,49.306084,-1.175341,-1.559179,0.908777,0.416935,-0.014996,-0.008087
6524,0.245839,7.489236,6.577623,-3.001973,0.193750,-0.103032,49.225212,-1.170685,-1.556436,0.909071,0.416295,-0.014943,-0.008093
6525,0.248394,7.474761,6.598068,-4.695384,0.146166,-0.069100,49.096878,-1.164810,-1.554024,0.909537,0.415277,-0.014879,-0.008112
6526,0.255111,7.453736,6.618966,-6.579227,0.383995,-0.436573,48.908939,-1.152652,-1.552885,0.910217,0.413787,-0.014765,-0.008171
6527,0.265768,7.459784,6.656380,-9.776887,0.824726,-1.206838,48.636406,-1.118774,-1.555782,0.911200,0.411626,-0.014486,-0.008351
6528,0.254237,7.397856,6.720302,-12.838855,0.902270,-1.607810,48.259655,-1.064574,-1.565350,0.912549,0.408634,-0.014061,-0.008668
6529,0.246927,7.327324,6.756967,-15.260116,0.685318,-1.366375,47.791603,-1.010023,-1.578835,0.914211,0.404909,-0.013638,-0.009026
6530,0.241785,7.252149,6.806094,-16.738407,0.523278,-0.798374,47.258461,-0.969813,-1.588363,0.916085,0.400656,-0.013308,-0.009306
6531,0.229344,7.170011,6.878361,-18.309860,0.280361,-0.227323,46.674374,-0.948189,-1.590264,0.918115,0.395984,-0.013094,-0.009464
6532,0.216275,7.042910,6.963736,-18.656231,-0.099855,0.215511,46.058258,-0.945981,-1.588249,0.920231,0.391043,-0.013018,-0.009526
6533,0.230449,6.990403,7.023041,-18.265656,-0.252726,0.476774,45.442852,-0.958347,-1.584433,0.922318,0.386094,-0.013054,-0.009523
6534,0.232979,6.934390,7.112630,-17.832243,-0.059253,0.071241,44.841190,-0.968492,-1.581689,0.924332,0.381245,-0.013076,-0.009535
6535,0.232899,6.855832,7.197284,-17.845951,0.204415,-1.085057,44.246742,-0.954909,-1.592018,0.926297,0.376446,-0.012951,-0.009731
6536,0.228367,6.781878,7.270037,-17.293583,0.338387,-1.783589,43.661564,-0.915185,-1.620118,0.928206,0.371713,-0.012670,-0.010154
6537,0.225170,6.738629,7.319245,-17.165295,0.438780,-2.083858,43.087849,-0.861485,-1.658052,0.930053,0.367064,-0.012305,-0.010697
6538,0.218117,6.691562,7.399361,-18.178225,0.861124,-2.458890,42.499397,-0.794147,-1.698883,0.931922,0.362289,-0.011831,-0.011305
6539,0.204793,6.626766,7.474343,-19.720598,1.437582,-2.724061,41.868279,-0.707758,-1.737148,0.933900,0.357159,-0.011184,-0.011952
6540,0.191377,6.530805,7.553132,-20.925777,1.879754,-2.709992,41.191204,-0.606337,-1.768273,0.935991,0.351647,-0.010380,-0.012583
6541,0.170900,6.436609,7.620703,-22.095901,2.225790,-2.918716,40.474453,-0.493249,-1.794505,0.938168,0.345799,-0.009455,-0.013204
6542,0.157321,6.333268,7.709990,-23.264534,2.515353,-2.526223,39.718628,-0.374365,-1.813018,0.940425,0.339619,-0.008447,-0.013770
6543,0.131114,6.206357,7.774640,-23.450541,2.635530,-2.196296,38.940105,-0.258112,-1.819503,0.942707,0.333238,-0.007416,-0.014219
6544,0.111420,6.087873,7.862164,-23.200205,2.481047,-1.806876,38.162621,-0.149866,-1.818543,0.944943,0.326849,-0.006424,-0.014570
6545,0.088166,6.016233,7.934091,-22.519478,2.318939,-1.159591,37.400650,-0.056365,-1.808626,0.947093,0.320571,-0.005526,-0.014792
6546,0.090454,5.914502,8.027156,-21.977503,2.313957,-0.573320,36.659058,0.022642,-1.785207,0.949147,0.314446,-0.004712,-0.014850
6547,0.095102,5.812080,8.097973,-20.829737,2.173057,-0.328783,35.945663,0.091782,-1.753066,0.951088,0.308541,-0.003959,-0.014798
6548,0.095350,5.691123,8.176466,-19.834620,1.821484,0.126388,35.268024,0.147863,-1.717056,0.952897,0.302920,-0.003309,-0.014670
6549,0.089328,5.622538,8.221826,-19.400984,1.628554,0.158904,34.614227,0.192263,-1.680250,0.954613,0.297484,-0.002760,-0.014498
6550,0.091298,5.589211,8.345574,-20.401531,1.678204,0.217379,33.951008,0.234269,-1.644032,0.956321,0.291960,-0.002234,-0.014318
6551,0.078890,5.492955,8.412573,-22.938627,1.836176,0.913689,33.228909,0.272629,-1.595928,0.958145,0.285933,-0.001702,-0.014025
6552,0.053180,5.364425,8.460608,-24.503740,1.986584,0.779841,32.438538,0.310831,-1.537689,0.960100,0.279323,-0.001144,-0.013642
6553,0.040296,5.274861,8.520593,-25.589626,2.076024,0.348379,31.603998,0.358274,-1.485839,0.962112,0.272329,-0.000523,-0.013327
6554,0.036677,5.133327,8.596292,-25.059505,1.783981,0.396045,30.760191,0.406910,-1.441903,0.964093,0.265242,0.000086,-0.013074
6555,0.031391,4.943378,8.591939,-23.020346,1.548367,0.220932,29.959179,0.449637,-1.404976,0.965926,0.258500,0.000621,-0.012858
6556,0.020682,4.843503,8.652590,-19.192780,1.311220,-0.663745,29.255796,0.494728,-1.387847,0.967493,0.252570,0.001119,-0.012808
6557,0.025589,4.798988,8.732074,-16.086735,0.741389,-0.634384,28.667810,0.535176,-1.390188,0.968774,0.247606,0.001521,-0.012910
6558,0.022559,4.718152,8.764502,-13.607630,0.487369,-0.141119,28.172899,0.559349,-1.391821,0.969832,0.243422,0.001778,-0.012968
6559,0.021980,4.649416,8.806586,-12.674212,0.912358,-0.126988,27.734949,0.582039,-1.384844,0.970755,0.239716,0.002034,-0.012950
6560,0.027249,4.618256,8.863994,-12.557059,0.987866,-0.221181,27.314529,0.612798,-1.375340,0.971626,0.236155,0.002362,-0.012925
6561,0.035732,4.574508,8.892929,-12.822764,0.954958,-0.176482,26.891632,0.644643,-1.366484,0.972490,0.232571,0.002698,-0.012905
6562,0.024812,4.486923,8.913541,-13.819359,1.524761,-0.232486,26.447752,0.684633,-1.354026,0.973382,0.228805,0.003113,-0.012869
6563,0.023219,4.424611,8.978728,-15.319584,1.873301,-0.607415,25.962269,0.741622,-1.341562,0.974340,0.224684,0.003676,-0.012861
6564,0.007034,4.338829,9.005386,-16.235420,1.632831,-0.680222,25.436443,0.803590,-1.335548,0.975356,0.220216,0.004274,-0.012912
6565,-0.009535,4.240047,9.021343,-17.226061,1.805923,-0.798833,24.878801,0.865950,-1.333508,0.976412,0.215472,0.004872,-0.012991
6566,-0.017585,4.124952,9.061593,-17.891779,1.841687,-0.282673,24.293655,0.928731,-1.324600,0.977494,0.210488,0.005490,-0.013005
6567,-0.017012,4.023491,9.097267,-17.808378,1.416569,0.088534,23.698986,0.979635,-1.305480,0.978571,0.205416,0.006027,-0.012904
6568,-0.021096,3.929388,9.115729,-17.872974,1.211128,0.117947,23.104668,1.018452,-1.284948,0.979622,0.200340,0.006461,-0.012765
6569,-0.025225,3.855824,9.176438,-18.239630,1.233021,0.293852,22.503210,1.053345,-1.262839,0.980659,0.195197,0.006865,-0.012601
6570,-0.025812,3.762530,9.218219,-18.232384,0.751327,0.675757,21.895872,1.077852,-1.235380,0.981680,0.189997,0.007187,-0.012370
6572,-0.033529,3.668724,9.273126,-18.164101,0.716719,0.399982,21.289766,1.093996,-1.209727,0.982673,0.184802,0.007432,-0.012138
6573,-0.041533,3.572622,9.316586,-18.063776,0.915600,0.202004,20.686359,1.115814,-1.190610,0.983632,0.179625,0.007713,-0.011969
6574,-0.042433,3.465429,9.368997,-17.145605,0.934426,0.382443,20.099945,1.141325,-1.170721,0.984538,0.174589,0.008024,-0.011797
6575,-0.032011,3.360562,9.389675,-16.193926,1.072210,0.482017,19.544800,1.167892,-1.145821,0.985372,0.169818,0.008346,-0.011583
6576,-0.035254,3.273294,9.435249,-15.153756,1.576157,0.374074,19.022936,1.204835,-1.117766,0.986134,0.165329,0.008757,-0.011357
6577,-0.041934,3.184206,9.445699,-14.691903,1.759653,0.055544,18.526049,1.255163,-1.093066,0.986839,0.161053,0.009275,-0.011177
6578,-0.055585,3.082455,9.478705,-14.800809,1.929428,-0.243167,18.034882,1.314533,-1.076734,0.987515,0.156824,0.009856,-0.011077
6579,-0.060567,3.007725,9.507469,-14.537444,1.981703,-0.032230,17.546286,1.378010,-1.061175,0.988169,0.152615,0.010472,-0.010985
6580,-0.068181,2.923347,9.528496,-14.130630,1.921026,-0.097485,17.068918,1.440744,-1.043882,0.988791,0.148500,0.011081,-0.010874
6581,-0.076823,2.823148,9.553276,-14.206084,1.687895,-0.333652,16.596918,1.500398,-1.033338,0.989388,0.144428,0.011654,-0.010812
6582,-0.081729,2.752370,9.581188,-13.465219,1.102247,-0.029642,16.135937,1.546731,-1.026048,0.989955,0.140449,0.012107,-0.010759
6583,-0.075734,2.701510,9.598166,-12.568590,0.608084,0.245385,15.702349,1.573152,-1.014787,0.990477,0.136703,0.012389,-0.010647
6584,-0.086721,2.614070,9.606364,-12.210556,0.118469,-0.022818,15.289557,1.583824,-1.007990,0.990963,0.133134,0.012528,-0.010556
6585,-0.080671,2.559832,9.622747,-12.143960,-0.496278,-0.164377,14.883526,1.578568,-1.012655,0.991428,0.129622,0.012514,-0.010546
6586,-0.074097,2.492231,9.623868,-11.437931,-0.738748,-0.025161,14.490273,1.559467,-1.020949,0.991869,0.126218,0.012376,-0.010554
6587,-0.066074,2.420319,9.637074,-11.165263,-0.666915,-0.491738,14.113173,1.538892,-1.035098,0.992280,0.122954,0.012217,-0.010613
6588,-0.063582,2.358192,9.650158,-11.126072,-0.758371,-0.743164,13.740972,1.520802,-1.060796,0.992674,0.119732,0.012068,-0.010777
6589,-0.055241,2.314741,9.671861,-10.889968,-0.627058,-0.896937,13.373196,1.504770,-1.092794,0.993053,0.116547,0.011931,-0.011000
6590,-0.056697,2.251091,9.677405,-10.644643,-0.459130,-0.812671,13.013455,1.493652,-1.124673,0.993412,0.113432,0.011838,-0.011227
6591,-0.054874,2.199331,9.710576,-10.796041,-0.263720,-0.847440,12.655342,1.488049,-1.154333,0.993759,0.110329,0.011795,-0.011442
6592,-0.051125,2.164076,9.735188,-10.752024,-0.008812,-0.288627,12.295707,1.487704,-1.173803,0.994099,0.107212,0.011810,-0.011574
6593,-0.045616,2.109742,9.756021,-10.385936,0.171296,0.135903,11.943361,1.490870,-1.175720,0.994423,0.104155,0.011871,-0.011557
6594,-0.043521,2.067737,9.751578,-9.902259,0.432247,0.337647,11.605482,1.499095,-1.165935,0.994726,0.101222,0.011985,-0.011444
6595,-0.048130,2.014218,9.783673,-9.438342,0.853422,0.443251,11.283590,1.517508,-1.148916,0.995006,0.098427,0.012192,-0.011278
6596,-0.047895,1.984288,9.797003,-9.001806,0.951097,0.586998,10.976861,1.543698,-1.126245,0.995264,0.095763,0.012469,-0.011071
6597,-0.047704,1.926810,9.798586,-8.995507,1.062475,0.121899,10.677395,1.574436,-1.108327,0.995509,0.093162,0.012779,-0.010907
6598,-0.051438,1.881206,9.794527,-9.492743,1.498853,-0.645337,10.369240,1.618009,-1.109104,0.995750,0.090488,0.013186,-0.010914
6599,-0.061629,1.807557,9.808974,-10.220443,1.710920,-1.147071,10.040119,1.675966,-1.129024,0.995997,0.087634,0.013706,-0.011093
6600,-0.076318,1.739169,9.788503,-10.813960,1.482021,-1.763267,9.688398,1.736714,-1.167709,0.996249,0.084586,0.014240,-0.011432
6601,-0.092501,1.683322,9.801956,-12.013281,1.425585,-2.417626,9.306079,1.796021,-1.228473,0.996511,0.081274,0.014751,-0.011955
6602,-0.100565,1.602215,9.809109,-12.178065,1.475975,-2.440264,8.900592,1.856593,-1.300806,0.996776,0.077762,0.015271,-0.012573
6603,-0.109801,1.530899,9.821519,-11.700496,1.268469,-2.256914,8.500303,1.913649,-1.371309,0.997025,0.074295,0.015765,-0.013170
6604,-0.123759,1.469168,9.853223,-11.555571,1.352422,-2.355871,8.110342,1.967974,-1.441116,0.997255,0.070916,0.016239,-0.013757
6605,-0.138994,1.420164,9.877643,-11.349538,1.878926,-2.601330,7.725996,2.032701,-1.515571,0.997468,0.067589,0.016805,-0.014388
6606,-0.147663,1.341014,9.883213,-10.475136,1.776758,-2.353925,7.359587,2.103947,-1.589476,0.997658,0.064417,0.017430,-0.015018
6607,-0.156415,1.304611,9.877235,-10.293448,1.222893,-2.675695,7.010581,2.164031,-1.666444,0.997829,0.061397,0.017957,-0.015667
6608,-0.162886,1.242358,9.879913,-10.050625,0.774291,-2.724328,6.668260,2.207809,-1.751913,0.997988,0.058435,0.018342,-0.016379
6609,-0.155006,1.183284,9.881882,-9.832221,0.189810,-2.399109,6.333667,2.233446,-1.835007,0.998138,0.055538,0.018573,-0.017062
6610,-0.142019,1.148950,9.879426,-10.030303,-0.330699,-2.031157,5.999753,2.239038,-1.908739,0.998283,0.052642,0.018637,-0.017652
6611,-0.140918,1.084576,9.874293,-10.548764,-0.384345,-2.458212,5.653820,2.234770,-1.984456,0.998427,0.049639,0.018620,-0.018254
6612,-0.144843,0.999705,9.897798,-10.456970,-0.224353,-2.380201,5.300560,2.232376,-2.065757,0.998562,0.046574,0.018623,-0.018904
6613,-0.137870,0.942552,9.894081,-10.266069,-0.174237,-2.302203,4.952126,2.232731,-2.144134,0.998686,0.043550,0.018653,-0.019531
6614,-0.138423,0.903219,9.896212,-10.487076,-0.290468,-2.323396,4.603222,2.231432,-2.221661,0.998801,0.040522,0.018674,-0.020149
6615,-0.131260,0.828527,9.913747,-10.625663,-0.446397,-2.242360,4.248359,2.225060,-2.298537,0.998909,0.037440,0.018656,-0.020759
6616,-0.125147,0.784779,9.932156,-10.520099,-0.179692,-1.314443,3.893612,2.218857,-2.358457,0.999010,0.034356,0.018648,-0.021222
6617,-0.121545,0.758605,9.923967,-10.943837,0.169387,-0.626099,3.534632,2.220757,-2.390762,0.999107,0.031232,0.018722,-0.021445
6618,-0.126600,0.685467,9.930675,-12.128926,0.767200,-0.246000,3.149560,2.237169,-2.404364,0.999201,0.027880,0.018934,-0.021505
6619,-0.137070,0.591949,9.916723,-12.667152,1.593945,0.074568,2.736264,2.276603,-2.405183,0.999288,0.024283,0.019355,-0.021452
6620,-0.152661,0.505254,9.910618,-12.750797,2.101831,0.463781,2.313108,2.337732,-2.393473,0.999362,0.020602,0.019969,-0.021289
6621,-0.171874,0.426303,9.889968,-12.573582,2.029929,0.465391,1.891787,2.405967,-2.375442,0.999421,0.016936,0.020645,-0.021067
6622,-0.185368,0.348868,9.904484,-11.332829,1.835990,0.877460,1.494385,2.469708,-2.351146,0.999467,0.013477,0.021277,-0.020791
6623,-0.194418,0.304571,9.919125,-9.194764,1.382641,1.287994,1.153888,2.522489,-2.313791,0.999499,0.010509,0.021802,-0.020406
6624,-0.192027,0.289709,9.934506,-6.711596,0.746130,1.565773,0.890918,2.557098,-2.265559,0.999522,0.008212,0.022154,-0.019937
6625,-0.190028,0.266593,9.969060,-3.898192,0.358883,1.860373,0.716656,2.574698,-2.208152,0.999540,0.006684,0.022342,-0.019404
6626,-0.185048,0.262148,9.968920,-0.469179,-0.061414,2.153482,0.646878,2.578844,-2.141134,0.999554,0.006063,0.022393,-0.018806
6627,-0.176501,0.274025,9.962902,1.588388,-0.625270,1.679062,0.668393,2.566649,-2.077331,0.999566,0.006236,0.022287,-0.018253
6628,-0.172756,0.296506,9.955326,3.049628,-1.126641,1.055114,0.747705,2.536879,-2.032082,0.999574,0.006915,0.022017,-0.017872
6629,-0.174764,0.320785,9.954390,3.838146,-1.420444,0.396080,0.863535,2.494084,-2.008472,0.999578,0.007914,0.021627,-0.017686
6630,-0.165811,0.367149,9.936007,4.054710,-1.570766,-0.488774,0.994978,2.444255,-2.010828,0.999578,0.009054,0.021172,-0.017727
6631,-0.156732,0.386928,9.926847,3.590886,-1.743989,-1.222547,1.121155,2.389537,-2.040390,0.999573,0.010151,0.020673,-0.018004
6632,-0.163703,0.394084,9.886817,3.453496,-1.729400,-1.576367,1.236586,2.332612,-2.088258,0.999565,0.011158,0.020153,-0.018437
6633,-0.162023,0.444861,9.920952,2.956104,-1.276693,-1.686032,1.341175,2.283742,-2.143788,0.999554,0.012072,0.019704,-0.018935
6634,-0.141118,0.466563,9.938513,2.852632,-1.055962,-1.531698,1.435827,2.246173,-2.198388,0.999541,0.012901,0.019355,-0.019424
6635,-0.137208,0.457236,9.908480,2.822250,-1.134382,-1.233928,1.528578,2.210873,-2.245448,0.999528,0.013712,0.019026,-0.019846
6636,-0.130189,0.493979,9.900929,2.273029,-0.909128,-1.320689,1.611833,2.177996,-2.288973,0.999516,0.014440,0.018719,-0.020235
6637,-0.124150,0.524589,9.935190,1.675234,-0.557232,-1.267050,1.675979,2.154801,-2.332817,0.999504,0.015002,0.018500,-0.020625
6638,-0.116375,0.496250,9.905152,1.454174,-0.577692,-1.129489,1.726618,2.137079,-2.373332,0.999492,0.015447,0.018330,-0.020985
6639,-0.118374,0.498966,9.882575,0.942879,-0.662227,-1.080440,1.765178,2.117545,-2.410802,0.999483,0.015786,0.018148,-0.021315
6640,-0.114762,0.511512,9.902976,0.504830,-0.702477,-0.977983,1.788020,2.095873,-2.445821,0.999477,0.015987,0.017950,-0.021621
6641,-0.108534,0.506837,9.916596,0.385665,-0.829725,-0.770237,1.801773,2.071261,-2.475763,0.999474,0.016107,0.017728,-0.021881
6642,-0.101597,0.493567,9.913982,0.235803,-0.899026,-0.707459,1.811215,2.043239,-2.501303,0.999472,0.016188,0.017478,-0.022102
6643,-0.094406,0.512604,9.920575,-0.037647,-0.827979,-0.778961,1.813608,2.015254,-2.526990,0.999471,0.016207,0.017230,-0.022322
6644,-0.090351,0.506680,9.910902,0.091827,-0.627239,-0.795529,1.813567,1.991842,-2.554002,0.999469,0.016207,0.017022,-0.022555
6645,-0.095405,0.508616,9.918880,0.048841,-0.380650,-0.815152,1.814963,1.975902,-2.581382,0.999466,0.016220,0.016879,-0.022792
6646,-0.097032,0.529310,9.937118,0.138761,-0.147699,-0.689811,1.817216,1.967895,-2.606746,0.999462,0.016242,0.016805,-0.023012
6647,-0.092941,0.545042,9.928720,0.564638,-0.001713,-0.630077,1.828181,1.966106,-2.628825,0.999456,0.016340,0.016784,-0.023206
6648,-0.098386,0.560105,9.917138,0.992256,0.014593,-0.669522,1.853386,1.967018,-2.650481,0.999448,0.016563,0.016784,-0.023399
6649,-0.106871,0.559297,9.941689,1.415346,-0.103283,-0.643351,1.892760,1.966256,-2.672411,0.999438,0.016910,0.016766,-0.023596
6650,-0.104917,0.587173,9.928163,1.779034,-0.169231,-0.669059,1.945245,1.962450,-2.694437,0.999426,0.017370,0.016719,-0.023795
6651,-0.100744,0.586453,9.913419,1.810164,-0.375600,-0.610834,2.004326,1.954111,-2.716082,0.999414,0.017887,0.016630,-0.023991
6652,-0.100731,0.592515,9.914971,1.500916,-0.565197,-0.563290,2.058827,1.939134,-2.736204,0.999403,0.018362,0.016485,-0.024172
6653,-0.102315,0.585620,9.915200,1.336482,-0.521288,-0.363156,2.105575,1.921599,-2.752301,0.999395,0.018768,0.016319,-0.024317
6654,-0.104752,0.616686,9.920868,0.599873,-0.393384,-0.192015,2.137520,1.906708,-2.762117,0.999390,0.019045,0.016181,-0.024404
6655,-0.092244,0.608236,9.943527,-0.052760,-0.361647,-0.086485,2.146469,1.894306,-2.767228,0.999389,0.019121,0.016070,-0.024448
6656,-0.089248,0.588296,9.929530,-0.112066,-0.232328,-0.092352,2.143612,1.884525,-2.770579,0.999390,0.019095,0.015985,-0.024476
6657,-0.082510,0.589393,9.918081,-0.247801,-0.193081,0.029956,2.137571,1.877478,-2.771883,0.999392,0.019041,0.015925,-0.024485
6658,-0.081728,0.597585,9.922414,-0.552832,-0.095880,-0.239896,2.124107,1.872796,-2.775561,0.999394,0.018923,0.015886,-0.024514
6659,-0.084068,0.578095,9.937963,-0.510017,-0.015441,-0.358685,2.106065,1.871310,-2.785604,0.999395,0.018767,0.015875,-0.024599
6660,-0.098652,0.569764,9.917834,0.022461,-0.182072,-0.173827,2.097645,1.868346,-2.794598,0.999395,0.018694,0.015850,-0.024676
6661,-0.103501,0.589059,9.927823,-0.143819,-0.385180,-0.124779,2.095450,1.859080,-2.799921,0.999396,0.018674,0.015769,-0.024721
6662,-0.113288,0.591975,9.938966,-0.045950,-0.121235,-0.339714,2.092027,1.850929,-2.807970,0.999396,0.018643,0.015697,-0.024789
6663,-0.102419,0.592315,9.924341,0.280840,-0.202134,0.031305,2.095769,1.845731,-2.813306,0.999395,0.018675,0.015650,-0.024835
6664,-0.086371,0.600312,9.891836,0.185029,-0.545666,0.107828,2.103593,1.833191,-2.811445,0.999396,0.018741,0.015539,-0.024818
6665,-0.077334,0.603352,9.919588,-0.431057,-0.256098,-0.397017,2.099324,1.820014,-2.816753,0.999397,0.018701,0.015424,-0.024862
6666,-0.061572,0.600098,9.927232,-0.308615,-0.145211,-0.442555,2.086544,1.813841,-2.830988,0.999397,0.018591,0.015371,-0.024983
6667,-0.030081,0.582681,9.930255,-0.238187,-0.966981,0.131439,2.077246,1.795505,-2.836845,0.999400,0.018506,0.015212,-0.025030
6668,-0.037143,0.552662,9.917062,-0.602957,-1.643934,0.038597,2.063267,1.751915,-2.835585,0.999408,0.018375,0.014835,-0.025011
6669,-0.056187,0.563504,9.905002,-0.607706,-1.704147,-0.147340,2.042974,1.696215,-2.839397,0.999418,0.018187,0.014353,-0.025033
6670,-0.066232,0.584339,9.899348,-0.418385,-1.606855,0.222150,2.025851,1.641022,-2.840111,0.999428,0.018026,0.013875,-0.025029
6671,-0.082668,0.576925,9.916299,-0.311326,-0.955324,0.237617,2.013865,1.598075,-2.833956,0.999437,0.017911,0.013504,-0.024967
6672,-0.090553,0.584970,9.923367,-0.262221,-0.019674,-0.004814,2.004398,1.581699,-2.830647,0.999441,0.017825,0.013364,-0.024935
6673,-0.076606,0.593827,9.937096,0.006757,0.717636,0.134238,2.000211,1.593250,-2.828083,0.999441,0.017790,0.013466,-0.024914
6675,-0.056358,0.581329,9.958941,-0.044733,0.938940,0.247358,1.999784,1.620621,-2.820760,0.999439,0.017792,0.013706,-0.024854
6676,-0.042469,0.555476,9.934913,0.085094,0.584676,0.265873,2.000725,1.645700,-2.811321,0.999438,0.017804,0.013926,-0.024775
6677,-0.043234,0.575769,9.926296,-0.238306,-0.042887,0.159270,1.998385,1.654477,-2.803921,0.999438,0.017784,0.014004,-0.024712
6678,-0.060047,0.582806,9.946942,-0.485218,-0.461313,0.070980,1.986428,1.645946,-2.800377,0.999442,0.017678,0.013933,-0.024678
6679,-0.068534,0.588239,9.948342,-0.761023,-0.711708,-0.070721,1.965637,1.626407,-2.801047,0.999448,0.017493,0.013767,-0.024679
6680,-0.077192,0.581671,9.914219,-0.621731,-0.574357,-0.134606,1.942474,1.605102,-2.805200,0.999453,0.017287,0.013586,-0.024709
6681,-0.072267,0.587424,9.924779,-0.720423,-0.299595,-0.160346,1.919954,1.590710,-2.810606,0.999457,0.017088,0.013464,-0.024751
6682,-0.067766,0.562510,9.928052,-0.346166,-0.088945,0.080948,1.902135,1.584282,-2.812144,0.999460,0.016931,0.013412,-0.024762
6683,-0.070537,0.556221,9.901265,-0.023955,0.284993,-0.086714,1.895967,1.587551,-2.812132,0.999461,0.016878,0.013442,-0.024761
6684,-0.065077,0.565137,9.930264,0.220483,0.304901,0.024870,1.899223,1.597411,-2.812837,0.999459,0.016909,0.013527,-0.024769
6685,-0.052648,0.573195,9.950474,0.577944,-0.168212,0.282952,1.912675,1.599517,-2.807631,0.999458,0.017026,0.013543,-0.024726
6686,-0.059240,0.580524,9.934551,0.694398,-0.391130,0.156504,1.934075,1.589955,-2.800621,0.999457,0.017210,0.013456,-0.024666
6687,-0.066915,0.572866,9.925392,0.536149,-0.414039,-0.101176,1.954597,1.576511,-2.800154,0.999456,0.017386,0.013334,-0.024662
6688,-0.066603,0.584281,9.925853,0.353464,-0.664229,-0.111660,1.969310,1.558671,-2.804315,0.999455,0.017511,0.013175,-0.024698
6689,-0.077288,0.587899,9.906250,0.135754,-0.332927,-0.438013,1.977200,1.542378,-2.814046,0.999453,0.017577,0.013030,-0.024781
6690,-0.083915,0.562766,9.925468,-0.193530,0.122143,-0.654510,1.975744,1.539494,-2.832372,0.999450,0.017566,0.013002,-0.024940
6691,-0.075926,0.571953,9.919206,-0.199447,0.087404,-0.726048,1.968578,1.543776,-2.855256,0.999446,0.017507,0.013037,-0.025140
6692,-0.060014,0.596313,9.914015,-0.275299,0.124211,-0.738062,1.960011,1.548138,-2.879532,0.999441,0.017436,0.013074,-0.025351
6693,-0.055738,0.584161,9.929063,-0.404456,0.148654,-0.737861,1.948021,1.553522,-2.903970,0.999437,0.017335,0.013120,-0.025564
6694,-0.057427,0.572057,9.950510,-0.204176,-0.422047,-0.487413,1.937319,1.549659,-2.924541,0.999434,0.017243,0.013085,-0.025741
6695,-0.051153,0.597700,9.938875,0.089306,-0.988206,-0.214071,1.935071,1.526564,-2.937025,0.999435,0.017220,0.012882,-0.025847
6696,-0.057707,0.588368,9.936971,0.181504,-1.159114,0.022650,1.939470,1.490904,-2.941426,0.999437,0.017251,0.012570,-0.025880
6697,-0.065637,0.579672,9.929978,0.311723,-1.261177,0.009108,1.947669,1.450571,-2.942265,0.999440,0.017314,0.012216,-0.025883
6698,-0.066959,0.587567,9.930779,0.417509,-1.079256,0.021499,1.959803,1.411569,-2.943086,0.999443,0.017411,0.011873,-0.025885
6699,-0.056628,0.578446,9.912792,0.759785,-0.636367,-0.130914,1.979356,1.383055,-2.945892,0.999442,0.017576,0.011619,-0.025908
6700,-0.057939,0.579399,9.902764,0.900553,-0.167517,-0.361154,2.006820,1.369950,-2.954558,0.999438,0.017813,0.011498,-0.025984
6701,-0.048453,0.582059,9.941611,1.071795,-0.144245,-0.293838,2.039427,1.365142,-2.965656,0.999430,0.018097,0.011446,-0.026083
6702,-0.035162,0.583361,9.958479,1.108686,-0.414094,-0.458459,2.075463,1.356293,-2.978524,0.999423,0.018411,0.011359,-0.026198
6703,-0.035182,0.583311,9.951368,1.183643,-1.073133,-0.606294,2.113231,1.332171,-2.997168,0.999415,0.018737,0.011137,-0.026360
6704,-0.035330,0.607884,9.937210,0.707835,-1.887773,-0.589326,2.144259,1.283596,-3.018918,0.999410,0.018998,0.010703,-0.026545
6705,-0.029811,0.617174,9.918972,0.311545,-2.117931,-0.769202,2.160702,1.217731,-3.044054,0.999408,0.019129,0.010120,-0.026755
6706,-0.029426,0.622254,9.894987,0.005348,-1.791024,-0.859052,2.165371,1.153651,-3.073636,0.999406,0.019157,0.009555,-0.027003
6707,-0.033817,0.628563,9.876938,-0.055100,-1.402888,-0.646779,2.164007,1.101405,-3.100729,0.999405,0.019136,0.009095,-0.027231
6708,-0.023147,0.641769,9.872161,-0.245104,-0.689630,-0.573369,2.158594,1.067321,-3.122370,0.999403,0.019082,0.008796,-0.027414
6709,-0.014294,0.645067,9.887136,-0.190838,0.170083,-0.525899,2.150982,1.059357,-3.141006,0.999401,0.019015,0.008725,-0.027574
6710,-0.014800,0.637097,9.914138,-0.113719,0.828366,-0.388402,2.145633,1.076557,-3.155612,0.999397,0.018974,0.008874,-0.027704
6711,-0.019112,0.632275,9.935761,-0.134358,1.044153,-0.463011,2.141249,1.108275,-3.168627,0.999391,0.018944,0.009149,-0.027822
6712,-0.020570,0.624225,9.953829,0.000549,0.730424,-0.357561,2.138772,1.138341,-3.181191,0.999386,0.018931,0.009410,-0.027937
6713,-0.020210,0.619262,9.958787,0.104842,0.065662,-0.183441,2.140359,1.151937,-3.189708,0.999383,0.018949,0.009527,-0.028013
6714,-0.024228,0.602801,9.945618,0.256290,-0.440432,-0.116137,2.146273,1.145882,-3.194931,0.999381,0.018999,0.009472,-0.028058
6715,-0.032325,0.599036,9.928489,0.280944,-1.158551,-0.013742,2.155165,1.119332,-3.198095,0.999381,0.019071,0.009238,-0.028082
6716,-0.036535,0.612255,9.916211,0.218686,-1.614081,-0.050210,2.163439,1.073194,-3.200901,0.999383,0.019132,0.008833,-0.028100
6717,-0.038669,0.634337,9.900817,0.210077,-1.443845,-0.176710,2.170480,1.022408,-3.206608,0.999385,0.019181,0.008387,-0.028142
6718,-0.030114,0.631530,9.891941,0.256533,-1.073637,-0.194873,2.178121,0.980715,-3.214390,0.999385,0.019238,0.008020,-0.028204
6719,-0.028508,0.633908,9.894736,0.100023,-0.579786,-0.277129,2.183913,0.953478,-3.223301,0.999384,0.019283,0.007780,-0.028277
6720,-0.016609,0.658335,9.910561,-0.114307,-0.172925,-0.420421,2.183474,0.941385,-3.235398,0.999382,0.019277,0.007672,-0.028381
6721,-0.005799,0.655582,9.903292,-0.004994,-0.011853,-0.359233,2.181270,0.938802,-3.248502,0.999379,0.019258,0.007648,-0.028495
6722,-0.011919,0.626803,9.898548,-0.118683,0.074433,-0.331620,2.179021,0.940282,-3.259969,0.999377,0.019239,0.007660,-0.028595
6723,-0.019841,0.628970,9.914186,-0.340905,0.270688,-0.384887,2.171168,0.946483,-3.271686,0.999375,0.019173,0.007714,-0.028697
6724,-0.016356,0.636142,9.931946,-0.399788,0.233499,-0.392377,2.158614,0.955369,-3.284315,0.999373,0.019067,0.007792,-0.028808
6725,-0.019022,0.605588,9.913531,-0.054443,0.090995,-0.291527,2.150856,0.961202,-3.295504,0.999371,0.019001,0.007843,-0.028906
6726,-0.024985,0.606617,9.927400,-0.044986,-0.170486,-0.208993,2.149058,0.960191,-3.303890,0.999369,0.018986,0.007834,-0.028979
6727,-0.015766,0.613792,9.946589,-0.122451,-0.393849,-0.236324,2.146138,0.951071,-3.311661,0.999368,0.018959,0.007754,-0.029045
6728,-0.022857,0.621121,9.931983,0.108430,-0.603482,-0.220926,2.145769,0.934746,-3.319900,0.999367,0.018952,0.007610,-0.029114
6729,-0.027394,0.604728,9.930131,0.122575,-0.724495,-0.252839,2.149478,0.912924,-3.328621,0.999366,0.018979,0.007417,-0.029187
6730,-0.034183,0.612902,9.952885,-0.525606,-0.837751,-0.507544,2.142547,0.887380,-3.342262,0.999366,0.018913,0.007194,-0.029301
6731,-0.029352,0.625689,9.920406,-0.369462,-0.812073,-0.658488,2.127317,0.860625,-3.362708,0.999365,0.018775,0.006961,-0.029474
6732,-0.018377,0.633088,9.899742,0.113425,-0.598755,-0.415740,2.122771,0.837792,-3.381474,0.999362,0.018731,0.006760,-0.029634
6733,-0.009525,0.612864,9.912844,0.057597,-0.423665,-0.456814,2.125402,0.821303,-3.396640,0.999359,0.018750,0.006613,-0.029764
6734,-0.008342,0.622834,9.903925,0.416746,-0.440866,-0.322409,2.133116,0.807386,-3.410155,0.999355,0.018815,0.006488,-0.029880
6735,-0.000965,0.617453,9.896238,1.027701,-0.409259,0.025628,2.157114,0.793413,-3.415629,0.999351,0.019021,0.006359,-0.029927
6736,-0.007112,0.595737,9.903407,1.063149,-0.208250,0.106622,2.191987,0.783046,-3.413818,0.999346,0.019322,0.006259,-0.029911
6737,-0.023127,0.616853,9.921384,0.604107,-0.246621,-0.065696,2.219780,0.775444,-3.413428,0.999342,0.019562,0.006186,-0.029908
6738,-0.018960,0.619084,9.912658,0.647180,-0.278781,0.029021,2.240622,0.766718,-3.414380,0.999339,0.019742,0.006104,-0.029916
6739,-0.014064,0.627334,9.914173,0.395766,-0.230111,0.097799,2.258028,0.758160,-3.412600,0.999337,0.019892,0.006025,-0.029900
6740,-0.017236,0.633717,9.920247,0.242067,-0.140233,-0.013481,2.268674,0.751937,-3.411439,0.999336,0.019983,0.005968,-0.029889
6741,-0.019877,0.628641,9.934189,-0.079519,-0.193731,-0.175120,2.271339,0.746499,-3.414801,0.999335,0.020005,0.005920,-0.029918
6742,-0.013928,0.614385,9.943127,-0.167805,-0.286913,-0.130761,2.267147,0.738697,-3.420213,0.999334,0.019966,0.005852,-0.029964
6743,-0.019983,0.641520,9.928734,-0.155281,-0.261055,-0.095557,2.261709,0.729720,-3.424343,0.999335,0.019917,0.005774,-0.029998
6744,-0.029713,0.633428,9.929781,-0.215849,-0.160292,-0.135127,2.255471,0.722855,-3.428462,0.999335,0.019861,0.005715,-0.030032
6745,-0.030424,0.633121,9.920973,-0.285614,-0.300531,-0.099932,2.247061,0.715334,-3.432679,0.999336,0.019786,0.005651,-0.030067
6746,-0.025516,0.635415,9.936239,-0.308046,-0.288189,-0.003701,2.237140,0.705597,-3.434789,0.999338,0.019697,0.005568,-0.030084
6747,-0.029248,0.627086,9.920164,-0.057356,-0.201064,-0.064640,2.231033,0.697493,-3.436245,0.999339,0.019642,0.005499,-0.030095
6748,-0.027044,0.611675,9.923856,-0.160827,-0.431298,-0.064547,2.227365,0.687046,-3.438807,0.999340,0.019607,0.005409,-0.030115
6749,-0.026770,0.608484,9.916036,-0.180490,-0.540979,-0.168219,2.221623,0.671004,-3.443313,0.999340,0.019553,0.005269,-0.030151
6750,-0.027211,0.610711,9.919637,-0.013984,-0.408003,-0.123878,2.218319,0.655388,-3.448790,0.999340,0.019520,0.005133,-0.030196
6751,-0.021513,0.616162,9.901050,0.305186,-0.366580,-0.041389,2.223135,0.642595,-3.452044,0.999339,0.019559,0.005020,-0.030223
6752,-0.022488,0.626902,9.908478,0.012581,-0.386193,-0.051981,2.228409,0.630119,-3.454086,0.999339,0.019602,0.004909,-0.030239
6753,-0.024338,0.620650,9.918461,0.063321,-0.286733,-0.090043,2.229644,0.619004,-3.456887,0.999338,0.019610,0.004811,-0.030261
6754,-0.024370,0.618816,9.922562,0.144506,-0.168918,-0.089959,2.233072,0.611532,-3.460181,0.999337,0.019638,0.004745,-0.030289
6755,-0.018404,0.638594,9.938771,-0.021394,-0.121316,-0.115815,2.235085,0.606832,-3.463797,0.999336,0.019654,0.004703,-0.030320
6756,-0.024678,0.623640,9.931101,-0.098767,-0.024867,-0.240857,2.233019,0.604629,-3.469832,0.999335,0.019636,0.004683,-0.030372
6757,-0.024166,0.606759,9.928740,0.101354,0.025854,-0.254510,2.232975,0.604967,-3.478082,0.999333,0.019636,0.004685,-0.030444
6758,-0.027819,0.611918,9.927577,0.037412,-0.074466,-0.271217,2.235194,0.604499,-3.486869,0.999330,0.019656,0.004678,-0.030521
6759,-0.037007,0.617676,9.927277,-0.092071,-0.023628,-0.370326,2.234170,0.603283,-3.497618,0.999327,0.019647,0.004666,-0.030614
6760,-0.042355,0.593452,9.922777,-0.049255,0.025793,-0.397724,2.231680,0.603818,-3.510408,0.999324,0.019626,0.004669,-0.030726
6761,-0.035085,0.604648,9.923004,-0.027889,-0.078919,-0.176396,2.230293,0.603305,-3.520004,0.999322,0.019614,0.004664,-0.030809
6762,-0.032752,0.599984,9.915224,-0.127017,-0.032633,-0.194634,2.227646,0.601688,-3.526257,0.999321,0.019591,0.004649,-0.030863
6763,-0.039187,0.604582,9.907866,-0.110163,0.196797,-0.255600,2.223615,0.604713,-3.533649,0.999319,0.019557,0.004675,-0.030928
6764,-0.032964,0.619561,9.936262,-0.225925,0.044745,-0.083098,2.217956,0.608955,-3.539134,0.999319,0.019509,0.004713,-0.030976
6765,-0.038772,0.614563,9.919539,-0.062363,0.124621,-0.079971,2.213123,0.611880,-3.541741,0.999319,0.019467,0.004739,-0.030999
6766,-0.045495,0.610567,9.915691,-0.124682,0.198475,-0.136360,2.209969,0.617401,-3.545136,0.999318,0.019442,0.004788,-0.031030
6767,-0.049504,0.619013,9.919575,-0.200691,0.241877,-0.114928,2.204504,0.624896,-3.549039,0.999317,0.019396,0.004854,-0.031065
6768,-0.050808,0.605804,9.931753,-0.162287,0.309716,-0.110283,2.198417,0.634226,-3.552437,0.999317,0.019346,0.004936,-0.031096
6769,-0.050995,0.588897,9.893830,0.097185,0.287516,-0.056809,2.197305,0.644279,-3.554838,0.999316,0.019339,0.005024,-0.031118
6770,-0.050698,0.584079,9.903126,-0.063107,0.282076,-0.084210,2.197851,0.653856,-3.556822,0.999315,0.019346,0.005107,-0.031137
6771,-0.066322,0.589003,9.901023,0.005488,0.398797,-0.223005,2.196836,0.665392,-3.561503,0.999313,0.019341,0.005207,-0.031180
6772,-0.078430,0.588544,9.918639,0.072584,0.384461,-0.145125,2.198072,0.678672,-3.567134,0.999311,0.019355,0.005322,-0.031231
6773,-0.086271,0.592466,9.935237,0.049659,0.275628,-0.109975,2.200064,0.689828,-3.570961,0.999309,0.019376,0.005418,-0.031267
6774,-0.099060,0.603244,9.930281,0.118388,0.214216,-0.135863,2.202819,0.698144,-3.574742,0.999307,0.019402,0.005489,-0.031301
6775,-0.108342,0.612512,9.916112,0.298653,0.452023,-0.057992,2.209735,0.709364,-3.577543,0.999304,0.019466,0.005584,-0.031328
6776,-0.098753,0.613157,9.932552,0.305023,0.634868,0.131273,2.219820,0.727418,-3.575623,0.999302,0.019559,0.005739,-0.031315
6778,-0.112903,0.606938,9.930622,0.228925,0.665116,-0.033475,2.228750,0.749005,-3.573153,0.999300,0.019642,0.005926,-0.031297
6779,-0.131064,0.598647,9.926215,0.186272,0.852718,-0.092944,2.235656,0.774365,-3.574273,0.999296,0.019709,0.006145,-0.031311
6780,-0.131749,0.595323,9.935610,0.120624,1.015982,-0.175303,2.240727,0.805661,-3.577525,0.999293,0.019762,0.006416,-0.031345
6781,-0.132477,0.583870,9.930683,0.169298,0.918251,-0.164579,2.245495,0.838095,-3.581924,0.999288,0.019813,0.006696,-0.031389
6782,-0.138718,0.583811,9.888635,0.048519,1.089058,-0.417838,2.249001,0.871905,-3.590312,0.999283,0.019853,0.006989,-0.031469
6783,-0.129915,0.590945,9.886248,-0.095089,1.467295,-0.233151,2.248082,0.914904,-3.599483,0.999278,0.019857,0.007362,-0.031556
6784,-0.123638,0.603066,9.905131,-0.209578,1.392126,-0.106436,2.242941,0.962746,-3.603272,0.999274,0.019826,0.007780,-0.031597
6785,-0.135610,0.602776,9.946970,-0.388086,1.118508,-0.117048,2.232944,1.004703,-3.605361,0.999272,0.019750,0.008149,-0.031621
6786,-0.143116,0.612034,9.977059,-0.577226,0.600763,-0.040680,2.216828,1.033438,-3.606876,0.999272,0.019618,0.008403,-0.031638
6787,-0.161561,0.584515,10.003661,-0.465881,-0.278535,0.256942,2.199512,1.038666,-3.603069,0.999275,0.019468,0.008454,-0.031604
6788,-0.158936,0.562838,9.975080,-0.074075,-1.307303,0.424854,2.190698,1.011819,-3.592725,0.999282,0.019383,0.008224,-0.031509
6789,-0.140874,0.546608,9.917363,0.111528,-2.027945,0.513419,2.191553,0.955674,-3.579224,0.999290,0.019374,0.007737,-0.031382
6790,-0.139437,0.534382,9.878615,0.080293,-2.132141,0.461594,2.194968,0.885768,-3.565638,0.999298,0.019384,0.007129,-0.031252
6791,-0.139887,0.538520,9.872332,-0.103581,-2.082062,0.220545,2.194709,0.815147,-3.556966,0.999306,0.019362,0.006514,-0.031165
6792,-0.127136,0.558681,9.891555,-0.302547,-1.848788,0.113775,2.187980,0.749468,-3.553902,0.999312,0.019286,0.005944,-0.031127
6793,-0.137520,0.556960,9.907157,-0.542585,-1.139274,-0.202055,2.173851,0.699759,-3.557266,0.999316,0.019149,0.005514,-0.031148
6794,-0.152599,0.547069,9.915341,-0.588898,-0.307363,-0.507219,2.154840,0.676112,-3.569989,0.999317,0.018978,0.005311,-0.031254
6795,-0.134045,0.542639,9.947260,-0.485746,0.097353,-0.375974,2.136753,0.673166,-3.584830,0.999316,0.018820,0.005287,-0.031382
6796,-0.124209,0.535077,9.937334,-0.182749,0.175347,-0.180633,2.125504,0.678053,-3.593931,0.999315,0.018724,0.005332,-0.031462
6797,-0.124867,0.522782,9.928313,-0.178930,-0.038176,-0.287425,2.119384,0.680626,-3.601642,0.999314,0.018671,0.005354,-0.031529
6798,-0.119152,0.528804,9.925029,-0.185813,-0.247167,-0.368274,2.113173,0.676277,-3.612740,0.999312,0.018616,0.005316,-0.031625
6799,-0.120531,0.526149,9.931999,-0.252168,-0.529432,-0.261433,2.105746,0.663729,-3.623705,0.999311,0.018549,0.005207,-0.031718
6800,-0.132579,0.538144,9.915726,-0.353532,-0.712394,-0.305663,2.095535,0.643392,-3.633910,0.999311,0.018454,0.005031,-0.031803
6801,-0.132872,0.514007,9.926743,-0.329832,-0.554942,-0.375839,2.084011,0.622698,-3.646032,0.999311,0.018349,0.004852,-0.031905
6802,-0.131220,0.503242,9.913784,-0.112564,-0.463065,-0.265961,2.076517,0.606131,-3.657338,0.999310,0.018279,0.004708,-0.032001
6803,-0.116324,0.505069,9.901156,-0.060127,-0.598620,-0.328510,2.073528,0.588807,-3.667880,0.999308,0.018249,0.004556,-0.032090
6804,-0.101137,0.527512,9.923913,-0.134158,-0.468841,-0.293394,2.070179,0.571402,-3.678882,0.999306,0.018215,0.004403,-0.032183
6805,-0.110996,0.517108,9.910865,-0.011251,-0.566419,-0.134676,2.067679,0.554417,-3.686635,0.999305,0.018189,0.004255,-0.032248
6806,-0.127838,0.529184,9.902939,0.014021,-0.639345,-0.149924,2.067674,0.534505,-3.692101,0.999305,0.018184,0.004080,-0.032293
6807,-0.110586,0.536917,9.947097,0.047056,-0.251402,-0.046149,2.068657,0.519787,-3.695903,0.999304,0.018188,0.003951,-0.032323
6808,-0.104594,0.523740,9.960491,0.305864,-0.141307,0.198014,2.074560,0.513154,-3.693610,0.999304,0.018238,0.003892,-0.032303
6809,-0.122282,0.514360,9.914884,0.347833,-0.603320,0.083577,2.085492,0.500582,-3.689371,0.999304,0.018329,0.003780,-0.032264
6810,-0.129299,0.529457,9.912793,0.238774,-0.871335,-0.059859,2.095264,0.476006,-3.689871,0.999303,0.018408,0.003562,-0.032265
6811,-0.125435,0.527899,9.912384,0.370884,-0.827991,0.104939,2.105423,0.447675,-3.690158,0.999303,0.018488,0.003312,-0.032263
6812,-0.139209,0.517691,9.904808,0.405228,-0.605976,-0.021722,2.118362,0.423741,-3.689654,0.999302,0.018594,0.003100,-0.032255
6813,-0.139515,0.499801,9.910387,0.392037,-0.435675,-0.128556,2.131627,0.406485,-3.692801,0.999299,0.018705,0.002945,-0.032280
6814,-0.120682,0.499921,9.909403,0.503810,-0.183057,-0.316261,2.146503,0.396457,-3.700595,0.999295,0.018832,0.002853,-0.032347
6815,-0.102245,0.482250,9.894715,0.323975,0.124261,-0.648923,2.160187,0.396082,-3.716708,0.999288,0.018952,0.002843,-0.032488
6816,-0.102871,0.486123,9.901202,-0.388540,0.149167,-1.077717,2.158912,0.401719,-3.745294,0.999280,0.018943,0.002888,-0.032738
6817,-0.116173,0.495925,9.908168,-0.806474,0.068877,-1.363075,2.138710,0.406875,-3.785810,0.999272,0.018770,0.002932,-0.033092
6818,-0.134306,0.508774,9.914557,-0.923614,0.043734,-1.356988,2.109553,0.410430,-3.831046,0.999263,0.018518,0.002964,-0.033486
6819,-0.149095,0.496553,9.938539,-1.121573,-0.107839,-1.126597,2.075170,0.410873,-3.872451,0.999257,0.018219,0.002971,-0.033846
6820,-0.151652,0.494733,9.951752,-1.012857,-0.002940,-1.042699,2.039337,0.410325,-3.908650,0.999251,0.017907,0.002971,-0.034161
6821,-0.148296,0.483700,9.945813,-0.795807,0.140101,-0.876399,2.008963,0.413739,-3.940536,0.999247,0.017644,0.003005,-0.034439
6822,-0.148145,0.481665,9.937144,-0.845800,0.060330,-0.671951,1.981416,0.417976,-3.966210,0.999243,0.017406,0.003046,-0.034662
6823,-0.147782,0.485137,9.933408,-0.894180,0.204858,-0.591101,1.952264,0.423115,-3.987097,0.999241,0.017154,0.003097,-0.034845
6824,-0.147299,0.471795,9.938026,-0.724353,0.392094,-0.319508,1.925177,0.433572,-4.001929,0.999240,0.016921,0.003194,-0.034975
6825,-0.152351,0.467489,9.952165,-0.647671,0.124615,-0.025026,1.902268,0.442370,-4.007380,0.999241,0.016724,0.003277,-0.035023
6826,-0.144826,0.459553,9.944969,-0.287194,-0.097128,0.124493,1.886699,0.442773,-4.005708,0.999244,0.016589,0.003286,-0.035008
6827,-0.130977,0.448630,9.925845,-0.001566,-0.201538,0.269441,1.881936,0.437582,-3.999311,0.999247,0.016545,0.003243,-0.034951
6828,-0.131235,0.434937,9.932379,-0.070100,-0.524245,0.447961,1.880828,0.425099,-3.987757,0.999251,0.016532,0.003136,-0.034849
6829,-0.125450,0.445377,9.928242,-0.111185,-0.918688,0.339607,1.877896,0.400633,-3.975426,0.999256,0.016498,0.002925,-0.034738
6830,-0.123870,0.425110,9.921450,-0.263725,-0.934708,0.147327,1.871695,0.369494,-3.968326,0.999260,0.016435,0.002657,-0.034671
6831,-0.128926,0.423696,9.932929,-0.514070,-0.892649,0.098478,1.858750,0.338921,-3.965223,0.999264,0.016312,0.002394,-0.034639
6832,-0.138097,0.419100,9.916265,-0.346329,-1.163225,0.241890,1.844435,0.304491,-3.960659,0.999268,0.016177,0.002099,-0.034595
6833,-0.128033,0.427905,9.916306,-0.485229,-1.378790,0.063329,1.830594,0.261982,-3.956933,0.999272,0.016044,0.001733,-0.034556
6834,-0.125341,0.421516,9.944447,-0.431818,-1.244918,-0.128966,1.815300,0.218311,-3.959417,0.999275,0.015897,0.001357,-0.034571
6835,-0.123554,0.409071,9.940652,0.291366,-1.449726,0.057165,1.812949,0.173461,-3.962035,0.999275,0.015863,0.000966,-0.034588
6836,-0.123568,0.426415,9.924223,0.587355,-1.968777,0.047975,1.827595,0.116459,-3.962096,0.999274,0.015974,0.000464,-0.034581
6837,-0.107900,0.430314,9.939922,0.860592,-2.168895,-0.200789,1.851721,0.047615,-3.966857,0.999270,0.016163,-0.000144,-0.034613
6838,-0.084642,0.438960,9.931046,1.393278,-2.103625,-0.057387,1.889282,-0.023415,-3.973483,0.999263,0.016469,-0.000776,-0.034660
6839,-0.079619,0.443452,9.910279,1.262212,-1.887316,-0.071158,1.933546,-0.089822,-3.977846,0.999255,0.016835,-0.001369,-0.034688
6840,-0.068609,0.475573,9.913417,0.542307,-1.504624,-0.237526,1.963636,-0.146147,-3.984910,0.999249,0.017080,-0.001870,-0.034741
6841,-0.063967,0.473020,9.935438,0.089548,-0.914367,-0.199424,1.974191,-0.186190,-3.993571,0.999244,0.017160,-0.002224,-0.034810
6842,-0.061289,0.458545,9.938534,-0.354235,-0.404918,-0.101816,1.969799,-0.207992,-3.999344,0.999243,0.017115,-0.002413,-0.034857
6843,-0.075898,0.440517,9.929996,-0.770790,-0.221853,-0.046939,1.951059,-0.218348,-4.002179,0.999245,0.016948,-0.002499,-0.034881
6844,-0.072537,0.437746,9.923918,-0.772412,-0.168370,0.128483,1.925335,-0.224894,-4.001040,0.999249,0.016722,-0.002548,-0.034871
6845,-0.076366,0.412645,9.923062,-0.790961,0.072827,0.177252,1.899259,-0.226656,-3.996001,0.999254,0.016494,-0.002554,-0.034827
6846,-0.084660,0.398684,9.913064,-0.965368,0.253085,0.021546,1.869973,-0.221336,-3.992510,0.999259,0.016241,-0.002499,-0.034798
6847,-0.094161,0.417014,9.913934,-1.203760,0.509765,-0.009039,1.833819,-0.208635,-3.991891,0.999265,0.015929,-0.002377,-0.034795
6848,-0.097154,0.409211,9.921489,-1.106294,0.558985,0.120598,1.795309,-0.190890,-3.989468,0.999271,0.015599,-0.002210,-0.034777
6849,-0.098619,0.369838,9.920349,-0.983134,0.577681,0.202934,1.760466,-0.172122,-3.983490,0.999278,0.015301,-0.002035,-0.034728
6850,-0.097108,0.372260,9.929770,-1.018849,0.549026,0.245599,1.727077,-0.153580,-3.975447,0.999285,0.015015,-0.001862,-0.034661
6851,-0.097649,0.357717,9.948833,-1.027106,0.321946,0.265378,1.692955,-0.139325,-3.966501,0.999292,0.014722,-0.001726,-0.034586
6852,-0.100013,0.341009,9.929068,-0.824927,-0.063851,0.167664,1.662070,-0.135236,-3.959161,0.999298,0.014454,-0.001680,-0.034523
6853,-0.102685,0.335658,9.919873,-0.773883,-0.002535,-0.094850,1.635420,-0.136377,-3.957981,0.999302,0.014222,-0.001682,-0.034513
6854,-0.109758,0.351592,9.938024,-0.669288,0.205334,-0.163572,1.611377,-0.132876,-3.962190,0.999303,0.014013,-0.001645,-0.034550
6855,-0.111327,0.333708,9.931169,-0.276245,0.323234,-0.221615,1.595632,-0.123890,-3.968361,0.999304,0.013878,-0.001562,-0.034605
6856,-0.106922,0.330510,9.910892,0.290658,0.372431,-0.140795,1.595884,-0.112132,-3.974076,0.999302,0.013884,-0.001461,-0.034656
6857,-0.112779,0.330392,9.926932,0.666817,0.470445,-0.151531,1.611850,-0.097953,-3.978552,0.999299,0.014027,-0.001342,-0.034697
6858,-0.127841,0.332514,9.938825,1.029229,0.451078,-0.313336,1.640129,-0.082380,-3.985861,0.999293,0.014279,-0.001216,-0.034762
6859,-0.137918,0.326257,9.920099,1.594506,0.221277,-0.389694,1.683873,-0.070839,-3.997248,0.999284,0.014664,-0.001130,-0.034863
6860,-0.137814,0.346669,9.926320,2.513812,-0.118352,-0.168499,1.752356,-0.068846,-4.006494,0.999272,0.015261,-0.001135,-0.034943
6861,-0.131224,0.347720,9.925472,4.090806,-0.349704,0.035911,1.862437,-0.076571,-4.008947,0.999256,0.016219,-0.001236,-0.034962
6862,-0.118335,0.370359,9.932402,6.096531,-0.514051,0.371552,2.032216,-0.091188,-4.002648,0.999233,0.017695,-0.001414,-0.034903
6863,-0.095774,0.429842,9.939059,9.134019,-0.782389,1.094779,2.286016,-0.113697,-3.979040,0.999198,0.019901,-0.001684,-0.034690
6864,-0.084113,0.487264,9.947211,11.648421,-1.197417,1.348022,2.632299,-0.148402,-3.939780,0.999146,0.022911,-0.002083,-0.034335
6865,-0.075653,0.560675,9.953820,14.335438,-1.575898,1.351008,3.065229,-0.196803,-3.897145,0.999064,0.026672,-0.002625,-0.033944
6866,-0.071676,0.666330,9.939909,17.887486,-2.201945,1.567632,3.602087,-0.262497,-3.852244,0.998941,0.031334,-0.003345,-0.033522
6867,-0.068150,0.777510,9.918386,19.983612,-2.938179,1.437878,4.233017,-0.351390,-3.808115,0.998765,0.036809,-0.004290,-0.033090
6868,-0.063460,0.889826,9.889649,21.362642,-3.524806,0.825918,4.921887,-0.461784,-3.779083,0.998532,0.042782,-0.005440,-0.032769
6869,-0.038333,1.023078,9.869911,22.787519,-3.581918,0.538966,5.657578,-0.581852,-3.767336,0.998237,0.049158,-0.006691,-0.032579
6870,-0.033037,1.166673,9.886061,24.000397,-3.300243,0.342024,6.437311,-0.697474,-3.764830,0.997877,0.055916,-0.007918,-0.032454
6871,-0.030581,1.292973,9.899909,24.512880,-3.071860,0.093176,7.245890,-0.803786,-3.770306,0.997451,0.062924,-0.009075,-0.032387
6872,-0.017871,1.402154,9.883738,26.339031,-2.971572,0.045725,8.093540,-0.903924,-3.781475,0.996951,0.070271,-0.010192,-0.032354
6873,-0.005868,1.586796,9.876054,28.212505,-2.563011,-0.148239,9.002931,-0.994881,-3.796896,0.996353,0.078152,-0.011250,-0.032344
6875,0.004065,1.781929,9.826012,30.479946,-2.424502,0.092656,9.981331,-1.076714,-3.811561,0.995641,0.086630,-0.012248,-0.032312
6876,0.011931,1.988249,9.749757,31.549858,-2.171510,0.307576,11.015220,-1.153219,-3.818980,0.994813,0.095586,-0.013209,-0.032200
6877,0.035974,2.207421,9.703650,31.129269,-1.778155,0.310365,12.059845,-1.219749,-3.822076,0.993895,0.104630,-0.014082,-0.032044
6878,0.036227,2.460672,9.669806,30.661793,-1.397012,0.017092,13.089740,-1.272575,-3.828299,0.992910,0.113542,-0.014834,-0.031917
6879,0.030080,2.632621,9.593136,29.364502,-1.301131,-0.215196,14.090403,-1.315520,-3.842108,0.991874,0.122193,-0.015498,-0.031860
6880,0.024622,2.813270,9.578034,27.284443,-1.107500,-0.528406,15.034988,-1.351270,-3.864208,0.990824,0.130351,-0.016094,-0.031881
6881,0.037830,2.958109,9.533230,26.129066,-1.206832,-0.508994,15.925794,-1.383846,-3.891184,0.989772,0.138036,-0.016656,-0.031949
6882,0.017217,3.097688,9.460711,26.205065,-0.994816,-0.366025,16.798569,-1.414946,-3.915511,0.988683,0.145557,-0.017198,-0.031991
6883,0.022887,3.217873,9.422576,25.575993,-0.712526,0.069875,17.661860,-1.440649,-3.928667,0.987553,0.152991,-0.017677,-0.031939
6884,0.030820,3.370818,9.369583,25.822752,-0.517233,0.669031,18.518316,-1.463922,-3.923331,0.986382,0.160361,-0.018108,-0.031728
6885,0.030760,3.504000,9.308177,26.293858,-0.172408,1.236117,19.386200,-1.485065,-3.897026,0.985145,0.167825,-0.018491,-0.031332
6886,0.018614,3.653126,9.263384,28.399233,0.688240,1.264504,20.296598,-1.491084,-3.854903,0.983792,0.175651,-0.018727,-0.030814
6887,0.020693,3.804391,9.219206,28.235573,0.932454,1.141782,21.239231,-1.480033,-3.807868,0.982327,0.183749,-0.018809,-0.030273
6888,0.019697,3.936271,9.123322,28.213795,0.668517,1.370001,22.178724,-1.470729,-3.759110,0.980801,0.191807,-0.018896,-0.029716
6889,0.011786,4.052112,9.100616,27.206083,0.505301,1.788931,23.100883,-1.472932,-3.702951,0.979240,0.199703,-0.019055,-0.029080
6890,0.014813,4.183980,9.042642,26.591827,0.015540,2.255141,23.995764,-1.491875,-3.637657,0.977666,0.207349,-0.019325,-0.028338
6891,0.032563,4.271865,8.945031,23.578636,-1.501236,2.849532,24.830091,-1.549565,-3.570358,0.976143,0.214456,-0.019896,-0.027515
6892,0.058312,4.384597,8.867512,22.176668,-2.227691,3.234896,25.590807,-1.648974,-3.504949,0.974708,0.220915,-0.020798,-0.026634
6893,0.071742,4.538004,8.849443,20.489368,-2.122568,3.205205,26.299948,-1.761118,-3.440073,0.973329,0.226922,-0.021786,-0.025731
6894,0.092728,4.646009,8.808481,18.661697,-2.026602,3.021370,26.950476,-1.869432,-3.378255,0.972031,0.232425,-0.022725,-0.024862
6895,0.095849,4.716456,8.754389,17.012442,-1.951962,2.503317,27.543295,-1.970533,-3.326718,0.970818,0.237433,-0.023603,-0.024097
6896,0.108985,4.826422,8.732680,16.490767,-1.665162,2.346860,28.100138,-2.061587,-3.283339,0.969654,0.242131,-0.024398,-0.023421
6897,0.130791,4.928904,8.698614,15.914204,-1.691190,2.158342,28.638760,-2.146482,-3.243834,0.968505,0.246671,-0.025140,-0.022789
6898,0.131435,4.949525,8.666162,15.479369,-1.474576,1.411310,29.160955,-2.221429,-3.217229,0.967369,0.251066,-0.025818,-0.022285
6899,0.125610,4.993254,8.610162,16.593044,-1.331108,0.595551,29.695240,-2.278610,-3.211087,0.966183,0.255559,-0.026390,-0.021984
6900,0.143527,5.092508,8.557595,17.831825,-1.543155,0.083417,30.269545,-2.325782,-3.225261,0.964882,0.260382,-0.026929,-0.021864
6901,0.141143,5.187467,8.512263,18.014751,-1.508006,-0.549289,30.868301,-2.365638,-3.257842,0.963498,0.265401,-0.027454,-0.021904
6902,0.123773,5.266423,8.483205,18.731693,-1.431557,-0.895202,31.482634,-2.395115,-3.303857,0.962050,0.270543,-0.027927,-0.022073
6903,0.133031,5.362693,8.410004,20.525908,-1.799101,-0.749820,32.139080,-2.426427,-3.355594,0.960471,0.276027,-0.028440,-0.022270
6904,0.131537,5.488795,8.338345,22.399626,-2.076624,-0.650246,32.856800,-2.468365,-3.410012,0.958708,0.282011,-0.029063,-0.022443
6905,0.130909,5.617847,8.270309,24.558876,-2.007734,-0.862019,33.641945,-2.511468,-3.468456,0.956737,0.288545,-0.029723,-0.022623
6906,0.132982,5.731833,8.170185,27.488838,-1.772498,-1.304261,34.512234,-2.543420,-3.533739,0.954502,0.295776,-0.030329,-0.022857
6907,0.144681,5.825005,8.045821,29.642141,-1.953864,-1.232291,35.467495,-2.570057,-3.604086,0.951987,0.303695,-0.030926,-0.023117
6908,0.161453,5.958074,7.921216,30.213104,-2.628182,-0.028073,36.467800,-2.619514,-3.665988,0.949282,0.311961,-0.031705,-0.023224
6909,0.195729,6.084424,7.820321,27.982485,-3.308738,1.038863,37.439796,-2.708664,-3.711967,0.946583,0.319959,-0.032765,-0.023084
6910,0.219180,6.188628,7.761337,24.321854,-3.403454,1.077377,38.313442,-2.818590,-3.752755,0.944097,0.327117,-0.033961,-0.022854
6911,0.239158,6.295944,7.724576,20.415201,-3.127399,0.381926,39.061470,-2.918763,-3.801831,0.941921,0.333224,-0.035076,-0.022743
6912,0.234077,6.397643,7.685324,17.288042,-2.384357,-0.434137,39.692875,-2.989251,-3.860868,0.940051,0.338366,-0.035953,-0.022824
6913,0.221599,6.445840,7.637629,15.085346,-1.268864,-1.846955,40.235981,-3.011517,-3.929240,0.938420,0.342788,-0.036447,-0.023147
6914,0.206313,6.505684,7.598892,14.869165,0.025278,-3.406369,40.739391,-2.970458,-4.009461,0.936893,0.346896,-0.036456,-0.023767
6915,0.178729,6.561743,7.534876,16.035374,1.104362,-4.172406,41.258682,-2.873397,-4.092619,0.935304,0.351148,-0.036026,-0.024579
6916,0.147801,6.599990,7.462286,19.281357,1.516696,-3.662862,41.850658,-2.754075,-4.161486,0.933473,0.355997,-0.035395,-0.025326
6917,0.143167,6.661831,7.363005,22.859978,1.301852,-2.796259,42.555252,-2.646921,-4.209696,0.931264,0.361755,-0.034832,-0.025840
6918,0.120721,6.747123,7.270817,26.218908,0.667324,-1.569530,43.374596,-2.573280,-4.240538,0.928651,0.368423,-0.034519,-0.026078
6919,0.129383,6.906429,7.125397,29.167645,-0.348761,0.440010,44.298092,-2.556380,-4.250352,0.925651,0.375898,-0.034624,-0.025934
6920,0.153324,7.065941,6.984472,29.899664,-1.244462,1.910979,45.282051,-2.602777,-4.241096,0.922388,0.383818,-0.035187,-0.025405
6921,0.174642,7.206383,6.870174,28.616159,-2.128091,2.083454,46.256943,-2.689654,-4.234809,0.919086,0.391620,-0.036077,-0.024756
6922,0.189728,7.314112,6.771626,25.498436,-2.384621,1.885137,47.159237,-2.789401,-4.244149,0.915966,0.398804,-0.037100,-0.024197
6923,0.216283,7.428087,6.669535,21.469635,-2.091861,0.948275,47.943130,-2.874620,-4.267332,0.913206,0.405020,-0.038025,-0.023825
6924,0.211653,7.448434,6.628794,17.745667,-1.422184,-0.461659,48.598621,-2.919683,-4.305715,0.910863,0.410207,-0.038656,-0.023750
6925,0.194839,7.481821,6.571896,16.119339,-1.121677,-0.771520,49.165340,-2.932110,-4.351288,0.908813,0.414687,-0.039037,-0.023875
6926,0.193377,7.531386,6.472460,15.087979,-0.842478,-0.353597,49.687351,-2.939163,-4.388414,0.906906,0.418807,-0.039336,-0.023965
6927,0.196907,7.603434,6.396198,15.309487,-0.306943,-0.926020,50.195427,-2.935153,-4.416833,0.905035,0.422815,-0.039516,-0.024030
6928,0.189471,7.703912,6.355099,16.664837,0.224009,-1.519837,50.729691,-2.904593,-4.443912,0.903050,0.427033,-0.039487,-0.024173
6929,0.182198,7.743743,6.278114,17.278587,0.162907,-1.260700,51.296616,-2.864511,-4.468113,0.900923,0.431503,-0.039383,-0.024319
6930,0.186998,7.755096,6.189485,18.502596,0.040731,-1.323513,51.894157,-2.828647,-4.492227,0.898657,0.436202,-0.039320,-0.024440
6931,0.179884,7.816008,6.114141,19.726500,0.142825,-1.660971,52.532658,-2.787467,-4.520315,0.896208,0.441209,-0.039242,-0.024599
6932,0.175690,7.905966,6.040589,20.222525,-0.179309,-1.069150,53.199802,-2.751563,-4.548311,0.893620,0.446424,-0.039214,-0.024729
6933,0.178151,7.958972,5.923020,20.945955,-0.696810,-0.230112,53.887096,-2.742818,-4.572916,0.890921,0.451771,-0.039390,-0.024719
6934,0.179623,8.039253,5.814287,22.202030,-1.008361,-0.065516,54.607445,-2.755420,-4.598838,0.888058,0.457348,-0.039746,-0.024621
6935,0.174965,8.088161,5.729737,21.811590,-1.336709,0.208922,55.342464,-2.779815,-4.629493,0.885099,0.463014,-0.040215,-0.024504
6936,0.187122,8.145576,5.617275,20.175888,-1.097433,0.268195,56.043640,-2.809254,-4.658532,0.882242,0.468399,-0.040710,-0.024360
6937,0.180370,8.196263,5.526416,18.443983,-0.237120,-0.720865,56.688396,-2.815284,-4.681258,0.879588,0.473345,-0.040986,-0.024280
6938,0.162759,8.262269,5.493407,16.258646,0.749896,-1.575746,57.267422,-2.778529,-4.695027,0.877183,0.477794,-0.040885,-0.024332
6939,0.156669,8.311494,5.425098,14.507966,1.581294,-1.820320,57.780075,-2.709905,-4.692698,0.875038,0.481743,-0.040460,-0.024420
6940,0.134159,8.389825,5.370039,13.622428,2.255527,-2.461681,58.248142,-2.615481,-4.676279,0.873066,0.485357,-0.039771,-0.024531
6941,0.110240,8.437887,5.317677,13.737856,2.073735,-2.605656,58.703362,-2.505755,-4.658951,0.871135,0.488872,-0.038961,-0.024711
6942,0.097341,8.446807,5.279706,14.536704,1.109136,-2.145376,59.174393,-2.410564,-4.654359,0.869117,0.492488,-0.038321,-0.024926
6943,0.093100,8.456510,5.179348,15.628411,0.582427,-2.432748,59.677750,-2.330553,-4.668875,0.866941,0.496328,-0.037889,-0.025215
6944,0.070563,8.478677,5.131530,16.948912,0.766778,-2.753689,60.221642,-2.244495,-4.692708,0.864568,0.500464,-0.037463,-0.025591
6945,0.080243,8.533484,5.018788,17.831459,0.629112,-2.458117,60.802162,-2.157432,-4.715237,0.862013,0.504864,-0.037037,-0.025955
6946,0.063601,8.578870,4.963069,17.941893,0.213664,-1.846617,61.399197,-2.087833,-4.737607,0.859363,0.509368,-0.036750,-0.026240
6947,0.043332,8.655638,4.843948,17.815840,-0.262825,-0.521030,61.995850,-2.053482,-4.757019,0.856693,0.513843,-0.036717,-0.026348
6948,0.042874,8.763977,4.741983,17.186506,-0.946865,1.041050,62.579693,-2.070522,-4.770784,0.854062,0.518190,-0.037039,-0.026186
6949,0.056837,8.831362,4.601815,17.408970,-1.855274,1.943965,63.156963,-2.136091,-4.789599,0.851440,0.522454,-0.037743,-0.025839
6950,0.061747,8.831105,4.517071,17.938248,-1.745923,2.160217,63.746948,-2.224121,-4.812685,0.848738,0.526788,-0.038633,-0.025409
6951,0.084485,8.828483,4.377345,18.456835,-1.088786,2.019399,64.353989,-2.307420,-4.824690,0.845937,0.531239,-0.039437,-0.024906
6952,0.108636,8.851911,4.298558,19.533901,-0.114306,1.007325,64.987015,-2.361568,-4.821250,0.842993,0.535884,-0.039956,-0.024408
6953,0.109801,8.869743,4.197678,21.294464,0.773178,-0.036793,65.666763,-2.371660,-4.804570,0.839803,0.540876,-0.040095,-0.024001
6954,0.098818,8.918461,4.136872,22.093510,1.266989,-0.174589,66.388649,-2.354610,-4.774975,0.836384,0.546173,-0.039981,-0.023613
6955,0.087611,9.027153,3.997597,22.045689,0.862037,-0.776349,67.123199,-2.326025,-4.748621,0.832870,0.551544,-0.039797,-0.023303
6956,0.081425,9.150572,3.921280,21.720297,0.754623,-1.344587,67.852150,-2.283087,-4.737278,0.829344,0.556852,-0.039579,-0.023176
6957,0.093837,9.157414,3.798818,21.555058,0.064256,-0.370064,68.573288,-2.251504,-4.735237,0.825822,0.562073,-0.039486,-0.023068
6958,0.110578,9.165549,3.716800,20.669380,-0.804719,0.500829,69.277420,-2.257990,-4.745916,0.822351,0.567131,-0.039727,-0.022869
6959,0.138181,9.210376,3.558494,19.870665,-1.289250,-0.094535,69.954269,-2.276520,-4.776237,0.818982,0.571960,-0.040145,-0.022758
6960,0.152987,9.252408,3.486243,20.005848,-1.226044,1.068088,70.620216,-2.305968,-4.810273,0.815640,0.576686,-0.040657,-0.022618
6961,0.168393,9.313174,3.378049,21.111420,-1.770198,2.770955,71.306549,-2.382716,-4.836577,0.812171,0.581521,-0.041468,-0.022170
6962,0.170114,9.403455,3.267128,20.985657,-1.684164,2.999763,72.009178,-2.492118,-4.860897,0.808593,0.586436,-0.042499,-0.021526
6963,0.184716,9.449738,3.119791,20.516731,-1.361619,3.144577,72.701630,-2.605080,-4.878237,0.805039,0.591259,-0.043510,-0.020806
6964,0.194023,9.470679,3.059057,18.750685,-1.104687,3.307647,73.356430,-2.719911,-4.886166,0.801652,0.595798,-0.044472,-0.020014
6965,0.224155,9.474924,2.983436,16.213699,-0.876753,2.532273,73.939362,-2.822586,-4.890437,0.798616,0.599823,-0.045310,-0.019278
6966,0.249237,9.422093,2.880985,13.346317,-0.561602,1.754622,74.432190,-2.897862,-4.894051,0.796032,0.603218,-0.045933,-0.018711
6967,0.272350,9.437103,2.816298,11.109878,-0.244700,1.258551,74.839775,-2.949844,-4.893717,0.793885,0.606024,-0.046357,-0.018269
6968,0.280010,9.489671,2.772813,9.569031,-0.219278,0.783895,75.184341,-2.984721,-4.892390,0.792061,0.608393,-0.046646,-0.017935
6969,0.292306,9.526625,2.713663,9.375529,-0.451759,0.982190,75.500259,-3.016029,-4.895773,0.790381,0.610560,-0.046929,-0.017662
6970,0.288816,9.522170,2.667939,9.731331,-0.777331,1.709958,75.819168,-3.064577,-4.904512,0.788680,0.612732,-0.047358,-0.017331
6971,0.288705,9.570766,2.626974,10.166377,-1.260054,1.982870,76.151779,-3.132519,-4.922564,0.786899,0.614982,-0.047971,-0.016952
6972,0.292030,9.587483,2.544089,11.613286,-1.892309,1.819235,76.516769,-3.206514,-4.958693,0.784934,0.617437,-0.048725,-0.016647
6973,0.309378,9.581699,2.484046,12.541526,-2.342999,1.982120,76.922409,-3.284403,-5.012933,0.782739,0.620153,-0.049608,-0.016422
6974,0.322974,9.556038,2.420968,12.634929,-2.567875,1.768143,77.345833,-3.363570,-5.078916,0.780436,0.622976,-0.050565,-0.016256
6975,0.341767,9.588538,2.373153,12.966131,-2.527256,0.804977,77.776886,-3.423747,-5.152739,0.778079,0.625846,-0.051437,-0.016237
6976,0.362514,9.598228,2.303013,14.015146,-2.369397,-0.024535,78.231194,-3.453434,-5.230032,0.775582,0.628877,-0.052126,-0.016393
6978,0.362183,9.612652,2.235251,15.154923,-2.521549,0.152386,78.722153,-3.471800,-5.309653,0.772870,0.632149,-0.052758,-0.016605
6979,0.360382,9.622496,2.131684,17.123314,-2.823247,-0.097991,79.265411,-3.489694,-5.397074,0.769853,0.635757,-0.053441,-0.016842
6980,0.362846,9.670585,1.976168,19.702391,-3.131079,-0.021848,79.885147,-3.505687,-5.495226,0.766390,0.639857,-0.054186,-0.017120
6981,0.347363,9.681442,1.787396,22.463593,-3.419112,-0.270803,80.594536,-3.519381,-5.603839,0.762399,0.644531,-0.054993,-0.017429
6982,0.325172,9.699859,1.616319,24.105238,-3.006768,-1.491930,81.377426,-3.507140,-5.714432,0.757960,0.649677,-0.055657,-0.017854
6983,0.314817,9.719384,1.488956,23.972391,-2.232796,-2.978691,82.184563,-3.445856,-5.811755,0.753344,0.654983,-0.055936,-0.018453
6984,0.306393,9.709869,1.364346,23.280979,-1.545821,-3.746762,82.976646,-3.342809,-5.888903,0.748776,0.660189,-0.055835,-0.019166
6985,0.295843,9.671633,1.249285,22.084330,-0.483495,-4.697907,83.735535,-3.206900,-5.938912,0.744363,0.665177,-0.055371,-0.019912
6986,0.281764,9.668321,1.128414,20.351952,0.446047,-4.533535,84.443665,-3.053884,-5.955470,0.740216,0.669832,-0.054603,-0.020574
6987,0.287221,9.730980,1.035339,19.588419,0.801807,-2.930074,85.108803,-2.928072,-5.946086,0.736300,0.674183,-0.053860,-0.020938
6988,0.286257,9.764246,0.916911,19.821270,1.125486,-1.567531,85.764290,-2.850774,-5.919930,0.732425,0.678433,-0.053332,-0.020922
6989,0.299185,9.823558,0.790239,19.179859,1.800089,0.185811,86.411942,-2.824455,-5.872734,0.728584,0.682596,-0.053001,-0.020477
6990,0.312228,9.878774,0.693704,18.053230,1.949746,1.748558,87.029282,-2.853027,-5.808339,0.724911,0.686528,-0.052905,-0.019612
6991,0.337823,9.932398,0.652470,15.704074,2.020045,2.514898,87.588364,-2.920882,-5.738753,0.721574,0.690057,-0.053007,-0.018506
6992,0.352179,9.899560,0.542426,12.191525,1.550206,2.700916,88.050026,-3.005467,-5.675858,0.718810,0.692948,-0.053230,-0.017385
6993,0.350096,9.857814,0.519349,9.428891,0.837803,2.405619,88.408104,-3.089304,-5.633359,0.716659,0.695171,-0.053549,-0.016443
6994,0.339863,9.842494,0.452562,7.392854,0.282532,1.297414,88.687347,-3.150538,-5.613089,0.714973,0.696896,-0.053847,-0.015812
6995,0.332697,9.844884,0.380004,5.769586,0.075109,0.209502,88.906364,-3.175532,-5.606606,0.713644,0.698252,-0.053993,-0.015516
6996,0.308782,9.819489,0.341551,6.022736,-0.028510,-1.852973,89.102875,-3.148134,-5.606318,0.712442,0.699488,-0.053848,-0.015590
6997,0.295289,9.822729,0.274781,6.672305,0.784979,-4.763361,89.313866,-3.037700,-5.595249,0.711140,0.700856,-0.053125,-0.016099
6998,0.251156,9.934538,0.206359,5.697571,2.025661,-7.073335,89.517723,-2.839944,-5.550399,0.709871,0.702231,-0.051657,-0.016941
6999,0.221956,9.855359,0.197217,7.790411,2.581155,-8.895725,89.738968,-2.573282,-5.475313,0.708485,0.703751,-0.049583,-0.018019
7000,0.168783,9.820634,0.254054,8.698687,3.228215,-10.170308,90.009735,-2.255310,-5.379093,0.706784,0.705598,-0.047076,-0.019269
7001,0.128852,9.839296,0.167970,8.791915,3.365611,-10.028804,90.297188,-1.918952,-5.268228,0.704972,0.707547,-0.044374,-0.020549
7002,0.076700,9.835769,0.206075,9.202363,3.115410,-8.826710,90.593697,-1.605547,-5.157715,0.703101,0.709528,-0.041823,-0.021699
7003,0.083578,9.771088,0.174056,9.790952,1.851992,-7.256623,90.908020,-1.338613,-5.071357,0.701115,0.711579,-0.039714,-0.022715
7004,0.054149,9.877129,0.139896,7.295959,0.272710,-4.690467,91.191963,-1.140213,-5.032247,0.699316,0.713394,-0.038318,-0.023615
7005,0.038103,9.937724,0.026552,5.723478,-1.742998,-2.297196,91.409378,-1.023253,-5.054089,0.697932,0.714750,-0.037787,-0.024405
7006,0.036268,9.897598,0.035409,5.121618,-3.099525,-0.246995,91.591553,-0.978787,-5.133649,0.696767,0.715847,-0.038052,-0.025107
7007,0.027992,9.831092,-0.016884,4.803394,-4.504887,0.962554,91.759155,-0.987024,-5.260676,0.695693,0.716820,-0.038934,-0.025771
7008,0.026874,9.790284,-0.058382,4.786024,-4.689522,1.174128,91.921692,-1.017716,-5.414990,0.694648,0.717743,-0.040123,-0.026458
7009,0.032202,9.796311,-0.076737,4.442130,-4.266845,0.653238,92.078201,-1.042946,-5.565257,0.693638,0.718628,-0.041254,-0.027155
7010,0.043597,9.755548,-0.061854,6.249420,-3.847214,0.120196,92.258873,-1.050709,-5.700909,0.692474,0.719669,-0.042195,-0.027861
7011,0.028387,9.760798,-0.136372,7.032831,-4.100524,-0.435804,92.482651,-1.039950,-5.833069,0.691032,0.720975,-0.043016,-0.028643
7012,0.028168,9.836894,-0.205842,5.993301,-4.465250,-0.692833,92.702271,-1.014697,-5.974865,0.689606,0.722253,-0.043813,-0.029573
7013,0.023509,9.756395,-0.356487,5.491957,-4.552283,-0.633986,92.896309,-0.985287,-6.123928,0.688335,0.723373,-0.044628,-0.030580
7014,0.009611,9.760057,-0.377715,5.040197,-3.594085,-1.875293,93.074074,-0.936458,-6.257355,0.687161,0.724406,-0.045226,-0.031620
7015,-0.005132,9.806645,-0.416170,2.177432,-2.719826,-2.146223,93.195946,-0.863769,-6.358793,0.686340,0.725124,-0.045466,-0.032640
7016,0.005968,9.864212,-0.402366,-0.500920,-1.316067,-2.139310,93.224792,-0.788702,-6.421976,0.686116,0.725300,-0.045425,-0.033482
7017,0.010041,9.854756,-0.367083,-2.093374,0.186895,-1.465273,93.181763,-0.727678,-6.437426,0.686364,0.725060,-0.045145,-0.033978
7018,0.000158,9.943550,-0.222144,-3.573022,1.114615,-0.714358,93.087013,-0.692598,-6.413786,0.686959,0.724514,-0.044758,-0.034096
7019,0.004627,9.881316,-0.213121,-3.726435,1.055086,0.568074,92.964912,-0.692075,-6.377553,0.687742,0.723796,-0.044489,-0.033929
7020,0.015341,9.864565,-0.208068,-3.212498,1.003183,0.656935,92.848862,-0.714204,-6.344337,0.688491,0.723104,-0.044378,-0.033635
7021,0.019834,9.837633,-0.193583,-2.270771,0.861249,0.574559,92.757080,-0.736225,-6.314303,0.689086,0.722556,-0.044294,-0.033351
7022,0.013748,9.833520,-0.148737,-1.190351,1.024503,-0.087736,92.698997,-0.745826,-6.283294,0.689464,0.722215,-0.044140,-0.033126
7023,0.021167,9.856726,-0.162634,-1.129291,0.969553,-0.609675,92.659889,-0.735772,-6.249547,0.689717,0.721996,-0.043855,-0.033002
7024,0.015189,9.867182,-0.148668,-1.190187,0.797107,-0.731811,92.620850,-0.714794,-6.219100,0.689965,0.721780,-0.043526,-0.032965
7025,0.005591,9.872090,-0.135960,-1.176409,1.042762,-0.883014,92.581032,-0.689300,-6.187245,0.690217,0.721562,-0.043160,-0.032949
7026,-0.007551,9.865809,-0.132810,-1.495303,1.244159,-1.005331,92.536034,-0.659561,-6.147759,0.690503,0.721316,-0.042720,-0.032916
7027,-0.012687,9.856977,-0.116735,-1.556345,0.963361,-0.991905,92.484756,-0.627916,-6.109543,0.690827,0.721033,-0.042274,-0.032904
7028,-0.023088,9.847000,-0.100151,-1.031547,0.732918,-1.086855,92.441299,-0.594515,-6.079806,0.691099,0.720794,-0.041873,-0.032950
7029,-0.019267,9.874993,-0.118704,-0.959817,0.653538,-1.505268,92.407852,-0.552330,-6.054888,0.691303,0.720616,-0.041453,-0.033078
7030,-0.019187,9.852478,-0.076113,-0.843916,0.407838,-1.716032,92.377625,-0.499427,-6.034972,0.691483,0.720459,-0.041000,-0.033301
7031,-0.019604,9.845795,-0.048269,-0.604843,0.137730,-1.711525,92.353394,-0.442724,-6.023527,0.691622,0.720336,-0.040578,-0.033597
7032,-0.024293,9.836869,-0.063878,-0.373422,0.046154,-1.543644,92.337044,-0.388642,-6.018244,0.691709,0.720258,-0.040214,-0.033911
7033,-0.025702,9.840181,-0.052222,-0.315876,0.084281,-1.590825,92.325516,-0.336532,-6.013946,0.691767,0.720207,-0.039869,-0.034217
7034,-0.022255,9.825293,-0.043690,-0.266070,0.062900,-1.320466,92.315811,-0.288150,-6.009531,0.691814,0.720166,-0.039547,-0.034498
7035,-0.023659,9.860733,-0.064765,-0.200890,0.073564,-0.908055,92.307999,-0.251130,-6.005759,0.691852,0.720133,-0.039297,-0.034711
7036,-0.029919,9.876405,-0.070097,-0.153808,-0.127879,-0.701591,92.302086,-0.224288,-6.005585,0.691881,0.720106,-0.039132,-0.034880
7037,-0.030212,9.880469,-0.087464,0.032314,-0.320167,-0.629376,92.300095,-0.201823,-6.012156,0.691885,0.720099,-0.039037,-0.035062
7038,-0.034632,9.891070,-0.090703,0.247585,-0.311036,-0.222956,92.304794,-0.187206,-6.022098,0.691847,0.720129,-0.039013,-0.035212
7039,-0.037976,9.873259,-0.065175,0.534410,-0.204246,0.096476,92.317863,-0.184754,-6.030594,0.691762,0.720206,-0.039055,-0.035274
7040,-0.042038,9.855721,-0.065570,0.744737,-0.259206,0.186986,92.339195,-0.189160,-6.038502,0.691627,0.720330,-0.039138,-0.035287
7041,-0.037206,9.856199,-0.077172,0.730799,-0.150891,0.146269,92.363815,-0.194429,-6.045559,0.691471,0.720475,-0.039222,-0.035288
7042,-0.039525,9.856349,-0.065887,0.709176,0.079496,0.108610,92.387810,-0.198624,-6.046924,0.691321,0.720618,-0.039263,-0.035262
7043,-0.028732,9.847533,-0.091458,0.846292,0.190865,-0.043443,92.413727,-0.199898,-6.042468,0.691160,0.720775,-0.039251,-0.035218
7044,-0.031957,9.862493,-0.107337,0.797483,0.137434,-0.474693,92.441093,-0.191502,-6.036635,0.690987,0.720945,-0.039172,-0.035226
7045,-0.027636,9.862111,-0.090267,0.849311,0.213707,-0.722814,92.468529,-0.171812,-6.029935,0.690810,0.721119,-0.039020,-0.035300
7046,-0.018111,9.860473,-0.101056,0.868978,0.329659,-0.604578,92.497139,-0.150102,-6.019930,0.690626,0.721302,-0.038835,-0.035367
7047,-0.009540,9.860028,-0.104876,0.635380,0.305231,-0.448011,92.522179,-0.133039,-6.008589,0.690467,0.721462,-0.038668,-0.035398
7048,-0.010349,9.848384,-0.069677,0.415219,0.218244,-0.439354,92.539658,-0.118649,-5.999220,0.690355,0.721575,-0.038528,-0.035426
7049,-0.010505,9.848976,-0.067753,0.245092,0.181612,-0.061391,92.550659,-0.110608,-5.992192,0.690285,0.721647,-0.038439,-0.035431
7050,-0.017211,9.847342,-0.083657,0.102498,0.006120,0.208210,92.556442,-0.113191,-5.989175,0.690250,0.721682,-0.038437,-0.035394
7051,-0.022757,9.832457,-0.083482,0.130903,-0.144962,0.225951,92.560333,-0.120317,-5.991809,0.690227,0.721702,-0.038498,-0.035364
7052,-0.022787,9.846399,-0.069777,-0.110895,-0.059527,0.245165,92.560684,-0.128009,-5.995565,0.690226,0.721700,-0.038568,-0.035338
7053,-0.022966,9.851453,-0.079191,-0.000241,-0.126684,0.197218,92.558830,-0.135236,-5.998995,0.690239,0.721686,-0.038632,-0.035314
7054,-0.020102,9.854750,-0.081557,-0.187056,-0.207575,0.220991,92.555725,-0.141950,-6.004872,0.690259,0.721663,-0.038709,-0.035308
7055,-0.013867,9.859664,-0.095193,-0.564490,-0.134345,0.371466,92.543221,-0.151561,-6.011003,0.690339,0.721582,-0.038802,-0.035289
7056,-0.002450,9.869461,-0.072957,-0.702397,-0.148087,0.372506,92.522118,-0.163741,-6.016254,0.690474,0.721449,-0.038901,-0.035251
7057,0.009035,9.852468,-0.071263,-0.513888,-0.213702,0.427093,92.501869,-0.176791,-6.022863,0.690604,0.721321,-0.039015,-0.035215
7058,0.015747,9.849301,-0.076556,-0.798336,-0.293046,0.579441,92.480034,-0.193183,-6.032031,0.690744,0.721181,-0.039165,-0.035175
7059,0.016065,9.850657,-0.066431,-0.966797,-0.381543,0.451031,92.450653,-0.209858,-6.044001,0.690931,0.720994,-0.039332,-0.035152
7060,0.025853,9.851383,-0.055651,-0.911034,-0.436467,0.267721,92.419411,-0.221247,-6.058131,0.691126,0.720797,-0.039480,-0.035176
7061,0.026844,9.844799,-0.051280,-0.919396,-0.370839,0.130232,92.388962,-0.227309,-6.071852,0.691316,0.720607,-0.039594,-0.035231
7062,0.022446,9.855101,-0.047287,-0.860599,-0.491374,0.044577,92.359344,-0.229625,-6.086330,0.691498,0.720422,-0.039689,-0.035314
7063,0.025875,9.876515,-0.039803,-0.878107,-0.477629,-0.030414,92.330437,-0.229200,-6.102476,0.691675,0.720242,-0.039779,-0.035425
7064,0.036323,9.871099,-0.027189,-0.598135,-0.292976,0.090012,92.305893,-0.229672,-6.115350,0.691825,0.720089,-0.039856,-0.035508
7065,0.041556,9.858042,-0.028148,-0.379217,-0.231918,0.250225,92.289642,-0.234988,-6.124319,0.691926,0.719986,-0.039939,-0.035534
7066,0.043671,9.859084,-0.034740,-0.186132,-0.273095,0.370811,92.280251,-0.244995,-6.133142,0.691986,0.719923,-0.040052,-0.035528
7067,0.050008,9.841817,-0.024704,0.023744,-0.270017,0.283914,92.277596,-0.255538,-6.142621,0.692003,0.719900,-0.040174,-0.035520
7068,0.047918,9.830359,-0.026522,0.224421,-0.239472,0.290105,92.281769,-0.264759,-6.151486,0.691977,0.719919,-0.040287,-0.035514
7069,0.051748,9.846212,-0.033479,0.341234,-0.248601,0.171157,92.291245,-0.272116,-6.159922,0.691917,0.719971,-0.040387,-0.035515
7070,0.058214,9.839635,-0.026357,0.610621,-0.134126,0.082781,92.307137,-0.276088,-6.166466,0.691817,0.720063,-0.040457,-0.035524
7071,0.053743,9.840839,-0.008004,0.605125,-0.149354,0.005088,92.327423,-0.277361,-6.171246,0.691688,0.720184,-0.040501,-0.035538
7072,0.040915,9.840828,-0.007875,0.617759,-0.250038,-0.280263,92.347839,-0.272507,-6.177710,0.691556,0.720306,-0.040519,-0.035600
7073,0.049831,9.849354,-0.028218,0.311574,-0.117256,-0.396262,92.363342,-0.260989,-6.183363,0.691453,0.720402,-0.040490,-0.035701
7074,0.055894,9.845621,-0.029425,0.113838,-0.011938,-0.544174,92.370445,-0.245240,-6.184867,0.691403,0.720449,-0.040407,-0.035807
7075,0.052032,9.849318,-0.022756,-0.102276,-0.150766,-0.737816,92.370636,-0.223780,-6.186693,0.691394,0.720457,-0.040289,-0.035953
7076,0.057587,9.849229,-0.034103,-0.249698,-0.083595,-0.775754,92.364792,-0.198414,-6.189554,0.691422,0.720429,-0.040152,-0.036132
7077,0.072367,9.874111,-0.061608,-0.587573,0.079716,-0.476257,92.350830,-0.177562,-6.188760,0.691503,0.720352,-0.040017,-0.036263
7078,0.068719,9.855345,-0.021985,-0.386860,0.008038,-0.390252,92.334579,-0.163192,-6.186709,0.691601,0.720260,-0.039912,-0.036347
7079,0.064146,9.836656,-0.019012,-0.305440,-0.153671,-0.169979,92.323044,-0.153764,-6.188755,0.691669,0.720193,-0.039864,-0.036422
7081,0.054640,9.866373,-0.020700,-0.512394,-0.216200,-0.274801,92.309433,-0.146108,-6.194615,0.691751,0.720111,-0.039850,-0.036510
7082,0.064468,9.882453,-0.028272,-0.429323,-0.202433,-0.201068,92.293762,-0.137903,-6.201268,0.691844,0.720017,-0.039838,-0.036608
7083,0.064825,9.873852,0.006219,-0.207553,-0.126099,-0.128769,92.283157,-0.132191,-6.206520,0.691907,0.719953,-0.039833,-0.036679
7084,0.061718,9.867602,-0.013827,-0.150654,-0.263396,0.006093,92.277199,-0.129890,-6.212925,0.691942,0.719916,-0.039857,-0.036734
7085,0.058752,9.868340,-0.016774,-0.237005,-0.287777,-0.229880,92.270760,-0.125799,-6.221956,0.691978,0.719875,-0.039887,-0.036817
7086,0.064637,9.854692,-0.003862,-0.192184,-0.110734,-0.282711,92.263618,-0.117000,-6.228254,0.692018,0.719833,-0.039871,-0.036912
7087,0.061710,9.849691,0.004773,-0.091042,-0.118328,-0.434690,92.258911,-0.104902,-6.231597,0.692043,0.719807,-0.039818,-0.037010
7088,0.069000,9.871165,-0.006713,-0.282844,-0.240364,-0.606447,92.252678,-0.087328,-6.236888,0.692074,0.719773,-0.039743,-0.037155
7089,0.075966,9.873546,-0.001532,-0.439487,-0.225064,-0.680407,92.240639,-0.065592,-6.243798,0.692140,0.719706,-0.039651,-0.037337
7090,0.076210,9.881120,-0.000942,-0.382521,-0.092265,-0.499437,92.226944,-0.045737,-6.248317,0.692218,0.719628,-0.039555,-0.037494
7091,0.078352,9.874925,-0.010650,-0.172864,-0.134947,-0.490826,92.217697,-0.029099,-6.251461,0.692269,0.719576,-0.039471,-0.037620
7092,0.077490,9.882260,-0.007791,-0.367500,-0.087600,-0.460798,92.208702,-0.013107,-6.254555,0.692319,0.719526,-0.039391,-0.037743
7093,0.066036,9.854103,-0.008897,-0.208110,-0.079930,-0.252285,92.199097,-0.001124,-6.256887,0.692375,0.719471,-0.039330,-0.037835
7094,0.062069,9.858136,-0.003676,-0.062461,-0.034116,-0.349031,92.194588,0.008964,-6.258403,0.692399,0.719447,-0.039277,-0.037909
7095,0.062110,9.861238,-0.009708,-0.067854,-0.078334,-0.523601,92.192421,0.023569,-6.259719,0.692407,0.719438,-0.039197,-0.038010
7096,0.062408,9.882079,-0.009269,-0.263939,-0.081351,-0.498243,92.186882,0.040689,-6.261727,0.692435,0.719410,-0.039104,-0.038131
7097,0.059905,9.861218,-0.006374,-0.104498,-0.204917,-0.427084,92.180725,0.056281,-6.265907,0.692467,0.719376,-0.039034,-0.038256
7098,0.059069,9.854902,0.008327,-0.174060,-0.149950,-0.671773,92.176086,0.074807,-6.271122,0.692488,0.719352,-0.038953,-0.038406
7099,0.066069,9.855994,-0.004683,-0.287871,-0.024790,-0.914849,92.168381,0.101342,-6.273029,0.692527,0.719314,-0.038802,-0.038587
7100,0.072692,9.858361,0.016399,-0.279652,-0.027804,-0.878524,92.158920,0.131243,-6.272776,0.692576,0.719267,-0.038617,-0.038776
7101,0.065224,9.834311,0.026080,-0.178554,-0.178833,-0.500328,92.151276,0.154337,-6.275354,0.692615,0.719227,-0.038491,-0.038939
7102,0.059481,9.841361,0.001136,-0.280271,-0.139126,-0.376990,92.143616,0.169148,-6.280102,0.692656,0.719184,-0.038428,-0.039063
7103,0.061227,9.856792,-0.010677,-0.331348,-0.079582,-0.410804,92.133400,0.182404,-6.283254,0.692714,0.719125,-0.038364,-0.039169
7104,0.056381,9.871984,0.011854,-0.271086,-0.122276,-0.308801,92.123352,0.194515,-6.286171,0.692772,0.719068,-0.038306,-0.039266
7105,0.060511,9.857875,-0.003463,-0.282570,-0.091725,-0.188459,92.114120,0.202929,-6.289429,0.692826,0.719013,-0.038272,-0.039341
7106,0.069373,9.846720,-0.008698,-0.327450,0.042591,-0.299937,92.103951,0.211093,-6.289948,0.692886,0.718954,-0.038223,-0.039399
7107,0.070001,9.857988,0.003578,-0.389144,0.016688,-0.458630,92.092018,0.223691,-6.288497,0.692957,0.718887,-0.038133,-0.039473
7108,0.075548,9.855130,0.012603,-0.469275,0.019777,-0.484496,92.077713,0.239377,-6.287319,0.693042,0.718805,-0.038026,-0.039569
7109,0.075850,9.852622,0.019242,-0.447251,0.112898,-0.234091,92.062447,0.251266,-6.284676,0.693134,0.718718,-0.037932,-0.039633
7110,0.060034,9.846828,0.033067,-0.298686,-0.053393,-0.174506,92.050018,0.258036,-6.283441,0.693210,0.718645,-0.037879,-0.039672
7111,0.061369,9.863144,0.032571,-0.414169,-0.135764,-0.182142,92.038124,0.264089,-6.286380,0.693282,0.718574,-0.037857,-0.039732
7112,0.066243,9.858691,0.048456,-0.464117,-0.117422,0.100207,92.023468,0.265603,-6.290548,0.693372,0.718485,-0.037869,-0.039771
7113,0.062934,9.858143,0.045626,-0.414943,-0.288295,0.442087,92.008781,0.256808,-6.297625,0.693464,0.718391,-0.037961,-0.039764
7114,0.058704,9.843805,0.054017,-0.446647,-0.543097,0.475669,91.994354,0.242006,-6.312007,0.693555,0.718294,-0.038136,-0.039763
7115,0.073890,9.863529,0.036895,-0.652207,-0.494237,0.436056,91.975967,0.227419,-6.329812,0.693669,0.718172,-0.038330,-0.039785
7116,0.077455,9.854423,0.039752,-0.607369,-0.320246,0.358393,91.954918,0.214651,-6.343832,0.693801,0.718036,-0.038488,-0.039797
7117,0.081687,9.841771,0.049860,-0.478652,-0.317157,0.157154,91.936783,0.206424,-6.354742,0.693914,0.717919,-0.038600,-0.039818
7118,0.087943,9.852630,0.054407,-0.490376,-0.257607,0.102454,91.920601,0.202422,-6.364461,0.694013,0.717817,-0.038679,-0.039857
7119,0.097314,9.846554,0.024947,-0.475936,-0.056142,0.032593,91.904472,0.200347,-6.369762,0.694113,0.717717,-0.038719,-0.039882
7120,0.094091,9.834061,0.045042,-0.584988,0.117858,-0.214237,91.886795,0.203339,-6.368635,0.694223,0.717611,-0.038688,-0.039900
7121,0.088783,9.842010,0.047939,-0.604135,0.171308,-0.415350,91.866989,0.213668,-6.363474,0.694345,0.717496,-0.038586,-0.039940
7122,0.094750,9.860745,0.031013,-0.711637,0.360564,-0.643911,91.845100,0.231026,-6.354042,0.694479,0.717372,-0.038414,-0.039999
7123,0.089262,9.859704,0.030193,-0.654158,0.539139,-0.906004,91.822418,0.256365,-6.338227,0.694618,0.717248,-0.038154,-0.040069
7124,0.084828,9.867769,0.047567,-0.650150,0.607844,-0.937701,91.800774,0.286473,-6.318149,0.694749,0.717133,-0.037838,-0.040143
7125,0.086526,9.868716,0.045185,-0.501232,0.604828,-0.673321,91.781677,0.312678,-6.297107,0.694867,0.717033,-0.037540,-0.040185
7126,0.090011,9.865080,0.048269,-0.475868,0.514835,-0.552269,91.765495,0.332517,-6.277822,0.694968,0.716947,-0.037294,-0.040198
7127,0.079896,9.863812,0.061344,-0.446000,0.366853,-0.449519,91.750237,0.348755,-6.262622,0.695063,0.716865,-0.037095,-0.040212
7128,0.088306,9.854832,0.068988,-0.400985,0.234130,-0.221609,91.736176,0.359631,-6.252271,0.695150,0.716786,-0.036959,-0.040222
7129,0.095900,9.858828,0.070563,-0.427718,0.151765,-0.259060,91.722420,0.367445,-6.245601,0.695236,0.716707,-0.036865,-0.040235
7130,0.093896,9.854497,0.072465,-0.388827,0.054141,-0.386477,91.708832,0.378096,-6.241848,0.695318,0.716629,-0.036772,-0.040283
7131,0.087213,9.847074,0.077784,-0.436933,-0.089264,-0.574970,91.695068,0.394131,-6.241956,0.695399,0.716551,-0.036671,-0.040388
7132,0.080493,9.821462,0.078444,-0.396547,-0.008361,-0.656710,91.681183,0.414699,-6.242979,0.695478,0.716473,-0.036547,-0.040527
7133,0.065545,9.840118,0.091265,-0.533231,0.174772,-0.859109,91.665703,0.439870,-6.239468,0.695566,0.716387,-0.036367,-0.040668
7134,0.060876,9.843436,0.079001,-0.535599,0.263293,-0.873906,91.647964,0.468530,-6.231335,0.695670,0.716291,-0.036136,-0.040804
7135,0.062694,9.862474,0.066940,-0.789528,0.257207,-0.997000,91.625961,0.499452,-6.221773,0.695799,0.716170,-0.035880,-0.040946
7136,0.060517,9.858571,0.080767,-0.884720,0.345727,-0.996421,91.598145,0.532380,-6.210792,0.695965,0.716014,-0.035602,-0.041093
7137,0.063928,9.871614,0.089354,-0.967807,0.312171,-0.946925,91.567390,0.564454,-6.198936,0.696150,0.715841,-0.035322,-0.041231
7138,0.072734,9.846844,0.067640,-0.910340,0.119921,-0.856058,91.536171,0.594298,-6.190925,0.696337,0.715662,-0.035079,-0.041378
7139,0.072685,9.844325,0.090782,-0.973355,0.069583,-0.784885,91.504807,0.621553,-6.187040,0.696524,0.715481,-0.034878,-0.041534
7140,0.069000,9.821991,0.119567,-0.749798,0.173357,-0.535134,91.476143,0.643441,-6.182420,0.696696,0.715315,-0.034705,-0.041652
7141,0.075182,9.854612,0.107432,-0.645307,0.148951,-0.321927,91.452957,0.657583,-6.176685,0.696838,0.715180,-0.034575,-0.041712
7142,0.077770,9.862314,0.103244,-0.505535,-0.058564,-0.163545,91.433807,0.665634,-6.174976,0.696955,0.715066,-0.034508,-0.041758
7143,0.069337,9.847496,0.121080,-0.408534,-0.082971,0.194717,91.418541,0.665174,-6.177347,0.697049,0.714972,-0.034520,-0.041774
7144,0.068800,9.841559,0.105540,-0.316088,-0.084490,0.255371,91.406433,0.657744,-6.180323,0.697127,0.714896,-0.034580,-0.041749
7145,0.067143,9.867582,0.086409,-0.330169,-0.034127,-0.021233,91.395638,0.653891,-6.182395,0.697195,0.714828,-0.034612,-0.041741
7146,0.062897,9.844005,0.105186,-0.402203,0.048280,-0.078160,91.383430,0.655541,-6.182118,0.697270,0.714754,-0.034596,-0.041753
7147,0.069198,9.847963,0.104929,-0.637618,0.202405,-0.031311,91.366150,0.657265,-6.177897,0.697379,0.714651,-0.034553,-0.041744
7148,0.078466,9.848121,0.102084,-0.717329,0.211569,-0.310893,91.343651,0.662803,-6.170865,0.697520,0.714518,-0.034467,-0.041742
7149,0.077509,9.846138,0.120990,-0.940545,0.037622,-0.402716,91.316071,0.674598,-6.166435,0.697689,0.714355,-0.034358,-0.041797
7150,0.081267,9.849022,0.140693,-0.977816,-0.172952,-0.129803,91.284073,0.683522,-6.168489,0.697884,0.714162,-0.034304,-0.041875
7151,0.086218,9.847249,0.122833,-0.810551,-0.221777,0.050120,91.254181,0.684996,-6.175038,0.698068,0.713978,-0.034325,-0.041933
7152,0.090599,9.840018,0.125460,-0.665989,-0.356051,0.123308,91.229462,0.682315,-6.184731,0.698219,0.713824,-0.034393,-0.041982
7153,0.086918,9.855826,0.132707,-0.535161,-0.549838,0.268219,91.209259,0.676113,-6.199965,0.698342,0.713694,-0.034518,-0.042043
7154,0.090938,9.857430,0.117954,-0.276044,-0.549832,0.379549,91.195526,0.665704,-6.218516,0.698424,0.713602,-0.034692,-0.042095
7155,0.089623,9.859138,0.115998,-0.250230,-0.458269,0.339812,91.186554,0.654067,-6.235564,0.698478,0.713539,-0.034866,-0.042129
7156,0.087955,9.852918,0.130081,-0.189379,-0.543715,0.464825,91.179031,0.641004,-6.252538,0.698524,0.713484,-0.035049,-0.042154
7157,0.078741,9.855509,0.126293,-0.139265,-0.510141,0.411195,91.173370,0.626768,-6.270401,0.698558,0.713440,-0.035245,-0.042176
7158,0.086311,9.859747,0.112202,-0.087477,-0.359068,0.124053,91.169426,0.618145,-6.285068,0.698580,0.713408,-0.035387,-0.042213
7159,0.085749,9.862262,0.124115,-0.081440,-0.226306,-0.190534,91.166496,0.619452,-6.294799,0.698594,0.713388,-0.035439,-0.042281
7160,0.082599,9.848289,0.114932,0.068023,-0.214092,-0.322046,91.166199,0.628142,-6.301964,0.698590,0.713387,-0.035430,-0.042379
7161,0.095445,9.862162,0.099588,-0.009695,-0.201876,-0.715935,91.167099,0.645580,-6.308544,0.698576,0.713395,-0.035365,-0.042527
7162,0.109307,9.853199,0.111670,0.014847,-0.120989,-0.981418,91.167137,0.673973,-6.313348,0.698563,0.713403,-0.035222,-0.042733
7163,0.102069,9.852218,0.124435,0.008689,-0.047732,-0.819537,91.167503,0.704041,-6.315548,0.698548,0.713413,-0.035052,-0.042934
7164,0.094573,9.857654,0.106452,0.025457,-0.185057,-0.575290,91.168030,0.727362,-6.318954,0.698535,0.713422,-0.034931,-0.043099
7165,0.102137,9.854265,0.100451,-0.117824,-0.206410,-0.465257,91.166412,0.744834,-6.325125,0.698536,0.713416,-0.034863,-0.043246
7166,0.093280,9.848370,0.113921,-0.120773,-0.114845,-0.329242,91.162369,0.758181,-6.330209,0.698554,0.713393,-0.034811,-0.043361
7167,0.085376,9.860929,0.100734,-0.219850,-0.145358,-0.261977,91.156639,0.768121,-6.334345,0.698584,0.713360,-0.034774,-0.043450
7168,0.094632,9.848145,0.077675,-0.268296,-0.172815,-0.202302,91.148430,0.775964,-6.339492,0.698631,0.713311,-0.034755,-0.043533
7169,0.100600,9.842897,0.093340,-0.397546,-0.040048,-0.153174,91.137291,0.781958,-6.342922,0.698696,0.713244,-0.034736,-0.043594
7170,0.099032,9.839116,0.106335,-0.403381,-0.058350,-0.346619,91.123924,0.790318,-6.344398,0.698776,0.713164,-0.034689,-0.043659
7171,0.102556,9.850834,0.091188,-0.503776,-0.070548,-0.382862,91.108765,0.802516,-6.346308,0.698864,0.713075,-0.034621,-0.043752
7172,0.098257,9.830690,0.101761,-0.370637,-0.055280,-0.145944,91.094170,0.811368,-6.348237,0.698951,0.712988,-0.034573,-0.043823
7173,0.087272,9.841904,0.104428,-0.493912,-0.126993,-0.170043,91.079720,0.816691,-6.351174,0.699038,0.712900,-0.034553,-0.043878
7174,0.088394,9.845373,0.114924,-0.547054,-0.171243,-0.230820,91.062302,0.823464,-6.356019,0.699142,0.712795,-0.034535,-0.043955
7175,0.096135,9.853867,0.109983,-0.542210,-0.087316,0.001460,91.044083,0.827365,-6.360259,0.699252,0.712683,-0.034531,-0.044011
7176,0.093838,9.836437,0.120345,-0.425969,-0.162085,0.186489,91.027885,0.824308,-6.364471,0.699352,0.712582,-0.034569,-0.044022
7178,0.094640,9.849300,0.110087,-0.646916,-0.165136,0.090739,91.009933,0.819785,-6.370008,0.699464,0.712470,-0.034625,-0.044033
7179,0.098092,9.848049,0.121601,-0.730494,-0.003387,-0.076708,90.986931,0.819601,-6.372819,0.699605,0.712328,-0.034634,-0.044056
7180,0.101909,9.844777,0.109145,-0.717882,0.051547,-0.155605,90.962807,0.823458,-6.371951,0.699754,0.712182,-0.034596,-0.044082
7181,0.102733,9.842662,0.103863,-0.860728,-0.012539,-0.194789,90.936501,0.829286,-6.371203,0.699916,0.712024,-0.034546,-0.044122
7182,0.103630,9.844617,0.114841,-1.058484,0.065286,-0.352970,90.904533,0.838401,-6.370179,0.700111,0.711832,-0.034471,-0.044182
7183,0.103979,9.850467,0.135319,-1.094649,0.002720,-0.553851,90.868675,0.853495,-6.368811,0.700329,0.711617,-0.034357,-0.044278
7184,0.107748,9.845600,0.127927,-1.030112,-0.142247,-0.434227,90.833221,0.869996,-6.370892,0.700541,0.711405,-0.034255,-0.044404
7185,0.101710,9.835625,0.132541,-1.087541,-0.072060,-0.412238,90.797882,0.884154,-6.374263,0.700754,0.711192,-0.034176,-0.044522
7186,0.086421,9.843979,0.154416,-1.079459,-0.049184,-0.594840,90.761726,0.900964,-6.376054,0.700971,0.710975,-0.034070,-0.044648
7187,0.089284,9.862416,0.136832,-1.068265,-0.102607,-0.594385,90.725899,0.920815,-6.378327,0.701185,0.710761,-0.033948,-0.044796
7188,0.091787,9.844844,0.129929,-1.157513,-0.018695,-0.456510,90.688759,0.938353,-6.380131,0.701407,0.710538,-0.033837,-0.044927
7189,0.089602,9.839441,0.145808,-1.208591,0.024015,-0.484911,90.649338,0.954042,-6.379861,0.701645,0.710302,-0.033724,-0.045034
7190,0.090441,9.850091,0.152185,-1.160549,-0.056880,-0.551430,90.609848,0.971319,-6.380219,0.701883,0.710065,-0.033605,-0.045155
7191,0.094250,9.846996,0.131655,-1.374763,-0.034011,-0.688065,90.567558,0.991992,-6.381522,0.702136,0.709811,-0.033470,-0.045303
7192,0.081883,9.828336,0.143284,-1.352295,-0.061499,-0.885752,90.522087,1.018235,-6.382863,0.702407,0.709540,-0.033299,-0.045487
7193,0.081099,9.847540,0.145635,-1.229107,-0.021850,-1.110943,90.479057,1.051525,-6.383962,0.702660,0.709285,-0.033084,-0.045712
7194,0.074619,9.867764,0.159930,-1.263097,0.074253,-0.956158,90.437531,1.085968,-6.382811,0.702903,0.709040,-0.032849,-0.045930
7195,0.062965,9.874953,0.154521,-1.205484,-0.020389,-0.668667,90.396416,1.113042,-6.381718,0.703147,0.708796,-0.032659,-0.046102
7196,0.064751,9.864071,0.157832,-0.979903,-0.116559,-0.387274,90.359932,1.130655,-6.383884,0.703365,0.708577,-0.032550,-0.046235
7197,0.070286,9.865669,0.171786,-1.103790,0.057357,-0.107297,90.325188,1.138904,-6.384822,0.703576,0.708365,-0.032491,-0.046301
7198,0.065447,9.858779,0.181837,-1.241494,-0.046451,0.210864,90.286102,1.137177,-6.384650,0.703818,0.708125,-0.032485,-0.046300
7199,0.069534,9.849834,0.173015,-1.292139,-0.131949,0.205534,90.243828,1.130251,-6.387658,0.704081,0.707862,-0.032529,-0.046288
7200,0.072741,9.838179,0.178282,-1.493726,-0.020603,0.151418,90.197327,1.124311,-6.390223,0.704369,0.707574,-0.032563,-0.046280
7201,0.072646,9.826953,0.187826,-1.495419,0.110579,0.002700,90.147545,1.121738,-6.388731,0.704679,0.707268,-0.032549,-0.046270
7202,0.065536,9.838799,0.187067,-1.345986,0.072380,-0.446686,90.100243,1.129130,-6.385664,0.704969,0.706980,-0.032465,-0.046310
7203,0.062581,9.857912,0.199019,-1.144628,0.136416,-0.594008,90.058815,1.146471,-6.382159,0.705219,0.706731,-0.032320,-0.046407
7204,0.060253,9.857141,0.194881,-0.918799,0.086005,-0.533814,90.024483,1.165265,-6.378435,0.705424,0.706526,-0.032168,-0.046509
7205,0.069206,9.856866,0.197816,-0.848510,-0.060541,-0.584919,89.995049,1.183910,-6.378009,0.705598,0.706350,-0.032038,-0.046630
7206,0.064109,9.867783,0.225414,-1.036243,-0.225404,-0.481829,89.963539,1.201688,-6.382782,0.705783,0.706160,-0.031945,-0.046777
7207,0.072857,9.861709,0.231732,-1.179894,-0.306348,0.109626,89.926414,1.207884,-6.391653,0.706006,0.705930,-0.031946,-0.046880
7208,0.074804,9.844913,0.220962,-1.515697,-0.350669,0.403635,89.881264,1.199311,-6.402593,0.706283,0.705647,-0.032048,-0.046908
7209,0.068805,9.842489,0.223750,-1.851343,-0.474338,0.210843,89.824852,1.189034,-6.416318,0.706629,0.705292,-0.032173,-0.046945
7210,0.059327,9.829369,0.237467,-1.822287,-0.295878,-0.026336,89.763359,1.185912,-6.429145,0.707003,0.704908,-0.032246,-0.047022
7211,0.070461,9.856345,0.237003,-1.916779,0.033647,-0.315403,89.700951,1.191587,-6.433543,0.707383,0.704523,-0.032212,-0.047102
7212,0.075573,9.866462,0.238398,-2.076731,0.053407,-0.506690,89.634422,1.205295,-6.432169,0.707787,0.704117,-0.032092,-0.047196
7213,0.082866,9.869674,0.262141,-2.068851,-0.048912,-0.745168,89.565331,1.226159,-6.432240,0.708203,0.703696,-0.031935,-0.047344
7214,0.086462,9.879279,0.278090,-2.294552,-0.029167,-0.563896,89.492569,1.247966,-6.433719,0.708640,0.703252,-0.031779,-0.047507
7215,0.086135,9.910583,0.295484,-3.098633,-0.276467,0.143896,89.402565,1.254916,-6.438881,0.709187,0.702695,-0.031730,-0.047606
7216,0.080309,9.873809,0.311973,-3.928700,-0.526826,0.963070,89.285164,1.236316,-6.452066,0.709909,0.701960,-0.031877,-0.047607
7217,0.072458,9.856353,0.367905,-5.563845,-0.705447,1.108166,89.126534,1.201515,-6.472136,0.710886,0.700961,-0.032150,-0.047563
7218,0.078341,9.862588,0.395110,-8.300078,-1.279261,1.369642,88.894783,1.159653,-6.504498,0.712305,0.699500,-0.032512,-0.047573
7219,0.104476,9.856383,0.469467,-11.404187,-1.938537,2.073705,88.565346,1.101093,-6.556850,0.714316,0.697417,-0.033059,-0.047637
7220,0.132866,9.847227,0.531339,-15.160008,-2.442184,2.796215,88.121307,1.017855,-6.627500,0.717017,0.694598,-0.033824,-0.047703
7221,0.148822,9.845622,0.625865,-19.735340,-2.788677,3.370780,87.538345,0.911844,-6.710738,0.720550,0.690883,-0.034750,-0.047759
7222,0.162001,9.832705,0.724705,-25.412451,-2.624002,3.704237,86.784653,0.789595,-6.794993,0.725092,0.686063,-0.035714,-0.047789
7223,0.171466,9.836308,0.883570,-31.658831,-1.131793,3.500505,85.832832,0.665700,-6.849696,0.730791,0.679957,-0.036431,-0.047698
7224,0.183951,9.817245,1.072186,-37.577332,0.691515,2.362829,84.679024,0.567592,-6.848847,0.737639,0.672530,-0.036576,-0.047481
7225,0.185959,9.766914,1.295631,-40.232075,2.307268,0.394963,83.382889,0.526942,-6.794209,0.745236,0.664147,-0.035984,-0.047301
7226,0.185032,9.746727,1.544017,-40.355515,3.852792,-1.133525,82.040916,0.552056,-6.693732,0.752995,0.655414,-0.034688,-0.047203
7227,0.188232,9.738382,1.776905,-37.556885,4.728389,-1.511474,80.743958,0.616913,-6.558765,0.760397,0.646912,-0.032959,-0.047063
7228,0.181090,9.689862,1.984274,-33.438297,4.479323,-1.616251,79.562492,0.694405,-6.416427,0.767057,0.639104,-0.031159,-0.046879
7229,0.155862,9.637464,2.151798,-29.821594,3.996751,-1.569995,78.509933,0.773379,-6.287814,0.772921,0.632092,-0.029485,-0.046731
7230,0.119193,9.596320,2.380063,-29.079809,3.682012,-1.314820,77.529945,0.846971,-6.172590,0.778319,0.625512,-0.027955,-0.046600
7231,0.116379,9.576591,2.463686,-29.023043,3.078846,-1.509849,76.563179,0.918115,-6.073348,0.783585,0.618970,-0.026538,-0.046540
7232,0.094675,9.542556,2.617856,-30.993898,2.643502,-2.206912,75.564270,1.001243,-5.995694,0.788954,0.612160,-0.025144,-0.046678
7233,0.080939,9.475649,2.860816,-31.474180,2.276795,-2.595779,74.524307,1.099785,-5.937092,0.794468,0.605018,-0.023726,-0.047018
7234,0.067033,9.450140,3.031615,-30.471514,1.357660,-2.822898,73.492653,1.203316,-5.903723,0.799861,0.597880,-0.022405,-0.047536
7235,0.080397,9.442163,3.086705,-29.044165,0.891661,-2.688263,72.501015,1.302175,-5.894729,0.804975,0.590968,-0.021251,-0.048174
7236,0.049602,9.384138,3.297763,-30.202978,0.025823,-2.378095,71.513359,1.387228,-5.906280,0.810004,0.584032,-0.020292,-0.048869
7237,0.023819,9.295241,3.507418,-29.517313,-0.339531,-1.916961,70.517418,1.453261,-5.934566,0.815015,0.576985,-0.019539,-0.049577
7238,0.012666,9.261055,3.593334,-30.835106,-0.236445,-1.588631,69.510872,1.504898,-5.963601,0.820020,0.569815,-0.018877,-0.050211
7239,-0.002496,9.192144,3.735051,-31.726810,0.383912,-1.753204,68.467781,1.557749,-5.981305,0.825147,0.562341,-0.018125,-0.050767
7240,-0.045722,9.085609,3.966724,-32.231140,0.830329,-2.175810,67.401764,1.625992,-5.987125,0.830316,0.554661,-0.017185,-0.051305
7241,-0.074948,8.984435,4.143688,-31.273966,1.436997,-2.159140,66.343636,1.707250,-5.980708,0.835376,0.546996,-0.016087,-0.051802
7242,-0.082173,8.886361,4.287304,-30.931767,1.352406,-2.598772,65.307266,1.798580,-5.970742,0.840261,0.539449,-0.014901,-0.052301
7243,-0.104737,8.766494,4.418401,-31.584404,0.419375,-3.718983,64.264847,1.906433,-5.988860,0.845086,0.531814,-0.013712,-0.053067
7244,-0.136669,8.703275,4.638850,-32.514900,-0.005523,-3.888625,63.194920,2.023272,-6.038779,0.849948,0.523931,-0.012577,-0.054096
7245,-0.136415,8.642769,4.758414,-32.088837,-0.618151,-2.993162,62.116047,2.120398,-6.100741,0.854777,0.515930,-0.011621,-0.055110
7246,-0.126358,8.566221,4.853369,-31.224405,-0.860072,-2.184536,61.058578,2.184579,-6.163591,0.859447,0.508035,-0.010908,-0.055970
7247,-0.137819,8.483054,4.993379,-30.013287,-0.653434,-1.275126,60.036106,2.222370,-6.214000,0.863907,0.500354,-0.010343,-0.056609
7248,-0.146903,8.440343,5.153944,-26.298002,-0.008876,0.351448,59.096981,2.230007,-6.231373,0.867967,0.493258,-0.009896,-0.056856
7249,-0.133179,8.340017,5.216605,-24.293013,0.266368,1.512641,58.254623,2.205609,-6.211611,0.871588,0.486858,-0.009580,-0.056674
7250,-0.136543,8.242408,5.349445,-23.922159,0.291330,1.543133,57.452408,2.167380,-6.176673,0.875006,0.480734,-0.009328,-0.056313
7251,-0.140753,8.192587,5.545663,-24.244345,0.447527,0.967758,56.650932,2.138960,-6.143561,0.878374,0.474596,-0.009015,-0.056006
7252,-0.132085,8.161358,5.651212,-25.440956,0.748676,0.551048,55.824024,2.129008,-6.112864,0.881794,0.468244,-0.008562,-0.055793
7253,-0.133111,8.042553,5.758476,-26.907578,1.135258,0.302181,54.952866,2.135140,-6.078892,0.885343,0.461531,-0.007953,-0.055618
7254,-0.129552,7.982543,5.923890,-27.608297,1.271560,0.268457,54.045769,2.150684,-6.040663,0.888982,0.454516,-0.007240,-0.055445
7255,-0.110426,7.880124,6.039314,-27.562895,1.381842,0.510988,53.127937,2.166476,-5.997328,0.892609,0.447389,-0.006504,-0.055225
7256,-0.119141,7.766496,6.125460,-27.294619,1.192989,0.547546,52.215412,2.178453,-5.952487,0.896161,0.440273,-0.005798,-0.054970
7257,-0.129869,7.688941,6.233296,-25.883257,0.862240,0.474180,51.330597,2.186278,-5.915025,0.899549,0.433345,-0.005170,-0.054748
7258,-0.106952,7.651633,6.346107,-25.117121,0.691661,0.742653,50.481903,2.186885,-5.882124,0.902749,0.426672,-0.004637,-0.054528
7259,-0.121748,7.536201,6.474443,-24.541666,0.606492,0.861599,49.655586,2.180265,-5.848369,0.905821,0.420151,-0.004172,-0.054269
7260,-0.135035,7.473239,6.579065,-24.227152,0.066644,0.443320,48.843678,2.171111,-5.825667,0.908788,0.413720,-0.003778,-0.054084
7261,-0.124867,7.415943,6.663855,-23.483624,-0.271784,0.417177,48.048809,2.158151,-5.818712,0.911644,0.407402,-0.003482,-0.054008
7262,-0.115510,7.313422,6.757895,-23.176369,-0.431729,0.650472,47.271305,2.137118,-5.815405,0.914396,0.401200,-0.003272,-0.053931
7263,-0.139455,7.188413,6.855961,-22.611315,-0.748814,-0.015078,46.507942,2.115939,-5.822551,0.917051,0.395092,-0.003106,-0.053936
7264,-0.121517,7.143638,6.878443,-21.948374,-1.798320,-0.877521,45.763817,2.097287,-5.863481,0.919584,0.389121,-0.003045,-0.054220
7265,-0.123922,7.076101,7.015207,-23.613745,-1.659162,-1.402720,45.002007,2.083941,-5.931241,0.922123,0.382993,-0.003018,-0.054740
7266,-0.114718,6.979257,7.105977,-23.902792,-1.506294,-1.935560,44.207310,2.085455,-6.007919,0.924720,0.376588,-0.002878,-0.055384
7267,-0.104700,6.871057,7.218478,-24.156805,-1.486243,-2.344777,43.403217,2.098856,-6.093953,0.927293,0.370093,-0.002659,-0.056142
7268,-0.115191,6.794662,7.308240,-23.740919,-1.589815,-2.369473,42.601559,2.114964,-6.186420,0.929809,0.363601,-0.002429,-0.056960
7269,-0.129426,6.664233,7.437343,-23.090118,-0.965488,-2.227911,41.817921,2.134906,-6.271844,0.932224,0.357240,-0.002143,-0.057732
7270,-0.118469,6.599864,7.473000,-20.684423,-0.396118,-2.101617,41.085785,2.165638,-6.340973,0.934443,0.351288,-0.001735,-0.058402
7271,-0.130366,6.497593,7.577980,-19.433693,0.208316,-1.928015,40.415150,2.207092,-6.393907,0.936442,0.345829,-0.001214,-0.058968
7272,-0.150545,6.433368,7.585717,-18.430000,0.516765,-2.081018,39.782421,2.259351,-6.437244,0.938298,0.340673,-0.000589,-0.059483
7273,-0.150080,6.346292,7.665821,-18.836071,1.199068,-2.510233,39.159702,2.330067,-6.478148,0.940091,0.335598,0.000195,-0.060027
7274,-0.165470,6.276903,7.704747,-19.353455,1.788261,-3.157653,38.521477,2.428083,-6.520502,0.941890,0.330397,0.001213,-0.060654
7275,-0.197602,6.168516,7.805638,-19.962420,2.244737,-3.742568,37.864101,2.552019,-6.569334,0.943702,0.325040,0.002444,-0.061397
7276,-0.228433,6.092061,7.858640,-21.207752,2.359463,-4.092559,37.175358,2.692414,-6.626200,0.945559,0.319422,0.003814,-0.062239
7277,-0.249777,5.995842,7.955843,-23.161097,2.449778,-4.544817,36.432667,2.842832,-6.693519,0.947519,0.313352,0.005279,-0.063177
7278,-0.285895,5.893287,8.018931,-24.160759,2.073169,-5.132914,35.639618,2.998677,-6.779714,0.949559,0.306857,0.006778,-0.064267
7279,-0.325011,5.757565,8.192183,-25.645891,0.973309,-5.295345,34.803513,3.140421,-6.892580,0.951655,0.299989,0.008129,-0.065520
7281,-0.332816,5.602251,8.272537,-28.060682,-0.688133,-4.690258,33.900970,3.238282,-7.027562,0.953873,0.292537,0.009116,-0.066825
7282,-0.335214,5.425880,8.356173,-29.584553,-2.061284,-4.585644,32.931503,3.285171,-7.182206,0.956204,0.284491,0.009689,-0.068151
7283,-0.325105,5.228807,8.457676,-31.217085,-2.874538,-4.506949,31.908346,3.297000,-7.354591,0.958598,0.275963,0.009981,-0.069532
7284,-0.303998,5.067097,8.560019,-32.221169,-2.821213,-3.682034,30.841593,3.287016,-7.520853,0.961028,0.267038,0.010156,-0.070808
7285,-0.282702,4.886685,8.599387,-32.428738,-1.696832,-3.159206,29.756374,3.279458,-7.657525,0.963431,0.257934,0.010455,-0.071841
7286,-0.291386,4.743915,8.678492,-31.635183,-0.628948,-3.240655,28.682308,3.297613,-7.769655,0.965729,0.248912,0.011038,-0.072723
7287,-0.297108,4.590180,8.796718,-32.343075,0.844852,-2.727046,27.611105,3.347673,-7.855714,0.967939,0.239909,0.011960,-0.073447
7288,-0.320681,4.448815,8.884707,-31.177073,2.132525,-1.903731,26.549801,3.426892,-7.901835,0.970059,0.230980,0.013218,-0.073880
7289,-0.335948,4.267888,9.001498,-31.204380,2.556556,-1.468064,25.509214,3.521671,-7.917997,0.972069,0.222214,0.014662,-0.074075
7290,-0.334941,4.123056,9.075481,-31.875675,2.682961,-0.624983,24.458300,3.615506,-7.912710,0.974033,0.213339,0.016149,-0.074064
7291,-0.351564,3.922989,9.154454,-31.982420,2.699426,0.218087,23.396015,3.700181,-7.882488,0.975955,0.204341,0.017611,-0.073801
7292,-0.379495,3.762834,9.196135,-31.184330,2.110133,0.496505,22.346075,3.769341,-7.840298,0.977786,0.195421,0.018949,-0.073392
7293,-0.378609,3.606673,9.281590,-31.695396,1.352978,0.587204,21.300705,3.816198,-7.802041,0.979534,0.186511,0.020080,-0.072963
7294,-0.386142,3.439788,9.337153,-31.564003,1.523526,0.682467,20.248938,3.853528,-7.765230,0.981213,0.177526,0.021126,-0.072517
7295,-0.408955,3.305583,9.415017,-30.835848,1.442338,0.000988,19.210890,3.896195,-7.737750,0.982782,0.168647,0.022189,-0.072148
7296,-0.408688,3.165773,9.459814,-30.035738,1.661776,-0.756816,18.196777,3.949283,-7.733070,0.984218,0.159971,0.023289,-0.071981
7297,-0.388622,3.019338,9.518481,-28.928728,1.467556,-0.975947,17.213314,4.007793,-7.744711,0.985525,0.151552,0.024394,-0.071954
7298,-0.394303,2.866446,9.539099,-27.978756,1.155718,-1.150815,16.263420,4.059886,-7.766118,0.986714,0.143411,0.025412,-0.071996
7299,-0.402769,2.727096,9.573613,-27.260576,0.393712,-1.221943,15.340622,4.095519,-7.797228,0.987803,0.135487,0.026262,-0.072098
7300,-0.402969,2.573630,9.580112,-26.375956,0.127607,-0.664412,14.444718,4.112013,-7.825493,0.988808,0.127775,0.026935,-0.072152
7301,-0.406523,2.443509,9.639759,-25.964281,-0.089693,0.225749,13.571939,4.114367,-7.832477,0.989748,0.120243,0.027497,-0.072008
7302,-0.415573,2.304429,9.664381,-26.043865,-0.340539,0.717609,12.706171,4.103759,-7.818788,0.990640,0.112753,0.027962,-0.071669
7303,-0.412743,2.175627,9.711971,-25.763247,-0.829410,0.834058,11.844281,4.079182,-7.797633,0.991483,0.105280,0.028307,-0.071253
7304,-0.406483,2.046505,9.720460,-25.627459,-0.631629,1.107658,10.989730,4.048908,-7.770697,0.992268,0.097860,0.028598,-0.070782
7305,-0.396453,1.896337,9.771964,-25.311571,-0.777212,1.315618,10.143292,4.018401,-7.735204,0.992996,0.090501,0.028884,-0.070238
7306,-0.384846,1.746708,9.795901,-24.467758,-1.026606,1.143597,9.316155,3.981833,-7.699815,0.993658,0.083302,0.029099,-0.069696
7307,-0.369401,1.614779,9.827579,-23.280598,-0.874743,1.133300,8.522648,3.944657,-7.667180,0.994244,0.076390,0.029280,-0.069186
7308,-0.369230,1.509688,9.844336,-22.360334,-0.448228,1.196229,7.764430,3.917327,-7.631781,0.994758,0.069785,0.029521,-0.068668
7309,-0.359478,1.404321,9.861990,-21.366623,-0.923533,0.734222,7.037662,3.890504,-7.602734,0.995207,0.063452,0.029739,-0.068213
7310,-0.356988,1.289891,9.868087,-21.593519,-0.916658,0.395794,6.322711,3.857877,-7.587585,0.995603,0.057220,0.029888,-0.067880
7311,-0.354688,1.193234,9.852809,-21.336546,-0.871614,0.309124,5.607816,3.827033,-7.578977,0.995955,0.050988,0.030047,-0.067605
7312,-0.361827,1.075346,9.873681,-20.993998,-0.525904,0.082041,4.902627,3.803247,-7.574605,0.996260,0.044843,0.030257,-0.067372
7313,-0.350007,0.916949,9.891376,-21.309240,-0.227487,0.109752,4.197747,3.790487,-7.572392,0.996522,0.038707,0.030561,-0.067162
7314,-0.346170,0.791377,9.898125,-21.537647,0.237219,0.302226,3.484119,3.790187,-7.565501,0.996748,0.032498,0.030978,-0.066910
7315,-0.350160,0.691160,9.907445,-20.893160,0.334184,0.358871,2.777734,3.799083,-7.553931,0.996934,0.026355,0.031470,-0.066619
7316,-0.352863,0.601848,9.908086,-19.873093,0.338086,0.406345,2.099203,3.809731,-7.540678,0.997077,0.020454,0.031959,-0.066318
7317,-0.353804,0.487391,9.936653,-19.248112,0.106992,0.520943,1.448252,3.816663,-7.524965,0.997184,0.014789,0.032397,-0.065999
7318,-0.365667,0.397235,9.924599,-17.831085,0.049887,0.643148,0.831583,3.818885,-7.505484,0.997260,0.009418,0.032773,-0.065654
7319,-0.362748,0.327109,9.940963,-16.818214,-0.001089,0.563921,0.255455,3.819499,-7.485317,0.997306,0.004399,0.033109,-0.065313
7320,-0.346952,0.231771,9.927855,-16.070707,-0.113171,0.397705,-0.291610,3.817603,-7.469257,0.997325,-0.000368,0.033404,-0.065014
7321,-0.344574,0.108205,9.942646,-16.298351,-0.167333,0.081921,-0.830545,3.813012,-7.461204,0.997318,-0.005064,0.033669,-0.064787
7322,-0.333504,0.034473,9.902891,-15.695924,-0.226115,0.260512,-1.363383,3.806578,-7.455363,0.997289,-0.009707,0.033913,-0.064580
7323,-0.325996,-0.042864,9.924054,-15.487061,-0.664911,0.391785,-1.882338,3.792034,-7.444052,0.997245,-0.014235,0.034077,-0.064329
7324,-0.331999,-0.128278,9.925349,-14.452600,-1.015198,0.877055,-2.379858,3.764833,-7.421846,0.997194,-0.018586,0.034116,-0.063993
7325,-0.331153,-0.191665,9.928886,-12.533007,-0.979383,1.430979,-2.826993,3.733352,-7.381839,0.997145,-0.022507,0.034084,-0.063519
7326,-0.324798,-0.223620,9.952333,-10.333922,-1.131249,1.957432,-3.204318,3.701172,-7.323474,0.997106,-0.025826,0.033999,-0.062907
7327,-0.326236,-0.269363,9.955668,-8.264301,-0.987068,2.012374,-3.509897,3.669777,-7.255223,0.997079,-0.028523,0.033877,-0.062231
7328,-0.319072,-0.289268,9.952109,-5.521560,-0.490379,1.881151,-3.735417,3.649291,-7.188772,0.997062,-0.030516,0.033803,-0.061592
7329,-0.313282,-0.300561,9.952361,-2.939095,-0.445008,1.658378,-3.872612,3.637640,-7.128751,0.997060,-0.031734,0.033759,-0.061033
7330,-0.309852,-0.309894,9.956542,-0.997590,-0.565612,1.308959,-3.935019,3.624192,-7.078163,0.997073,-0.032299,0.033661,-0.060579
7331,-0.299791,-0.329812,9.943034,0.791359,-0.698488,1.023618,-3.935916,3.605836,-7.037855,0.997098,-0.032329,0.033491,-0.060233
7332,-0.290130,-0.326138,9.942839,2.751172,-1.141224,0.867967,-3.874770,3.577388,-7.004250,0.997140,-0.031822,0.033202,-0.059968
7333,-0.288277,-0.293418,9.940145,3.688799,-1.544310,0.721481,-3.765610,3.534489,-6.974782,0.997196,-0.030904,0.032763,-0.059756
7334,-0.289774,-0.286540,9.945887,3.634649,-1.953414,0.459039,-3.642120,3.477583,-6.951338,0.997256,-0.029866,0.032198,-0.059604
7335,-0.286137,-0.266379,9.922769,3.476636,-2.353249,0.190500,-3.522682,3.406621,-6.936017,0.997312,-0.028869,0.031514,-0.059524
7336,-0.283234,-0.230621,9.902011,2.961649,-2.194473,-0.180258,-3.415098,3.330972,-6.931246,0.997359,-0.027975,0.030799,-0.059533
7337,-0.273113,-0.191847,9.910540,1.493210,-2.034080,-0.619662,-3.341380,3.259831,-6.940416,0.997389,-0.027369,0.030143,-0.059652
7338,-0.261072,-0.193436,9.899796,0.906798,-1.998788,-0.888158,-3.302576,3.191270,-6.961637,0.997403,-0.027062,0.029531,-0.059865
7339,-0.248122,-0.178166,9.901201,0.846788,-1.611011,-0.871311,-3.274777,3.129522,-6.987497,0.997409,-0.026847,0.028986,-0.060113
7340,-0.242556,-0.174847,9.911296,0.728846,-1.371222,-0.779693,-3.249853,3.078332,-7.012177,0.997414,-0.026651,0.028533,-0.060348
7341,-0.237161,-0.172722,9.917655,0.662762,-1.488440,-0.599572,-3.227741,3.029449,-7.032465,0.997419,-0.026480,0.028100,-0.060542
7342,-0.234918,-0.176189,9.915053,0.862121,-1.500300,-0.422507,-3.203072,2.978760,-7.046699,0.997428,-0.026289,0.027649,-0.060685
7343,-0.229596,-0.153744,9.931726,0.579367,-1.376284,-0.289689,-3.179520,2.930231,-7.055893,0.997438,-0.026109,0.027217,-0.060784
7344,-0.217935,-0.155735,9.914349,0.687338,-1.533037,-0.269787,-3.158745,2.881301,-7.062531,0.997450,-0.025953,0.026781,-0.060859
7345,-0.209931,-0.143666,9.904102,0.854835,-1.579940,-0.301770,-3.133374,2.828973,-7.069204,0.997462,-0.025759,0.026314,-0.060936
7346,-0.203288,-0.132467,9.906366,0.718782,-1.301797,-0.359691,-3.107559,2.780416,-7.077608,0.997473,-0.025559,0.025879,-0.061027
7347,-0.202105,-0.114867,9.906828,0.756829,-1.014431,-0.278745,-3.083377,2.741293,-7.086158,0.997482,-0.025367,0.025528,-0.061117
7348,-0.213683,-0.123434,9.894829,1.432715,-0.783336,-0.144385,-3.047144,2.710997,-7.091606,0.997493,-0.025067,0.025246,-0.061180
7349,-0.218079,-0.083368,9.911527,1.821880,-0.329256,0.182259,-2.992825,2.692513,-7.089998,0.997509,-0.024605,0.025056,-0.061182
7350,-0.221154,-0.063506,9.931187,2.188477,0.146296,0.563856,-2.925394,2.690110,-7.077410,0.997530,-0.024022,0.024996,-0.061088
7351,-0.225927,-0.057655,9.932291,2.829683,0.287093,0.998839,-2.840551,2.698636,-7.051736,0.997560,-0.023284,0.025020,-0.060881
7352,-0.217380,-0.026242,9.940808,3.747007,-0.013761,1.388016,-2.729074,2.705121,-7.012179,0.997602,-0.022319,0.025009,-0.060559
7353,-0.210289,-0.008142,9.946920,4.418715,-0.606133,1.679537,-2.590548,2.697173,-6.960569,0.997657,-0.021129,0.024858,-0.060142
7354,-0.217279,0.003647,9.920616,4.968298,-1.103896,1.563638,-2.431510,2.671069,-6.905254,0.997719,-0.019770,0.024537,-0.059700
7355,-0.211077,0.039439,9.912452,4.921366,-1.594909,1.417263,-2.264302,2.628159,-6.853712,0.997782,-0.018347,0.024068,-0.059295
7356,-0.198804,0.078662,9.929453,4.740388,-1.827466,1.222104,-2.101180,2.572835,-6.807528,0.997841,-0.016966,0.023495,-0.058936
7357,-0.196240,0.079785,9.916483,4.759185,-1.792969,0.930812,-1.941168,2.513796,-6.769499,0.997894,-0.015611,0.022894,-0.058647
7358,-0.183020,0.117585,9.893136,4.394855,-1.665357,0.551017,-1.787449,2.456987,-6.742915,0.997938,-0.014307,0.022317,-0.058455
7359,-0.168858,0.158245,9.910771,3.545458,-1.511856,-0.033242,-1.654678,2.404313,-6.732689,0.997968,-0.013179,0.021789,-0.058399
7360,-0.156800,0.165838,9.915190,3.930522,-1.292795,0.038646,-1.530023,2.357585,-6.731297,0.997991,-0.012118,0.021319,-0.058416
7361,-0.158706,0.185100,9.929089,4.173545,-1.684055,-0.000860,-1.394878,2.308003,-6.729403,0.998014,-0.010967,0.020818,-0.058430
7362,-0.171001,0.226166,9.943832,3.993993,-2.258207,-0.522545,-1.259039,2.242115,-6.736606,0.998034,-0.009816,0.020175,-0.058525
7363,-0.165020,0.262581,9.959281,3.977929,-3.001549,-0.806173,-1.126955,2.154005,-6.756928,0.998048,-0.008708,0.019342,-0.058733
7364,-0.148632,0.290012,9.925653,5.057609,-3.194000,-0.725098,-0.977231,2.050292,-6.780559,0.998063,-0.007454,0.018363,-0.058973
7365,-0.141833,0.303161,9.923336,4.652510,-3.168165,-1.072815,-0.816382,1.943803,-6.808883,0.998073,-0.006103,0.017355,-0.059253
7366,-0.116762,0.326975,9.881077,3.685761,-2.798960,-1.275575,-0.678665,1.843845,-6.846741,0.998075,-0.004950,0.016414,-0.059610
7367,-0.096530,0.340261,9.895271,1.731640,-1.782830,-1.138062,-0.589619,1.767036,-6.886135,0.998068,-0.004209,0.015701,-0.059970
7368,-0.093624,0.341051,9.866763,0.570823,0.087873,-0.918157,-0.552287,1.738442,-6.920135,0.998055,-0.003895,0.015433,-0.060272
7369,-0.105988,0.317305,9.917446,-1.647789,1.346878,-0.707420,-0.571075,1.762085,-6.947476,0.998037,-0.004042,0.015650,-0.060507
7370,-0.121895,0.338427,9.902166,-3.690969,1.710373,-0.492103,-0.660698,1.812817,-6.968026,0.998016,-0.004793,0.016140,-0.060670
7371,-0.143336,0.311081,9.928472,-4.673553,2.172318,-0.166955,-0.800489,1.877379,-6.979846,0.997994,-0.005974,0.016777,-0.060749
7372,-0.147072,0.316740,9.898626,-4.879426,2.212261,0.463338,-0.959579,1.950518,-6.976027,0.997977,-0.007322,0.017498,-0.060687
7373,-0.156367,0.287008,9.950223,-4.685411,0.608742,0.678583,-1.118370,1.997865,-6.957841,0.997968,-0.008682,0.017993,-0.060499
7374,-0.156072,0.278604,9.912048,-4.469974,0.044336,1.063207,-1.269955,2.009349,-6.929045,0.997969,-0.010001,0.018170,-0.060224
7375,-0.162658,0.226637,9.955310,-3.283991,0.063673,1.313588,-1.397801,2.012066,-6.889466,0.997978,-0.011119,0.018257,-0.059858
7376,-0.169590,0.250710,9.938137,-0.835746,-0.454725,1.287823,-1.464937,2.006628,-6.845933,0.997995,-0.011713,0.018241,-0.059469
7377,-0.173054,0.232607,9.955469,2.070561,-0.582407,1.295637,-1.442841,1.990432,-6.802427,0.998022,-0.011536,0.018084,-0.059096
7378,-0.177824,0.285963,9.925615,3.569873,0.357223,1.839008,-1.347017,1.987943,-6.750078,0.998058,-0.010711,0.018008,-0.058655
7379,-0.180123,0.290667,9.905318,5.246109,0.172918,2.371660,-1.197646,1.998332,-6.680079,0.998106,-0.009416,0.018016,-0.058068
7380,-0.175785,0.321367,9.855799,6.186830,-0.185350,3.105736,-1.003912,1.999876,-6.588743,0.998166,-0.007742,0.017925,-0.057302
7381,-0.168514,0.369785,9.886787,5.095093,-0.040111,3.801669,-0.811863,1.997947,-6.473500,0.998235,-0.006088,0.017806,-0.056329
7382,-0.164879,0.421738,9.934210,3.518223,-0.531226,4.218366,-0.663650,1.990166,-6.339643,0.998308,-0.004821,0.017660,-0.055186
7384,-0.156628,0.409478,9.939449,3.931082,-1.518307,4.319196,-0.534583,1.957516,-6.196911,0.998386,-0.003734,0.017309,-0.053964
7385,-0.154500,0.459410,9.951060,3.015277,-2.969948,4.638295,-0.413794,1.883947,-6.046915,0.998470,-0.002738,0.016607,-0.052678
7386,-0.130788,0.556043,9.975004,1.987640,-3.895880,4.450868,-0.325569,1.770509,-5.894598,0.998556,-0.002043,0.015576,-0.051367
7387,-0.109116,0.524044,9.983424,1.134150,-4.051314,4.158148,-0.269260,1.638813,-5.750352,0.998638,-0.001629,0.014401,-0.050121
7388,-0.096109,0.497847,9.928652,0.458616,-3.495607,3.544952,-0.239170,1.513611,-5.621354,0.998709,-0.001437,0.013295,-0.049004
7389,-0.080790,0.544612,9.866280,-2.914670,-2.127983,2.641817,-0.277453,1.420355,-5.517780,0.998763,-0.001822,0.012497,-0.048099
7390,-0.074506,0.542684,9.873146,-4.911828,0.296318,1.944625,-0.406010,1.390312,-5.441109,0.998795,-0.002963,0.012287,-0.047418
7391,-0.085404,0.430182,9.942862,-5.467905,1.879051,1.804330,-0.577464,1.427121,-5.378895,0.998811,-0.004449,0.012676,-0.046856
7392,-0.118224,0.403020,9.942811,-5.850352,2.068766,1.606040,-0.764664,1.493583,-5.322793,0.998818,-0.006060,0.013329,-0.046342
7393,-0.114556,0.196733,10.008671,-6.941450,1.698502,1.668667,-0.976430,1.557197,-5.269156,0.998820,-0.007886,0.013965,-0.045844
7394,-0.113124,0.161800,10.052762,-5.974698,-0.205421,1.172788,-1.190416,1.582976,-5.222271,0.998819,-0.009747,0.014272,-0.045407
7395,-0.091331,0.165867,10.058932,-4.588165,-2.715277,1.073648,-1.365421,1.535149,-5.183768,0.998824,-0.011296,0.013920,-0.045055
7396,-0.043221,0.197092,9.896692,-3.561369,-5.101765,1.534523,-1.500055,1.405989,-5.137076,0.998842,-0.012526,0.012842,-0.044647
7397,0.017866,0.140761,9.760560,-2.465789,-6.251009,2.497416,-1.598855,1.218655,-5.064800,0.998876,-0.013468,0.011240,-0.044029
7398,0.030834,0.310385,9.648091,-1.391889,-5.464799,2.585974,-1.661375,1.025868,-4.974562,0.998918,-0.014095,0.009572,-0.043262
7399,0.023580,0.312883,9.726763,-1.776904,-2.948703,3.339859,-1.712463,0.888604,-4.871711,0.998960,-0.014600,0.008382,-0.042379
7400,0.019025,0.210797,9.838020,-0.973848,-0.905141,3.396374,-1.756573,0.827802,-4.757522,0.998999,-0.015015,0.007853,-0.041389
7401,-0.021795,0.178157,9.960630,-1.158966,0.232598,2.227558,-1.790751,0.819492,-4.663474,0.999029,-0.015322,0.007780,-0.040568
7402,-0.053213,0.245308,10.064500,-1.376286,0.489279,0.639112,-1.832315,0.833032,-4.616092,0.999039,-0.015683,0.007907,-0.040150
7403,-0.042654,0.279256,10.080880,-0.458130,-0.639071,-0.169591,-1.862772,0.830795,-4.608190,0.999038,-0.015950,0.007897,-0.040079
7404,0.004980,0.245398,9.966743,0.872598,-2.125240,-0.256525,-1.855944,0.784518,-4.613797,0.999040,-0.015906,0.007492,-0.040135
7405,0.041549,0.255905,9.836156,1.019725,-2.469404,-0.360248,-1.824506,0.707651,-4.621616,0.999045,-0.015659,0.006812,-0.040216
7406,0.057759,0.306998,9.791384,0.698827,-1.403844,-0.322070,-1.795974,0.642770,-4.630944,0.999049,-0.015433,0.006237,-0.040308
7407,0.064409,0.305191,9.814765,0.506395,0.212584,0.074696,-1.775926,0.622796,-4.634446,0.999051,-0.015265,0.006056,-0.040343
7408,0.039015,0.205822,9.956006,-0.617675,1.200577,0.877349,-1.777613,0.646830,-4.619319,0.999055,-0.015272,0.006264,-0.040207
7409,0.005885,0.165225,10.017076,-0.953908,1.128476,0.376866,-1.803577,0.686283,-4.599638,0.999057,-0.015485,0.006615,-0.040029
7410,-0.022841,0.227366,10.011229,-2.005620,0.392962,-0.355541,-1.852907,0.711640,-4.600093,0.999049,-0.015906,0.006853,-0.040026
7411,-0.038689,0.183501,10.022973,-2.135450,-0.037131,-0.434841,-1.922091,0.717136,-4.613460,0.999034,-0.016507,0.006927,-0.040138
7412,-0.038609,0.139884,9.992830,-2.561785,-0.686883,-0.823904,-2.000632,0.704358,-4.634017,0.999016,-0.017195,0.006846,-0.040314
7413,-0.020929,0.183473,9.885079,-2.400435,-0.941534,-1.885905,-2.083867,0.675627,-4.678192,0.998989,-0.017928,0.006632,-0.040699
7414,-0.011723,0.240009,9.889693,-3.248955,-0.373473,-2.404685,-2.178843,0.651073,-4.748844,0.998949,-0.018761,0.006463,-0.041314
7415,-0.017596,0.190139,9.931276,-3.110458,0.199552,-1.893478,-2.285645,0.645386,-4.820311,0.998906,-0.019690,0.006465,-0.041931
7416,-0.006083,0.149206,9.937966,-2.882136,0.166783,-1.748499,-2.386213,0.649009,-4.881208,0.998865,-0.020562,0.006544,-0.042456
7417,-0.018170,0.149373,9.961968,-2.784560,-0.212709,-1.663022,-2.481299,0.645830,-4.937987,0.998827,-0.021389,0.006562,-0.042946
7418,-0.030255,0.185716,9.949373,-2.777596,-0.465756,-1.257084,-2.574537,0.632387,-4.986115,0.998792,-0.022204,0.006489,-0.043363
7419,-0.031868,0.121328,9.932744,-1.983219,-0.469959,-0.399470,-2.654175,0.615545,-5.012987,0.998766,-0.022903,0.006378,-0.043596
7420,-0.024046,0.117070,9.951935,-1.633165,-0.413131,-0.628321,-2.714621,0.600038,-5.029411,0.998748,-0.023435,0.006269,-0.043739
7421,-0.034613,0.159126,9.953574,-1.221628,-0.305889,-1.040280,-2.762483,0.586740,-5.056619,0.998729,-0.023855,0.006177,-0.043976
7422,-0.024444,0.150890,9.929195,0.391192,0.042490,-1.351526,-2.776728,0.580432,-5.096225,0.998711,-0.023980,0.006136,-0.044322
7423,-0.031753,0.126996,9.944422,1.738349,0.216916,-1.645989,-2.741745,0.582350,-5.146337,0.998698,-0.023671,0.006149,-0.044760
7424,-0.036525,0.142326,9.952975,2.179017,0.049629,-1.764969,-2.677036,0.584104,-5.203335,0.998689,-0.023104,0.006151,-0.045260
7425,-0.033737,0.144327,9.914581,2.897406,-0.106968,-1.998390,-2.593065,0.580267,-5.265950,0.998681,-0.022370,0.006097,-0.045811
7426,-0.037762,0.130469,9.890801,3.011265,-0.182677,-2.086850,-2.495268,0.572424,-5.333758,0.998673,-0.021517,0.006002,-0.046409
7427,-0.045804,0.179275,9.919221,1.849474,0.046901,-1.973881,-2.414927,0.567264,-5.401281,0.998660,-0.020816,0.005937,-0.047002
7428,-0.046635,0.189023,9.917376,0.770280,0.236883,-1.473324,-2.371837,0.569585,-5.458885,0.998644,-0.020436,0.005949,-0.047506
7429,-0.060045,0.202227,9.911559,0.418964,0.597878,-1.268790,-2.352482,0.581600,-5.505125,0.998628,-0.020260,0.006054,-0.047908
7430,-0.072198,0.214793,9.944809,-0.226751,0.797288,-0.768216,-2.349640,0.603439,-5.540004,0.998613,-0.020224,0.006250,-0.048208
7431,-0.063480,0.216073,9.954364,-0.249824,0.718960,-0.426337,-2.357809,0.627870,-5.560936,0.998602,-0.020284,0.006470,-0.048386
7432,-0.064527,0.219909,9.939754,-0.492585,0.437572,-0.217213,-2.370311,0.646686,-5.572448,0.998594,-0.020384,0.006641,-0.048482
7433,-0.067509,0.211929,9.955264,-0.819277,-0.115456,-0.073703,-2.392233,0.651848,-5.577517,0.998588,-0.020573,0.006696,-0.048524
7434,-0.061320,0.186696,9.958206,-1.243826,-0.747887,0.323108,-2.426564,0.637646,-5.572759,0.998584,-0.020878,0.006586,-0.048483
7435,-0.058497,0.156086,9.950135,-1.685489,-1.238460,0.532224,-2.475217,0.605179,-5.557101,0.998583,-0.021317,0.006321,-0.048350
7436,-0.064532,0.161772,9.964473,-2.594162,-1.599247,0.604006,-2.546331,0.558759,-5.536110,0.998580,-0.021957,0.005942,-0.048172
7437,-0.053888,0.134129,9.959910,-2.617809,-2.017955,0.971813,-2.632929,0.499721,-5.507146,0.998577,-0.022738,0.005458,-0.047927
7438,-0.043456,0.106638,9.910517,-2.257115,-2.346651,1.380808,-2.713833,0.428884,-5.464587,0.998580,-0.023475,0.004866,-0.047567
7439,-0.041246,0.110412,9.911511,-2.326691,-2.104578,1.332020,-2.789894,0.356949,-5.415865,0.998586,-0.024170,0.004261,-0.047155
7440,-0.038906,0.122331,9.895138,-2.061777,-1.927974,1.457185,-2.862752,0.292114,-5.366119,0.998592,-0.024833,0.003715,-0.046733
7441,-0.027254,0.071218,9.876550,-1.374278,-1.656693,1.733410,-2.919760,0.235127,-5.309997,0.998603,-0.025355,0.003229,-0.046255
7442,-0.027515,0.053480,9.870320,-1.154046,-1.156451,1.380945,-2.961695,0.190962,-5.255755,0.998615,-0.025739,0.002849,-0.045791
7443,-0.018781,0.071805,9.938399,-1.440298,-0.485242,0.680566,-3.004822,0.165426,-5.220018,0.998620,-0.026126,0.002636,-0.045484
7444,-0.011065,0.081928,9.933576,-1.163173,-0.581606,0.219750,-3.048170,0.148465,-5.204093,0.998616,-0.026511,0.002501,-0.045348
7445,-0.002238,0.043683,9.932499,-1.246262,-0.543754,-0.212079,-3.088325,0.129744,-5.202962,0.998607,-0.026868,0.002354,-0.045342
7446,-0.004155,0.045034,9.948127,-1.422593,-0.569997,-0.477586,-3.132829,0.110586,-5.213432,0.998593,-0.027264,0.002207,-0.045437
7447,-0.009886,0.039425,9.960689,-1.589696,-0.879960,-0.444008,-3.183058,0.085612,-5.227438,0.998575,-0.027711,0.002013,-0.045564
7448,-0.015550,0.007254,9.918365,-1.079440,-1.050925,-0.295984,-3.227556,0.052791,-5.237954,0.998560,-0.028112,0.001747,-0.045663
7449,-0.021176,-0.013662,9.921805,-0.987552,-1.030996,-0.111331,-3.262008,0.017763,-5.242769,0.998549,-0.028426,0.001457,-0.045713
7450,-0.030639,-0.002690,9.935827,-0.678954,-0.943733,0.027549,-3.289782,-0.015175,-5.242281,0.998542,-0.028681,0.001180,-0.045717
7451,-0.015334,0.006634,9.929214,-0.464742,-0.655007,0.207627,-3.308846,-0.041551,-5.236835,0.998539,-0.028858,0.000957,-0.045676
7452,-0.008345,-0.015907,9.915174,0.045464,-0.392305,0.280881,-3.315841,-0.058507,-5.227699,0.998541,-0.028925,0.000810,-0.045600
7453,-0.013962,0.034493,9.948575,0.273607,-0.469842,0.354135,-3.310537,-0.072241,-5.216303,0.998546,-0.028885,0.000685,-0.045504
7454,-0.003116,0.053167,9.976926,0.624321,-0.445141,0.566245,-3.295593,-0.086582,-5.200110,0.998556,-0.028760,0.000550,-0.045367
7455,0.006591,0.041561,9.954716,0.885032,-0.827975,0.808865,-3.270478,-0.106453,-5.176015,0.998572,-0.028549,0.000361,-0.045162
7456,-0.007244,0.035774,9.947007,0.771716,-1.325181,0.706628,-3.242924,-0.140846,-5.148758,0.998588,-0.028323,0.000044,-0.044933
7457,-0.001697,0.065801,9.948605,0.367058,-1.568955,0.641014,-3.224018,-0.187738,-5.123611,0.998602,-0.028176,-0.000379,-0.044725
7458,0.013304,0.037236,9.916408,0.183612,-1.614406,0.764608,-3.214939,-0.239394,-5.097239,0.998613,-0.028117,-0.000839,-0.044508
7459,0.005817,-0.005071,9.894560,0.117117,-1.668943,0.718821,-3.210056,-0.292645,-5.069487,0.998623,-0.028095,-0.001312,-0.044279
7460,-0.000801,0.020014,9.905226,-0.041074,-1.405856,0.373960,-3.208905,-0.342791,-5.048432,0.998630,-0.028104,-0.001754,-0.044108
7461,0.004350,0.046237,9.913212,0.000995,-1.168568,0.174059,-3.209647,-0.385119,-5.036910,0.998632,-0.028126,-0.002126,-0.044018
7462,0.007579,0.040408,9.919670,0.316349,-0.990737,0.221355,-3.204419,-0.420683,-5.028317,0.998636,-0.028094,-0.002440,-0.043951
7463,0.008620,0.027962,9.917789,0.518648,-0.706025,0.087062,-3.190553,-0.448632,-5.021608,0.998640,-0.027984,-0.002690,-0.043899
7464,0.015180,0.054284,9.919293,0.560800,-0.508265,-0.045707,-3.172577,-0.468801,-5.019797,0.998645,-0.027835,-0.002873,-0.043888
7465,0.020895,0.049210,9.927121,0.673259,-0.437186,-0.071668,-3.152000,-0.484642,-5.020882,0.998648,-0.027661,-0.003019,-0.043901
7466,0.024086,0.036866,9.917207,0.855736,-0.230318,-0.166298,-3.126488,-0.495968,-5.024234,0.998653,-0.027444,-0.003127,-0.043932
7467,0.022163,0.057580,9.922305,0.932927,-0.047841,-0.302130,-3.096612,-0.501021,-5.031779,0.998657,-0.027185,-0.003180,-0.043998
7468,0.014998,0.082053,9.946941,1.040891,-0.046862,-0.370821,-3.063618,-0.503200,-5.042894,0.998660,-0.026899,-0.003209,-0.044094
7469,0.009185,0.058738,9.940503,1.263229,-0.033573,-0.286913,-3.025120,-0.505121,-5.053770,0.998665,-0.026564,-0.003238,-0.044189
7470,0.003872,0.058828,9.934623,1.264052,-0.169741,-0.265562,-2.982918,-0.508987,-5.062788,0.998671,-0.026198,-0.003286,-0.044267
7471,0.002592,0.070748,9.928426,1.252654,-0.290594,-0.289988,-2.940894,-0.517127,-5.071638,0.998676,-0.025836,-0.003372,-0.044345
7472,0.011821,0.061561,9.920662,1.227439,-0.545770,-0.367824,-2.899465,-0.531607,-5.081878,0.998681,-0.025480,-0.003511,-0.044436
7473,0.007546,0.048745,9.913625,0.854049,-0.738392,-0.424297,-2.864659,-0.553647,-5.093986,0.998683,-0.025186,-0.003714,-0.044545
7474,0.009052,0.092781,9.915719,0.503680,-0.718844,-0.775276,-2.841844,-0.578900,-5.112745,0.998679,-0.024997,-0.003939,-0.044713
7475,0.015623,0.087772,9.913801,0.403770,-0.679457,-0.770720,-2.826467,-0.603451,-5.137329,0.998672,-0.024874,-0.004154,-0.044932
7476,0.018446,0.081785,9.932183,0.207601,-0.762151,-0.581530,-2.816049,-0.628558,-5.158659,0.998664,-0.024794,-0.004372,-0.045123
7477,0.012401,0.088918,9.920127,0.212829,-0.687589,-0.448799,-2.808862,-0.653534,-5.174624,0.998658,-0.024741,-0.004589,-0.045267
7478,0.018450,0.081550,9.915072,0.256182,-0.715201,-0.383208,-2.800898,-0.677565,-5.187332,0.998653,-0.024682,-0.004799,-0.045383
7479,0.008236,0.062643,9.918787,0.422927,-0.893790,-0.274889,-2.789462,-0.704884,-5.196980,0.998650,-0.024594,-0.005040,-0.045472
7480,0.013020,0.074473,9.933307,0.388174,-0.701474,-0.290168,-2.775842,-0.731897,-5.205097,0.998648,-0.024486,-0.005279,-0.045548
7481,0.020523,0.093249,9.934965,0.313935,-0.704498,-0.268832,-2.764034,-0.755753,-5.213271,0.998646,-0.024393,-0.005490,-0.045623
7482,0.014862,0.052178,9.935561,0.567578,-1.043174,-0.258176,-2.749243,-0.785270,-5.220644,0.998644,-0.024276,-0.005751,-0.045693
7483,0.019123,0.059450,9.915015,0.628677,-1.073538,-0.377221,-2.729181,-0.821014,-5.229538,0.998642,-0.024116,-0.006069,-0.045777
7484,0.029211,0.084138,9.922974,0.238291,-1.041360,-0.217030,-2.714612,-0.856693,-5.237759,0.998639,-0.024003,-0.006384,-0.045855
7485,0.021126,0.087709,9.923180,0.273797,-1.160174,-0.175865,-2.706003,-0.893654,-5.242564,0.998636,-0.023943,-0.006708,-0.045904
7487,0.016229,0.062698,9.921462,0.371684,-1.095692,-0.133169,-2.695191,-0.931453,-5.245938,0.998634,-0.023864,-0.007041,-0.045940
7488,0.023408,0.080352,9.913237,0.294011,-0.757994,-0.049273,-2.684069,-0.962456,-5.247526,0.998633,-0.023780,-0.007316,-0.045960
7489,0.024016,0.100012,9.944051,0.167750,-0.446205,-0.046258,-2.676362,-0.982579,-5.248178,0.998633,-0.023721,-0.007494,-0.045969
7490,0.033273,0.074340,9.942350,0.474782,-0.331267,-0.102759,-2.665621,-0.995638,-5.250056,0.998634,-0.023632,-0.007612,-0.045987
7491,0.030024,0.056252,9.927271,0.676188,-0.248377,-0.171462,-2.646367,-1.005500,-5.254175,0.998635,-0.023469,-0.007705,-0.046024
7492,0.030191,0.085245,9.928893,0.796762,-0.098295,-0.328671,-2.621676,-1.011655,-5.262237,0.998636,-0.023257,-0.007767,-0.046093
7493,0.019927,0.091041,9.953999,0.687116,-0.209053,-0.324132,-2.596756,-1.017268,-5.272875,0.998636,-0.023042,-0.007823,-0.046186
7494,0.012929,0.077693,9.927995,0.810819,-0.417331,-0.058654,-2.571685,-1.027985,-5.278779,0.998638,-0.022829,-0.007926,-0.046237
7495,0.009868,0.085526,9.924667,0.642972,-0.279131,0.025244,-2.547455,-1.039605,-5.278817,0.998642,-0.022622,-0.008037,-0.046238
7496,0.014515,0.096146,9.933042,0.495032,-0.253834,0.186961,-2.528559,-1.048322,-5.274889,0.998646,-0.022461,-0.008121,-0.046204
7497,0.014231,0.086452,9.928842,0.482851,-0.449802,0.325787,-2.512427,-1.059662,-5.265835,0.998652,-0.022324,-0.008228,-0.046126
7498,0.017237,0.103092,9.937052,0.354707,-0.395512,0.211307,-2.498646,-1.073346,-5.256274,0.998658,-0.022209,-0.008355,-0.046045
7499,0.020113,0.102801,9.937467,0.475369,-0.353441,0.196009,-2.484950,-1.085521,-5.248947,0.998662,-0.022094,-0.008468,-0.045982
7500,0.013830,0.085944,9.923775,0.563829,-0.643965,0.228016,-2.467778,-1.101824,-5.241167,0.998667,-0.021950,-0.008618,-0.045916
7501,0.015411,0.107116,9.917970,0.594296,-0.728419,0.057077,-2.448587,-1.124472,-5.235437,0.998671,-0.021791,-0.008824,-0.045869
7502,0.017090,0.092584,9.932495,0.844500,-0.614478,0.024995,-2.424654,-1.146776,-5.233119,0.998674,-0.021591,-0.009029,-0.045851
7503,0.020252,0.085514,9.927869,1.204360,-0.587494,0.085995,-2.390561,-1.166713,-5.230430,0.998680,-0.021302,-0.009217,-0.045828
7504,0.029232,0.112045,9.953155,1.291146,-0.783328,-0.051382,-2.349000,-1.189517,-5.228910,0.998686,-0.020948,-0.009432,-0.045816
7505,0.031600,0.119964,9.947274,1.916735,-0.951725,-0.112471,-2.295503,-1.218522,-5.230466,0.998692,-0.020494,-0.009706,-0.045830
7506,0.023816,0.113685,9.935941,2.450663,-1.042196,-0.201027,-2.222629,-1.251934,-5.234378,0.998700,-0.019872,-0.010026,-0.045863
7507,0.027383,0.152431,9.924708,2.635232,-0.940292,-0.278905,-2.137715,-1.285256,-5.241117,0.998708,-0.019146,-0.010349,-0.045920
7508,0.033105,0.158970,9.928894,2.974050,-0.888727,-0.211830,-2.044067,-1.316019,-5.248183,0.998717,-0.018343,-0.010654,-0.045977
7509,0.030485,0.141746,9.902376,3.726094,-0.722661,-0.224104,-1.932251,-1.343110,-5.254515,0.998729,-0.017380,-0.010934,-0.046026
7510,0.036167,0.180092,9.928659,3.660139,-0.632841,-0.298945,-1.808958,-1.365974,-5.262495,0.998742,-0.016315,-0.011181,-0.046087
7511,0.043649,0.204600,9.951634,3.411226,-0.686489,-0.173903,-1.690930,-1.388194,-5.269704,0.998753,-0.015296,-0.011422,-0.046141
7512,0.038473,0.213297,9.944410,3.580352,-0.801135,-0.170942,-1.574280,-1.413140,-5.274742,0.998763,-0.014290,-0.011685,-0.046176
7513,0.039378,0.236399,9.933528,3.627342,-0.964520,-0.221393,-1.454008,-1.442730,-5.280503,0.998772,-0.013254,-0.011991,-0.046217
7514,0.041191,0.261684,9.949769,3.225761,-1.086657,-0.175719,-1.339643,-1.477068,-5.286286,0.998778,-0.012271,-0.012336,-0.046259
7515,0.034765,0.259804,9.931220,3.394753,-0.985897,-0.165148,-1.229173,-1.511729,-5.291192,0.998783,-0.011323,-0.012682,-0.046293
7516,0.041594,0.277736,9.930459,3.069181,-0.972032,-0.185098,-1.121303,-1.544474,-5.296361,0.998787,-0.010396,-0.013011,-0.046328
7517,0.047807,0.294683,9.940534,2.569632,-1.049732,-0.153176,-1.027186,-1.578270,-5.301368,0.998789,-0.009590,-0.013343,-0.046364
7518,0.046875,0.290490,9.925705,2.866456,-1.225045,-0.133467,-0.936469,-1.616259,-5.305495,0.998790,-0.008815,-0.013710,-0.046392
7519,0.044008,0.290315,9.925171,2.908192,-1.316317,-0.202262,-0.840084,-1.658697,-5.310434,0.998790,-0.007993,-0.014119,-0.046426
7520,0.054106,0.318236,9.946257,2.560777,-1.341925,-0.020813,-0.748844,-1.703048,-5.313539,0.998789,-0.007216,-0.014542,-0.046444
7521,0.058882,0.319549,9.937784,3.504269,-1.414836,0.284227,-0.647909,-1.748936,-5.308587,0.998791,-0.006354,-0.014983,-0.046390
7522,0.071260,0.311619,9.935016,4.221640,-1.376364,0.390893,-0.519505,-1.795337,-5.296857,0.998796,-0.005252,-0.015440,-0.046272
7523,0.078991,0.334797,9.933053,4.259797,-1.354708,0.377004,-0.378565,-1.840752,-5.283699,0.998800,-0.004040,-0.015893,-0.046139
7524,0.085621,0.370102,9.920559,5.407390,-1.351353,0.711012,-0.218043,-1.885759,-5.265321,0.998806,-0.002656,-0.016351,-0.045957
7525,0.092035,0.452494,9.935787,7.626651,-1.328142,0.469715,-0.001467,-1.930377,-5.245550,0.998811,-0.000784,-0.016827,-0.045754
7526,0.106595,0.497653,9.980290,11.135745,-1.341590,-0.021863,0.310987,-1.974899,-5.238209,0.998806,0.001923,-0.017339,-0.045642
7527,0.112155,0.590497,9.977523,16.114222,-1.442876,0.078658,0.765129,-2.021326,-5.237710,0.998783,0.005863,-0.017925,-0.045566
7528,0.105862,0.699982,9.956909,21.950262,-1.622751,-0.045097,1.399538,-2.072417,-5.238129,0.998728,0.011372,-0.018622,-0.045464
7529,0.100377,0.822906,9.925072,26.754942,-1.601104,-0.757885,2.211810,-2.125702,-5.253221,0.998608,0.018427,-0.019411,-0.045453
7530,0.075853,0.856285,9.939130,28.582201,-0.306663,-2.111583,3.135879,-2.155267,-5.302530,0.998403,0.026459,-0.020045,-0.045717
7531,0.045265,1.053827,9.844243,29.244953,0.891889,-2.952606,4.102726,-2.140283,-5.386297,0.998113,0.034873,-0.020325,-0.046281
7532,0.021700,1.231132,9.850031,29.683584,2.072329,-4.133966,5.088981,-2.081627,-5.500224,0.997738,0.043466,-0.020256,-0.047119
7533,0.013001,1.420856,9.877387,31.227060,2.732493,-4.624130,6.108956,-1.987768,-5.637846,0.997266,0.052361,-0.019920,-0.048179
7534,0.026361,1.626139,9.888960,32.505154,2.272510,-4.360518,7.175766,-1.887615,-5.777042,0.996689,0.061663,-0.019572,-0.049258
7535,0.037376,1.889370,9.787204,35.146313,0.342846,-2.876191,8.306868,-1.828156,-5.890682,0.995989,0.071505,-0.019611,-0.050088
7536,0.014976,2.080524,9.772975,37.017178,-1.379361,-1.764228,9.511992,-1.833128,-5.969609,0.995147,0.081959,-0.020236,-0.050561
7537,0.001666,2.285093,9.704052,38.227310,-2.755098,-0.164024,10.767342,-1.895215,-6.013226,0.994164,0.092819,-0.021363,-0.050663
7538,0.019758,2.473730,9.634410,39.100163,-2.868882,1.257596,12.055992,-1.990565,-6.013758,0.993047,0.103948,-0.022758,-0.050336
7539,0.004207,2.682052,9.559052,40.641296,-1.825941,2.352596,13.383365,-2.079998,-5.972239,0.991786,0.115410,-0.024072,-0.049618
7540,0.008946,2.884619,9.504318,42.011444,-0.679102,3.175894,14.757797,-2.142763,-5.893053,0.990358,0.127285,-0.025119,-0.048571
7541,0.042719,3.082814,9.460847,42.383430,0.092301,3.945740,16.159945,-2.183716,-5.781295,0.988769,0.139399,-0.025929,-0.047245
7542,0.052681,3.289491,9.380051,41.474953,-0.155720,4.152491,17.552406,-2.223762,-5.652412,0.987050,0.151416,-0.026676,-0.045763
7543,0.021873,3.488055,9.214422,39.492157,-0.528769,4.098217,18.896648,-2.277573,-5.525257,0.985250,0.162990,-0.027492,-0.044276
7544,0.001366,3.642150,9.136810,38.328583,-0.214939,3.706587,20.188700,-2.332757,-5.406700,0.983389,0.174093,-0.028283,-0.042861
7545,-0.005786,3.895300,9.024384,38.593262,0.381321,3.249225,21.466066,-2.371392,-5.297319,0.981424,0.185055,-0.028913,-0.041544
7546,-0.022796,4.092794,8.901668,39.637928,1.446147,3.045043,22.765236,-2.382687,-5.188658,0.979300,0.196192,-0.029293,-0.040265
7547,-0.032048,4.284673,8.804048,42.103245,3.379313,1.992333,24.122906,-2.342296,-5.079663,0.976949,0.207826,-0.029226,-0.039060
7548,-0.061594,4.572534,8.791634,43.256348,5.123343,0.199434,25.541672,-2.229082,-4.987153,0.974341,0.219976,-0.028568,-0.038127
7549,-0.062602,4.859252,8.737082,42.290165,5.646603,-0.543705,26.964449,-2.065685,-4.913096,0.971571,0.232140,-0.027504,-0.037475
7550,-0.055672,5.051614,8.664699,40.068092,4.964174,-0.562004,28.334599,-1.900550,-4.847423,0.968756,0.243821,-0.026415,-0.036942
7551,-0.052242,5.274551,8.580251,37.764973,3.507857,0.077434,29.629650,-1.773164,-4.786017,0.965964,0.254818,-0.025621,-0.036408
7552,-0.059474,5.443649,8.481275,33.787769,1.682089,1.856777,30.819851,-1.714668,-4.714469,0.963289,0.264875,-0.025341,-0.035674
7553,-0.030686,5.593462,8.371911,29.673038,-0.340713,4.441865,31.874332,-1.750114,-4.612952,0.960841,0.273738,-0.025722,-0.034503
7554,-0.030332,5.693102,8.255038,27.358683,-1.503017,6.640921,32.820332,-1.874779,-4.473038,0.958585,0.281646,-0.026705,-0.032812
7555,-0.040088,5.733396,8.268987,28.037561,-3.506008,6.637972,33.738735,-2.065892,-4.333585,0.956327,0.289284,-0.028209,-0.030948
7556,-0.035943,5.842717,8.060217,26.769035,-6.253491,4.417703,34.649746,-2.304051,-4.272450,0.953999,0.296807,-0.030278,-0.029594
7557,-0.019754,5.930686,7.911606,26.126320,-7.023245,1.275615,35.533306,-2.539860,-4.321973,0.951651,0.304053,-0.032594,-0.029142
7558,0.010086,5.952694,7.847386,26.826073,-7.118460,-2.309100,36.422729,-2.720655,-4.474595,0.949208,0.311317,-0.034731,-0.029659
7559,0.039181,6.091675,7.769745,27.107391,-7.947631,-6.421845,37.334461,-2.834356,-4.742122,0.946620,0.318730,-0.036648,-0.031273
7560,0.049503,6.356782,7.570485,24.180336,-7.347031,-8.288520,38.206619,-2.885923,-5.092590,0.944064,0.325789,-0.038307,-0.033734
7561,0.056894,6.387866,7.635980,23.858055,-5.109114,-7.666478,39.024158,-2.882318,-5.430422,0.941613,0.332402,-0.039497,-0.036246
7562,0.052304,6.461425,7.615721,25.234783,-4.836576,-7.436614,39.857300,-2.850321,-5.730557,0.939076,0.339149,-0.040386,-0.038513
7563,0.030702,6.599496,7.512701,26.524366,-5.066036,-7.235818,40.734409,-2.818000,-6.024148,0.936353,0.346238,-0.041303,-0.040700
7564,0.023982,6.720210,7.349137,28.029367,-5.489281,-6.432366,41.657681,-2.800309,-6.311728,0.933429,0.353675,-0.042373,-0.042764
7565,0.017770,6.789196,7.244027,28.689034,-5.131279,-5.439748,42.615910,-2.798767,-6.577447,0.930338,0.361369,-0.043555,-0.044570
7566,0.009900,6.970548,7.067166,28.926197,-4.007275,-5.243736,43.587517,-2.788229,-6.811755,0.927149,0.369159,-0.044601,-0.046130
7567,0.029226,7.116193,7.004154,28.087818,-1.944912,-4.252732,44.546497,-2.749364,-6.994717,0.923952,0.376855,-0.045274,-0.047359
7568,0.044043,7.292825,6.957859,24.446199,-1.114113,-2.968679,45.427765,-2.700204,-7.116067,0.920976,0.383929,-0.045649,-0.048150
7569,0.052469,7.365148,6.874094,21.274361,-0.780893,-1.142853,46.193027,-2.673023,-7.186542,0.918361,0.390059,-0.045992,-0.048502
7570,0.072546,7.418086,6.748410,20.531620,-0.429491,0.406864,46.890839,-2.677927,-7.209591,0.915959,0.395632,-0.046405,-0.048389
7571,0.094850,7.483578,6.682024,19.611748,-0.772523,2.481598,47.559021,-2.726802,-7.191538,0.913646,0.400945,-0.047012,-0.047801
7572,0.117746,7.401318,6.824462,18.124664,-2.098322,4.765489,48.185719,-2.848416,-7.145861,0.911462,0.405883,-0.048077,-0.046746
7573,0.106333,7.353828,6.686271,18.374479,-4.423543,5.488329,48.792362,-3.048394,-7.113820,0.909317,0.410599,-0.049794,-0.045515
7574,0.088648,7.446393,6.606202,19.448212,-4.830495,5.180928,49.422699,-3.283832,-7.113915,0.907046,0.415456,-0.051904,-0.044381
7575,0.092976,7.436235,6.521712,25.441395,-4.861879,3.962293,50.172318,-3.504506,-7.138990,0.904299,0.421236,-0.054024,-0.043421
7576,0.101450,7.544486,6.466664,35.522278,-4.377361,3.713951,51.190704,-3.701070,-7.177275,0.900503,0.429118,-0.056093,-0.042497
7577,0.131782,7.873707,6.007212,47.022087,-2.453926,4.411501,52.566692,-3.877821,-7.183436,0.895280,0.439787,-0.058001,-0.041185
7578,0.232975,8.038059,5.695479,56.262268,2.580567,1.945886,54.283379,-3.961426,-7.118674,0.888613,0.453131,-0.059002,-0.039476
7579,0.314199,8.139242,5.392448,62.039055,6.473258,-3.705523,56.247269,-3.851074,-7.011830,0.880753,0.468416,-0.058387,-0.038092
7580,0.187942,8.427607,5.113053,61.613194,8.772863,-8.571263,58.300907,-3.541693,-6.909446,0.872247,0.484361,-0.056278,-0.037577
7581,0.100816,8.584907,4.688624,58.166550,9.418540,-12.695907,60.292015,-3.082364,-6.830452,0.863705,0.499747,-0.053123,-0.038013
7582,-0.003109,8.671513,4.404802,50.740456,7.508300,-15.358948,62.105572,-2.537085,-6.809175,0.855649,0.513665,-0.049558,-0.039464
7584,-0.122785,8.915279,4.222272,43.443756,4.209488,-14.610220,63.677166,-2.003998,-6.863461,0.848437,0.525612,-0.046402,-0.041636
7585,-0.238766,9.115667,4.050756,38.249527,1.112108,-9.378508,65.041481,-1.605592,-6.956583,0.842018,0.535845,-0.044406,-0.043634
7586,-0.164645,9.180444,3.854808,34.838871,-1.340053,-4.317335,66.262054,-1.399332,-7.053726,0.836185,0.544851,-0.043826,-0.044850
7587,-0.151040,9.270364,3.760130,31.636824,-2.597757,-3.134458,67.372467,-1.311061,-7.162520,0.830805,0.552931,-0.044144,-0.045639
7588,-0.205928,9.353450,3.539023,33.415226,-2.045779,-4.669238,68.459244,-1.219734,-7.283045,0.825454,0.560784,-0.044508,-0.046534
7589,-0.271368,9.285494,3.316391,38.326496,-1.278573,-3.820852,69.656876,-1.107385,-7.385492,0.819479,0.569398,-0.044698,-0.047359
7590,-0.295536,9.246216,3.053951,42.105629,-0.366383,-3.184797,70.998436,-1.006559,-7.450526,0.812703,0.578978,-0.044863,-0.047804
7591,-0.324381,9.283083,2.825954,43.135159,0.458784,-1.781303,72.419289,-0.927384,-7.474978,0.805430,0.589040,-0.045022,-0.047823
7592,-0.319385,9.344786,2.527657,43.690361,0.746739,2.200997,73.865799,-0.928129,-7.453602,0.797940,0.599168,-0.045516,-0.047098
7593,-0.269247,9.493375,2.333368,43.710129,-0.305230,5.855445,75.321472,-1.055462,-7.410442,0.790318,0.609210,-0.046758,-0.045541
7594,-0.215699,9.677951,2.133152,43.479515,-1.038448,5.925783,76.773842,-1.251400,-7.384430,0.782598,0.619092,-0.048528,-0.043706
7595,-0.193071,9.805875,1.921180,45.275223,-1.959460,3.983492,78.253113,-1.423490,-7.397479,0.774584,0.629051,-0.050322,-0.042218
7596,-0.168900,9.818302,1.681308,49.176567,-2.923262,1.697797,79.828598,-1.532031,-7.459590,0.765870,0.639558,-0.051968,-0.041330
7597,-0.153787,9.821171,1.447440,51.902729,-3.084499,-1.443996,81.515518,-1.552558,-7.557992,0.756343,0.650707,-0.053265,-0.041093
7598,-0.155884,9.764963,1.132660,52.094223,-2.166985,-3.575680,83.250961,-1.481302,-7.656223,0.746346,0.662076,-0.053985,-0.041334
7599,-0.151462,9.705508,0.852108,52.484058,-1.449458,-2.336576,84.995239,-1.389390,-7.726548,0.736128,0.673373,-0.054432,-0.041501
7600,-0.128414,9.677190,0.596645,50.691574,-0.411587,-0.671553,86.715210,-1.341537,-7.760952,0.725910,0.684353,-0.054952,-0.041183
7601,-0.143426,9.733361,0.260522,46.713978,0.926796,-0.413323,88.338066,-1.322974,-7.752956,0.716142,0.694577,-0.055365,-0.040464
7602,-0.169570,9.786776,-0.022775,41.817970,1.200006,-0.152149,89.812492,-1.312821,-7.717642,0.707155,0.703756,-0.055602,-0.039593
7603,-0.151394,9.840301,-0.209951,37.487869,0.914658,-0.348759,91.133240,-1.304724,-7.682302,0.699006,0.711881,-0.055785,-0.038784
7604,-0.160578,9.854597,-0.423923,32.193096,0.629248,-1.256400,92.293831,-1.278772,-7.655801,0.691760,0.718949,-0.055853,-0.038220
7605,-0.191073,9.872869,-0.626721,28.325016,0.209493,-1.880338,93.302017,-1.227253,-7.639373,0.685395,0.725039,-0.055775,-0.037955
7606,-0.187668,9.839728,-0.750459,25.354012,-0.332385,-1.323255,94.196564,-1.173867,-7.637987,0.679695,0.730393,-0.055745,-0.037851
7607,-0.173401,9.806470,-0.870745,22.950363,-0.726283,-0.862177,95.001884,-1.136186,-7.652634,0.674527,0.735162,-0.055882,-0.037787
7608,-0.180573,9.765862,-0.967906,21.767206,-0.909632,-0.442218,95.747627,-1.112018,-7.677728,0.669711,0.739535,-0.056147,-0.037725
7609,-0.168620,9.739394,-1.109458,22.457804,-0.215604,0.571382,96.485039,-1.112175,-7.696587,0.664932,0.743820,-0.056512,-0.037471
7610,-0.138616,9.740398,-1.266654,23.446125,0.179324,2.738754,97.250206,-1.166841,-7.703728,0.659969,0.748215,-0.057122,-0.036777
7611,-0.101863,9.762321,-1.396181,25.733095,-0.103270,3.793941,98.070099,-1.274905,-7.716868,0.654636,0.752862,-0.058087,-0.035732
7612,-0.076473,9.742230,-1.544976,31.699080,-0.179879,4.124443,99.027817,-1.404724,-7.741116,0.648363,0.758235,-0.059277,-0.034522
7613,-0.058083,9.685380,-1.807084,38.620697,0.306533,5.362886,100.200325,-1.560960,-7.765483,0.640623,0.764743,-0.060661,-0.033005
7614,-0.030618,9.637854,-2.041816,44.396862,0.016191,6.148129,101.584671,-1.750305,-7.796430,0.631402,0.772321,-0.062305,-0.031162
7615,-0.014144,9.552419,-2.258222,48.023109,-0.422233,6.152053,103.126350,-1.949101,-7.846929,0.621016,0.780622,-0.064137,-0.029238
7616,0.000849,9.455473,-2.502706,50.707821,-0.074895,6.001749,104.773552,-2.143678,-7.903888,0.609791,0.789340,-0.065975,-0.027274
7617,0.042357,9.364102,-2.805526,49.600723,0.409693,5.775130,106.446823,-2.334112,-7.951398,0.598263,0.798037,-0.067687,-0.025226
7618,0.088030,9.319238,-3.042103,45.176216,0.218247,5.631008,108.028046,-2.518670,-7.997759,0.587255,0.806095,-0.069297,-0.023226
7619,0.125499,9.296612,-3.237548,39.727367,-0.591232,5.984418,109.445930,-2.699997,-8.065852,0.577293,0.813165,-0.070972,-0.021420
7620,0.163725,9.181049,-3.444572,34.771065,-1.872253,5.660380,110.692490,-2.868293,-8.171048,0.568460,0.819242,-0.072783,-0.019963
7621,0.210631,9.221503,-3.581670,30.191269,-1.891337,6.404583,111.781815,-3.033114,-8.302520,0.560690,0.824435,-0.074718,-0.018724
7622,0.247735,9.199860,-3.717957,26.305210,-1.632689,5.323869,112.730324,-3.191833,-8.430984,0.553890,0.828876,-0.076562,-0.017575
7623,0.285329,9.165044,-3.841793,24.782484,-1.982878,3.097250,113.587990,-3.297158,-8.541771,0.547697,0.832865,-0.077997,-0.016763
7624,0.287228,9.107923,-3.979239,24.628380,-2.317841,-0.151751,114.416382,-3.312823,-8.627481,0.541656,0.836735,-0.078816,-0.016489
7625,0.279808,9.074823,-4.117513,25.478321,-2.419403,-3.408459,115.254105,-3.225754,-8.674469,0.535481,0.840689,-0.078875,-0.016773
7626,0.231684,8.889502,-4.311240,26.922226,-3.969179,-6.846868,116.128586,-3.025499,-8.696527,0.528960,0.844846,-0.078245,-0.017752
7627,0.169401,8.799459,-4.420612,29.060774,-5.969241,-7.413651,117.063675,-2.738827,-8.738502,0.521912,0.849258,-0.077400,-0.019434
7628,0.091031,8.702820,-4.547252,30.154003,-6.722740,-7.457209,118.053818,-2.421360,-8.811484,0.514392,0.853849,-0.076692,-0.021462
7629,0.047079,8.593188,-4.678901,29.533596,-6.662987,-6.762259,119.051811,-2.106633,-8.894231,0.506765,0.858396,-0.076111,-0.023521
7630,0.004127,8.539672,-4.844282,28.885723,-6.673428,-5.641486,120.028519,-1.817242,-8.985700,0.499262,0.862759,-0.075742,-0.025453
7631,-0.025513,8.494266,-5.001246,28.260700,-7.112632,-4.697603,120.984138,-1.552209,-9.096169,0.491883,0.866938,-0.075654,-0.027302
7632,-0.034599,8.435183,-5.105628,27.766714,-7.483096,-3.803882,121.921211,-1.304492,-9.229758,0.484607,0.870951,-0.075846,-0.029132
7633,-0.040112,8.373520,-5.205842,27.696615,-7.623029,-3.398213,122.848625,-1.068356,-9.378068,0.477367,0.874844,-0.076231,-0.030940
7634,-0.068780,8.282470,-5.334846,27.353210,-7.166256,-3.155652,123.768501,-0.841754,-9.524071,0.470153,0.878642,-0.076669,-0.032665
7635,-0.097233,8.206175,-5.451349,27.028040,-6.411907,-2.444548,124.676514,-0.637309,-9.658672,0.463010,0.882328,-0.077137,-0.034175
7636,-0.120153,8.141650,-5.563923,26.779001,-5.608706,-1.544146,125.574463,-0.467669,-9.784218,0.455936,0.885908,-0.077699,-0.035382
7637,-0.163036,8.043542,-5.732091,25.956261,-4.553751,-1.589804,126.454063,-0.325835,-9.890425,0.448997,0.889361,-0.078238,-0.036301
7638,-0.197484,7.960658,-5.893033,25.506086,-4.246573,-1.209780,127.312119,-0.200444,-9.979703,0.442212,0.892681,-0.078719,-0.037036
7639,-0.214185,7.906721,-5.972621,26.757227,-5.050300,-1.014389,128.183365,-0.076286,-10.079494,0.435296,0.895991,-0.079307,-0.037787
7640,-0.219273,7.780653,-6.063880,26.987333,-5.237529,-1.887071,129.079056,0.068485,-10.183251,0.428144,0.899342,-0.079874,-0.038690
7641,-0.234613,7.615985,-6.188615,26.743038,-5.124118,-2.416335,129.974258,0.233733,-10.270852,0.420958,0.902651,-0.080256,-0.039688
7642,-0.250012,7.522782,-6.244590,26.245424,-5.083926,0.023926,130.856781,0.374408,-10.374553,0.413856,0.905836,-0.080870,-0.040555
7643,-0.256897,7.410378,-6.306993,23.891987,-4.117450,0.462266,131.691498,0.469369,-10.495036,0.407134,0.908769,-0.081781,-0.041146
7644,-0.238425,7.282123,-6.426259,20.937346,-2.624426,0.316331,132.437820,0.535017,-10.587102,0.401125,0.911354,-0.082550,-0.041456
7645,-0.243790,7.252412,-6.483767,18.763865,-1.433451,1.176104,133.098831,0.562724,-10.653607,0.395816,0.913612,-0.083222,-0.041430
7646,-0.242615,7.225914,-6.549357,15.561502,-0.256192,2.180885,133.670349,0.541409,-10.712440,0.391250,0.915526,-0.083970,-0.041045
7647,-0.232320,7.186407,-6.636563,12.446861,0.844439,1.113140,134.136871,0.495048,-10.743377,0.387544,0.917075,-0.084541,-0.040437
7648,-0.234301,7.143627,-6.708560,11.222241,1.213755,1.010919,134.531357,0.445800,-10.743569,0.384423,0.918390,-0.084847,-0.039752
7649,-0.258569,7.149084,-6.761431,11.907855,1.025887,0.562109,134.916901,0.400916,-10.735487,0.381368,0.919671,-0.085065,-0.039079
7650,-0.242230,7.114522,-6.823113,12.887749,0.444203,-0.764215,135.330292,0.385936,-10.715828,0.378066,0.921052,-0.085097,-0.038586
7651,-0.234223,7.061165,-6.870080,15.063155,-0.323144,-2.569169,135.796432,0.423405,-10.674788,0.374301,0.922623,-0.084800,-0.038408
7652,-0.240806,6.986939,-6.932688,18.188442,-1.018318,-4.070002,136.351135,0.516288,-10.610657,0.369781,0.924496,-0.084167,-0.038539
7653,-0.251022,6.884111,-6.998066,22.002068,-2.185000,-5.328192,137.021759,0.662590,-10.533348,0.364278,0.926738,-0.083300,-0.038982
7654,-0.261862,6.754868,-7.111836,24.834818,-3.003727,-5.936283,137.803406,0.853282,-10.453687,0.357829,0.929303,-0.082321,-0.039710
7655,-0.305680,6.669161,-7.200278,28.004969,-3.527953,-5.654740,138.685226,1.063107,-10.382085,0.350532,0.932125,-0.081397,-0.040562
7656,-0.340079,6.612325,-7.280060,29.290359,-3.138188,-5.545629,139.641479,1.269160,-10.313459,0.342607,0.935105,-0.080553,-0.041357
7657,-0.352905,6.489836,-7.438468,28.352394,-2.525583,-5.988825,140.604202,1.464843,-10.226390,0.334619,0.938044,-0.079610,-0.042025
7658,-0.363827,6.404149,-7.564632,25.890076,-1.342157,-5.171479,141.510971,1.631934,-10.122207,0.327096,0.940758,-0.078605,-0.042466
7659,-0.378262,6.329746,-7.614247,22.698055,-0.096079,-3.446099,142.323593,1.739406,-10.023839,0.320370,0.943135,-0.077791,-0.042517
7660,-0.367375,6.204775,-7.691844,19.176207,1.215724,-1.795377,143.023941,1.777521,-9.942929,0.314601,0.945135,-0.077277,-0.042132
7661,-0.355632,6.086517,-7.760282,18.576578,2.173641,0.043141,143.654892,1.749637,-9.885654,0.309434,0.946888,-0.077110,-0.041321
7662,-0.348253,6.018022,-7.789993,20.169626,2.646366,1.593308,144.301376,1.668587,-9.860373,0.304157,0.948627,-0.077350,-0.040148
7663,-0.326850,5.951754,-7.873079,22.113476,2.742214,2.147074,145.006088,1.559223,-9.859214,0.298400,0.950469,-0.077873,-0.038762
7664,-0.283778,5.829098,-7.974197,24.564035,3.108249,2.200405,145.783905,1.437802,-9.863474,0.292031,0.952456,-0.078481,-0.037235
7665,-0.269176,5.701252,-8.040273,28.214144,3.485022,1.203930,146.663834,1.314935,-9.849545,0.284806,0.954666,-0.078956,-0.035574
7666,-0.240090,5.575192,-8.123682,28.449257,3.510836,0.154049,147.609146,1.204789,-9.805326,0.277016,0.957000,-0.079145,-0.033895
7667,-0.227559,5.426516,-8.200591,27.648281,3.736550,-0.973652,148.545563,1.109560,-9.729889,0.269278,0.959273,-0.079013,-0.032273
7668,-0.214749,5.267714,-8.244453,27.341705,3.371696,-2.415717,149.464050,1.037180,-9.620466,0.261663,0.961468,-0.078518,-0.030782
7669,-0.238616,5.175601,-8.304562,27.129557,1.935513,-4.649810,150.374481,1.019738,-9.474287,0.254067,0.963614,-0.077570,-0.029686
7670,-0.215869,5.095819,-8.444107,24.951786,0.508435,-5.429715,151.245499,1.066191,-9.307903,0.246745,0.965634,-0.076290,-0.029129
7671,-0.224118,4.978553,-8.566654,23.933714,0.003084,-5.773161,152.063477,1.147360,-9.139616,0.239831,0.967489,-0.074905,-0.028916
7672,-0.224358,4.875496,-8.642215,23.020922,-0.387777,-5.741199,152.849518,1.241798,-8.972443,0.233165,0.969226,-0.073494,-0.028860
7673,-0.217334,4.647130,-8.699155,21.957346,0.024115,-5.271236,153.602737,1.329883,-8.811302,0.226770,0.970846,-0.072141,-0.028804
7674,-0.217296,4.589428,-8.780358,21.513479,0.886278,-5.060616,154.331039,1.391821,-8.649858,0.220593,0.972371,-0.070833,-0.028559
7675,-0.244179,4.347643,-8.765340,20.990419,1.576003,-4.759974,155.043472,1.424718,-8.484264,0.214563,0.973827,-0.069540,-0.028087
7676,-0.251692,4.218486,-8.740593,22.590164,1.424871,-4.590600,155.773834,1.444098,-8.321662,0.208378,0.975273,-0.068298,-0.027513
7677,-0.238653,4.128004,-8.818351,25.279331,0.793115,-4.610421,156.575577,1.472195,-8.166407,0.201568,0.976799,-0.067116,-0.027001
7678,-0.256331,4.145952,-8.934757,26.666471,0.176638,-4.093092,157.444931,1.513925,-8.026547,0.194158,0.978382,-0.066053,-0.026610
7679,-0.262289,3.880369,-8.968831,28.090242,-0.540585,-3.085957,158.360413,1.564493,-7.917959,0.186329,0.979964,-0.065252,-0.026337
7680,-0.255956,3.849802,-9.098787,31.065990,-1.329470,-2.573200,159.348419,1.627491,-7.841226,0.177852,0.981577,-0.064720,-0.026194
7681,-0.258784,3.702864,-9.184896,31.163553,-1.208816,-2.138222,160.387222,1.694160,-7.782071,0.168920,0.983181,-0.064348,-0.026091
7682,-0.277000,3.591199,-9.260642,29.893703,-0.929456,-2.045043,161.406372,1.750619,-7.727811,0.160147,0.984673,-0.064032,-0.025926
7683,-0.269916,3.436202,-9.344503,28.078920,-0.239584,-2.148690,162.374374,1.790865,-7.667395,0.151813,0.986023,-0.063674,-0.025651
7684,-0.254931,3.375741,-9.411693,25.955572,0.709831,-1.666328,163.276855,1.802180,-7.604268,0.144050,0.987222,-0.063316,-0.025167
7685,-0.255576,3.210920,-9.413368,23.514511,1.567771,-1.005401,164.102982,1.778251,-7.550781,0.136955,0.988266,-0.063064,-0.024439
7687,-0.236933,3.045255,-9.473015,23.864479,1.848964,-0.147626,164.893616,1.728501,-7.516965,0.130169,0.989209,-0.062996,-0.023536
7688,-0.223114,2.848711,-9.473993,25.589607,2.177531,1.187766,165.717804,1.659150,-7.516685,0.123091,0.990123,-0.063237,-0.022483
7689,-0.218485,2.656428,-9.405257,29.036253,1.704972,2.701669,166.626831,1.580756,-7.564151,0.115270,0.991047,-0.063904,-0.021350
7690,-0.202189,2.417124,-9.420068,31.302212,0.402287,4.093471,167.629608,1.521202,-7.666790,0.106610,0.991963,-0.065033,-0.020370
7691,-0.165185,2.230524,-9.545489,33.078789,-1.583899,5.123631,168.698441,1.508867,-7.821301,0.097334,0.992826,-0.066570,-0.019787
7692,-0.141969,2.007947,-9.668666,33.580063,-2.697070,5.734179,169.804184,1.545124,-8.012584,0.087694,0.993604,-0.068388,-0.019605
7693,-0.141246,1.887453,-9.761039,33.379429,-2.423063,5.502422,170.914597,1.597829,-8.211634,0.077996,0.994283,-0.070265,-0.019534
7694,-0.139314,1.723278,-9.912694,32.444614,-0.885515,6.076357,172.005951,1.623720,-8.410702,0.068474,0.994854,-0.072161,-0.019208
7695,-0.102968,1.554032,-10.068414,31.523504,2.024037,6.393947,173.066315,1.577868,-8.614244,0.059262,0.995319,-0.074128,-0.018246
7696,-0.074505,1.400873,-10.046090,30.641928,6.798491,6.047771,174.097412,1.408571,-8.803683,0.050389,0.995701,-0.076012,-0.016191
7697,-0.044591,1.337729,-9.901882,29.471325,10.869564,5.341474,175.095764,1.097615,-8.964587,0.041904,0.996015,-0.077667,-0.012884
7698,0.036829,1.085783,-9.786786,27.714499,12.447373,5.541558,176.046494,0.696252,-9.115104,0.033902,0.996243,-0.079203,-0.008794
7699,0.124677,0.980085,-9.679024,25.873726,11.716636,4.382017,176.938370,0.284165,-9.255376,0.026427,0.996387,-0.080586,-0.004626
7700,0.179633,0.869624,-9.563172,23.618984,9.572920,3.405552,177.763016,-0.076197,-9.368615,0.019509,0.996469,-0.081663,-0.000932
7701,0.212266,0.746667,-9.543857,21.585247,5.965699,2.654876,178.516708,-0.338263,-9.461229,0.013143,0.996503,-0.082502,0.001874
7702,0.243379,0.571701,-9.602894,20.371065,1.728119,2.189507,179.216492,-0.468034,-9.539573,0.007153,0.996503,-0.083178,0.003502
7703,0.243501,0.512515,-9.697107,20.090744,-1.969425,1.127470,179.891251,-0.464427,-9.595089,0.001285,0.996487,-0.083638,0.003959
7704,0.242515,0.341430,-9.813252,19.586136,-4.713366,0.462156,-179.447311,-0.352897,-9.621331,-0.004548,0.996462,-0.083847,0.003473
7705,0.218723,0.253208,-9.933860,19.609644,-6.152677,-0.464102,-178.794098,-0.171792,-9.618656,-0.010361,0.996424,-0.083820,0.002376
7706,0.201458,0.161447,-9.994933,19.014996,-6.163703,-0.757110,-178.150421,0.032903,-9.592905,-0.016107,0.996368,-0.083610,0.001063
7707,0.195035,0.052241,-10.033717,17.454353,-5.161366,-0.789194,-177.542557,0.220559,-9.560069,-0.021529,0.996288,-0.083352,-0.000131
7708,0.173395,-0.061417,-10.034448,14.645518,-3.615657,-1.280592,-177.007355,0.365036,-9.518636,-0.026287,0.996200,-0.083024,-0.001007
7709,0.142909,-0.073534,-10.002437,12.645080,-1.736535,-1.717091,-176.552139,0.451314,-9.463710,-0.030306,0.996123,-0.082573,-0.001442
7710,0.130830,-0.144625,-9.881746,11.449911,-0.030614,-1.613450,-176.150116,0.477192,-9.406386,-0.033818,0.996050,-0.082086,-0.001394
7711,0.134743,-0.176545,-9.829544,11.182192,0.025879,-1.300778,-175.772522,0.473848,-9.357884,-0.037097,0.995968,-0.081668,-0.001110
7712,0.125704,-0.229400,-9.807052,11.542809,-1.129215,-0.705824,-175.393478,0.489599,-9.323122,-0.040402,0.995864,-0.081375,-0.000989
7713,0.118125,-0.327203,-9.809130,13.714854,-2.253896,0.209560,-174.972412,0.545075,-9.310176,-0.044100,0.995714,-0.081286,-0.001177
7714,0.092564,-0.401131,-9.792551,15.362389,-3.344311,0.551234,-174.487823,0.639120,-9.314259,-0.048377,0.995508,-0.081365,-0.001648
7715,0.084052,-0.503650,-9.851512,16.286861,-4.907004,1.062325,-173.960510,0.778639,-9.327205,-0.053056,0.995253,-0.081547,-0.002480
7716,0.044967,-0.576459,-9.871693,15.926493,-5.531284,1.147682,-173.423904,0.955587,-9.344756,-0.057841,0.994963,-0.081798,-0.003626
7717,0.020111,-0.633955,-9.887675,13.965229,-5.522338,0.874449,-172.925934,1.142507,-9.356357,-0.062297,0.994670,-0.082013,-0.004887
7718,0.011555,-0.694489,-9.866240,11.034408,-5.051703,0.898707,-172.509430,1.321070,-9.363358,-0.066038,0.994407,-0.082191,-0.006134
7719,0.011131,-0.778558,-9.870992,8.139826,-4.607478,0.460516,-172.189896,1.483633,-9.364402,-0.068925,0.994194,-0.082311,-0.007315
7720,-0.042867,-0.722340,-9.872464,5.014110,-3.653558,0.220712,-171.970459,1.621575,-9.356696,-0.070925,0.994042,-0.082341,-0.008359
7721,-0.070273,-0.801482,-9.864342,2.275476,-2.905847,0.838525,-171.849030,1.732298,-9.358805,-0.072056,0.993945,-0.082435,-0.009231
7722,-0.090633,-0.781938,-9.859695,0.873564,-2.342806,0.690339,-171.796936,1.822504,-9.371608,-0.072572,0.993886,-0.082606,-0.009968
7723,-0.119488,-0.714480,-9.887369,-0.750461,-2.147614,0.771095,-171.795319,1.900053,-9.385050,-0.072642,0.993861,-0.082770,-0.010631
7724,-0.140887,-0.654574,-9.832346,-0.498568,-1.873225,2.496863,-171.817642,1.974144,-9.429445,-0.072504,0.993828,-0.083198,-0.011262
7725,-0.110695,-0.764552,-9.814430,-0.101285,-1.983125,3.505411,-171.830780,2.051992,-9.519379,-0.072454,0.993755,-0.084024,-0.011890
7726,-0.104101,-0.746742,-9.815316,0.971176,-2.066631,2.839944,-171.819763,2.133843,-9.614524,-0.072619,0.993661,-0.084900,-0.012531
7727,-0.108707,-0.776397,-9.833045,2.544219,-2.058369,2.906900,-171.764404,2.215572,-9.699564,-0.073167,0.993544,-0.085693,-0.013145
7728,-0.094018,-0.840822,-9.849619,4.134623,-1.787369,2.786116,-171.656418,2.292686,-9.784268,-0.074169,0.993394,-0.086487,-0.013678
7729,-0.054266,-0.853283,-9.893575,4.679162,-1.008880,1.516314,-171.512115,2.349294,-9.848427,-0.075469,0.993238,-0.087096,-0.014017
7730,-0.068057,-0.853831,-9.884063,6.229733,0.006788,0.602100,-171.331635,2.371090,-9.880862,-0.077053,0.993088,-0.087413,-0.014047
7731,-0.069667,-0.884118,-9.849919,8.260210,1.185422,0.260013,-171.090851,2.353662,-9.898095,-0.079129,0.992915,-0.087580,-0.013701
7732,-0.098275,-0.919009,-9.817822,9.972591,2.888454,-0.369021,-170.787338,2.286331,-9.906982,-0.081710,0.992711,-0.087647,-0.012879
7733,-0.072672,-0.981551,-9.776962,10.902246,3.593398,-0.706615,-170.439407,2.176833,-9.906884,-0.084643,0.992484,-0.087607,-0.011664
7734,-0.087204,-1.047758,-9.802257,10.829496,3.916718,-0.700896,-170.077148,2.049507,-9.904929,-0.087687,0.992242,-0.087533,-0.010286
7735,-0.061499,-1.057637,-9.753325,8.913110,3.908695,-1.157530,-169.747849,1.915674,-9.897264,-0.090438,0.992020,-0.087394,-0.008881
7736,-0.036733,-1.074194,-9.758862,5.755508,3.549746,-1.177779,-169.502853,1.786403,-9.881338,-0.092463,0.991864,-0.087173,-0.007588
7737,0.014767,-1.065104,-9.781809,1.791533,2.098454,-1.034818,-169.376480,1.687108,-9.862305,-0.093482,0.991796,-0.086938,-0.006648
7738,0.003643,-1.060591,-9.822269,-1.864816,1.335361,-0.652304,-169.377213,1.625682,-9.845197,-0.093430,0.991821,-0.086741,-0.006131
7739,-0.007048,-1.064944,-9.816308,-4.842599,0.274899,-0.301677,-169.488693,1.596388,-9.834469,-0.092443,0.991925,-0.086619,-0.005970
7740,-0.019538,-1.032749,-9.838541,-6.032304,-0.782186,0.276452,-169.669891,1.604631,-9.832510,-0.090880,0.992070,-0.086599,-0.006180
7741,-0.014313,-1.025575,-9.842198,-7.150258,-1.502079,0.778296,-169.889893,1.645222,-9.843043,-0.089006,0.992227,-0.086709,-0.006690
7742,-0.018799,-1.007718,-9.822438,-6.940491,-1.561215,1.100079,-170.125381,1.700940,-9.865018,-0.087009,0.992381,-0.086926,-0.007334
7743,-0.027963,-0.951978,-9.814902,-5.291748,-1.658486,1.003767,-170.330017,1.759780,-9.890473,-0.085282,0.992504,-0.087176,-0.007980
7744,-0.039533,-0.915468,-9.804592,-2.743940,-1.568644,0.980637,-170.464691,1.818330,-9.914114,-0.084160,0.992574,-0.087413,-0.008572
7745,-0.038708,-0.934751,-9.835381,-1.722952,-1.322129,0.687334,-170.539764,1.870440,-9.933582,-0.083550,0.992603,-0.087613,-0.009067
7746,-0.060005,-0.898589,-9.814884,-0.338662,-1.312142,-0.066783,-170.574219,1.915447,-9.936581,-0.083285,0.992617,-0.087668,-0.009481
7747,-0.063929,-0.883189,-9.798482,-0.021203,-1.523474,-0.805610,-170.579468,1.959687,-9.914482,-0.083271,0.992628,-0.087507,-0.009884
7748,-0.080145,-0.912262,-9.784007,-0.265114,-1.331997,-0.854711,-170.583038,2.002108,-9.879375,-0.083268,0.992649,-0.087232,-0.010280
7749,-0.086045,-0.901552,-9.767269,-0.669084,-1.085642,-1.082332,-170.597260,2.036582,-9.840915,-0.083167,0.992681,-0.086922,-0.010618
7750,-0.097413,-0.853635,-9.757224,-0.551571,-1.023952,-1.856210,-170.615662,2.063278,-9.786823,-0.083022,0.992729,-0.086470,-0.010902
7751,-0.081489,-0.864074,-9.779446,-0.489232,-1.247498,-2.239453,-170.630341,2.089506,-9.713257,-0.082906,0.992790,-0.085850,-0.011194
7752,-0.075206,-0.865484,-9.815720,0.244606,-1.306017,-1.916227,-170.631653,2.120221,-9.637942,-0.082910,0.992840,-0.085218,-0.011515
7753,-0.102995,-0.834698,-9.831118,0.682188,-1.381399,-2.072114,-170.613495,2.153578,-9.565008,-0.083083,0.992874,-0.084612,-0.011844
7754,-0.071124,-0.839923,-9.833300,0.341334,-1.813739,-2.971132,-170.592957,2.192390,-9.473321,-0.083279,0.992917,-0.083846,-0.012232
7755,-0.065837,-0.845551,-9.837046,0.014238,-1.493440,-3.163700,-170.582779,2.230050,-9.363355,-0.083382,0.992981,-0.082921,-0.012630
7756,-0.072340,-0.831328,-9.849247,-0.358743,-1.028092,-3.296761,-170.584106,2.253895,-9.250168,-0.083374,0.993058,-0.081957,-0.012920
7757,-0.084990,-0.817839,-9.832759,-0.819054,-0.309074,-3.896665,-170.598938,2.256285,-9.128154,-0.083234,0.993155,-0.080899,-0.013040
7758,-0.072646,-0.802749,-9.822086,-1.177400,0.491230,-4.482759,-170.626831,2.230515,-8.990759,-0.082959,0.993278,-0.079687,-0.012936
7759,-0.088097,-0.820907,-9.813286,-1.604370,1.097714,-4.105990,-170.667938,2.181124,-8.853720,-0.082554,0.993413,-0.078460,-0.012635
7760,-0.067819,-0.809551,-9.826080,-1.372074,1.238762,-3.494230,-170.713089,2.122211,-8.734934,-0.082112,0.993539,-0.077385,-0.012240
7761,-0.076594,-0.793349,-9.815070,-0.865016,1.728741,-2.812337,-170.746887,2.056467,-8.639101,-0.081766,0.993641,-0.076505,-0.011761
7762,-0.062460,-0.774179,-9.842092,-1.174326,1.623083,-2.373122,-170.778183,1.987453,-8.562722,-0.081443,0.993729,-0.075792,-0.011238
7763,-0.036286,-0.772545,-9.829570,-2.350441,1.393949,-1.932412,-170.834778,1.926353,-8.499881,-0.080907,0.993822,-0.075199,-0.010790
7764,-0.033732,-0.735643,-9.852264,-2.977394,1.557467,-1.120842,-170.922180,1.869724,-8.457404,-0.080110,0.993922,-0.074784,-0.010386
7765,-0.037838,-0.728770,-9.839943,-3.987528,1.492435,-0.362591,-171.037735,1.815653,-8.440946,-0.079072,0.994024,-0.074595,-0.010003
7766,-0.015028,-0.721997,-9.849185,-5.386696,1.351106,-0.013293,-171.194000,1.767869,-8.442070,-0.077686,0.994139,-0.074560,-0.009690
7767,-0.020687,-0.697875,-9.828979,-5.664247,1.218930,0.339053,-171.378555,1.726355,-8.453924,-0.076060,0.994262,-0.074620,-0.009442
7768,-0.006166,-0.666572,-9.836020,-4.478421,0.841056,0.569332,-171.548187,1.694654,-8.473998,-0.074569,0.994366,-0.074760,-0.009264
7769,0.001299,-0.637550,-9.850533,-3.823619,0.777558,0.189237,-171.687042,1.669813,-8.490443,-0.073350,0.994450,-0.074876,-0.009128
7770,0.009763,-0.620896,-9.872469,-3.300027,0.622524,-0.155761,-171.805893,1.646797,-8.494349,-0.072304,0.994527,-0.074886,-0.009004
7771,0.007161,-0.592181,-9.869692,-2.333844,0.300685,0.001207,-171.899765,1.631197,-8.493977,-0.071479,0.994588,-0.074866,-0.008930
7772,0.017703,-0.580303,-9.864105,-1.439294,0.175249,0.136747,-171.962753,1.623667,-8.497368,-0.070928,0.994627,-0.074886,-0.008904
7773,-0.000196,-0.567621,-9.865664,-1.141360,0.255732,0.183797,-172.005936,1.617300,-8.503663,-0.070550,0.994650,-0.074934,-0.008873
7774,0.003125,-0.556096,-9.840567,-0.944169,-0.133891,0.371252,-172.040970,1.616573,-8.513111,-0.070246,0.994666,-0.075013,-0.008883
7775,-0.000490,-0.557600,-9.829182,-0.647754,-0.195452,0.323717,-172.067810,1.623611,-8.523826,-0.070018,0.994674,-0.075108,-0.008956
7776,0.005165,-0.552591,-9.844274,-0.101037,-0.040308,0.216669,-172.080521,1.628745,-8.532208,-0.069912,0.994675,-0.075182,-0.009003
7777,-0.006666,-0.562773,-9.836632,-0.118829,0.156005,0.088262,-172.084335,1.627535,-8.537510,-0.069879,0.994674,-0.075227,-0.008992
7778,-0.001575,-0.571141,-9.832182,-0.118150,0.076083,-0.131696,-172.088272,1.623604,-8.537325,-0.069842,0.994677,-0.075223,-0.008961
7779,0.002145,-0.554140,-9.858062,0.424172,0.098456,-0.255529,-172.083008,1.619834,-8.531332,-0.069885,0.994679,-0.075169,-0.008928
7780,0.001721,-0.541460,-9.857738,0.627511,0.216975,-0.243551,-172.065262,1.613480,-8.523815,-0.070034,0.994674,-0.075102,-0.008866
7781,-0.026699,-0.553437,-9.844970,0.212822,0.135378,-0.413127,-172.050980,1.606151,-8.513782,-0.070153,0.994673,-0.075011,-0.008799
7782,-0.012869,-0.552620,-9.866050,0.400912,-0.465154,-0.347697,-172.040375,1.609841,-8.500459,-0.070246,0.994675,-0.074899,-0.008832
7783,-0.001534,-0.527990,-9.869999,0.581146,-0.644355,-0.297548,-172.023636,1.626663,-8.487242,-0.070401,0.994670,-0.074795,-0.008976
7784,-0.006994,-0.553201,-9.848470,0.086900,-0.487786,-0.464087,-172.012070,1.643587,-8.472043,-0.070511,0.994670,-0.074674,-0.009124
7785,-0.024520,-0.558319,-9.833110,0.212377,-0.447309,-0.497856,-172.006561,1.656792,-8.453994,-0.070566,0.994676,-0.074526,-0.009246
7786,-0.011132,-0.553943,-9.826250,0.459921,-0.364099,-0.559090,-171.994797,1.667733,-8.434660,-0.070673,0.994680,-0.074366,-0.009346
7787,-0.015991,-0.564523,-9.828121,0.007091,0.099157,-0.884320,-171.986298,1.668753,-8.410212,-0.070745,0.994690,-0.074155,-0.009364
7788,-0.015933,-0.560677,-9.827526,-0.117641,0.235846,-1.029489,-171.987244,1.658778,-8.379392,-0.070728,0.994712,-0.073881,-0.009297
7790,-0.013906,-0.563176,-9.824230,-0.147784,0.221472,-0.976289,-171.990753,1.646572,-8.347337,-0.070688,0.994737,-0.073595,-0.009213
7791,0.002023,-0.559342,-9.835639,-0.426661,0.268237,-1.023816,-171.999405,1.633848,-8.315450,-0.070602,0.994765,-0.073310,-0.009128
7792,0.001556,-0.543174,-9.835685,-0.359285,0.214371,-1.011842,-172.011581,1.621165,-8.282959,-0.070486,0.994796,-0.073020,-0.009046
7793,0.011082,-0.535103,-9.839266,-0.256966,0.178849,-0.951040,-172.020966,1.610131,-8.251458,-0.070395,0.994823,-0.072739,-0.008975
7794,0.004711,-0.529783,-9.843370,-0.409548,0.450033,-1.076401,-172.031174,1.595063,-8.219436,-0.070295,0.994852,-0.072451,-0.008870
7795,0.006903,-0.534613,-9.858021,-0.511763,0.470901,-1.001858,-172.045639,1.575065,-8.187245,-0.070154,0.994885,-0.072159,-0.008726
7796,-0.000126,-0.514135,-9.856147,-0.556078,0.395559,-0.907468,-172.062637,1.556364,-8.157715,-0.069993,0.994917,-0.071890,-0.008592
7797,0.016978,-0.542748,-9.867338,-1.340374,0.347707,-0.971783,-172.093445,1.539778,-8.128389,-0.069713,0.994956,-0.071623,-0.008485
7798,0.015281,-0.518383,-9.873451,-1.781253,0.383846,-0.853001,-172.144714,1.523532,-8.099924,-0.069256,0.995008,-0.071363,-0.008393
7799,0.028101,-0.513108,-9.869737,-2.170362,0.188085,-0.641141,-172.209961,1.510700,-8.076543,-0.068680,0.995064,-0.071147,-0.008337
7800,0.033326,-0.507147,-9.863631,-2.438857,0.166372,-0.584937,-172.286270,1.502092,-8.057082,-0.068011,0.995122,-0.070968,-0.008321
7801,0.034496,-0.498211,-9.870621,-2.685920,-0.010965,-0.606558,-172.371170,1.496875,-8.037742,-0.067269,0.995185,-0.070791,-0.008339
7802,0.037391,-0.488975,-9.872638,-2.510234,-0.389713,-0.590029,-172.457230,1.500862,-8.017082,-0.066523,0.995248,-0.070607,-0.008439
7803,0.027308,-0.497656,-9.871475,-1.717867,-0.501476,-0.605537,-172.527130,1.512983,-7.995375,-0.065921,0.995300,-0.070420,-0.008600
7804,0.012187,-0.487010,-9.855386,-0.328676,-0.555416,-0.602710,-172.560654,1.527835,-7.973114,-0.065637,0.995330,-0.070233,-0.008762
7805,0.014119,-0.499407,-9.869540,1.234613,-0.711653,-0.599874,-172.544937,1.546174,-7.950492,-0.065783,0.995332,-0.070048,-0.008925
7806,0.023202,-0.504308,-9.879727,2.752261,-0.715177,-1.115867,-172.477646,1.566023,-7.919030,-0.066377,0.995310,-0.069791,-0.009075
7807,0.017816,-0.499211,-9.851278,3.854760,-0.260850,-1.619658,-172.366226,1.576134,-7.871669,-0.067347,0.995272,-0.069394,-0.009122
7808,0.011969,-0.488235,-9.795979,4.126848,0.205642,-2.283661,-172.231430,1.568328,-7.807050,-0.068508,0.995232,-0.068839,-0.009012
7809,0.014819,-0.536140,-9.831243,3.289555,0.348620,-2.763033,-172.105591,1.547720,-7.724946,-0.069582,0.995209,-0.068124,-0.008807
7810,0.017075,-0.539382,-9.852041,2.359206,0.398516,-3.404166,-172.008774,1.521193,-7.624827,-0.070400,0.995213,-0.067246,-0.008580
7811,0.008231,-0.551409,-9.833255,1.535504,0.732128,-3.679070,-171.940857,1.486063,-7.510518,-0.070962,0.995243,-0.066237,-0.008306
7812,-0.005113,-0.553437,-9.837107,0.675083,0.784733,-3.520587,-171.901062,1.444177,-7.395226,-0.071276,0.995291,-0.065213,-0.007991
7813,0.004129,-0.572977,-9.877985,-0.182285,0.127656,-3.055388,-171.890198,1.413678,-7.288830,-0.071346,0.995348,-0.064271,-0.007786
7814,0.010843,-0.583368,-9.867596,-0.755691,-0.285249,-2.603938,-171.903519,1.402990,-7.195050,-0.071218,0.995411,-0.063449,-0.007759
7815,-0.000931,-0.543756,-9.828739,-0.825728,-0.278611,-1.946476,-171.928009,1.401633,-7.118618,-0.071000,0.995468,-0.062782,-0.007808
7816,0.013309,-0.550350,-9.811836,-0.973757,-0.395570,-0.895320,-171.956818,1.406121,-7.070133,-0.070748,0.995512,-0.062362,-0.007893
7817,0.019651,-0.555312,-9.840148,-0.650129,-0.475755,-0.071552,-171.983429,1.418252,-7.052141,-0.070522,0.995536,-0.062211,-0.008024
7818,0.020438,-0.569836,-9.838895,-0.250004,-0.273572,0.591984,-171.998611,1.431829,-7.058993,-0.070398,0.995540,-0.062278,-0.008146
7819,0.023088,-0.547311,-9.853962,-0.229848,-0.019450,0.799264,-172.007156,1.439892,-7.081282,-0.070330,0.995532,-0.062476,-0.008207
7820,0.033433,-0.577301,-9.860453,-0.884076,0.213428,0.713550,-172.026367,1.440193,-7.106708,-0.070165,0.995529,-0.062695,-0.008204
7821,0.032847,-0.563680,-9.875076,-1.390145,0.432653,0.374521,-172.064758,1.432037,-7.126165,-0.069828,0.995543,-0.062857,-0.008143
7822,0.033784,-0.577809,-9.850804,-2.379853,0.628981,-0.120153,-172.127747,1.415092,-7.132800,-0.069273,0.995581,-0.062900,-0.008026
7823,0.043226,-0.545657,-9.855529,-2.707306,0.861976,-0.590418,-172.212326,1.388858,-7.124449,-0.068523,0.995640,-0.062806,-0.007849
7824,0.045812,-0.515297,-9.831211,-2.487211,1.107212,-0.995065,-172.298386,1.352774,-7.102683,-0.067755,0.995708,-0.062590,-0.007596
7825,0.039059,-0.508008,-9.835689,-2.601346,1.257735,-1.108245,-172.382507,1.309035,-7.073188,-0.066998,0.995779,-0.062303,-0.007279
7826,0.031769,-0.522260,-9.840005,-2.641979,1.247834,-1.038294,-172.469223,1.262925,-7.043223,-0.066219,0.995852,-0.062011,-0.006943
7827,0.039285,-0.488696,-9.854167,-2.279699,1.080652,-1.033951,-172.550613,1.219946,-7.014031,-0.065487,0.995920,-0.061728,-0.006630
7828,0.032954,-0.482643,-9.853332,-2.215059,1.001872,-1.072320,-172.624893,1.180998,-6.983693,-0.064819,0.995984,-0.061439,-0.006349
7829,0.032360,-0.475548,-9.852274,-1.976363,0.852746,-0.692570,-172.694244,1.146582,-6.958461,-0.064197,0.996040,-0.061197,-0.006101
7830,0.048660,-0.461192,-9.840926,-1.388202,0.583096,-0.520354,-172.749985,1.120285,-6.941437,-0.063698,0.996084,-0.061031,-0.005911
7831,0.048329,-0.434454,-9.844248,-1.055011,0.311959,-0.528202,-172.790405,1.103286,-6.925976,-0.063337,0.996116,-0.060886,-0.005794
7832,0.051765,-0.430092,-9.845762,-0.691406,0.144554,-0.186608,-172.819305,1.094245,-6.915107,-0.063080,0.996139,-0.060785,-0.005736
7833,0.062926,-0.435955,-9.849282,-0.561172,0.018420,0.106145,-172.840164,1.091383,-6.914114,-0.062898,0.996152,-0.060774,-0.005723
7834,0.058380,-0.454540,-9.848357,-0.719102,-0.022229,0.005200,-172.861526,1.091678,-6.915948,-0.062712,0.996162,-0.060789,-0.005736
7835,0.045258,-0.434534,-9.847437,-0.507714,-0.041645,0.088909,-172.882004,1.092928,-6.917371,-0.062535,0.996172,-0.060801,-0.005757
7836,0.067829,-0.434584,-9.849799,-0.307100,-0.152546,0.135991,-172.895645,1.096604,-6.920692,-0.062418,0.996178,-0.060831,-0.005794
7837,0.067644,-0.443516,-9.861832,-0.252872,-0.051177,-0.125186,-172.904968,1.099996,-6.920451,-0.062339,0.996183,-0.060830,-0.005829
7838,0.058998,-0.444828,-9.859454,-0.030692,0.210358,-0.183408,-172.909607,1.096728,-6.915674,-0.062297,0.996188,-0.060787,-0.005806
7839,0.062014,-0.445243,-9.860362,0.220509,0.340624,-0.035625,-172.906403,1.087164,-6.913185,-0.062319,0.996189,-0.060760,-0.005722
7840,0.069710,-0.465221,-9.859092,-0.002702,0.344299,-0.081647,-172.902756,1.075595,-6.912655,-0.062345,0.996188,-0.060749,-0.005620
7841,0.056720,-0.472266,-9.865939,-0.115862,0.521865,-0.004067,-172.904739,1.061093,-6.913021,-0.062320,0.996191,-0.060745,-0.005495
7842,0.062684,-0.455204,-9.855387,-0.006310,0.652044,0.000279,-172.906830,1.041670,-6.915376,-0.062292,0.996193,-0.060755,-0.005326
7843,0.063074,-0.461453,-9.851268,-0.350027,0.739501,-0.077779,-172.912796,1.018495,-6.916955,-0.062228,0.996198,-0.060756,-0.005126
7844,0.067448,-0.463132,-9.853716,-0.716563,0.651459,-0.110061,-172.930557,0.995103,-6.916706,-0.062062,0.996210,-0.060740,-0.004933
7845,0.077760,-0.445831,-9.854292,-0.668133,0.568041,-0.178972,-172.953598,0.974340,-6.914421,-0.061850,0.996226,-0.060709,-0.004765
7846,0.078152,-0.443585,-9.850313,-0.848680,0.577727,-0.260098,-172.978790,0.954492,-6.909495,-0.061621,0.996244,-0.060654,-0.004609
7847,0.073690,-0.440998,-9.851003,-1.071929,0.472889,-0.193200,-173.010727,0.936191,-6.904132,-0.061334,0.996266,-0.060597,-0.004470
7848,0.080090,-0.428300,-9.850073,-1.014445,0.220003,-0.251425,-173.045395,0.923828,-6.898177,-0.061025,0.996289,-0.060537,-0.004384
7849,0.085421,-0.410714,-9.846161,-0.998297,0.101446,-0.303551,-173.078796,0.917393,-6.889639,-0.060731,0.996312,-0.060458,-0.004350
7850,0.078445,-0.417887,-9.854344,-0.956200,0.100348,-0.053540,-173.111282,0.913338,-6.884135,-0.060447,0.996332,-0.060407,-0.004335
7851,0.069963,-0.419449,-9.854856,-0.799515,-0.061096,0.043893,-173.140549,0.912670,-6.884054,-0.060192,0.996348,-0.060405,-0.004344
7852,0.074970,-0.437199,-9.860628,-0.731121,-0.193578,0.046720,-173.166077,0.917065,-6.885047,-0.059972,0.996360,-0.060415,-0.004395
7853,0.078901,-0.434801,-9.861285,-0.543526,-0.200867,-0.000818,-173.187317,0.923683,-6.885025,-0.059791,0.996371,-0.060417,-0.004464
7854,0.079398,-0.430060,-9.850202,-0.209432,-0.145547,0.027936,-173.199860,0.929470,-6.884790,-0.059685,0.996377,-0.060417,-0.004521
7855,0.068400,-0.440166,-9.850739,-0.218587,-0.000255,-0.120307,-173.206970,0.931700,-6.882973,-0.059624,0.996381,-0.060403,-0.004545
7856,0.061932,-0.453584,-9.854682,-0.233654,0.184594,-0.192244,-173.214432,0.928034,-6.878164,-0.059557,0.996388,-0.060359,-0.004520
7857,0.046031,-0.436163,-9.849588,-0.236524,0.178538,-0.177182,-173.222183,0.921297,-6.872764,-0.059486,0.996396,-0.060308,-0.004468
7858,0.047088,-0.427580,-9.856698,-0.654614,-0.170970,0.056104,-173.237000,0.920934,-6.870775,-0.059357,0.996405,-0.060290,-0.004474
7859,0.040309,-0.478711,-9.894420,-1.499644,-0.436604,0.419094,-173.273010,0.931920,-6.877450,-0.059050,0.996418,-0.060352,-0.004585
7860,0.047167,-0.481020,-9.876817,-1.651460,-0.505380,0.554715,-173.325760,0.949407,-6.891741,-0.058601,0.996436,-0.060483,-0.004757
7861,0.058053,-0.441789,-9.837909,-1.409724,-0.512955,0.395819,-173.377014,0.968099,-6.905512,-0.058165,0.996453,-0.060610,-0.004940
7862,0.048259,-0.577055,-9.798246,-3.118792,0.866593,-0.620661,-173.452438,0.961814,-6.902465,-0.057506,0.996494,-0.060577,-0.004927
7863,0.044035,-0.540245,-9.747918,-3.059931,1.284724,-1.093913,-173.555023,0.922952,-6.878132,-0.056593,0.996561,-0.060342,-0.004655
7864,0.039374,-0.508263,-9.721326,-2.777007,1.373137,-1.692272,-173.651657,0.873753,-6.836920,-0.055725,0.996635,-0.059956,-0.004298
7865,0.003318,-0.450763,-9.755492,-2.651662,1.395529,-2.238699,-173.741241,0.820690,-6.776862,-0.054917,0.996715,-0.059405,-0.003912
7866,-0.018034,-0.446370,-9.835663,-3.118636,1.547078,-2.072458,-173.836502,0.764156,-6.710731,-0.054057,0.996799,-0.058801,-0.003501
7867,0.003133,-0.317238,-9.885106,-1.471454,0.839395,-0.819739,-173.912430,0.719468,-6.667043,-0.053373,0.996861,-0.058398,-0.003171
7868,0.026763,-0.367948,-9.929025,-1.318533,1.378588,-0.209456,-173.958771,0.680898,-6.653891,-0.052950,0.996892,-0.058264,-0.002866
7869,0.053537,-0.362544,-9.877700,-0.820273,2.256796,0.158167,-173.994492,0.620555,-6.659401,-0.052609,0.996910,-0.058284,-0.002356
7870,0.112647,-0.379688,-9.827181,-0.832981,2.313030,0.611179,-174.022247,0.546147,-6.680110,-0.052330,0.996918,-0.058430,-0.001714
7871,0.139206,-0.392332,-9.776541,-0.956758,1.834124,0.699433,-174.052338,0.479672,-6.709016,-0.052035,0.996921,-0.058651,-0.001137
7872,0.141199,-0.401405,-9.781304,-1.307655,1.004291,0.459598,-174.090271,0.434613,-6.733115,-0.051682,0.996928,-0.058840,-0.000754
7873,0.119274,-0.351026,-9.790133,-1.313912,0.259623,0.022943,-174.134048,0.414483,-6.743272,-0.051291,0.996944,-0.058920,-0.000597
7874,0.101234,-0.326260,-9.844986,-1.767728,-0.509834,0.007481,-174.185410,0.418681,-6.743349,-0.050847,0.996967,-0.058922,-0.000660
7875,0.092122,-0.334297,-9.922134,-2.424529,-0.708822,0.205675,-174.255280,0.439246,-6.744835,-0.050249,0.996995,-0.058943,-0.000874
7876,0.111239,-0.349277,-9.919703,-2.360793,0.001738,0.367238,-174.335114,0.451923,-6.753165,-0.049561,0.997025,-0.059021,-0.001022
7877,0.117624,-0.282531,-9.861059,-1.734164,0.628604,0.392978,-174.403458,0.442712,-6.766810,-0.048962,0.997048,-0.059135,-0.000971
7878,0.126528,-0.305437,-9.848914,-1.905708,0.472789,0.960416,-174.464310,0.426631,-6.791045,-0.048424,0.997062,-0.059338,-0.000852
7879,0.135099,-0.327845,-9.881845,-2.134753,0.130905,1.172300,-174.531921,0.420026,-6.827389,-0.047833,0.997072,-0.059651,-0.000814
7880,0.121229,-0.322865,-9.863791,-1.840123,0.182642,1.086635,-174.598450,0.418390,-6.865365,-0.047254,0.997080,-0.059981,-0.000819
7881,0.102167,-0.282077,-9.887609,-1.928665,-0.083261,1.026938,-174.661514,0.420038,-6.900592,-0.046706,0.997087,-0.060287,-0.000852
7882,0.100345,-0.312734,-9.923360,-2.494747,-0.126535,1.193096,-174.735519,0.426938,-6.937111,-0.046066,0.997098,-0.060607,-0.000936
7883,0.079027,-0.403877,-9.798935,-2.704211,0.370219,0.835871,-174.822418,0.425970,-6.971157,-0.045309,0.997114,-0.060902,-0.000961
7884,0.119383,-0.244794,-9.827977,-3.249650,-0.977718,-0.632237,-174.921661,0.436355,-6.973635,-0.044451,0.997151,-0.060927,-0.001103
7885,0.148059,-0.289808,-9.869889,-3.194488,-1.124246,0.009975,-175.028961,0.470333,-6.960227,-0.043535,0.997198,-0.060822,-0.001461
7886,0.114194,-0.277646,-9.818113,-2.740561,-1.047971,-0.226742,-175.127823,0.506098,-6.953519,-0.042694,0.997236,-0.060776,-0.001827
7887,0.075598,-0.274389,-9.778934,-2.722886,-1.887681,-0.582437,-175.218719,0.553715,-6.935962,-0.041928,0.997276,-0.060639,-0.002296
7888,0.102779,-0.171459,-9.965701,-2.921601,-3.140094,-0.837367,-175.312469,0.635270,-6.905456,-0.041154,0.997321,-0.060400,-0.003066
7889,0.044724,-0.276858,-9.899750,-2.041263,-1.490264,0.184918,-175.394989,0.711306,-6.888359,-0.040475,0.997354,-0.060275,-0.003778
7890,0.001298,-0.204494,-9.816716,-2.330151,-1.573701,-0.839046,-175.467651,0.761347,-6.873426,-0.039868,0.997383,-0.060160,-0.004256
7891,0.009967,-0.194926,-9.803447,-3.282605,-2.626706,-1.170204,-175.560654,0.828515,-6.834564,-0.039092,0.997430,-0.059841,-0.004903
7893,0.058212,-0.142443,-10.056473,-4.782398,-3.383854,-1.576135,-175.694260,0.924909,-6.781278,-0.037976,0.997494,-0.059402,-0.005830
7894,0.001271,-0.026888,-9.950769,-5.722647,-1.884089,-1.629569,-175.868332,1.008541,-6.721531,-0.036500,0.997574,-0.058899,-0.006667
7895,-0.023593,-0.015082,-9.941970,-7.497837,-1.847865,-1.232826,-176.087738,1.067246,-6.669597,-0.034616,0.997663,-0.058451,-0.007307
7896,-0.051875,0.047834,-9.954679,-8.586384,-1.747652,-0.855901,-176.355072,1.124759,-6.630912,-0.032315,0.997755,-0.058113,-0.007955
7897,-0.057101,0.106137,-10.025284,-9.688793,-1.008124,-0.111212,-176.659271,1.169632,-6.612028,-0.029688,0.997842,-0.057938,-0.008505
7898,-0.106167,0.119858,-9.840150,-10.241776,0.689550,0.688425,-176.991638,1.175485,-6.621360,-0.026797,0.997919,-0.057996,-0.008721
7899,-0.098017,0.089958,-9.878252,-10.846189,0.699429,1.034866,-177.343704,1.153804,-6.651236,-0.023722,0.997984,-0.058225,-0.008704
7900,-0.088397,0.187335,-9.893005,-10.698138,1.025234,1.010505,-177.703476,1.126567,-6.686542,-0.020578,0.998038,-0.058500,-0.008644
7901,-0.070360,0.240475,-9.882197,-10.748556,1.512854,1.329479,-178.061691,1.085736,-6.727093,-0.017440,0.998080,-0.058820,-0.008465
7902,-0.071585,0.286008,-9.857864,-10.991154,1.840270,1.297491,-178.424866,1.031228,-6.772590,-0.014252,0.998112,-0.059183,-0.008171
7903,-0.067897,0.355215,-9.840124,-10.891912,1.688493,1.587475,-178.790436,0.973600,-6.822101,-0.011042,0.998131,-0.059583,-0.007853
7904,-0.069767,0.430692,-9.859735,-11.467202,1.358119,1.940026,-179.164078,0.923890,-6.881793,-0.007765,0.998135,-0.060074,-0.007610
7905,-0.065015,0.471201,-9.854803,-12.716907,0.969703,2.323096,-179.568268,0.885888,-6.953268,-0.004229,0.998121,-0.060668,-0.007488
7906,-0.063259,0.518068,-9.864761,-13.414054,0.631613,2.744313,179.994919,0.859520,-7.037816,-0.000416,0.998087,-0.061376,-0.007489
7907,-0.052949,0.600158,-9.853559,-13.699146,0.330148,2.997680,179.541626,0.843113,-7.133447,0.003535,0.998030,-0.062179,-0.007592
7908,-0.050435,0.699905,-9.825669,-14.265120,0.117204,2.771912,179.074158,0.834503,-7.229508,0.007604,0.997955,-0.062985,-0.007777
7909,-0.052788,0.767979,-9.820447,-14.797560,0.108720,2.541570,178.588501,0.828920,-7.317970,0.011830,0.997865,-0.063723,-0.008004
7910,-0.066049,0.866591,-9.828992,-14.892069,0.054390,2.108284,178.092560,0.823947,-7.395360,0.016146,0.997762,-0.064362,-0.008248
7911,-0.069667,0.954844,-9.813839,-16.184494,-0.242629,1.327091,177.573807,0.824902,-7.452698,0.020658,0.997646,-0.064823,-0.008558
7912,-0.085832,1.035614,-9.802511,-17.785145,-0.419176,0.710701,177.007156,0.834279,-7.487134,0.025583,0.997512,-0.065077,-0.008967
7913,-0.047589,1.095578,-9.803283,-19.143003,-0.864199,0.394924,176.391418,0.854543,-7.506756,0.030929,0.997348,-0.065193,-0.009499
7914,-0.035273,1.176971,-9.797585,-20.070326,-1.611155,-0.178720,175.737778,0.895438,-7.513164,0.036594,0.997150,-0.065180,-0.010228
7915,-0.041561,1.304259,-9.768112,-20.347580,-1.831607,-0.975134,175.064407,0.954148,-7.498561,0.042420,0.996923,-0.064970,-0.011116
7916,-0.065204,1.455591,-9.764797,-20.846279,-1.659945,-1.408366,174.378464,1.015708,-7.464340,0.048355,0.996668,-0.064578,-0.012026
7917,-0.072666,1.550882,-9.764672,-22.214792,-1.593611,-1.641692,173.661621,1.074911,-7.419434,0.054560,0.996368,-0.064082,-0.012923
7918,-0.128889,1.674940,-9.778394,-23.596939,-1.335165,-1.925379,172.899155,1.130334,-7.366105,0.061164,0.996010,-0.063501,-0.013802
7919,-0.155856,1.851337,-9.742783,-24.477219,-0.785496,-1.821490,172.099106,1.173513,-7.308815,0.068099,0.995588,-0.062879,-0.014586
7920,-0.167294,1.967081,-9.719159,-26.239578,-0.231329,-1.131649,171.254822,1.197409,-7.262594,0.075425,0.995084,-0.062353,-0.015226
7921,-0.167505,2.064507,-9.682637,-27.447803,-0.032705,-0.202233,170.360535,1.205346,-7.241394,0.083187,0.994476,-0.062042,-0.015766
7922,-0.186165,2.213536,-9.622108,-27.474817,0.034637,0.896553,169.444977,1.203345,-7.252807,0.091129,0.993773,-0.062015,-0.016253
7923,-0.189588,2.390011,-9.555944,-27.518736,0.088166,1.848843,168.527557,1.192666,-7.297355,0.099082,0.992988,-0.062278,-0.016695
7924,-0.191196,2.526980,-9.519540,-28.974186,0.159975,2.062582,167.584763,1.175191,-7.360303,0.107248,0.992106,-0.062700,-0.017114
7925,-0.190198,2.679964,-9.479871,-29.683390,-0.122250,2.163397,166.605820,1.158856,-7.428831,0.115719,0.991116,-0.063161,-0.017577
7926,-0.199353,2.798813,-9.434162,-29.316648,-0.100866,2.335916,165.621078,1.144478,-7.502509,0.124228,0.990045,-0.063660,-0.018075
7927,-0.185341,2.971140,-9.427320,-28.687284,-0.329735,1.824817,164.653061,1.133642,-7.571387,0.132582,0.988921,-0.064112,-0.018598
7928,-0.191362,3.127377,-9.369229,-27.519264,-1.001107,1.235898,163.715256,1.141053,-7.626495,0.140657,0.987773,-0.064424,-0.019254
7929,-0.204645,3.246287,-9.336850,-25.771246,-1.516904,1.521313,162.826004,1.167993,-7.682534,0.148293,0.986620,-0.064720,-0.020058
7930,-0.223963,3.366491,-9.302897,-24.787476,-2.139607,1.821957,161.981934,1.209271,-7.754052,0.155518,0.985460,-0.065129,-0.020986
7931,-0.232588,3.555603,-9.263126,-24.380560,-3.049239,1.449651,161.160797,1.274110,-7.833102,0.162522,0.984276,-0.065563,-0.022121
7932,-0.258002,3.681001,-9.201460,-24.886301,-3.528615,0.988827,160.338013,1.364205,-7.907572,0.169515,0.983041,-0.065907,-0.023474
7933,-0.290498,3.810776,-9.160658,-25.913876,-3.240558,0.900294,159.489700,1.459325,-7.975872,0.176715,0.981720,-0.066168,-0.024881
7934,-0.310861,3.958397,-9.096903,-26.564571,-3.445446,1.235942,158.613190,1.550640,-8.049003,0.184146,0.980298,-0.066453,-0.026285
7935,-0.321666,4.118179,-9.034570,-26.928511,-3.754096,0.013626,157.719910,1.654293,-8.112981,0.191702,0.978795,-0.066618,-0.027795
7936,-0.341018,4.246320,-8.946409,-28.047850,-3.661418,-1.507767,156.802948,1.777828,-8.137748,0.199444,0.977215,-0.066387,-0.029423
7937,-0.376833,4.360586,-8.849959,-28.405697,-3.422315,-1.971720,155.862289,1.909131,-8.132000,0.207377,0.975547,-0.065854,-0.031074
7938,-0.403572,4.483074,-8.750834,-29.086967,-3.283994,-2.277009,154.904755,2.040194,-8.114178,0.215443,0.973789,-0.065192,-0.032703
7939,-0.438367,4.630792,-8.683846,-29.975721,-3.023657,-4.375289,153.922470,2.182859,-8.059555,0.223708,0.971935,-0.064164,-0.034363
7940,-0.473957,4.751251,-8.618135,-30.900976,-2.510091,-4.447183,152.911484,2.330984,-7.969225,0.232208,0.969970,-0.062790,-0.035997
7941,-0.527022,4.916792,-8.565619,-31.174528,-2.294199,-3.067990,151.880066,2.459949,-7.895316,0.240872,0.967876,-0.061565,-0.037494
7942,-0.545655,5.093319,-8.500455,-32.516243,-2.723839,-2.059635,150.820175,2.574390,-7.860455,0.249753,0.965622,-0.060669,-0.038950
7943,-0.553637,5.235843,-8.416942,-33.049171,-3.064916,-1.298461,149.727585,2.686000,-7.859713,0.258879,0.963193,-0.060034,-0.040462
7944,-0.581189,5.381596,-8.300412,-33.224964,-2.943627,0.285179,148.621368,2.780704,-7.896577,0.268091,0.960626,-0.059725,-0.041919
7945,-0.608641,5.507826,-8.179859,-34.168209,-2.547736,0.669387,147.495224,2.850045,-7.958643,0.277451,0.957910,-0.059659,-0.043233
7946,-0.606702,5.632581,-8.050816,-33.394657,-2.666078,0.676673,146.365967,2.910621,-8.024984,0.286813,0.955093,-0.059630,-0.044490
7947,-0.611182,5.764123,-7.932508,-29.794964,-2.602776,-0.289569,145.310104,2.979661,-8.079687,0.295534,0.952380,-0.059492,-0.045751
7948,-0.620328,5.877192,-7.830390,-27.199162,-2.135075,-1.235981,144.358978,3.058802,-8.104357,0.303367,0.949879,-0.059103,-0.046964
7949,-0.619779,5.986002,-7.731461,-25.012140,-1.357556,-1.385844,143.488907,3.131509,-8.103288,0.310523,0.947546,-0.058536,-0.048009
7950,-0.644249,6.099695,-7.648421,-22.635818,-0.572397,-0.693406,142.695282,3.177999,-8.094903,0.317051,0.945376,-0.058003,-0.048773
7951,-0.663924,6.196888,-7.608516,-21.991266,0.488900,-0.867754,141.952637,3.195005,-8.075184,0.323168,0.943311,-0.057475,-0.049232
7952,-0.669721,6.294937,-7.567517,-23.310358,1.606639,-0.593522,141.199890,3.182735,-8.034373,0.329383,0.941188,-0.056851,-0.049391
7953,-0.662912,6.396225,-7.462914,-25.468674,2.573326,-0.075146,140.389862,3.135775,-7.981681,0.336081,0.938863,-0.056208,-0.049253
7954,-0.657658,6.508981,-7.378609,-29.284206,4.359444,1.003239,139.480728,3.037390,-7.919117,0.343610,0.936199,-0.055602,-0.048707
7955,-0.643526,6.655596,-7.303260,-33.157738,5.771712,1.933592,138.443924,2.877901,-7.845195,0.352200,0.933087,-0.055052,-0.047684
7956,-0.601175,6.794404,-7.172311,-35.357384,5.714564,1.927046,137.306030,2.692779,-7.764507,0.361598,0.929578,-0.054510,-0.046474
7957,-0.551526,6.921571,-6.977457,-36.455479,5.620879,1.751183,136.113144,2.513266,-7.679475,0.371400,0.925797,-0.053923,-0.045315
7958,-0.523803,7.064321,-6.858833,-37.362862,6.398543,2.617539,134.886734,2.319380,-7.590901,0.381440,0.921800,-0.053372,-0.044037
7959,-0.485004,7.205930,-6.733860,-34.264545,4.864459,2.363856,133.696045,2.128908,-7.514557,0.391139,0.917809,-0.052954,-0.042804
7960,-0.441354,7.291662,-6.556611,-27.990633,1.683955,0.562901,132.660248,2.018734,-7.468258,0.399501,0.914248,-0.052581,-0.042242
7961,-0.448825,7.381131,-6.387890,-24.689199,1.074599,0.525848,131.783096,1.974468,-7.446181,0.406521,0.911169,-0.052239,-0.042213
7962,-0.479098,7.444801,-6.336411,-24.471445,1.826222,1.428571,130.964294,1.918095,-7.431407,0.413060,0.908242,-0.052023,-0.042086
7963,-0.504824,7.507000,-6.291352,-22.325951,0.502437,1.276664,130.184372,1.858609,-7.431324,0.419266,0.905404,-0.051953,-0.041969
7964,-0.491067,7.575194,-6.127499,-20.319218,-1.288345,1.045301,129.472534,1.837332,-7.466141,0.424881,0.902764,-0.052045,-0.042252
7965,-0.478206,7.696104,-5.995598,-21.918587,0.074990,1.857697,128.767136,1.812625,-7.512316,0.430427,0.900107,-0.052240,-0.042552
7966,-0.458604,7.748350,-5.933064,-23.432573,1.565046,2.224585,128.010666,1.742291,-7.533223,0.436392,0.897227,-0.052391,-0.042425
7967,-0.439782,7.853146,-5.842349,-21.522268,1.211854,2.254299,127.261192,1.654865,-7.542216,0.442298,0.894338,-0.052521,-0.042120
7968,-0.418902,7.951849,-5.712780,-19.250467,0.855649,1.353231,126.581436,1.586118,-7.550791,0.447631,0.891684,-0.052606,-0.041930
7969,-0.444956,7.988072,-5.720689,-21.116732,2.536506,1.201290,125.909233,1.518347,-7.530327,0.452900,0.889042,-0.052470,-0.041631
7970,-0.427422,8.063469,-5.653788,-22.266903,2.821100,1.656565,125.187355,1.427615,-7.485387,0.458558,0.886177,-0.052223,-0.041080
7971,-0.409791,8.154310,-5.558121,-21.619497,1.798010,1.261918,124.456802,1.343732,-7.449975,0.464258,0.883237,-0.052028,-0.040623
7972,-0.399891,8.243823,-5.431262,-22.739244,1.385298,0.905406,123.718071,1.284116,-7.426232,0.469983,0.880226,-0.051828,-0.040402
7973,-0.382594,8.321588,-5.290141,-26.550947,2.397814,1.787945,122.897217,1.211990,-7.398149,0.476325,0.876836,-0.051623,-0.040104
7974,-0.320113,8.457201,-5.121222,-28.869156,3.410451,2.388357,121.974495,1.101316,-7.353831,0.483445,0.872970,-0.051428,-0.039489
7975,-0.307283,8.468257,-5.021601,-29.118235,3.756358,1.826135,121.009300,0.979005,-7.288716,0.490867,0.868871,-0.051125,-0.038715
7976,-0.290487,8.523484,-4.873329,-29.614233,4.369298,2.353374,120.031799,0.850193,-7.207400,0.498354,0.864661,-0.050741,-0.037825
7977,-0.272525,8.584122,-4.753726,-29.067865,5.061586,3.243741,119.055061,0.691531,-7.116702,0.505815,0.860386,-0.050437,-0.036665
7978,-0.254838,8.681410,-4.668558,-25.611269,4.467516,3.303954,118.144730,0.519692,-7.029590,0.512745,0.856338,-0.050263,-0.035391
7979,-0.264459,8.702112,-4.576235,-22.331274,3.043280,2.945898,117.346222,0.369252,-6.967326,0.518789,0.852734,-0.050233,-0.034340
7980,-0.258183,8.795266,-4.468127,-21.213282,2.255274,3.529139,116.620651,0.233070,-6.937577,0.524250,0.849410,-0.050417,-0.033512
7981,-0.240339,8.858210,-4.385165,-19.814445,1.281082,3.500397,115.936882,0.101980,-6.936621,0.529369,0.846232,-0.050815,-0.032840
7982,-0.217753,8.899077,-4.276157,-18.240038,0.131416,2.455364,115.302635,0.002344,-6.958305,0.534083,0.843251,-0.051257,-0.032488
7983,-0.214062,8.936155,-4.158084,-18.344189,-0.206462,1.622381,114.692932,-0.058690,-6.988104,0.538581,0.840367,-0.051588,-0.032453
7984,-0.204251,9.018309,-4.068686,-17.899092,-0.408540,0.386500,114.088921,-0.084951,-7.011223,0.543008,0.837498,-0.051710,-0.032642
7985,-0.214168,9.049319,-3.982778,-16.872612,-0.578579,-1.201923,113.509422,-0.065891,-7.020739,0.547225,0.834743,-0.051523,-0.033087
7986,-0.243495,9.080650,-3.897827,-17.060680,-0.846322,-2.367807,112.943878,-0.001873,-7.019033,0.551310,0.832052,-0.051038,-0.033798
7987,-0.255688,9.103931,-3.795675,-17.045792,-0.807378,-2.798296,112.375458,0.088191,-7.011249,0.555393,0.829337,-0.050377,-0.034665
7988,-0.259230,9.090031,-3.708704,-17.392483,0.122735,-2.767929,111.801559,0.178432,-6.986921,0.559507,0.826581,-0.049587,-0.035449
7990,-0.258648,9.097167,-3.586641,-20.984802,2.351462,-0.021337,111.162125,0.206553,-6.931544,0.564115,0.823478,-0.048852,-0.035654
7991,-0.219986,9.162437,-3.409315,-23.867922,3.602164,1.754961,110.414841,0.144287,-6.849199,0.569526,0.819799,-0.048338,-0.035117
7992,-0.173454,9.223716,-3.259070,-25.887789,4.804156,2.814339,109.585770,0.024799,-6.743698,0.575525,0.815666,-0.047932,-0.034086
7993,-0.137130,9.270186,-3.118254,-27.961214,5.568290,3.867785,108.688210,-0.137109,-6.616962,0.582000,0.811137,-0.047589,-0.032671
7994,-0.090332,9.354692,-2.942030,-28.522617,5.073595,4.449836,107.746368,-0.324227,-6.491892,0.588756,0.806321,-0.047400,-0.031101
7995,-0.067004,9.394933,-2.757212,-26.105661,3.558089,2.889518,106.835243,-0.483717,-6.390917,0.595235,0.801605,-0.047273,-0.029837
7996,-0.055397,9.430308,-2.654777,-24.315792,2.973387,2.420146,105.994202,-0.599308,-6.311406,0.601165,0.797210,-0.047105,-0.028961
7997,-0.037542,9.487759,-2.541435,-21.803913,2.373423,2.387124,105.224854,-0.700430,-6.247117,0.606555,0.793149,-0.046999,-0.028236
7998,-0.042096,9.555702,-2.430694,-20.556925,2.013021,2.270088,104.518204,-0.794189,-6.196386,0.611479,0.789383,-0.046975,-0.027609
7999,-0.044667,9.586026,-2.346460,-20.954737,1.982197,2.209367,103.825699,-0.882861,-6.150099,0.616278,0.785662,-0.046966,-0.027035
8000,-0.029038,9.640521,-2.216763,-22.026962,1.899489,2.397303,103.108635,-0.972587,-6.105053,0.621222,0.781778,-0.046975,-0.026471
8001,-0.096078,9.700131,-2.044113,-24.245436,1.699240,3.407418,102.336784,-1.080151,-6.067852,0.626516,0.777553,-0.047130,-0.025853
8002,-0.047075,9.771135,-1.823594,-28.272688,1.685143,4.328841,101.460960,-1.217911,-6.039274,0.632488,0.772704,-0.047498,-0.025125
8003,-0.005641,9.742477,-1.655156,-31.567869,2.179251,5.012383,100.462921,-1.382970,-6.005660,0.639249,0.767119,-0.047972,-0.024244
8004,0.036837,9.753215,-1.481248,-31.304638,2.027947,5.142119,99.414116,-1.561774,-5.965809,0.646301,0.761185,-0.048490,-0.023269
8005,0.062063,9.784307,-1.362650,-28.613447,1.412796,4.463140,98.414650,-1.728785,-5.933964,0.652965,0.755468,-0.049025,-0.022407
8006,0.159838,9.786422,-1.242307,-26.091232,1.022010,3.154180,97.502251,-1.860093,-5.911321,0.658996,0.750202,-0.049451,-0.021805
8007,0.143039,9.736239,-1.165012,-22.927622,0.876925,2.074215,96.684654,-1.950457,-5.890601,0.664358,0.745453,-0.049682,-0.021449
8008,0.154842,9.808516,-1.028316,-20.369509,0.499891,1.239770,95.962471,-2.007881,-5.873823,0.669059,0.741235,-0.049772,-0.021291
8009,0.150918,9.838656,-0.950011,-21.169809,0.713394,1.120915,95.269623,-2.049002,-5.857506,0.673541,0.737166,-0.049778,-0.021231
8010,0.160879,9.882656,-0.824369,-23.099171,0.858240,1.426223,94.531006,-2.093544,-5.835012,0.678292,0.732801,-0.049760,-0.021133
8011,0.165718,9.899958,-0.691287,-24.590651,0.752854,1.046386,93.735329,-2.136584,-5.811196,0.683378,0.728066,-0.049717,-0.021062
8012,0.165822,9.902982,-0.556691,-27.345604,0.963353,0.550542,92.868767,-2.164793,-5.784130,0.688875,0.722877,-0.049554,-0.021096
8013,0.174543,9.882307,-0.405736,-30.799416,1.407338,0.790181,91.898285,-2.188770,-5.745521,0.694984,0.717023,-0.049278,-0.021131
8014,0.187782,9.875207,-0.189057,-32.518433,1.770480,1.289276,90.841057,-2.224701,-5.693378,0.701586,0.710588,-0.048977,-0.021042
8015,0.204725,9.824662,-0.004504,-33.044361,1.929183,1.377975,89.746040,-2.269487,-5.631939,0.708364,0.703858,-0.048672,-0.020854
8016,0.216219,9.796522,0.186887,-32.901955,1.944476,2.019116,88.644432,-2.325197,-5.566550,0.715119,0.697020,-0.048419,-0.020573
8017,0.234715,9.816343,0.360700,-30.760548,1.692755,2.472617,87.580887,-2.398018,-5.503502,0.721581,0.690348,-0.048304,-0.020185
8018,0.241431,9.867394,0.488315,-27.608713,1.140440,1.357472,86.606010,-2.459362,-5.453113,0.727446,0.684179,-0.048218,-0.019908
8019,0.247291,9.847410,0.645964,-25.097523,0.453858,-0.445907,85.726456,-2.472710,-5.425499,0.732682,0.678582,-0.047986,-0.020022
8020,0.221078,9.789572,0.803722,-23.598026,0.313587,-1.077488,84.914452,-2.446315,-5.414705,0.737471,0.673389,-0.047609,-0.020447
8021,0.216295,9.770757,0.907191,-23.816631,0.443429,-1.043865,84.123848,-2.409906,-5.405476,0.742096,0.668304,-0.047178,-0.020928
8022,0.210981,9.749935,1.041865,-24.357084,0.330662,-1.196400,83.320641,-2.371392,-5.396729,0.746758,0.663106,-0.046729,-0.021425
8023,0.205562,9.698707,1.206131,-25.221155,0.101950,-0.848417,82.494247,-2.336677,-5.393774,0.751517,0.657720,-0.046329,-0.021942
8024,0.195107,9.720662,1.313860,-26.907675,0.009067,0.058045,81.625488,-2.323364,-5.393785,0.756480,0.652009,-0.046074,-0.022368
8025,0.209218,9.789905,1.460004,-29.039579,-0.262342,0.866883,80.693169,-2.339247,-5.395648,0.761761,0.645825,-0.046006,-0.022665
8026,0.217419,9.788601,1.602830,-29.143404,-0.533744,0.323824,79.723923,-2.361049,-5.405409,0.767197,0.639346,-0.046013,-0.022997
8027,0.220934,9.766756,1.767190,-28.565065,-0.771558,-0.020846,78.763046,-2.370044,-5.425822,0.772528,0.632878,-0.045992,-0.023469
8028,0.226701,9.718726,1.925505,-28.726780,-1.387783,0.601940,77.809624,-2.386810,-5.459101,0.777762,0.626408,-0.046090,-0.023985
8029,0.222249,9.690744,2.065754,-28.395535,-2.103172,0.962261,76.859810,-2.424968,-5.510245,0.782921,0.619902,-0.046427,-0.024509
8030,0.232965,9.679029,2.227811,-27.366854,-2.463001,0.008751,75.933495,-2.458550,-5.580502,0.787895,0.613510,-0.046834,-0.025186
8031,0.229665,9.636122,2.360765,-26.701254,-2.432168,0.593358,75.035721,-2.488667,-5.656980,0.792663,0.607273,-0.047249,-0.025921
8032,0.238739,9.576966,2.516757,-27.386055,-2.343328,2.362073,74.137123,-2.557310,-5.720712,0.797393,0.600981,-0.047855,-0.026374
8033,0.250804,9.548441,2.616698,-28.392681,-1.872996,2.870393,73.209518,-2.660789,-5.763782,0.802233,0.594440,-0.048587,-0.026523
8034,0.280216,9.479753,2.819354,-28.746220,-1.355352,3.282626,72.258263,-2.774723,-5.784762,0.807145,0.587697,-0.049274,-0.026487
8035,0.301175,9.392093,2.994185,-29.512051,-1.019274,4.407526,71.287254,-2.908872,-5.782274,0.812107,0.580772,-0.049984,-0.026204
8036,0.314716,9.308968,3.189116,-31.103680,-1.166873,4.186546,70.276421,-3.056152,-5.769575,0.817212,0.573519,-0.050735,-0.025813
8037,0.333243,9.217977,3.258832,-32.516651,-2.220841,2.892799,69.216835,-3.186360,-5.781690,0.822484,0.565869,-0.051487,-0.025722
8038,0.379309,9.186140,3.527378,-32.127522,-3.355680,2.813756,68.142471,-3.308629,-5.833693,0.827747,0.558047,-0.052379,-0.025982
8039,0.391059,9.154181,3.704443,-32.248322,-3.678704,2.910244,67.073883,-3.441396,-5.905900,0.832902,0.550203,-0.053444,-0.026353
8040,0.407919,9.088411,3.807690,-31.727964,-3.611061,1.924803,66.012573,-3.563649,-5.985435,0.837946,0.542364,-0.054466,-0.026847
8041,0.470945,9.096218,3.938355,-30.447233,-3.288644,2.244137,64.981194,-3.674526,-6.061333,0.842777,0.534704,-0.055390,-0.027374
8042,0.508310,9.087252,4.205967,-29.256536,-2.012579,3.300674,63.988834,-3.795998,-6.101365,0.847367,0.527301,-0.056232,-0.027587
8043,0.485013,8.986793,4.284346,-27.675240,-0.708986,2.608417,63.039848,-3.904479,-6.098073,0.851705,0.520207,-0.056791,-0.027532
8044,0.508467,8.871617,4.377586,-27.939991,0.115517,1.139353,62.111618,-3.964530,-6.077965,0.855895,0.513268,-0.056923,-0.027570
8045,0.518112,8.793410,4.469405,-28.262466,0.561577,1.448017,61.172863,-3.997118,-6.047367,0.860077,0.506236,-0.056804,-0.027661
8046,0.492588,8.681158,4.632846,-26.723286,1.146563,-0.152335,60.254025,-4.002061,-6.011892,0.864117,0.499339,-0.056463,-0.027827
8047,0.492568,8.588877,4.752720,-26.888657,1.803343,-2.913998,59.359375,-3.933151,-5.994948,0.867996,0.492623,-0.055651,-0.028436
8048,0.492292,8.611264,4.877865,-29.010038,2.174767,-2.678717,58.427204,-3.819041,-5.986142,0.871981,0.485612,-0.054514,-0.029308
8049,0.470238,8.658768,5.060277,-27.099623,2.341724,-1.213542,57.490170,-3.724153,-5.956707,0.875933,0.478530,-0.053425,-0.029926
8050,0.462951,8.579048,5.283741,-27.679661,2.024995,1.055809,56.573391,-3.682415,-5.897022,0.879751,0.471557,-0.052619,-0.030067
8051,0.503317,8.484241,5.347236,-30.095425,1.186311,4.259209,55.604465,-3.726133,-5.803133,0.883729,0.464121,-0.052319,-0.029609
8052,0.522728,8.388625,5.469639,-30.672195,0.736618,7.821387,54.582344,-3.872963,-5.661545,0.887862,0.456209,-0.052625,-0.028389
8053,0.550268,8.217291,5.610080,-29.593409,0.637868,8.980294,53.565289,-4.086382,-5.478493,0.891903,0.448285,-0.053313,-0.026590
8054,0.600443,8.077720,5.720009,-29.308201,0.351400,9.123006,52.569401,-4.317691,-5.283600,0.895785,0.440490,-0.054136,-0.024633
8055,0.642814,7.934309,5.851857,-27.347576,0.544039,8.086244,51.610653,-4.534790,-5.095077,0.899450,0.432961,-0.054917,-0.022779
8056,0.647230,7.798768,5.998061,-25.812870,1.025157,6.110972,50.711082,-4.702673,-4.925745,0.902828,0.425885,-0.055427,-0.021247
8057,0.653919,7.825383,6.092474,-24.201647,1.619322,3.262699,49.866463,-4.794650,-4.791473,0.905951,0.419239,-0.055504,-0.020254
8058,0.686494,7.783254,6.188240,-22.583805,2.108205,2.411807,49.077599,-4.826093,-4.682273,0.908829,0.413030,-0.055218,-0.019655
8059,0.702384,7.608354,6.265575,-22.324001,2.787765,1.458768,48.320423,-4.820701,-4.577981,0.911558,0.407068,-0.054674,-0.019210
8060,0.696553,7.643249,6.312746,-22.437750,3.273506,-0.461696,47.567200,-4.765366,-4.491480,0.914239,0.401135,-0.053803,-0.019074
8061,0.696045,7.722208,6.440164,-21.635227,3.696674,0.071471,46.826019,-4.681611,-4.410301,0.916844,0.395288,-0.052729,-0.019063
8062,0.679566,7.566289,6.558321,-20.763954,3.295851,2.393027,46.110203,-4.631165,-4.297151,0.919324,0.389628,-0.051820,-0.018657
8063,0.658070,7.408821,6.651206,-20.822365,2.565483,2.927736,45.406433,-4.626614,-4.164967,0.921722,0.384035,-0.051225,-0.017927
8064,0.664878,7.309733,6.710004,-22.522800,2.022823,1.939587,44.675022,-4.629975,-4.053220,0.924171,0.378193,-0.050768,-0.017341
8065,0.669892,7.182176,6.797154,-23.997444,2.174431,1.325343,43.892620,-4.617818,-3.965124,0.926748,0.371918,-0.050264,-0.017014
8066,0.663652,7.141781,6.846782,-25.632139,2.492358,1.023917,43.058907,-4.588289,-3.882906,0.929448,0.365213,-0.049638,-0.016808
8067,0.651166,7.060593,6.989540,-27.344458,3.396281,0.752972,42.168976,-4.536106,-3.794366,0.932280,0.358043,-0.048805,-0.016636
8068,0.645695,6.952111,7.121162,-29.305601,4.318554,0.018140,41.217403,-4.448663,-3.698911,0.935255,0.350363,-0.047661,-0.016531
8069,0.601624,6.898038,7.317630,-30.447414,4.842670,-0.017875,40.213955,-4.332935,-3.598956,0.938327,0.342244,-0.046269,-0.016477
8070,0.616601,6.757368,7.348717,-30.841370,4.893746,0.710614,39.184143,-4.215480,-3.486096,0.941406,0.333885,-0.044826,-0.016310
8071,0.568231,6.527570,7.575643,-31.910116,5.671169,0.132972,38.129593,-4.086814,-3.364855,0.944484,0.325299,-0.043270,-0.016090
8072,0.550198,6.388087,7.634326,-32.350540,5.821534,-1.404488,37.051678,-3.922119,-3.264504,0.947550,0.316493,-0.041479,-0.016124
8073,0.520961,6.268593,7.753612,-31.542553,6.580738,-2.122506,35.981853,-3.720944,-3.188510,0.950515,0.307725,-0.039455,-0.016423
8074,0.486570,6.195983,7.800154,-30.149706,7.571884,-2.103503,34.948742,-3.487982,-3.108778,0.953307,0.299242,-0.037160,-0.016727
8075,0.405553,6.091865,7.997514,-29.725548,8.718812,-2.807869,33.945858,-3.217857,-3.022478,0.955949,0.290995,-0.034541,-0.017021
8076,0.367689,5.897818,8.029333,-29.719564,9.498110,-4.728429,32.951855,-2.895332,-2.959741,0.958498,0.282802,-0.031541,-0.017595
8077,0.291767,5.770933,8.151404,-31.601149,11.482937,-8.290868,31.929760,-2.483774,-2.955161,0.961039,0.274355,-0.027921,-0.018826
8078,0.205287,5.849477,8.152786,-36.013390,13.037568,-12.559877,30.806265,-1.953855,-3.038999,0.963722,0.265041,-0.023474,-0.021034
8079,0.104159,5.619373,8.312719,-42.559830,13.897996,-15.341124,29.502041,-1.331983,-3.215507,0.966679,0.254186,-0.018379,-0.024172
8080,-0.009895,5.411147,8.423565,-39.735882,12.483360,-15.140660,28.134890,-0.701891,-3.448755,0.969598,0.242770,-0.013253,-0.027700
8081,-0.099859,5.247189,8.541492,-37.358921,10.510233,-14.271749,26.852133,-0.135660,-3.706644,0.972170,0.232032,-0.008660,-0.031182
8082,-0.134528,5.085705,8.611854,-35.386021,7.377173,-11.510484,25.639538,0.321727,-3.960270,0.974465,0.221846,-0.004931,-0.034314
8083,-0.169080,4.760793,8.829732,-31.524477,4.335347,-8.237799,24.522732,0.637936,-4.175886,0.976482,0.212425,-0.002301,-0.036783
8084,-0.180604,4.651932,8.889185,-24.464977,1.476364,-5.778257,23.587481,0.821502,-4.349958,0.978104,0.204503,-0.000744,-0.038613
8085,-0.175094,4.514955,8.959013,-26.084654,0.495541,-5.883646,22.742540,0.928181,-4.515882,0.979514,0.197319,0.000167,-0.040219
8086,-0.156733,4.395200,9.009755,-26.324793,-0.374127,-5.488414,21.866177,1.001990,-4.690545,0.980922,0.189848,0.000817,-0.041834
8087,-0.180605,4.248480,9.047622,-24.983990,-0.891387,-5.074824,21.008028,1.046691,-4.862204,0.982246,0.182514,0.001240,-0.043369
8088,-0.184164,4.090155,9.067689,-23.852238,-1.584102,-4.229405,20.191204,1.062633,-5.021926,0.983458,0.175515,0.001441,-0.044754
8089,-0.172134,3.979169,9.108052,-22.946245,-1.898446,-3.538078,19.408672,1.051854,-5.163462,0.984579,0.168793,0.001446,-0.045944
8090,-0.160094,3.868816,9.172635,-21.997408,-1.750521,-2.976421,18.657429,1.029750,-5.285978,0.985618,0.162328,0.001383,-0.046956
8091,-0.161274,3.760711,9.211788,-21.120203,-1.317267,-2.500210,17.937004,1.009839,-5.388706,0.986579,0.156122,0.001367,-0.047804
8093,-0.155014,3.663726,9.273343,-19.540968,-0.748200,-1.702034,17.257996,0.998176,-5.465869,0.987456,0.150270,0.001449,-0.048445
8094,-0.150546,3.577625,9.297846,-17.882240,0.203854,-1.082384,16.633472,1.002987,-5.512896,0.988240,0.144889,0.001695,-0.048848
8095,-0.157007,3.459946,9.330057,-17.712755,1.267313,-0.123984,16.040018,1.032137,-5.525260,0.988968,0.139781,0.002184,-0.048980
8096,-0.164812,3.385193,9.363469,-17.508148,2.262133,0.919863,15.453553,1.085101,-5.496492,0.989675,0.134739,0.002926,-0.048782
8097,-0.175630,3.303919,9.404675,-16.961611,3.131841,1.287723,14.880230,1.162186,-5.437421,0.990351,0.129814,0.003903,-0.048343
8098,-0.189420,3.227026,9.431114,-17.417500,3.891690,1.177973,14.308729,1.265083,-5.368109,0.991001,0.124912,0.005110,-0.047834
8099,-0.211989,3.134375,9.458395,-17.864157,4.044242,1.710642,13.722538,1.381746,-5.289318,0.991642,0.119882,0.006447,-0.047247
8100,-0.233583,3.021335,9.496466,-17.708128,3.600176,1.826735,13.131864,1.491956,-5.202367,0.992266,0.114806,0.007732,-0.046569
8101,-0.275546,2.941308,9.534813,-17.208775,3.183663,1.594908,12.552097,1.589511,-5.121627,0.992851,0.109815,0.008890,-0.045923
8102,-0.293388,2.867273,9.548159,-17.217407,2.637530,2.281681,11.980730,1.670598,-5.037861,0.993406,0.104886,0.009898,-0.045225
8103,-0.267038,2.745030,9.570371,-16.849129,1.955454,2.677041,11.415823,1.728775,-4.941400,0.993939,0.100000,0.010710,-0.044389
8104,-0.254474,2.669744,9.604998,-17.129396,1.334193,1.937164,10.852147,1.767705,-4.855348,0.994445,0.095116,0.011338,-0.043621
8105,-0.255545,2.628859,9.602904,-17.581821,0.590759,1.021836,10.275330,1.790239,-4.800982,0.994928,0.090111,0.011795,-0.043109
8106,-0.247757,2.542089,9.639278,-21.336117,-1.718336,-0.204763,9.627032,1.769421,-4.790837,0.995430,0.084473,0.011866,-0.042938
8107,-0.127911,2.392614,9.723382,-29.106808,-5.666734,-3.147959,8.784107,1.656944,-4.865810,0.996014,0.077116,0.011153,-0.043427
8108,-0.094588,2.141787,9.779520,-35.570354,-7.396907,-5.373927,7.701542,1.462017,-5.037786,0.996660,0.067647,0.009766,-0.044702
8109,-0.059930,1.937560,9.821837,-36.360977,-7.291454,-5.221016,6.497957,1.241052,-5.243324,0.997261,0.057107,0.008209,-0.046278
8110,0.005577,1.680786,9.871344,-35.921951,-6.368211,-4.213624,5.289829,1.030746,-5.423102,0.997756,0.046518,0.006792,-0.047670
8111,0.076324,1.477989,9.886114,-31.274578,-4.065758,-2.832409,4.167853,0.867054,-5.554405,0.998123,0.036686,0.005791,-0.048694
8112,-0.040332,1.318354,9.911483,-22.476534,-0.052351,-0.171014,3.271294,0.801739,-5.608685,0.998361,0.028851,0.005589,-0.049104
8113,-0.068919,1.329109,9.913228,-14.091297,1.379850,1.886047,2.662285,0.822202,-5.578782,0.998512,0.023552,0.006034,-0.048817
8114,-0.073627,1.303836,9.906816,-10.525571,1.771517,1.938036,2.252989,0.871831,-5.512775,0.998614,0.020002,0.006652,-0.048228
8115,-0.081139,1.292058,9.907310,-8.264003,1.969391,1.799290,1.940851,0.931839,-5.448215,0.998687,0.017303,0.007316,-0.047656
8116,-0.101564,1.241698,9.867411,-7.578472,2.452648,1.511010,1.677784,1.003752,-5.390722,0.998742,0.015036,0.008060,-0.047147
8117,-0.085866,1.237603,9.820709,-7.292528,3.274597,1.071672,1.430776,1.098006,-5.345085,0.998783,0.012918,0.008988,-0.046741
8118,-0.088740,1.197554,9.826655,-8.039458,4.335969,1.463980,1.176165,1.223860,-5.299922,0.998816,0.010746,0.010193,-0.046338
8119,-0.119458,1.130522,9.827941,-8.537737,4.994481,2.098918,0.901293,1.378259,-5.237704,0.998848,0.008406,0.011655,-0.045781
8120,-0.165478,1.088667,9.843592,-8.961313,5.666828,2.422578,0.611629,1.554925,-5.159974,0.998877,0.005942,0.013315,-0.045082
8121,-0.185150,1.045767,9.887680,-8.801962,5.925678,2.932417,0.318195,1.747396,-5.069113,0.998900,0.003448,0.015111,-0.044259
8122,-0.192806,0.992328,9.906102,-8.222985,5.404644,3.478899,0.037898,1.935887,-4.961610,0.998920,0.001062,0.016863,-0.043284
8123,-0.226501,0.970425,9.911808,-8.133754,5.174973,2.922158,-0.230964,2.112376,-4.855161,0.998932,-0.001233,0.018502,-0.042312
8124,-0.241709,0.913375,9.916846,-8.688407,5.172611,2.206741,-0.508086,2.285392,-4.770736,0.998929,-0.003599,0.020110,-0.041523
8125,-0.260647,0.851925,9.901704,-9.139379,4.811563,1.463870,-0.802753,2.452500,-4.711423,0.998908,-0.006118,0.021670,-0.040943
8126,-0.294743,0.829280,9.851371,-10.984971,3.908796,0.278501,-1.136977,2.598326,-4.684836,0.998868,-0.008984,0.023058,-0.040634
8127,-0.317659,0.786956,9.886844,-14.171689,2.435345,-0.912952,-1.556845,2.703814,-4.697948,0.998803,-0.012604,0.024128,-0.040650
8128,-0.317801,0.696573,9.876929,-15.197713,1.027433,-1.991480,-2.048715,2.760006,-4.748274,0.998710,-0.016859,0.024799,-0.040976
8129,-0.298079,0.612248,9.880496,-15.167856,0.269392,-2.963200,-2.558824,2.778315,-4.831806,0.998591,-0.021280,0.025156,-0.041589
8130,-0.283464,0.526070,9.882529,-15.098317,-0.180584,-2.775228,-3.067881,2.775134,-4.927544,0.998453,-0.025696,0.025335,-0.042312
8131,-0.292148,0.423291,9.921412,-13.623450,-0.555826,-1.427568,-3.549911,2.758831,-4.996860,0.998313,-0.029887,0.025388,-0.042814
8132,-0.297086,0.346454,9.880893,-10.827162,0.211909,-0.366792,-3.958828,2.751112,-5.026371,0.998191,-0.033445,0.025482,-0.042982
8133,-0.292208,0.300563,9.912661,-8.755574,0.953719,1.348600,-4.284484,2.771641,-5.011405,0.998093,-0.036277,0.025779,-0.042772
8134,-0.314996,0.273435,9.906647,-6.950831,0.581656,3.074679,-4.542773,2.802787,-4.939765,0.998029,-0.038531,0.026122,-0.042079
8135,-0.332884,0.272068,9.909941,-4.789534,0.405998,3.075098,-4.733492,2.827439,-4.838814,0.997995,-0.040206,0.026371,-0.041147
8136,-0.302251,0.269613,9.924842,-3.057418,0.685828,2.422563,-4.859821,2.853218,-4.748918,0.997977,-0.041317,0.026609,-0.040326
8137,-0.273786,0.264407,9.951760,-1.599639,0.341056,2.787796,-4.933178,2.877678,-4.663744,0.997975,-0.041967,0.026816,-0.039557
8138,-0.277163,0.241812,9.924759,-1.145868,-0.444950,2.808154,-4.974255,2.883995,-4.570558,0.997991,-0.042344,0.026851,-0.038734
8139,-0.283199,0.231371,9.912623,-0.969904,-0.983721,2.384467,-5.005089,2.867798,-4.482164,0.998012,-0.042639,0.026688,-0.037963
8140,-0.267635,0.242022,9.928907,-1.034945,-1.618682,2.293427,-5.034452,2.831413,-4.400603,0.998035,-0.042926,0.026350,-0.037260
8141,-0.257067,0.257069,9.955093,-1.078372,-1.663240,2.040633,-5.065915,2.783286,-4.323744,0.998058,-0.043234,0.025912,-0.036602
8142,-0.259041,0.264804,9.968414,-1.013227,-1.332384,1.311750,-5.097878,2.738504,-4.263597,0.998074,-0.043541,0.025509,-0.036089
8143,-0.260923,0.254464,9.976237,-1.013639,-1.228752,0.817860,-5.129801,2.699154,-4.224396,0.998081,-0.043841,0.025162,-0.035756
8144,-0.248431,0.270988,9.991970,-1.099385,-1.094575,0.455193,-5.163867,2.662493,-4.199764,0.998083,-0.044155,0.024844,-0.035549
8145,-0.267129,0.259710,10.011661,-1.368128,-1.022830,0.293954,-5.204271,2.628476,-4.184123,0.998078,-0.044522,0.024554,-0.035417
8146,-0.275092,0.233341,9.956508,-1.395943,-1.713762,0.602705,-5.249473,2.584418,-4.165066,0.998075,-0.044934,0.024177,-0.035260
8147,-0.260670,0.209033,9.918628,-1.427050,-2.371055,1.100652,-5.294983,2.519234,-4.130509,0.998079,-0.045358,0.023609,-0.034976
8148,-0.226417,0.208829,9.895391,-1.006535,-2.718787,1.183510,-5.333560,2.438292,-4.084705,0.998092,-0.045730,0.022898,-0.034602
8149,-0.210726,0.203297,9.910389,-0.471509,-2.763036,1.023708,-5.356309,2.350751,-4.039532,0.998111,-0.045965,0.022124,-0.034240
8150,-0.163006,0.222457,9.856261,0.393300,-2.581689,0.920326,-5.355978,2.265084,-3.998929,0.998137,-0.045996,0.021362,-0.033922
8151,-0.139199,0.232700,9.874986,0.695288,-1.929126,0.877937,-5.336401,2.193021,-3.962061,0.998167,-0.045855,0.020713,-0.033634
8152,-0.135550,0.218065,9.885932,0.986536,-0.977485,0.228206,-5.307503,2.146495,-3.939197,0.998192,-0.045622,0.020290,-0.033460
8153,-0.126663,0.259842,9.945162,1.059699,0.122222,-0.252154,-5.273367,2.132262,-3.938282,0.998208,-0.045329,0.020156,-0.033463
8154,-0.122939,0.262565,9.924738,0.937779,0.631378,-0.282367,-5.240451,2.143952,-3.948314,0.998216,-0.045037,0.020252,-0.033552
8155,-0.147159,0.256792,9.930940,0.611280,0.785144,-0.275945,-5.215063,2.166614,-3.959741,0.998219,-0.044807,0.020447,-0.033647
8156,-0.156771,0.297943,9.933802,0.551998,0.904014,-0.480069,-5.196250,2.193507,-3.974855,0.998218,-0.044632,0.020681,-0.033771
8157,-0.159257,0.337124,9.934870,0.828938,0.925249,-0.510207,-5.173975,2.222379,-3.994063,0.998217,-0.044425,0.020934,-0.033931
8158,-0.182848,0.303084,9.907650,0.970060,0.746710,-0.535748,-5.144768,2.248564,-4.013946,0.998218,-0.044159,0.021161,-0.034099
8159,-0.184002,0.315873,9.942785,0.970579,0.626262,-0.362906,-5.113092,2.270017,-4.030921,0.998222,-0.043873,0.021345,-0.034244
8160,-0.164169,0.335528,9.953342,1.387822,0.369808,-0.060363,-5.074124,2.285926,-4.039429,0.998232,-0.043527,0.021475,-0.034319
8161,-0.171657,0.318535,9.940231,1.673768,-0.030216,0.107889,-5.023087,2.291636,-4.039137,0.998250,-0.043081,0.021509,-0.034324
8162,-0.179670,0.339470,9.960523,1.114264,-0.665152,0.662211,-4.976069,2.281209,-4.025328,0.998274,-0.042677,0.021399,-0.034217
8163,-0.150883,0.390522,9.976230,0.642121,-1.205625,1.366079,-4.945354,2.253072,-3.988922,0.998300,-0.042425,0.021131,-0.033916
8164,-0.145767,0.367923,9.959023,-0.214447,-1.006218,1.174211,-4.936455,2.219994,-3.943530,0.998322,-0.042366,0.020824,-0.033535
8165,-0.156773,0.349497,9.933320,-1.146116,-0.422155,0.445208,-4.958015,2.198607,-3.914564,0.998326,-0.042566,0.020633,-0.033287
8166,-0.144319,0.347543,9.936202,-1.801716,-0.269869,0.393707,-5.006573,2.188334,-3.899620,0.998314,-0.042994,0.020552,-0.033152
8167,-0.140275,0.329833,9.905107,-1.514340,0.018148,-0.034713,-5.061599,2.184681,-3.893285,0.998295,-0.043476,0.020534,-0.033088
8168,-0.154676,0.308528,9.876456,-1.034834,0.727419,-0.698127,-5.104593,2.195977,-3.906561,0.998273,-0.043845,0.020650,-0.033192
8169,-0.165706,0.319880,9.899246,-0.300448,1.076744,-0.783199,-5.127900,2.223728,-3.933851,0.998252,-0.044034,0.020909,-0.033414
8170,-0.167915,0.335066,9.947371,0.345689,1.011056,-0.482196,-5.128090,2.256502,-3.957983,0.998240,-0.044021,0.021204,-0.033611
8171,-0.167550,0.339347,9.942668,0.766148,1.311524,-0.693893,-5.110474,2.293310,-3.980978,0.998234,-0.043852,0.021528,-0.033800
8172,-0.163818,0.332301,9.940102,0.608240,1.514216,-0.644660,-5.088634,2.338236,-4.007405,0.998227,-0.043643,0.021923,-0.034017
8173,-0.177117,0.329675,9.933721,0.570765,1.228579,-0.445878,-5.069897,2.382160,-4.029575,0.998220,-0.043462,0.022308,-0.034197
8174,-0.182121,0.367998,9.918598,0.568595,0.863618,-0.218079,-5.051500,2.415919,-4.043687,0.998218,-0.043288,0.022602,-0.034310
8175,-0.177033,0.367548,9.906761,0.066153,0.732030,0.064668,-5.041128,2.442185,-4.048577,0.998215,-0.043189,0.022830,-0.034344
8176,-0.186518,0.362810,9.921061,-0.326498,0.563776,0.223818,-5.045344,2.464121,-4.045684,0.998211,-0.043219,0.023021,-0.034310
8177,-0.199783,0.371902,9.926101,-0.561959,0.433772,0.338734,-5.059811,2.481508,-4.037802,0.998205,-0.043341,0.023174,-0.034231
8178,-0.209617,0.378190,9.937115,-0.934626,0.471732,0.609315,-5.084129,2.497938,-4.023385,0.998197,-0.043551,0.023319,-0.034094
8179,-0.194886,0.355416,9.935387,-1.081528,0.468414,1.003491,-5.116621,2.515934,-3.997980,0.998189,-0.043833,0.023475,-0.033859
8180,-0.179203,0.341680,9.925099,-0.754054,0.179488,1.391535,-5.145504,2.530258,-3.959151,0.998187,-0.044088,0.023594,-0.033510
8181,-0.159535,0.339044,9.927149,-0.451034,-0.086842,1.575080,-5.163417,2.536237,-3.909998,0.998193,-0.044253,0.023632,-0.033075
8182,-0.149678,0.344419,9.936835,-0.071643,-0.217603,1.400017,-5.169923,2.535647,-3.860109,0.998205,-0.044320,0.023609,-0.032640
8183,-0.142064,0.337483,9.939399,-0.163745,-0.340869,1.099815,-5.171974,2.530131,-3.817735,0.998217,-0.044348,0.023546,-0.032272
8184,-0.144218,0.334030,9.917075,-0.149092,-0.662533,0.814867,-5.175720,2.516353,-3.784412,0.998227,-0.044392,0.023414,-0.031987
8185,-0.168553,0.354720,9.913332,-0.225858,-0.533832,0.120993,-5.181213,2.497904,-3.767063,0.998233,-0.044448,0.023248,-0.031842
8186,-0.194478,0.351295,9.893468,-0.447447,-0.130061,-0.484339,-5.192654,2.486337,-3.772097,0.998230,-0.044550,0.023152,-0.031888
8187,-0.193770,0.335362,9.893156,-0.605059,-0.038883,-0.561691,-5.210938,2.481953,-3.789220,0.998219,-0.044708,0.023126,-0.032035
8188,-0.177856,0.329379,9.892736,-0.503384,0.009470,-0.617700,-5.230258,2.479676,-3.808768,0.998206,-0.044873,0.023119,-0.032203
8189,-0.175776,0.346507,9.923703,-0.744923,0.419341,-1.039937,-5.252285,2.484269,-3.836960,0.998188,-0.045057,0.023176,-0.032442
8190,-0.168534,0.338127,9.954221,-1.077918,0.623135,-1.213452,-5.284364,2.498123,-3.875990,0.998162,-0.045325,0.023321,-0.032770
8191,-0.175347,0.336487,9.971574,-1.281226,0.695668,-1.277104,-5.325581,2.516170,-3.919394,0.998130,-0.045669,0.023508,-0.033132
8192,-0.188670,0.316706,9.958485,-1.512063,1.038392,-1.664242,-5.374411,2.540374,-3.970949,0.998091,-0.046077,0.023753,-0.033561
8193,-0.205508,0.308669,9.953498,-1.582762,1.350762,-1.920136,-5.428815,2.574393,-4.034234,0.998045,-0.046527,0.024091,-0.034087
8194,-0.217502,0.309021,9.936530,-1.203235,1.405388,-1.759429,-5.478213,2.614293,-4.099714,0.997998,-0.046930,0.024480,-0.034630
8196,-0.230794,0.278996,9.905992,-0.608627,1.280051,-1.563611,-5.511145,2.653543,-4.159192,0.997959,-0.047191,0.024857,-0.035124
8197,-0.225592,0.274448,9.907182,-0.050782,1.107374,-1.386105,-5.524595,2.688424,-4.212007,0.997930,-0.047286,0.025186,-0.035566
8198,-0.230134,0.301810,9.938486,0.345529,0.940698,-0.970544,-5.521684,2.718621,-4.254433,0.997912,-0.047241,0.025466,-0.035923
8199,-0.226982,0.300293,9.946018,0.619954,0.731218,-0.686201,-5.507033,2.743706,-4.284629,0.997904,-0.047098,0.025692,-0.036179
8200,-0.219030,0.266672,9.925756,0.443963,0.549058,-0.710113,-5.490512,2.762717,-4.309867,0.997899,-0.046942,0.025863,-0.036394
8201,-0.220431,0.270095,9.936688,-0.045096,0.624679,-0.819490,-5.485183,2.779751,-4.337146,0.997890,-0.046884,0.026020,-0.036625
8202,-0.227262,0.296839,9.935297,-0.401215,0.660639,-0.817458,-5.494044,2.798463,-4.366388,0.997873,-0.046948,0.026198,-0.036870
8203,-0.217977,0.290341,9.912344,-0.557283,0.533266,-0.766591,-5.511401,2.815737,-4.394609,0.997853,-0.047087,0.026366,-0.037105
8204,-0.217591,0.273575,9.910221,-0.698220,0.352376,-0.674535,-5.533573,2.828117,-4.419968,0.997833,-0.047270,0.026491,-0.037315
8205,-0.223975,0.285839,9.951288,-0.770481,0.212685,-0.547378,-5.559100,2.835522,-4.441175,0.997814,-0.047484,0.026573,-0.037491
8206,-0.223063,0.294664,9.945741,-0.613653,-0.152835,-0.255410,-5.582832,2.835215,-4.454605,0.997800,-0.047688,0.026583,-0.037602
8207,-0.220492,0.265962,9.928141,-0.537775,-0.526014,-0.030589,-5.602203,2.823490,-4.458251,0.997793,-0.047860,0.026489,-0.037634
8208,-0.227017,0.239624,9.924228,-0.625505,-0.719087,-0.020939,-5.621532,2.802753,-4.457076,0.997790,-0.048036,0.026315,-0.037629
8209,-0.231380,0.258637,9.925550,-0.548441,-0.670945,-0.034174,-5.641032,2.779608,-4.455716,0.997786,-0.048214,0.026119,-0.037623
8210,-0.228886,0.263664,9.905098,-0.318558,-0.418259,-0.099279,-5.655502,2.761324,-4.456142,0.997784,-0.048346,0.025965,-0.037631
8211,-0.219934,0.244319,9.910246,-0.311519,0.015986,-0.339879,-5.666323,2.753930,-4.462772,0.997778,-0.048442,0.025907,-0.037690
8212,-0.222834,0.218672,9.912062,-0.255942,0.334247,-0.601862,-5.676560,2.758188,-4.478988,0.997768,-0.048526,0.025954,-0.037827
8213,-0.219784,0.221651,9.913797,-0.044856,0.638777,-0.749409,-5.682734,2.772097,-4.503031,0.997755,-0.048569,0.026087,-0.038028
8214,-0.216987,0.205272,9.910392,0.099013,0.824220,-0.947318,-5.683316,2.793560,-4.533620,0.997740,-0.048559,0.026287,-0.038285
8215,-0.230257,0.180786,9.906835,0.147990,0.646525,-1.111663,-5.680992,2.814555,-4.570239,0.997725,-0.048523,0.026485,-0.038595
8216,-0.240019,0.217673,9.916091,0.236728,0.536082,-1.109661,-5.676491,2.830505,-4.609077,0.997710,-0.048469,0.026639,-0.038927
8217,-0.237079,0.242551,9.937777,0.298426,0.508037,-0.845172,-5.669264,2.844602,-4.643260,0.997699,-0.048393,0.026773,-0.039220
8218,-0.236170,0.239067,9.936355,0.172570,0.313597,-0.775997,-5.662819,2.855561,-4.671534,0.997690,-0.048327,0.026878,-0.039463
8219,-0.250892,0.241782,9.931984,-0.035708,0.268767,-0.830413,-5.661916,2.862577,-4.699169,0.997679,-0.048310,0.026951,-0.039701
8220,-0.255611,0.260035,9.942339,-0.114143,0.399534,-0.689487,-5.665731,2.871161,-4.725510,0.997667,-0.048334,0.027038,-0.039926
8221,-0.262525,0.241911,9.932255,-0.204781,0.338099,-0.466153,-5.672071,2.881492,-4.745915,0.997655,-0.048380,0.027139,-0.040097
8222,-0.265150,0.224689,9.923089,-0.292604,0.455245,-0.512913,-5.681246,2.893036,-4.763484,0.997642,-0.048452,0.027250,-0.040243
8223,-0.254403,0.218730,9.940530,-0.244768,0.671488,-0.468131,-5.691120,2.910102,-4.781638,0.997628,-0.048527,0.027410,-0.040391
8224,-0.242614,0.208069,9.948360,-0.274853,0.448064,-0.220421,-5.700458,2.927530,-4.794927,0.997616,-0.048598,0.027570,-0.040497
8225,-0.233074,0.194519,9.948444,-0.167753,-0.102107,-0.012408,-5.708062,2.932882,-4.799367,0.997610,-0.048661,0.027621,-0.040531
8226,-0.232786,0.184098,9.938472,-0.076061,-0.421959,0.036893,-5.712059,2.924230,-4.798090,0.997611,-0.048700,0.027547,-0.040523
8227,-0.229048,0.165084,9.904843,-0.086797,-0.764719,0.189946,-5.714482,2.904927,-4.792352,0.997616,-0.048730,0.027377,-0.040481
8228,-0.247092,0.169336,9.879441,0.007664,-0.855551,0.210248,-5.715330,2.878721,-4.783014,0.997624,-0.048749,0.027146,-0.040411
8229,-0.262675,0.206724,9.910041,0.100902,-0.242637,-0.015085,-5.713267,2.860833,-4.777950,0.997630,-0.048739,0.026987,-0.040376
8230,-0.260390,0.190927,9.908312,-0.065118,0.446721,0.096827,-5.712619,2.864352,-4.776930,0.997630,-0.048732,0.027017,-0.040365
8231,-0.235998,0.179804,9.915407,0.040281,0.569786,0.457436,-5.712657,2.882130,-4.769416,0.997629,-0.048728,0.027168,-0.040292
8232,-0.226802,0.195833,9.935902,0.301355,0.500311,0.505207,-5.706246,2.901473,-4.755208,0.997633,-0.048668,0.027329,-0.040161
8233,-0.228559,0.194452,9.959973,0.338208,0.188107,0.554504,-5.694752,2.914643,-4.738751,0.997641,-0.048567,0.027432,-0.040015
8234,-0.228181,0.163527,9.912936,0.495359,-0.533071,0.797583,-5.679690,2.911155,-4.715728,0.997656,-0.048443,0.027387,-0.039820
8235,-0.230553,0.176242,9.906838,0.652354,-0.819350,0.621029,-5.659257,2.891062,-4.689940,0.997678,-0.048278,0.027194,-0.039609
8236,-0.236320,0.183536,9.900451,0.693480,-0.669124,0.223226,-5.636001,2.867758,-4.673475,0.997698,-0.048088,0.026976,-0.039481
8237,-0.237049,0.184106,9.917668,0.588118,-0.482176,0.007015,-5.614356,2.849038,-4.667768,0.997713,-0.047908,0.026803,-0.039445
8238,-0.230433,0.188786,9.919826,0.407965,-0.398985,-0.073395,-5.597739,2.834313,-4.667435,0.997723,-0.047769,0.026669,-0.039452
8239,-0.218970,0.182784,9.929086,0.267428,-0.344876,-0.098887,-5.586563,2.821694,-4.669086,0.997729,-0.047676,0.026556,-0.039475
8240,-0.218469,0.163075,9.921790,0.198391,-0.394581,-0.191537,-5.578978,2.808958,-4.672709,0.997734,-0.047613,0.026444,-0.039513
8241,-0.225252,0.171476,9.926828,0.081948,-0.358758,-0.340649,-5.574679,2.795600,-4.680326,0.997735,-0.047579,0.026330,-0.039586
8242,-0.232464,0.163431,9.927802,-0.054346,-0.145796,-0.447026,-5.574815,2.785954,-4.692589,0.997733,-0.047581,0.026251,-0.039697
8243,-0.232612,0.128706,9.904984,0.097450,0.029104,-0.498478,-5.574851,2.782488,-4.708102,0.997728,-0.047579,0.026227,-0.039834
8244,-0.231431,0.133765,9.909694,0.261244,0.048372,-0.488906,-5.569675,2.782176,-4.724626,0.997725,-0.047530,0.026229,-0.039979
8245,-0.238988,0.145126,9.924232,0.304600,0.156189,-0.567827,-5.561113,2.783861,-4.742507,0.997722,-0.047451,0.026249,-0.040136
8246,-0.238575,0.138058,9.927509,0.454781,0.225905,-0.594861,-5.549424,2.788323,-4.762434,0.997719,-0.047343,0.026292,-0.040310
8247,-0.238618,0.133801,9.934868,0.528560,0.110973,-0.562388,-5.533998,2.792049,-4.782197,0.997717,-0.047203,0.026327,-0.040484
8248,-0.239634,0.142768,9.938444,0.478737,0.087592,-0.622995,-5.518184,2.793441,-4.802204,0.997716,-0.047060,0.026341,-0.040662
8249,-0.241430,0.142327,9.930218,0.419781,0.198506,-0.773629,-5.504361,2.795951,-4.825860,0.997713,-0.046933,0.026368,-0.040870
8250,-0.233302,0.137696,9.927967,0.426368,0.115580,-0.674017,-5.491457,2.798850,-4.850408,0.997709,-0.046814,0.026399,-0.041085
8251,-0.244183,0.138112,9.934155,0.297084,0.134903,-0.765146,-5.480587,2.800712,-4.874711,0.997705,-0.046713,0.026421,-0.041298
8252,-0.240458,0.126504,9.928104,0.359957,0.048982,-0.738777,-5.470871,2.801371,-4.899985,0.997699,-0.046623,0.026433,-0.041520
8253,-0.236125,0.126925,9.926496,0.537170,-0.166701,-0.590347,-5.456988,2.797308,-4.921875,0.997698,-0.046498,0.026402,-0.041716
8254,-0.234837,0.127483,9.919528,0.798286,-0.116908,-0.675385,-5.435734,2.790601,-4.942452,0.997700,-0.046311,0.026344,-0.041903
8255,-0.239277,0.134857,9.920997,0.970914,0.076359,-0.851976,-5.407478,2.787524,-4.967760,0.997703,-0.046060,0.026317,-0.042131
8256,-0.237757,0.109533,9.923614,1.070105,0.060607,-0.763062,-5.374777,2.787267,-4.994805,0.997706,-0.045770,0.026314,-0.042374
8257,-0.248851,0.112071,9.934252,1.053087,0.176155,-0.883203,-5.340739,2.788634,-5.022525,0.997709,-0.045466,0.026324,-0.042623
8258,-0.255474,0.121958,9.934952,0.888058,0.294878,-0.925507,-5.309885,2.793652,-5.053305,0.997709,-0.045189,0.026368,-0.042896
8259,-0.264798,0.101078,9.936999,0.675568,0.248908,-0.699245,-5.285184,2.800176,-5.081139,0.997707,-0.044965,0.026427,-0.043141
8260,-0.261215,0.077341,9.927721,0.430643,0.187707,-0.564551,-5.267807,2.805486,-5.102809,0.997704,-0.044806,0.026475,-0.043331
8261,-0.260327,0.083228,9.918324,0.309139,0.033381,-0.368830,-5.256252,2.807728,-5.118656,0.997702,-0.044701,0.026496,-0.043471
8262,-0.250556,0.087718,9.900898,0.428773,-0.117974,-0.009840,-5.244256,2.805747,-5.124820,0.997705,-0.044596,0.026477,-0.043528
8263,-0.251597,0.073289,9.904166,0.612396,0.028166,0.002757,-5.226902,2.804245,-5.124801,0.997712,-0.044445,0.026457,-0.043533
8264,-0.249318,0.060271,9.917131,0.762213,0.146832,-0.112837,-5.204095,2.806983,-5.126896,0.997720,-0.044245,0.026473,-0.043555
8265,-0.257077,0.067736,9.907333,1.053852,0.138883,-0.139925,-5.174055,2.811345,-5.131528,0.997729,-0.043981,0.026502,-0.043601
8266,-0.251281,0.070716,9.918397,1.270730,0.362881,-0.313501,-5.135718,2.818995,-5.139816,0.997739,-0.043642,0.026557,-0.043679
8267,-0.254489,0.061048,9.926074,1.418806,0.400679,-0.461142,-5.091583,2.830519,-5.153826,0.997748,-0.043250,0.026646,-0.043806
8268,-0.264969,0.057810,9.924445,1.363739,0.273750,-0.620988,-5.046147,2.840122,-5.172809,0.997756,-0.042846,0.026719,-0.043979
8269,-0.270672,0.090216,9.930894,1.250785,0.276614,-0.709097,-5.003707,2.847317,-5.195722,0.997761,-0.042468,0.026774,-0.044185
8270,-0.261908,0.082344,9.946376,1.290487,0.148201,-0.444715,-4.962337,2.852700,-5.215519,0.997768,-0.042101,0.026812,-0.044365
8271,-0.258214,0.061271,9.935044,1.456531,-0.305339,-0.252072,-4.917118,2.849091,-5.226877,0.997781,-0.041706,0.026767,-0.044476
8272,-0.268337,0.080350,9.928188,1.446972,-0.595558,-0.306628,-4.869123,2.833338,-5.234883,0.997798,-0.041293,0.026614,-0.044563
8273,-0.265736,0.093998,9.925552,1.751874,-0.740733,-0.095660,-4.816045,2.810580,-5.239689,0.997820,-0.040839,0.026397,-0.044626
8274,-0.255874,0.090298,9.918509,1.870558,-0.780659,-0.018981,-4.755660,2.785153,-5.239477,0.997846,-0.040324,0.026152,-0.044647
8275,-0.255515,0.091115,9.934782,1.778504,-0.632910,-0.258180,-4.694972,2.761294,-5.242144,0.997871,-0.039804,0.025922,-0.044693
8276,-0.266963,0.091388,9.921679,1.637476,-0.384310,-0.448547,-4.638537,2.743437,-5.252515,0.997890,-0.039318,0.025748,-0.044802
8277,-0.264735,0.086656,9.904379,1.494748,-0.053185,-0.538204,-4.587090,2.734845,-5.268341,0.997903,-0.038870,0.025658,-0.044955
8278,-0.250752,0.092722,9.918355,1.313749,0.239708,-0.621768,-4.541215,2.736406,-5.287884,0.997910,-0.038465,0.025660,-0.045135
8279,-0.248635,0.069434,9.927606,1.280517,0.038092,-0.502403,-4.498888,2.739544,-5.306949,0.997916,-0.038091,0.025677,-0.045309
8280,-0.261485,0.075499,9.897595,1.363023,-0.305360,-0.534108,-4.455637,2.733755,-5.323843,0.997925,-0.037713,0.025615,-0.045468
8281,-0.262715,0.105949,9.911841,1.444161,-0.370986,-0.445246,-4.409583,2.721254,-5.339262,0.997936,-0.037314,0.025493,-0.045617
8282,-0.262036,0.101937,9.935843,1.626084,-0.535778,-0.277032,-4.358927,2.705266,-5.350122,0.997952,-0.036877,0.025337,-0.045728
8283,-0.266990,0.083251,9.923265,1.714644,-0.717290,-0.296513,-4.303623,2.683721,-5.358085,0.997970,-0.036402,0.025130,-0.045817
8284,-0.260690,0.092585,9.909139,1.856413,-0.518804,-0.316003,-4.244508,2.662415,-5.366738,0.997989,-0.035894,0.024924,-0.045912
8285,-0.254725,0.101903,9.927421,1.937138,-0.257791,-0.280565,-4.181698,2.648776,-5.375713,0.998008,-0.035351,0.024783,-0.046009
8286,-0.255715,0.087912,9.926592,1.997840,-0.153943,-0.387046,-4.116606,2.641127,-5.386328,0.998025,-0.034785,0.024693,-0.046118
8287,-0.248897,0.090650,9.933457,1.954538,0.018555,-0.398931,-4.051328,2.637943,-5.399249,0.998040,-0.034215,0.024643,-0.046245
8288,-0.253131,0.105037,9.938769,1.917301,0.010987,-0.319260,-3.987349,2.637595,-5.411237,0.998054,-0.033655,0.024618,-0.046364
8289,-0.268500,0.104064,9.941505,1.876944,-0.126139,-0.395224,-3.924653,2.634860,-5.422997,0.998068,-0.033108,0.024572,-0.046480
8290,-0.264804,0.103565,9.926390,1.847104,-0.327265,-0.256031,-3.863059,2.626582,-5.433323,0.998083,-0.032573,0.024478,-0.046586
8291,-0.263477,0.120693,9.925652,1.783658,-0.446010,-0.115313,-3.802789,2.613310,-5.438641,0.998100,-0.032052,0.024339,-0.046649
8292,-0.261954,0.107966,9.915345,1.881842,-0.572376,-0.079888,-3.741794,2.596161,-5.440773,0.998119,-0.031528,0.024165,-0.046686
8293,-0.253707,0.094611,9.913478,2.005629,-0.729289,0.007400,-3.676995,2.574434,-5.440575,0.998141,-0.030972,0.023950,-0.046704
8294,-0.247606,0.112476,9.921982,2.005692,-0.808436,0.032117,-3.610037,2.548899,-5.438285,0.998165,-0.030400,0.023699,-0.046705
8295,-0.251139,0.113014,9.925531,2.030136,-0.637294,-0.103390,-3.542759,2.524777,-5.437968,0.998187,-0.029825,0.023462,-0.046723
8296,-0.244967,0.108248,9.926137,2.058962,-0.524094,-0.086310,-3.474694,2.505263,-5.439942,0.998207,-0.029239,0.023265,-0.046759
8297,-0.243924,0.122503,9.931424,1.925939,-0.474979,-0.076867,-3.408353,2.488478,-5.441658,0.998226,-0.028668,0.023092,-0.046792
8299,-0.250972,0.131258,9.937903,1.721193,-0.085499,-0.389388,-3.347881,2.478695,-5.448873,0.998240,-0.028144,0.022984,-0.046870
8300,-0.244737,0.118487,9.925033,1.768041,0.027831,-0.379944,-3.290279,2.476992,-5.461631,0.998249,-0.027640,0.022948,-0.046993
8301,-0.240191,0.112163,9.923563,1.805449,-0.074055,-0.379670,-3.231265,2.475502,-5.474239,0.998258,-0.027125,0.022914,-0.047115
8302,-0.247035,0.109669,9.935374,1.893004,-0.005019,-0.591505,-3.170320,2.473283,-5.490342,0.998266,-0.026591,0.022873,-0.047268
8303,-0.248251,0.119941,9.926291,2.120850,-0.088513,-0.589708,-3.104267,2.470648,-5.509932,0.998274,-0.026013,0.022828,-0.047453
8304,-0.242964,0.132057,9.930215,2.319707,-0.411599,-0.455154,-3.030988,2.461393,-5.526890,0.998285,-0.025375,0.022720,-0.047617
8305,-0.255124,0.138093,9.927932,2.333883,-0.504207,-0.580004,-2.954131,2.445251,-5.543336,0.998298,-0.024709,0.022551,-0.047779
8306,-0.262922,0.152801,9.922092,2.480778,-0.633260,-0.474431,-2.874593,2.425424,-5.559938,0.998311,-0.024022,0.022349,-0.047944
8307,-0.255358,0.167676,9.914845,2.421691,-0.884336,-0.258987,-2.793346,2.399558,-5.570905,0.998328,-0.023323,0.022092,-0.048061
8308,-0.252157,0.164287,9.920815,2.219052,-0.843981,-0.347210,-2.716362,2.370301,-5.579618,0.998344,-0.022663,0.021806,-0.048158
8309,-0.253874,0.159417,9.911395,2.121444,-0.792886,-0.331677,-2.644433,2.342520,-5.589653,0.998359,-0.022046,0.021536,-0.048265
8310,-0.250872,0.163749,9.923731,2.084684,-0.717315,-0.293263,-2.574709,2.316903,-5.598920,0.998373,-0.021448,0.021285,-0.048364
8311,-0.248245,0.145021,9.917677,2.233807,-0.598992,-0.428817,-2.503179,2.294453,-5.609981,0.998385,-0.020833,0.021061,-0.048478
8312,-0.239218,0.151591,9.934093,2.526102,-0.578353,-0.510975,-2.424438,2.274174,-5.624798,0.998396,-0.020153,0.020854,-0.048626
8313,-0.236635,0.153054,9.953537,2.931182,-0.646255,-0.640443,-2.334207,2.252985,-5.643139,0.998407,-0.019372,0.020634,-0.048806
8314,-0.239150,0.136475,9.935937,3.534314,-0.848387,-0.785182,-2.227339,2.227148,-5.665907,0.998419,-0.018448,0.020367,-0.049028
8315,-0.230775,0.153171,9.937375,4.157039,-1.157314,-0.795648,-2.100118,2.192749,-5.690992,0.998434,-0.017350,0.020017,-0.049275
8316,-0.214584,0.214738,9.960180,4.677795,-1.280183,-0.937335,-1.953910,2.151129,-5.718439,0.998450,-0.016090,0.019595,-0.049546
8317,-0.225754,0.209797,9.949626,5.128422,-1.169528,-1.007300,-1.791629,2.109263,-5.749520,0.998465,-0.014689,0.019164,-0.049851
8318,-0.220681,0.237094,9.910973,5.414034,-1.182317,-0.904838,-1.617042,2.069135,-5.780231,0.998479,-0.013180,0.018742,-0.050153
8319,-0.209887,0.306708,9.934383,5.223835,-1.054729,-0.851196,-1.440756,2.031086,-5.808513,0.998491,-0.011657,0.018336,-0.050433
8320,-0.210434,0.308695,9.920150,5.139003,-0.893549,-0.869268,-1.269024,1.997945,-5.836429,0.998500,-0.010171,0.017975,-0.050707
8321,-0.208628,0.296010,9.915272,4.801887,-0.796374,-0.800375,-1.104287,1.969210,-5.863686,0.998506,-0.008744,0.017653,-0.050973
8322,-0.199051,0.325326,9.920800,4.643003,-0.885367,-0.795583,-0.947763,1.940709,-5.889794,0.998509,-0.007389,0.017337,-0.051227
8323,-0.195393,0.351894,9.932372,4.793880,-1.075097,-0.685498,-0.791294,1.907664,-5.913992,0.998512,-0.006036,0.016980,-0.051463
8324,-0.186916,0.327739,9.916435,5.145807,-1.246526,-0.410625,-0.626219,1.868749,-5.931789,0.998517,-0.004613,0.016568,-0.051645
8325,-0.180960,0.344053,9.919759,5.356895,-1.228752,-0.358551,-0.451575,1.827379,-5.944225,0.998523,-0.003108,0.016129,-0.051780
8326,-0.177035,0.360037,9.931481,6.002677,-1.349810,-0.382778,-0.262630,1.784328,-5.956319,0.998528,-0.001480,0.015669,-0.051913
8327,-0.168503,0.401510,9.896834,7.010070,-1.623443,-0.495507,-0.046197,1.734735,-5.970831,0.998529,0.000386,0.015138,-0.052070
8328,-0.160996,0.412308,9.906224,7.707577,-1.654449,-0.611290,0.198544,1.680128,-5.989358,0.998524,0.002496,0.014551,-0.052263
8329,-0.169827,0.460093,9.940658,8.667377,-1.677691,-0.890350,0.470727,1.624739,-6.014722,0.998511,0.004846,0.013943,-0.052517
8330,-0.168253,0.525077,9.942463,9.998130,-2.033400,-0.946620,0.780944,1.563222,-6.046027,0.998487,0.007524,0.013263,-0.052824
8331,-0.172323,0.574583,9.926367,10.936819,-2.207356,-0.938797,1.128988,1.493078,-6.078632,0.998453,0.010528,0.012488,-0.053142
8332,-0.162097,0.625270,9.906913,11.930356,-2.272849,-0.537289,1.509435,1.418998,-6.104955,0.998409,0.013812,0.011663,-0.053405
8333,-0.152671,0.668989,9.891678,13.639338,-2.213172,-0.506585,1.935120,1.344802,-6.124602,0.998350,0.017488,0.010815,-0.053608
8334,-0.121167,0.731958,9.889692,15.836474,-1.991456,-0.861988,2.425792,1.275648,-6.150078,0.998262,0.021733,0.009978,-0.053864
8335,-0.115429,0.868473,9.941295,18.764713,-2.074637,-1.138082,3.001672,1.209528,-6.186612,0.998130,0.026721,0.009123,-0.054217
8336,-0.094338,0.979958,9.949129,21.499361,-3.114588,-0.835840,3.671946,1.125102,-6.224506,0.997947,0.032522,0.008059,-0.054576
8337,-0.055296,1.078908,9.929002,24.424728,-4.099725,-0.831143,4.436646,1.007153,-6.260690,0.997703,0.039128,0.006656,-0.054904
8338,-0.120533,1.274068,9.939292,28.307001,-4.057696,-0.039077,5.315035,0.872933,-6.286668,0.997373,0.046712,0.005056,-0.055126
8339,-0.077754,1.437863,9.860998,30.056314,-4.853160,1.451851,6.287814,0.722870,-6.278292,0.996958,0.055106,0.003286,-0.055023
8340,-0.053797,1.578471,9.763498,31.039625,-3.805363,3.151836,7.306676,0.570607,-6.219133,0.996469,0.063895,0.001506,-0.054451
8341,-0.033377,1.705175,9.735497,31.442869,-1.704647,4.049177,8.348944,0.463426,-6.112819,0.995905,0.072905,0.000146,-0.053471
8342,-0.046816,1.862938,9.765492,30.933334,-0.282834,4.255253,9.389477,0.409453,-5.981332,0.995266,0.081921,-0.000714,-0.052290
8343,0.041625,2.025699,9.714540,28.177483,-0.257409,3.464930,10.375445,0.378542,-5.856227,0.994583,0.090469,-0.001333,-0.051172
8344,0.007132,2.199569,9.725198,26.631643,0.547625,2.436590,11.289495,0.364779,-5.758726,0.993874,0.098395,-0.001777,-0.050302
8345,-0.001268,2.259581,9.759369,23.699860,0.000870,0.933660,12.128664,0.362286,-5.701936,0.993152,0.105670,-0.002115,-0.049793
8346,0.012001,2.402886,9.677575,22.478291,-1.147106,-0.421247,12.898283,0.341702,-5.697725,0.992423,0.112329,-0.002623,-0.049721
8347,-0.015098,2.513051,9.661160,24.296331,-0.904899,-0.628667,13.677677,0.312353,-5.722568,0.991627,0.119063,-0.003241,-0.049887
8348,-0.028431,2.555578,9.654433,28.596630,-0.566387,-0.692689,14.559036,0.293940,-5.749927,0.990672,0.126678,-0.003814,-0.050077
8349,-0.055800,2.693202,9.603969,35.255653,-0.635127,-1.441894,15.622961,0.283879,-5.789514,0.989436,0.135864,-0.004413,-0.050369
8350,-0.031888,2.999528,9.505117,41.684719,-1.915420,-1.617353,16.904875,0.257316,-5.850375,0.987830,0.146910,-0.005283,-0.050807
8351,-0.038710,3.265246,9.476055,45.572227,-3.134713,-1.223630,18.358660,0.191432,-5.920885,0.985861,0.159397,-0.006592,-0.051251
8352,-0.009536,3.571384,9.318495,47.003445,-4.619537,-1.882784,19.901089,0.086337,-6.012016,0.983595,0.172599,-0.008321,-0.051782
8353,0.015559,3.830289,9.191698,45.268745,-5.578000,-2.137543,21.438612,-0.049119,-6.134554,0.981147,0.185709,-0.010373,-0.052495
8354,0.087340,4.038038,9.044177,40.880470,-6.068190,-1.765074,22.874460,-0.204409,-6.267867,0.978694,0.197902,-0.012587,-0.053231
8355,0.071732,4.240953,8.961238,38.196484,-4.298506,-1.842747,24.192791,-0.338811,-6.391852,0.976306,0.209069,-0.014569,-0.053894
8356,0.101632,4.368115,8.838211,36.241570,-2.037354,-1.882317,25.433905,-0.408554,-6.492638,0.973942,0.219583,-0.015938,-0.054456
8357,0.084897,4.534511,8.829566,35.691597,0.126211,-1.070453,26.633055,-0.415501,-6.551005,0.971564,0.229751,-0.016683,-0.054767
8358,0.067984,4.747221,8.769958,36.226357,0.934913,-0.049609,27.831594,-0.391089,-6.559643,0.969102,0.239911,-0.017067,-0.054713
8359,0.020985,4.931218,8.764700,36.907467,1.653781,1.184766,29.050097,-0.362053,-6.522480,0.966511,0.250222,-0.017321,-0.054279
8360,0.026619,5.053781,8.615816,37.043549,0.897180,2.472494,30.281996,-0.355155,-6.448480,0.963799,0.260612,-0.017678,-0.053483
8361,0.018481,5.298603,8.496523,36.602913,-0.282117,3.247512,31.508705,-0.395241,-6.361303,0.960998,0.270910,-0.018379,-0.052465
8362,0.042040,5.343980,8.446354,34.751991,-2.215252,3.901996,32.697189,-0.493808,-6.282367,0.958183,0.280829,-0.019553,-0.051369
8363,0.061204,5.523679,8.309392,35.502300,-4.023322,3.921727,33.867420,-0.652300,-6.230237,0.955303,0.290534,-0.021265,-0.050330
8364,0.109265,5.655257,8.134987,35.788807,-6.057302,4.657159,35.055149,-0.871793,-6.207299,0.952270,0.300322,-0.023549,-0.049339
8365,0.172006,5.789343,7.996753,37.254810,-7.677897,5.711600,36.272259,-1.158546,-6.200189,0.949051,0.310285,-0.026427,-0.048249
8366,0.242146,5.989126,7.880191,42.053452,-8.216747,6.467052,37.593803,-1.492224,-6.196980,0.945429,0.321050,-0.029724,-0.046976
8367,0.313272,6.241326,7.632176,44.363827,-7.669250,6.462658,39.033722,-1.833476,-6.192072,0.941336,0.332739,-0.033100,-0.045563
8368,0.404111,6.386093,7.462735,42.913147,-6.592399,6.694884,40.487507,-2.156346,-6.175616,0.937052,0.344500,-0.036264,-0.044029
8369,0.491476,6.585703,7.374563,42.190079,-4.732916,5.556983,41.904499,-2.432718,-6.146305,0.932733,0.355932,-0.038962,-0.042475
8370,0.475071,6.735472,7.316557,37.665436,-1.596115,2.452094,43.234032,-2.600623,-6.119541,0.928549,0.366655,-0.040726,-0.041263
8371,0.413758,6.811721,7.286587,30.895256,0.509614,0.511136,44.375530,-2.647867,-6.096785,0.924858,0.375870,-0.041441,-0.040515
8372,0.394676,6.934471,7.284146,26.290947,1.056197,-0.001827,45.327427,-2.635332,-6.072552,0.921713,0.383555,-0.041595,-0.040017
8373,0.353320,6.980094,7.280879,24.165413,0.576032,-0.038856,46.167442,-2.615853,-6.053577,0.918883,0.390318,-0.041666,-0.039626
8374,0.303954,7.095137,7.223320,23.206650,-1.417623,0.647191,46.957081,-2.632879,-6.056778,0.916170,0.396631,-0.042085,-0.039304
8375,0.399970,7.195023,6.995032,27.869640,-5.160123,3.709216,47.809784,-2.760589,-6.088219,0.913183,0.403361,-0.043504,-0.038788
8376,0.472139,7.203719,6.823883,30.851320,-7.546454,4.607858,48.791710,-3.004982,-6.153956,0.909669,0.411019,-0.046008,-0.038054
8377,0.540560,7.350078,6.559075,33.947830,-9.315001,4.452297,49.877907,-3.302690,-6.268778,0.905689,0.419418,-0.049137,-0.037426
8378,0.609082,7.508933,6.317256,35.378845,-9.135087,4.454017,51.041817,-3.612972,-6.411648,0.901328,0.428362,-0.052485,-0.036881
8379,0.655539,7.574270,6.144423,34.727245,-7.087483,3.439510,52.218658,-3.883883,-6.542267,0.896829,0.437380,-0.055477,-0.036320
8380,0.604949,7.680352,6.225681,30.310383,-4.961771,1.107855,53.310429,-4.065634,-6.656714,0.892577,0.445741,-0.057678,-0.035969
8381,0.639152,7.920936,6.083307,27.751638,-4.811863,0.530718,54.286350,-4.183879,-6.772508,0.888707,0.453197,-0.059356,-0.035903
8382,0.634186,7.980274,6.010174,24.692375,-3.468620,-0.217412,55.168438,-4.267865,-6.882471,0.885154,0.459915,-0.060719,-0.035954
8383,0.616289,8.017920,5.966381,23.512436,-2.676085,-1.632520,55.979443,-4.300310,-6.984725,0.881844,0.466094,-0.061637,-0.036177
8384,0.617135,8.113460,5.861216,25.264980,-3.391071,-2.521288,56.801559,-4.298640,-7.107691,0.878439,0.472343,-0.062389,-0.036684
8385,0.693107,8.212687,5.609790,29.111525,-4.196268,-2.141818,57.718933,-4.301706,-7.256518,0.874581,0.479276,-0.063326,-0.037306
8386,0.694437,8.269396,5.492192,31.719339,-3.820589,-2.271780,58.744179,-4.309503,-7.409212,0.870209,0.486991,-0.064366,-0.037864
8387,0.711826,8.437027,5.331607,32.947777,-4.441373,-2.181973,59.833656,-4.315960,-7.565960,0.865488,0.495149,-0.065449,-0.038406
8388,0.771229,8.588839,5.140130,32.174561,-5.520085,-0.888021,60.931774,-4.353550,-7.736016,0.860646,0.503297,-0.066842,-0.038888
8389,0.811684,8.615170,4.964508,29.700031,-5.774972,1.277525,61.975414,-4.449239,-7.898609,0.855974,0.510953,-0.068631,-0.039062
8390,0.804861,8.645083,4.882493,24.879717,-4.331499,1.312949,62.895203,-4.565420,-8.028169,0.851804,0.517647,-0.070389,-0.038943
8391,0.801330,8.678328,4.801735,22.068449,-3.022183,0.138195,63.685577,-4.642067,-8.127095,0.848182,0.523394,-0.071673,-0.038836
8392,0.804130,8.645354,4.720886,21.307474,-1.865370,-0.664301,64.414742,-4.669809,-8.204508,0.844809,0.528712,-0.072480,-0.038820
8393,0.776110,8.649889,4.645896,21.008356,-0.297986,-2.092523,65.124237,-4.643583,-8.256944,0.841501,0.533918,-0.072771,-0.038879
8394,0.671492,8.723925,4.330157,21.655807,0.900280,-3.641723,65.837730,-4.552426,-8.287668,0.838146,0.539193,-0.072492,-0.039083
8396,0.638208,8.785795,4.145523,26.811806,0.949614,-3.134384,66.646843,-4.436621,-8.305094,0.834305,0.545170,-0.072009,-0.039253
8397,0.652836,8.917775,4.004010,29.043039,-0.466003,-1.514619,67.579453,-4.362089,-8.327800,0.829827,0.551980,-0.071898,-0.039192
8398,0.690059,8.995196,3.904608,29.345533,-1.626917,-1.158065,68.556229,-4.333842,-8.376781,0.825073,0.559023,-0.072265,-0.039069
8399,0.679037,9.088195,3.733801,29.307713,-2.211094,-1.745927,69.539543,-4.311587,-8.453985,0.820217,0.566049,-0.072821,-0.039111
8400,0.753468,9.235891,3.748183,28.335657,-2.863996,-2.763891,70.508080,-4.269899,-8.559473,0.815363,0.572924,-0.073381,-0.039455
8401,0.749651,9.318677,3.595244,23.206537,-3.526114,-4.083744,71.377258,-4.196880,-8.697821,0.810938,0.579055,-0.073862,-0.040248
8402,0.704992,9.284561,3.412434,21.333788,-2.941529,-5.202255,72.130486,-4.083768,-8.849133,0.807045,0.584357,-0.074103,-0.041408
8403,0.633590,9.232371,3.214360,21.974407,-2.175295,-5.226923,72.861618,-3.943662,-8.983150,0.803229,0.589509,-0.074077,-0.042600
8404,0.617713,9.275088,3.106966,24.914707,-1.972102,-4.699337,73.650772,-3.805115,-9.097263,0.799083,0.595054,-0.073999,-0.043610
8405,0.636929,9.275488,3.027180,26.557720,-1.378319,-3.100366,74.514450,-3.695383,-9.186743,0.794520,0.601081,-0.074037,-0.044251
8406,0.666387,9.386326,2.900808,29.564724,0.173662,-1.308821,75.452217,-3.629542,-9.225151,0.789546,0.607586,-0.074149,-0.044259
8407,0.684804,9.478868,2.734030,31.053543,1.519568,-0.333401,76.461113,-3.596005,-9.204268,0.784167,0.614551,-0.074195,-0.043643
8408,0.704707,9.640944,2.604835,30.558725,1.864427,-0.400036,77.484627,-3.571275,-9.151926,0.778661,0.621582,-0.074131,-0.042758
8409,0.673188,9.708239,2.425642,27.753675,2.224560,-0.381260,78.452446,-3.544311,-9.087881,0.773400,0.628197,-0.073957,-0.041847
8410,0.625032,9.738853,2.238882,25.824619,2.242939,-2.061088,79.341339,-3.489993,-9.022547,0.768515,0.634257,-0.073555,-0.041136
8411,0.589661,9.721361,2.146097,23.259079,0.886519,-4.800139,80.157509,-3.368200,-8.991633,0.763960,0.639819,-0.072864,-0.041089
8412,0.567093,9.712853,2.088589,22.394390,-0.330998,-7.243239,80.919754,-3.168797,-9.015704,0.759627,0.645007,-0.071955,-0.041891
8413,0.529116,9.678767,1.976153,22.952969,-0.417789,-8.497645,81.678284,-2.911458,-9.067933,0.755251,0.650162,-0.070837,-0.043225
8414,0.512155,9.668468,1.862718,24.480330,-0.377947,-9.848083,82.471474,-2.610476,-9.123345,0.750621,0.655538,-0.069486,-0.044826
8415,0.428846,9.681901,1.695364,27.013308,-0.222150,-10.756012,83.331886,-2.270968,-9.175794,0.745547,0.661342,-0.067921,-0.046611
8416,0.340759,9.665410,1.488589,30.623899,-0.141128,-11.476473,84.294121,-1.903258,-9.221770,0.739819,0.667782,-0.066210,-0.048485
8417,0.232833,9.696597,1.246637,33.664280,-0.073850,-11.234346,85.366615,-1.526637,-9.259411,0.733378,0.674883,-0.064477,-0.050328
8418,0.150007,9.720552,1.017209,35.951321,-0.534557,-11.225924,86.527603,-1.153988,-9.295887,0.726334,0.682476,-0.062843,-0.052127
8419,0.104155,9.774259,0.848030,37.759300,-1.114315,-10.352309,87.756729,-0.796256,-9.341198,0.718794,0.690404,-0.061430,-0.053892
8420,0.111781,9.816201,0.698166,37.882359,-1.028805,-8.961093,89.017761,-0.475595,-9.385832,0.710983,0.698421,-0.060303,-0.055446
8421,0.095947,9.864037,0.522797,36.947594,-0.387887,-7.560333,90.264908,-0.200427,-9.411032,0.703193,0.706248,-0.059371,-0.056637
8422,0.076502,9.861878,0.364591,34.758175,0.056173,-6.469094,91.459846,0.033473,-9.412930,0.695671,0.713660,-0.058550,-0.057483
8423,0.044127,9.889576,0.183788,32.937733,0.449872,-5.548627,92.588005,0.233353,-9.397371,0.688514,0.720579,-0.057814,-0.058067
8424,-0.007093,9.897910,-0.052622,31.115828,0.503282,-5.439986,93.655586,0.415368,-9.371486,0.681686,0.727061,-0.057105,-0.058526
8425,-0.089663,9.892794,-0.245466,30.670485,-0.567932,-6.196789,94.685394,0.608867,-9.358475,0.675025,0.733252,-0.056404,-0.059172
8426,-0.139144,9.867327,-0.409464,30.450966,-1.860430,-6.590664,95.703743,0.824684,-9.379554,0.668349,0.739306,-0.055804,-0.060182
8427,-0.148399,9.861373,-0.572417,30.744062,-2.524257,-6.688467,96.722794,1.052497,-9.428295,0.661590,0.745293,-0.055336,-0.061445
8428,-0.146542,9.887089,-0.713431,31.038509,-2.753184,-6.262624,97.751213,1.277639,-9.488376,0.654707,0.751262,-0.054990,-0.062763
8429,-0.153472,9.870697,-0.860652,32.028538,-2.612820,-6.517077,98.800819,1.501244,-9.546194,0.647629,0.757287,-0.054678,-0.064058
8430,-0.150875,9.853185,-1.027942,33.589108,-2.127567,-6.522541,99.893135,1.728510,-9.588870,0.640212,0.763491,-0.054297,-0.065284
8431,-0.170704,9.841723,-1.217705,34.740681,-1.569037,-6.184453,101.031136,1.947975,-9.610974,0.632443,0.769879,-0.053876,-0.066334
8432,-0.200893,9.761201,-1.385563,35.176533,-0.873157,-6.001912,102.196335,2.155131,-9.609902,0.624444,0.776340,-0.053407,-0.067177
8433,-0.261277,9.656402,-1.581146,35.787830,0.318638,-5.042748,103.380157,2.336718,-9.578112,0.616286,0.782822,-0.052900,-0.067688
8434,-0.314040,9.606155,-1.785274,34.601646,1.350181,-3.020185,104.555672,2.460473,-9.518529,0.608174,0.789168,-0.052522,-0.067676
8435,-0.346077,9.566710,-2.016525,30.995506,1.949869,-0.596420,105.651817,2.504375,-9.449485,0.600608,0.794994,-0.052457,-0.067112
8436,-0.342455,9.540055,-2.162205,27.981403,1.498202,1.114740,106.636971,2.480109,-9.396454,0.593798,0.800145,-0.052788,-0.066215
8437,-0.324125,9.565829,-2.289786,24.648054,0.552159,2.702400,107.514648,2.409209,-9.382344,0.587709,0.804657,-0.053559,-0.065240
8438,-0.271235,9.575311,-2.395011,21.109867,-0.656281,2.802485,108.276001,2.322352,-9.412116,0.582393,0.808506,-0.054645,-0.064422
8439,-0.214697,9.561141,-2.480111,19.213223,-1.788329,2.641925,108.945312,2.249290,-9.479732,0.577673,0.811841,-0.055870,-0.063926
8440,-0.206482,9.555714,-2.547431,19.719570,-2.638029,1.523213,109.590569,2.208047,-9.572362,0.573069,0.815024,-0.057095,-0.063781
8441,-0.185872,9.550438,-2.661040,20.312719,-2.613350,-0.361483,110.254303,2.219650,-9.661373,0.568281,0.818288,-0.058041,-0.063974
8442,-0.202532,9.508501,-2.772588,21.468943,-2.420802,-1.174986,110.947891,2.273177,-9.731035,0.563241,0.821692,-0.058662,-0.064347
8443,-0.230400,9.462393,-2.884331,21.886637,-2.298478,-1.366027,111.668121,2.341241,-9.788998,0.557985,0.825204,-0.059150,-0.064748
8444,-0.243733,9.398689,-2.971909,21.274258,-2.264677,-1.988978,112.385368,2.421607,-9.838573,0.552723,0.828676,-0.059523,-0.065195
8445,-0.220892,9.349269,-3.029220,19.623974,-2.122491,-1.539087,113.065063,2.504098,-9.883372,0.547712,0.831938,-0.059837,-0.065653
8446,-0.247254,9.275476,-3.109299,18.017689,-1.952811,-0.265118,113.690163,2.558640,-9.933821,0.543097,0.834900,-0.060302,-0.065961
8447,-0.244709,9.254350,-3.226573,16.451054,-1.845685,0.061247,114.262093,2.587447,-9.990288,0.538869,0.837578,-0.060907,-0.066135
8448,-0.249183,9.238615,-3.318922,15.972424,-2.217670,0.308305,114.799568,2.609953,-10.054511,0.534881,0.840067,-0.061582,-0.066313
8449,-0.258460,9.194648,-3.407919,17.425619,-3.023015,0.263894,115.352379,2.638314,-10.137747,0.530752,0.842599,-0.062381,-0.066608
8450,-0.251546,9.162023,-3.500384,18.764406,-3.456011,0.718476,115.950691,2.670280,-10.242298,0.526261,0.845309,-0.063351,-0.066997
8451,-0.224609,9.135844,-3.591054,19.520271,-3.312127,2.258137,116.583008,2.675697,-10.365525,0.521512,0.848133,-0.064607,-0.067247
8452,-0.193269,9.098840,-3.694152,22.371206,-3.474834,3.314286,117.274551,2.644103,-10.508516,0.516325,0.851175,-0.066217,-0.067266
8453,-0.170057,9.080050,-3.783100,25.016039,-3.785457,4.269885,118.056732,2.588336,-10.674501,0.510450,0.854568,-0.068163,-0.067138
8454,-0.143093,9.061546,-3.874872,25.263382,-3.723677,4.603013,118.886635,2.517998,-10.855156,0.504199,0.858115,-0.070312,-0.066912
8455,-0.131424,8.956207,-3.993712,24.866657,-3.365811,3.739860,119.714668,2.454567,-11.026377,0.497938,0.861613,-0.072359,-0.066670
8456,-0.124393,8.872495,-4.102806,24.347866,-3.136094,3.064362,120.528458,2.410902,-11.177177,0.491755,0.865020,-0.074158,-0.066473
8457,-0.126249,8.806655,-4.177517,21.529318,-2.274644,2.871001,121.287682,2.372376,-11.305493,0.485971,0.868165,-0.075733,-0.066233
8458,-0.120196,8.750154,-4.269942,18.062019,-0.654807,2.911066,121.943733,2.315928,-11.397636,0.480988,0.870856,-0.077050,-0.065757
8459,-0.110927,8.747124,-4.414731,16.302221,0.540852,2.673398,122.514427,2.238251,-11.448861,0.476681,0.873185,-0.078092,-0.064995
8460,-0.079735,8.769948,-4.516284,15.714106,0.455281,2.510019,123.046776,2.156673,-11.481672,0.472670,0.875346,-0.078983,-0.064145
8461,-0.067752,8.750637,-4.598927,15.511683,0.100171,1.697623,123.566055,2.092981,-11.512467,0.468735,0.877440,-0.079771,-0.063426
8462,-0.061689,8.728635,-4.701193,16.476830,-0.394271,0.627837,124.098251,2.063522,-11.538165,0.464666,0.879582,-0.080382,-0.062933
8463,-0.049730,8.666220,-4.807113,17.971891,-1.598731,-1.285254,124.671608,2.091332,-11.559451,0.460224,0.881888,-0.080747,-0.062829
8464,-0.053730,8.572651,-4.846372,18.337811,-2.005096,-1.423684,125.275879,2.162761,-11.582893,0.455493,0.884305,-0.080972,-0.063046
8465,-0.075261,8.510376,-4.906507,18.305319,-1.419618,-1.095211,125.885735,2.230103,-11.604918,0.450710,0.886718,-0.081210,-0.063221
8466,-0.067471,8.466251,-4.964345,18.710579,-0.937875,-1.279425,126.502327,2.285256,-11.613235,0.445880,0.889138,-0.081398,-0.063242
8467,-0.085025,8.392828,-5.048965,19.111158,-0.811637,-1.944278,127.133018,2.345762,-11.604365,0.440932,0.891599,-0.081441,-0.063229
8468,-0.102476,8.344094,-5.114480,19.706980,-0.899049,-2.310101,127.780815,2.419407,-11.583875,0.435832,0.894108,-0.081354,-0.063263
8469,-0.120499,8.301748,-5.230994,20.704062,-1.654831,-3.367211,128.455383,2.520127,-11.558946,0.430487,0.896698,-0.081148,-0.063476
8470,-0.129152,8.285753,-5.332817,20.213326,-1.954342,-3.932966,129.138641,2.652639,-11.529621,0.425033,0.899296,-0.080799,-0.063920
8471,-0.141461,8.213772,-5.425298,19.667580,-1.554926,-3.796744,129.805038,2.789269,-11.492871,0.419696,0.901803,-0.080375,-0.064387
8472,-0.140840,8.163256,-5.512533,20.656862,-1.057763,-3.307939,130.479233,2.907868,-11.449758,0.414303,0.904307,-0.079978,-0.064691
8473,-0.143018,8.112301,-5.621990,21.871944,-0.116447,-1.985864,131.190216,2.987415,-11.406775,0.408638,0.906903,-0.079751,-0.064668
8474,-0.132737,8.059216,-5.737242,22.723875,1.653564,-0.494302,131.935898,3.001333,-11.360030,0.402742,0.909577,-0.079750,-0.064094
8475,-0.131267,7.889248,-5.833100,25.054613,2.936903,0.455608,132.735123,2.950300,-11.302840,0.396465,0.912397,-0.079918,-0.062933
8476,-0.141643,7.780481,-5.949319,27.709103,3.135311,-0.256289,133.618103,2.878640,-11.231141,0.389524,0.915465,-0.080074,-0.061500
8477,-0.140794,7.652416,-6.008895,29.029921,3.455752,-1.061380,134.568390,2.818008,-11.136893,0.382021,0.918722,-0.080030,-0.060035
8478,-0.110479,7.543352,-6.162816,29.807518,3.837290,-2.095369,135.554947,2.769180,-11.013688,0.374203,0.922058,-0.079714,-0.058549
8479,-0.113440,7.479351,-6.271654,30.003674,4.282978,-3.031704,136.559189,2.731100,-10.858113,0.366218,0.925405,-0.079091,-0.057044
8480,-0.106086,7.465475,-6.414284,29.769169,4.580654,-3.389760,137.563812,2.695930,-10.678967,0.358208,0.928700,-0.078247,-0.055504
8481,-0.098492,7.471196,-6.551050,28.476732,5.220171,-2.331762,138.542877,2.638221,-10.498675,0.350393,0.931844,-0.077431,-0.053814
8482,-0.067616,7.420187,-6.692323,27.287683,5.493558,-0.402429,139.479050,2.533325,-10.346929,0.342924,0.934768,-0.076948,-0.051871
8483,-0.084899,7.270702,-6.685540,25.786995,5.115362,0.654015,140.368317,2.395265,-10.236100,0.335819,0.937464,-0.076850,-0.049820
8484,-0.063662,7.114817,-6.734920,25.699039,2.841895,1.022141,141.228882,2.274789,-10.173841,0.328891,0.939990,-0.077061,-0.048076
8485,-0.013802,6.974161,-6.882990,26.677876,-0.005199,0.844001,142.101959,2.218312,-10.169005,0.321766,0.942467,-0.077545,-0.047010
8486,0.019078,6.860440,-7.061194,29.274599,-1.349057,0.919235,143.033005,2.218272,-10.206241,0.314083,0.945025,-0.078232,-0.046480
8487,0.023152,6.785486,-7.292912,31.284243,-1.562082,1.325607,144.039932,2.235004,-10.265275,0.305730,0.947709,-0.079080,-0.046086
8488,0.055865,6.708945,-7.496633,33.556595,-0.558793,2.528552,145.117691,2.226556,-10.338150,0.296781,0.950491,-0.080137,-0.045459
8489,0.073878,6.563680,-7.617313,35.755772,1.949247,4.529622,146.269577,2.141098,-10.422194,0.287248,0.953360,-0.081506,-0.044152
8490,0.076944,6.396391,-7.599033,37.406830,4.536689,6.184272,147.485611,1.953004,-10.512465,0.277233,0.956276,-0.083183,-0.041935
8491,0.119030,6.153925,-7.637470,37.806332,4.699481,6.489946,148.735901,1.710752,-10.610285,0.266945,0.959152,-0.085025,-0.039226
8492,0.171033,5.954546,-7.699808,37.531319,3.338004,5.097229,149.988617,1.497098,-10.708181,0.256586,0.961919,-0.086753,-0.036721
8493,0.215997,5.800149,-7.852513,37.421047,1.553966,3.454213,151.235550,1.356188,-10.792536,0.246193,0.964576,-0.088163,-0.034771
8494,0.255185,5.610860,-8.002712,37.803761,0.136281,2.229258,152.487503,1.286741,-10.862999,0.235677,0.967147,-0.089277,-0.033365
8495,0.265687,5.449536,-8.169885,38.970955,-1.069211,1.591724,153.765472,1.271872,-10.927007,0.224871,0.969663,-0.090214,-0.032367
8496,0.263840,5.324045,-8.304708,38.969189,-2.271639,1.791840,155.062607,1.297746,-11.002053,0.213838,0.972089,-0.091163,-0.031703
8497,0.252893,5.106603,-8.364892,39.376205,-2.753826,2.887592,156.365753,1.341945,-11.107697,0.202704,0.974377,-0.092337,-0.031227
8499,0.240151,4.950439,-8.512495,41.801945,-0.265039,3.270657,157.715851,1.348125,-11.221842,0.191175,0.976605,-0.093661,-0.030380
8500,0.247085,4.697896,-8.615533,42.970413,1.895716,4.407461,159.126022,1.275874,-11.330611,0.179177,0.978790,-0.095071,-0.028778
8501,0.275711,4.322902,-8.646192,43.948681,2.240763,5.152052,160.571777,1.156263,-11.456197,0.166888,0.980860,-0.096678,-0.026736
8502,0.336881,3.951845,-8.719170,48.412998,0.642054,5.245045,162.108002,1.055267,-11.604945,0.153781,0.982877,-0.098440,-0.024771
8503,0.360627,3.671234,-8.753391,50.781216,-0.132421,4.539931,163.758118,0.999285,-11.758539,0.139630,0.984854,-0.100176,-0.023057
8504,0.368124,3.336714,-8.779950,50.398434,-5.632603,4.620565,165.440948,1.051449,-11.931353,0.125073,0.986647,-0.101934,-0.022221
8505,0.349387,3.113913,-8.971370,49.428337,-11.471548,3.715327,167.100113,1.295165,-12.134610,0.110512,0.988175,-0.103758,-0.023040
8506,0.276545,2.952925,-9.213441,49.648281,-13.950566,2.613103,168.745911,1.687268,-12.327145,0.095902,0.989476,-0.105403,-0.025095
8507,0.166794,2.771469,-9.384677,49.513821,-12.352597,2.104337,170.392975,2.104143,-12.484188,0.081239,0.990580,-0.106801,-0.027291
8508,0.119613,2.535132,-9.705156,49.861458,-11.871681,2.515632,172.043320,2.491376,-12.621822,0.066559,0.991476,-0.108134,-0.029180
8509,0.141763,2.185665,-9.914939,49.474041,-8.553663,2.212781,173.692947,2.819248,-12.742307,0.051930,0.992169,-0.109422,-0.030514
8510,0.163331,1.928138,-9.988056,49.285263,-3.727424,0.905864,175.334946,3.018040,-12.813301,0.037495,0.992707,-0.110388,-0.030688
8511,0.227987,1.657881,-10.035056,46.902054,0.002318,0.354248,176.936401,3.078741,-12.837901,0.023552,0.993098,-0.111004,-0.029673
8512,0.273263,1.409200,-10.055346,41.906277,2.894892,-0.881061,178.416840,3.030932,-12.826737,0.010770,0.993340,-0.111288,-0.027821
8513,0.292628,1.209115,-9.909925,39.148621,6.500340,-2.758898,179.770813,2.875490,-12.763202,-0.000802,0.993494,-0.111065,-0.025157
8514,0.264295,1.104230,-9.767279,36.866245,8.167745,-4.014271,-178.957092,2.630458,-12.651553,-0.011572,0.993585,-0.110356,-0.021810
8515,0.249688,0.966917,-9.707213,34.782921,7.381085,-4.230600,-177.757416,2.367645,-12.521324,-0.021701,0.993590,-0.109410,-0.018399
8516,0.236421,0.856318,-9.692615,32.962917,6.105725,-4.044197,-176.623459,2.136447,-12.394541,-0.031296,0.993493,-0.108432,-0.015346
8517,0.250606,0.735370,-9.752929,31.485647,3.992329,-3.390957,-175.545410,1.960107,-12.282418,-0.040464,0.993294,-0.107544,-0.012836
8518,0.289524,0.537425,-9.841054,29.020933,1.428712,-1.938244,-174.534363,1.862401,-12.201854,-0.049128,0.992992,-0.106916,-0.011075
8519,0.343361,0.345635,-9.905062,28.048704,-0.289392,-0.845775,-173.581848,1.838643,-12.157832,-0.057354,0.992595,-0.106612,-0.010002
8520,0.361022,0.086689,-9.852201,30.037182,-0.177731,-1.113025,-172.612747,1.842391,-12.124599,-0.065747,0.992104,-0.106407,-0.009151
8521,0.333269,-0.070723,-9.902828,33.966938,-0.169884,-3.658568,-171.543549,1.837182,-12.044985,-0.074991,0.991523,-0.105795,-0.008165
8522,0.297694,-0.319175,-9.885302,35.542389,-1.910986,-4.969697,-170.380432,1.849014,-11.897431,-0.085052,0.990843,-0.104605,-0.007303
8523,0.294796,-0.568141,-9.897908,36.600945,-4.175623,-5.791083,-169.171768,1.917123,-11.702971,-0.095547,0.990052,-0.103051,-0.006950
8524,0.263068,-0.720935,-9.909093,37.369541,-5.880333,-7.634910,-167.930359,2.037050,-11.450451,-0.106355,0.989155,-0.101049,-0.007103
8525,0.230951,-0.820553,-9.937521,34.662975,-7.322706,-7.345527,-166.719177,2.197112,-11.158526,-0.116920,0.988189,-0.098759,-0.007713
8526,0.248669,-1.026123,-9.874179,28.617266,-8.885515,-4.338554,-165.654404,2.412979,-10.904915,-0.126255,0.987216,-0.096872,-0.008935
8527,0.258566,-1.167618,-9.813418,24.944237,-7.850876,-2.505150,-164.753693,2.653438,-10.723509,-0.134186,0.986274,-0.095651,-0.010456
8528,0.219637,-1.226970,-9.738792,23.149179,-5.300813,-2.270985,-163.945633,2.842936,-10.587612,-0.141271,0.985355,-0.094780,-0.011579
8529,0.202111,-1.362296,-9.703367,21.675785,-2.520271,-1.005335,-163.194077,2.952476,-10.498145,-0.147805,0.984445,-0.094222,-0.012014
8530,0.229188,-1.514295,-9.711559,20.783844,-0.983155,-0.444771,-162.484344,3.001032,-10.457659,-0.153931,0.983527,-0.094011,-0.011902
8531,0.249619,-1.576235,-9.704175,21.370386,1.129483,-1.042506,-161.780609,2.991057,-10.434723,-0.159959,0.982585,-0.093872,-0.011271
8532,0.315235,-1.706203,-9.679064,22.306194,3.118830,-2.313332,-161.051117,2.906116,-10.404123,-0.166145,0.981602,-0.093560,-0.009989
8533,0.376139,-1.855895,-9.699661,25.184614,4.066324,-4.751700,-160.256119,2.754151,-10.332492,-0.172833,0.980537,-0.092790,-0.008147
8534,0.378992,-1.993608,-9.644822,32.631748,8.317495,-6.918584,-159.287460,2.493349,-10.221174,-0.180918,0.979218,-0.091502,-0.005308
8535,0.369984,-2.190501,-9.616208,42.055103,13.178741,-9.567698,-158.037827,2.059687,-10.095322,-0.191268,0.977424,-0.089770,-0.000819
8536,0.423798,-2.464919,-9.561330,48.246891,14.366775,-11.139590,-156.528671,1.503015,-9.954025,-0.203727,0.975089,-0.087593,0.004851
8537,0.471249,-2.723850,-9.504313,51.423702,14.287982,-11.507646,-154.864746,0.912615,-9.806647,-0.217453,0.972289,-0.085151,0.010853
8538,0.522088,-2.970706,-9.393398,51.914829,13.749475,-9.446507,-153.141663,0.339717,-9.697725,-0.231655,0.969114,-0.082902,0.016758
8539,0.619297,-3.247940,-9.310131,47.280289,8.503226,-6.801087,-151.488770,-0.114572,-9.630466,-0.245298,0.965806,-0.081113,0.021636
8540,0.716317,-3.500350,-9.204270,40.802368,2.004152,-3.830883,-150.021301,-0.353828,-9.561977,-0.257490,0.962675,-0.079715,0.024529
8541,0.741597,-3.692719,-9.137810,36.675690,-0.933493,-1.880173,-148.730652,-0.417543,-9.489814,-0.268287,0.959774,-0.078680,0.025790
8542,0.715182,-3.881547,-9.055786,34.558418,-3.108415,-0.967121,-147.544083,-0.385368,-9.414269,-0.278251,0.956991,-0.077856,0.026151
8543,0.679680,-4.065935,-8.979843,32.279324,-5.294281,0.130606,-146.430740,-0.275492,-9.326493,-0.287631,0.954282,-0.077143,0.025771
8544,0.656732,-4.211057,-8.898461,30.264103,-7.138485,1.127620,-145.388763,-0.092112,-9.227942,-0.296443,0.951657,-0.076562,0.024694
8545,0.624315,-4.359133,-8.814112,28.727900,-8.009195,1.505067,-144.405579,0.139675,-9.118857,-0.304774,0.949101,-0.076060,0.023140
8546,0.568116,-4.522721,-8.702321,28.961834,-8.664819,1.737551,-143.443619,0.396114,-8.999001,-0.312920,0.946528,-0.075573,0.021332
8547,0.528573,-4.632936,-8.609633,30.418045,-9.035138,2.726888,-142.452927,0.676369,-8.880687,-0.321290,0.943793,-0.075195,0.019344
8548,0.495311,-4.784609,-8.521314,31.814684,-8.257917,2.530516,-141.414230,0.957226,-8.772000,-0.330021,0.940834,-0.074930,0.017405
8549,0.459446,-4.916871,-8.429352,33.145672,-7.045747,1.647395,-140.329651,1.198963,-8.664968,-0.339071,0.937665,-0.074598,0.015818
8550,0.446717,-5.070598,-8.341377,33.640362,-5.889941,0.622239,-139.214172,1.387952,-8.554454,-0.348307,0.934331,-0.074112,0.014666
8551,0.444284,-5.191933,-8.276549,33.648060,-4.698908,-0.564835,-138.089890,1.521049,-8.438430,-0.357547,0.930899,-0.073435,0.013948
8552,0.429146,-5.315420,-8.252316,33.344013,-3.428462,-1.681842,-136.970245,1.595679,-8.319182,-0.366681,0.927411,-0.072567,0.013679
8553,0.445068,-5.468946,-8.096341,33.149643,-3.972291,-1.781204,-135.858551,1.645223,-8.192164,-0.375703,0.923873,-0.071569,0.013566
8554,0.432857,-5.632564,-7.992669,32.036758,-3.385396,-2.008878,-134.768402,1.688018,-8.061005,-0.384513,0.920323,-0.070526,0.013462
8555,0.403332,-5.767704,-7.896849,30.932972,-2.469027,-2.309795,-133.715454,1.704517,-7.940803,-0.392976,0.916819,-0.069494,0.013565
8556,0.409638,-5.917647,-7.785282,29.259968,-2.330972,-1.798954,-132.709213,1.709358,-7.835511,-0.401027,0.913394,-0.068550,0.013768
8557,0.427229,-6.083619,-7.599123,27.117273,-2.037267,-1.744516,-131.766861,1.714554,-7.741899,-0.408539,0.910119,-0.067709,0.013956
8558,0.394391,-6.180992,-7.569968,25.324041,0.601695,-2.166193,-130.891083,1.681409,-7.680857,-0.415474,0.907018,-0.066998,0.014515
8559,0.421401,-6.320297,-7.492272,25.056522,1.337738,-2.563475,-130.050705,1.600365,-7.654140,-0.422080,0.903991,-0.066382,0.015547
8560,0.445012,-6.426706,-7.444721,27.320425,1.352026,-2.277280,-129.177353,1.509616,-7.637179,-0.428916,0.900791,-0.065790,0.016703
8561,0.438329,-6.517924,-7.337985,30.295254,0.925227,-1.220517,-128.216980,1.440380,-7.630380,-0.436419,0.897193,-0.065331,0.017770
8562,0.432811,-6.613613,-7.241460,32.409317,0.183929,-0.061472,-127.172035,1.412150,-7.632035,-0.444568,0.893185,-0.065070,0.018592
8563,0.432188,-6.715323,-7.103379,33.580215,-1.691249,1.230327,-126.072105,1.442762,-7.623601,-0.453137,0.888870,-0.064944,0.018945
8564,0.374812,-6.783231,-6.918688,33.394501,-2.876891,2.430666,-124.955292,1.536707,-7.597236,-0.461826,0.884392,-0.064930,0.018745
8565,0.325306,-6.914946,-6.692494,31.185600,-3.699598,2.779726,-123.877914,1.670307,-7.556022,-0.470187,0.879984,-0.064981,0.018158
8566,0.299274,-7.068865,-6.544751,28.273607,-3.197931,2.539837,-122.885590,1.807623,-7.508871,-0.477858,0.875852,-0.065031,0.017473
8567,0.271545,-7.187384,-6.457010,26.649529,-2.363673,2.640228,-121.969231,1.930179,-7.476908,-0.484904,0.871972,-0.065163,0.016924
8568,0.268299,-7.275106,-6.325397,26.047750,-2.164210,2.793959,-121.090416,2.046786,-7.459930,-0.491629,0.868190,-0.065401,0.016465
8569,0.295543,-7.405445,-6.230727,25.734413,-1.711356,2.788766,-120.227135,2.159739,-7.451814,-0.498203,0.864418,-0.065703,0.016069
8570,0.298573,-7.483308,-6.188918,26.060234,-0.162794,3.680580,-119.364967,2.268796,-7.478292,-0.504733,0.860583,-0.066257,0.015859
8571,0.259387,-7.557277,-6.072810,26.634516,0.937117,4.311437,-118.489822,2.379016,-7.554073,-0.511324,0.856610,-0.067190,0.015878
8572,0.252768,-7.633209,-5.960445,27.300272,1.185508,4.219003,-117.595131,2.487781,-7.652216,-0.518026,0.852484,-0.068284,0.016035
8573,0.283302,-7.746171,-5.835872,28.509274,1.111990,2.405097,-116.668762,2.568557,-7.736699,-0.524920,0.848180,-0.069145,0.016374
8574,0.275434,-7.842449,-5.767705,30.575739,1.285717,1.140319,-115.686874,2.604019,-7.798573,-0.532174,0.843597,-0.069622,0.016992
8575,0.241317,-7.939626,-5.605058,32.187397,-0.116933,0.998661,-114.642403,2.628035,-7.831300,-0.539845,0.838679,-0.069816,0.017604
8576,0.244017,-7.970224,-5.425148,32.520374,-2.217035,0.759359,-113.562950,2.670767,-7.807765,-0.547741,0.833550,-0.069679,0.017837
8577,0.204671,-8.076708,-5.213650,30.842329,-2.953072,-0.522119,-112.503357,2.708275,-7.729980,-0.555452,0.828478,-0.069130,0.017832
8578,0.156092,-8.257980,-5.037693,28.955681,-2.673043,0.282544,-111.502617,2.739800,-7.641389,-0.562692,0.823633,-0.068489,0.017772
8579,0.133888,-8.356456,-4.876996,28.760071,-2.551874,2.959679,-110.537758,2.821442,-7.579470,-0.569645,0.818862,-0.068298,0.017456
8580,0.124829,-8.367105,-4.741932,28.266827,-1.944006,3.010705,-109.585556,2.940533,-7.543350,-0.576476,0.814061,-0.068491,0.016993
8581,0.139151,-8.535381,-4.627887,27.227236,-0.130653,2.764017,-108.660652,3.042747,-7.542203,-0.583062,0.809329,-0.068861,0.016816
8582,0.158227,-8.611080,-4.552894,28.441313,1.321097,4.453466,-107.735954,3.150706,-7.598652,-0.589601,0.804507,-0.069672,0.016901
8583,0.118790,-8.599223,-4.445426,28.902668,2.510379,5.370728,-106.786438,3.287986,-7.708454,-0.596274,0.799452,-0.071006,0.017089
8584,0.081699,-8.615267,-4.306279,27.520357,2.913741,4.310495,-105.853867,3.417330,-7.840804,-0.602782,0.794418,-0.072459,0.017463
8585,0.054704,-8.679041,-4.112490,25.921427,3.497093,4.055991,-104.971710,3.523330,-7.981050,-0.608891,0.789603,-0.073849,0.018033
8586,-0.035911,-8.620943,-4.026544,25.973372,3.749212,3.540817,-104.116127,3.615502,-8.130013,-0.614774,0.784884,-0.075225,0.018749
8587,-0.074335,-8.711846,-3.853747,23.986526,2.481384,3.282330,-103.291679,3.701370,-8.258058,-0.620411,0.780304,-0.076422,0.019396
8588,-0.102067,-8.773319,-3.746378,23.333487,1.308086,2.933923,-102.508606,3.788314,-8.342940,-0.625741,0.775935,-0.077335,0.019791
8589,-0.131361,-8.811067,-3.636923,21.642712,0.441451,3.372981,-101.762421,3.885010,-8.393653,-0.630801,0.771749,-0.078075,0.019919
8590,-0.102960,-8.892529,-3.579943,20.270651,-0.405340,3.808867,-101.065575,4.002252,-8.418031,-0.635514,0.767808,-0.078762,0.019740
8591,-0.065835,-9.014670,-3.454506,18.659035,-0.521161,3.681297,-100.417358,4.127809,-8.426188,-0.639883,0.764114,-0.079400,0.019390
8592,-0.072505,-8.961238,-3.383294,18.899830,0.934755,3.188760,-99.793373,4.239326,-8.453146,-0.644061,0.760526,-0.080095,0.019230
8593,-0.072591,-8.908659,-3.319069,17.566944,2.752345,2.946358,-99.191399,4.329978,-8.530799,-0.648060,0.757017,-0.081015,0.019487
8594,-0.056859,-9.035398,-3.193648,16.527033,4.270860,1.586785,-98.632874,4.386397,-8.658495,-0.651735,0.753721,-0.082078,0.020235
8595,-0.039117,-9.020719,-3.037791,17.971737,5.896164,1.589624,-98.071388,4.414098,-8.834292,-0.655396,0.750372,-0.083286,0.021460
8596,-0.029925,-9.037678,-2.838756,24.377781,6.288464,4.213826,-97.382248,4.482589,-9.049155,-0.659875,0.746212,-0.084947,0.022750
8597,-0.018906,-9.369770,-2.657630,32.193192,5.409569,4.692402,-96.456284,4.606510,-9.261334,-0.665875,0.740607,-0.086847,0.023863
8598,-0.028961,-9.460752,-2.490343,37.303802,3.651652,2.170851,-95.311325,4.704979,-9.423771,-0.673235,0.733720,-0.088218,0.025049
8599,-0.099296,-9.402041,-2.304134,39.591457,2.856504,3.542072,-94.039474,4.791248,-9.539782,-0.681334,0.726048,-0.089179,0.026166
8600,-0.170111,-9.606306,-2.126479,40.446159,1.554632,5.189856,-92.712692,4.932259,-9.622141,-0.689714,0.717938,-0.090229,0.026803
8602,-0.245515,-9.604548,-1.999998,38.215096,-0.345482,2.302957,-91.404060,5.056438,-9.647009,-0.697894,0.709898,-0.090822,0.027209
8603,-0.303703,-9.447893,-1.753064,32.882938,-0.940986,1.671704,-90.217415,5.123151,-9.626174,-0.705229,0.702597,-0.090815,0.027607
8604,-0.307366,-9.534781,-1.532890,29.615442,-1.023861,3.697189,-89.172890,5.212507,-9.592791,-0.711633,0.696095,-0.090907,0.027680
8605,-0.291452,-9.571498,-1.314648,29.633553,-1.680574,2.231185,-88.181137,5.310253,-9.545426,-0.717664,0.689869,-0.090987,0.027576
8606,-0.312671,-9.481380,-1.115089,29.996761,-2.453336,0.229479,-87.180809,5.348481,-9.474517,-0.723684,0.683604,-0.090559,0.027691
8607,-0.288047,-9.560396,-0.979374,28.447971,-2.196164,1.206274,-86.199432,5.367941,-9.395288,-0.729535,0.677428,-0.089973,0.027845
8608,-0.299030,-9.499990,-0.830050,27.361376,-1.528577,1.212483,-85.263206,5.403512,-9.330169,-0.735068,0.671467,-0.089588,0.027951
8609,-0.336828,-9.428784,-0.694132,27.542654,-0.819830,1.432477,-84.344124,5.443827,-9.287014,-0.740447,0.665551,-0.089369,0.028154
8610,-0.359241,-9.505781,-0.557227,26.222290,-0.118747,2.195869,-83.445999,5.502242,-9.264948,-0.745655,0.659698,-0.089396,0.028371
8611,-0.379369,-9.532628,-0.394490,24.357185,0.739458,2.130760,-82.603218,5.575032,-9.266528,-0.750498,0.654136,-0.089667,0.028619
8612,-0.391217,-9.582840,-0.183227,23.609383,1.397689,1.650616,-81.806442,5.642248,-9.293412,-0.755030,0.648827,-0.090058,0.029034
8613,-0.394552,-9.651736,-0.021533,23.800390,1.213521,1.568683,-81.019791,5.701751,-9.328583,-0.759465,0.643552,-0.090446,0.029548
8614,-0.401200,-9.712395,0.145745,25.035362,0.486046,0.737453,-80.208076,5.744299,-9.350362,-0.764004,0.638104,-0.090637,0.030094
8615,-0.397993,-9.691677,0.289153,27.715536,-0.279651,-0.672166,-79.329262,5.746016,-9.353510,-0.768875,0.632222,-0.090433,0.030799
8616,-0.391140,-9.642367,0.400265,30.004965,-0.808886,-1.477578,-78.366219,5.707390,-9.342488,-0.774160,0.625779,-0.089851,0.031697
8617,-0.388544,-9.585591,0.559484,31.311565,-1.103189,-2.090724,-77.342506,5.642571,-9.323700,-0.779718,0.618906,-0.089025,0.032724
8618,-0.378108,-9.544411,0.713821,32.637955,-1.180882,-2.250646,-76.274757,5.563454,-9.303007,-0.785448,0.611694,-0.088067,0.033837
8619,-0.385191,-9.501005,0.952547,32.987926,-0.906174,-2.128186,-75.179573,5.484160,-9.287210,-0.791256,0.604236,-0.087112,0.034990
8620,-0.366879,-9.465377,1.157651,33.008625,-1.202274,-1.740149,-74.078133,5.412668,-9.270360,-0.797025,0.596674,-0.086189,0.036085
8621,-0.345398,-9.453757,1.332018,32.583813,-1.380989,-1.315536,-72.982506,5.351664,-9.243419,-0.802697,0.589096,-0.085277,0.037035
8622,-0.337130,-9.434109,1.525890,31.650877,-1.013523,-0.845170,-71.909508,5.305323,-9.216142,-0.808183,0.581611,-0.084463,0.037878
8623,-0.358309,-9.456537,1.724869,30.835522,-0.755989,-0.470826,-70.866226,5.275113,-9.195145,-0.813449,0.574269,-0.083796,0.038649
8624,-0.360402,-9.454691,1.880516,30.030821,-0.971530,-0.665527,-69.849960,5.247593,-9.174340,-0.818515,0.567070,-0.083152,0.039379
8625,-0.365765,-9.425958,2.045681,29.354202,-1.142868,-1.261484,-68.858307,5.205128,-9.152577,-0.823397,0.560015,-0.082398,0.040151
8626,-0.363520,-9.459868,2.252824,28.120707,-1.697279,-2.330426,-67.898483,5.132036,-9.130497,-0.828062,0.553172,-0.081426,0.041037
8627,-0.364034,-9.457482,2.415005,27.808947,-3.168835,-4.134803,-66.963425,5.001428,-9.096744,-0.832552,0.546524,-0.079983,0.042084
8628,-0.322218,-9.316290,2.504848,27.829687,-4.675559,-6.293197,-66.031815,4.789968,-9.045820,-0.836973,0.539937,-0.077861,0.043368
8629,-0.267862,-9.204543,2.610531,27.545019,-5.172238,-6.733492,-65.104111,4.524467,-8.985822,-0.841322,0.533388,-0.075287,0.044804
8630,-0.233082,-9.179437,2.729196,27.012932,-5.180718,-6.084278,-64.189919,4.257568,-8.921135,-0.845555,0.526902,-0.072668,0.046165
8631,-0.218045,-9.113916,2.889946,27.295633,-4.668895,-5.402857,-63.280323,4.013281,-8.858516,-0.849715,0.520393,-0.070209,0.047395
8632,-0.193506,-9.103018,3.086302,27.554127,-4.138803,-4.513721,-62.362461,3.799209,-8.803356,-0.853859,0.513759,-0.067990,0.048513
8633,-0.161777,-9.045689,3.295816,28.124277,-4.416010,-3.796913,-61.430637,3.609877,-8.742786,-0.858016,0.506970,-0.065912,0.049455
8634,-0.137155,-9.054999,3.481014,27.097059,-4.966444,-3.533235,-60.505581,3.427224,-8.665250,-0.862095,0.500200,-0.063802,0.050206
8635,-0.090739,-8.902585,3.616102,26.179848,-5.576495,-3.745637,-59.612347,3.234461,-8.573369,-0.865988,0.493649,-0.061560,0.050844
8636,-0.049471,-8.751840,3.624332,25.123558,-5.852480,-2.383328,-58.751236,3.049195,-8.461911,-0.869703,0.487312,-0.059299,0.051253
8637,-0.022741,-8.560086,3.679078,23.239841,-4.665169,0.163113,-57.938438,2.925777,-8.331999,-0.873182,0.481280,-0.057450,0.051204
8638,-0.031445,-8.535358,3.778879,21.072123,-2.981930,3.915170,-57.192574,2.914829,-8.187940,-0.876359,0.475665,-0.056434,0.050521
8639,-0.064320,-8.442508,3.883867,20.860569,-1.756389,7.452301,-56.484882,3.030286,-8.018193,-0.879365,0.470252,-0.056309,0.049089
8640,-0.217387,-8.901866,4.089064,20.859188,-0.010184,10.159840,-55.779236,3.257649,-7.830078,-0.882339,0.464774,-0.056989,0.047057
8641,-0.324825,-8.807410,4.431411,23.861197,-0.001632,6.457569,-55.024612,3.485508,-7.672553,-0.885455,0.458886,-0.057804,0.045295
8642,-0.371213,-8.747603,4.507551,28.753004,-1.930878,3.855719,-54.139957,3.606762,-7.546246,-0.889024,0.452023,-0.057894,0.044278
8643,-0.368971,-8.696850,4.638218,33.325726,-3.522918,0.805187,-53.097874,3.615340,-7.426512,-0.893144,0.443974,-0.057091,0.043836
8644,-0.348398,-8.653429,4.785503,36.833199,-4.536746,-3.116786,-51.923519,3.502943,-7.342968,-0.897679,0.434909,-0.055443,0.044194
8645,-0.233243,-8.143313,4.958239,37.861683,-4.430866,-6.323378,-50.677685,3.286570,-7.324380,-0.902360,0.425266,-0.053190,0.045457
8646,-0.145397,-8.178619,5.029445,36.599903,-3.368627,-4.867104,-49.437965,3.059959,-7.344287,-0.906897,0.415607,-0.050977,0.047016
8647,-0.094499,-8.123866,5.267992,34.686005,-1.665713,-5.376379,-48.252579,2.876234,-7.393668,-0.911122,0.406293,-0.049204,0.048589
8648,-0.108051,-7.967081,5.443555,33.159897,-0.547244,-5.499451,-47.126591,2.717236,-7.488551,-0.915024,0.397377,-0.047785,0.050383
8649,-0.115150,-7.868535,5.662029,32.966206,0.539291,-3.501214,-46.029419,2.608120,-7.591704,-0.918737,0.388622,-0.046777,0.052038
8650,-0.126762,-7.736173,5.817922,34.658794,-0.478332,-1.476816,-44.905121,2.549746,-7.650841,-0.922476,0.379601,-0.045991,0.053166
8651,-0.121105,-7.601465,5.945323,37.454674,-1.291441,1.119932,-43.702629,2.524672,-7.634544,-0.926415,0.369922,-0.045175,0.053595
8652,-0.114380,-7.492450,6.073766,38.707691,-1.715473,2.827099,-42.429779,2.533190,-7.552301,-0.930505,0.359636,-0.044388,0.053399
8653,-0.091908,-7.455627,6.271712,37.019970,-0.789166,2.718368,-41.163517,2.563801,-7.455569,-0.934468,0.349350,-0.043750,0.053003
8654,-0.085707,-7.308222,6.450066,34.816414,1.229566,1.217932,-39.964359,2.611983,-7.410527,-0.938094,0.339541,-0.043453,0.052945
8655,-0.111337,-7.227628,6.546537,34.155338,3.466494,-0.056631,-38.816559,2.684540,-7.445332,-0.941432,0.330071,-0.043616,0.053453
8656,-0.154621,-7.077245,6.703139,31.751451,5.279325,-1.251714,-37.723351,2.785261,-7.552929,-0.944486,0.320972,-0.044235,0.054469
8657,-0.208311,-6.949667,6.872499,31.200203,6.253059,-1.154162,-36.681622,2.913913,-7.701324,-0.947290,0.312236,-0.045205,0.055741
8658,-0.272454,-6.746803,6.950755,32.709129,6.113081,0.222311,-35.623596,3.071109,-7.835692,-0.950061,0.303324,-0.046346,0.056850
8659,-0.321879,-6.613805,7.084149,33.511665,4.885300,1.086227,-34.524857,3.233749,-7.923334,-0.952873,0.294060,-0.047375,0.057598
8660,-0.338459,-6.449670,7.186255,35.325943,2.406290,0.518854,-33.380322,3.349599,-7.969035,-0.955732,0.284434,-0.047876,0.058158
8661,-0.364834,-6.280996,7.332516,35.466415,0.253804,-0.033261,-32.201588,3.391323,-7.986053,-0.958595,0.274554,-0.047664,0.058688
8662,-0.370773,-6.124735,7.461584,35.272835,-2.229812,-1.330002,-31.022848,3.351426,-7.987960,-0.961371,0.264704,-0.046728,0.059285
8663,-0.347974,-5.986984,7.628572,36.559467,-4.373234,-2.828177,-29.825996,3.221462,-7.991755,-0.964092,0.254732,-0.045022,0.060095
8664,-0.287507,-5.852345,7.779742,39.985477,-7.604857,-2.881375,-28.549622,3.000777,-7.977242,-0.966895,0.244126,-0.042459,0.060947
8665,-0.218985,-5.643580,8.059461,41.614338,-8.923259,-0.781554,-27.186043,2.728896,-7.902151,-0.969790,0.232804,-0.039280,0.061373
8666,-0.175554,-5.462905,8.250583,46.051399,-8.590775,1.356447,-25.718847,2.472111,-7.763435,-0.972781,0.220574,-0.036045,0.061194
8667,-0.151903,-5.243249,8.428120,48.634647,-7.182494,3.122239,-24.133633,2.265366,-7.585047,-0.975846,0.207275,-0.033113,0.060546
8668,-0.117705,-5.021427,8.569572,48.123360,-5.301155,4.087030,-22.513939,2.122009,-7.392511,-0.978787,0.193599,-0.030705,0.059609
8669,-0.145960,-4.753462,8.655920,44.665455,-1.558042,4.029593,-20.961624,2.065968,-7.224683,-0.981409,0.180398,-0.029151,0.058671
8670,-0.192915,-4.562145,8.682819,41.411701,1.135583,3.111727,-19.523102,2.100429,-7.110903,-0.983652,0.168073,-0.028541,0.058005
8671,-0.214591,-4.367564,8.758613,36.778065,2.111256,1.664478,-18.217976,2.177215,-7.053296,-0.985526,0.156831,-0.028460,0.057724
8672,-0.248962,-4.176347,8.871176,33.551186,2.791016,1.148096,-17.045193,2.269130,-7.033430,-0.987082,0.146690,-0.028634,0.057722
8673,-0.309692,-3.973561,8.945518,32.185982,3.159709,1.060580,-15.949401,2.374613,-7.026359,-0.988432,0.137188,-0.028982,0.057803
8674,-0.355565,-3.778178,9.002192,33.317303,1.439663,1.562150,-14.856865,2.460102,-7.004596,-0.989697,0.127716,-0.029143,0.057792
8675,-0.350623,-3.620487,9.072045,33.932865,-1.111987,1.929442,-13.733770,2.479831,-6.949380,-0.990926,0.118013,-0.028689,0.057576
8676,-0.345847,-3.448558,9.165000,33.739651,-3.830068,2.421830,-12.602193,2.416229,-6.859732,-0.992096,0.108279,-0.027484,0.057142
8677,-0.320656,-3.282962,9.295816,34.507793,-5.080311,1.923884,-11.460680,2.286185,-6.757655,-0.993193,0.098483,-0.025699,0.056643
8678,-0.271261,-3.141406,9.417487,35.530701,-5.245796,1.892859,-10.289850,2.129169,-6.662554,-0.994213,0.088433,-0.023683,0.056202
8679,-0.245316,-2.980322,9.499283,34.053974,-3.383439,1.552079,-9.127328,1.997101,-6.581663,-0.995114,0.078426,-0.021910,0.055829
8680,-0.262386,-2.745398,9.539396,33.442474,-0.530625,0.758162,-8.000870,1.938293,-6.533989,-0.995867,0.068679,-0.020821,0.055664
8681,-0.283639,-2.574134,9.557410,33.343727,2.229354,-0.400382,-6.887809,1.967045,-6.531966,-0.996485,0.058989,-0.020528,0.055831
8682,-0.333874,-2.376678,9.521454,32.756557,3.555246,-0.635699,-5.787230,2.060832,-6.559996,-0.996980,0.049363,-0.020819,0.056227
8683,-0.375075,-2.173346,9.536259,32.056484,3.724750,-1.055627,-4.708574,2.179036,-6.599295,-0.997364,0.039909,-0.021331,0.056719
8684,-0.398357,-2.005188,9.548218,32.932682,3.219902,-1.532023,-3.627529,2.291291,-6.650771,-0.997653,0.030432,-0.021786,0.057334
8685,-0.408956,-1.859431,9.601430,32.510143,2.643313,-1.922997,-2.539479,2.385730,-6.713525,-0.997850,0.020898,-0.022074,0.058065
8686,-0.407155,-1.663355,9.677042,31.603848,2.179532,-2.136992,-1.473991,2.463651,-6.783975,-0.997951,0.011565,-0.022219,0.058872
8687,-0.387112,-1.519305,9.735271,30.474724,2.055829,-2.643986,-0.442967,2.532870,-6.864866,-0.997960,0.002534,-0.022293,0.059771
8688,-0.396245,-1.364809,9.752098,29.707056,1.948772,-2.967891,0.555791,2.599654,-6.958414,-0.997882,-0.006217,-0.022348,0.060780
8689,-0.402212,-1.196055,9.819440,28.197725,1.480026,-3.394042,1.515974,2.658673,-7.063493,-0.997726,-0.014629,-0.022338,0.061886
8690,-0.412561,-1.038626,9.843105,27.941170,1.508700,-3.899549,2.445941,2.712610,-7.183353,-0.997497,-0.022778,-0.022281,0.063118
8691,-0.435512,-0.887151,9.848241,28.337654,1.761729,-3.910662,3.377759,2.773618,-7.310726,-0.997194,-0.030946,-0.022264,0.064420
8692,-0.461331,-0.706663,9.866270,27.330332,1.589123,-3.657799,4.299503,2.837783,-7.432997,-0.996829,-0.039025,-0.022262,0.065681
8693,-0.470095,-0.524884,9.906176,26.397938,0.975557,-3.511753,5.189132,2.890268,-7.548671,-0.996416,-0.046814,-0.022160,0.066878
8694,-0.470960,-0.381152,9.925588,25.317583,0.311584,-3.110878,6.045538,2.922416,-7.656511,-0.995967,-0.054298,-0.021888,0.067993
8695,-0.480334,-0.231919,9.939289,23.237720,-0.385986,-2.378880,6.850096,2.931470,-7.747639,-0.995504,-0.061312,-0.021440,0.068941
8696,-0.475438,-0.105652,9.941614,21.862789,-1.030166,-2.048202,7.597850,2.917358,-7.823857,-0.995040,-0.067812,-0.020822,0.069734
8697,-0.468334,0.006356,9.912079,21.694756,-1.350892,-1.790766,8.320292,2.886922,-7.892765,-0.994559,-0.074079,-0.020073,0.070443
8698,-0.464547,0.128454,9.903669,21.065821,-1.570916,-1.371577,9.029964,2.846744,-7.952265,-0.994055,-0.080223,-0.019246,0.071055
8699,-0.456207,0.248561,9.914506,20.890060,-1.632249,-1.234677,9.726661,2.801168,-8.003865,-0.993529,-0.086247,-0.018380,0.071585
8700,-0.444121,0.347053,9.936427,21.258966,-1.635628,-1.013840,10.426864,2.754109,-8.050340,-0.992966,-0.092296,-0.017497,0.072062
8701,-0.438023,0.442130,9.901610,21.691786,-1.428440,-0.582420,11.140979,2.708935,-8.086068,-0.992361,-0.098460,-0.016625,0.072442
8702,-0.418555,0.574594,9.884423,21.517235,-1.643965,-0.202868,11.860020,2.661394,-8.109134,-0.991722,-0.104660,-0.015738,0.072702
8703,-0.417221,0.687137,9.881052,20.196705,-2.300503,0.217899,12.554597,2.597106,-8.122787,-0.991078,-0.110633,-0.014728,0.072854
8705,-0.403272,0.815972,9.859314,18.798346,-2.186436,-0.125811,13.203816,2.523879,-8.137933,-0.990445,-0.116205,-0.013666,0.072995
8706,-0.398218,0.962335,9.838700,16.051231,-2.371433,-0.649562,13.783304,2.453012,-8.168252,-0.989844,-0.121174,-0.012652,0.073252
8707,-0.403925,1.099177,9.851292,13.340991,-2.731825,-1.241974,14.271004,2.378109,-8.219482,-0.989306,-0.125346,-0.011637,0.073668
8708,-0.391890,1.172956,9.867606,10.708567,-2.959511,-1.994776,14.668716,2.299709,-8.295458,-0.988836,-0.128739,-0.010620,0.074277
8709,-0.362962,1.236368,9.886420,8.396392,-2.386308,-2.950654,14.983068,2.234632,-8.397999,-0.988429,-0.131421,-0.009737,0.075117
8710,-0.350449,1.267501,9.860305,6.219818,-2.547193,-3.093164,15.222086,2.181458,-8.516768,-0.988087,-0.133459,-0.008983,0.076101
8711,-0.324630,1.295074,9.854925,3.928555,-2.764654,-3.258518,15.386506,2.123986,-8.642321,-0.987825,-0.134850,-0.008230,0.077130
8712,-0.302098,1.286775,9.820889,0.806862,-2.835820,-4.318004,15.460069,2.067565,-8.788959,-0.987653,-0.135458,-0.007521,0.078334
8713,-0.288318,1.266580,9.824560,-2.902312,-2.867142,-5.542142,15.418580,2.019656,-8.972772,-0.987587,-0.135081,-0.006919,0.079860
8714,-0.275141,1.219730,9.795506,-5.825528,-2.913489,-6.099327,15.265693,1.978034,-9.185488,-0.987626,-0.133748,-0.006419,0.081637
8715,-0.263555,1.195700,9.839755,-8.668011,-2.682147,-6.593938,15.016308,1.943229,-9.414180,-0.987759,-0.131587,-0.006034,0.083555
8716,-0.249094,1.130111,9.857643,-9.664220,-2.093788,-6.801658,14.702792,1.923508,-9.650505,-0.987945,-0.128883,-0.005826,0.085554
8717,-0.231325,1.090618,9.903970,-9.656420,-1.503985,-5.741314,14.373483,1.917926,-9.868015,-0.988149,-0.126051,-0.005785,0.087407
8718,-0.228158,1.061758,9.929399,-8.217175,-0.944760,-4.372714,14.069781,1.919749,-10.041534,-0.988345,-0.123442,-0.005845,0.088890
8719,-0.223756,1.048854,9.936258,-6.704456,-0.316894,-3.730443,13.816509,1.931870,-10.177745,-0.988507,-0.121273,-0.006002,0.090064
8720,-0.226456,1.003925,9.909081,-5.182434,0.008827,-3.213297,13.614534,1.954322,-10.291447,-0.988624,-0.119554,-0.006236,0.091057
8721,-0.238311,0.992019,9.903109,-3.901414,0.209457,-2.796872,13.459818,1.981311,-10.388032,-0.988701,-0.118245,-0.006492,0.091909
8722,-0.228077,0.959076,9.907468,-3.064734,0.238724,-2.543791,13.340759,2.009210,-10.472938,-0.988748,-0.117244,-0.006742,0.092663
8723,-0.231954,0.945787,9.898150,-2.916569,0.351425,-2.420480,13.238308,2.037805,-10.551248,-0.988782,-0.116387,-0.006992,0.093361
8724,-0.241434,0.940179,9.904499,-2.518009,0.271883,-2.318548,13.145061,2.065943,-10.625823,-0.988808,-0.115609,-0.007236,0.094026
8725,-0.241157,0.936873,9.913670,-2.192524,0.175549,-1.975522,13.064084,2.089435,-10.693880,-0.988828,-0.114933,-0.007437,0.094631
8726,-0.236256,0.920733,9.922352,-2.251508,0.100476,-1.626379,12.987913,2.107447,-10.751370,-0.988852,-0.114294,-0.007598,0.095140
8727,-0.231240,0.911012,9.916440,-1.904586,0.072585,-1.438964,12.916831,2.121707,-10.800548,-0.988878,-0.113695,-0.007731,0.095573
8728,-0.223422,0.918198,9.907286,-1.394216,0.018627,-1.198115,12.860272,2.132993,-10.843081,-0.988896,-0.113219,-0.007834,0.095947
8729,-0.223357,0.906955,9.896950,-1.347584,-0.326866,-0.636804,12.813423,2.134780,-10.874062,-0.988915,-0.112818,-0.007858,0.096213
8730,-0.222591,0.906080,9.902991,-1.168153,-0.625075,-0.121269,12.770905,2.122104,-10.889907,-0.988947,-0.112442,-0.007768,0.096335
8731,-0.212007,0.908576,9.897996,-0.721564,-0.834847,0.275265,12.739305,2.097804,-10.892779,-0.988982,-0.112150,-0.007582,0.096334
8732,-0.224763,0.920205,9.898340,-1.056052,-1.220038,0.676374,12.709967,2.060903,-10.884849,-0.989026,-0.111866,-0.007296,0.096229
8733,-0.227660,0.909700,9.901807,-1.672757,-1.603518,0.935542,12.665051,2.009092,-10.868964,-0.989096,-0.111436,-0.006902,0.096040
8734,-0.213649,0.915752,9.896746,-1.590526,-1.579541,0.974985,12.611335,1.950359,-10.849488,-0.989178,-0.110924,-0.006459,0.095814
8735,-0.198928,0.902460,9.886198,-1.555520,-1.398457,0.852713,12.559536,1.895281,-10.830563,-0.989257,-0.110432,-0.006045,0.095596
8736,-0.198180,0.888705,9.880941,-1.625856,-1.327202,0.631264,12.506982,1.845569,-10.816271,-0.989331,-0.109937,-0.005673,0.095423
8737,-0.188186,0.899104,9.892908,-1.482462,-1.171968,0.335051,12.455390,1.801421,-10.809544,-0.989396,-0.109456,-0.005341,0.095321
8738,-0.182725,0.902644,9.901675,-1.132853,-0.926699,0.238753,12.411856,1.765205,-10.807733,-0.989447,-0.109051,-0.005066,0.095270
8739,-0.180811,0.878698,9.917551,-1.320413,-0.699696,0.182130,12.371000,1.737225,-10.806700,-0.989493,-0.108676,-0.004859,0.095234
8740,-0.176475,0.882237,9.895449,-1.524796,-0.625248,0.055314,12.323554,1.714807,-10.807554,-0.989542,-0.108248,-0.004704,0.095218
8741,-0.174740,0.895073,9.895571,-1.779295,-0.613339,0.108566,12.268435,1.694057,-10.809281,-0.989597,-0.107756,-0.004569,0.095212
8742,-0.166569,0.889555,9.899709,-1.707071,-0.506839,0.065699,12.210298,1.675195,-10.810403,-0.989655,-0.107238,-0.004453,0.095202
8743,-0.149906,0.883340,9.897374,-1.444048,-0.498124,0.007607,12.157708,1.658565,-10.812741,-0.989706,-0.106771,-0.004351,0.095205
8744,-0.147397,0.891944,9.889326,-1.594393,-0.606994,-0.065718,12.106929,1.640762,-10.817561,-0.989752,-0.106318,-0.004235,0.095229
8745,-0.154700,0.891340,9.906306,-1.556869,-0.625758,-0.122264,12.054198,1.621327,-10.824929,-0.989799,-0.105847,-0.004104,0.095273
8746,-0.144973,0.871981,9.907492,-1.722320,-0.678065,-0.128458,11.999304,1.600945,-10.833548,-0.989847,-0.105357,-0.003966,0.095327
8747,-0.141893,0.856741,9.882760,-2.000786,-0.818913,0.080513,11.937086,1.576703,-10.839504,-0.989904,-0.104800,-0.003803,0.095355
8748,-0.142227,0.854005,9.875168,-2.378400,-0.736938,0.081957,11.864026,1.550770,-10.842204,-0.989974,-0.104148,-0.003637,0.095353
8749,-0.130807,0.852821,9.891164,-2.385082,-0.616830,-0.000514,11.784547,1.528407,-10.845496,-0.990047,-0.103444,-0.003507,0.095359
8750,-0.119542,0.829110,9.898171,-2.481795,-0.602112,0.029961,11.703334,1.508418,-10.849153,-0.990121,-0.102726,-0.003398,0.095371
8751,-0.119726,0.830409,9.901419,-2.718861,-0.576740,0.008564,11.616570,1.489046,-10.852495,-0.990200,-0.101961,-0.003300,0.095380
8752,-0.118261,0.820020,9.892915,-2.638387,-0.359060,-0.173056,11.527132,1.474316,-10.858311,-0.990277,-0.101176,-0.003242,0.095415
8753,-0.114794,0.795933,9.900746,-2.710532,-0.373312,-0.238707,11.437749,1.463721,-10.867468,-0.990350,-0.100395,-0.003217,0.095483
8754,-0.125509,0.799798,9.900181,-2.903153,-0.427156,-0.307423,11.343893,1.452441,-10.879027,-0.990425,-0.099575,-0.003188,0.095570
8755,-0.127468,0.808449,9.894341,-2.877246,-0.322186,-0.278496,11.247250,1.442107,-10.891054,-0.990500,-0.098732,-0.003169,0.095663
8756,-0.122996,0.802678,9.889013,-2.613032,-0.208049,-0.327386,11.155454,1.435399,-10.902679,-0.990570,-0.097933,-0.003177,0.095755
8757,-0.121371,0.789155,9.914982,-2.740896,-0.202277,-0.507499,11.065846,1.431370,-10.917655,-0.990635,-0.097156,-0.003205,0.095879
8758,-0.132533,0.791550,9.905013,-2.589379,-0.188794,-0.481625,10.976575,1.428125,-10.935088,-0.990696,-0.096382,-0.003237,0.096024
8759,-0.126927,0.780514,9.892488,-2.300355,-0.211884,-0.295537,10.894731,1.424026,-10.949076,-0.990754,-0.095671,-0.003258,0.096139
8760,-0.119828,0.786359,9.910316,-2.308714,-0.248787,-0.327638,10.817624,1.418441,-10.960726,-0.990810,-0.095000,-0.003265,0.096234
8761,-0.115853,0.774983,9.920418,-1.973599,-0.294914,-0.304790,10.745955,1.411511,-10.972781,-0.990860,-0.094375,-0.003255,0.096330
8762,-0.116071,0.797565,9.904696,-1.755712,-0.507378,-0.086616,10.683581,1.399586,-10.981679,-0.990906,-0.093826,-0.003197,0.096396
8763,-0.110292,0.811012,9.897901,-1.566381,-0.591677,-0.162931,10.628030,1.382352,-10.989155,-0.990948,-0.093332,-0.003089,0.096445
8764,-0.096464,0.791027,9.897957,-1.344901,-0.459396,-0.208704,10.579285,1.366274,-10.998470,-0.990983,-0.092897,-0.002983,0.096512
8765,-0.091549,0.779907,9.892047,-1.260846,-0.543888,-0.016416,10.535697,1.350523,-11.005225,-0.991015,-0.092508,-0.002878,0.096557
8766,-0.091605,0.782823,9.893124,-1.243872,-0.582596,-0.028598,10.493854,1.332200,-11.009389,-0.991049,-0.092131,-0.002751,0.096577
8767,-0.092860,0.780631,9.916363,-1.394652,-0.515964,-0.051465,10.449773,1.314438,-11.014031,-0.991083,-0.091735,-0.002631,0.096602
8768,-0.086848,0.762416,9.924829,-1.540912,-0.400495,0.024854,10.400775,1.299497,-11.017234,-0.991122,-0.091299,-0.002541,0.096617
8769,-0.089729,0.774848,9.929688,-1.694734,-0.344518,-0.109406,10.346766,1.287536,-11.020854,-0.991164,-0.090822,-0.002480,0.096638
8770,-0.090355,0.772595,9.925344,-1.820889,-0.203031,-0.345906,10.287969,1.279917,-11.029957,-0.991204,-0.090307,-0.002456,0.096710
8771,-0.092172,0.779214,9.911438,-2.003323,0.031581,-0.506113,10.223907,1.279634,-11.044440,-0.991242,-0.089753,-0.002497,0.096833
8772,-0.089471,0.778657,9.907512,-1.877312,0.197532,-0.712095,10.158797,1.286985,-11.063751,-0.991276,-0.089197,-0.002600,0.097005
8773,-0.088975,0.778658,9.906316,-1.894580,0.206280,-0.829569,10.095388,1.298130,-11.087866,-0.991302,-0.088658,-0.002732,0.097220
8774,-0.096111,0.763757,9.891641,-1.856852,0.202847,-0.838707,10.032269,1.309703,-11.114058,-0.991327,-0.088122,-0.002865,0.097454
8775,-0.100904,0.773086,9.890689,-1.690819,0.207101,-0.866170,9.972526,1.321367,-11.140861,-0.991348,-0.087616,-0.002997,0.097693
8776,-0.098204,0.776112,9.900249,-1.422313,0.212866,-0.890578,9.920001,1.333319,-11.168499,-0.991362,-0.087172,-0.003124,0.097940
8777,-0.097112,0.771040,9.887388,-0.999562,0.226205,-0.834103,9.879003,1.345470,-11.195566,-0.991368,-0.086828,-0.003243,0.098182
8778,-0.095828,0.781485,9.896424,-0.771973,0.216610,-0.797458,9.848875,1.357400,-11.221099,-0.991367,-0.086578,-0.003353,0.098410
8779,-0.098321,0.794893,9.923822,-0.806604,0.216146,-0.850837,9.821952,1.369200,-11.246942,-0.991363,-0.086356,-0.003459,0.098642
8780,-0.097050,0.803783,9.926837,-1.019556,0.208029,-0.852329,9.790873,1.381001,-11.273716,-0.991361,-0.086098,-0.003568,0.098881
8781,-0.097401,0.818510,9.919928,-1.513034,0.064070,-0.775991,9.748036,1.390075,-11.299701,-0.991369,-0.085736,-0.003664,0.099111
8782,-0.094649,0.802901,9.910374,-1.727172,-0.119604,-0.675233,9.693450,1.393246,-11.323705,-0.991389,-0.085267,-0.003721,0.099319
8783,-0.093352,0.792071,9.905723,-1.889489,-0.404033,-0.469182,9.632680,1.387843,-11.343979,-0.991417,-0.084738,-0.003711,0.099489
8784,-0.090185,0.799041,9.895160,-1.992171,-0.726639,-0.311956,9.567603,1.371433,-11.359966,-0.991454,-0.084161,-0.003614,0.099613
8785,-0.087765,0.786476,9.889088,-1.955867,-0.974484,-0.066221,9.501542,1.344516,-11.370881,-0.991498,-0.083567,-0.003431,0.099687
8786,-0.083648,0.788847,9.900846,-1.879802,-1.042263,0.052866,9.437483,1.311397,-11.376635,-0.991545,-0.082984,-0.003196,0.099711
8787,-0.075243,0.796110,9.918213,-2.136174,-0.769777,-0.200361,9.370383,1.282004,-11.383998,-0.991592,-0.082379,-0.002994,0.099752
8788,-0.080105,0.776977,9.908047,-2.046088,-0.268349,-0.520732,9.300351,1.266881,-11.398664,-0.991632,-0.081760,-0.002914,0.099867
8789,-0.089776,0.762557,9.902723,-2.105602,0.178305,-0.622921,9.230735,1.268470,-11.417721,-0.991664,-0.081160,-0.002975,0.100031
8790,-0.091977,0.773691,9.903140,-1.894875,0.768498,-1.025731,9.163511,1.288439,-11.442327,-0.991687,-0.080596,-0.003189,0.100256
8791,-0.081514,0.761044,9.913482,-1.761816,1.256368,-1.202691,9.101851,1.327656,-11.473645,-0.991696,-0.080097,-0.003561,0.100552
8792,-0.088082,0.751949,9.912299,-1.686743,1.216165,-1.050044,9.043653,1.374270,-11.504229,-0.991702,-0.079634,-0.003994,0.100846
8793,-0.101908,0.776442,9.924644,-1.941017,1.003571,-1.095777,8.982471,1.416412,-11.533764,-0.991711,-0.079142,-0.004392,0.101128
8794,-0.088447,0.800550,9.923506,-1.903347,0.842750,-1.043834,8.917636,1.452357,-11.564215,-0.991722,-0.078614,-0.004740,0.101413
8795,-0.088628,0.779365,9.923552,-1.986048,0.440641,-0.662266,8.852179,1.477881,-11.589013,-0.991740,-0.078070,-0.005002,0.101642
8796,-0.103690,0.759465,9.897899,-1.856761,0.001944,-0.530967,8.787653,1.488218,-11.607542,-0.991766,-0.077522,-0.005136,0.101806
8797,-0.107270,0.787016,9.903193,-1.783705,-0.227612,-0.453090,8.726542,1.486998,-11.624332,-0.991792,-0.076993,-0.005168,0.101948
8798,-0.099168,0.797307,9.904881,-1.694968,-0.319878,-0.187509,8.668254,1.479592,-11.636269,-0.991822,-0.076482,-0.005148,0.102044
8799,-0.110411,0.780495,9.911465,-1.845702,-0.404482,-0.152347,8.609055,1.468507,-11.643688,-0.991857,-0.075960,-0.005100,0.102098
8800,-0.121176,0.774846,9.898389,-1.663796,-0.252387,-0.475805,8.550255,1.459243,-11.655675,-0.991887,-0.075444,-0.005064,0.102193
8802,-0.106970,0.796817,9.906067,-2.072155,-0.086557,-0.539849,8.487541,1.456165,-11.673256,-0.991913,-0.074899,-0.005082,0.102341
8803,-0.105821,0.780507,9.900462,-2.463540,0.062394,-0.666439,8.411439,1.458720,-11.693209,-0.991944,-0.074244,-0.005159,0.102512
8804,-0.118542,0.760160,9.904858,-2.568138,0.104614,-1.026513,8.326876,1.465581,-11.720728,-0.991973,-0.073519,-0.005276,0.102750
8805,-0.128686,0.747462,9.897352,-2.439306,0.087474,-1.157723,8.242506,1.473997,-11.756304,-0.991993,-0.072798,-0.005402,0.103059
8806,-0.110482,0.766252,9.905231,-2.755789,0.073309,-0.918122,8.155046,1.481584,-11.790174,-0.992016,-0.072049,-0.005525,0.103353
8807,-0.112471,0.755152,9.904378,-2.429592,-0.032546,-0.828039,8.067880,1.486360,-11.818900,-0.992044,-0.071300,-0.005628,0.103600
8808,-0.128927,0.747458,9.897470,-2.155189,-0.185588,-0.899722,7.990712,1.486783,-11.847931,-0.992066,-0.070634,-0.005683,0.103848
8809,-0.135196,0.775214,9.906208,-2.147476,-0.159941,-0.858503,7.918228,1.485136,-11.877760,-0.992083,-0.070006,-0.005716,0.104102
8810,-0.120052,0.791492,9.912591,-2.210986,0.007555,-0.649413,7.844933,1.486066,-11.903010,-0.992105,-0.069374,-0.005776,0.104317
8811,-0.134156,0.787621,9.913548,-2.402409,-0.075208,-0.553236,7.767525,1.487670,-11.923030,-0.992133,-0.068706,-0.005848,0.104488
8812,-0.144862,0.772872,9.913992,-2.685333,0.141284,-0.795839,7.682153,1.491783,-11.945169,-0.992163,-0.067971,-0.005948,0.104677
8813,-0.118182,0.758204,9.923909,-2.910284,0.455314,-0.653896,7.588302,1.504849,-11.967805,-0.992195,-0.067172,-0.006134,0.104876
8814,-0.113640,0.732114,9.908387,-3.051377,0.218241,-0.350178,7.488541,1.518172,-11.982923,-0.992237,-0.066321,-0.006332,0.105009
8815,-0.142469,0.716510,9.885607,-3.029231,-0.038524,-0.487479,7.386841,1.522948,-11.996387,-0.992283,-0.065445,-0.006459,0.105122
8816,-0.146032,0.696892,9.885950,-2.796499,0.078773,-0.637017,7.289252,1.526008,-12.014897,-0.992320,-0.064604,-0.006564,0.105279
8817,-0.138517,0.700405,9.902104,-2.685716,0.226550,-0.569870,7.197367,1.533593,-12.034217,-0.992353,-0.063816,-0.006704,0.105445
8818,-0.145964,0.719401,9.909637,-2.537925,0.355999,-0.765175,7.109746,1.545997,-12.055091,-0.992380,-0.063070,-0.006880,0.105627
8819,-0.141459,0.736272,9.913295,-2.420176,0.583104,-0.908588,7.026411,1.564964,-12.080858,-0.992398,-0.062367,-0.007107,0.105855
8820,-0.130786,0.743756,9.939620,-2.503478,0.523185,-0.763576,6.943650,1.586655,-12.106287,-0.992416,-0.061672,-0.007358,0.106081
8821,-0.141257,0.737568,9.948844,-2.546908,0.336559,-0.671965,6.858865,1.603755,-12.128329,-0.992438,-0.060954,-0.007573,0.106275
8822,-0.159596,0.734675,9.934540,-2.590190,0.180610,-0.490345,6.772735,1.614612,-12.146549,-0.992465,-0.060220,-0.007737,0.106433
8823,-0.155214,0.710046,9.911901,-2.616652,0.038462,-0.261433,6.685615,1.619705,-12.158570,-0.992498,-0.059471,-0.007856,0.106533
8824,-0.144743,0.677858,9.890115,-2.512054,-0.003096,-0.197315,6.599923,1.621174,-12.166100,-0.992535,-0.058730,-0.007945,0.106593
8825,-0.143782,0.676893,9.882421,-2.341848,0.115482,-0.355976,6.518771,1.624087,-12.175049,-0.992567,-0.058031,-0.008041,0.106667
8826,-0.150999,0.696822,9.889716,-2.072112,0.206633,-0.597035,6.444775,1.631216,-12.190232,-0.992589,-0.057397,-0.008164,0.106796
8827,-0.160513,0.714233,9.892395,-1.655431,0.236853,-0.848777,6.381987,1.641254,-12.213360,-0.992597,-0.056864,-0.008298,0.106997
8828,-0.177932,0.733802,9.909506,-1.455005,0.236726,-0.957091,6.329313,1.652432,-12.242411,-0.992594,-0.056420,-0.008430,0.107250
8829,-0.176078,0.747451,9.925896,-1.318303,0.518975,-1.079141,6.282152,1.668679,-12.274771,-0.992584,-0.056029,-0.008599,0.107534
8830,-0.164644,0.735972,9.934204,-1.413412,0.721745,-1.109619,6.235625,1.693212,-12.308793,-0.992570,-0.055652,-0.008838,0.107837
8831,-0.155451,0.731945,9.915340,-1.531401,0.530630,-0.949338,6.185597,1.717675,-12.340666,-0.992560,-0.055243,-0.009082,0.108120
8832,-0.151881,0.713992,9.901108,-1.690610,0.122683,-0.633401,6.131142,1.731330,-12.365736,-0.992560,-0.054786,-0.009240,0.108339
8833,-0.161968,0.723749,9.892587,-1.755125,-0.163187,-0.503627,6.073142,1.732672,-12.384663,-0.992570,-0.054287,-0.009297,0.108499
8834,-0.183384,0.741471,9.905894,-1.845248,-0.360346,-0.505099,6.012604,1.725764,-12.402310,-0.992583,-0.053757,-0.009286,0.108644
8835,-0.189657,0.764663,9.911029,-1.825071,-0.450487,-0.384506,5.950947,1.713869,-12.418471,-0.992598,-0.053214,-0.009234,0.108773
8836,-0.185656,0.761538,9.919423,-2.024339,-0.313227,-0.321895,5.886401,1.702422,-12.431500,-0.992618,-0.052645,-0.009190,0.108876
8837,-0.178602,0.775552,9.923737,-2.231008,0.011671,-0.620916,5.815001,1.699023,-12.447653,-0.992636,-0.052024,-0.009221,0.109009
8838,-0.167945,0.754723,9.928437,-2.356686,0.362401,-0.826845,5.737843,1.707656,-12.471039,-0.992647,-0.051366,-0.009359,0.109209
8839,-0.161757,0.749602,9.911209,-2.607484,0.329998,-0.707739,5.654379,1.721678,-12.495355,-0.992658,-0.050658,-0.009549,0.109418
8840,-0.176704,0.747450,9.893711,-2.647538,0.167929,-0.658829,5.566137,1.732163,-12.517220,-0.992674,-0.049906,-0.009715,0.109605
8841,-0.184275,0.738184,9.887329,-2.495180,0.184530,-0.663337,5.479777,1.740130,-12.538596,-0.992690,-0.049167,-0.009857,0.109786
8842,-0.177668,0.743736,9.897799,-2.479964,0.149232,-0.536613,5.396267,1.747563,-12.557987,-0.992705,-0.048452,-0.009994,0.109949
8843,-0.176595,0.759711,9.899227,-2.441500,-0.052468,-0.379354,5.313784,1.750593,-12.573045,-0.992725,-0.047742,-0.010093,0.110074
8844,-0.188226,0.771051,9.905135,-2.277510,-0.101512,-0.382315,5.234740,1.749204,-12.585929,-0.992745,-0.047057,-0.010151,0.110178
8845,-0.166802,0.754021,9.924603,-2.333108,0.070628,-0.443252,5.157476,1.749938,-12.599687,-0.992764,-0.046389,-0.010226,0.110291
8846,-0.159552,0.770603,9.946507,-2.492298,0.050292,-0.507219,5.076578,1.753359,-12.615294,-0.992781,-0.045693,-0.010328,0.110420
8847,-0.174187,0.757268,9.926510,-2.414751,-0.311805,-0.391126,4.994325,1.750331,-12.630596,-0.992799,-0.044979,-0.010375,0.110544
8848,-0.186862,0.760017,9.921453,-2.535432,-0.486013,-0.268947,4.911454,1.738033,-12.642715,-0.992822,-0.044250,-0.010343,0.110637
8849,-0.168447,0.732935,9.909319,-2.485169,-0.420671,-0.212380,4.827497,1.723656,-12.651993,-0.992847,-0.043510,-0.010296,0.110705
8850,-0.177585,0.721389,9.897250,-2.309836,-0.565937,-0.247373,4.747312,1.707910,-12.661007,-0.992871,-0.042801,-0.010234,0.110770
8851,-0.185443,0.718381,9.887956,-2.024523,-0.631693,-0.346465,4.674730,1.688830,-12.672516,-0.992890,-0.042155,-0.010135,0.110857
8852,-0.177038,0.730267,9.900613,-1.757270,-0.438000,-0.340267,4.611324,1.671987,-12.685373,-0.992904,-0.041591,-0.010045,0.110957
8853,-0.167134,0.724004,9.893095,-1.268551,-0.490071,-0.271493,4.560561,1.657384,-12.696775,-0.992913,-0.041138,-0.009964,0.111047
8854,-0.187112,0.741464,9.898234,-0.492731,-0.589332,-0.330901,4.530877,1.640247,-12.708216,-0.992916,-0.040865,-0.009840,0.111137
8855,-0.192542,0.775823,9.900346,0.063823,-0.499156,-0.243825,4.523417,1.622919,-12.719203,-0.992911,-0.040785,-0.009693,0.111226
8856,-0.170579,0.797034,9.911299,0.144727,-0.410584,0.017224,4.526753,1.608102,-12.724167,-0.992907,-0.040800,-0.009560,0.111265
8857,-0.170561,0.802574,9.904418,0.279234,-0.360278,0.037192,4.533815,1.595223,-12.724276,-0.992906,-0.040849,-0.009441,0.111262
8858,-0.165797,0.814758,9.902909,0.125459,-0.375585,-0.132051,4.540490,1.583122,-12.726824,-0.992903,-0.040895,-0.009329,0.111281
8859,-0.150074,0.826837,9.906421,-0.536293,-0.499349,-0.113592,4.533499,1.568909,-12.732061,-0.992903,-0.040821,-0.009211,0.111321
8860,-0.149404,0.820631,9.899096,-0.847036,-0.658295,-0.105807,4.510303,1.549963,-12.737229,-0.992909,-0.040602,-0.009067,0.111357
8861,-0.161858,0.823739,9.878016,-0.814415,-0.853734,-0.268934,4.482392,1.525330,-12.745433,-0.992915,-0.040337,-0.008878,0.111418
8862,-0.157191,0.830074,9.889293,-0.687048,-0.911727,-0.290157,4.457062,1.496722,-12.757020,-0.992917,-0.040091,-0.008651,0.111507
8863,-0.160997,0.850101,9.901107,-0.541128,-0.804862,-0.332742,4.436267,1.469003,-12.769593,-0.992916,-0.039885,-0.008426,0.111606
8864,-0.158105,0.857952,9.917770,-0.671161,-0.745228,-0.419580,4.415693,1.444213,-12.784093,-0.992913,-0.039684,-0.008227,0.111722
8865,-0.140140,0.857202,9.911109,-1.263452,-0.732982,-0.590336,4.382983,1.420940,-12.802771,-0.992909,-0.039380,-0.008050,0.111874
8866,-0.135531,0.859460,9.905042,-2.473658,-0.867327,-0.722934,4.320111,1.396005,-12.826627,-0.992911,-0.038812,-0.007888,0.112068
8867,-0.142546,0.852189,9.882639,-3.215303,-1.129768,-0.574768,4.224716,1.364423,-12.850677,-0.992924,-0.037957,-0.007699,0.112261
8868,-0.127024,0.835867,9.869342,-3.662394,-1.361679,-0.068012,4.109767,1.323785,-12.864385,-0.992953,-0.036922,-0.007455,0.112359
8869,-0.116262,0.836952,9.878693,-4.049819,-1.538755,0.084736,3.981161,1.275540,-12.867518,-0.992998,-0.035761,-0.007162,0.112364
8870,-0.116660,0.867248,9.902112,-3.733284,-1.579991,0.031489,3.851408,1.223549,-12.869139,-0.993043,-0.034586,-0.006838,0.112355
8871,-0.115954,0.864033,9.923341,-2.831828,-1.593640,-0.142310,3.741878,1.170894,-12.874486,-0.993076,-0.033586,-0.006488,0.112381
8872,-0.093162,0.860586,9.934246,-2.702261,-1.593596,-0.688431,3.649297,1.118778,-12.891733,-0.993092,-0.032733,-0.006122,0.112511
8873,-0.092773,0.862658,9.895928,-3.390328,-2.205482,-1.670966,3.546932,1.058057,-12.934959,-0.993085,-0.031789,-0.005684,0.112864
8874,-0.046868,0.846534,9.793167,-3.449484,-3.121214,-2.186557,3.431699,0.973362,-13.004551,-0.993057,-0.030711,-0.005045,0.113440
8875,0.033258,0.746603,9.813291,-4.120101,-4.082726,-2.863922,3.304084,0.858453,-13.095650,-0.993012,-0.029495,-0.004152,0.114196
8876,0.061902,0.733918,9.869150,-4.970400,-3.444848,-3.130853,3.151087,0.738821,-13.202482,-0.992954,-0.028053,-0.003241,0.115089
8877,0.045480,0.709161,9.902531,-6.902564,-2.208706,-3.785380,2.951741,0.650861,-13.322598,-0.992887,-0.026240,-0.002652,0.116105
8878,0.033181,0.619091,9.887334,-9.452927,-0.210894,-4.697809,2.677552,0.617518,-13.465772,-0.992803,-0.023834,-0.002611,0.117332
8879,-0.002858,0.507770,9.910920,-13.584579,3.131508,-7.108720,2.291380,0.674668,-13.660212,-0.992673,-0.020553,-0.003467,0.119017
8880,-0.064697,0.477458,9.889022,-18.894344,6.726026,-9.592896,1.746416,0.848666,-13.932553,-0.992462,-0.016025,-0.005502,0.121380
8881,-0.108325,0.358378,9.854768,-24.661837,7.633627,-11.639145,1.014558,1.096427,-14.280507,-0.992150,-0.009974,-0.008393,0.124372
8882,-0.150419,0.276384,9.810573,-30.061499,6.803251,-12.342580,0.094119,1.340839,-14.677965,-0.991738,-0.002309,-0.011500,0.127740
8883,-0.173336,0.233031,10.017763,-39.107563,5.092333,-10.425989,-1.068126,1.535731,-15.059336,-0.991261,0.007484,-0.014507,0.130898
8884,-0.184823,-0.050448,10.002791,-52.712982,-1.022566,-2.832959,-2.604327,1.596012,-15.282676,-0.990810,0.020670,-0.016822,0.132611
8885,-0.169389,-0.386050,9.881664,-56.836845,-4.690047,3.401969,-4.429279,1.500477,-15.268041,-0.990379,0.036559,-0.018101,0.132233
8886,-0.163200,-0.930405,9.672890,-58.926266,-6.552394,6.815409,-6.353452,1.329119,-15.081268,-0.989846,0.053413,-0.018752,0.130382
8887,-0.113735,-1.225991,9.640495,-57.868500,-5.549077,6.710019,-8.293989,1.157391,-14.832176,-0.989083,0.070407,-0.019323,0.128005
8888,-0.080405,-1.708017,9.399652,-52.227440,-4.020921,6.111712,-10.123814,1.034207,-14.595618,-0.988092,0.086372,-0.020124,0.125736
8889,-0.075131,-1.814889,9.481578,-39.948490,1.700526,0.447319,-11.657613,1.016913,-14.480848,-0.986972,0.099630,-0.021557,0.124483
8890,-0.115085,-1.989816,9.574771,-36.373745,4.429835,-2.679420,-12.930481,1.109458,-14.538479,-0.985746,0.110473,-0.023790,0.124640
8891,-0.123114,-1.982796,9.687037,-32.918247,6.664862,-4.347339,-14.088430,1.262232,-14.695362,-0.984415,0.120223,-0.026525,0.125577
8892,-0.150243,-2.281803,9.657599,-32.416393,7.633339,-4.016303,-15.181849,1.457785,-14.890292,-0.983018,0.129341,-0.029619,0.126765
8893,-0.194271,-2.325100,9.677989,-31.766336,9.062677,-5.552988,-16.257740,1.682412,-15.119183,-0.981516,0.138244,-0.033008,0.128164
8894,-0.248263,-2.524171,9.548898,-31.276091,9.507883,-5.487419,-17.316683,1.925716,-15.384756,-0.979907,0.146943,-0.036611,0.129803
8895,-0.297859,-2.758107,9.380804,-30.845819,10.356031,-5.617155,-18.361916,2.184152,-15.662461,-0.978219,0.155473,-0.040376,0.131473
8896,-0.348111,-2.843603,9.357678,-31.958252,11.475849,-5.820114,-19.420656,2.466706,-15.960768,-0.976405,0.164049,-0.044422,0.133218
8897,-0.417489,-2.881226,9.410492,-32.615047,11.690866,-4.797686,-20.510414,2.769171,-16.259159,-0.974460,0.172830,-0.048707,0.134854
8898,-0.477687,-3.135500,9.377578,-32.702320,9.992446,-2.578880,-21.611404,3.062118,-16.504013,-0.972470,0.181705,-0.052872,0.135975
8899,-0.489596,-3.283836,9.333484,-32.284615,8.466340,-2.085933,-22.704931,3.317473,-16.692377,-0.970472,0.190558,-0.056640,0.136617
8900,-0.503226,-3.325140,9.423709,-32.597057,6.645458,-1.829555,-23.795715,3.523020,-16.852112,-0.968426,0.199438,-0.059950,0.137048
8901,-0.508289,-3.490634,9.353269,-32.148903,3.437273,-0.169378,-24.880966,3.662302,-16.952036,-0.966376,0.208364,-0.062600,0.137053
8902,-0.489458,-3.731300,9.116661,-31.203703,0.102225,1.452526,-25.937151,3.724534,-16.958206,-0.964408,0.217177,-0.064394,0.136399
8903,-0.470845,-3.817029,8.936084,-31.122499,-0.631306,1.768117,-26.972454,3.740324,-16.906284,-0.962468,0.225890,-0.065654,0.135343
8905,-0.493300,-4.016661,8.840945,-31.509806,-0.789566,3.072484,-28.010839,3.756510,-16.823658,-0.960479,0.234629,-0.066844,0.134015
8906,-0.513385,-4.226697,8.698516,-30.536428,-0.817976,4.259377,-29.036924,3.791229,-16.703215,-0.958481,0.243247,-0.068075,0.132328
8907,-0.534668,-4.434903,8.622458,-29.597080,0.008259,4.491057,-30.030136,3.851284,-16.569340,-0.956493,0.251548,-0.069426,0.130479
8908,-0.560107,-4.590900,8.601995,-28.882126,1.133665,3.881982,-30.997168,3.938535,-16.458467,-0.954466,0.259567,-0.070998,0.128760
8909,-0.582512,-4.764542,8.579580,-28.052654,1.483951,3.448412,-31.940310,4.039588,-16.376795,-0.952394,0.267336,-0.072702,0.127248
8910,-0.590852,-4.878236,8.536674,-28.091272,1.367280,2.749320,-32.871559,4.135090,-16.314892,-0.950263,0.274985,-0.074375,0.125903
8911,-0.595349,-5.048049,8.293694,-28.430754,1.381806,2.504903,-33.810024,4.221526,-16.266829,-0.948037,0.282680,-0.075997,0.124671
8912,-0.618280,-5.132222,8.133448,-30.926767,2.485889,2.550398,-34.796761,4.322266,-16.233479,-0.945610,0.290727,-0.077812,0.123472
8913,-0.666674,-5.325152,8.103135,-35.487389,3.645034,3.520676,-35.901752,4.464185,-16.209949,-0.942797,0.299668,-0.080101,0.122139
8914,-0.705630,-5.479340,8.061697,-37.954361,3.844479,4.033255,-37.123493,4.639398,-16.182878,-0.939588,0.309498,-0.082757,0.120566
8915,-0.751979,-5.705931,8.004989,-39.922256,3.483969,4.660326,-38.417984,4.824646,-16.143019,-0.936086,0.319886,-0.085509,0.118763
8916,-0.803527,-5.829663,8.010126,-40.862782,2.352910,4.092674,-39.759766,4.992044,-16.090960,-0.932341,0.330651,-0.088100,0.116830
8917,-0.804736,-6.013707,7.871715,-40.028210,0.728911,3.850040,-41.101791,5.116944,-16.023384,-0.928481,0.341441,-0.090268,0.114858
8918,-0.790298,-6.106409,7.602749,-36.413422,0.140871,2.720718,-42.369148,5.200554,-15.951159,-0.924726,0.351640,-0.091982,0.113005
8919,-0.789123,-6.254688,7.412240,-35.072365,0.250091,1.847652,-43.555752,5.257226,-15.899764,-0.921090,0.361167,-0.093438,0.111449
8920,-0.775731,-6.373137,7.243694,-33.478077,0.633903,0.721191,-44.696239,5.297661,-15.879245,-0.917473,0.370282,-0.094799,0.110214
8921,-0.749945,-6.494722,7.143224,-32.480301,1.263251,0.063051,-45.796669,5.329288,-15.892591,-0.913866,0.379024,-0.096148,0.109298
8922,-0.771432,-6.665848,7.027310,-31.487041,1.182995,-1.036143,-46.866486,5.345780,-15.933457,-0.910251,0.387483,-0.097432,0.108662
8923,-0.771789,-6.813869,6.996800,-30.939232,0.701434,-1.341851,-47.911491,5.337931,-15.983681,-0.906631,0.395735,-0.098531,0.108195
8924,-0.758278,-6.906709,6.896402,-30.052311,0.434965,-1.359209,-48.932034,5.316818,-16.027954,-0.903026,0.403782,-0.099481,0.107738
8925,-0.759503,-6.948862,6.744404,-29.326860,0.044886,-1.622241,-49.925163,5.284266,-16.066523,-0.899452,0.411601,-0.100296,0.107295
8926,-0.761167,-7.054039,6.584592,-28.100855,-0.426010,-1.821140,-50.885139,5.235992,-16.098373,-0.895935,0.419154,-0.100933,0.106882
8927,-0.729455,-7.138490,6.485709,-27.382940,-0.527654,-1.548582,-51.811871,5.182195,-16.121164,-0.892485,0.426434,-0.101462,0.106445
8928,-0.717359,-7.221544,6.373814,-29.113960,-1.564748,-3.120948,-52.755207,5.099287,-16.141256,-0.888909,0.433854,-0.101772,0.106084
8929,-0.680846,-7.324286,6.275783,-32.019810,-2.873509,-5.341916,-53.776245,4.942025,-16.166553,-0.884951,0.441933,-0.101604,0.105990
8930,-0.639895,-7.454226,6.136684,-34.710499,-4.095358,-7.047261,-54.890514,4.706586,-16.192833,-0.880530,0.450790,-0.100935,0.106146
8931,-0.582195,-7.563315,6.004590,-36.992252,-4.960182,-8.856496,-56.087498,4.402692,-16.218847,-0.875666,0.460319,-0.099834,0.106531
8932,-0.547162,-7.624229,5.799188,-38.459091,-5.896688,-10.497899,-57.346775,4.033806,-16.244789,-0.870416,0.470346,-0.098319,0.107168
8933,-0.482150,-7.778778,5.670224,-40.011322,-5.961820,-10.634730,-58.655701,3.630452,-16.263985,-0.864827,0.480731,-0.096589,0.107903
8934,-0.417455,-7.892614,5.471629,-38.113396,-5.077785,-9.627158,-59.958431,3.246211,-16.278131,-0.859142,0.490981,-0.095003,0.108574
8935,-0.334510,-7.997623,5.253583,-36.101135,-3.748148,-8.637981,-61.196320,2.908877,-16.299509,-0.853623,0.500614,-0.093762,0.109193
8936,-0.243171,-8.168242,5.067172,-35.444130,-3.051810,-8.558471,-62.390324,2.602850,-16.335054,-0.848185,0.509809,-0.092797,0.109850
8937,-0.153063,-8.313954,4.934787,-33.709934,-2.132766,-7.659823,-63.544727,2.322895,-16.380951,-0.842823,0.518613,-0.092055,0.110527
8938,-0.106140,-8.381529,4.760103,-31.527027,-2.292571,-8.163657,-64.633766,2.053527,-16.429813,-0.837667,0.526867,-0.091363,0.111253
8939,-0.083917,-8.500077,4.654138,-30.756975,-2.583521,-8.621665,-65.673195,1.765564,-16.473722,-0.832651,0.534733,-0.090487,0.112092
8940,-0.071427,-8.580770,4.545980,-29.327436,-2.521850,-7.574934,-66.675400,1.484280,-16.504997,-0.827747,0.542283,-0.089586,0.112862
8941,-0.087901,-8.557661,4.398374,-28.523193,-2.682776,-6.280684,-67.639717,1.237791,-16.514660,-0.822994,0.549493,-0.088812,0.113361
8942,-0.068601,-8.640176,4.344810,-30.048573,-3.241809,-6.490716,-68.615570,1.003449,-16.502254,-0.818148,0.556744,-0.088044,0.113655
8943,-0.013571,-8.707807,4.156296,-28.735567,-2.058194,-4.620907,-69.594963,0.798921,-16.485783,-0.813242,0.563947,-0.087482,0.113791
8944,0.014301,-8.745409,3.925164,-28.318636,-1.159899,-2.586347,-70.545677,0.667755,-16.476170,-0.808456,0.570820,-0.087451,0.113649
8945,0.042015,-8.871065,3.819556,-30.517321,-1.261050,-2.390539,-71.526062,0.576218,-16.464817,-0.803490,0.577820,-0.087722,0.113279
8946,0.076891,-8.962069,3.723879,-30.304844,-0.223866,-1.430338,-72.539642,0.508007,-16.460894,-0.798304,0.584978,-0.088225,0.112820
8947,0.071247,-8.941090,3.507185,-29.170633,1.313843,-0.241267,-73.531044,0.486715,-16.486311,-0.793173,0.591865,-0.089182,0.112339
8948,0.036263,-8.965929,3.377188,-29.524151,1.415739,-0.690852,-74.509628,0.484389,-16.534212,-0.788041,0.598581,-0.090372,0.111915
8949,0.050017,-9.018773,3.270434,-29.817852,1.143826,-1.947568,-75.499016,0.452967,-16.586823,-0.782769,0.605353,-0.091399,0.111656
8950,0.058191,-9.051408,3.122440,-29.676443,1.314430,-2.757252,-76.490929,0.386808,-16.645638,-0.777393,0.612125,-0.092228,0.111614
8951,0.059257,-9.128606,2.945019,-30.757343,1.305002,-3.447893,-77.498474,0.295900,-16.711500,-0.771847,0.618974,-0.092949,0.111734
8952,0.079332,-9.247604,2.830340,-31.952700,0.998047,-3.361825,-78.543808,0.192857,-16.772640,-0.766027,0.626042,-0.093610,0.111853
8953,0.107214,-9.312659,2.668801,-32.178989,1.235862,-2.494541,-79.612709,0.104054,-16.827677,-0.760029,0.633202,-0.094365,0.111831
8954,0.105294,-9.333167,2.467696,-31.535559,1.717855,-1.181670,-80.674606,0.052125,-16.886585,-0.754029,0.640220,-0.095384,0.111630
8955,0.097502,-9.305758,2.278061,-30.460358,1.678027,-0.172346,-81.707832,0.038520,-16.945866,-0.748157,0.646956,-0.096633,0.111229
8956,0.091868,-9.270503,2.157254,-29.845743,1.378824,-0.556110,-82.712875,0.033388,-16.997906,-0.742399,0.653453,-0.097868,0.110744
8957,0.104494,-9.274223,1.987463,-29.204958,1.239855,-1.950057,-83.696999,-0.002938,-17.046215,-0.736682,0.659798,-0.098860,0.110419
8958,0.139412,-9.321847,1.802513,-29.597326,0.675150,-4.001833,-84.676910,-0.098382,-17.088114,-0.730890,0.666128,-0.099435,0.110392
8959,0.184778,-9.419328,1.683423,-30.172806,-0.585374,-5.953115,-85.672928,-0.263599,-17.103701,-0.724910,0.672598,-0.099437,0.110591
8960,0.243411,-9.555088,1.545864,-30.273582,-1.855039,-7.071455,-86.680443,-0.482966,-17.077736,-0.718794,0.679170,-0.098874,0.110848
8961,0.291665,-9.649981,1.355121,-29.382599,-2.836271,-6.081110,-87.675301,-0.705825,-17.010519,-0.712728,0.685644,-0.098042,0.110898
8962,0.307787,-9.672138,1.168445,-29.945999,-4.169943,-4.759594,-88.665558,-0.890200,-16.899527,-0.706710,0.692035,-0.097187,0.110473
8963,0.312338,-9.629464,1.031899,-31.308924,-5.495932,-3.018282,-89.689026,-1.022210,-16.740196,-0.700527,0.698567,-0.096390,0.109430
8964,0.310715,-9.587977,0.875361,-31.978868,-6.365626,-2.364780,-90.747368,-1.111246,-16.542004,-0.694148,0.705248,-0.095636,0.107881
8965,0.318368,-9.575522,0.719059,-30.783964,-6.290736,-2.445141,-91.797577,-1.186755,-16.329264,-0.687781,0.711818,-0.094845,0.106190
8966,0.344624,-9.576020,0.540108,-29.459288,-6.115106,-2.556046,-92.806030,-1.261741,-16.119305,-0.681611,0.718076,-0.094013,0.104571
8967,0.369408,-9.574791,0.430054,-28.386179,-6.198846,-3.199595,-93.774826,-1.345730,-15.908887,-0.675625,0.724049,-0.093068,0.103061
8968,0.378094,-9.653089,0.291576,-26.940447,-5.856819,-4.777024,-94.702019,-1.463475,-15.698687,-0.669820,0.729749,-0.091869,0.101824
8969,0.402695,-9.642763,0.117149,-26.131012,-4.921175,-4.361578,-95.591660,-1.599054,-15.506183,-0.664174,0.735177,-0.090633,0.100858
8970,0.413264,-9.516189,-0.088411,-26.354908,-4.745418,-3.854568,-96.471420,-1.718243,-15.331505,-0.658549,0.740474,-0.089588,0.099923
8971,0.429637,-9.501181,-0.185274,-29.397221,-5.399737,-6.739648,-97.406487,-1.873062,-15.142215,-0.652500,0.746073,-0.088283,0.099115
8972,0.470788,-9.595902,-0.348431,-30.194725,-4.979762,-8.619165,-98.406792,-2.102820,-14.935704,-0.645919,0.752044,-0.086488,0.098678
8973,0.544508,-9.558916,-0.573242,-30.122696,-4.318635,-8.434273,-99.419716,-2.359554,-14.738563,-0.639167,0.758026,-0.084612,0.098501
8974,0.615403,-9.582685,-0.689390,-32.051167,-4.716415,-9.690072,-100.464592,-2.631015,-14.537912,-0.632136,0.764124,-0.082661,0.098420
8975,0.668913,-9.757742,-0.840808,-34.873489,-4.435073,-9.905254,-101.590187,-2.922383,-14.325561,-0.624495,0.770603,-0.080596,0.098395
8976,0.690044,-9.669351,-1.077177,-35.147556,-3.279340,-5.533383,-102.766624,-3.146684,-14.145336,-0.616483,0.777211,-0.079163,0.098106
8977,0.683303,-9.546839,-1.283764,-37.823704,-2.906409,-3.215170,-103.990181,-3.264481,-14.010766,-0.608147,0.783897,-0.078655,0.097342
8978,0.691030,-9.503499,-1.450742,-41.250565,-2.898169,-2.437949,-105.314667,-3.331040,-13.892948,-0.599079,0.790985,-0.078610,0.096268
8979,0.684639,-9.451142,-1.722592,-41.683628,-2.413839,-1.120435,-106.702629,-3.363573,-13.791251,-0.589507,0.798267,-0.078893,0.095011
8980,0.706891,-9.316863,-1.990981,-41.319050,-1.873040,0.033797,-108.090111,-3.359403,-13.717432,-0.579863,0.805396,-0.079540,0.093646
8981,0.713402,-9.346072,-2.177694,-42.356815,-1.725880,-1.030739,-109.488113,-3.355727,-13.655105,-0.570048,0.812452,-0.080253,0.092333
8982,0.729404,-9.344770,-2.405035,-41.435024,-1.842650,-0.393899,-110.888184,-3.357505,-13.591100,-0.560129,0.819402,-0.080909,0.091045
8983,0.694521,-9.267019,-2.611306,-38.341736,-2.165420,1.259299,-112.220909,-3.319546,-13.534119,-0.550644,0.825888,-0.081736,0.089552
8984,0.677604,-9.190768,-2.814958,-37.216805,-2.356991,1.804841,-113.482895,-3.243206,-13.484253,-0.541629,0.831911,-0.082720,0.087859
8985,0.651746,-9.135748,-3.000767,-36.183334,-2.615721,2.155157,-114.708794,-3.149133,-13.435414,-0.532829,0.837661,-0.083740,0.086057
8986,0.647240,-9.083566,-3.201848,-33.874126,-2.790520,3.523288,-115.878494,-3.025095,-13.394284,-0.524404,0.843044,-0.084885,0.084101
8987,0.636270,-8.976546,-3.364854,-30.483017,-2.533442,4.454937,-116.952026,-2.866520,-13.373814,-0.516653,0.847881,-0.086239,0.082040
8988,0.605593,-8.961192,-3.517641,-28.536821,-2.059670,4.370308,-117.935608,-2.700674,-13.373573,-0.509519,0.852227,-0.087683,0.080067
8989,0.566400,-8.933165,-3.631570,-25.279551,-1.392127,5.224195,-118.831314,-2.532627,-13.398996,-0.502989,0.856106,-0.089240,0.078239
8990,0.518479,-8.888897,-3.695204,-21.892115,-0.977932,4.836091,-119.615425,-2.366952,-13.446357,-0.497249,0.859432,-0.090854,0.076593
8991,0.477451,-8.847418,-3.777384,-19.009335,-0.518011,3.592052,-120.295135,-2.232784,-13.494922,-0.492241,0.862279,-0.092253,0.075255
8992,0.452116,-8.841642,-3.865583,-17.778866,-0.131369,2.569330,-120.906609,-2.138891,-13.537946,-0.487696,0.864824,-0.093381,0.074237
8993,0.458333,-8.817249,-3.957229,-17.053331,0.165272,1.871576,-121.485695,-2.075878,-13.576829,-0.483356,0.867223,-0.094317,0.073453
8994,0.456719,-8.761024,-4.035475,-17.658360,-0.015647,0.354303,-122.063431,-2.045659,-13.598527,-0.478994,0.869620,-0.094978,0.072838
8995,0.479016,-8.697204,-4.091133,-18.705818,-0.286518,-0.294835,-122.669617,-2.042168,-13.594853,-0.474392,0.872144,-0.095348,0.072293
8996,0.491607,-8.670909,-4.194718,-20.650461,-1.074590,-0.873904,-123.326584,-2.046176,-13.565217,-0.469399,0.874875,-0.095518,0.071654
8997,0.487734,-8.582026,-4.307063,-23.382603,-1.980135,-1.382801,-124.062714,-2.049268,-13.501956,-0.463806,0.877926,-0.095479,0.070807
8998,0.471064,-8.498658,-4.407456,-25.663195,-2.928440,-0.936402,-124.883278,-2.034870,-13.412576,-0.457576,0.881295,-0.095355,0.069654
8999,0.462907,-8.443511,-4.556432,-26.427109,-3.728771,0.674356,-125.754654,-1.974309,-13.319416,-0.450975,0.884807,-0.095402,0.068094
9000,0.421627,-8.407585,-4.734524,-28.430246,-4.370494,1.409361,-126.671837,-1.866522,-13.230870,-0.444035,0.888427,-0.095679,0.066151
9001,0.391545,-8.343095,-4.919348,-29.495176,-4.256997,1.291515,-127.639946,-1.743800,-13.143373,-0.436681,0.892181,-0.096024,0.064053
9002,0.369175,-8.290325,-5.103764,-29.460127,-3.487401,0.850221,-128.624802,-1.636024,-13.063880,-0.429143,0.895934,-0.096356,0.062087
9003,0.367529,-8.234669,-5.264433,-29.521282,-2.014336,0.352432,-129.609390,-1.562606,-13.005428,-0.421530,0.899614,-0.096699,0.060466
9004,0.359420,-8.147408,-5.380827,-30.880909,-0.321494,-0.748150,-130.616913,-1.542511,-12.971491,-0.413640,0.903308,-0.097032,0.059333
9005,0.361013,-8.003494,-5.511035,-30.868704,1.334756,-1.195662,-131.646225,-1.577975,-12.963041,-0.405481,0.907005,-0.097368,0.058709
9006,0.363030,-7.854516,-5.599675,-30.461292,3.010864,0.416822,-132.667053,-1.636133,-13.008144,-0.397307,0.910559,-0.098042,0.058457
9008,0.381425,-7.793747,-5.715888,-29.740854,3.750086,2.094922,-133.667130,-1.682512,-13.119006,-0.389244,0.913909,-0.099274,0.058346
9009,0.389028,-7.672327,-5.867263,-28.892178,3.700440,2.804056,-134.639954,-1.710296,-13.264977,-0.381371,0.917060,-0.100841,0.058209
9010,0.379792,-7.556632,-6.042911,-28.515270,3.414242,3.804691,-135.591843,-1.716543,-13.426721,-0.373652,0.920054,-0.102599,0.057946
9011,0.361207,-7.463418,-6.127817,-28.904409,3.085237,5.231159,-136.543320,-1.690029,-13.610333,-0.365935,0.922952,-0.104641,0.057466
9012,0.346699,-7.425441,-6.268193,-29.453533,1.713951,5.130269,-137.510651,-1.630791,-13.791185,-0.358102,0.925825,-0.106771,0.056667
9013,0.350249,-7.359189,-6.442529,-32.442551,0.637168,3.761343,-138.538391,-1.560893,-13.927540,-0.349789,0.928853,-0.108595,0.055558
9014,0.297180,-7.313756,-6.593142,-37.550991,0.719998,0.945921,-139.702835,-1.526814,-14.001698,-0.340333,0.932280,-0.109860,0.054395
9015,0.232724,-6.953318,-6.565750,-42.398479,0.700327,-0.804176,-141.034698,-1.543743,-14.018790,-0.329449,0.936160,-0.110575,0.053302
9016,0.225276,-6.823311,-6.763691,-45.140320,0.004488,-0.077548,-142.493561,-1.562202,-14.014612,-0.317487,0.940287,-0.111159,0.052029
9017,0.200597,-6.557470,-6.759096,-47.477627,-0.940183,0.408068,-144.037048,-1.546394,-14.009589,-0.304812,0.944479,-0.111850,0.050384
9018,0.166977,-6.249125,-6.945878,-47.546040,-4.416537,2.134376,-145.620895,-1.449042,-13.992685,-0.291838,0.948598,-0.112647,0.047985
9019,0.144906,-5.945210,-7.233541,-45.181595,-7.792327,5.955826,-147.166046,-1.205049,-13.991918,-0.279277,0.952398,-0.113877,0.044434
9020,0.116061,-6.095549,-7.623057,-41.453091,-9.202755,8.558030,-148.608704,-0.836458,-14.045642,-0.267631,0.955706,-0.115743,0.040050
9021,0.037476,-5.982940,-7.902262,-38.485592,-9.291791,6.789968,-149.940063,-0.440688,-14.107669,-0.256903,0.958596,-0.117610,0.035531
9022,-0.021459,-5.898044,-8.238164,-35.362610,-7.140827,4.702945,-151.170578,-0.108219,-14.139830,-0.246933,0.961184,-0.118972,0.031547
9023,-0.065190,-5.785436,-8.259224,-32.257671,-2.002058,2.574628,-152.297455,0.083338,-14.174676,-0.237660,0.963480,-0.119967,0.028837
9024,-0.056757,-5.620116,-8.189565,-30.313200,1.606359,0.253911,-153.340240,0.110780,-14.214005,-0.228902,0.965555,-0.120611,0.027592
9025,-0.007504,-5.355053,-8.199050,-29.949402,2.811736,-1.194152,-154.344543,0.037751,-14.232717,-0.220350,0.967522,-0.120865,0.027186
9026,0.020316,-5.126358,-8.207875,-31.151463,3.416124,-0.391585,-155.362793,-0.067489,-14.253025,-0.211628,0.969444,-0.121080,0.027039
9027,0.040583,-5.009702,-8.308761,-32.631268,3.387319,1.920106,-156.425613,-0.160506,-14.322591,-0.202513,0.971312,-0.121750,0.026826
9028,0.032097,-4.916780,-8.480847,-33.596714,3.215010,3.377327,-157.528900,-0.227086,-14.446788,-0.193052,0.973097,-0.122945,0.026427
9029,0.029215,-4.802989,-8.663244,-32.648598,3.929137,3.958736,-158.632172,-0.291802,-14.604589,-0.183568,0.974752,-0.124432,0.026046
9030,0.028492,-4.683547,-8.791631,-31.050343,5.631978,3.765021,-159.692642,-0.394853,-14.781609,-0.174387,0.976233,-0.126019,0.026041
9031,0.059947,-4.624143,-8.854823,-30.058950,7.049479,3.105909,-160.709534,-0.554862,-14.961074,-0.165498,0.977568,-0.127543,0.026546
9032,0.115744,-4.418986,-8.945630,-30.533781,7.608032,0.902530,-161.717682,-0.764604,-15.103119,-0.156620,0.978855,-0.128696,0.027408
9033,0.167204,-4.217481,-8.963000,-31.352161,8.539069,-0.972803,-162.747711,-1.021364,-15.184207,-0.147502,0.980159,-0.129295,0.028550
9034,0.183724,-3.964702,-8.823146,-33.061710,9.070300,-1.935588,-163.820358,-1.316480,-15.222292,-0.137970,0.981475,-0.129520,0.029911
9035,0.225926,-3.801681,-8.927838,-36.732098,7.185893,-1.676031,-164.983063,-1.593654,-15.237195,-0.127679,0.982820,-0.129627,0.030989
9036,0.264583,-3.601706,-9.013642,-40.694054,5.829406,-1.495765,-166.273270,-1.816895,-15.239594,-0.116345,0.984195,-0.129754,0.031446
9037,0.286445,-3.424868,-9.032578,-41.330921,5.322787,-0.943113,-167.640076,-2.007120,-15.241755,-0.104375,0.985506,-0.129958,0.031533
9038,0.315536,-3.186187,-9.082132,-40.400532,3.860882,-0.375154,-169.001709,-2.161386,-15.251157,-0.092475,0.986659,-0.130273,0.031322
9039,0.348367,-3.080670,-9.246991,-39.523319,1.558197,0.459874,-170.332901,-2.249940,-15.268617,-0.080899,0.987641,-0.130712,0.030582
9040,0.345923,-2.906099,-9.274195,-36.524593,0.285464,0.087937,-171.599655,-2.278800,-15.282236,-0.069940,0.988457,-0.131141,0.029392
9041,0.298362,-2.585853,-9.282673,-30.930435,-1.332379,-0.615087,-172.724213,-2.262760,-15.271043,-0.060257,0.989110,-0.131336,0.027960
9042,0.249189,-2.389527,-9.350419,-28.452633,-4.249151,0.027780,-173.714645,-2.171626,-15.250193,-0.051817,0.989627,-0.131438,0.026027
9043,0.202026,-2.321862,-9.500134,-28.156725,-7.390542,1.154387,-174.658066,-1.976628,-15.249917,-0.043895,0.990040,-0.131728,0.023260
9044,0.161235,-2.167220,-9.644753,-27.463913,-8.966504,1.359318,-175.584412,-1.701399,-15.268258,-0.036207,0.990368,-0.132167,0.019822
9045,0.089754,-1.945297,-9.600897,-26.594341,-9.182999,1.585558,-176.484558,-1.396255,-15.296190,-0.028777,0.990614,-0.132645,0.016152
9046,0.056488,-1.887009,-9.629592,-28.596411,-10.627888,2.840210,-177.403122,-1.062622,-15.352219,-0.021218,0.990770,-0.133325,0.012214
9047,0.028928,-1.728892,-9.644319,-30.939953,-12.109235,3.022062,-178.394028,-0.680308,-15.435913,-0.013090,0.990838,-0.134199,0.007764
9048,-0.070081,-1.510341,-9.557453,-33.387383,-13.332729,3.121433,-179.465286,-0.254489,-15.530313,-0.004323,0.990818,-0.135101,0.002831
9049,-0.155618,-1.406230,-9.614799,-36.919609,-16.270018,3.957743,179.363083,0.238709,-15.648705,0.005223,0.990674,-0.136123,-0.002820
9050,-0.242298,-1.270673,-9.716223,-37.263733,-18.055296,3.924171,178.125549,0.807733,-15.792431,0.015233,0.990377,-0.137243,-0.009228
9051,-0.368671,-1.118580,-9.807681,-36.077000,-18.223190,2.813168,176.900696,1.406829,-15.930706,0.025080,0.989961,-0.138184,-0.015901
9052,-0.509660,-0.999430,-9.994645,-34.004784,-17.371973,1.407504,175.729568,1.994153,-16.038988,0.034462,0.989474,-0.138750,-0.022416
9053,-0.613770,-0.776963,-10.017900,-28.112980,-14.082424,-0.124969,174.691788,2.514594,-16.104073,0.042769,0.988983,-0.138882,-0.028187
9054,-0.694185,-0.578059,-9.878111,-21.707052,-10.159609,-1.269995,173.860657,2.918782,-16.121264,0.049438,0.988570,-0.138624,-0.032687
9055,-0.722007,-0.545990,-9.943763,-19.838877,-8.614003,-1.525524,173.168808,3.234829,-16.110334,0.055019,0.988217,-0.138157,-0.036242
9056,-0.730914,-0.427143,-9.949745,-17.746006,-6.694203,-2.353350,172.544312,3.495989,-16.077894,0.060092,0.987896,-0.137522,-0.039228
9057,-0.754860,-0.245318,-9.793347,-15.488579,-4.447647,-3.068291,171.994461,3.692092,-16.013250,0.064612,0.987637,-0.136649,-0.041540
9058,-0.754412,-0.176986,-9.859896,-16.103106,-4.338727,-2.766990,171.472870,3.850936,-15.937952,0.068940,0.987391,-0.135701,-0.043484
9059,-0.762304,-0.153111,-9.987706,-17.248339,-3.594767,-2.491658,170.921585,3.995026,-15.871436,0.073539,0.987098,-0.134813,-0.045334
9060,-0.798552,0.009262,-9.985609,-17.041615,-1.140169,-2.596308,170.355087,4.086693,-15.800471,0.078334,0.986787,-0.133906,-0.046740
9061,-0.802953,0.069966,-9.912564,-17.103554,1.186242,-1.918183,169.791306,4.098884,-15.726132,0.083204,0.986474,-0.133025,-0.047449
9062,-0.776417,0.155812,-9.891075,-17.087503,2.414114,-1.374348,169.226074,4.049884,-15.661185,0.088155,0.986136,-0.132272,-0.047633
9063,-0.748615,0.193680,-9.877403,-17.390116,3.719977,-1.117377,168.655685,3.957528,-15.600724,0.093200,0.985771,-0.131596,-0.047448
9064,-0.723694,0.301430,-9.814180,-17.750538,4.746684,-1.370051,168.074707,3.827682,-15.531561,0.098382,0.985387,-0.130880,-0.046940
9065,-0.694787,0.424499,-9.734411,-17.926455,5.019610,-2.069787,167.486038,3.680720,-15.440921,0.103656,0.984994,-0.130003,-0.046268
9066,-0.668365,0.550331,-9.770617,-19.234787,4.711180,-2.925125,166.874115,3.541030,-15.323540,0.109128,0.984579,-0.128888,-0.045651
9067,-0.640468,0.649473,-9.782633,-21.425159,5.095561,-3.041877,166.204666,3.405206,-15.188498,0.115092,0.984092,-0.127605,-0.045102
9068,-0.609486,0.777185,-9.744290,-23.281385,5.389952,-3.236413,165.467987,3.261383,-15.044033,0.121642,0.983506,-0.126235,-0.044536
9069,-0.563394,0.930316,-9.791651,-25.487181,5.760754,-3.896296,164.664276,3.112465,-14.881028,0.128773,0.982820,-0.124698,-0.043961
9070,-0.521308,1.087444,-9.771250,-29.077141,6.795480,-4.145627,163.764771,2.947543,-14.694861,0.136744,0.981991,-0.122961,-0.043305
9071,-0.502176,1.289187,-9.765950,-31.947102,8.176622,-3.531235,162.757446,2.745465,-14.500262,0.145672,0.980968,-0.121177,-0.042409
9072,-0.475242,1.439751,-9.761113,-35.000248,9.296778,-2.845097,161.650452,2.500737,-14.309961,0.155484,0.979719,-0.119479,-0.041229
9073,-0.438599,1.638122,-9.753078,-39.197777,9.963694,-2.616709,160.421799,2.226838,-14.119473,0.166348,0.978191,-0.117813,-0.039896
9074,-0.417924,1.924920,-9.687217,-42.159618,10.105577,-1.629911,159.072647,1.937637,-13.937174,0.178228,0.976339,-0.116242,-0.038535
9075,-0.400740,2.089999,-9.677047,-44.564537,8.689287,-0.766735,157.632248,1.661398,-13.784434,0.190830,0.974156,-0.114919,-0.037393
9076,-0.398158,2.362113,-9.665223,-45.844666,5.145603,-1.684376,156.129196,1.465589,-13.656158,0.203838,0.971677,-0.113685,-0.037010
9077,-0.370680,2.596058,-9.586702,-45.882706,0.570225,-3.119346,154.603561,1.412466,-13.543253,0.216848,0.968982,-0.112329,-0.037857
9078,-0.379139,2.839653,-9.528257,-44.080376,-2.876038,-3.480098,153.106583,1.495498,-13.460916,0.229431,0.966157,-0.110962,-0.039856
9079,-0.401926,3.047348,-9.454805,-42.222916,-5.470901,-3.494532,151.669556,1.672743,-13.422020,0.241362,0.963265,-0.109749,-0.042651
9080,-0.417650,3.311819,-9.403650,-39.962540,-7.050967,-3.379294,150.300034,1.910899,-13.422803,0.252614,0.960342,-0.108705,-0.045956
9081,-0.409406,3.472548,-9.307353,-38.219322,-7.028575,-2.371334,148.995941,2.161875,-13.458520,0.263254,0.957403,-0.107888,-0.049366
9082,-0.446097,3.750257,-9.236124,-37.486282,-5.849319,-0.426409,147.731491,2.369120,-13.531466,0.273555,0.954397,-0.107441,-0.052452
9083,-0.468067,3.946772,-9.064542,-39.648235,-4.378522,2.177715,146.441132,2.496437,-13.648863,0.284096,0.951162,-0.107497,-0.055004
9084,-0.496106,4.120955,-8.924830,-41.816376,-1.914316,4.874895,145.076782,2.517100,-13.805441,0.295302,0.947568,-0.108075,-0.056855
9085,-0.496496,4.237833,-8.767132,-44.686211,1.114478,7.413332,143.627838,2.408638,-13.980121,0.307286,0.943576,-0.109082,-0.057793
9086,-0.512632,4.456495,-8.640564,-45.689636,3.853253,9.472543,142.114899,2.172783,-14.155021,0.319879,0.939227,-0.110411,-0.057786
9087,-0.460779,4.631011,-8.505188,-47.014915,7.579231,11.412698,140.564850,1.806600,-14.308209,0.332868,0.934585,-0.111944,-0.056737
9088,-0.568850,4.975176,-8.556634,-45.718548,9.623207,10.911058,139.016953,1.347439,-14.407699,0.345900,0.929782,-0.113373,-0.054823
9089,-0.494552,5.176395,-8.526955,-45.244411,7.647429,8.356722,137.500320,0.918780,-14.455844,0.358604,0.924939,-0.114376,-0.053012
9090,-0.413977,5.490707,-8.383671,-42.513405,4.121312,6.273949,136.037399,0.608866,-14.498816,0.370685,0.920131,-0.115041,-0.052120
9091,-0.294269,5.740894,-8.179759,-42.418171,1.723027,3.857212,134.621643,0.421043,-14.550053,0.382195,0.915357,-0.115426,-0.052208
9092,-0.297024,5.932206,-8.056620,-42.504684,-0.313540,0.680648,133.206238,0.350290,-14.585229,0.393528,0.910502,-0.115295,-0.053189
9093,-0.143161,5.981867,-7.812458,-42.436798,-2.046182,-1.616717,131.790665,0.388292,-14.603300,0.404698,0.905569,-0.114637,-0.054973
9094,-0.155362,6.159931,-7.626436,-40.995411,-1.248495,-2.332893,130.400375,0.473960,-14.601117,0.415568,0.900632,-0.113634,-0.057025
9095,-0.189582,6.321428,-7.520428,-41.557446,0.850767,-2.699721,129.025131,0.542599,-14.552617,0.426302,0.895658,-0.112306,-0.058740
9096,-0.269253,6.475942,-7.474274,-41.941990,2.197580,-1.987985,127.634537,0.572186,-14.464421,0.437155,0.890518,-0.110786,-0.059992
9097,-0.276388,6.659227,-7.338421,-40.228020,1.237071,-1.694566,126.266075,0.586758,-14.381930,0.447788,0.885320,-0.109368,-0.061101
9098,-0.271768,6.822446,-7.191464,-39.409664,0.597049,-1.619360,124.939583,0.613949,-14.324895,0.458010,0.880144,-0.108106,-0.062344
9099,-0.275090,6.988827,-7.002844,-38.989590,0.376703,-1.400711,123.633575,0.646441,-14.283106,0.468003,0.874921,-0.106936,-0.063649
9100,-0.281021,7.139365,-6.825923,-37.802074,-0.376162,-1.603233,122.354218,0.688449,-14.255843,0.477716,0.869687,-0.105837,-0.065044
9101,-0.249945,7.262420,-6.635976,-36.069839,-1.035843,-1.860595,121.123306,0.749964,-14.245430,0.486977,0.864545,-0.104791,-0.066596
9102,-0.261990,7.400012,-6.463112,-34.601627,-0.909573,-1.666191,119.945633,0.817095,-14.243438,0.495772,0.859529,-0.103795,-0.068164
9103,-0.259691,7.532231,-6.316005,-34.538811,-0.383458,-1.398522,118.793503,0.872169,-14.237184,0.504340,0.854534,-0.102815,-0.069587
9104,-0.260920,7.643254,-6.178070,-35.298382,0.515053,-1.188780,117.630020,0.909098,-14.214904,0.512968,0.849408,-0.101772,-0.070801
9105,-0.288643,7.726381,-6.028982,-36.753590,1.477657,-0.504536,116.429962,0.919083,-14.172547,0.521852,0.844032,-0.100667,-0.071743
9106,-0.306517,7.828645,-5.832283,-38.191952,1.849686,0.913543,115.181763,0.888762,-14.125681,0.531073,0.838322,-0.099678,-0.072397
9107,-0.267940,7.937416,-5.675545,-38.952770,2.925212,1.800647,113.896973,0.814597,-14.072205,0.540542,0.832322,-0.098822,-0.072720
9108,-0.269366,8.095460,-5.519647,-39.115349,3.523167,3.461463,112.596863,0.691559,-14.008190,0.550104,0.826124,-0.098121,-0.072643
9109,-0.221303,8.218911,-5.336140,-36.714363,2.373959,3.675756,111.333694,0.544507,-13.961702,0.559340,0.819967,-0.097701,-0.072442
9111,-0.187933,8.307441,-5.146793,-35.006100,1.948078,4.791997,110.138649,0.387133,-13.944314,0.568011,0.814013,-0.097598,-0.072253
9112,-0.138771,8.465810,-4.982749,-33.487099,1.584785,4.789853,108.997223,0.217026,-13.942419,0.576241,0.808215,-0.097716,-0.072013
9113,-0.134588,8.610507,-4.820212,-32.670135,0.701130,4.253643,107.894684,0.062037,-13.953973,0.584117,0.802528,-0.097890,-0.071923
9114,-0.096532,8.727383,-4.617471,-32.399677,0.205022,3.320661,106.810295,-0.062890,-13.977156,0.591777,0.796866,-0.098011,-0.072097
9115,-0.097420,8.837442,-4.417469,-35.117287,1.027287,3.384078,105.685150,-0.175888,-13.988621,0.599660,0.790934,-0.097969,-0.072336
9116,-0.064791,8.994224,-4.218413,-36.767082,0.831739,1.797943,104.487190,-0.267395,-13.981185,0.607977,0.784568,-0.097642,-0.072690
9117,-0.066339,8.996632,-3.982624,-38.768063,1.490700,0.983914,103.228294,-0.321688,-13.954565,0.616621,0.777827,-0.096948,-0.073246
9118,-0.054219,9.054435,-3.717433,-42.113590,2.650155,1.946007,101.880104,-0.384414,-13.897754,0.625816,0.770523,-0.096040,-0.073650
9119,-0.053698,9.114891,-3.508132,-43.744118,3.936261,2.311434,100.448677,-0.475346,-13.803913,0.635525,0.762660,-0.094992,-0.073718
9120,-0.054106,9.196411,-3.296486,-41.301849,4.431924,1.663550,99.030327,-0.564331,-13.677727,0.645066,0.754776,-0.093741,-0.073591
9121,-0.016502,9.297143,-3.036838,-38.119572,4.570528,0.879881,97.705376,-0.628177,-13.535425,0.653889,0.747337,-0.092320,-0.073441
9122,-0.001134,9.400541,-2.835320,-36.214607,4.565717,0.197017,96.464981,-0.664820,-13.386487,0.662063,0.740308,-0.090769,-0.073339
9123,0.009246,9.461804,-2.654521,-34.616264,3.529392,-1.608899,95.283058,-0.655247,-13.249823,0.669745,0.733553,-0.089077,-0.073533
9124,0.001897,9.472216,-2.423435,-33.658813,1.460027,-3.613195,94.144310,-0.575288,-13.159638,0.677003,0.726988,-0.087298,-0.074390
9125,0.003526,9.514239,-2.274442,-34.080750,-0.398733,-4.691226,93.015228,-0.438117,-13.133163,0.684055,0.720400,-0.085576,-0.075952
9126,-0.065583,9.601448,-2.144432,-34.314686,-1.161851,-5.259712,91.875565,-0.271180,-13.151982,0.691057,0.713667,-0.083928,-0.077953
9127,-0.114989,9.672600,-1.967271,-33.114044,-2.065318,-6.422030,90.752029,-0.075264,-13.201238,0.697848,0.706961,-0.082270,-0.080281
9128,-0.142120,9.649172,-1.778761,-31.566954,-2.913795,-6.699370,89.674095,0.143785,-13.283290,0.704253,0.700463,-0.080667,-0.082894
9129,-0.171974,9.666941,-1.582925,-29.815380,-2.910740,-6.148090,88.650726,0.356522,-13.383430,0.710253,0.694228,-0.079210,-0.085520
9130,-0.224776,9.767752,-1.432767,-30.906610,-2.697042,-5.935596,87.637985,0.554775,-13.483371,0.716140,0.687997,-0.077811,-0.088031
9131,-0.254857,9.770249,-1.290764,-31.864923,-2.976151,-5.239423,86.590721,0.735985,-13.587209,0.722182,0.681483,-0.076477,-0.090469
9132,-0.287739,9.777395,-1.158825,-31.696814,-2.853877,-4.178547,85.529945,0.885898,-13.694997,0.728261,0.674806,-0.075317,-0.092739
9133,-0.304674,9.821948,-1.013548,-30.324461,-1.896863,-3.807360,84.494865,1.011580,-13.785531,0.734157,0.668233,-0.074197,-0.094727
9134,-0.320357,9.853434,-0.910154,-28.631283,-0.747529,-3.658895,83.511276,1.130654,-13.842373,0.739728,0.661957,-0.072939,-0.096413
9135,-0.321805,9.793085,-0.729286,-25.585901,0.893195,-3.188368,82.607483,1.244146,-13.853741,0.744830,0.656178,-0.071503,-0.097708
9136,-0.388910,9.799673,-0.515784,-24.930349,3.002433,-2.882748,81.766731,1.353103,-13.803151,0.749584,0.650806,-0.069782,-0.098515
9137,-0.401484,9.721413,-0.420873,-29.011295,3.393541,-1.928765,80.870010,1.448327,-13.709848,0.754662,0.645045,-0.067855,-0.098978
9138,-0.399278,9.743173,-0.241456,-30.928400,3.688547,-2.454843,79.873795,1.540082,-13.605754,0.760263,0.638587,-0.065802,-0.099383
9139,-0.385075,9.800586,-0.038768,-32.322327,3.750089,-2.291008,78.822685,1.640722,-13.498476,0.766107,0.631719,-0.063621,-0.099818
9140,-0.399630,9.794106,0.193192,-34.780132,3.451522,-1.759289,77.707474,1.731220,-13.394675,0.772242,0.624355,-0.061470,-0.100224
9141,-0.338400,9.722758,0.326539,-35.655540,2.524250,-1.471431,76.536301,1.805932,-13.309620,0.778603,0.616527,-0.059476,-0.100669
9142,-0.327498,9.855854,0.594183,-32.270588,3.049605,-2.211668,75.406754,1.888071,-13.234394,0.784649,0.608919,-0.057517,-0.101169
9143,-0.336581,9.904805,0.764897,-32.433529,2.908117,-0.546908,74.331284,1.958319,-13.150413,0.790353,0.601619,-0.055638,-0.101492
9144,-0.324965,9.827017,0.895191,-34.853035,2.385147,0.383992,73.212837,1.985554,-13.066555,0.796242,0.593936,-0.054020,-0.101588
9145,-0.309653,9.874783,1.062735,-35.905029,2.620536,0.817604,72.036613,1.991385,-12.981000,0.802369,0.585775,-0.052496,-0.101568
9146,-0.383386,10.008883,1.457658,-35.631477,2.448535,2.517591,70.847855,1.965556,-12.883203,0.808507,0.577446,-0.051130,-0.101288
9147,-0.401398,9.916904,1.603594,-33.356327,0.216618,6.649600,69.701286,1.836703,-12.789928,0.814413,0.569275,-0.050569,-0.100495
9148,-0.342052,9.571725,1.643073,-32.681332,-0.397815,8.028848,68.603249,1.607067,-12.706065,0.820054,0.561316,-0.050839,-0.099255
9149,-0.324232,9.516390,1.957675,-33.242451,0.452603,6.109053,67.506943,1.388874,-12.617273,0.825600,0.553323,-0.051033,-0.098048
9150,-0.248379,9.412837,2.072324,-33.938148,-0.074969,4.340373,66.389091,1.231108,-12.543101,0.831118,0.545158,-0.050868,-0.097256
9151,-0.137344,9.250796,2.113639,-35.930283,0.949130,1.210971,65.225815,1.152797,-12.491771,0.836699,0.536656,-0.050210,-0.097027
9152,-0.111479,9.152665,2.427643,-38.735828,3.958283,-3.486765,63.982731,1.222175,-12.433859,0.842480,0.527625,-0.048377,-0.097458
9153,-0.208056,9.386061,2.821438,-39.636387,5.453795,-6.547409,62.678253,1.441956,-12.368249,0.848362,0.518193,-0.045338,-0.098507
9154,-0.297393,9.407740,2.989554,-37.781269,5.589938,-5.876052,61.389961,1.711122,-12.302454,0.854034,0.508848,-0.041926,-0.099709
9155,-0.405570,9.376544,3.289041,-35.805614,6.057439,-4.359656,60.166428,1.954688,-12.216302,0.859351,0.499909,-0.038653,-0.100561
9156,-0.460325,9.225817,3.489879,-33.615162,5.431026,-2.701555,59.013309,2.152961,-12.110746,0.864314,0.491415,-0.035688,-0.100993
9157,-0.479370,9.196560,3.637699,-32.567554,4.119528,-2.517459,57.913879,2.310289,-12.020636,0.868975,0.483240,-0.033142,-0.101305
9158,-0.460511,9.249964,3.786014,-31.492041,2.899513,-1.873815,56.848774,2.435050,-11.961567,0.873408,0.475248,-0.031000,-0.101672
9159,-0.457476,9.103216,3.948005,-29.648804,1.604628,-0.262483,55.831696,2.506333,-11.918867,0.877587,0.467539,-0.029375,-0.101905
9160,-0.390664,9.045341,3.977670,-28.833673,0.619340,-0.285094,54.858173,2.534919,-11.893687,0.881534,0.460093,-0.028187,-0.102071
9161,-0.375870,8.969728,4.178149,-28.096075,0.946165,0.222100,53.910324,2.551021,-11.873105,0.885318,0.452803,-0.027136,-0.102204
9162,-0.380747,8.846522,4.299453,-27.836254,1.048635,0.180012,52.979557,2.565397,-11.842393,0.888986,0.445614,-0.026074,-0.102238
9163,-0.431614,8.659316,4.465018,-27.103657,1.021506,-0.468033,52.065056,2.590194,-11.817904,0.892521,0.438529,-0.024970,-0.102347
9164,-0.406685,8.656849,4.544647,-26.416798,1.342332,-1.546444,51.173573,2.640997,-11.807824,0.895886,0.431611,-0.023737,-0.102648
9165,-0.445400,8.608157,4.763975,-27.724253,2.030904,-2.977321,50.271084,2.734974,-11.811971,0.899201,0.424609,-0.022204,-0.103209
9166,-0.487112,8.637768,4.836294,-28.904898,1.253188,-5.253682,49.325054,2.875097,-11.858677,0.902553,0.417265,-0.020415,-0.104262
9167,-0.536785,8.609176,5.030432,-29.392467,1.301129,-6.167484,48.348709,3.046547,-11.951965,0.905892,0.409670,-0.018500,-0.105775
9168,-0.556193,8.482294,5.097496,-30.143929,2.160928,-6.635722,47.351002,3.243491,-12.052483,0.909216,0.401898,-0.016364,-0.107411
9169,-0.598890,8.411398,5.230041,-31.401758,4.003469,-8.758025,46.319386,3.500856,-12.153166,0.912548,0.393876,-0.013687,-0.109228
9170,-0.641997,8.397338,5.488251,-31.220722,5.885712,-9.960149,45.269405,3.839374,-12.252542,0.915815,0.385741,-0.010307,-0.111263
9171,-0.695071,8.308887,5.703074,-32.561359,7.003448,-9.906340,44.200535,4.224940,-12.336582,0.919047,0.377466,-0.006443,-0.113275
9172,-0.745612,8.272138,5.813586,-33.851536,7.297173,-9.931733,43.087959,4.625491,-12.411533,0.922330,0.368824,-0.002349,-0.115197
9173,-0.797478,8.171974,6.048100,-34.287113,6.980475,-8.905582,41.946484,5.012986,-12.482386,0.925624,0.359909,0.001718,-0.116975
9174,-0.850016,7.960690,6.220319,-34.936737,5.455181,-5.913905,40.788483,5.331671,-12.531048,0.928941,0.350779,0.005345,-0.118296
9175,-0.921028,7.742234,6.264126,-35.403366,3.037296,-1.753343,39.615650,5.522122,-12.537589,0.932341,0.341398,0.008091,-0.118839
9176,-0.928705,7.657373,6.401075,-34.351437,1.631138,-0.038770,38.455654,5.601211,-12.512058,0.935719,0.332000,0.010016,-0.118765
9177,-0.901903,7.494011,6.568959,-33.070583,0.845850,1.234997,37.336090,5.621495,-12.470953,0.938946,0.322854,0.011458,-0.118380
9178,-0.870671,7.295244,6.636265,-32.241467,-0.217358,3.317664,36.254223,5.584389,-12.403713,0.942047,0.313940,0.012453,-0.117615
9179,-0.852263,7.244711,6.767704,-32.962456,-1.067067,4.037791,35.176018,5.495366,-12.316444,0.945110,0.304983,0.013055,-0.116544
9180,-0.811290,7.059354,6.930232,-32.931171,-1.007476,2.894840,34.085083,5.401261,-12.240770,0.948110,0.295890,0.013579,-0.115553
9181,-0.773439,6.829781,7.001104,-34.677883,-1.381419,3.718845,32.964931,5.307273,-12.170517,0.951088,0.286527,0.014101,-0.114605
9182,-0.777574,6.718948,7.142396,-39.413918,-2.745715,4.776286,31.737793,5.173387,-12.087430,0.954270,0.276211,0.014410,-0.113443
9183,-0.797844,6.625703,7.296730,-43.572971,-4.325022,3.836169,30.360386,4.998431,-12.025111,0.957689,0.264576,0.014450,-0.112351
9184,-0.787003,6.333276,7.390877,-48.743748,-7.663565,2.679211,28.821644,4.771285,-12.029406,0.961284,0.251513,0.014038,-0.111701
9185,-0.722883,6.124611,7.704146,-54.859570,-10.165997,2.578133,27.090240,4.468092,-12.091687,0.965082,0.236723,0.013037,-0.111396
9186,-0.655071,5.914641,8.054480,-55.026436,-8.739456,0.441484,25.252188,4.163329,-12.185872,0.968822,0.220972,0.012059,-0.111401
9187,-0.575750,5.617435,8.210976,-50.631100,-4.470358,-2.647346,23.482855,3.978190,-12.310184,0.972088,0.205844,0.011981,-0.111936
9188,-0.517318,5.394405,8.431508,-47.807507,-0.090100,-4.179714,21.833288,3.952089,-12.444155,0.974831,0.191823,0.013145,-0.112849
9189,-0.510457,5.266522,8.669080,-40.708065,4.178600,-4.202913,20.350918,4.065933,-12.549669,0.977074,0.179311,0.015411,-0.113740
9190,-0.590814,5.072037,8.603125,-32.109539,6.537035,-3.998800,19.132494,4.280074,-12.617683,0.978757,0.169113,0.018350,-0.114452
9191,-0.637174,4.922146,8.563951,-29.798542,4.380556,-1.077049,18.099113,4.479457,-12.639504,0.980125,0.160462,0.021059,-0.114733
9192,-0.668505,4.767732,8.688222,-29.622034,0.158017,1.676891,17.111374,4.548371,-12.607186,0.981471,0.152063,0.022681,-0.114357
9193,-0.654253,4.601046,8.762979,-28.926809,-2.975127,3.439030,16.140978,4.478886,-12.539060,0.982824,0.143670,0.023137,-0.113495
9194,-0.603104,4.460042,8.881846,-30.963074,-4.382708,4.975387,15.150710,4.322927,-12.437048,0.984200,0.135011,0.022897,-0.112242
9195,-0.525475,4.339258,9.075135,-32.740036,-5.219965,5.542833,14.098619,4.123759,-12.307600,0.985610,0.125765,0.022354,-0.110708
9196,-0.493333,4.128743,9.157789,-32.518242,-4.444549,3.798481,13.019075,3.930684,-12.193790,0.986939,0.116280,0.021847,-0.109329
9197,-0.466617,3.962927,9.172157,-33.106750,-3.144208,3.813441,11.931938,3.779923,-12.096951,0.988148,0.106759,0.021673,-0.108151
9198,-0.460688,3.804255,9.233970,-32.767315,-3.029433,3.845115,10.840974,3.653852,-11.991817,0.989264,0.097215,0.021702,-0.106933
9199,-0.458961,3.614700,9.250470,-30.717216,-2.328581,2.117319,9.788151,3.548208,-11.909883,0.990229,0.088013,0.021833,-0.105945
9200,-0.469086,3.444100,9.263940,-30.131918,-1.825933,1.327892,8.776878,3.470729,-11.864244,0.991035,0.079194,0.022128,-0.105305
9201,-0.463135,3.292525,9.291393,-29.297747,-1.907596,1.133525,7.788366,3.403300,-11.832516,0.991732,0.070576,0.022472,-0.104797
9202,-0.429708,3.149439,9.376926,-27.380064,-2.555448,0.824695,6.845155,3.325384,-11.809588,0.992324,0.062338,0.022671,-0.104372
9203,-0.389542,3.019182,9.447610,-25.576731,-1.918671,0.050456,5.962953,3.249683,-11.803455,0.992802,0.054628,0.022821,-0.104109
9204,-0.384077,2.930311,9.523471,-24.562082,-2.067839,0.181077,5.127210,3.183228,-11.805999,0.993191,0.047328,0.023002,-0.103938
9205,-0.366121,2.807335,9.597711,-24.476534,-2.406242,-0.132369,4.309653,3.108844,-11.811348,0.993519,0.040176,0.023096,-0.103795
9206,-0.347359,2.648036,9.634090,-24.308636,-2.073301,-0.796810,3.495507,3.035437,-11.831927,0.993779,0.033055,0.023190,-0.103789
9208,-0.335932,2.491327,9.712147,-26.210064,-1.126974,-1.481131,2.651429,2.984254,-11.872733,0.993972,0.025697,0.023501,-0.103960
9209,-0.333878,2.291391,9.741450,-26.524820,-1.291512,-1.903043,1.769567,2.946188,-11.930657,0.994097,0.018024,0.023961,-0.104275
9210,-0.313997,2.071122,9.793659,-26.811024,-1.610206,-2.340267,0.877026,2.899502,-12.002573,0.994152,0.010254,0.024361,-0.104707
9211,-0.316032,1.871228,9.789750,-25.498449,-1.509294,-2.602057,0.001102,2.848174,-12.085459,0.994137,0.002626,0.024713,-0.105238
9212,-0.309252,1.737476,9.834168,-25.342619,-1.771516,-2.187899,-0.850111,2.792932,-12.164973,0.994067,-0.004792,0.025018,-0.105746
9213,-0.307008,1.592527,9.820207,-23.807281,-1.896378,-2.324628,-1.672788,2.730139,-12.238914,0.993951,-0.011971,0.025240,-0.106214
9214,-0.304344,1.444903,9.855906,-23.709368,-1.566466,-2.516320,-2.468394,2.669567,-12.317557,0.993782,-0.018910,0.025465,-0.106731
9215,-0.291223,1.288964,9.838192,-22.966070,-0.569711,-2.912520,-3.250378,2.629509,-12.406219,0.993554,-0.025709,0.025865,-0.107334
9216,-0.272724,1.154348,9.859929,-23.051394,0.047035,-2.904382,-4.021708,2.614699,-12.502463,0.993270,-0.032388,0.026486,-0.107997
9217,-0.276220,1.009459,9.870567,-22.425684,0.349412,-3.122106,-4.784221,2.613578,-12.603180,0.992938,-0.038974,0.027228,-0.108692
9218,-0.283152,0.866624,9.884752,-21.989269,0.339015,-3.377998,-5.529410,2.615286,-12.712199,0.992560,-0.045402,0.027993,-0.109456
9219,-0.288000,0.767266,9.868990,-21.815245,0.423265,-3.414166,-6.264657,2.616310,-12.826226,0.992139,-0.051740,0.028755,-0.110261
9220,-0.298214,0.653116,9.917272,-23.179205,0.463308,-3.329789,-7.019712,2.617990,-12.939687,0.991666,-0.058245,0.029553,-0.111050
9221,-0.313324,0.526610,9.925488,-22.910379,0.935267,-3.918347,-7.793457,2.625516,-13.062604,0.991130,-0.064900,0.030437,-0.111906
9222,-0.300323,0.375641,9.936920,-22.388292,1.420955,-4.354330,-8.554936,2.644821,-13.204782,0.990535,-0.071426,0.031435,-0.112918
9223,-0.310312,0.266238,9.913256,-20.888065,1.686879,-4.367644,-9.283222,2.673487,-13.356555,0.989908,-0.077648,0.032502,-0.114006
9224,-0.321571,0.139451,9.937689,-19.103939,1.893332,-4.303133,-9.956893,2.708186,-13.509152,0.989278,-0.083386,0.033583,-0.115104
9225,-0.339845,0.045561,9.925043,-15.737350,1.741252,-4.217254,-10.544727,2.742541,-13.659821,0.988681,-0.088378,0.034585,-0.116202
9226,-0.338861,-0.044187,9.936718,-13.014576,1.329779,-3.672062,-11.030592,2.768241,-13.798722,0.988153,-0.092499,0.035411,-0.117230
9227,-0.367776,-0.091711,9.926544,-10.432017,0.944304,-2.876602,-11.426907,2.784169,-13.913293,0.987708,-0.095863,0.036050,-0.118080
9228,-0.382849,-0.155239,9.937022,-7.988172,0.484184,-2.331364,-11.738280,2.790063,-14.003217,0.987351,-0.098512,0.036498,-0.118751
9229,-0.367404,-0.208745,9.915376,-4.973610,-0.140754,-2.074530,-11.957857,2.780589,-14.076348,0.987085,-0.100391,0.036708,-0.119320
9230,-0.358035,-0.265561,9.920016,-2.578640,-0.311050,-1.730744,-12.086651,2.760024,-14.136892,0.986910,-0.101503,0.036719,-0.119819
9231,-0.362112,-0.283495,9.929625,-0.523619,-0.326154,-1.402002,-12.140699,2.738691,-14.185775,0.986813,-0.101976,0.036635,-0.120243
9232,-0.352816,-0.273237,9.923141,2.243017,-0.575185,-1.498773,-12.114144,2.713854,-14.229939,0.986793,-0.101760,0.036433,-0.120655
9233,-0.340319,-0.256543,9.929836,3.929524,-0.683927,-1.513165,-12.013374,2.682848,-14.274696,0.986837,-0.100913,0.036100,-0.121102
9234,-0.353384,-0.224309,9.948564,5.312566,-0.554556,-1.555012,-11.861472,2.652082,-14.320511,0.986924,-0.099624,0.035714,-0.121572
9235,-0.356879,-0.162122,9.947029,6.386206,-0.524180,-1.699049,-11.668771,2.623427,-14.369996,0.987040,-0.097980,0.035305,-0.122084
9236,-0.358274,-0.097152,9.938296,6.865209,-0.417392,-1.858308,-11.450420,2.596173,-14.424997,0.987169,-0.096113,0.034884,-0.122649
9237,-0.369240,-0.068665,9.947912,6.412027,-0.101392,-1.965655,-11.231877,2.575161,-14.485847,0.987287,-0.094235,0.034519,-0.123258
9238,-0.365652,-0.046921,9.935154,6.028859,0.342903,-1.992119,-11.027474,2.566374,-14.551418,0.987384,-0.092464,0.034276,-0.123892
9239,-0.373317,0.019336,9.927751,4.194637,0.581273,-1.888865,-10.860066,2.569214,-14.617923,0.987445,-0.090998,0.034173,-0.124513
9240,-0.376386,0.024398,9.927804,2.227710,0.740383,-1.843574,-10.755960,2.579177,-14.683223,0.987455,-0.090071,0.034197,-0.125098
9241,-0.364728,-0.007298,9.923390,1.157504,0.597287,-1.761694,-10.702394,2.589886,-14.746479,0.987427,-0.089578,0.034280,-0.125650
9242,-0.346650,-0.015035,9.932774,0.205850,0.063318,-1.565428,-10.682227,2.590412,-14.803070,0.987381,-0.089387,0.034306,-0.126144
9243,-0.363138,-0.004162,9.934979,-0.303353,-0.525612,-1.630102,-10.686145,2.572964,-14.854029,0.987323,-0.089425,0.034200,-0.126596
9244,-0.365855,-0.049428,9.926480,0.331622,-0.720695,-1.658139,-10.687905,2.542387,-14.904078,0.987269,-0.089460,0.033978,-0.127052
9245,-0.355254,-0.040757,9.922555,1.564510,-0.917296,-1.350493,-10.658251,2.506275,-14.948341,0.987246,-0.089233,0.033669,-0.127472
9246,-0.365208,-0.016323,9.932440,2.454265,-1.164175,-1.232054,-10.592829,2.464247,-14.984286,0.987260,-0.088707,0.033262,-0.127836
9247,-0.384256,0.013535,9.910093,2.556910,-1.071992,-1.261578,-10.510759,2.420000,-15.018353,0.987289,-0.088041,0.032815,-0.128189
9248,-0.378203,0.020441,9.898980,2.635219,-0.665258,-1.294129,-10.425763,2.383789,-15.055013,0.987316,-0.087340,0.032436,-0.128558
9249,-0.372290,0.036659,9.905437,2.055817,-0.540802,-1.175632,-10.349106,2.356596,-15.091910,0.987335,-0.086701,0.032144,-0.128920
9250,-0.387691,0.035123,9.911065,1.366452,-0.686289,-1.307377,-10.293584,2.329060,-15.128991,0.987337,-0.086244,0.031872,-0.129277
9251,-0.389432,0.023733,9.884309,0.975916,-0.543180,-1.516931,-10.256269,2.300499,-15.171684,0.987319,-0.085944,0.031616,-0.129678
9252,-0.373298,0.003029,9.925741,0.578934,-0.432150,-1.520519,-10.232228,2.275497,-15.218647,0.987285,-0.085753,0.031409,-0.130109
9253,-0.358127,-0.026305,9.950426,0.321910,-0.650892,-1.510435,-10.219051,2.248764,-15.265191,0.987244,-0.085658,0.031198,-0.130535
9254,-0.345563,-0.058536,9.950367,0.657992,-0.886558,-1.901722,-10.204723,2.213463,-15.316656,0.987198,-0.085562,0.030917,-0.131010
9255,-0.338097,-0.063903,9.927740,0.552781,-1.110074,-2.294574,-10.186951,2.168332,-15.379644,0.987142,-0.085445,0.030555,-0.131593
9256,-0.332070,-0.075016,9.936552,-0.069874,-1.052812,-2.666084,-10.181710,2.118232,-15.454698,0.987062,-0.085439,0.030173,-0.132281
9257,-0.332336,-0.080616,9.918485,0.157265,-1.047350,-3.147471,-10.183514,2.066648,-15.543937,0.986960,-0.085492,0.029798,-0.133089
9258,-0.328033,-0.073476,9.929271,0.865078,-1.131818,-3.601396,-10.170188,2.011028,-15.648297,0.986851,-0.085417,0.029381,-0.134035
9259,-0.325651,-0.066141,9.940022,1.304419,-1.588530,-3.545668,-10.137802,1.945403,-15.757622,0.986750,-0.085189,0.028860,-0.135037
9260,-0.311301,-0.068914,9.953785,2.012300,-1.950607,-3.264122,-10.085896,1.867411,-15.859059,0.986671,-0.084811,0.028202,-0.135984
9261,-0.302056,-0.048287,9.949085,2.944519,-2.514095,-2.913941,-10.006090,1.776186,-15.947515,0.986628,-0.084213,0.027387,-0.136836
9262,-0.298621,-0.041153,9.910690,3.921024,-2.918755,-2.630909,-9.893927,1.671041,-16.022930,0.986622,-0.083358,0.026403,-0.137592
9263,-0.304809,-0.035574,9.859231,4.421293,-2.848566,-2.421119,-9.756763,1.561969,-16.089525,0.986643,-0.082296,0.025347,-0.138279
9264,-0.310382,-0.021032,9.823186,4.243887,-2.478923,-2.063302,-9.613893,1.461874,-16.148289,0.986675,-0.081176,0.024355,-0.138891
9265,-0.312761,0.000008,9.809236,4.075548,-1.478742,-1.906897,-9.476584,1.385856,-16.202621,0.986706,-0.080076,0.023572,-0.139443
9266,-0.295906,-0.018719,9.848507,4.910940,-0.144270,-2.142684,-9.328298,1.348142,-16.264818,0.986733,-0.078833,0.023110,-0.140036
9267,-0.282231,0.002863,9.851718,5.923010,0.759807,-2.964474,-9.149754,1.344601,-16.350521,0.986749,-0.077283,0.022919,-0.140812
9268,-0.276899,0.121651,9.932998,5.296833,2.506094,-2.812736,-8.965230,1.383189,-16.454214,0.986744,-0.075625,0.023093,-0.141715
9269,-0.283710,0.205549,10.000642,6.566837,3.602275,-2.081129,-8.769917,1.471199,-16.550552,0.986751,-0.073813,0.023671,-0.142525
9270,-0.302921,0.189999,9.992858,8.027589,3.514354,-1.242678,-8.528620,1.580146,-16.623186,0.986812,-0.071582,0.024354,-0.143128
9271,-0.335374,0.341836,10.110850,6.673008,2.880062,-0.723288,-8.284985,1.680806,-16.671188,0.986898,-0.069346,0.024946,-0.143528
9272,-0.354956,0.346338,10.092289,3.661488,1.014238,2.110781,-8.112338,1.748351,-16.657551,0.987016,-0.067776,0.025303,-0.143406
9273,-0.351422,0.330905,10.342672,2.784417,-2.018995,4.230715,-8.001658,1.746625,-16.550503,0.987215,-0.066848,0.025087,-0.142509
9274,-0.317628,0.306345,10.214525,3.291035,-7.283316,5.436590,-7.895108,1.615383,-16.369390,0.987506,-0.066133,0.023720,-0.141052
9275,-0.297761,0.314420,10.148952,1.780212,-10.594533,6.228908,-7.804605,1.346774,-16.135986,0.987851,-0.065732,0.021160,-0.139221
9276,-0.266105,0.187564,9.908938,1.666625,-11.896006,6.923525,-7.741687,1.005061,-15.867993,0.988212,-0.065651,0.017985,-0.137126
9277,-0.240199,0.139101,9.965314,2.832597,-10.566587,5.619131,-7.662959,0.662090,-15.610629,0.988557,-0.065419,0.014786,-0.135119
9278,-0.198647,0.003494,9.609939,3.668226,-9.575716,3.731785,-7.552871,0.349948,-15.411734,0.988840,-0.064860,0.011851,-0.133597
9279,-0.167363,0.003457,9.669914,1.269961,-4.555835,0.660359,-7.470176,0.125987,-15.308400,0.988994,-0.064417,0.009764,-0.132840
9280,-0.099424,0.044820,9.792517,0.057613,-0.576394,-1.994493,-7.448092,0.038284,-15.319330,0.988987,-0.064327,0.008988,-0.132986
9281,-0.064711,0.080592,9.905251,-0.760976,1.539311,-3.961285,-7.459907,0.041313,-15.419835,0.988864,-0.064418,0.009084,-0.133850
9282,-0.057356,0.135441,9.889711,-1.671042,2.546810,-5.252160,-7.500638,0.088840,-15.580954,0.988655,-0.064700,0.009633,-0.135210
9283,-0.056328,0.175252,9.955673,-2.383897,3.705312,-5.162076,-7.568642,0.169376,-15.766687,0.988402,-0.065175,0.010513,-0.136761
9284,-0.061983,0.119385,9.987754,-3.073858,3.267632,-4.008418,-7.660252,0.264305,-15.933581,0.988155,-0.065835,0.011537,-0.138137
9285,-0.093278,0.090010,9.932548,-3.841846,2.192137,-3.343038,-7.776220,0.338006,-16.067225,0.987931,-0.066731,0.012390,-0.139234
9286,-0.099791,0.053321,9.929623,-4.583997,1.153295,-1.997075,-7.917247,0.381076,-16.163019,0.987734,-0.067884,0.012990,-0.140018
9287,-0.077374,-0.000407,9.923888,-4.160504,0.024294,-0.095684,-8.063239,0.395643,-16.200298,0.987602,-0.069120,0.013316,-0.140314
9288,-0.083946,-0.029091,9.934199,-3.299188,-0.904903,0.424737,-8.187515,0.381868,-16.192801,0.987535,-0.070209,0.013345,-0.140243
9289,-0.085238,-0.053287,9.939534,-1.961805,-1.774564,0.861235,-8.275024,0.340733,-16.165203,0.987512,-0.071016,0.013081,-0.140021
9290,-0.085478,-0.080742,9.958633,0.813236,-2.470138,1.419851,-8.293909,0.276198,-16.117393,0.987554,-0.071264,0.012518,-0.139648
9291,-0.105533,-0.113531,9.917376,2.951997,-2.942584,1.166739,-8.230927,0.193107,-16.061787,0.987655,-0.070828,0.011691,-0.139227
9292,-0.127555,-0.112810,9.914203,3.375331,-2.817904,0.107982,-8.125386,0.101087,-16.027109,0.987755,-0.070033,0.010748,-0.138995
9293,-0.129598,-0.085281,9.878312,2.715249,-2.328134,-0.363268,-8.023876,0.015564,-16.019279,0.987819,-0.069263,0.009883,-0.138989
9294,-0.118941,-0.058024,9.902904,1.890503,-1.296498,-0.805535,-7.947114,-0.046971,-16.030178,0.987847,-0.068676,0.009257,-0.139127
9295,-0.099710,-0.068432,9.909783,0.118059,-0.684524,-1.049463,-7.913611,-0.083941,-16.056242,0.987832,-0.068430,0.008913,-0.139376
9296,-0.086732,-0.071727,9.902314,-0.708547,-0.133692,-1.394134,-7.923392,-0.103063,-16.094700,0.987778,-0.068535,0.008784,-0.139718
9297,-0.061998,-0.061049,9.880204,-0.239618,0.329964,-1.442815,-7.939112,-0.106350,-16.141983,0.987710,-0.068671,0.008803,-0.140127
9298,-0.044459,-0.079921,9.896473,0.949520,0.483581,-1.399980,-7.927195,-0.099458,-16.190783,0.987658,-0.068556,0.008877,-0.140544
9299,-0.069230,-0.122891,9.893954,2.338115,0.405305,-1.744723,-7.872312,-0.091983,-16.244732,0.987625,-0.068069,0.008906,-0.141009
9300,-0.103767,-0.090190,9.938802,3.763178,0.559375,-1.974964,-7.770525,-0.084487,-16.308336,0.987608,-0.067178,0.008883,-0.141561
9301,-0.104668,-0.060064,9.972696,5.368560,0.306251,-1.495618,-7.618246,-0.077930,-16.367590,0.987623,-0.065853,0.008785,-0.142079
9302,-0.098442,-0.085197,9.989979,5.983341,-0.307050,-1.213125,-7.428985,-0.083842,-16.412344,0.987675,-0.064226,0.008524,-0.142483
9303,-0.114094,-0.096095,9.988757,5.521666,-1.074403,-1.219028,-7.237168,-0.111845,-16.449598,0.987732,-0.062604,0.008065,-0.142833
9304,-0.110864,-0.060546,9.970536,4.766713,-1.548647,-0.651175,-7.065634,-0.159102,-16.475073,0.987789,-0.061183,0.007457,-0.143090
9305,-0.082408,-0.063500,9.919003,4.498310,-1.627802,0.072289,-6.911203,-0.212817,-16.478197,0.987861,-0.059919,0.006803,-0.143154
9306,-0.068920,-0.074254,9.925419,3.625135,-1.363794,0.450855,-6.775870,-0.261274,-16.463596,0.987945,-0.058813,0.006209,-0.143061
9307,-0.084437,-0.037706,9.952166,2.663283,-0.953156,0.544071,-6.671164,-0.297679,-16.442608,0.988021,-0.057957,0.005753,-0.142904
9308,-0.088868,-0.028950,9.951582,1.358125,-0.700967,0.998945,-6.604296,-0.322088,-16.413877,0.988089,-0.057412,0.005445,-0.142671
9309,-0.088544,-0.040775,9.940409,0.066465,-0.657723,1.327170,-6.580790,-0.340128,-16.372766,0.988150,-0.057233,0.005240,-0.142327
9311,-0.072408,-0.078590,9.947659,-0.651916,-0.498574,1.411234,-6.590833,-0.354033,-16.325214,0.988202,-0.057339,0.005109,-0.141923
9312,-0.076352,-0.116238,9.916464,-1.499673,-0.646677,1.132087,-6.626972,-0.368113,-16.280910,0.988238,-0.057670,0.005010,-0.141547
9313,-0.078215,-0.155890,9.909775,-2.537667,-0.657878,0.765935,-6.694485,-0.386036,-16.246967,0.988244,-0.058276,0.004921,-0.141260
9314,-0.065205,-0.181451,9.896815,-2.214707,-0.365440,0.332641,-6.773829,-0.400822,-16.226780,0.988226,-0.058980,0.004881,-0.141090
9315,-0.041376,-0.208034,9.891285,-1.579029,-0.048699,-0.051839,-6.837098,-0.407119,-16.221317,0.988200,-0.059533,0.004902,-0.141043
9316,-0.065336,-0.231268,9.879457,-1.872732,0.216175,-0.665203,-6.894541,-0.405775,-16.233517,0.988155,-0.060026,0.004991,-0.141145
9317,-0.073610,-0.244079,9.901027,-1.769747,0.699374,-0.973367,-6.955046,-0.393918,-16.262466,0.988089,-0.060532,0.005183,-0.141386
9318,-0.069340,-0.261083,9.904277,-0.879071,0.923667,-0.944263,-6.998960,-0.370948,-16.297474,0.988024,-0.060881,0.005453,-0.141674
9319,-0.076056,-0.268201,9.920198,-0.506881,1.038584,-1.040243,-7.021832,-0.342523,-16.334297,0.987970,-0.061041,0.005746,-0.141975
9320,-0.093798,-0.288534,9.923659,-0.131749,1.145980,-1.084321,-7.032249,-0.310717,-16.373892,0.987918,-0.061090,0.006055,-0.142299
9321,-0.098776,-0.301428,9.924081,0.464446,1.190900,-0.937637,-7.026508,-0.276185,-16.412106,0.987877,-0.060995,0.006366,-0.142611
9322,-0.102753,-0.301725,9.925817,1.164315,1.170187,-0.740593,-6.999216,-0.240541,-16.444670,0.987854,-0.060714,0.006656,-0.142875
9323,-0.116581,-0.298672,9.934356,1.481158,1.134254,-0.638144,-6.955018,-0.205208,-16.472145,0.987847,-0.060287,0.006920,-0.143096
9324,-0.127857,-0.310903,9.947194,2.200695,1.031269,-0.535676,-6.893576,-0.171737,-16.495916,0.987852,-0.059714,0.007144,-0.143287
9325,-0.128449,-0.317854,9.936595,2.775000,0.807735,-0.454565,-6.810592,-0.143273,-16.515957,0.987873,-0.058962,0.007296,-0.143450
9326,-0.134709,-0.306286,9.926814,3.095851,0.587226,-0.448222,-6.712703,-0.121955,-16.533630,0.987902,-0.058090,0.007367,-0.143598
9327,-0.138545,-0.296360,9.925396,3.544806,0.501011,-0.397625,-6.601995,-0.105574,-16.549736,0.987939,-0.057114,0.007377,-0.143736
9328,-0.132861,-0.306333,9.914798,4.176609,0.327759,-0.285996,-6.473281,-0.093147,-16.562622,0.987987,-0.055988,0.007329,-0.143849
9329,-0.139908,-0.303532,9.901649,3.858931,0.241461,-0.392579,-6.339338,-0.084979,-16.574921,0.988037,-0.054822,0.007237,-0.143960
9330,-0.152353,-0.289446,9.902957,3.541044,0.341443,-0.468633,-6.215984,-0.076893,-16.590252,0.988077,-0.053748,0.007159,-0.144096
9331,-0.151686,-0.286172,9.903443,3.183289,0.391132,-0.404299,-6.103892,-0.066316,-16.606028,0.988110,-0.052767,0.007117,-0.144234
9332,-0.158102,-0.304642,9.909395,2.333784,0.436263,-0.532230,-6.011923,-0.054251,-16.623003,0.988132,-0.051957,0.007113,-0.144380
9333,-0.166133,-0.293063,9.906210,1.319176,0.365499,-0.730349,-5.951020,-0.043155,-16.645323,0.988132,-0.051417,0.007142,-0.144572
9334,-0.165950,-0.290836,9.908015,0.916374,0.189474,-0.595814,-5.913746,-0.036242,-16.668268,0.988120,-0.051085,0.007164,-0.144769
9335,-0.171370,-0.287631,9.915139,0.792732,0.143166,-0.594034,-5.885248,-0.032766,-16.688564,0.988107,-0.050834,0.007167,-0.144944
9336,-0.179194,-0.290885,9.920669,0.716315,0.133562,-0.628867,-5.860085,-0.030264,-16.709312,0.988092,-0.050612,0.007166,-0.145123
9337,-0.176716,-0.306771,9.905327,1.047115,0.072108,-0.491269,-5.830684,-0.028755,-16.728228,0.988081,-0.050356,0.007150,-0.145288
9338,-0.173859,-0.314625,9.906119,1.627923,0.233397,-0.393349,-5.786093,-0.025181,-16.743414,0.988082,-0.049966,0.007131,-0.145420
9339,-0.178743,-0.318777,9.925200,2.393193,0.379434,-0.582304,-5.719069,-0.016648,-16.760620,0.988090,-0.049376,0.007127,-0.145569
9340,-0.178660,-0.337020,9.929101,2.970481,0.314909,-0.699540,-5.629669,-0.007244,-16.783022,0.988100,-0.048592,0.007104,-0.145763
9341,-0.180014,-0.346160,9.923795,3.184206,0.286994,-0.761847,-5.527089,0.000372,-16.808237,0.988111,-0.047696,0.007050,-0.145984
9342,-0.184463,-0.343118,9.921659,3.321349,0.130923,-0.758539,-5.418665,0.004889,-16.834129,0.988123,-0.046754,0.006961,-0.146212
9343,-0.186942,-0.354165,9.912964,3.166717,-0.073942,-0.706402,-5.310532,0.003552,-16.858526,0.988136,-0.045822,0.006822,-0.146429
9344,-0.187839,-0.360629,9.889465,2.723280,-0.132293,-0.642061,-5.212366,-0.001931,-16.880589,0.988146,-0.044981,0.006657,-0.146628
9345,-0.188270,-0.352453,9.894861,2.059861,-0.117379,-0.612818,-5.132644,-0.007961,-16.901045,0.988151,-0.044300,0.006511,-0.146811
9346,-0.183975,-0.365596,9.900994,1.986720,-0.166567,-0.517968,-5.065198,-0.014351,-16.919394,0.988153,-0.043725,0.006377,-0.146975
9347,-0.186627,-0.364252,9.900702,1.879740,-0.150138,-0.519255,-5.000751,-0.021125,-16.936148,0.988155,-0.043177,0.006242,-0.147126
9348,-0.198548,-0.362776,9.911568,1.699376,-0.092389,-0.630401,-4.941091,-0.026812,-16.954885,0.988153,-0.042669,0.006123,-0.147293
9349,-0.192694,-0.358610,9.908772,1.608928,-0.039159,-0.593533,-4.885943,-0.030744,-16.975023,0.988147,-0.042198,0.006026,-0.147471
9350,-0.183639,-0.368352,9.905465,1.663259,0.006347,-0.535312,-4.831396,-0.032883,-16.993725,0.988143,-0.041729,0.005944,-0.147636
9351,-0.191362,-0.373097,9.913892,1.692934,0.038117,-0.670887,-4.775447,-0.033827,-17.013819,0.988137,-0.041247,0.005871,-0.147812
9352,-0.191798,-0.372259,9.918462,1.885722,0.063844,-0.717956,-4.715789,-0.034050,-17.037027,0.988129,-0.040732,0.005801,-0.148016
9353,-0.184115,-0.393041,9.904430,2.098055,0.080367,-0.646010,-4.649379,-0.033510,-17.059881,0.988123,-0.040157,0.005728,-0.148216
9354,-0.192422,-0.403064,9.908521,2.247443,0.280006,-0.806006,-4.576942,-0.029469,-17.084486,0.988116,-0.039526,0.005677,-0.148430
9355,-0.199274,-0.399890,9.915257,2.611767,0.383614,-0.874443,-4.495942,-0.020659,-17.113279,0.988107,-0.038815,0.005658,-0.148680
9356,-0.198221,-0.400321,9.900455,3.012539,0.331605,-0.822332,-4.402196,-0.010968,-17.142399,0.988101,-0.037992,0.005630,-0.148932
9357,-0.204566,-0.402757,9.902274,3.025483,0.410842,-0.841941,-4.301559,-0.000733,-17.170996,0.988098,-0.037110,0.005596,-0.149180
9358,-0.210595,-0.387364,9.923457,3.006241,0.491667,-0.924113,-4.201035,0.012085,-17.201466,0.988091,-0.036225,0.005586,-0.149444
9359,-0.205488,-0.390308,9.921268,3.084501,0.180304,-0.786558,-4.099531,0.021191,-17.230713,0.988085,-0.035336,0.005541,-0.149698
9360,-0.211473,-0.409672,9.897465,2.977704,0.074925,-0.827542,-3.998504,0.023536,-17.257849,0.988080,-0.034461,0.005437,-0.149936
9361,-0.211129,-0.399486,9.905400,2.649323,0.154211,-0.897521,-3.904733,0.025364,-17.286795,0.988070,-0.033648,0.005339,-0.150190
9362,-0.208514,-0.401101,9.917140,2.520663,0.180061,-0.921730,-3.818581,0.028880,-17.317421,0.988055,-0.032900,0.005265,-0.150457
9363,-0.199951,-0.418419,9.896730,2.550336,0.134106,-0.862022,-3.734080,0.032146,-17.347431,0.988040,-0.032165,0.005191,-0.150718
9364,-0.206043,-0.427619,9.895918,2.367494,0.085077,-0.846573,-3.652133,0.033957,-17.376083,0.988025,-0.031455,0.005106,-0.150968
9365,-0.212110,-0.408337,9.907331,2.312698,0.133788,-0.815864,-3.574147,0.035852,-17.403961,0.988009,-0.030779,0.005027,-0.151212
9366,-0.208748,-0.405155,9.903770,2.465393,0.208452,-0.707335,-3.494529,0.039980,-17.429655,0.987997,-0.030086,0.004965,-0.151436
9367,-0.204825,-0.414428,9.898320,2.491191,0.139622,-0.673585,-3.411937,0.044385,-17.452976,0.987987,-0.029367,0.004899,-0.151639
9368,-0.218788,-0.401487,9.906471,2.146015,0.162409,-0.749701,-3.334670,0.048015,-17.476954,0.987975,-0.028695,0.004834,-0.151848
9369,-0.224322,-0.404357,9.893724,1.947199,0.369964,-0.737310,-3.266472,0.055445,-17.502203,0.987959,-0.028096,0.004814,-0.152067
9370,-0.219378,-0.425951,9.887719,1.767854,0.340994,-0.587590,-3.204579,0.066029,-17.524920,0.987944,-0.027547,0.004829,-0.152263
9371,-0.234996,-0.444667,9.900494,1.618579,0.403633,-0.636241,-3.148165,0.077290,-17.545977,0.987930,-0.027045,0.004856,-0.152444
9372,-0.238689,-0.438910,9.901618,1.597242,0.342782,-0.550607,-3.094598,0.088635,-17.566410,0.987916,-0.026567,0.004887,-0.152620
9373,-0.235114,-0.459871,9.890043,1.874738,0.170513,-0.326119,-3.036756,0.096396,-17.581455,0.987909,-0.026058,0.004881,-0.152750
9374,-0.236983,-0.460218,9.895432,1.976456,0.205734,-0.385458,-2.972590,0.102038,-17.593622,0.987908,-0.025497,0.004846,-0.152857
9375,-0.238763,-0.456792,9.907804,2.267266,0.234859,-0.412756,-2.901886,0.108690,-17.607286,0.987905,-0.024878,0.004812,-0.152976
9376,-0.231770,-0.471880,9.894470,2.481526,0.065562,-0.290520,-2.822763,0.113105,-17.619242,0.987906,-0.024189,0.004747,-0.153081
9377,-0.241984,-0.481772,9.889126,2.640478,0.202987,-0.368184,-2.737419,0.117044,-17.630426,0.987909,-0.023448,0.004670,-0.153180
9378,-0.245822,-0.471439,9.913013,2.814495,0.309982,-0.438220,-2.646532,0.124952,-17.644253,0.987909,-0.022653,0.004619,-0.153302
9379,-0.241602,-0.467845,9.916214,3.025021,0.185014,-0.299210,-2.549236,0.132637,-17.656904,0.987911,-0.021803,0.004557,-0.153413
9380,-0.245086,-0.479409,9.902802,3.143698,0.226349,-0.234977,-2.446445,0.139099,-17.666096,0.987918,-0.020908,0.004477,-0.153495
9381,-0.250900,-0.461343,9.905909,3.434597,0.325722,-0.117341,-2.336823,0.148048,-17.672348,0.987929,-0.019951,0.004409,-0.153552
9382,-0.252305,-0.448671,9.907902,3.629320,0.136726,0.114735,-2.219092,0.155749,-17.672699,0.987949,-0.018925,0.004317,-0.153558
9383,-0.247058,-0.423997,9.876488,4.092582,0.199466,0.400210,-2.090371,0.161673,-17.664331,0.987981,-0.017808,0.004195,-0.153489
9384,-0.240595,-0.411851,9.847898,5.073072,0.524574,0.914563,-1.937547,0.174505,-17.642859,0.988033,-0.016474,0.004097,-0.153308
9385,-0.256940,-0.424739,9.863898,5.184950,0.803956,1.363294,-1.766460,0.197866,-17.605633,0.988106,-0.014969,0.004065,-0.152990
9386,-0.270920,-0.398843,9.894312,4.113941,1.117074,1.517516,-1.611302,0.231290,-17.558586,0.988188,-0.013588,0.004141,-0.152585
9387,-0.269575,-0.392413,9.928665,2.942064,1.387474,1.659520,-1.493474,0.274457,-17.506794,0.988271,-0.012516,0.004350,-0.152138
9388,-0.278381,-0.456412,9.988424,1.908321,0.905533,1.943423,-1.412330,0.314189,-17.447739,0.988357,-0.011766,0.004579,-0.151627
9389,-0.302932,-0.472897,10.011876,0.641838,-0.278216,2.120501,-1.369453,0.326292,-17.380280,0.988450,-0.011383,0.004620,-0.151046
9390,-0.283031,-0.451599,9.990376,0.524255,-1.683257,2.532566,-1.349599,0.295457,-17.301973,0.988556,-0.011255,0.004320,-0.150374
9391,-0.240218,-0.494433,9.955344,0.678039,-2.879660,2.645536,-1.329171,0.221447,-17.213911,0.988673,-0.011179,0.003646,-0.149623
9392,-0.203977,-0.550871,9.855755,1.969345,-3.484418,2.206111,-1.284809,0.117251,-17.130653,0.988786,-0.010934,0.002682,-0.148916
9393,-0.148416,-0.486849,9.855409,2.459480,-3.277812,1.247866,-1.210937,0.005818,-17.070652,0.988869,-0.010443,0.001619,-0.148410
9394,-0.127448,-0.452751,9.864507,2.631262,-2.131521,0.434584,-1.126119,-0.083754,-17.040787,0.988914,-0.009827,0.000733,-0.148161
9395,-0.119362,-0.453373,9.903938,2.157639,-1.037074,-0.023153,-1.046322,-0.136430,-17.032938,0.988930,-0.009206,0.000175,-0.148098
9396,-0.143610,-0.476299,9.903793,2.075815,-0.357389,-0.151282,-0.975760,-0.159721,-17.035439,0.988932,-0.008628,-0.000117,-0.148121
9397,-0.174383,-0.465690,9.873566,0.875201,0.820242,-0.735654,-0.926536,-0.152254,-17.050350,0.988916,-0.008193,-0.000115,-0.148250
9398,-0.316186,-0.487534,9.579186,1.970757,3.398491,-2.372892,-0.878995,-0.082770,-17.103264,0.988852,-0.007693,0.000426,-0.148702
9399,-0.316913,-0.550762,9.711633,4.270944,6.325931,-5.113385,-0.774963,0.077484,-17.230368,0.988695,-0.006585,0.001682,-0.149789
9400,-0.384290,-0.526671,9.628171,3.733921,8.528911,-7.463273,-0.642285,0.322452,-17.443018,0.988420,-0.005113,0.003631,-0.151613
9401,-0.462841,-0.445091,9.693555,5.275446,11.281510,-8.918980,-0.494466,0.649866,-17.719353,0.988047,-0.003390,0.006268,-0.153987
9402,-0.510496,-0.382782,9.900051,8.732407,11.878038,-8.874719,-0.265420,1.033891,-18.018488,0.987624,-0.000875,0.009274,-0.156566
9403,-0.473565,-0.350975,10.174549,8.017658,9.222332,-7.008525,0.008124,1.385036,-18.283966,0.987225,0.001990,0.011922,-0.158871
9404,-0.514743,-0.295909,10.004005,5.597401,5.361656,-3.726326,0.230350,1.628494,-18.462395,0.986943,0.004264,0.013704,-0.160430
9405,-0.482935,-0.274053,10.064422,5.935968,2.371965,-1.286457,0.420116,1.757881,-18.545223,0.986801,0.006090,0.014549,-0.161168
9406,-0.450668,-0.309633,10.013394,4.891436,-1.177141,0.364468,0.600100,1.777966,-18.560371,0.986766,0.007670,0.014467,-0.161321
9407,-0.454700,-0.334358,9.898661,2.737035,-3.584490,1.385111,0.728101,1.698293,-18.532074,0.986808,0.008656,0.013603,-0.161091
9408,-0.440720,-0.356034,9.872455,2.672402,-4.059968,1.682440,0.819670,1.570220,-18.482620,0.986887,0.009260,0.012376,-0.160670
9409,-0.444764,-0.365719,9.896986,2.759861,-3.865378,1.190857,0.911413,1.437425,-18.436714,0.986960,0.009860,0.011107,-0.160278
9410,-0.451065,-0.382683,9.884740,3.226857,-3.530008,0.746573,1.011913,1.313641,-18.406494,0.987008,0.010550,0.009903,-0.160020
9411,-0.430941,-0.370331,9.864832,3.461630,-3.008242,0.506765,1.123798,1.204296,-18.387642,0.987035,0.011359,0.008807,-0.159860
9412,-0.405493,-0.373217,9.865300,3.108718,-2.274405,0.355467,1.233557,1.115973,-18.375090,0.987050,0.012181,0.007894,-0.159753
9414,-0.383590,-0.375789,9.887394,2.900460,-1.800079,0.170603,1.333846,1.047885,-18.367851,0.987056,0.012949,0.007169,-0.159692
9415,-0.364246,-0.368680,9.902671,3.181803,-1.716503,0.162750,1.435290,0.989157,-18.363716,0.987055,0.013741,0.006522,-0.159657
9416,-0.342378,-0.385859,9.899251,3.734441,-1.724626,-0.051099,1.550567,0.931776,-18.363348,0.987047,0.014654,0.005867,-0.159654
9417,-0.337099,-0.369925,9.917024,4.004505,-1.766372,-0.461792,1.679388,0.873855,-18.373537,0.987021,0.015684,0.005187,-0.159742
9418,-0.322303,-0.348170,9.908566,4.321842,-1.928670,-0.648171,1.817859,0.812860,-18.393909,0.986978,0.016792,0.004466,-0.159916
9419,-0.313535,-0.345297,9.878833,4.666480,-1.955174,-0.707896,1.967326,0.748910,-18.418642,0.986926,0.017991,0.003703,-0.160126
