seq,ax,ay,az,wroll,wpitch,wyaw,roll,pitch,yaw,q0,q1,q2,q3
2874,0.047173,-0.089431,9.914555,-0.006448,-0.061465,-0.087408,-0.516804,-0.272596,0.002459,0.999987,-0.004510,-0.002379,0.000011
2876,0.031015,-0.139438,9.917021,-0.015844,-0.072069,-0.085880,-0.538549,-0.269010,-0.000107,0.999986,-0.004700,-0.002348,-0.000012
2877,0.030694,-0.126632,9.918430,-0.000986,-0.076492,-0.076721,-0.574943,-0.257628,-0.002628,0.999985,-0.005017,-0.002248,-0.000034
2878,0.035469,-0.132600,9.917326,-0.007410,-0.064165,-0.087400,-0.603871,-0.249167,-0.005214,0.999984,-0.005270,-0.002174,-0.000057
2879,0.039186,-0.134495,9.919206,0.004495,-0.059524,-0.082820,-0.631211,-0.245591,-0.007911,0.999983,-0.005508,-0.002143,-0.000081
2880,0.034431,-0.134720,9.916589,-0.001876,-0.050311,-0.075188,-0.655162,-0.242237,-0.010422,0.999981,-0.005718,-0.002113,-0.000103
2881,0.033081,-0.126697,9.919317,0.010145,-0.042599,-0.064506,-0.671796,-0.236474,-0.012663,0.999981,-0.005863,-0.002063,-0.000123
2882,0.024376,-0.132432,9.921824,-0.014411,-0.040951,-0.073660,-0.684573,-0.226877,-0.014898,0.999980,-0.005974,-0.001979,-0.000142
2883,0.027583,-0.122359,9.922340,-0.011456,-0.048445,-0.067554,-0.693610,-0.216145,-0.017201,0.999980,-0.006053,-0.001885,-0.000162
2884,0.028655,-0.121641,9.922117,-0.022163,-0.040716,-0.069079,-0.696466,-0.208786,-0.019452,0.999980,-0.006078,-0.001821,-0.000181
2885,0.025082,-0.127731,9.926526,-0.008471,-0.057405,-0.078232,-0.700683,-0.201847,-0.021874,0.999980,-0.006115,-0.001760,-0.000202
2886,0.030965,-0.126468,9.924581,-0.011581,-0.058859,-0.085861,-0.706269,-0.197284,-0.024567,0.999980,-0.006164,-0.001720,-0.000225
2887,0.033434,-0.128536,9.921618,0.005150,-0.058836,-0.069076,-0.711269,-0.197228,-0.027108,0.999979,-0.006207,-0.001720,-0.000247
2888,0.030230,-0.138381,9.920619,0.015728,-0.058814,-0.066023,-0.720202,-0.197201,-0.029303,0.999979,-0.006285,-0.001719,-0.000267
2889,0.030304,-0.141535,9.918579,0.012521,-0.067932,-0.073652,-0.733615,-0.195982,-0.031557,0.999978,-0.006402,-0.001708,-0.000286
2890,0.034246,-0.140067,9.918044,0.012378,-0.058759,-0.072124,-0.746154,-0.196600,-0.033915,0.999977,-0.006512,-0.001714,-0.000307
2891,0.027684,-0.146910,9.922762,0.007651,-0.061782,-0.073650,-0.759128,-0.196021,-0.036273,0.999977,-0.006625,-0.001708,-0.000328
2892,0.028920,-0.142686,9.924341,0.004462,-0.061727,-0.073648,-0.771417,-0.193174,-0.038658,0.999976,-0.006732,-0.001683,-0.000349
2893,0.026944,-0.139459,9.925261,-0.006303,-0.066250,-0.075173,-0.778802,-0.190336,-0.041085,0.999975,-0.006797,-0.001659,-0.000370
2894,0.023867,-0.139074,9.922071,-0.010929,-0.064649,-0.066017,-0.783418,-0.185786,-0.043394,0.999975,-0.006837,-0.001619,-0.000390
2895,0.020936,-0.134133,9.920922,-0.001785,-0.066077,-0.062964,-0.784780,-0.179188,-0.045511,0.999975,-0.006849,-0.001561,-0.000408
2896,0.023756,-0.135613,9.917964,0.008905,-0.069040,-0.067541,-0.783889,-0.173456,-0.047657,0.999975,-0.006841,-0.001511,-0.000426
2897,0.019980,-0.137563,9.915611,0.007370,-0.061326,-0.082799,-0.784327,-0.168164,-0.050131,0.999975,-0.006845,-0.001464,-0.000448
2898,0.022950,-0.144487,9.915922,0.030208,-0.058197,-0.084323,-0.788300,-0.163175,-0.052875,0.999975,-0.006880,-0.001421,-0.000471
2899,0.027673,-0.147195,9.915291,0.034692,-0.058164,-0.084323,-0.795662,-0.162239,-0.055635,0.999975,-0.006944,-0.001412,-0.000495
2900,0.026936,-0.148587,9.917932,0.036113,-0.065786,-0.091952,-0.803839,-0.163601,-0.058517,0.999974,-0.007015,-0.001424,-0.000521
2901,0.027515,-0.150243,9.912523,0.019222,-0.062724,-0.084322,-0.812446,-0.164942,-0.061398,0.999974,-0.007091,-0.001436,-0.000546
2902,0.035294,-0.145985,9.917715,0.020669,-0.073435,-0.073640,-0.818928,-0.169825,-0.063977,0.999973,-0.007147,-0.001478,-0.000569
2903,0.037506,-0.141288,9.917624,0.006912,-0.073506,-0.073641,-0.820570,-0.178741,-0.066390,0.999973,-0.007162,-0.001556,-0.000591
2904,0.032968,-0.132135,9.924268,0.013066,-0.073555,-0.067539,-0.815693,-0.185606,-0.068722,0.999973,-0.007119,-0.001615,-0.000611
2905,0.035304,-0.135817,9.923837,-0.005170,-0.061372,-0.053805,-0.808853,-0.190117,-0.070734,0.999974,-0.007060,-0.001655,-0.000629
2906,0.035511,-0.131116,9.929976,0.005581,-0.047666,-0.052280,-0.802544,-0.194431,-0.072498,0.999974,-0.007005,-0.001692,-0.000645
2907,0.026456,-0.132586,9.927526,0.007181,-0.041540,-0.056858,-0.795594,-0.193918,-0.074318,0.999974,-0.006944,-0.001688,-0.000660
2908,0.026062,-0.129456,9.926787,0.001149,-0.035365,-0.061435,-0.789012,-0.188833,-0.076293,0.999975,-0.006886,-0.001643,-0.000677
2909,0.028944,-0.132583,9.921063,0.005787,-0.035310,-0.072115,-0.783504,-0.185151,-0.078520,0.999975,-0.006838,-0.001611,-0.000696
2910,0.027291,-0.126674,9.921864,0.010428,-0.039847,-0.085849,-0.777570,-0.182745,-0.081153,0.999975,-0.006787,-0.001590,-0.000719
2911,0.024856,-0.124737,9.922538,0.018149,-0.055051,-0.098055,-0.768881,-0.179358,-0.084223,0.999976,-0.006711,-0.001560,-0.000745
2912,0.028028,-0.129674,9.923571,0.025843,-0.061107,-0.102633,-0.762320,-0.177080,-0.087559,0.999976,-0.006654,-0.001540,-0.000774
2913,0.023857,-0.138954,9.922673,0.033456,-0.068690,-0.096529,-0.762803,-0.175021,-0.090845,0.999976,-0.006658,-0.001522,-0.000803
2914,0.019521,-0.139835,9.925007,0.016600,-0.059449,-0.102631,-0.768287,-0.169575,-0.094116,0.999976,-0.006706,-0.001474,-0.000831
2915,0.029047,-0.141184,9.922411,0.014999,-0.050240,-0.091948,-0.774599,-0.166632,-0.097314,0.999976,-0.006761,-0.001448,-0.000859
2916,0.027581,-0.144262,9.918897,-0.004927,-0.038025,-0.085845,-0.782340,-0.167453,-0.100234,0.999975,-0.006828,-0.001455,-0.000885
2917,0.028199,-0.150039,9.923381,-0.011149,-0.034963,-0.081266,-0.793291,-0.167809,-0.102971,0.999975,-0.006924,-0.001458,-0.000909
2918,0.033535,-0.143667,9.921173,-0.011250,-0.030403,-0.078214,-0.802674,-0.170524,-0.105588,0.999974,-0.007006,-0.001482,-0.000932
2919,0.031358,-0.142544,9.921372,-0.005193,-0.038063,-0.070585,-0.807201,-0.174429,-0.108039,0.999974,-0.007046,-0.001515,-0.000954
2920,0.023190,-0.143153,9.923154,0.000878,-0.047193,-0.066007,-0.810248,-0.173632,-0.110286,0.999973,-0.007072,-0.001508,-0.000973
2921,0.027332,-0.146111,9.921428,0.028300,-0.056302,-0.070583,-0.813713,-0.171162,-0.112526,0.999973,-0.007102,-0.001487,-0.000993
2922,0.028470,-0.142073,9.913125,0.013006,-0.060861,-0.067532,-0.816082,-0.171465,-0.114791,0.999973,-0.007123,-0.001489,-0.001012
2923,0.023357,-0.132596,9.917709,0.016094,-0.060825,-0.069056,-0.812386,-0.170287,-0.117048,0.999973,-0.007091,-0.001479,-0.001032
2924,0.025995,-0.140118,9.916690,0.014612,-0.063830,-0.075160,-0.807894,-0.168150,-0.119433,0.999974,-0.007052,-0.001460,-0.001053
2925,0.029365,-0.142372,9.917961,0.014603,-0.060763,-0.087368,-0.808273,-0.168867,-0.122110,0.999974,-0.007055,-0.001466,-0.001076
2926,0.028632,-0.140992,9.917583,0.006956,-0.059235,-0.082790,-0.809461,-0.170757,-0.124913,0.999973,-0.007065,-0.001482,-0.001101
2927,0.027874,-0.139717,9.919013,0.014582,-0.047017,-0.085842,-0.809375,-0.171574,-0.127697,0.999973,-0.007065,-0.001489,-0.001125
2928,0.030586,-0.153052,9.918612,0.020626,-0.051590,-0.098048,-0.814195,-0.172910,-0.130722,0.999973,-0.007107,-0.001501,-0.001151
2929,0.030562,-0.150382,9.917641,0.014415,-0.043968,-0.091945,-0.823291,-0.175202,-0.133836,0.999972,-0.007186,-0.001520,-0.001179
2930,0.029047,-0.151010,9.915204,-0.002457,-0.048542,-0.073633,-0.830867,-0.176503,-0.136550,0.999972,-0.007252,-0.001532,-0.001203
2931,0.031106,-0.147340,9.918487,-0.013198,-0.057695,-0.076685,-0.836330,-0.177994,-0.139013,0.999971,-0.007300,-0.001544,-0.001224
2932,0.032359,-0.144626,9.920431,-0.019316,-0.063809,-0.072107,-0.838298,-0.180959,-0.141459,0.999971,-0.007317,-0.001570,-0.001246
2933,0.031685,-0.132754,9.922319,-0.039093,-0.066870,-0.058374,-0.833800,-0.183983,-0.143619,0.999972,-0.007278,-0.001596,-0.001265
2934,0.035379,-0.132674,9.923832,-0.020665,-0.060784,-0.059901,-0.824319,-0.187807,-0.145593,0.999972,-0.007196,-0.001630,-0.001282
2935,0.035794,-0.136854,9.924090,-0.023632,-0.059291,-0.079738,-0.817392,-0.192773,-0.147916,0.999972,-0.007135,-0.001673,-0.001303
2936,0.037168,-0.137663,9.920984,-0.014429,-0.060851,-0.067532,-0.813768,-0.197861,-0.150356,0.999972,-0.007104,-0.001717,-0.001324
2937,0.037300,-0.145354,9.919317,-0.014432,-0.059358,-0.079739,-0.814492,-0.202856,-0.152781,0.999972,-0.007110,-0.001761,-0.001346
2938,0.038449,-0.149989,9.918987,-0.003815,-0.067018,-0.079740,-0.820607,-0.207759,-0.155388,0.999972,-0.007164,-0.001803,-0.001369
2939,0.035669,-0.148412,9.919053,-0.013045,-0.071611,-0.075162,-0.827511,-0.211416,-0.157912,0.999971,-0.007224,-0.001835,-0.001391
2940,0.032631,-0.149143,9.922736,-0.008525,-0.073116,-0.067532,-0.833128,-0.212005,-0.160236,0.999971,-0.007273,-0.001840,-0.001412
2941,0.025153,-0.150188,9.927062,0.000575,-0.053203,-0.070583,-0.838296,-0.207404,-0.162489,0.999971,-0.007318,-0.001800,-0.001431
2942,0.023868,-0.149246,9.932219,0.009683,-0.062246,-0.069054,-0.842334,-0.199118,-0.164773,0.999970,-0.007353,-0.001727,-0.001451
2943,0.022113,-0.144850,9.933261,0.006617,-0.052972,-0.078208,-0.843232,-0.190476,-0.167195,0.999970,-0.007361,-0.001651,-0.001471
2944,0.022611,-0.142017,9.937601,0.003593,-0.052862,-0.073629,-0.840701,-0.182399,-0.169707,0.999971,-0.007339,-0.001581,-0.001493
2945,0.022572,-0.135873,9.934212,0.008238,-0.045140,-0.075154,-0.834378,-0.175642,-0.172182,0.999971,-0.007284,-0.001522,-0.001514
2946,0.025476,-0.128144,9.933042,0.006838,-0.049650,-0.081257,-0.822692,-0.171189,-0.174800,0.999972,-0.007182,-0.001483,-0.001536
2947,0.029517,-0.125739,9.933108,-0.003682,-0.041995,-0.081257,-0.808178,-0.170532,-0.177529,0.999973,-0.007055,-0.001477,-0.001560
2948,0.029944,-0.135531,9.929645,-0.003579,-0.048100,-0.076680,-0.799019,-0.172167,-0.180168,0.999973,-0.006975,-0.001491,-0.001583
2949,0.030028,-0.139616,9.927728,-0.056971,-0.055732,-0.093465,-0.798557,-0.174188,-0.182983,0.999973,-0.006971,-0.001509,-0.001607
2950,0.033354,-0.145144,9.926958,-0.131779,-0.060326,-0.090413,-0.805129,-0.177621,-0.186010,0.999973,-0.007029,-0.001539,-0.001634
2951,0.031856,-0.156702,9.925753,-0.159360,-0.066451,-0.091940,-0.820357,-0.181618,-0.188987,0.999972,-0.007161,-0.001573,-0.001661
2952,0.025595,-0.147446,9.918386,-0.092330,-0.067954,-0.087361,-0.834343,-0.181836,-0.191912,0.999971,-0.007284,-0.001575,-0.001686
2953,0.026675,-0.138699,9.918025,-0.069439,-0.061799,-0.091939,-0.836895,-0.179427,-0.194869,0.999971,-0.007306,-0.001553,-0.001712
2954,0.024869,-0.134221,9.914125,-0.009848,-0.060220,-0.065997,-0.831129,-0.176738,-0.197494,0.999971,-0.007256,-0.001530,-0.001735
2955,0.025383,-0.135962,9.913415,0.048225,-0.057113,-0.069049,-0.822486,-0.173794,-0.199740,0.999972,-0.007180,-0.001504,-0.001754
2956,0.031918,-0.135810,9.917390,-0.014268,-0.055571,-0.059893,-0.815667,-0.174243,-0.201881,0.999972,-0.007121,-0.001508,-0.001773
2957,0.034545,-0.150261,9.924099,-0.104309,-0.054075,-0.055316,-0.818677,-0.178780,-0.203772,0.999972,-0.007147,-0.001547,-0.001789
2958,0.031422,-0.149739,9.924041,-0.046405,-0.044943,-0.062945,-0.828499,-0.182542,-0.205696,0.999971,-0.007233,-0.001580,-0.001807
2959,0.034310,-0.152117,9.925665,-0.073952,-0.043432,-0.085834,-0.837644,-0.185409,-0.208131,0.999970,-0.007313,-0.001605,-0.001828
2960,0.033763,-0.147934,9.926248,-0.116733,-0.049557,-0.082783,-0.845742,-0.188870,-0.210902,0.999970,-0.007383,-0.001635,-0.001853
2961,0.029042,-0.149157,9.930744,-0.135069,-0.054124,-0.096515,-0.852250,-0.189751,-0.213857,0.999969,-0.007440,-0.001642,-0.001879
2962,0.029259,-0.138219,9.929879,-0.034325,-0.057141,-0.099567,-0.852062,-0.188484,-0.217107,0.999969,-0.007439,-0.001631,-0.001907
2963,0.031849,-0.137800,9.932817,-0.061698,-0.064749,-0.093463,-0.845251,-0.188633,-0.220322,0.999970,-0.007379,-0.001632,-0.001935
2964,0.032096,-0.137567,9.932098,-0.105859,-0.067794,-0.093463,-0.839862,-0.190266,-0.223431,0.999970,-0.007332,-0.001646,-0.001962
2965,0.031883,-0.140821,9.933428,-0.085955,-0.061682,-0.105671,-0.837095,-0.191731,-0.226738,0.999970,-0.007308,-0.001659,-0.001991
2966,0.031322,-0.138076,9.927989,-0.166772,-0.057089,-0.101093,-0.836199,-0.192458,-0.230171,0.999970,-0.007300,-0.001665,-0.002021
2967,0.034402,-0.138058,9.922019,-0.284203,-0.052507,-0.096515,-0.837756,-0.193972,-0.233458,0.999970,-0.007314,-0.001678,-0.002050
2968,0.036613,-0.146769,9.918465,-0.355897,-0.058631,-0.104145,-0.846238,-0.197650,-0.236782,0.999969,-0.007388,-0.001710,-0.002079
2969,0.036554,-0.142003,9.917850,-0.275009,-0.058657,-0.099568,-0.855547,-0.201980,-0.240151,0.999968,-0.007470,-0.001747,-0.002109
2970,0.036658,-0.153553,9.913541,-0.236867,-0.054098,-0.096516,-0.864510,-0.205661,-0.243389,0.999968,-0.007548,-0.001779,-0.002137
2971,0.037371,-0.143653,9.912566,-0.143783,-0.049537,-0.093465,-0.870664,-0.208949,-0.246529,0.999967,-0.007602,-0.001807,-0.002165
2973,0.038085,-0.154676,9.915497,-0.165136,-0.075496,-0.104147,-0.874961,-0.212690,-0.249793,0.999967,-0.007639,-0.001839,-0.002194
2974,0.043439,-0.169118,9.915869,-0.063003,-0.069433,-0.099569,-0.888140,-0.218859,-0.253116,0.999966,-0.007755,-0.001893,-0.002224
2975,0.042075,-0.179121,9.920568,-0.104411,-0.064908,-0.099569,-0.909546,-0.225828,-0.256327,0.999964,-0.007942,-0.001953,-0.002252
2976,0.040365,-0.163880,9.924598,-0.312089,-0.083245,-0.079732,-0.930180,-0.230691,-0.259222,0.999962,-0.008122,-0.001995,-0.002278
2977,0.041474,-0.183870,9.925508,-0.498391,-0.136665,-0.043109,-0.956248,-0.235578,-0.261158,0.999960,-0.008349,-0.002037,-0.002296
2978,0.038153,-0.183142,9.922193,-0.550466,-0.132082,-0.006486,-0.991147,-0.239574,-0.261837,0.999958,-0.008654,-0.002071,-0.002303
2979,0.028467,-0.175766,9.921638,-0.715370,-0.144214,0.027086,-1.021618,-0.237384,-0.261376,0.999955,-0.008920,-0.002051,-0.002299
2980,0.030985,-0.174678,9.920476,-0.765735,-0.160888,0.028614,-1.047125,-0.232426,-0.260358,0.999954,-0.009142,-0.002007,-0.002290
2981,0.037327,-0.191081,9.920750,-0.658956,-0.180662,0.001149,-1.074129,-0.232458,-0.259747,0.999951,-0.009378,-0.002007,-0.002286
2982,0.033936,-0.179628,9.920180,-0.188987,-0.087537,-0.053784,-1.089723,-0.232940,-0.260535,0.999950,-0.009514,-0.002011,-0.002293
2983,0.038894,-0.180711,9.918223,0.044549,-0.037143,-0.090405,-1.085920,-0.231704,-0.262924,0.999950,-0.009481,-0.002000,-0.002313
2984,0.041716,-0.181209,9.922614,0.177374,-0.009677,-0.128554,-1.075787,-0.232616,-0.266584,0.999951,-0.009393,-0.002008,-0.002345
2985,0.039413,-0.178350,9.921601,0.522306,0.049831,-0.143814,-1.057685,-0.232338,-0.271161,0.999953,-0.009235,-0.002006,-0.002385
2986,0.032947,-0.154492,9.922634,0.939059,0.110907,-0.143814,-1.017437,-0.226209,-0.276066,0.999956,-0.008883,-0.001953,-0.002427
2987,0.035671,-0.155176,9.917141,0.939298,0.083492,-0.128555,-0.964612,-0.218377,-0.280743,0.999960,-0.008422,-0.001885,-0.002466
2988,0.030337,-0.155363,9.921624,0.925722,0.065234,-0.111770,-0.919378,-0.211213,-0.284840,0.999963,-0.008028,-0.001823,-0.002500
2989,0.027400,-0.147993,9.918421,0.939565,0.051581,-0.093457,-0.878376,-0.202108,-0.288323,0.999966,-0.007670,-0.001744,-0.002530
2990,0.030761,-0.146198,9.916308,0.739751,0.008919,-0.076671,-0.843009,-0.195342,-0.291195,0.999968,-0.007361,-0.001686,-0.002554
2991,0.035305,-0.153099,9.915564,0.442189,-0.004802,-0.058360,-0.823893,-0.194125,-0.293443,0.999969,-0.007194,-0.001676,-0.002573
2992,0.032125,-0.145557,9.921031,0.338377,-0.015483,-0.065990,-0.815245,-0.194494,-0.295496,0.999970,-0.007119,-0.001679,-0.002591
2993,0.030378,-0.132323,9.921089,0.310939,-0.018512,-0.087352,-0.801831,-0.193020,-0.298052,0.999971,-0.007002,-0.001666,-0.002613
2994,0.031138,-0.124641,9.919036,0.303421,-0.016959,-0.105663,-0.781606,-0.191237,-0.301293,0.999972,-0.006825,-0.001651,-0.002641
2995,0.027176,-0.123673,9.918480,0.239456,-0.019971,-0.120922,-0.761361,-0.188346,-0.305098,0.999973,-0.006648,-0.001626,-0.002673
2996,0.025100,-0.128838,9.917852,0.242578,-0.027536,-0.157544,-0.746988,-0.183377,-0.309748,0.999974,-0.006523,-0.001583,-0.002713
2997,0.030804,-0.131191,9.915190,0.315827,-0.024444,-0.209425,-0.737209,-0.180667,-0.315853,0.999974,-0.006438,-0.001559,-0.002766
2998,0.033290,-0.128470,9.914746,0.340229,-0.036656,-0.239943,-0.727468,-0.182254,-0.323324,0.999975,-0.006353,-0.001573,-0.002832
2999,0.033215,-0.128551,9.920168,0.170835,-0.027518,-0.258254,-0.720432,-0.185023,-0.331609,0.999975,-0.006292,-0.001596,-0.002904
3000,0.038226,-0.120757,9.922530,0.137271,-0.016874,-0.293352,-0.714651,-0.189272,-0.340795,0.999975,-0.006241,-0.001633,-0.002984
3001,0.034314,-0.097677,9.921803,0.024497,-0.021490,-0.320819,-0.698886,-0.193380,-0.351066,0.999975,-0.006104,-0.001669,-0.003074
3002,0.033856,-0.102089,9.924697,-0.555137,-0.055069,-0.349813,-0.688181,-0.195611,-0.362292,0.999976,-0.006011,-0.001688,-0.003172
3003,0.059246,-0.270124,9.924706,-0.983031,-0.017044,-1.889471,-0.770782,-0.208416,-0.399392,0.999970,-0.006733,-0.001795,-0.003497
3004,0.047451,-0.214554,9.914843,-0.176834,0.226941,-8.396015,-0.881156,-0.222063,-0.570501,0.999956,-0.007699,-0.001900,-0.004993
3005,0.040952,-0.234835,9.911519,-0.459722,0.297083,-10.901583,-0.943684,-0.222880,-0.892016,0.999934,-0.008250,-0.001881,-0.007800
3006,0.044376,-0.254915,9.909821,-0.417625,0.341305,-12.552631,-1.013378,-0.221625,-1.282820,0.999896,-0.008864,-0.001835,-0.011211
3007,0.041101,-0.256519,9.905667,0.092935,0.402311,-13.913755,-1.073328,-0.220053,-1.723854,0.999841,-0.009394,-0.001779,-0.015060
3008,0.014695,-0.100497,9.904704,0.337097,0.440533,-14.873559,-1.063134,-0.208230,-2.203818,0.999770,-0.009311,-0.001638,-0.019247
3009,0.030026,-0.158688,9.912951,-0.512444,0.300254,-11.913265,-1.028618,-0.194365,-2.650540,0.999691,-0.009013,-0.001488,-0.023143
3010,0.037329,-0.154441,9.917893,-0.512268,0.349092,-13.631459,-1.028364,-0.190488,-3.076463,0.999598,-0.009015,-0.001421,-0.026858
3011,0.039478,-0.174970,9.922077,-0.736482,0.458922,-17.043428,-1.038780,-0.189549,-3.587893,0.999467,-0.009112,-0.001369,-0.031319
3012,0.043959,-0.169994,9.922388,-0.922599,0.641970,-22.049992,-1.060040,-0.188877,-4.239677,0.999271,-0.009305,-0.001305,-0.037003
3013,0.040332,-0.169933,9.924491,-0.969816,0.791442,-26.046392,-1.081286,-0.186049,-5.041584,0.998986,-0.009498,-0.001207,-0.043995
3014,0.032930,-0.194304,9.921280,-1.148325,0.899753,-29.337812,-1.111499,-0.178222,-5.964979,0.998596,-0.009767,-0.001048,-0.052043
3015,0.033514,-0.183940,9.920423,-0.885861,0.998926,-32.055485,-1.141837,-0.167826,-6.988552,0.998089,-0.010035,-0.000854,-0.060960
3016,0.030060,-0.168297,9.920203,-0.363857,1.052321,-32.952732,-1.147268,-0.156424,-8.072430,0.997468,-0.010083,-0.000657,-0.070397
3017,0.021813,-0.172395,9.922594,-0.059997,1.037077,-32.360668,-1.133401,-0.141808,-9.161412,0.996755,-0.009958,-0.000444,-0.079871
3018,0.027337,-0.156690,9.923140,0.565870,0.944004,-30.183178,-1.101111,-0.128289,-10.204213,0.995990,-0.009670,-0.000261,-0.088937
3019,0.034851,-0.108849,9.920393,1.303330,0.786779,-25.718321,-1.028471,-0.121696,-11.136295,0.995240,-0.009036,-0.000186,-0.097035
3020,0.030928,-0.134658,9.918454,1.015382,0.653942,-21.877569,-0.947475,-0.118546,-11.929902,0.994550,-0.008331,-0.000170,-0.103925
3021,0.032213,-0.122885,9.917485,0.391585,0.606560,-21.113081,-0.895098,-0.116101,-12.646692,0.993885,-0.007875,-0.000147,-0.110144
3022,0.040317,-0.113519,9.920021,-0.105570,0.568297,-20.574434,-0.862078,-0.117574,-13.341736,0.993200,-0.007591,-0.000145,-0.116170
3023,0.040843,-0.135377,9.921647,-0.943103,0.594091,-21.126822,-0.860104,-0.121891,-14.036983,0.992477,-0.007579,-0.000139,-0.122194
3024,0.035680,-0.173384,9.926342,-1.867851,0.680942,-23.971149,-0.908730,-0.123693,-14.788813,0.991651,-0.008003,-0.000050,-0.128703
3025,0.037690,-0.168363,9.923234,-1.840512,0.755601,-25.921284,-0.980216,-0.123549,-15.620561,0.990685,-0.008621,0.000094,-0.135897
3026,0.043761,-0.182444,9.923377,-1.370612,0.750884,-25.661879,-1.039529,-0.126111,-16.480507,0.989633,-0.009136,0.000211,-0.143328
3027,0.040593,-0.194039,9.921659,-1.295938,0.753787,-25.826679,-1.090699,-0.130313,-17.338888,0.988527,-0.009581,0.000311,-0.150737
3028,0.041759,-0.206022,9.918937,-1.381503,0.787220,-26.342443,-1.143448,-0.133907,-18.208622,0.987350,-0.010037,0.000425,-0.158236
3029,0.048250,-0.212323,9.915455,-1.079483,0.826735,-26.530136,-1.192624,-0.139366,-19.090109,0.986099,-0.010465,0.000526,-0.165826
3030,0.048073,-0.208138,9.915321,-0.832341,0.837240,-26.945192,-1.227499,-0.146366,-19.981672,0.984776,-0.010771,0.000601,-0.173494
3031,0.045792,-0.201649,9.917555,-1.119182,0.888960,-27.726467,-1.254686,-0.151733,-20.893217,0.983362,-0.011008,0.000683,-0.181322
3032,0.051707,-0.204908,9.917911,-1.026017,0.939151,-27.512844,-1.280441,-0.156548,-21.814278,0.981870,-0.011230,0.000773,-0.189221
3033,0.048769,-0.200658,9.917968,-0.386534,0.922196,-27.013868,-1.290631,-0.161216,-22.723484,0.980337,-0.011319,0.000840,-0.197006
3034,0.046459,-0.176123,9.921242,0.321742,0.867118,-26.244806,-1.266974,-0.164218,-23.611582,0.978783,-0.011116,0.000859,-0.204598
3035,0.046764,-0.175051,9.924016,0.444147,0.839518,-25.553564,-1.221905,-0.166418,-24.475344,0.977217,-0.010728,0.000841,-0.211970
3036,0.046584,-0.219412,9.921706,0.174190,0.847018,-25.925894,-1.197198,-0.168135,-25.333733,0.975604,-0.010515,0.000859,-0.219285
3037,0.046759,-0.210823,9.917714,0.444238,0.808741,-26.273809,-1.188007,-0.170234,-26.204054,0.973911,-0.010434,0.000903,-0.226688
3038,0.051282,-0.184772,9.919422,0.741857,0.771977,-25.211769,-1.160015,-0.174271,-27.062473,0.972188,-0.010198,0.000890,-0.233978
3039,0.051913,-0.206333,9.913218,0.456565,0.721464,-23.167030,-1.132567,-0.179619,-27.869106,0.970519,-0.009970,0.000859,-0.240816
3040,0.049113,-0.217231,9.910180,-0.002837,0.698432,-23.525625,-1.131278,-0.184310,-28.647570,0.968861,-0.009963,0.000884,-0.247404
3041,0.042155,-0.211813,9.905101,-0.424127,0.797514,-25.509327,-1.147964,-0.184890,-29.465082,0.967070,-0.010099,0.000987,-0.254310
3042,0.035572,-0.232286,9.907921,-0.639464,0.812723,-26.215836,-1.179201,-0.180095,-30.327431,0.965126,-0.010343,0.001175,-0.261579
3043,0.032129,-0.253058,9.909353,-1.167733,0.858485,-28.497091,-1.233444,-0.172962,-31.239557,0.963008,-0.010772,0.001445,-0.269252
3044,0.041771,-0.222673,9.917771,-0.827663,0.940838,-30.947729,-1.282666,-0.168936,-32.230595,0.960639,-0.011162,0.001691,-0.277569
3045,0.045468,-0.211150,9.924560,0.681484,0.901063,-27.197010,-1.281604,-0.168939,-33.200043,0.958257,-0.011139,0.001782,-0.285686
3046,0.053512,-0.162918,9.926400,1.907056,0.601837,-19.938183,-1.213319,-0.173994,-33.986012,0.956281,-0.010569,0.001642,-0.292254
3047,0.056345,-0.153769,9.928841,1.643487,0.455166,-15.447391,-1.114742,-0.184572,-34.576122,0.954772,-0.009767,0.001353,-0.297176
3048,0.082113,-0.147383,9.922786,0.243057,0.409112,-15.055234,-1.048388,-0.204532,-35.084801,0.953448,-0.009261,0.001056,-0.301414
3049,0.075522,-0.176984,9.918276,-2.102110,0.520180,-16.082190,-1.061088,-0.227972,-35.604008,0.952070,-0.009424,0.000937,-0.305732
3050,0.065163,-0.292109,9.926672,-4.098394,0.593187,-18.445850,-1.195735,-0.242225,-36.179550,0.950511,-0.010575,0.001231,-0.310510
3051,0.067339,-0.338255,9.929109,-5.396292,0.617418,-22.832888,-1.428621,-0.254503,-36.867416,0.948605,-0.012529,0.001835,-0.316208
3052,0.071936,-0.355757,9.926702,-5.598576,0.690470,-26.098368,-1.685694,-0.272129,-37.682781,0.946300,-0.014689,0.002503,-0.322947
3053,0.055652,-0.372142,9.924758,-4.398351,0.751376,-25.120247,-1.909198,-0.286585,-38.536373,0.943837,-0.016552,0.003137,-0.329983
3054,0.056508,-0.376064,9.927554,-2.758433,0.697914,-23.922396,-2.064947,-0.295656,-39.353832,0.941435,-0.017835,0.003638,-0.336704
3055,0.069516,-0.290486,9.913854,-1.958769,0.751230,-25.037851,-2.132143,-0.309446,-40.170177,0.939000,-0.018401,0.003854,-0.343402
3056,0.068570,-0.249186,9.914102,-1.088317,0.929643,-24.673162,-2.117653,-0.322824,-40.999451,0.936492,-0.018295,0.003833,-0.350190
3057,0.065965,-0.218505,9.915067,-0.676876,1.034841,-24.427502,-2.055392,-0.327941,-41.818897,0.933973,-0.017776,0.003728,-0.356881
3058,0.068121,-0.238460,9.918164,-0.578258,1.152261,-26.466145,-1.985219,-0.328319,-42.668343,0.931313,-0.017178,0.003634,-0.363797
3059,0.074041,-0.254437,9.913851,-0.499691,1.228454,-28.431541,-1.930820,-0.329244,-43.584484,0.928383,-0.016711,0.003587,-0.371233
3060,0.077843,-0.250650,9.912466,-0.431926,1.271043,-29.196037,-1.884693,-0.331997,-44.546074,0.925241,-0.016317,0.003553,-0.379012
3061,0.078150,-0.272638,9.912764,-0.333773,1.229693,-28.257605,-1.847350,-0.335031,-45.504688,0.922043,-0.015997,0.003539,-0.386740
3062,0.082586,-0.281744,9.913348,-0.299872,1.197485,-27.499224,-1.822703,-0.339103,-46.434917,0.918876,-0.015784,0.003551,-0.394214
3063,0.084293,-0.250978,9.914513,-0.323916,1.130164,-26.029768,-1.794466,-0.344812,-47.328003,0.915780,-0.015550,0.003529,-0.401365
3064,0.081571,-0.253243,9.914227,-0.564573,1.154407,-26.229671,-1.764400,-0.349195,-48.199963,0.912703,-0.015299,0.003506,-0.408323
3065,0.055942,-0.253972,9.913281,-0.614536,1.265737,-28.526196,-1.743215,-0.342484,-49.113541,0.909422,-0.015078,0.003604,-0.415586
3066,0.063550,-0.281885,9.911798,-0.548663,1.360345,-30.398502,-1.733762,-0.328474,-50.096584,0.905826,-0.014920,0.003809,-0.423371
3067,0.060443,-0.315354,9.910614,-0.508974,1.332850,-30.082642,-1.744266,-0.316798,-51.105446,0.902063,-0.014925,0.004072,-0.431328
3068,0.056298,-0.344413,9.910606,-0.461879,1.259587,-28.565870,-1.773969,-0.305311,-52.083618,0.898345,-0.015078,0.004403,-0.439010
3069,0.054980,-0.343108,9.917809,-0.173762,1.114611,-25.474344,-1.805347,-0.295086,-52.984882,0.894861,-0.015248,0.004723,-0.446059
3070,0.081464,-0.339075,9.922860,-0.193824,0.931383,-21.604599,-1.827620,-0.296382,-53.770077,0.891781,-0.015394,0.004905,-0.452180
3071,0.077300,-0.332986,9.923012,-0.409133,0.922025,-21.439806,-1.847695,-0.306776,-54.487999,0.888927,-0.015560,0.005001,-0.457758
3072,0.077792,-0.323100,9.920708,-0.436671,1.028658,-23.598995,-1.864019,-0.315014,-55.239250,0.885904,-0.015687,0.005105,-0.463576
3073,0.081129,-0.321062,9.920041,-0.346645,1.034576,-23.951490,-1.873077,-0.323096,-56.032429,0.882672,-0.015754,0.005189,-0.469697
3074,0.083720,-0.330007,9.915289,-0.265786,1.023699,-23.899616,-1.880002,-0.332560,-56.830597,0.879377,-0.015810,0.005254,-0.475835
3076,0.082052,-0.317560,9.919086,-0.088771,0.982311,-23.133608,-1.880553,-0.341831,-57.615139,0.876098,-0.015816,0.005294,-0.481845
3077,0.083645,-0.302173,9.918235,0.210425,0.850905,-19.930696,-1.863961,-0.350595,-58.333527,0.873061,-0.015694,0.005256,-0.487330
3078,0.085690,-0.289076,9.921616,0.793534,0.766801,-15.676422,-1.824955,-0.358755,-58.927647,0.870527,-0.015405,0.005108,-0.491853
3079,0.077715,-0.258103,9.929111,1.366088,0.743766,-12.520815,-1.756138,-0.361369,-59.398357,0.868508,-0.014874,0.004854,-0.495428
3080,0.075725,-0.229613,9.931177,1.720583,0.653634,-9.182097,-1.659253,-0.358095,-59.760902,0.866949,-0.014111,0.004504,-0.498176
3081,0.074017,-0.221540,9.925223,1.977445,0.508580,-5.986815,-1.550360,-0.353898,-60.014465,0.865858,-0.013260,0.004092,-0.500097
3082,0.071294,-0.206697,9.924898,2.148885,0.371156,-3.612482,-1.432399,-0.351582,-60.175095,0.865170,-0.012353,0.003612,-0.501314
3083,0.068539,-0.183691,9.927204,1.864145,0.178805,-1.972118,-1.310221,-0.352234,-60.268730,0.864772,-0.011431,0.003082,-0.502025
3084,0.072145,-0.191719,9.917528,1.365647,0.026122,-0.961960,-1.212956,-0.358013,-60.317966,0.864565,-0.010722,0.002617,-0.502399
3085,0.071530,-0.196982,9.915359,1.260590,-0.068585,-0.403475,-1.148220,-0.368165,-60.340847,0.864470,-0.010277,0.002258,-0.502574
3086,0.071873,-0.196736,9.916329,1.175210,-0.085455,-0.305818,-1.101059,-0.378632,-60.352669,0.864422,-0.009967,0.001973,-0.502664
3087,0.076848,-0.184071,9.916389,1.184406,-0.093179,-0.241731,-1.057975,-0.390204,-60.361759,0.864385,-0.009693,0.001698,-0.502734
3088,0.086111,-0.208243,9.912758,1.552064,-0.082641,-0.224948,-1.020402,-0.406228,-60.369431,0.864353,-0.009479,0.001413,-0.502794
3089,0.084634,-0.223567,9.922407,1.959139,-0.064488,-0.252416,-0.993012,-0.423050,-60.377132,0.864321,-0.009347,0.001166,-0.502853
3090,0.084820,-0.207240,9.926831,2.009101,-0.034094,-0.253941,-0.962309,-0.435994,-60.385284,0.864287,-0.009172,0.000935,-0.502915
3091,0.085562,-0.184292,9.927755,1.963069,-0.015885,-0.223422,-0.918855,-0.446265,-60.393074,0.864255,-0.008889,0.000667,-0.502975
3092,0.081571,-0.183542,9.929488,1.683624,-0.008325,-0.215793,-0.876115,-0.452936,-60.400246,0.864227,-0.008596,0.000430,-0.503029
3093,0.072572,-0.158221,9.930230,1.047166,-0.022049,-0.194428,-0.843810,-0.452800,-60.406975,0.864199,-0.008352,0.000289,-0.503080
3094,0.076643,-0.114334,9.920561,0.612399,-0.038797,-0.145599,-0.805097,-0.450562,-60.412712,0.864177,-0.008050,0.000137,-0.503123
3095,0.078182,-0.117822,9.916862,0.040434,-0.067783,-0.115083,-0.771089,-0.451716,-60.417225,0.864160,-0.007798,-0.000021,-0.503157
3096,0.081197,-0.133955,9.914785,-0.231079,-0.083057,-0.098298,-0.765131,-0.455669,-60.420803,0.864144,-0.007771,-0.000077,-0.503185
3097,0.080647,-0.137457,9.914783,-0.220425,-0.084607,-0.086091,-0.775041,-0.460588,-60.423828,0.864130,-0.007867,-0.000070,-0.503208
3098,0.084462,-0.143096,9.913420,-0.102996,-0.078535,-0.076935,-0.786493,-0.466181,-60.426460,0.864117,-0.007978,-0.000062,-0.503228
3099,0.080906,-0.150465,9.917952,-0.066486,-0.080085,-0.089142,-0.799391,-0.471012,-60.429108,0.864104,-0.008097,-0.000041,-0.503248
3100,0.080117,-0.133513,9.914403,0.046387,-0.081605,-0.076934,-0.803815,-0.473226,-60.431808,0.864092,-0.008140,-0.000038,-0.503268
3101,0.075424,-0.127409,9.918038,0.145652,-0.057152,-0.078460,-0.793417,-0.472153,-60.434414,0.864081,-0.008057,-0.000076,-0.503288
3102,0.074744,-0.120101,9.916443,0.132058,-0.052509,-0.081512,-0.776215,-0.468176,-60.437157,0.864071,-0.007909,-0.000121,-0.503308
3103,0.075304,-0.127989,9.918641,0.054349,-0.057026,-0.063201,-0.762856,-0.464517,-60.439636,0.864061,-0.007793,-0.000152,-0.503327
3104,0.071811,-0.115622,9.915897,0.072770,-0.049327,-0.054045,-0.750843,-0.460103,-60.441650,0.864053,-0.007683,-0.000171,-0.503342
3105,0.072807,-0.122671,9.920390,0.178173,-0.032468,-0.069305,-0.736355,-0.454798,-60.443771,0.864045,-0.007550,-0.000195,-0.503358
3106,0.074250,-0.127212,9.916089,0.162951,-0.038517,-0.079986,-0.727369,-0.451103,-60.446259,0.864035,-0.007466,-0.000206,-0.503376
3107,0.070448,-0.128572,9.915059,0.147679,-0.032355,-0.081511,-0.723237,-0.447078,-60.448936,0.864024,-0.007417,-0.000194,-0.503396
3108,0.067817,-0.128857,9.914892,0.086611,-0.032272,-0.083035,-0.722080,-0.440745,-60.451645,0.864012,-0.007381,-0.000151,-0.503417
3109,0.071362,-0.143097,9.915833,0.016313,-0.050513,-0.087611,-0.729797,-0.435885,-60.454395,0.864000,-0.007418,-0.000080,-0.503437
3110,0.069929,-0.146017,9.918344,0.022236,-0.059618,-0.081505,-0.745510,-0.433225,-60.457058,0.863987,-0.007524,0.000009,-0.503457
3111,0.070011,-0.138195,9.921702,0.069400,-0.061093,-0.063193,-0.756425,-0.430698,-60.459354,0.863977,-0.007596,0.000076,-0.503474
3112,0.073879,-0.135767,9.925502,0.105955,-0.062591,-0.057088,-0.759468,-0.430292,-60.461285,0.863968,-0.007617,0.000093,-0.503489
3113,0.074898,-0.129939,9.923940,0.176134,-0.062590,-0.070822,-0.756096,-0.432242,-60.463383,0.863959,-0.007600,0.000063,-0.503505
3114,0.076472,-0.139222,9.923629,0.269184,-0.053444,-0.070822,-0.751534,-0.435056,-60.465694,0.863949,-0.007578,0.000022,-0.503522
3115,0.073535,-0.154565,9.917706,0.211041,-0.051917,-0.069294,-0.757688,-0.436763,-60.467899,0.863939,-0.007632,0.000036,-0.503539
3116,0.073553,-0.153533,9.915415,0.189452,-0.054951,-0.081499,-0.771301,-0.436920,-60.470222,0.863928,-0.007735,0.000095,-0.503557
3117,0.071681,-0.143939,9.911020,0.114524,-0.057973,-0.075394,-0.780479,-0.436259,-60.472713,0.863916,-0.007801,0.000141,-0.503575
3118,0.070296,-0.144049,9.915816,-0.042741,-0.060981,-0.069289,-0.787706,-0.434322,-60.475029,0.863906,-0.007847,0.000187,-0.503593
3119,0.068732,-0.135696,9.916370,-0.380010,-0.067029,-0.067763,-0.798342,-0.431435,-60.477261,0.863895,-0.007915,0.000256,-0.503609
3120,0.070660,-0.118788,9.915764,-0.633217,-0.076135,-0.063184,-0.806535,-0.429320,-60.479477,0.863885,-0.007967,0.000308,-0.503626
3121,0.070984,-0.131190,9.922185,-1.084757,-0.115773,-0.044874,-0.823079,-0.429345,-60.481331,0.863876,-0.008092,0.000381,-0.503640
3122,0.079021,-0.178663,9.918344,-1.376342,-0.150875,-0.025036,-0.876080,-0.434376,-60.482334,0.863867,-0.008514,0.000576,-0.503648
3123,0.079229,-0.188931,9.913914,-0.790740,-0.117348,-0.041819,-0.944034,-0.442650,-60.483135,0.863858,-0.009062,0.000812,-0.503653
3124,0.076877,-0.166169,9.913336,-0.148520,-0.088376,-0.050973,-0.977074,-0.447980,-60.484486,0.863849,-0.009335,0.000917,-0.503664
3125,0.081753,-0.169641,9.919578,-0.417099,-0.123493,-0.046396,-0.987910,-0.453470,-60.486027,0.863841,-0.009441,0.000924,-0.503675
3126,0.068421,-0.179648,9.922975,-1.163319,-0.059375,-0.040291,-1.018136,-0.453968,-60.487400,0.863832,-0.009671,0.001053,-0.503686
3127,0.055163,-0.267481,9.931133,-2.256360,0.047600,-0.063173,-1.118163,-0.439625,-60.488792,0.863818,-0.010362,0.001601,-0.503694
3128,0.056161,-0.260835,9.930171,-2.919372,-0.010175,-0.003653,-1.272753,-0.420160,-60.489422,0.863802,-0.011441,0.002427,-0.503695
3129,0.060591,-0.304383,9.931678,-3.347354,-0.080212,1.001941,-1.442505,-0.407288,-60.472305,0.863861,-0.012665,0.003268,-0.503561
3130,0.054287,-0.324292,9.931129,-2.885758,-0.095335,1.931238,-1.615017,-0.396542,-60.422901,0.864059,-0.013920,0.004101,-0.503182
3131,0.069929,-0.334427,9.920109,-2.115785,-0.211232,2.483629,-1.754653,-0.392965,-60.348839,0.864367,-0.014960,0.004732,-0.502618
3132,0.080973,-0.260710,9.913148,-0.966819,-0.339479,2.637746,-1.811703,-0.405644,-60.263191,0.864733,-0.015450,0.004875,-0.501970
3133,0.077667,-0.275073,9.915411,-0.433879,-0.251072,2.590437,-1.800374,-0.421597,-60.176033,0.865115,-0.015438,0.004693,-0.501315
3134,0.074520,-0.279800,9.913799,-0.210755,-0.168716,1.626048,-1.781165,-0.430288,-60.105797,0.865424,-0.015334,0.004534,-0.500786
3135,0.077490,-0.282793,9.910245,0.051979,-0.078708,0.678446,-1.759324,-0.435207,-60.067463,0.865593,-0.015192,0.004396,-0.500498
3136,0.070357,-0.270704,9.910931,0.632115,0.041850,0.090963,-1.722415,-0.434601,-60.054817,0.865654,-0.014911,0.004238,-0.500403
3137,0.069911,-0.245183,9.917009,0.882785,0.099884,-0.060106,-1.659601,-0.427769,-60.054653,0.865663,-0.014406,0.004015,-0.500404
3138,0.074917,-0.250565,9.915908,0.527676,0.031239,-0.061635,-1.597209,-0.423705,-60.057034,0.865661,-0.013917,0.003774,-0.500424
3139,0.078069,-0.243298,9.914622,0.340324,0.000694,-0.098260,-1.552453,-0.425667,-60.059937,0.865653,-0.013588,0.003564,-0.500447
3140,0.080958,-0.238105,9.917072,0.169726,-0.034460,-0.086057,-1.516287,-0.431504,-60.063198,0.865643,-0.013340,0.003362,-0.500473
3141,0.087330,-0.241923,9.919607,-0.089434,-0.068126,-0.067750,-1.492709,-0.441881,-60.065895,0.865633,-0.013207,0.003181,-0.500495
3142,0.085389,-0.241487,9.920775,-0.202171,-0.094170,-0.055546,-1.481239,-0.453928,-60.068005,0.865624,-0.013173,0.003040,-0.500512
3143,0.088068,-0.258101,9.917489,-0.127327,-0.085102,-0.031134,-1.480061,-0.464887,-60.069424,0.865617,-0.013212,0.002953,-0.500524
3144,0.084116,-0.271182,9.921785,0.286120,-0.060750,-0.060128,-1.484535,-0.473007,-60.070820,0.865610,-0.013281,0.002911,-0.500535
3145,0.080658,-0.256229,9.922531,0.923890,-0.091280,-0.090646,-1.470365,-0.476598,-60.073208,0.865600,-0.013189,0.002822,-0.500554
3146,0.075305,-0.235603,9.924435,1.166608,-0.106498,-0.078439,-1.426820,-0.476259,-60.076019,0.865593,-0.012859,0.002635,-0.500576
3147,0.076887,-0.214663,9.918751,0.869300,-0.080495,-0.072335,-1.370559,-0.473870,-60.078632,0.865588,-0.012424,0.002408,-0.500597
3148,0.066757,-0.184310,9.926691,0.109801,-0.066661,-0.083018,-1.317179,-0.467318,-60.081467,0.865582,-0.011992,0.002224,-0.500619
3149,0.070583,-0.188336,9.922914,-0.822092,-0.200820,0.032952,-1.288792,-0.460659,-60.082516,0.865581,-0.011748,0.002151,-0.500627
3150,0.069031,-0.210966,9.919564,-1.725190,-0.219029,0.109248,-1.308746,-0.458460,-60.080158,0.865589,-0.011889,0.002254,-0.500609
3151,0.076708,-0.249372,9.915215,-1.882411,-0.212860,0.364079,-1.373553,-0.459669,-60.072086,0.865618,-0.012384,0.002527,-0.500546
3152,0.074200,-0.285257,9.916457,-1.107580,-0.127370,0.391550,-1.453948,-0.461541,-60.059120,0.865665,-0.013000,0.002863,-0.500447
3153,0.079452,-0.281217,9.914013,0.070064,-0.049520,0.351879,-1.504716,-0.461642,-60.046391,0.865715,-0.013384,0.003082,-0.500349
3154,0.077623,-0.264245,9.916230,0.481903,0.057308,0.284740,-1.510045,-0.460044,-60.035675,0.865761,-0.013418,0.003116,-0.500268
3155,0.081577,-0.267520,9.919683,0.695486,0.087828,0.307630,-1.494737,-0.457192,-60.025826,0.865806,-0.013290,0.003070,-0.500194
3156,0.076994,-0.246210,9.917260,0.799281,0.122927,0.042118,-1.467034,-0.453414,-60.020115,0.865835,-0.013064,0.002977,-0.500151
3157,0.077990,-0.233263,9.918694,0.404226,0.035962,0.000918,-1.432550,-0.449583,-60.019585,0.865841,-0.012787,0.002855,-0.500148
3158,0.077962,-0.252958,9.914884,-0.093151,-0.064748,0.031435,-1.420551,-0.449880,-60.019081,0.865845,-0.012698,0.002801,-0.500144
3159,0.081544,-0.261264,9.915690,0.031879,-0.061714,0.010072,-1.430404,-0.453614,-60.018272,0.865847,-0.012789,0.002815,-0.500138
3160,0.081468,-0.246837,9.915174,0.159985,-0.022071,-0.072328,-1.433531,-0.457896,-60.019234,0.865842,-0.012831,0.002797,-0.500145
3161,0.077466,-0.247815,9.919441,0.021132,-0.046492,-0.090638,-1.429985,-0.459587,-60.021923,0.865830,-0.012811,0.002769,-0.500166
3162,0.076453,-0.244110,9.919536,-0.021575,-0.058675,-0.107424,-1.428263,-0.459267,-60.025196,0.865816,-0.012797,0.002764,-0.500191
3163,0.076482,-0.237824,9.919641,0.001376,-0.051016,-0.113526,-1.422936,-0.458503,-60.028881,0.865801,-0.012753,0.002747,-0.500219
3164,0.073451,-0.233126,9.917406,0.006063,-0.052499,-0.095215,-1.412944,-0.456420,-60.032398,0.865787,-0.012669,0.002719,-0.500245
3165,0.072327,-0.239772,9.918727,-0.077775,-0.075326,-0.098266,-1.406276,-0.453151,-60.035625,0.865774,-0.012604,0.002715,-0.500270
3166,0.079790,-0.239299,9.916090,-0.140295,-0.099715,-0.093688,-1.405984,-0.453820,-60.038784,0.865760,-0.012604,0.002709,-0.500294
3167,0.080259,-0.248012,9.917083,-0.076208,-0.082945,-0.087586,-1.409775,-0.458247,-60.041721,0.865746,-0.012652,0.002693,-0.500316
3168,0.082281,-0.251838,9.913513,0.047332,-0.069234,-0.084534,-1.415635,-0.462868,-60.044491,0.865733,-0.012717,0.002684,-0.500337
3169,0.081166,-0.250917,9.915177,0.236480,-0.061623,-0.133364,-1.416834,-0.466873,-60.048019,0.865717,-0.012743,0.002659,-0.500364
3170,0.079530,-0.236404,9.914632,0.454702,-0.052467,-0.134890,-1.404008,-0.468777,-60.052448,0.865699,-0.012655,0.002589,-0.500398
3171,0.073523,-0.237090,9.916211,0.380003,-0.021905,-0.122681,-1.383664,-0.466258,-60.056759,0.865683,-0.012490,0.002520,-0.500431
3172,0.074943,-0.235320,9.915751,0.186259,-0.024893,-0.092161,-1.369807,-0.461316,-60.060360,0.865669,-0.012363,0.002497,-0.500458
3173,0.078286,-0.236175,9.917622,0.105409,-0.037065,-0.086058,-1.362685,-0.459229,-60.063316,0.865657,-0.012300,0.002482,-0.500480
3174,0.077664,-0.234095,9.917123,-0.103629,-0.044678,-0.058590,-1.361429,-0.459160,-60.065712,0.865647,-0.012291,0.002477,-0.500498
3175,0.079218,-0.248396,9.914775,-0.300526,-0.047720,-0.047908,-1.372894,-0.459828,-60.067413,0.865638,-0.012380,0.002523,-0.500511
3176,0.080578,-0.251396,9.914806,0.160176,-0.044671,-0.063167,-1.386714,-0.461722,-60.069130,0.865629,-0.012493,0.002569,-0.500524
3177,0.077290,-0.278829,9.911919,0.799285,-0.066026,-0.086054,-1.393518,-0.462916,-60.071400,0.865618,-0.012549,0.002590,-0.500541
3179,0.078379,-0.262283,9.911659,0.945485,-0.076686,-0.098258,-1.390434,-0.463484,-60.074200,0.865606,-0.012528,0.002572,-0.500562
3180,0.079902,-0.249349,9.909728,1.134556,-0.093463,-0.101308,-1.368732,-0.465524,-60.077351,0.865595,-0.012373,0.002462,-0.500587
3181,0.080791,-0.236064,9.909834,1.290161,-0.104144,-0.115042,-1.331802,-0.468885,-60.080849,0.865583,-0.012109,0.002276,-0.500614
3182,0.084793,-0.214106,9.910096,1.012524,-0.110266,-0.104361,-1.286024,-0.474241,-60.084480,0.865571,-0.011786,0.002036,-0.500643
3183,0.090597,-0.161253,9.913091,0.506290,-0.093540,-0.102840,-1.227066,-0.483003,-60.088142,0.865561,-0.011379,0.001713,-0.500672
3184,0.080266,-0.165021,9.918455,-0.086772,-0.059994,-0.099792,-1.172948,-0.487875,-60.091866,0.865549,-0.010992,0.001440,-0.500701
3185,0.076518,-0.180566,9.919268,-0.872286,-0.021791,-0.073853,-1.158612,-0.484394,-60.094990,0.865537,-0.010868,0.001404,-0.500725
3186,0.076254,-0.191656,9.915071,-1.302445,0.005749,-0.055542,-1.181241,-0.477970,-60.097252,0.865526,-0.011011,0.001551,-0.500741
3187,0.073788,-0.210569,9.913383,-1.374151,0.007355,-0.057066,-1.224662,-0.470633,-60.099148,0.865514,-0.011307,0.001797,-0.500754
3188,0.067230,-0.228511,9.911860,-1.381891,0.016622,-0.058589,-1.280451,-0.460246,-60.101017,0.865501,-0.011683,0.002119,-0.500767
3189,0.076177,-0.230343,9.908291,-1.130235,0.009077,-0.050957,-1.333353,-0.452211,-60.102776,0.865488,-0.012047,0.002411,-0.500778
3190,0.080402,-0.232127,9.908010,-0.675560,-0.016857,-0.041801,-1.367940,-0.451831,-60.104271,0.865478,-0.012307,0.002565,-0.500789
3191,0.080303,-0.228267,9.911132,-0.382549,-0.030611,-0.047906,-1.382576,-0.454522,-60.105770,0.865470,-0.012429,0.002609,-0.500800
3192,0.079860,-0.230142,9.910406,-0.335161,-0.036731,-0.038751,-1.386963,-0.457127,-60.107250,0.865463,-0.012474,0.002609,-0.500811
3193,0.076559,-0.243120,9.910978,-0.185592,-0.039776,-0.055536,-1.393077,-0.457868,-60.108810,0.865455,-0.012523,0.002630,-0.500823
3194,0.072569,-0.249132,9.910920,0.443035,-0.087036,-0.064691,-1.393655,-0.456042,-60.110737,0.865447,-0.012519,0.002647,-0.500838
3195,0.070329,-0.218330,9.911410,1.264053,-0.117481,-0.096733,-1.358817,-0.452909,-60.113392,0.865439,-0.012242,0.002518,-0.500858
3196,0.071492,-0.210835,9.914909,1.659496,-0.138769,-0.110467,-1.289637,-0.450549,-60.116886,0.865431,-0.011710,0.002234,-0.500886
3197,0.075168,-0.204331,9.919781,1.731422,-0.140248,-0.125727,-1.214323,-0.451057,-60.120876,0.865421,-0.011143,0.001901,-0.500917
3198,0.081843,-0.188697,9.923842,1.785025,-0.149408,-0.115047,-1.138089,-0.456332,-60.124916,0.865411,-0.010590,0.001529,-0.500949
3199,0.085794,-0.173708,9.926168,1.560931,-0.105206,-0.119627,-1.062753,-0.465163,-60.128902,0.865399,-0.010060,0.001133,-0.500981
3200,0.090217,-0.192690,9.929065,0.871285,-0.077817,-0.112001,-1.015699,-0.475342,-60.132771,0.865386,-0.009749,0.000851,-0.501011
3201,0.088979,-0.191539,9.930726,0.520206,-0.062636,-0.108949,-1.002848,-0.484741,-60.136318,0.865371,-0.009693,0.000724,-0.501038
3202,0.085720,-0.177430,9.926658,0.581152,-0.053521,-0.113526,-0.992742,-0.490330,-60.139935,0.865355,-0.009641,0.000638,-0.501066
3203,0.084562,-0.170594,9.925415,0.423971,-0.056578,-0.105897,-0.976940,-0.492803,-60.143555,0.865341,-0.009533,0.000550,-0.501093
3204,0.078931,-0.175153,9.921227,0.249993,-0.065702,-0.092162,-0.967661,-0.491948,-60.146805,0.865327,-0.009459,0.000516,-0.501118
3205,0.076907,-0.173234,9.918294,0.256041,-0.062579,-0.093686,-0.964259,-0.487778,-60.149822,0.865315,-0.009415,0.000533,-0.501141
3206,0.075882,-0.173395,9.914660,0.161374,-0.050291,-0.095210,-0.962574,-0.482430,-60.152889,0.865302,-0.009379,0.000567,-0.501163
3207,0.072543,-0.174507,9.914482,0.059068,-0.056300,-0.084527,-0.965135,-0.475810,-60.155804,0.865289,-0.009369,0.000628,-0.501185
3208,0.074121,-0.172522,9.911132,0.254321,-0.028742,-0.098258,-0.965730,-0.468979,-60.158775,0.865277,-0.009344,0.000682,-0.501207
3209,0.075499,-0.159925,9.911247,0.400818,-0.022571,-0.096731,-0.954095,-0.463889,-60.162018,0.865264,-0.009234,0.000670,-0.501232
3210,0.074768,-0.156466,9.908575,0.355116,-0.025570,-0.087576,-0.934668,-0.459927,-60.165127,0.865252,-0.009069,0.000615,-0.501255
3211,0.077380,-0.154092,9.908014,0.259060,-0.042318,-0.075368,-0.917429,-0.457792,-60.167885,0.865241,-0.008930,0.000556,-0.501276
3212,0.079776,-0.165894,9.911459,0.217862,-0.046888,-0.078420,-0.909296,-0.458628,-60.170422,0.865231,-0.008872,0.000515,-0.501295
3213,0.076407,-0.153814,9.917274,0.315504,-0.048403,-0.072315,-0.901943,-0.459209,-60.172894,0.865220,-0.008819,0.000478,-0.501314
3214,0.078670,-0.153418,9.917917,0.126319,-0.059065,-0.078419,-0.891826,-0.459385,-60.175396,0.865210,-0.008744,0.000433,-0.501333
3215,0.076775,-0.160169,9.923081,-0.020184,-0.066678,-0.066211,-0.891327,-0.459947,-60.177761,0.865200,-0.008742,0.000427,-0.501351
3216,0.078164,-0.155957,9.922374,0.094224,-0.062079,-0.075366,-0.893229,-0.460268,-60.180065,0.865190,-0.008758,0.000433,-0.501368
3217,0.082080,-0.150547,9.919781,0.002681,-0.065135,-0.066211,-0.890501,-0.462807,-60.182411,0.865180,-0.008749,0.000402,-0.501386
3218,0.083083,-0.159044,9.916686,-0.261308,-0.083472,-0.057056,-0.895139,-0.467633,-60.184425,0.865170,-0.008805,0.000386,-0.501401
3219,0.081900,-0.171269,9.919343,-0.298033,-0.092647,-0.060107,-0.913623,-0.472287,-60.186245,0.865160,-0.008965,0.000432,-0.501415
3220,0.084512,-0.168202,9.918057,-0.119625,-0.072828,-0.082996,-0.931966,-0.476673,-60.188499,0.865149,-0.009122,0.000479,-0.501432
3221,0.080456,-0.167364,9.915813,-0.063244,-0.060623,-0.076891,-0.941966,-0.479240,-60.191074,0.865136,-0.009209,0.000504,-0.501452
3222,0.078158,-0.165433,9.915285,-0.015980,-0.052961,-0.072312,-0.946934,-0.478209,-60.193493,0.865125,-0.009242,0.000533,-0.501470
3223,0.077280,-0.175834,9.911438,-0.046568,-0.051386,-0.066207,-0.954207,-0.475545,-60.195736,0.865115,-0.009285,0.000585,-0.501487
3224,0.074141,-0.164729,9.910391,-0.011529,-0.040638,-0.063154,-0.960219,-0.471225,-60.197826,0.865106,-0.009312,0.000645,-0.501502
3225,0.072625,-0.171134,9.913873,-0.246543,-0.054289,-0.040264,-0.966516,-0.465445,-60.199509,0.865099,-0.009334,0.000716,-0.501515
3226,0.073656,-0.192013,9.921170,-0.351975,-0.052687,-0.041787,-0.989303,-0.460371,-60.200733,0.865092,-0.009484,0.000854,-0.501524
3227,0.076388,-0.180333,9.919747,-0.190389,-0.041956,-0.057044,-1.012910,-0.457522,-60.202240,0.865083,-0.009649,0.000979,-0.501535
3228,0.075722,-0.161357,9.922462,-0.095756,-0.034293,-0.079933,-1.015480,-0.455864,-60.204521,0.865073,-0.009662,0.001003,-0.501552
3229,0.078455,-0.175280,9.921098,-0.010234,-0.029697,-0.082985,-1.010881,-0.455239,-60.207256,0.865062,-0.009624,0.000988,-0.501572
3230,0.079070,-0.166549,9.919764,0.488786,-0.014436,-0.096718,-0.998958,-0.455917,-60.210278,0.865049,-0.009537,0.000931,-0.501595
3231,0.073148,-0.143174,9.916710,0.913178,0.000850,-0.093667,-0.959007,-0.453801,-60.213577,0.865038,-0.009226,0.000772,-0.501620
3232,0.071996,-0.149460,9.919716,0.859993,-0.005195,-0.095194,-0.909360,-0.448573,-60.216885,0.865028,-0.008828,0.000594,-0.501645
3233,0.074376,-0.156861,9.919896,0.742580,-0.015828,-0.072305,-0.875186,-0.444688,-60.219730,0.865018,-0.008553,0.000474,-0.501667
3234,0.073482,-0.143964,9.919368,0.495419,-0.021899,-0.063150,-0.851002,-0.442399,-60.222004,0.865010,-0.008361,0.000386,-0.501684
3235,0.074158,-0.148611,9.918548,0.002576,-0.038656,-0.053993,-0.839966,-0.440860,-60.223957,0.865003,-0.008271,0.000349,-0.501699
3236,0.078569,-0.154353,9.917556,-0.295029,-0.052389,-0.041786,-0.849260,-0.442319,-60.225502,0.864995,-0.008347,0.000379,-0.501710
3237,0.074749,-0.147903,9.918436,-0.308810,-0.053917,-0.041786,-0.863571,-0.444292,-60.226833,0.864988,-0.008464,0.000427,-0.501721
3238,0.074109,-0.159974,9.924959,-0.243249,-0.052368,-0.038733,-0.877631,-0.444051,-60.228100,0.864982,-0.008569,0.000491,-0.501730
3239,0.074287,-0.161327,9.930751,0.196124,-0.035556,-0.044835,-0.886876,-0.443134,-60.229408,0.864975,-0.008635,0.000538,-0.501740
3240,0.071890,-0.142417,9.928735,0.708844,-0.018734,-0.055516,-0.870879,-0.440776,-60.231079,0.864969,-0.008504,0.000486,-0.501752
3241,0.075161,-0.135841,9.928177,0.704393,-0.029386,-0.063147,-0.835904,-0.438953,-60.233131,0.864963,-0.008232,0.000347,-0.501768
3242,0.076330,-0.142912,9.928937,0.629705,-0.027856,-0.038732,-0.806287,-0.439511,-60.234871,0.864957,-0.008011,0.000213,-0.501781
3243,0.074450,-0.123779,9.924038,0.500088,-0.035478,-0.040259,-0.779724,-0.439965,-60.236240,0.864953,-0.007812,0.000093,-0.501792
3244,0.074649,-0.128668,9.923329,-0.046086,-0.061403,-0.032630,-0.762507,-0.440192,-60.237499,0.864949,-0.007683,0.000016,-0.501801
3245,0.075570,-0.150652,9.922555,-0.400160,-0.081230,-0.035681,-0.775222,-0.441618,-60.238567,0.864943,-0.007785,0.000061,-0.501809
3246,0.071704,-0.149439,9.923446,-0.304189,-0.079677,-0.044835,-0.801567,-0.441952,-60.239765,0.864936,-0.007986,0.000174,-0.501818
3247,0.072930,-0.150932,9.922989,-0.211239,-0.078112,-0.060093,-0.821949,-0.440963,-60.241383,0.864928,-0.008135,0.000271,-0.501830
3248,0.074186,-0.154981,9.923021,0.038894,-0.062824,-0.067722,-0.835507,-0.440824,-60.243404,0.864918,-0.008237,0.000332,-0.501846
3249,0.072853,-0.156214,9.916735,0.304287,-0.047538,-0.078401,-0.840255,-0.440251,-60.245731,0.864908,-0.008270,0.000357,-0.501863
3250,0.070732,-0.143441,9.918353,0.400375,-0.044443,-0.081452,-0.832637,-0.437948,-60.248341,0.864897,-0.008203,0.000341,-0.501883
3251,0.068522,-0.141608,9.920237,0.350042,-0.038277,-0.084504,-0.818121,-0.433821,-60.251102,0.864886,-0.008075,0.000309,-0.501903
3252,0.062735,-0.135576,9.916502,0.246321,-0.035130,-0.089080,-0.804436,-0.426564,-60.253994,0.864875,-0.007940,0.000304,-0.501925
3253,0.060130,-0.137607,9.916219,0.040357,-0.044161,-0.093656,-0.796319,-0.416636,-60.257050,0.864862,-0.007835,0.000343,-0.501948
3254,0.059437,-0.134454,9.919693,-0.075590,-0.050138,-0.086026,-0.794697,-0.406809,-60.260036,0.864850,-0.007780,0.000411,-0.501970
3255,0.058145,-0.134722,9.918104,-0.299869,-0.063750,-0.078394,-0.798218,-0.397921,-60.262768,0.864838,-0.007768,0.000493,-0.501990
3256,0.062446,-0.139431,9.915301,-0.363951,-0.066712,-0.075341,-0.808587,-0.392027,-60.265312,0.864827,-0.007820,0.000584,-0.502009
3257,0.065493,-0.138067,9.918968,-0.275444,-0.068196,-0.067710,-0.818952,-0.390494,-60.267673,0.864816,-0.007891,0.000641,-0.502027
3258,0.073883,-0.138254,9.919242,-0.292203,-0.069741,-0.041770,-0.826035,-0.394503,-60.269466,0.864807,-0.007962,0.000642,-0.502041
3259,0.077731,-0.131309,9.919898,-0.224989,-0.071342,-0.023461,-0.828042,-0.403668,-60.270573,0.864802,-0.008018,0.000581,-0.502049
3260,0.081660,-0.133071,9.923589,-0.111963,-0.065340,0.007056,-0.824099,-0.415112,-60.270889,0.864800,-0.008038,0.000478,-0.502052
3261,0.084890,-0.143121,9.925599,-0.232463,-0.076141,0.077246,-0.825518,-0.428146,-60.269482,0.864805,-0.008106,0.000385,-0.502042
3262,0.087793,-0.154117,9.926280,-0.208104,-0.077795,0.155067,-0.837841,-0.442159,-60.265537,0.864821,-0.008260,0.000333,-0.502013
3263,0.082676,-0.152961,9.922448,0.116827,-0.064155,0.223733,-0.847611,-0.452960,-60.259117,0.864847,-0.008381,0.000294,-0.501965
3264,0.083958,-0.156444,9.920070,0.457024,-0.038270,0.325969,-0.845713,-0.459561,-60.249874,0.864888,-0.008396,0.000235,-0.501895
3265,0.085438,-0.145398,9.914527,0.777427,-0.016962,0.435836,-0.829019,-0.465247,-60.237137,0.864944,-0.008295,0.000118,-0.501799
3266,0.080394,-0.136300,9.914535,0.966681,-0.006309,0.626575,-0.796576,-0.467890,-60.219448,0.865024,-0.008062,-0.000045,-0.501666
3267,0.078830,-0.133437,9.912089,0.901121,-0.021557,1.117923,-0.760681,-0.466986,-60.190411,0.865154,-0.007787,-0.000197,-0.501447
3268,0.074662,-0.128848,9.914052,0.803497,-0.064244,2.201330,-0.729616,-0.464108,-60.135098,0.865398,-0.007539,-0.000315,-0.501029
3269,0.072713,-0.117022,9.912904,0.640281,-0.137421,4.101109,-0.701200,-0.460199,-60.030067,0.865859,-0.007307,-0.000416,-0.500235
3270,0.066149,-0.105833,9.916615,0.529007,-0.221246,6.757744,-0.672432,-0.454860,-59.849098,0.866650,-0.007066,-0.000513,-0.498867
3271,0.066269,-0.106177,9.916980,0.747338,-0.303521,9.415907,-0.642130,-0.449255,-59.579540,0.867823,-0.006811,-0.000618,-0.496826
3272,0.060230,-0.076044,9.915475,1.127469,-0.376642,11.828396,-0.597822,-0.445659,-59.225464,0.869357,-0.006457,-0.000803,-0.494142
3273,0.063048,-0.071108,9.914671,1.132290,-0.428409,13.581683,-0.541536,-0.444608,-58.802010,0.871180,-0.006022,-0.001060,-0.490926
3274,0.060203,-0.075223,9.916557,1.240815,-0.428298,13.860928,-0.489011,-0.444745,-58.344643,0.873135,-0.005618,-0.001309,-0.487444
3276,0.063597,-0.074252,9.912881,1.097482,-0.435819,14.282082,-0.444302,-0.445535,-57.875538,0.875125,-0.005274,-0.001527,-0.483865
3277,0.062099,-0.069050,9.911878,0.780155,-0.441820,14.701714,-0.410869,-0.447334,-57.392418,0.877159,-0.005020,-0.001703,-0.480171
3278,0.067825,-0.076730,9.913084,0.722178,-0.450887,15.136601,-0.389021,-0.450743,-56.895020,0.879236,-0.004859,-0.001841,-0.476359
3279,0.067578,-0.070084,9.915474,0.407806,-0.434030,15.714930,-0.376991,-0.455539,-56.380707,0.881365,-0.004778,-0.001950,-0.472408
3280,0.068045,-0.070994,9.917292,-0.167498,-0.482782,17.806971,-0.380212,-0.460215,-55.821903,0.883658,-0.004812,-0.001996,-0.468104
3281,0.063893,-0.075602,9.918794,-0.022591,-0.536094,19.941744,-0.393500,-0.464283,-55.192608,0.886215,-0.004920,-0.002000,-0.463245
3282,0.063853,-0.080380,9.917960,0.174173,-0.563445,21.339493,-0.403728,-0.467331,-54.504417,0.888980,-0.005000,-0.002012,-0.457914
3283,0.053643,-0.079119,9.926689,0.079489,-0.573968,21.798798,-0.412325,-0.466936,-53.785282,0.891836,-0.005052,-0.002007,-0.452327
3284,0.052916,-0.081902,9.930057,0.709626,-0.605812,22.013954,-0.411457,-0.463384,-53.054909,0.894701,-0.005019,-0.002014,-0.446633
3285,0.050213,-0.078223,9.930964,1.509147,-0.581188,20.950386,-0.385875,-0.459355,-52.338669,0.897476,-0.004790,-0.002113,-0.441032
3286,0.054701,-0.067645,9.933671,1.591520,-0.512323,18.579100,-0.341938,-0.455580,-51.679722,0.900000,-0.004418,-0.002278,-0.435863
3287,0.056943,-0.045565,9.939565,1.602249,-0.469427,16.978405,-0.289195,-0.453442,-51.087032,0.902244,-0.003983,-0.002482,-0.431201
3288,0.062702,-0.039795,9.933390,1.693891,-0.428091,16.426020,-0.230852,-0.453567,-50.530273,0.904330,-0.003511,-0.002720,-0.426811
3289,0.062337,-0.027258,9.929739,1.770271,-0.398982,16.313101,-0.169953,-0.455003,-49.984619,0.906354,-0.003022,-0.002972,-0.422498
3290,0.068880,-0.020580,9.918033,1.542985,-0.394310,16.546568,-0.112087,-0.458389,-49.436966,0.908364,-0.002561,-0.003225,-0.418160
3291,0.064947,-0.016099,9.920482,0.865518,-0.362177,16.769352,-0.072465,-0.462193,-48.881710,0.910380,-0.002245,-0.003410,-0.413753
3292,0.060869,-0.003288,9.916281,0.088867,-0.340693,17.004345,-0.057013,-0.462338,-48.318825,0.912402,-0.002105,-0.003478,-0.409275
3293,0.064157,-0.019086,9.911436,-0.425370,-0.345145,17.712374,-0.067275,-0.461753,-47.740196,0.914457,-0.002167,-0.003447,-0.404663
3294,0.060026,-0.026940,9.914753,-1.119755,-0.364853,18.640139,-0.105880,-0.461028,-47.134243,0.916583,-0.002455,-0.003318,-0.399823
3295,0.049531,-0.029419,9.921920,-1.064916,-0.392139,20.054670,-0.156021,-0.455831,-46.489246,0.918818,-0.002821,-0.003118,-0.394659
3296,0.057682,-0.047989,9.923556,-0.863609,-0.452990,22.013962,-0.204113,-0.450972,-45.787994,0.921215,-0.003172,-0.002933,-0.389030
3297,0.060466,-0.074072,9.930778,-0.666981,-0.501678,23.343044,-0.254952,-0.451210,-45.031841,0.923760,-0.003563,-0.002785,-0.382944
3298,0.060148,-0.065197,9.935933,-0.708396,-0.551905,24.048025,-0.303479,-0.453300,-44.241795,0.926377,-0.003943,-0.002667,-0.376568
3299,0.065026,-0.065723,9.930600,-0.583392,-0.570102,24.154840,-0.342459,-0.457225,-43.438263,0.928993,-0.004253,-0.002601,-0.370063
3300,0.065587,-0.074189,9.933281,-0.913093,-0.571530,23.370518,-0.382829,-0.462419,-42.646023,0.931528,-0.004579,-0.002544,-0.363633
3301,0.052391,-0.074377,9.925692,-0.722435,-0.571381,21.904102,-0.423602,-0.462694,-41.891293,0.933901,-0.004896,-0.002449,-0.357491
3302,0.049416,-0.077161,9.918414,-0.424921,-0.566592,21.028223,-0.452315,-0.457234,-41.175617,0.936114,-0.005098,-0.002347,-0.351652
3303,0.039172,-0.077676,9.922809,-0.110593,-0.573967,20.834436,-0.467778,-0.447693,-40.477791,0.938238,-0.005182,-0.002253,-0.345945
3304,0.042121,-0.075516,9.924062,0.505903,-0.630153,21.601976,-0.464642,-0.437525,-39.770397,0.940356,-0.005112,-0.002211,-0.340146
3305,0.042725,-0.064699,9.921396,1.160603,-0.657373,22.386305,-0.435525,-0.431024,-39.037170,0.942515,-0.004839,-0.002275,-0.334121
3306,0.055643,-0.070047,9.920197,1.352945,-0.611408,22.024660,-0.392339,-0.429965,-38.296894,0.944655,-0.004465,-0.002421,-0.328025
3307,0.053977,-0.059624,9.917372,1.157675,-0.553280,20.794765,-0.351443,-0.431932,-37.583160,0.946682,-0.004118,-0.002580,-0.322134
3308,0.061548,-0.080238,9.911170,0.599147,-0.467707,18.782070,-0.330775,-0.434090,-36.923435,0.948521,-0.003938,-0.002679,-0.316678
3309,0.056340,-0.105914,9.915233,-0.284610,-0.357724,15.861452,-0.352052,-0.433969,-36.345810,0.950105,-0.004100,-0.002640,-0.311893
3310,0.057698,-0.120760,9.918787,-0.713787,-0.293505,13.418448,-0.407614,-0.429753,-35.857487,0.951423,-0.004539,-0.002473,-0.307843
3311,0.045646,-0.108763,9.919866,-0.521875,-0.308598,12.736365,-0.463285,-0.421434,-35.421284,0.952586,-0.004970,-0.002273,-0.304220
3312,0.042521,-0.106390,9.918117,-0.081114,-0.343480,13.287227,-0.497390,-0.409448,-34.987331,0.953730,-0.005214,-0.002103,-0.300610
3313,0.044856,-0.100074,9.916216,0.562682,-0.364639,14.211941,-0.505654,-0.398918,-34.528835,0.954926,-0.005247,-0.002015,-0.296792
3314,0.037276,-0.086739,9.913276,0.912071,-0.387320,15.483037,-0.488782,-0.388411,-34.033794,0.956200,-0.005071,-0.001993,-0.292663
3315,0.041437,-0.083985,9.912983,0.666402,-0.422208,17.346195,-0.465702,-0.378669,-33.486546,0.957588,-0.004844,-0.001994,-0.288093
3316,0.046267,-0.073969,9.917506,0.239168,-0.464771,19.307011,-0.452280,-0.373902,-32.875568,0.959111,-0.004709,-0.002013,-0.282983
3317,0.057463,-0.074993,9.923616,0.135441,-0.508927,20.774952,-0.447174,-0.376234,-32.207455,0.960745,-0.004660,-0.002072,-0.277386
3318,0.058063,-0.079259,9.927855,-0.047664,-0.530238,21.298342,-0.449863,-0.383369,-31.506134,0.962424,-0.004687,-0.002154,-0.271501
3319,0.066940,-0.081289,9.929467,0.048451,-0.533266,21.255619,-0.456313,-0.393317,-30.796789,0.964086,-0.004750,-0.002252,-0.265539
3320,0.064843,-0.085172,9.929076,0.216268,-0.528678,20.642199,-0.459829,-0.404520,-30.098362,0.965686,-0.004792,-0.002367,-0.259658
3321,0.053166,-0.106293,9.919634,0.371795,-0.490457,19.473339,-0.465421,-0.409553,-29.429585,0.967184,-0.004836,-0.002425,-0.254018
3322,0.046893,-0.104428,9.920601,0.132042,-0.462843,18.745476,-0.477961,-0.406899,-28.792385,0.968581,-0.004923,-0.002402,-0.248636
3323,0.041303,-0.091493,9.921554,0.012902,-0.451970,18.173254,-0.490448,-0.399660,-28.176903,0.969903,-0.005000,-0.002341,-0.243430
3324,0.039233,-0.086200,9.918490,-0.222126,-0.445653,18.040503,-0.501346,-0.390199,-27.573223,0.971172,-0.005060,-0.002264,-0.238317
3325,0.037296,-0.077963,9.920124,-0.359432,-0.440857,17.904697,-0.512614,-0.380103,-26.974052,0.972404,-0.005124,-0.002182,-0.233236
3326,0.047145,-0.074145,9.923427,-0.347140,-0.443732,17.852816,-0.520683,-0.373573,-26.378042,0.973604,-0.005168,-0.002137,-0.228175
3327,0.049703,-0.079838,9.917703,-0.151731,-0.443611,17.497276,-0.524743,-0.372060,-25.788822,0.974764,-0.005188,-0.002143,-0.223166
3328,0.051885,-0.077727,9.913881,-0.023469,-0.455720,17.784151,-0.523895,-0.372747,-25.200739,0.975897,-0.005171,-0.002177,-0.218161
3329,0.043968,-0.086256,9.914240,-0.044769,-0.470859,17.987099,-0.523231,-0.372013,-24.604479,0.977019,-0.005153,-0.002199,-0.213080
3330,0.043405,-0.094895,9.911839,0.034579,-0.487495,18.582212,-0.527329,-0.368901,-23.994875,0.978138,-0.005170,-0.002192,-0.207879
3331,0.040792,-0.099233,9.914454,0.162712,-0.527010,19.667147,-0.532145,-0.365607,-23.357235,0.979280,-0.005193,-0.002184,-0.202433
3332,0.034743,-0.094929,9.914092,0.274066,-0.561920,20.987074,-0.532681,-0.360699,-22.679516,0.980460,-0.005177,-0.002172,-0.196638
3333,0.034904,-0.089571,9.914324,0.281694,-0.595288,22.026230,-0.527973,-0.355145,-21.962500,0.981672,-0.005113,-0.002165,-0.190499
3334,0.040357,-0.084005,9.913084,0.409908,-0.604268,22.758677,-0.517825,-0.352529,-21.215963,0.982892,-0.005008,-0.002192,-0.184099
3335,0.040890,-0.065816,9.916547,0.481738,-0.593438,22.644232,-0.497502,-0.352399,-20.459185,0.984088,-0.004819,-0.002255,-0.177604
3336,0.043795,-0.054562,9.920308,0.367494,-0.576518,22.242912,-0.469962,-0.353468,-19.711050,0.985227,-0.004569,-0.002337,-0.171175
3337,0.044952,-0.079775,9.923039,0.202814,-0.558085,22.084217,-0.454247,-0.355544,-18.972218,0.986311,-0.004421,-0.002407,-0.164819
3338,0.042957,-0.095785,9.919065,0.228699,-0.556433,22.351255,-0.456705,-0.356866,-18.231487,0.987356,-0.004429,-0.002443,-0.158440
3339,0.043794,-0.097964,9.921374,0.254510,-0.553249,22.435184,-0.465004,-0.357447,-17.484873,0.988367,-0.004485,-0.002466,-0.152003
3340,0.039634,-0.124935,9.920398,0.159674,-0.548527,22.331423,-0.483313,-0.356555,-16.738531,0.989335,-0.004626,-0.002464,-0.145563
3341,0.037173,-0.143041,9.917503,0.099788,-0.560565,22.751059,-0.517362,-0.353237,-15.986839,0.990267,-0.004900,-0.002425,-0.139071
3342,0.036141,-0.129559,9.917693,0.149785,-0.574119,23.002838,-0.550166,-0.348922,-15.223961,0.991170,-0.005162,-0.002382,-0.132476
3343,0.031622,-0.136135,9.921723,0.131181,-0.564770,22.828886,-0.576365,-0.342936,-14.459818,0.992030,-0.005366,-0.002336,-0.125864
3344,0.025812,-0.126336,9.924367,0.204183,-0.581330,23.018105,-0.597160,-0.333945,-13.695446,0.992847,-0.005521,-0.002272,-0.119244
3345,0.026851,-0.101849,9.928185,0.190360,-0.600933,23.617796,-0.603122,-0.324551,-12.917996,0.993633,-0.005548,-0.002222,-0.112505
3346,0.028220,-0.095548,9.926749,0.185820,-0.600720,23.350761,-0.597808,-0.317241,-12.135068,0.994379,-0.005480,-0.002201,-0.105713
3347,0.026144,-0.089559,9.923444,0.285089,-0.583730,22.519135,-0.586706,-0.310638,-11.370471,0.995063,-0.005363,-0.002190,-0.099075
3348,0.021478,-0.063240,9.921972,0.534003,-0.562147,21.215994,-0.559954,-0.302602,-10.641508,0.995675,-0.005110,-0.002176,-0.092743
3349,0.025514,-0.062162,9.915174,0.779941,-0.531415,19.972366,-0.517880,-0.295187,-9.955029,0.996214,-0.004726,-0.002174,-0.086775
3350,0.021093,-0.066588,9.910043,0.948001,-0.499165,18.737892,-0.473604,-0.288321,-9.309834,0.996689,-0.004324,-0.002172,-0.081164
3351,0.017464,-0.065600,9.911421,1.013758,-0.471474,18.475435,-0.431192,-0.279318,-8.689565,0.997115,-0.003937,-0.002145,-0.075766
3352,0.018493,-0.068099,9.917471,0.615574,-0.469723,18.547155,-0.399559,-0.270288,-8.072461,0.997510,-0.003644,-0.002107,-0.070395
3353,0.028833,-0.079303,9.918046,0.108953,-0.469550,18.760786,-0.391567,-0.266086,-7.450570,0.997878,-0.003561,-0.002095,-0.064980
3354,0.029938,-0.091605,9.920023,-0.518324,-0.478582,19.047661,-0.412357,-0.266353,-6.820297,0.998220,-0.003730,-0.002106,-0.059491
3355,0.035076,-0.088841,9.918422,-0.918265,-0.505951,19.699234,-0.452726,-0.269019,-6.174367,0.998538,-0.004071,-0.002131,-0.053864
3356,0.036555,-0.093109,9.919785,-1.318173,-0.548601,20.123444,-0.503607,-0.274203,-5.510504,0.998831,-0.004505,-0.002179,-0.048080
3357,0.033579,-0.117507,9.917256,-1.181003,-0.577507,20.465250,-0.563169,-0.278889,-4.833836,0.999095,-0.005013,-0.002224,-0.042182
3358,0.029652,-0.143777,9.916041,-0.827264,-0.591123,20.501875,-0.624877,-0.280716,-4.150793,0.999326,-0.005538,-0.002251,-0.036227
3359,0.027753,-0.137060,9.916473,-0.368233,-0.575721,19.963224,-0.672537,-0.279706,-3.476108,0.999519,-0.005940,-0.002262,-0.030344
3360,0.028662,-0.150543,9.916521,-0.130416,-0.542004,18.621941,-0.704458,-0.277453,-2.832769,0.999672,-0.006205,-0.002268,-0.024732
3361,0.029470,-0.159123,9.918845,0.195874,-0.464044,16.224714,-0.729330,-0.274505,-2.251733,0.999784,-0.006410,-0.002270,-0.019664
3362,0.034528,-0.152970,9.919525,0.529822,-0.366270,12.979074,-0.740300,-0.271851,-1.764775,0.999857,-0.006496,-0.002273,-0.015415
3363,0.033067,-0.126344,9.919919,0.770830,-0.291386,9.824988,-0.728290,-0.267668,-1.384563,0.999904,-0.006383,-0.002259,-0.012097
3364,0.033769,-0.115630,9.918943,0.720534,-0.233273,6.693790,-0.699377,-0.261495,-1.109182,0.999932,-0.006125,-0.002223,-0.009693
3365,0.031324,-0.105309,9.920442,0.490246,-0.164478,4.005110,-0.668631,-0.254514,-0.930846,0.999947,-0.005853,-0.002174,-0.008136
3366,0.029007,-0.093024,9.919407,0.169986,-0.124664,1.972579,-0.641371,-0.245632,-0.831238,0.999956,-0.005612,-0.002103,-0.007266
3367,0.028700,-0.080051,9.911177,-0.203607,-0.112318,0.657232,-0.618869,-0.236600,-0.787462,0.999960,-0.005415,-0.002028,-0.006883
3368,0.031905,-0.083674,9.917027,-0.700797,-0.104578,-0.017227,-0.610430,-0.230202,-0.776854,0.999961,-0.005340,-0.001973,-0.006790
3369,0.031650,-0.109389,9.918408,-0.967739,-0.101443,-0.229330,-0.629673,-0.226206,-0.780962,0.999960,-0.005508,-0.001936,-0.006826
3370,0.030174,-0.123501,9.918174,-0.651959,-0.099835,-0.265951,-0.664525,-0.222207,-0.789151,0.999958,-0.005812,-0.001899,-0.006898
3371,0.034226,-0.120870,9.917276,-0.148501,-0.092142,-0.241535,-0.686645,-0.219776,-0.797539,0.999956,-0.006005,-0.001876,-0.006971
3372,0.033365,-0.128851,9.926800,0.333615,-0.079891,-0.252216,-0.690336,-0.218864,-0.805708,0.999955,-0.006038,-0.001868,-0.007042
3373,0.028071,-0.123163,9.922472,1.197224,-0.102710,-0.305622,-0.670624,-0.215717,-0.814946,0.999956,-0.005865,-0.001841,-0.007123
3374,0.028163,-0.087893,9.923115,1.954202,-0.125507,-0.383444,-0.607383,-0.211406,-0.826421,0.999958,-0.005314,-0.001807,-0.007221
3375,0.029094,-0.066535,9.929227,2.033872,-0.148316,-0.470422,-0.511868,-0.208860,-0.840704,0.999961,-0.004480,-0.001790,-0.007345
3376,0.022363,-0.049431,9.930390,1.878603,-0.151265,-0.552822,-0.412840,-0.204738,-0.857827,0.999964,-0.003616,-0.001760,-0.007492
3377,0.024549,-0.044144,9.931623,1.262450,-0.137413,-0.554348,-0.331561,-0.198949,-0.876336,0.999965,-0.002907,-0.001714,-0.007652
3379,0.027912,-0.051596,9.938691,0.257025,-0.096129,-0.490259,-0.291755,-0.195351,-0.893766,0.999965,-0.002559,-0.001685,-0.007804
3380,0.028415,-0.091013,9.942527,-0.458800,-0.054871,-0.403280,-0.309962,-0.192723,-0.908594,0.999964,-0.002718,-0.001660,-0.007933
3381,0.031200,-0.086467,9.935940,-0.442366,-0.027366,-0.348346,-0.356541,-0.190837,-0.921008,0.999961,-0.003125,-0.001640,-0.008042
3382,0.035861,-0.108044,9.933062,-0.433590,-0.028895,-0.304093,-0.405250,-0.192086,-0.931762,0.999959,-0.003550,-0.001647,-0.008137
3383,0.035303,-0.090044,9.929033,0.139840,-0.053333,-0.272048,-0.438688,-0.195600,-0.941258,0.999957,-0.003842,-0.001675,-0.008220
3384,0.035755,-0.084127,9.925051,0.316714,-0.059456,-0.244581,-0.443146,-0.199227,-0.949813,0.999957,-0.003881,-0.001706,-0.008295
3385,0.030849,-0.059951,9.917193,0.277080,-0.068602,-0.233899,-0.429484,-0.200656,-0.957784,0.999957,-0.003762,-0.001720,-0.008365
3386,0.029674,-0.064146,9.919713,0.059003,-0.070086,-0.183544,-0.412175,-0.199248,-0.964764,0.999957,-0.003611,-0.001708,-0.008425
3387,0.031166,-0.042355,9.919569,-0.059830,-0.054787,-0.139293,-0.395182,-0.197730,-0.970188,0.999957,-0.003463,-0.001696,-0.008472
3388,0.025999,-0.049440,9.919009,-0.587569,-0.033368,-0.128612,-0.385171,-0.194221,-0.974714,0.999957,-0.003376,-0.001666,-0.008512
3389,0.024703,-0.030635,9.915567,-0.726164,-0.042441,-0.105723,-0.383222,-0.188083,-0.978692,0.999957,-0.003358,-0.001613,-0.008546
3390,0.031409,-0.045473,9.922472,-0.925786,-0.036289,-0.069102,-0.386086,-0.185050,-0.981679,0.999956,-0.003383,-0.001586,-0.008572
3391,0.033578,-0.061851,9.921103,-1.003484,-0.046972,-0.053842,-0.407018,-0.186613,-0.983756,0.999956,-0.003566,-0.001598,-0.008591
3392,0.032081,-0.083177,9.921126,-0.902810,-0.069867,-0.050791,-0.442117,-0.189137,-0.985474,0.999954,-0.003872,-0.001617,-0.008606
3393,0.031255,-0.095972,9.924516,-0.486387,-0.085118,-0.030954,-0.479160,-0.190977,-0.986770,0.999953,-0.004196,-0.001631,-0.008618
3394,0.030957,-0.140971,9.931243,-0.526432,-0.069841,-0.035529,-0.529487,-0.191987,-0.987745,0.999951,-0.004635,-0.001635,-0.008627
3395,0.029832,-0.135537,9.929041,-0.348388,-0.062185,-0.050787,-0.588062,-0.191782,-0.989017,0.999948,-0.005146,-0.001629,-0.008639
3396,0.026363,-0.134798,9.927771,-0.304505,-0.057558,-0.061467,-0.632120,-0.189335,-0.990759,0.999946,-0.005530,-0.001604,-0.008655
3397,0.025921,-0.142221,9.932600,-0.399427,-0.034603,-0.062991,-0.672200,-0.184934,-0.992725,0.999944,-0.005880,-0.001563,-0.008672
3398,0.032214,-0.122481,9.925559,-0.549154,-0.016259,-0.069093,-0.704729,-0.182897,-0.994864,0.999942,-0.006163,-0.001543,-0.008691
3399,0.031815,-0.105767,9.920090,-0.266809,-0.013209,-0.073671,-0.713889,-0.183556,-0.997251,0.999941,-0.006244,-0.001548,-0.008712
3400,0.028991,-0.107580,9.918114,-0.129319,-0.017774,-0.066043,-0.706511,-0.182958,-0.999618,0.999942,-0.006179,-0.001543,-0.008733
3401,0.028413,-0.112918,9.921972,-0.091050,-0.005537,-0.064517,-0.699159,-0.180750,-1.001824,0.999942,-0.006115,-0.001524,-0.008752
3402,0.029731,-0.104340,9.913421,-0.032938,-0.017722,-0.064517,-0.689922,-0.179077,-1.004005,0.999942,-0.006034,-0.001510,-0.008771
3403,0.027389,-0.117356,9.922566,-0.054212,-0.016171,-0.078250,-0.683234,-0.177431,-1.006403,0.999942,-0.005976,-0.001496,-0.008791
3404,0.032218,-0.118553,9.921331,-0.072514,-0.022264,-0.084354,-0.684518,-0.177179,-1.009108,0.999942,-0.005987,-0.001493,-0.008815
3405,0.033253,-0.119783,9.925691,-0.092357,-0.022283,-0.091984,-0.687877,-0.179710,-1.012036,0.999942,-0.006016,-0.001515,-0.008841
3406,0.032133,-0.120305,9.920610,-0.093895,-0.031457,-0.104191,-0.692006,-0.182191,-1.015291,0.999941,-0.006053,-0.001536,-0.008869
3407,0.030303,-0.121017,9.923593,-0.092380,-0.034507,-0.102665,-0.696118,-0.183228,-1.018722,0.999941,-0.006089,-0.001545,-0.008899
3408,0.028787,-0.122569,9.922122,-0.067981,-0.046694,-0.085880,-0.700153,-0.182801,-1.021843,0.999940,-0.006124,-0.001541,-0.008927
3409,0.024439,-0.122520,9.924453,-0.057315,-0.048171,-0.076724,-0.703640,-0.180010,-1.024530,0.999940,-0.006154,-0.001516,-0.008950
3410,0.022388,-0.119895,9.922723,-0.054260,-0.058776,-0.079775,-0.705175,-0.174889,-1.027117,0.999940,-0.006167,-0.001471,-0.008972
3411,0.025928,-0.118760,9.925556,-0.061864,-0.058713,-0.069093,-0.704775,-0.171180,-1.029581,0.999940,-0.006163,-0.001438,-0.008994
3412,0.026517,-0.119091,9.926652,-0.057254,-0.051047,-0.062988,-0.703972,-0.169783,-1.031768,0.999939,-0.006156,-0.001426,-0.009013
3413,0.026248,-0.122607,9.923763,-0.074029,-0.049490,-0.066040,-0.705138,-0.168756,-1.033901,0.999939,-0.006166,-0.001417,-0.009031
3414,0.028984,-0.120580,9.923206,-0.070973,-0.051000,-0.069091,-0.707167,-0.168984,-1.036133,0.999939,-0.006184,-0.001419,-0.009051
3415,0.031634,-0.121808,9.923498,-0.060281,-0.047958,-0.062988,-0.708383,-0.171577,-1.038317,0.999939,-0.006195,-0.001441,-0.009070
3416,0.028250,-0.119547,9.923190,-0.049580,-0.047962,-0.050780,-0.708553,-0.173587,-1.040198,0.999938,-0.006197,-0.001459,-0.009086
3417,0.029521,-0.116032,9.923084,-0.046482,-0.049479,-0.062988,-0.705890,-0.174363,-1.042087,0.999938,-0.006174,-0.001465,-0.009103
3418,0.032852,-0.115494,9.924348,-0.026580,-0.055593,-0.056885,-0.701270,-0.177049,-1.044081,0.999939,-0.006134,-0.001489,-0.009120
3419,0.031394,-0.114472,9.924681,-0.021936,-0.051031,-0.059937,-0.696103,-0.180310,-1.046025,0.999939,-0.006089,-0.001518,-0.009138
3420,0.031481,-0.118558,9.922643,-0.024944,-0.041880,-0.052308,-0.692979,-0.182303,-1.047889,0.999939,-0.006062,-0.001535,-0.009154
3421,0.033635,-0.119093,9.923407,-0.023404,-0.043417,-0.072146,-0.692507,-0.184750,-1.049950,0.999938,-0.006058,-0.001557,-0.009172
3422,0.033508,-0.127704,9.924026,-0.021911,-0.055642,-0.082827,-0.696205,-0.187975,-1.052503,0.999938,-0.006090,-0.001584,-0.009194
3423,0.032323,-0.129235,9.924611,-0.034198,-0.051070,-0.096559,-0.704225,-0.190338,-1.055447,0.999937,-0.006161,-0.001604,-0.009220
3424,0.033590,-0.133521,9.924042,-0.038872,-0.061753,-0.102663,-0.714165,-0.192423,-1.058715,0.999936,-0.006247,-0.001622,-0.009249
3425,0.031610,-0.127634,9.922546,-0.038947,-0.063274,-0.117922,-0.722154,-0.194078,-1.062343,0.999936,-0.006317,-0.001635,-0.009281
3426,0.029110,-0.119194,9.921397,-0.038937,-0.061718,-0.105714,-0.722610,-0.193515,-1.066047,0.999935,-0.006321,-0.001630,-0.009313
3427,0.030730,-0.114742,9.921055,-0.034282,-0.058632,-0.095032,-0.716782,-0.192410,-1.069391,0.999935,-0.006270,-0.001621,-0.009342
3428,0.031186,-0.112296,9.920214,-0.025019,-0.060134,-0.095032,-0.708144,-0.192302,-1.072566,0.999936,-0.006195,-0.001620,-0.009370
3429,0.029890,-0.110366,9.916692,-0.020326,-0.052478,-0.093506,-0.698484,-0.191823,-1.075719,0.999936,-0.006111,-0.001617,-0.009397
3430,0.032466,-0.115547,9.917714,-0.032449,-0.058562,-0.087403,-0.691742,-0.191918,-1.078737,0.999936,-0.006052,-0.001618,-0.009424
3431,0.039994,-0.117357,9.921229,-0.027834,-0.057065,-0.095034,-0.689360,-0.196489,-1.081765,0.999936,-0.006032,-0.001658,-0.009450
3432,0.035332,-0.114678,9.917644,-0.029325,-0.049473,-0.093507,-0.687234,-0.201800,-1.084897,0.999936,-0.006014,-0.001704,-0.009478
3433,0.031437,-0.111024,9.918167,-0.026213,-0.043359,-0.095034,-0.682691,-0.202441,-1.088040,0.999936,-0.005974,-0.001710,-0.009505
3434,0.034141,-0.106035,9.925435,-0.030693,-0.032657,-0.091982,-0.674891,-0.201826,-1.091172,0.999936,-0.005906,-0.001705,-0.009532
3435,0.026740,-0.101047,9.926735,-0.021403,-0.034139,-0.082826,-0.663577,-0.199009,-1.094115,0.999936,-0.005807,-0.001681,-0.009558
3436,0.019899,-0.106663,9.924455,-0.012130,-0.026399,-0.085878,-0.653664,-0.190178,-1.096950,0.999936,-0.005720,-0.001605,-0.009582
3437,0.025266,-0.111749,9.931553,-0.010557,-0.017136,-0.081298,-0.649772,-0.181293,-1.099741,0.999937,-0.005685,-0.001528,-0.009606
3438,0.025432,-0.112809,9.929269,-0.033441,-0.021648,-0.081298,-0.649908,-0.176047,-1.102445,0.999936,-0.005686,-0.001482,-0.009629
3439,0.022190,-0.116162,9.924518,-0.024303,-0.026157,-0.073667,-0.652500,-0.170685,-1.105014,0.999936,-0.005708,-0.001435,-0.009651
3440,0.031139,-0.119845,9.922641,-0.016723,-0.006288,-0.079771,-0.657688,-0.168342,-1.107552,0.999936,-0.005753,-0.001413,-0.009673
3441,0.033916,-0.120611,9.921969,-0.038151,-0.010896,-0.081297,-0.664463,-0.171404,-1.110215,0.999935,-0.005813,-0.001440,-0.009697
3442,0.027857,-0.121792,9.919332,-0.033640,-0.027695,-0.084349,-0.671483,-0.173354,-1.112951,0.999934,-0.005874,-0.001456,-0.009721
3443,0.031199,-0.128253,9.918323,-0.024574,-0.024640,-0.075192,-0.680572,-0.173984,-1.115575,0.999934,-0.005954,-0.001460,-0.009744
3444,0.034044,-0.130379,9.922717,-0.010958,-0.032295,-0.081297,-0.691775,-0.177171,-1.118139,0.999933,-0.006052,-0.001487,-0.009767
3445,0.028184,-0.127896,9.927787,-0.003427,-0.047561,-0.084348,-0.700896,-0.179139,-1.120856,0.999932,-0.006131,-0.001503,-0.009791
3446,0.025915,-0.125863,9.925090,0.016350,-0.053628,-0.072140,-0.706069,-0.177552,-1.123427,0.999932,-0.006176,-0.001489,-0.009813
3447,0.031841,-0.114910,9.927462,0.020943,-0.050557,-0.066036,-0.704146,-0.177566,-1.125712,0.999932,-0.006160,-0.001489,-0.009833
3448,0.028017,-0.115335,9.927032,0.024063,-0.055127,-0.069089,-0.697284,-0.178629,-1.127962,0.999932,-0.006100,-0.001499,-0.009852
3449,0.025701,-0.107501,9.921910,0.011951,-0.056614,-0.062984,-0.688051,-0.177061,-1.130167,0.999932,-0.006019,-0.001486,-0.009871
3450,0.032895,-0.105862,9.920109,0.010552,-0.058126,-0.062985,-0.676181,-0.177700,-1.132279,0.999933,-0.005916,-0.001492,-0.009890
3451,0.033271,-0.104880,9.926500,0.018305,-0.062725,-0.078244,-0.664632,-0.181786,-1.134643,0.999933,-0.005815,-0.001529,-0.009910
3452,0.028893,-0.112678,9.921740,0.024480,-0.059674,-0.085875,-0.657550,-0.183811,-1.137375,0.999933,-0.005754,-0.001547,-0.009934
3453,0.033781,-0.109914,9.920858,0.027562,-0.061196,-0.079771,-0.653917,-0.185581,-1.140121,0.999933,-0.005722,-0.001563,-0.009958
3454,0.032561,-0.111083,9.923491,0.010806,-0.058156,-0.085875,-0.650615,-0.188627,-1.142867,0.999933,-0.005694,-0.001589,-0.009982
3455,0.029201,-0.123282,9.918999,0.004662,-0.056616,-0.075192,-0.654016,-0.189254,-1.145518,0.999932,-0.005724,-0.001594,-0.010006
3456,0.036069,-0.121088,9.914298,-0.003057,-0.055089,-0.075192,-0.662021,-0.191085,-1.147976,0.999932,-0.005794,-0.001610,-0.010027
3457,0.037706,-0.120112,9.916253,-0.001596,-0.059705,-0.066037,-0.667916,-0.196471,-1.150288,0.999931,-0.005846,-0.001656,-0.010048
3458,0.036136,-0.120945,9.917913,-0.007752,-0.056686,-0.069090,-0.672767,-0.201364,-1.152501,0.999931,-0.005888,-0.001698,-0.010067
3459,0.040338,-0.126128,9.914145,-0.000194,-0.039937,-0.066038,-0.679406,-0.206302,-1.154711,0.999930,-0.005947,-0.001740,-0.010087
3460,0.034572,-0.117274,9.914623,-0.010921,-0.049114,-0.090452,-0.683661,-0.209708,-1.157287,0.999929,-0.005984,-0.001770,-0.010110
3461,0.022412,-0.124588,9.917192,-0.018579,-0.036834,-0.079770,-0.686721,-0.204667,-1.160097,0.999929,-0.006010,-0.001725,-0.010134
3462,0.024443,-0.123621,9.916744,-0.044573,-0.027559,-0.079768,-0.692533,-0.194995,-1.162727,0.999929,-0.006060,-0.001640,-0.010157
3463,0.027063,-0.120558,9.914856,-0.035444,-0.027473,-0.081293,-0.696227,-0.188290,-1.165393,0.999928,-0.006092,-0.001581,-0.010180
3464,0.027385,-0.127989,9.916446,-0.026328,-0.048779,-0.076714,-0.700799,-0.184440,-1.167999,0.999928,-0.006132,-0.001547,-0.010202
3465,0.035921,-0.134543,9.921315,-0.014220,-0.038092,-0.064507,-0.710420,-0.185385,-1.170306,0.999927,-0.006216,-0.001554,-0.010222
3466,0.044211,-0.130927,9.916276,-0.012796,-0.045799,-0.062981,-0.720026,-0.193787,-1.172383,0.999926,-0.006300,-0.001627,-0.010241
3467,0.045975,-0.138968,9.926810,-0.008325,-0.048969,-0.069087,-0.729974,-0.206013,-1.174530,0.999925,-0.006388,-0.001732,-0.010261
3468,0.043596,-0.135843,9.930857,-0.009964,-0.039910,-0.078242,-0.740450,-0.216303,-1.176929,0.999924,-0.006481,-0.001821,-0.010282
3469,0.042623,-0.126665,9.931179,-0.017630,-0.023188,-0.079769,-0.744200,-0.223019,-1.179536,0.999924,-0.006514,-0.001879,-0.010306
3470,0.035132,-0.119613,9.928255,-0.019102,-0.021670,-0.087399,-0.740026,-0.224499,-1.182331,0.999924,-0.006478,-0.001892,-0.010330
3471,0.031371,-0.124344,9.927716,-0.020565,-0.026195,-0.091977,-0.734946,-0.220554,-1.185332,0.999924,-0.006433,-0.001858,-0.010356
3472,0.025361,-0.118498,9.914459,-0.005245,-0.035253,-0.090450,-0.729919,-0.212807,-1.188380,0.999924,-0.006389,-0.001791,-0.010382
3473,0.026359,-0.119076,9.912310,-0.017376,-0.044296,-0.073664,-0.723398,-0.204083,-1.191123,0.999924,-0.006331,-0.001715,-0.010405
3474,0.022534,-0.121927,9.914416,-0.017326,-0.065547,-0.079766,-0.719432,-0.195871,-1.193673,0.999924,-0.006296,-0.001644,-0.010427
3475,0.026617,-0.118849,9.910748,-0.006602,-0.073080,-0.066031,-0.715984,-0.189522,-1.196087,0.999925,-0.006265,-0.001589,-0.010448
3476,0.026828,-0.118368,9.912316,-0.005022,-0.069965,-0.062979,-0.711356,-0.186197,-1.198223,0.999925,-0.006224,-0.001560,-0.010466
3477,0.023768,-0.119205,9.917685,-0.011080,-0.054636,-0.064504,-0.707526,-0.182048,-1.200335,0.999925,-0.006191,-0.001524,-0.010484
3478,0.025535,-0.127883,9.920026,0.010275,-0.045411,-0.058399,-0.708158,-0.177481,-1.202360,0.999925,-0.006196,-0.001484,-0.010502
3479,0.029861,-0.125726,9.917088,0.014812,-0.037748,-0.055347,-0.711427,-0.175924,-1.204227,0.999924,-0.006224,-0.001470,-0.010518
3480,0.030502,-0.130473,9.918918,-0.006601,-0.034692,-0.076709,-0.715812,-0.176804,-1.206399,0.999924,-0.006262,-0.001477,-0.010537
3482,0.029081,-0.129006,9.916238,-0.008187,-0.030107,-0.064502,-0.721431,-0.177273,-1.208722,0.999923,-0.006312,-0.001480,-0.010557
3483,0.034703,-0.130280,9.918391,-0.006712,-0.045378,-0.066028,-0.726222,-0.179638,-1.210868,0.999923,-0.006354,-0.001501,-0.010576
3484,0.030299,-0.124657,9.919022,-0.008259,-0.057602,-0.087391,-0.728333,-0.182777,-1.213397,0.999922,-0.006372,-0.001528,-0.010599
3485,0.028949,-0.126517,9.923099,-0.009781,-0.049955,-0.082813,-0.728320,-0.183085,-1.216212,0.999922,-0.006372,-0.001530,-0.010623
3486,0.026475,-0.123059,9.925094,-0.002138,-0.046865,-0.066027,-0.727324,-0.181288,-1.218675,0.999922,-0.006364,-0.001514,-0.010645
3487,0.029837,-0.117507,9.927672,0.004022,-0.043780,-0.076709,-0.722249,-0.179876,-1.221051,0.999922,-0.006319,-0.001502,-0.010665
3488,0.030496,-0.113998,9.928399,0.008694,-0.030036,-0.069079,-0.713510,-0.180162,-1.223492,0.999922,-0.006243,-0.001506,-0.010686
3489,0.030013,-0.111463,9.926095,-0.006453,-0.022397,-0.073657,-0.703374,-0.180253,-1.225891,0.999923,-0.006155,-0.001507,-0.010707
3490,0.029070,-0.110680,9.924148,-0.006341,-0.036114,-0.084339,-0.693488,-0.179808,-1.228544,0.999923,-0.006068,-0.001504,-0.010730
3491,0.032177,-0.113159,9.927343,0.002902,-0.033057,-0.084339,-0.685674,-0.180504,-1.231366,0.999923,-0.006000,-0.001511,-0.010755
3492,0.030309,-0.116802,9.927438,-0.000105,-0.043739,-0.076710,-0.681719,-0.181838,-1.234047,0.999923,-0.005966,-0.001523,-0.010778
3493,0.024560,-0.113561,9.923832,-0.004652,-0.051331,-0.088917,-0.678963,-0.180032,-1.236797,0.999923,-0.005942,-0.001507,-0.010802
3494,0.028872,-0.113477,9.924030,0.006072,-0.055864,-0.082813,-0.675186,-0.177848,-1.239649,0.999923,-0.005909,-0.001488,-0.010827
3495,0.028119,-0.114053,9.927031,0.007632,-0.043632,-0.073657,-0.671891,-0.177368,-1.242247,0.999923,-0.005880,-0.001484,-0.010849
3496,0.027113,-0.115032,9.922797,0.003074,-0.043602,-0.078234,-0.669857,-0.176122,-1.244767,0.999923,-0.005862,-0.001473,-0.010871
3497,0.033595,-0.118034,9.925211,0.003071,-0.040547,-0.084338,-0.670030,-0.177329,-1.247459,0.999922,-0.005864,-0.001484,-0.010895
3498,0.039422,-0.118999,9.920981,0.004572,-0.040604,-0.072131,-0.672045,-0.183821,-1.250044,0.999922,-0.005882,-0.001540,-0.010918
3499,0.035798,-0.119864,9.923810,0.003016,-0.037614,-0.072131,-0.674696,-0.190641,-1.252424,0.999922,-0.005906,-0.001599,-0.010939
3500,0.037771,-0.117079,9.917091,0.010627,-0.048337,-0.066029,-0.676086,-0.195881,-1.254704,0.999921,-0.005918,-0.001645,-0.010959
3501,0.035798,-0.114316,9.918254,0.015217,-0.051421,-0.070608,-0.674594,-0.200455,-1.256965,0.999921,-0.005906,-0.001685,-0.010979
3502,0.029898,-0.113606,9.919351,0.021349,-0.036147,-0.075184,-0.671415,-0.200678,-1.259387,0.999921,-0.005878,-0.001687,-0.011000
3503,0.031721,-0.117398,9.921441,0.018307,-0.034584,-0.081288,-0.669853,-0.198492,-1.261984,0.999921,-0.005864,-0.001668,-0.011023
3504,0.031791,-0.121996,9.912536,0.010642,-0.040660,-0.084340,-0.672495,-0.197359,-1.264718,0.999920,-0.005887,-0.001657,-0.011046
3505,0.032113,-0.119544,9.912777,0.009071,-0.022327,-0.090443,-0.676184,-0.196455,-1.267605,0.999920,-0.005919,-0.001649,-0.011072
3506,0.033071,-0.121722,9.914968,-0.003174,-0.025365,-0.085865,-0.679496,-0.196000,-1.270522,0.999919,-0.005948,-0.001645,-0.011097
3507,0.032904,-0.119275,9.915923,-0.000152,-0.037563,-0.078235,-0.682305,-0.196237,-1.273235,0.999919,-0.005973,-0.001646,-0.011121
3508,0.027447,-0.121834,9.914384,-0.004756,-0.032949,-0.076708,-0.684734,-0.194179,-1.275795,0.999919,-0.005994,-0.001628,-0.011143
3509,0.030868,-0.121510,9.918060,0.005893,-0.025274,-0.081286,-0.687626,-0.191168,-1.278407,0.999918,-0.006019,-0.001601,-0.011166
3510,0.026685,-0.131363,9.918489,0.001242,-0.028282,-0.084337,-0.694124,-0.188126,-1.281134,0.999918,-0.006075,-0.001574,-0.011189
3511,0.026463,-0.130683,9.916556,-0.000394,-0.016014,-0.088914,-0.704005,-0.183479,-1.283981,0.999917,-0.006161,-0.001532,-0.011214
3512,0.028817,-0.132640,9.913109,-0.009654,-0.011394,-0.101120,-0.713423,-0.180062,-1.287113,0.999916,-0.006243,-0.001501,-0.011241
3513,0.032272,-0.132796,9.914739,-0.015853,-0.012910,-0.110276,-0.722576,-0.179722,-1.290603,0.999915,-0.006323,-0.001497,-0.011272
3514,0.029668,-0.122805,9.919368,-0.018939,-0.006805,-0.090437,-0.726196,-0.179946,-1.293935,0.999915,-0.006355,-0.001499,-0.011301
3515,0.034443,-0.121086,9.919088,-0.028062,-0.006814,-0.099593,-0.723964,-0.181010,-1.297108,0.999915,-0.006335,-0.001508,-0.011329
3516,0.037359,-0.124517,9.919752,-0.021931,-0.008385,-0.085861,-0.722417,-0.185333,-1.300203,0.999914,-0.006322,-0.001546,-0.011356
3517,0.036686,-0.120102,9.920573,-0.023429,-0.009962,-0.072128,-0.720644,-0.190268,-1.302840,0.999914,-0.006307,-0.001589,-0.011379
3518,0.032948,-0.118197,9.920259,-0.018795,-0.019139,-0.061447,-0.716328,-0.192772,-1.305077,0.999914,-0.006270,-0.001611,-0.011399
3519,0.033576,-0.128198,9.919692,-0.014206,-0.026770,-0.072128,-0.715827,-0.193652,-1.307297,0.999914,-0.006266,-0.001619,-0.011418
3520,0.033369,-0.126772,9.924505,-0.014240,-0.028296,-0.066025,-0.719302,-0.194607,-1.309578,0.999913,-0.006296,-0.001626,-0.011438
3521,0.034634,-0.123948,9.925486,-0.018827,-0.028300,-0.067551,-0.720758,-0.195900,-1.311789,0.999913,-0.006309,-0.001637,-0.011458
3522,0.034000,-0.124117,9.919569,-0.018821,-0.026779,-0.076706,-0.720798,-0.197281,-1.314183,0.999913,-0.006309,-0.001649,-0.011479
3523,0.035722,-0.125262,9.917555,-0.006613,-0.014580,-0.087388,-0.721132,-0.198720,-1.316910,0.999913,-0.006313,-0.001662,-0.011503
3524,0.034914,-0.125639,9.915733,0.004061,-0.022219,-0.090439,-0.721737,-0.200277,-1.319864,0.999912,-0.006318,-0.001675,-0.011528
3525,0.032911,-0.125579,9.913166,0.010158,-0.023739,-0.087388,-0.722153,-0.200550,-1.322815,0.999912,-0.006322,-0.001677,-0.011554
3526,0.029136,-0.127529,9.910812,0.019298,-0.028282,-0.084336,-0.723086,-0.198288,-1.325661,0.999912,-0.006330,-0.001657,-0.011579
3527,0.030141,-0.130017,9.918549,0.020787,-0.025183,-0.076705,-0.725633,-0.194989,-1.328323,0.999911,-0.006352,-0.001628,-0.011602
3528,0.031855,-0.126014,9.920499,0.022288,-0.035835,-0.072126,-0.727161,-0.193396,-1.330782,0.999911,-0.006365,-0.001614,-0.011623
3529,0.031909,-0.122282,9.921454,0.003994,-0.022085,-0.062971,-0.725298,-0.192878,-1.333026,0.999911,-0.006349,-0.001609,-0.011643
3530,0.033875,-0.127122,9.922948,0.007056,-0.023605,-0.058393,-0.724180,-0.193182,-1.335042,0.999911,-0.006339,-0.001612,-0.011661
3531,0.031408,-0.125517,9.926273,0.025360,-0.017494,-0.072126,-0.724304,-0.193204,-1.337207,0.999910,-0.006340,-0.001612,-0.011679
3532,0.035325,-0.129065,9.924063,0.046705,-0.026649,-0.085860,-0.724675,-0.193884,-1.339825,0.999910,-0.006343,-0.001618,-0.011702
3533,0.030923,-0.135060,9.927732,0.068006,-0.023593,-0.073652,-0.728421,-0.194402,-1.342453,0.999910,-0.006376,-0.001622,-0.011725
3534,0.028274,-0.138861,9.923838,0.081632,-0.031184,-0.078229,-0.735518,-0.191851,-1.344941,0.999909,-0.006438,-0.001599,-0.011747
3535,0.027530,-0.136320,9.923096,0.046432,-0.029604,-0.081280,-0.742734,-0.188092,-1.347555,0.999908,-0.006500,-0.001565,-0.011770
3536,0.028931,-0.135872,9.916733,0.017361,-0.044819,-0.073650,-0.748696,-0.185326,-1.350098,0.999908,-0.006552,-0.001540,-0.011792
3537,0.025086,-0.134438,9.915937,-0.031526,-0.041715,-0.073649,-0.754197,-0.182200,-1.352517,0.999907,-0.006600,-0.001512,-0.011813
3538,0.028382,-0.125793,9.911518,-0.039157,-0.047771,-0.084330,-0.755442,-0.179336,-1.355130,0.999907,-0.006610,-0.001487,-0.011836
3539,0.031199,-0.115943,9.914439,-0.037537,-0.044704,-0.091960,-0.748274,-0.179626,-1.358074,0.999907,-0.006548,-0.001490,-0.011861
3540,0.029054,-0.108419,9.914503,-0.063306,-0.050799,-0.093485,-0.734406,-0.180449,-1.361192,0.999908,-0.006427,-0.001498,-0.011888
3541,0.028489,-0.106192,9.918344,-0.130245,-0.040094,-0.087382,-0.719418,-0.179930,-1.364244,0.999908,-0.006296,-0.001495,-0.011915
3542,0.027847,-0.098901,9.914097,-0.274984,-0.038539,-0.062967,-0.706000,-0.178655,-1.366796,0.999909,-0.006179,-0.001485,-0.011937
3543,0.029066,-0.095940,9.918209,-0.407489,-0.027834,-0.032449,-0.694896,-0.177549,-1.368443,0.999909,-0.006082,-0.001477,-0.011951
3544,0.026338,-0.088782,9.917420,-0.410263,-0.018647,0.008750,-0.683490,-0.175617,-1.368906,0.999910,-0.005982,-0.001461,-0.011955
3545,0.028769,-0.102218,9.920026,-0.397826,-0.012515,0.036217,-0.676327,-0.173514,-1.368213,0.999910,-0.005920,-0.001444,-0.011948
3546,0.026188,-0.105530,9.919384,-0.130656,-0.014014,-0.000406,-0.673143,-0.171570,-1.367648,0.999910,-0.005892,-0.001427,-0.011943
3547,0.025369,-0.112490,9.924929,0.339404,-0.020079,-0.055339,-0.662869,-0.168595,-1.368590,0.999911,-0.005802,-0.001402,-0.011951
3548,0.025667,-0.117483,9.925790,0.685796,-0.041404,-0.119427,-0.645135,-0.166235,-1.371492,0.999911,-0.005647,-0.001383,-0.011976
3549,0.028033,-0.127884,9.929955,0.819988,-0.058168,-0.207931,-0.628121,-0.166084,-1.376905,0.999912,-0.005498,-0.001383,-0.012023
3550,0.027150,-0.119557,9.924737,0.990764,-0.058156,-0.310168,-0.609524,-0.167077,-1.385484,0.999912,-0.005336,-0.001394,-0.012098
3551,0.028496,-0.104172,9.924364,0.934259,-0.070354,-0.380359,-0.581450,-0.168444,-1.396958,0.999912,-0.005092,-0.001408,-0.012198
3552,0.029473,-0.095435,9.922795,0.429210,-0.077982,-0.462759,-0.555793,-0.170992,-1.410993,0.999911,-0.004868,-0.001432,-0.012320
3553,0.026390,-0.101694,9.918175,-0.121650,-0.064236,-0.577204,-0.550709,-0.172269,-1.428302,0.999910,-0.004824,-0.001443,-0.012471
3554,0.028074,-0.116345,9.915467,-0.449852,-0.053531,-0.777100,-0.571657,-0.172308,-1.450819,0.999906,-0.005007,-0.001440,-0.012668
3555,0.027486,-0.109599,9.916405,-0.695678,-0.067244,-1.088388,-0.604389,-0.172874,-1.481848,0.999901,-0.005293,-0.001440,-0.012939
3556,0.036334,-0.138318,9.912776,-1.281847,-0.003175,-2.859986,-0.656393,-0.176541,-1.547579,0.999891,-0.005748,-0.001463,-0.013513
3557,0.040471,-0.150811,9.912398,-1.315715,0.169188,-7.720058,-0.725869,-0.181911,-1.723847,0.999865,-0.006358,-0.001492,-0.015053
3558,0.040977,-0.138908,9.915633,-0.855067,0.285088,-10.955022,-0.777480,-0.184708,-2.035113,0.999818,-0.006812,-0.001491,-0.017769
3559,0.041851,-0.107236,9.915455,-0.674958,0.400988,-14.525687,-0.797049,-0.185374,-2.459918,0.999744,-0.006989,-0.001468,-0.021476
3560,0.042016,-0.147133,9.918202,-0.709988,0.530621,-18.201643,-0.812468,-0.183911,-3.005547,0.999629,-0.007130,-0.001418,-0.026236
3561,0.038205,-0.137970,9.924257,-0.101167,0.561080,-19.069895,-0.826091,-0.179910,-3.626914,0.999472,-0.007255,-0.001341,-0.031656
3562,0.036207,-0.125659,9.926121,0.472654,0.467958,-16.031778,-0.811524,-0.174778,-4.212132,0.999298,-0.007133,-0.001264,-0.036759
3563,0.036804,-0.137553,9.921218,0.486461,0.420612,-14.673704,-0.787358,-0.170829,-4.724057,0.999125,-0.006927,-0.001206,-0.041223
3564,0.035533,-0.171121,9.917418,0.605368,0.358004,-13.242388,-0.778130,-0.168277,-5.189423,0.998950,-0.006850,-0.001160,-0.045280
3565,0.035394,-0.141812,9.914936,0.898195,0.286242,-11.455528,-0.765504,-0.167080,-5.601117,0.998782,-0.006743,-0.001130,-0.048868
3566,0.034887,-0.132851,9.916352,0.574672,0.283146,-12.097944,-0.742250,-0.166707,-5.993757,0.998610,-0.006544,-0.001114,-0.052290
3567,0.033051,-0.132520,9.918729,0.119930,0.321257,-13.849707,-0.730840,-0.165500,-6.426305,0.998406,-0.006449,-0.001084,-0.056059
3568,0.032839,-0.126238,9.918951,-0.015891,0.328857,-14.777471,-0.728949,-0.163483,-6.903514,0.998164,-0.006436,-0.001041,-0.060216
3569,0.034954,-0.111959,9.924740,-0.020417,0.341025,-15.374107,-0.723382,-0.162203,-7.406147,0.997891,-0.006391,-0.001005,-0.064593
3570,0.034369,-0.100650,9.929403,-0.067578,0.382178,-16.297293,-0.710688,-0.160932,-7.934142,0.997583,-0.006284,-0.000972,-0.069190
3571,0.031771,-0.119559,9.928556,0.188879,0.403505,-16.585695,-0.697952,-0.157861,-8.482327,0.997242,-0.006176,-0.000923,-0.073962
3572,0.034393,-0.122681,9.924273,0.730589,0.388206,-16.672672,-0.680528,-0.154889,-9.036742,0.996873,-0.006027,-0.000880,-0.078785
3573,0.036626,-0.109035,9.922234,1.125829,0.412560,-17.634005,-0.645759,-0.153616,-9.608633,0.996469,-0.005728,-0.000864,-0.083759
3574,0.030455,-0.102421,9.919696,1.238813,0.427770,-18.334408,-0.598842,-0.150536,-10.208225,0.996020,-0.005322,-0.000844,-0.088971
3575,0.034721,-0.089312,9.918538,1.657002,0.398732,-18.564819,-0.541274,-0.146945,-10.823329,0.995530,-0.004823,-0.000831,-0.094316
3576,0.040225,-0.033720,9.914532,1.960930,0.357447,-18.073477,-0.455253,-0.147255,-11.434103,0.995017,-0.004081,-0.000883,-0.099620
3577,0.039393,-0.029174,9.918000,1.561532,0.329878,-17.630959,-0.359388,-0.149302,-12.029334,0.994489,-0.003255,-0.000967,-0.104787
3578,0.043094,-0.034182,9.924105,1.082673,0.320609,-17.513464,-0.288536,-0.151909,-12.615191,0.993942,-0.002648,-0.001041,-0.109869
3579,0.050779,-0.025778,9.923260,0.841766,0.331140,-18.456488,-0.237869,-0.157382,-13.214777,0.993355,-0.002220,-0.001125,-0.115068
3580,0.049874,-0.027439,9.921079,0.236110,0.378274,-19.683334,-0.205796,-0.163332,-13.850509,0.992701,-0.001955,-0.001198,-0.120577
3581,0.046821,-0.060644,9.924355,-0.365145,0.426955,-21.332861,-0.209639,-0.165796,-14.534128,0.991964,-0.001998,-0.001204,-0.126497
3582,0.043684,-0.043702,9.925824,-0.366788,0.471087,-23.038843,-0.230226,-0.164609,-15.273645,0.991127,-0.002182,-0.001157,-0.132896
3583,0.037787,-0.036694,9.928954,-0.493455,0.484732,-24.099361,-0.243703,-0.159771,-16.059298,0.990192,-0.002301,-0.001084,-0.139688
3585,0.036041,-0.029297,9.926375,-1.028997,0.538076,-25.582561,-0.261593,-0.152091,-16.887369,0.989157,-0.002453,-0.000978,-0.146840
3586,0.034519,-0.043965,9.929996,-1.193745,0.576165,-26.804831,-0.291750,-0.143118,-17.760534,0.988009,-0.002708,-0.000841,-0.154373
3587,0.034388,-0.051186,9.929528,-1.038098,0.576101,-26.688858,-0.326544,-0.134506,-18.652130,0.986777,-0.003002,-0.000696,-0.162055
3588,0.038744,-0.086147,9.927641,-1.254888,0.591270,-26.971153,-0.372504,-0.128621,-19.546482,0.985481,-0.003394,-0.000554,-0.169752
3589,0.044146,-0.091539,9.924015,-1.142173,0.636913,-28.362801,-0.428761,-0.126763,-20.468727,0.984081,-0.003879,-0.000424,-0.177678
3590,0.044753,-0.111990,9.926966,-0.695311,0.645907,-28.791586,-0.478277,-0.127405,-21.421309,0.982568,-0.004308,-0.000317,-0.185852
3591,0.047764,-0.111477,9.925452,-0.291180,0.635051,-28.816004,-0.514090,-0.130093,-22.381454,0.980975,-0.004621,-0.000243,-0.194079
3592,0.049528,-0.089119,9.922420,0.036791,0.633335,-29.446207,-0.525400,-0.134832,-23.352547,0.979295,-0.004728,-0.000224,-0.202385
3593,0.055471,-0.069794,9.923688,0.261179,0.633122,-29.295147,-0.511210,-0.141717,-24.331663,0.977530,-0.004622,-0.000269,-0.210745
3594,0.053292,-0.069363,9.924732,0.651960,0.596280,-27.836361,-0.480449,-0.149185,-25.283966,0.975746,-0.004376,-0.000353,-0.218861
3595,0.058394,-0.030750,9.923771,0.990975,0.515185,-25.223982,-0.427434,-0.157546,-26.168434,0.974029,-0.003944,-0.000495,-0.226386
3596,0.058199,-0.017598,9.924459,0.849457,0.469178,-23.284534,-0.359094,-0.167226,-26.977074,0.972410,-0.003388,-0.000688,-0.233254
3597,0.062920,-0.018340,9.921896,0.692648,0.435373,-21.508358,-0.298578,-0.177498,-27.723778,0.970871,-0.002901,-0.000880,-0.239585
3598,0.055555,-0.018974,9.917788,0.381635,0.393961,-20.380699,-0.253582,-0.186154,-28.422058,0.969394,-0.002544,-0.001032,-0.245497
3599,0.055776,-0.016187,9.916339,-0.492501,0.395312,-20.061783,-0.233583,-0.191613,-29.096201,0.967933,-0.002393,-0.001106,-0.251195
3600,0.046795,-0.040462,9.914425,-1.470520,0.442482,-20.959030,-0.255019,-0.192702,-29.779940,0.966416,-0.002583,-0.001053,-0.256966
3601,0.047504,-0.076796,9.909100,-2.467067,0.535462,-22.948837,-0.328862,-0.189249,-30.511742,0.964754,-0.003203,-0.000838,-0.263133
3602,0.031098,-0.104684,9.910313,-4.263372,0.744469,-30.795145,-0.464338,-0.178272,-31.407467,0.962663,-0.004322,-0.000401,-0.270667
3603,0.031517,-0.149495,9.908497,-7.106593,1.190042,-40.129227,-0.688431,-0.157671,-32.589577,0.959810,-0.006152,0.000365,-0.280582
3604,0.042410,-0.211468,9.903658,-8.398110,1.186934,-44.093578,-0.995716,-0.143967,-33.993362,0.956282,-0.008677,0.001339,-0.292315
3605,0.045946,-0.267953,9.905058,-7.910495,1.281410,-44.804661,-1.324949,-0.144703,-35.475044,0.952393,-0.011397,0.002320,-0.304650
3606,0.046269,-0.285036,9.907755,-7.004644,1.380442,-45.137314,-1.618921,-0.152546,-36.974247,0.948294,-0.013820,0.003217,-0.317077
3607,0.064260,-0.320763,9.908888,-5.402771,1.409222,-40.889141,-1.853061,-0.168528,-38.408344,0.944220,-0.015754,0.003930,-0.328915
3608,0.065384,-0.318972,9.912399,-2.370897,1.209058,-34.846489,-1.991283,-0.191202,-39.671059,0.940517,-0.016911,0.004327,-0.339297
3609,0.055866,-0.304912,9.918701,-0.402304,1.314133,-32.740719,-2.020043,-0.207462,-40.798187,0.937129,-0.017153,0.004447,-0.348532
3610,0.061403,-0.297131,9.917819,0.145837,1.187309,-32.083054,-1.990262,-0.219044,-41.879383,0.933803,-0.016903,0.004422,-0.357362
3611,0.064270,-0.279502,9.917830,0.311063,1.101670,-31.005754,-1.940228,-0.233741,-42.931618,0.930488,-0.016503,0.004298,-0.365925
3612,0.070525,-0.264945,9.918754,0.169643,1.006858,-28.956450,-1.883771,-0.250241,-43.931709,0.927266,-0.016062,0.004124,-0.374036
3613,0.079451,-0.270523,9.928929,-0.258684,1.105805,-27.157391,-1.839783,-0.266889,-44.867729,0.924185,-0.015728,0.003974,-0.381601
3614,0.084388,-0.269746,9.926607,-0.410898,1.175731,-26.492096,-1.812559,-0.281499,-45.762760,0.921179,-0.015527,0.003887,-0.388811
3615,0.082369,-0.273955,9.929473,-0.554012,1.314331,-26.255590,-1.795259,-0.290975,-46.642860,0.918167,-0.015391,0.003870,-0.395876
3616,0.083381,-0.271591,9.931895,-0.732257,1.314092,-25.828341,-1.786328,-0.295905,-47.511963,0.915139,-0.015307,0.003916,-0.402829
3617,0.079250,-0.275169,9.930864,-0.753352,1.283355,-25.314112,-1.782584,-0.298933,-48.365353,0.912114,-0.015259,0.003993,-0.409633
3618,0.076110,-0.256666,9.922450,-0.345618,1.054277,-24.387882,-1.768429,-0.302626,-49.194645,0.909127,-0.015131,0.004022,-0.416224
3619,0.067907,-0.266795,9.927748,-0.377332,0.976312,-23.208347,-1.746449,-0.305993,-49.988705,0.906224,-0.014941,0.004019,-0.422515
3620,0.073616,-0.241293,9.930924,-0.596700,0.934982,-22.929108,-1.725730,-0.309148,-50.758423,0.903368,-0.014762,0.004017,-0.428594
3621,0.073264,-0.255637,9.927698,-0.567329,0.915000,-22.048655,-1.706998,-0.313827,-51.508804,0.900544,-0.014606,0.004006,-0.434501
3622,0.070876,-0.257189,9.928622,-0.377818,0.891981,-21.249077,-1.692123,-0.316876,-52.231133,0.897789,-0.014476,0.004017,-0.440170
3623,0.070691,-0.284325,9.926393,-0.283040,0.876606,-20.875231,-1.683799,-0.318550,-52.933838,0.895074,-0.014392,0.004060,-0.445668
3624,0.078598,-0.260593,9.919974,-0.221859,0.888672,-21.349798,-1.675313,-0.322519,-53.638206,0.892318,-0.014316,0.004084,-0.451162
3625,0.075477,-0.280705,9.914903,-0.174409,0.905301,-21.804531,-1.664741,-0.327558,-54.358067,0.889467,-0.014229,0.004093,-0.456759
3626,0.077535,-0.279404,9.912166,-0.142300,0.934148,-22.588858,-1.659929,-0.331553,-55.098553,0.886497,-0.014181,0.004134,-0.462498
3627,0.078844,-0.271919,9.913859,-0.107116,0.950781,-23.118359,-1.651831,-0.335908,-55.860950,0.883401,-0.014108,0.004162,-0.468386
3628,0.082411,-0.252071,9.913034,-0.145088,0.941460,-22.845224,-1.635529,-0.341208,-56.627670,0.880249,-0.013977,0.004148,-0.474288
3629,0.081492,-0.267713,9.908836,-0.271563,0.904669,-21.926622,-1.622061,-0.346835,-57.374519,0.877141,-0.013870,0.004140,-0.480016
3630,0.084310,-0.296760,9.908112,-0.282248,0.884663,-21.389503,-1.627195,-0.352723,-58.096985,0.874096,-0.013908,0.004204,-0.485537
3631,0.085949,-0.311505,9.908658,-0.261051,0.925685,-22.198246,-1.646746,-0.359350,-58.823906,0.870995,-0.014058,0.004325,-0.491072
3632,0.082334,-0.326475,9.908025,-0.339132,1.029286,-24.448990,-1.675122,-0.363981,-59.601803,0.867638,-0.014263,0.004509,-0.496972
3633,0.081664,-0.343619,9.904678,-0.395938,1.151219,-27.125465,-1.712970,-0.365713,-60.461842,0.863878,-0.014522,0.004769,-0.503469
3634,0.083491,-0.351920,9.910996,-0.338347,1.268575,-29.780579,-1.754718,-0.366752,-61.410786,0.859674,-0.014799,0.005067,-0.510603
3635,0.082443,-0.314331,9.913661,-0.340111,1.390507,-32.234268,-1.780887,-0.367048,-62.445030,0.855027,-0.014950,0.005317,-0.518340
3636,0.076068,-0.270922,9.914167,-0.317126,1.459061,-33.125412,-1.776220,-0.363545,-63.535286,0.850058,-0.014848,0.005463,-0.526452
3637,0.080913,-0.260798,9.917485,-0.408378,1.404018,-32.357880,-1.754129,-0.359300,-64.627708,0.845004,-0.014612,0.005533,-0.534532
3638,0.081639,-0.252754,9.917480,-0.301211,1.348949,-30.975397,-1.727607,-0.357644,-65.684303,0.840043,-0.014358,0.005554,-0.542302
3639,0.078331,-0.230011,9.916764,0.211934,1.359502,-28.901670,-1.683904,-0.353855,-66.683342,0.835289,-0.013973,0.005497,-0.549607
3640,0.071811,-0.211040,9.918048,0.351333,1.289212,-26.751644,-1.620276,-0.345160,-67.612045,0.830816,-0.013424,0.005364,-0.556360
3641,0.076342,-0.231806,9.915046,0.327384,1.162463,-24.575684,-1.561922,-0.336853,-68.468521,0.826641,-0.012922,0.005238,-0.562556
3642,0.072578,-0.223995,9.910621,0.581030,1.145565,-23.135216,-1.511309,-0.329795,-69.264610,0.822720,-0.012487,0.005127,-0.568287
3643,0.074368,-0.215115,9.910753,0.787365,1.143925,-22.389044,-1.454096,-0.321540,-70.024246,0.818941,-0.012002,0.004982,-0.573730
3644,0.066575,-0.208616,9.912887,0.757168,1.081260,-22.123535,-1.395202,-0.312076,-70.766968,0.815212,-0.011503,0.004830,-0.579028
3645,0.071592,-0.226833,9.906874,0.935910,0.962135,-21.273600,-1.344416,-0.304607,-71.490952,0.811543,-0.011075,0.004696,-0.584169
3646,0.068834,-0.230122,9.910206,1.431896,0.879613,-20.472490,-1.295764,-0.300939,-72.187256,0.807983,-0.010684,0.004539,-0.589091
3647,0.070054,-0.222538,9.909608,1.793554,0.775727,-19.975040,-1.237150,-0.299335,-72.861832,0.804507,-0.010237,0.004310,-0.593839
3648,0.062404,-0.186225,9.914205,1.905054,0.670336,-19.619503,-1.162476,-0.298333,-73.522141,0.801078,-0.009685,0.003986,-0.598468
3649,0.070084,-0.184349,9.911689,1.572563,0.558838,-18.835182,-1.086661,-0.299845,-74.163406,0.797723,-0.009143,0.003630,-0.602944
3650,0.066980,-0.184241,9.919224,0.617409,0.592287,-19.369257,-1.040075,-0.303396,-74.800438,0.794362,-0.008818,0.003409,-0.607371
3651,0.070543,-0.183925,9.921336,-0.179123,0.642524,-20.286341,-1.029228,-0.305549,-75.461609,0.790845,-0.008735,0.003388,-0.611944
3652,0.073519,-0.183743,9.922595,-0.609468,0.700369,-20.478611,-1.041746,-0.308028,-76.141289,0.787201,-0.008814,0.003490,-0.616624
3653,0.077575,-0.204867,9.919704,-0.829309,0.729200,-20.312288,-1.071781,-0.311326,-76.821388,0.783525,-0.009017,0.003682,-0.621284
3654,0.082745,-0.213041,9.918251,-0.933259,0.744268,-20.852467,-1.114271,-0.317130,-77.507706,0.779786,-0.009315,0.003929,-0.625965
3655,0.083561,-0.216656,9.915020,-0.478720,0.731852,-20.840261,-1.150567,-0.324956,-78.202812,0.775971,-0.009580,0.004132,-0.630683
3656,0.083216,-0.208636,9.914392,0.136109,0.733178,-20.702932,-1.163128,-0.332578,-78.895462,0.772143,-0.009682,0.004208,-0.635361
3657,0.087190,-0.184123,9.914046,0.905203,0.702455,-20.834167,-1.139219,-0.340915,-79.588089,0.768290,-0.009542,0.004077,-0.640018
3658,0.086994,-0.156175,9.916990,1.686687,0.686988,-20.455742,-1.072961,-0.349703,-80.276672,0.764435,-0.009125,0.003703,-0.644626
3659,0.086112,-0.123690,9.921477,2.521740,0.636439,-18.823009,-0.965281,-0.356619,-80.931839,0.760745,-0.008428,0.003099,-0.648989
3660,0.090681,-0.106965,9.920798,3.222581,0.567577,-16.483768,-0.826121,-0.363377,-81.520790,0.757408,-0.007531,0.002305,-0.652894
3661,0.092574,-0.081314,9.922339,3.029228,0.484965,-14.971586,-0.678951,-0.371694,-82.045532,0.754419,-0.006599,0.001442,-0.656358
3662,0.078013,-0.097514,9.925608,2.078873,0.410038,-13.152686,-0.564168,-0.375902,-82.514618,0.751732,-0.005864,0.000781,-0.659442
3663,0.077374,-0.111147,9.925025,1.119090,0.313812,-11.736629,-0.505982,-0.376158,-82.929558,0.749342,-0.005482,0.000464,-0.662160
3664,0.077301,-0.115217,9.925756,0.246113,0.274050,-11.309369,-0.494003,-0.377672,-83.313637,0.747119,-0.005411,0.000403,-0.664668
3665,0.074250,-0.120739,9.926678,-0.642201,0.241929,-11.399397,-0.518462,-0.379248,-83.692055,0.744919,-0.005578,0.000553,-0.667132
3666,0.071451,-0.148051,9.922956,-1.361250,0.189996,-11.756462,-0.579623,-0.380508,-84.077843,0.742665,-0.005980,0.000921,-0.669635
3667,0.081070,-0.164181,9.920034,-1.550905,0.199075,-12.964994,-0.665054,-0.385332,-84.489639,0.740249,-0.006557,0.001413,-0.672299
3668,0.078849,-0.161649,9.922037,-1.403288,0.282903,-14.011777,-0.747059,-0.391705,-84.939079,0.737601,-0.007117,0.001880,-0.675196
3669,0.080140,-0.172245,9.917626,-1.428026,0.307229,-14.936484,-0.819972,-0.396384,-85.421425,0.734748,-0.007604,0.002312,-0.678294
3670,0.087729,-0.164202,9.915456,-1.071193,0.346790,-15.816943,-0.879236,-0.403297,-85.933922,0.731702,-0.008013,0.002654,-0.681572
3671,0.088938,-0.146209,9.922184,-0.308290,0.426000,-15.455301,-0.903794,-0.410909,-86.455238,0.728592,-0.008203,0.002789,-0.684893
3672,0.081425,-0.148277,9.930005,0.059510,0.453361,-14.483289,-0.899665,-0.413567,-86.954422,0.725602,-0.008180,0.002783,-0.688061
3673,0.093196,-0.163901,9.927002,0.003052,0.402891,-13.885127,-0.895086,-0.416987,-87.427399,0.722756,-0.008160,0.002768,-0.691050
3674,0.093364,-0.168660,9.928342,0.497374,0.419522,-13.270184,-0.890409,-0.424181,-87.880104,0.720020,-0.008164,0.002726,-0.693900
3675,0.085891,-0.155952,9.935527,0.817764,0.393462,-12.066230,-0.870243,-0.427952,-88.302498,0.717458,-0.008050,0.002610,-0.696550
3676,0.090913,-0.147528,9.928007,0.720111,0.329268,-10.950779,-0.841175,-0.431052,-88.686272,0.715123,-0.007879,0.002441,-0.698950
3677,0.100206,-0.120392,9.921846,0.698852,0.289441,-10.311420,-0.805554,-0.439567,-89.040825,0.712959,-0.007702,0.002194,-0.701160
3678,0.097029,-0.100773,9.923430,0.728075,0.254178,-9.614077,-0.758392,-0.450112,-89.373199,0.710925,-0.007467,0.001861,-0.703226
3679,0.093513,-0.133301,9.924889,0.093423,0.214372,-9.197501,-0.730255,-0.458195,-89.686905,0.708998,-0.007338,0.001659,-0.705170
3680,0.096416,-0.151059,9.923778,-0.680316,0.218832,-11.153738,-0.745904,-0.465955,-90.026093,0.706906,-0.007477,0.001729,-0.707266
3682,0.091866,-0.152189,9.924541,-0.726266,0.233990,-11.356687,-0.781712,-0.472590,-90.401215,0.704584,-0.007733,0.001935,-0.709575
3683,0.092922,-0.160884,9.926388,-0.509760,0.204917,-10.145101,-0.815064,-0.477468,-90.759521,0.702360,-0.007962,0.002136,-0.711775
3684,0.087723,-0.157378,9.926044,-0.195569,0.185022,-8.739723,-0.837694,-0.480711,-91.074226,0.700400,-0.008114,0.002279,-0.713700
3685,0.089290,-0.129670,9.923116,-0.067393,0.163620,-7.934034,-0.839982,-0.482538,-91.352180,0.698667,-0.008134,0.002302,-0.715397
3686,0.087119,-0.117163,9.920035,0.314245,0.151377,-6.215845,-0.819684,-0.483805,-91.588188,0.697193,-0.008014,0.002184,-0.716835
3687,0.087596,-0.110737,9.922318,0.500623,0.116254,-5.423892,-0.785138,-0.484443,-91.782410,0.695980,-0.007804,0.001977,-0.718016
3688,0.085844,-0.103800,9.920584,0.508520,0.096394,-4.723495,-0.742822,-0.485232,-91.951775,0.694921,-0.007550,0.001718,-0.719045
3689,0.085860,-0.096814,9.920929,0.235687,0.070436,-4.222994,-0.701451,-0.485969,-92.101151,0.693985,-0.007301,0.001464,-0.719951
3690,0.086256,-0.081914,9.920419,0.028504,0.026165,-3.144168,-0.665099,-0.487533,-92.224220,0.693214,-0.007090,0.001234,-0.720696
3691,0.083701,-0.126734,9.925538,-0.499331,-0.048612,-1.865444,-0.660090,-0.489452,-92.307800,0.692688,-0.007071,0.001196,-0.721202
3692,0.079699,-0.257055,9.957461,-0.556528,0.029240,-2.958000,-0.743384,-0.488116,-92.387611,0.692180,-0.007565,0.001733,-0.721683
3693,0.076713,-0.219897,9.953465,-0.113601,0.087290,-3.923900,-0.854149,-0.481965,-92.501488,0.691456,-0.008192,0.002476,-0.722368
3694,0.074471,-0.234809,9.957436,-0.332658,0.079743,-4.218396,-0.936873,-0.473765,-92.636589,0.690598,-0.008636,0.003057,-0.723181
3695,0.073904,-0.229692,9.958498,-0.061777,0.070672,-3.994077,-1.008408,-0.465912,-92.772934,0.689732,-0.009014,0.003567,-0.724000
3696,0.072736,-0.146217,9.949123,0.891744,0.095167,-3.186860,-1.009959,-0.458068,-92.892525,0.688977,-0.008970,0.003633,-0.724719
3697,0.080413,-0.029041,9.924769,0.268481,-0.023821,-1.035311,-0.914410,-0.454964,-92.963501,0.688535,-0.008374,0.003053,-0.725148
3698,0.099204,-0.143566,9.922606,-1.717500,-0.356576,0.193051,-0.868865,-0.470792,-92.977997,0.688446,-0.008200,0.002670,-0.725237
3699,0.066961,-0.046101,9.935289,0.263724,-0.092619,0.559268,-0.841561,-0.480579,-92.965767,0.688524,-0.008098,0.002438,-0.725164
3700,0.053604,-0.018935,9.945708,0.298408,-0.072567,0.428032,-0.732166,-0.463882,-92.950089,0.688632,-0.007335,0.001845,-0.725072
3701,0.058739,0.048270,9.939259,-0.168600,-0.067742,0.289164,-0.599384,-0.443810,-92.939133,0.688711,-0.006410,0.001125,-0.725007
3702,0.057115,0.058847,9.924744,0.182461,-0.047706,0.206754,-0.453007,-0.427714,-92.931953,0.688764,-0.005429,0.000295,-0.724965
3703,0.039564,0.133381,9.930036,1.504189,0.218066,0.009899,-0.262806,-0.401346,-92.929543,0.688789,-0.004119,-0.000750,-0.724950
3704,0.072162,0.039855,9.913734,-0.328545,-0.033558,-0.011474,-0.114540,-0.384497,-92.930458,0.688788,-0.003121,-0.001587,-0.724954
3705,0.086950,-0.003694,9.903258,-0.340263,-0.042825,-0.040470,-0.081708,-0.395841,-92.931633,0.688781,-0.002995,-0.001862,-0.724961
3706,0.087221,-0.109293,9.913391,-0.174318,-0.043014,-0.057253,-0.124530,-0.414283,-92.933022,0.688771,-0.003369,-0.001702,-0.724969
3707,0.082607,-0.121777,9.921651,-0.027243,-0.046209,-0.061825,-0.212519,-0.428598,-92.934372,0.688759,-0.003989,-0.001232,-0.724979
3708,0.080711,-0.123442,9.921741,-0.022040,-0.053921,-0.060292,-0.294246,-0.437790,-92.935791,0.688747,-0.004538,-0.000770,-0.724988
3709,0.078677,-0.124754,9.922791,-0.025862,-0.066174,-0.069443,-0.364504,-0.443848,-92.937424,0.688733,-0.004999,-0.000362,-0.724998
3710,0.078771,-0.115782,9.924097,-0.006634,-0.066197,-0.072490,-0.419776,-0.448122,-92.939346,0.688718,-0.005358,-0.000038,-0.725009
3711,0.078922,-0.116025,9.922173,-0.002517,-0.060109,-0.084694,-0.461465,-0.451632,-92.941612,0.688702,-0.005631,0.000205,-0.725023
3712,0.078601,-0.108132,9.919979,0.004768,-0.046384,-0.081639,-0.492399,-0.454172,-92.944130,0.688684,-0.005833,0.000386,-0.725038
3713,0.084378,-0.099422,9.918136,0.024400,-0.037258,-0.077060,-0.510266,-0.458255,-92.946617,0.688667,-0.005966,0.000474,-0.725053
3714,0.087097,-0.103340,9.916266,0.022734,-0.034271,-0.069430,-0.522116,-0.465333,-92.948936,0.688652,-0.006082,0.000507,-0.725067
3715,0.086163,-0.107531,9.918669,0.013423,-0.041965,-0.067904,-0.535432,-0.472422,-92.951111,0.688637,-0.006207,0.000549,-0.725080
3716,0.087383,-0.106189,9.924352,0.017854,-0.048122,-0.061799,-0.548139,-0.478771,-92.953148,0.688623,-0.006324,0.000591,-0.725092
3717,0.091483,-0.110977,9.927450,0.002454,-0.061923,-0.067902,-0.560527,-0.486716,-92.955185,0.688609,-0.006448,0.000622,-0.725104
3718,0.086133,-0.115493,9.928809,-0.011446,-0.069603,-0.069426,-0.575526,-0.493389,-92.957329,0.688594,-0.006581,0.000677,-0.725117
3719,0.088685,-0.115808,9.926688,-0.000931,-0.072679,-0.063322,-0.590623,-0.497938,-92.959396,0.688580,-0.006700,0.000745,-0.725129
3720,0.092229,-0.110283,9.924811,0.000480,-0.063567,-0.064848,-0.601028,-0.504198,-92.961418,0.688566,-0.006802,0.000774,-0.725141
3721,0.090646,-0.107180,9.923450,-0.022461,-0.065138,-0.052640,-0.606162,-0.510381,-92.963318,0.688553,-0.006872,0.000769,-0.725153
3722,0.086283,-0.101577,9.921188,-0.011780,-0.062091,-0.061795,-0.606582,-0.513047,-92.965195,0.688541,-0.006892,0.000756,-0.725164
3723,0.090544,-0.097308,9.920774,-0.013252,-0.052934,-0.069425,-0.602166,-0.514815,-92.967407,0.688527,-0.006876,0.000717,-0.725177
3724,0.093094,-0.100743,9.921912,-0.020827,-0.051436,-0.072478,-0.597835,-0.519021,-92.969780,0.688512,-0.006877,0.000665,-0.725192
3725,0.090020,-0.103827,9.921985,-0.023863,-0.051455,-0.070953,-0.597154,-0.522523,-92.972176,0.688497,-0.006895,0.000640,-0.725206
3726,0.089847,-0.105828,9.919214,-0.002513,-0.051453,-0.069427,-0.598759,-0.524051,-92.974495,0.688482,-0.006914,0.000641,-0.725220
3727,0.096285,-0.110832,9.918259,-0.008663,-0.045373,-0.055693,-0.603094,-0.527826,-92.976517,0.688469,-0.006964,0.000646,-0.725232
3728,0.092777,-0.112039,9.921692,0.001947,-0.048458,-0.048063,-0.609592,-0.532409,-92.978172,0.688458,-0.007032,0.000659,-0.725242
3729,0.089175,-0.102684,9.921244,0.015658,-0.048450,-0.058744,-0.611327,-0.533326,-92.979919,0.688446,-0.007048,0.000665,-0.725253
3730,0.091269,-0.099146,9.922236,0.017229,-0.034696,-0.063322,-0.606603,-0.532948,-92.981987,0.688434,-0.007017,0.000637,-0.725265
3731,0.091772,-0.101806,9.923216,0.005070,-0.028585,-0.074004,-0.601887,-0.533319,-92.984299,0.688419,-0.006991,0.000605,-0.725279
3732,0.088835,-0.099868,9.925569,0.003581,-0.036194,-0.077056,-0.598404,-0.532650,-92.986839,0.688404,-0.006966,0.000587,-0.725294
3733,0.091176,-0.105287,9.926467,-0.010139,-0.040750,-0.084686,-0.597279,-0.531937,-92.989532,0.688387,-0.006955,0.000585,-0.725311
3734,0.092460,-0.111199,9.926384,-0.025443,-0.034642,-0.089264,-0.601883,-0.532869,-92.992378,0.688368,-0.006989,0.000609,-0.725328
3735,0.092565,-0.109456,9.925659,-0.022453,-0.049904,-0.078581,-0.608240,-0.534542,-92.995110,0.688350,-0.007037,0.000639,-0.725344
3736,0.094798,-0.116270,9.927161,-0.021004,-0.049916,-0.083158,-0.615893,-0.537281,-92.997734,0.688333,-0.007101,0.000671,-0.725360
3737,0.092523,-0.119378,9.921584,-0.024169,-0.046872,-0.083157,-0.626840,-0.539638,-93.000389,0.688316,-0.007181,0.000726,-0.725376
3738,0.090095,-0.117675,9.922018,-0.018172,-0.043801,-0.080104,-0.636979,-0.539495,-93.002998,0.688298,-0.007241,0.000792,-0.725391
3739,0.089095,-0.108369,9.924148,-0.018206,-0.048342,-0.070947,-0.640660,-0.537715,-93.005470,0.688283,-0.007252,0.000826,-0.725406
3740,0.087526,-0.115271,9.923292,-0.016691,-0.048294,-0.064844,-0.642234,-0.535033,-93.007698,0.688269,-0.007245,0.000852,-0.725419
3741,0.083179,-0.111871,9.922121,-0.009085,-0.052799,-0.058739,-0.644791,-0.530205,-93.009727,0.688256,-0.007229,0.000897,-0.725431
3742,0.085670,-0.106320,9.926973,-0.007536,-0.058827,-0.063316,-0.642993,-0.525298,-93.011757,0.688243,-0.007187,0.000915,-0.725444
3743,0.086994,-0.109361,9.921100,-0.016657,-0.064882,-0.054160,-0.640183,-0.522977,-93.013725,0.688231,-0.007156,0.000912,-0.725455
3744,0.085550,-0.116032,9.919642,-0.015146,-0.063313,-0.061789,-0.642086,-0.521249,-93.015625,0.688219,-0.007156,0.000934,-0.725467
3745,0.083678,-0.110715,9.919597,-0.019746,-0.061731,-0.069418,-0.644701,-0.518343,-93.017769,0.688206,-0.007154,0.000968,-0.725480
3746,0.084509,-0.099541,9.917417,-0.025790,-0.061675,-0.066366,-0.640020,-0.515317,-93.020050,0.688192,-0.007106,0.000957,-0.725493
3747,0.088528,-0.104813,9.918223,-0.021125,-0.057068,-0.069419,-0.632966,-0.514764,-93.022369,0.688178,-0.007060,0.000916,-0.725507
3748,0.087365,-0.101326,9.920726,-0.004271,-0.050953,-0.086204,-0.627190,-0.515529,-93.025009,0.688161,-0.007031,0.000875,-0.725523
3749,0.089240,-0.097455,9.919907,0.003451,-0.049419,-0.080101,-0.618770,-0.516454,-93.027832,0.688144,-0.006986,0.000816,-0.725540
3750,0.090890,-0.102554,9.918503,0.008105,-0.052478,-0.086206,-0.611751,-0.518813,-93.030647,0.688126,-0.006959,0.000758,-0.725557
3751,0.086628,-0.108902,9.921091,0.018793,-0.057046,-0.087731,-0.610584,-0.519917,-93.033524,0.688108,-0.006959,0.000744,-0.725575
3752,0.083664,-0.099207,9.917521,0.015760,-0.049371,-0.086205,-0.608459,-0.517584,-93.036423,0.688090,-0.006931,0.000745,-0.725592
3753,0.089030,-0.095509,9.915802,0.015838,-0.056967,-0.080102,-0.600853,-0.516401,-93.039238,0.688073,-0.006878,0.000704,-0.725609
3754,0.088204,-0.097958,9.917358,0.020492,-0.053908,-0.081628,-0.593358,-0.517523,-93.041977,0.688056,-0.006840,0.000650,-0.725625
3755,0.091087,-0.094380,9.921862,0.026665,-0.047805,-0.084681,-0.586300,-0.519366,-93.044792,0.688038,-0.006809,0.000594,-0.725642
3756,0.096818,-0.093336,9.922445,0.013012,-0.046319,-0.086208,-0.578434,-0.524570,-93.047676,0.688020,-0.006795,0.000513,-0.725660
3757,0.095832,-0.102184,9.924737,0.009990,-0.049428,-0.086209,-0.575331,-0.531316,-93.050560,0.688001,-0.006819,0.000453,-0.725677
3758,0.090702,-0.106801,9.927668,0.003842,-0.043341,-0.083157,-0.579011,-0.534445,-93.053337,0.687984,-0.006861,0.000458,-0.725694
3759,0.090566,-0.107143,9.929112,-0.008432,-0.052480,-0.081630,-0.585082,-0.534587,-93.056015,0.687966,-0.006898,0.000496,-0.725710
3760,0.088283,-0.106952,9.929311,-0.006966,-0.060079,-0.063318,-0.590662,-0.533707,-93.058357,0.687951,-0.006926,0.000536,-0.725724
3761,0.088922,-0.102740,9.930758,0.003687,-0.060041,-0.061791,-0.593257,-0.532287,-93.060402,0.687938,-0.006933,0.000562,-0.725736
3762,0.084722,-0.102587,9.930923,0.008265,-0.066091,-0.063316,-0.593089,-0.529592,-93.062469,0.687925,-0.006915,0.000577,-0.725748
3763,0.082693,-0.098699,9.926418,0.005233,-0.066011,-0.063316,-0.590983,-0.524627,-93.064560,0.687912,-0.006871,0.000593,-0.725761
3764,0.079524,-0.097058,9.919971,0.012908,-0.065913,-0.064841,-0.586624,-0.518023,-93.066711,0.687899,-0.006803,0.000606,-0.725774
3765,0.079874,-0.098088,9.921666,0.009899,-0.061233,-0.080100,-0.582426,-0.511006,-93.069145,0.687885,-0.006733,0.000621,-0.725789
3766,0.079214,-0.107434,9.918302,0.000727,-0.070298,-0.089255,-0.583572,-0.504959,-93.071922,0.687867,-0.006701,0.000665,-0.725805
3767,0.080889,-0.104627,9.915675,-0.010002,-0.070222,-0.087727,-0.588137,-0.500503,-93.074814,0.687849,-0.006701,0.000721,-0.725823
3768,0.082580,-0.108877,9.919090,-0.003950,-0.071697,-0.095355,-0.592972,-0.498315,-93.077805,0.687830,-0.006716,0.000765,-0.725840
3769,0.085175,-0.111812,9.925049,-0.017761,-0.067094,-0.095354,-0.600298,-0.498397,-93.080894,0.687810,-0.006760,0.000811,-0.725859
3770,0.079744,-0.110685,9.917958,-0.019364,-0.059427,-0.090775,-0.607758,-0.497207,-93.083916,0.687790,-0.006797,0.000865,-0.725877
3771,0.078766,-0.109769,9.918421,-0.020943,-0.047153,-0.084671,-0.613311,-0.493015,-93.086777,0.687772,-0.006804,0.000926,-0.725894
3772,0.078013,-0.115489,9.918059,-0.014907,-0.051659,-0.086196,-0.619895,-0.488346,-93.089561,0.687754,-0.006814,0.000996,-0.725911
3773,0.080418,-0.114638,9.916655,-0.011936,-0.050078,-0.080091,-0.627538,-0.485112,-93.092247,0.687737,-0.006839,0.001064,-0.725927
3774,0.078954,-0.115405,9.910725,-0.004373,-0.048509,-0.081615,-0.633940,-0.482850,-93.094872,0.687720,-0.006864,0.001118,-0.725942
3775,0.082617,-0.115194,9.914285,-0.015115,-0.050006,-0.083141,-0.639594,-0.481962,-93.097557,0.687703,-0.006892,0.001159,-0.725959
3776,0.079090,-0.110845,9.913487,0.004694,-0.056085,-0.072459,-0.642203,-0.481484,-93.100113,0.687687,-0.006904,0.001179,-0.725974
3777,0.081912,-0.108799,9.915341,0.023016,-0.056057,-0.075510,-0.640782,-0.480899,-93.102562,0.687671,-0.006892,0.001174,-0.725989
3778,0.083162,-0.114464,9.917426,0.024536,-0.062154,-0.081614,-0.640489,-0.482247,-93.105164,0.687655,-0.006899,0.001164,-0.726004
3779,0.083552,-0.112679,9.922008,0.022984,-0.069784,-0.081613,-0.641972,-0.484453,-93.107834,0.687638,-0.006922,0.001160,-0.726020
3780,0.085957,-0.114256,9.923019,0.035168,-0.071320,-0.073985,-0.643072,-0.487735,-93.110374,0.687621,-0.006949,0.001148,-0.726035
3781,0.088140,-0.119081,9.926083,0.021384,-0.069821,-0.083139,-0.646755,-0.492577,-93.112930,0.687604,-0.007002,0.001142,-0.726051
3782,0.087780,-0.114637,9.930162,0.019809,-0.057642,-0.077035,-0.650465,-0.497344,-93.115540,0.687587,-0.007054,0.001137,-0.726066
3783,0.086995,-0.108494,9.928688,0.025921,-0.048502,-0.084666,-0.648948,-0.500530,-93.118217,0.687570,-0.007065,0.001108,-0.726083
3785,0.085294,-0.115740,9.929036,0.022873,-0.046973,-0.080088,-0.647699,-0.501872,-93.120949,0.687553,-0.007066,0.001093,-0.726099
3786,0.080537,-0.116888,9.927506,0.019784,-0.045410,-0.089243,-0.650397,-0.500032,-93.123726,0.687535,-0.007071,0.001121,-0.726116
3787,0.084216,-0.116338,9.929621,0.016692,-0.042315,-0.084664,-0.653345,-0.497684,-93.126572,0.687517,-0.007074,0.001154,-0.726133
3788,0.082726,-0.117787,9.926223,0.004445,-0.043812,-0.078559,-0.656522,-0.496574,-93.129234,0.687500,-0.007086,0.001181,-0.726149
3789,0.080551,-0.116779,9.926422,-0.003220,-0.046821,-0.069403,-0.659781,-0.494221,-93.131668,0.687485,-0.007090,0.001216,-0.726163
3790,0.081982,-0.116633,9.926809,-0.003246,-0.037621,-0.070928,-0.662185,-0.491699,-93.133972,0.687470,-0.007089,0.001246,-0.726177
3791,0.081903,-0.113534,9.920775,-0.003252,-0.054373,-0.061772,-0.662789,-0.490272,-93.136169,0.687456,-0.007083,0.001259,-0.726190
3792,0.084606,-0.115132,9.917695,0.004381,-0.049779,-0.051090,-0.662438,-0.490510,-93.138016,0.687445,-0.007083,0.001255,-0.726201
3793,0.087879,-0.120751,9.920780,0.011980,-0.048266,-0.055668,-0.664942,-0.493322,-93.139763,0.687433,-0.007115,0.001254,-0.726212
3794,0.091653,-0.117645,9.922047,-0.004846,-0.052887,-0.055668,-0.668503,-0.498994,-93.141571,0.687421,-0.007173,0.001243,-0.726222
3795,0.095824,-0.109058,9.923668,0.001277,-0.054488,-0.060247,-0.666709,-0.507563,-93.143494,0.687409,-0.007216,0.001180,-0.726234
3796,0.096116,-0.110984,9.930427,0.001331,-0.042365,-0.055671,-0.661755,-0.516786,-93.145454,0.687396,-0.007245,0.001094,-0.726246
3797,0.090614,-0.109592,9.928154,-0.003199,-0.051565,-0.080087,-0.657587,-0.522356,-93.147743,0.687381,-0.007255,0.001034,-0.726260
3798,0.091123,-0.108095,9.924545,-0.004673,-0.060729,-0.078561,-0.652978,-0.524991,-93.150398,0.687365,-0.007244,0.000989,-0.726276
3799,0.089117,-0.111038,9.925239,0.009099,-0.051567,-0.073983,-0.649463,-0.526372,-93.152946,0.687349,-0.007232,0.000959,-0.726291
3800,0.087923,-0.117247,9.922581,0.006034,-0.059172,-0.070931,-0.650352,-0.526046,-93.155334,0.687334,-0.007235,0.000967,-0.726305
3801,0.091917,-0.119617,9.922297,0.009030,-0.056109,-0.073982,-0.655169,-0.526940,-93.157692,0.687318,-0.007270,0.000992,-0.726319
3802,0.092417,-0.113433,9.923135,0.015100,-0.045437,-0.058723,-0.657753,-0.529505,-93.159843,0.687304,-0.007301,0.000993,-0.726332
3803,0.090844,-0.111953,9.922741,0.002902,-0.045438,-0.055671,-0.656567,-0.531163,-93.161743,0.687292,-0.007305,0.000976,-0.726344
3804,0.089048,-0.115398,9.917535,0.004429,-0.048472,-0.055671,-0.656333,-0.531117,-93.163582,0.687280,-0.007303,0.000975,-0.726355
3805,0.089608,-0.110514,9.915365,0.016642,-0.048447,-0.041938,-0.655392,-0.530491,-93.165192,0.687270,-0.007293,0.000973,-0.726364
3806,0.088868,-0.106126,9.912449,0.010589,-0.054525,-0.043464,-0.650444,-0.529957,-93.166641,0.687262,-0.007260,0.000944,-0.726373
3807,0.088547,-0.118577,9.913677,-0.007717,-0.065178,-0.051093,-0.649845,-0.529336,-93.168190,0.687252,-0.007253,0.000944,-0.726382
3808,0.083456,-0.117374,9.916474,0.009017,-0.066649,-0.054144,-0.654542,-0.526645,-93.169876,0.687241,-0.007264,0.000991,-0.726393
3809,0.083261,-0.109424,9.922358,0.012064,-0.075727,-0.060247,-0.654592,-0.522058,-93.171753,0.687229,-0.007235,0.001018,-0.726404
3810,0.085778,-0.114230,9.927234,-0.003180,-0.081770,-0.080083,-0.653070,-0.519240,-93.174080,0.687215,-0.007208,0.001026,-0.726418
3811,0.086474,-0.115477,9.930141,-0.001670,-0.084782,-0.089238,-0.654465,-0.518495,-93.176849,0.687197,-0.007212,0.001039,-0.726434
3812,0.085418,-0.107821,9.929381,0.018182,-0.083218,-0.089238,-0.652728,-0.517880,-93.179817,0.687179,-0.007197,0.001032,-0.726452
3813,0.091130,-0.103647,9.928150,0.016729,-0.074047,-0.095343,-0.645599,-0.519211,-93.182922,0.687159,-0.007163,0.000979,-0.726471
3814,0.091961,-0.110505,9.927096,0.010677,-0.063383,-0.087713,-0.640433,-0.522998,-93.185997,0.687140,-0.007156,0.000924,-0.726489
3815,0.085576,-0.107953,9.926734,0.024432,-0.058790,-0.080083,-0.637932,-0.523746,-93.188789,0.687122,-0.007146,0.000904,-0.726506
3816,0.079842,-0.113562,9.922425,0.019854,-0.048032,-0.070927,-0.637203,-0.518665,-93.191277,0.687107,-0.007109,0.000930,-0.726521
3817,0.083118,-0.116986,9.923095,0.009126,-0.044896,-0.061770,-0.640903,-0.512623,-93.193428,0.687093,-0.007093,0.000990,-0.726534
3818,0.078717,-0.124658,9.919779,0.004450,-0.043289,-0.051086,-0.649458,-0.506854,-93.195221,0.687082,-0.007108,0.001079,-0.726544
3819,0.079422,-0.125274,9.912925,-0.009411,-0.053882,-0.055662,-0.661049,-0.500555,-93.196884,0.687071,-0.007137,0.001190,-0.726554
3820,0.082261,-0.126300,9.908158,-0.027842,-0.061451,-0.052609,-0.672443,-0.497041,-93.198570,0.687060,-0.007183,0.001283,-0.726564
3821,0.087479,-0.115366,9.909674,-0.008058,-0.076697,-0.064816,-0.677810,-0.498150,-93.200455,0.687047,-0.007223,0.001311,-0.726575
3822,0.090416,-0.109502,9.908027,0.007243,-0.076725,-0.078550,-0.674049,-0.503237,-93.202843,0.687032,-0.007232,0.001257,-0.726590
3823,0.091957,-0.104089,9.912380,-0.001816,-0.078295,-0.078551,-0.665159,-0.509819,-93.205521,0.687015,-0.007221,0.001161,-0.726606
3824,0.089133,-0.115495,9.920068,-0.091786,-0.075270,-0.067871,-0.661407,-0.514896,-93.207977,0.687000,-0.007230,0.001107,-0.726621
3825,0.090573,-0.112405,9.925388,-0.253525,-0.067652,-0.060241,-0.666342,-0.518266,-93.210091,0.686986,-0.007281,0.001118,-0.726633
3826,0.087106,-0.125826,9.929695,-0.277979,-0.052386,-0.052611,-0.678716,-0.519703,-93.211914,0.686973,-0.007365,0.001188,-0.726644
3827,0.084389,-0.149939,9.934040,-0.281236,-0.043190,-0.038875,-0.706447,-0.517658,-93.213257,0.686963,-0.007518,0.001376,-0.726652
3828,0.084817,-0.137712,9.933898,-0.075464,-0.041613,-0.058709,-0.732912,-0.514475,-93.214684,0.686953,-0.007656,0.001563,-0.726660
3829,0.086868,-0.125023,9.928724,0.054176,-0.038526,-0.066337,-0.738972,-0.512706,-93.216698,0.686940,-0.007681,0.001612,-0.726672
3830,0.085729,-0.125767,9.925211,0.240360,-0.030870,-0.080071,-0.732206,-0.511561,-93.219139,0.686925,-0.007633,0.001577,-0.726687
3831,0.088680,-0.120487,9.923203,0.263289,-0.033908,-0.073967,-0.720073,-0.511364,-93.221733,0.686909,-0.007559,0.001501,-0.726703
3832,0.086340,-0.101603,9.917212,0.255802,-0.043053,-0.075494,-0.698676,-0.511766,-93.224319,0.686894,-0.007434,0.001363,-0.726718
3833,0.084489,-0.113749,9.916122,0.068258,-0.050653,-0.081599,-0.680160,-0.510643,-93.227028,0.686878,-0.007316,0.001253,-0.726735
3834,0.083695,-0.107717,9.915372,0.048504,-0.046033,-0.084651,-0.670750,-0.508486,-93.229843,0.686861,-0.007245,0.001206,-0.726752
3835,0.081594,-0.111599,9.915222,0.040944,-0.050557,-0.089229,-0.662960,-0.505323,-93.232780,0.686843,-0.007179,0.001176,-0.726770
3836,0.079187,-0.109907,9.914210,0.045566,-0.059642,-0.096858,-0.657463,-0.500839,-93.235901,0.686824,-0.007117,0.001168,-0.726788
3837,0.077470,-0.102234,9.917776,0.056326,-0.065662,-0.102962,-0.648635,-0.495386,-93.239265,0.686803,-0.007030,0.001145,-0.726808
3838,0.079249,-0.106295,9.914685,0.041152,-0.054904,-0.087702,-0.639388,-0.490623,-93.242485,0.686784,-0.006944,0.001115,-0.726828
3839,0.079677,-0.115104,9.918690,0.042685,-0.057900,-0.078546,-0.637299,-0.487445,-93.245239,0.686767,-0.006911,0.001121,-0.726844
3840,0.081508,-0.112715,9.922453,0.053334,-0.053282,-0.069390,-0.638604,-0.485783,-93.247665,0.686751,-0.006909,0.001139,-0.726859
3841,0.087064,-0.122744,9.921011,0.086835,-0.051756,-0.080071,-0.642529,-0.487572,-93.250076,0.686736,-0.006943,0.001154,-0.726873
3842,0.090593,-0.126517,9.921083,0.336955,-0.041119,-0.080070,-0.647317,-0.493090,-93.252625,0.686719,-0.007007,0.001151,-0.726889
3843,0.090931,-0.116617,9.921187,0.721393,-0.056434,-0.069389,-0.638222,-0.499810,-93.255035,0.686704,-0.006995,0.001053,-0.726903
3844,0.093488,-0.097631,9.916368,0.906070,-0.061073,-0.066338,-0.607477,-0.507216,-93.257309,0.686691,-0.006858,0.000814,-0.726917
3845,0.090531,-0.090482,9.914852,0.904676,-0.068749,-0.066339,-0.565372,-0.513619,-93.259605,0.686678,-0.006646,0.000509,-0.726931
3846,0.085883,-0.070529,9.918457,0.831634,-0.065696,-0.054133,-0.518223,-0.515757,-93.261742,0.686667,-0.006377,0.000197,-0.726944
3847,0.084571,-0.072868,9.920367,0.415269,-0.073288,-0.040402,-0.478277,-0.514722,-93.263481,0.686658,-0.006131,-0.000050,-0.726954
3848,0.087836,-0.085014,9.922021,-0.072956,-0.065630,-0.038876,-0.466205,-0.514433,-93.264839,0.686650,-0.006057,-0.000125,-0.726963
3849,0.087246,-0.096647,9.924448,-0.225636,-0.054932,-0.043453,-0.478997,-0.515080,-93.266113,0.686642,-0.006138,-0.000048,-0.726970
3850,0.089961,-0.093570,9.924370,-0.152519,-0.047298,-0.046504,-0.496756,-0.516307,-93.267502,0.686632,-0.006252,0.000058,-0.726978
3851,0.093684,-0.090613,9.920936,-0.036623,-0.047322,-0.040400,-0.506475,-0.520068,-93.268875,0.686622,-0.006334,0.000097,-0.726987
3852,0.093941,-0.090385,9.919494,-0.068701,-0.035153,-0.043452,-0.511377,-0.524995,-93.270233,0.686613,-0.006395,0.000098,-0.726995
3853,0.089090,-0.090219,9.923262,-0.396796,-0.039741,-0.032770,-0.521007,-0.527145,-93.271469,0.686605,-0.006466,0.000147,-0.727002
3854,0.092587,-0.102011,9.925160,-0.792076,-0.058050,-0.031243,-0.546615,-0.528534,-93.272469,0.686597,-0.006628,0.000301,-0.727008
3855,0.089010,-0.101625,9.923408,-1.210268,-0.079407,-0.017509,-0.588079,-0.530282,-93.273193,0.686590,-0.006888,0.000554,-0.727012
3856,0.089464,-0.106401,9.921499,-1.884783,-0.166361,0.017588,-0.644650,-0.532253,-93.273117,0.686587,-0.007239,0.000901,-0.727012
3857,0.089617,-0.115720,9.919957,-2.144233,-0.260944,0.060314,-0.715567,-0.537231,-93.271698,0.686591,-0.007696,0.001321,-0.727002
3858,0.100761,-0.139549,9.910092,-2.063455,-0.299118,0.066419,-0.794333,-0.548829,-93.269379,0.686599,-0.008241,0.001751,-0.726988
3859,0.095768,-0.117876,9.910914,-2.014607,-0.314420,0.106092,-0.860700,-0.562762,-93.266357,0.686612,-0.008728,0.002088,-0.726969
3860,0.041345,-0.122258,9.949462,-2.795656,-0.124938,0.473842,-0.920745,-0.545940,-93.256790,0.686670,-0.008981,0.002569,-0.726910
3861,0.087101,-0.212688,9.940621,-4.207198,-0.268077,1.316158,-1.043140,-0.525151,-93.226860,0.686851,-0.009583,0.003468,-0.726727
3862,0.092252,-0.232990,9.935701,-4.193842,-0.205491,1.363465,-1.217613,-0.530061,-93.181755,0.687121,-0.010662,0.004540,-0.726450
3863,0.088542,-0.231849,9.942620,-3.658529,-0.173434,1.426031,-1.374670,-0.534200,-93.134888,0.687403,-0.011632,0.005506,-0.726162
3864,0.082166,-0.260914,9.947875,-1.987846,0.110456,0.904168,-1.487582,-0.528201,-93.095856,0.687639,-0.012274,0.006254,-0.725922
3865,0.144914,-0.259289,9.908280,1.012008,-0.049973,0.132045,-1.514446,-0.545363,-93.078545,0.687744,-0.012545,0.006319,-0.725818
3866,0.095945,-0.159684,9.923307,4.247454,0.195436,-0.818617,-1.383098,-0.567080,-93.090477,0.687680,-0.011893,0.005358,-0.725897
3867,0.096041,-0.138229,9.929043,4.777931,0.215277,-0.891871,-1.144046,-0.560539,-93.120003,0.687517,-0.010416,0.003886,-0.726084
3868,0.090500,-0.119827,9.929502,4.601789,0.215319,-0.914768,-0.909566,-0.550054,-93.151009,0.687341,-0.008942,0.002465,-0.726276
3869,0.096214,-0.076932,9.923360,3.519148,-0.010490,-0.406641,-0.705156,-0.544482,-93.173729,0.687212,-0.007681,0.001205,-0.726415
3870,0.090738,-0.077459,9.929648,1.516209,-0.034891,0.067916,-0.566910,-0.544132,-93.179871,0.687182,-0.006849,0.000331,-0.726453
3871,0.091800,-0.086041,9.931013,-0.133042,-0.108106,0.434136,-0.519282,-0.543772,-93.171715,0.687236,-0.006561,0.000030,-0.726404
3872,0.092145,-0.079902,9.925823,-0.540356,-0.211847,2.053142,-0.521257,-0.546742,-93.130302,0.687499,-0.006592,0.000023,-0.726156
3873,0.089637,-0.070071,9.923827,-0.799618,-0.307946,5.672636,-0.531716,-0.551134,-93.001572,0.688313,-0.006683,0.000055,-0.725383
3874,0.083819,-0.095869,9.928722,-1.742557,-0.584072,10.088663,-0.569084,-0.557491,-92.738831,0.689972,-0.006948,0.000238,-0.723803
3875,0.103841,-0.114448,9.913102,-2.188198,-1.127286,15.005196,-0.645157,-0.580164,-92.320236,0.692605,-0.007551,0.000554,-0.721277
3876,0.124761,-0.134599,9.886295,-1.384177,-1.261683,21.571253,-0.723901,-0.623128,-91.710037,0.696427,-0.008302,0.000746,-0.717579
3877,0.112113,-0.064820,9.897230,-0.404400,-0.985596,27.934361,-0.750921,-0.659510,-90.884651,0.701573,-0.008698,0.000631,-0.712544
3878,0.134833,-0.045638,9.881932,0.380448,-1.266459,32.371746,-0.716159,-0.692668,-89.879684,0.707795,-0.008693,0.000136,-0.706364
3879,0.136065,-0.048347,9.873766,1.198920,-1.246759,36.607704,-0.652323,-0.733219,-88.730247,0.714847,-0.008543,-0.000594,-0.699229
3880,0.113118,-0.063148,9.883747,1.817371,-0.981260,39.882336,-0.578019,-0.757778,-87.455650,0.722584,-0.008216,-0.001292,-0.691234
3881,0.088185,-0.081016,9.910209,1.517011,-1.104656,40.405724,-0.517839,-0.761425,-86.117584,0.730609,-0.007838,-0.001770,-0.682748
3882,0.100938,-0.176851,9.900903,0.706498,-1.665930,37.741467,-0.520436,-0.771781,-84.814545,0.738325,-0.007895,-0.001910,-0.674396
3883,0.078484,-0.195232,9.913552,0.101535,-1.561858,33.516190,-0.585818,-0.785959,-83.625679,0.745276,-0.008383,-0.001704,-0.666701
3884,0.087958,-0.223835,9.924998,0.543233,-1.245619,28.619509,-0.663163,-0.787808,-82.588676,0.751273,-0.008885,-0.001346,-0.659931
3885,0.090369,-0.212815,9.929957,0.511921,-0.988923,24.070740,-0.729095,-0.783722,-81.709167,0.756311,-0.009286,-0.001011,-0.654146
3886,0.088987,-0.172239,9.927789,0.338973,-0.784113,20.765598,-0.771715,-0.773303,-80.960930,0.760563,-0.009503,-0.000761,-0.649194
3888,0.076991,-0.161135,9.934294,0.361598,-0.621991,21.494997,-0.793174,-0.753431,-80.255997,0.764542,-0.009530,-0.000566,-0.644503
3889,0.079395,-0.170744,9.934962,0.405632,-0.574297,24.044828,-0.809812,-0.727618,-79.496521,0.768798,-0.009493,-0.000363,-0.639421
3890,0.073782,-0.159765,9.922423,-0.374306,-0.856220,27.414078,-0.837130,-0.705533,-78.638382,0.773564,-0.009553,-0.000134,-0.633646
3891,0.072875,-0.161426,9.920362,-0.868836,-1.028283,30.801638,-0.881369,-0.689379,-77.667625,0.778902,-0.009763,0.000137,-0.627070
3892,0.079675,-0.169604,9.913877,-1.377090,-1.150036,33.568146,-0.942542,-0.679688,-76.594261,0.784737,-0.010131,0.000443,-0.619746
3893,0.081861,-0.178187,9.912007,-1.233769,-1.227586,34.999474,-1.010062,-0.675306,-75.450890,0.790876,-0.010577,0.000732,-0.611885
3894,0.077877,-0.188825,9.916178,-1.258289,-1.295983,35.347389,-1.074853,-0.671749,-74.277847,0.797092,-0.011016,0.000990,-0.603757
3895,0.079516,-0.197386,9.918999,-1.272114,-1.425413,34.872833,-1.138944,-0.669855,-73.106819,0.803214,-0.011465,0.001224,-0.595579
3896,0.081443,-0.217178,9.912694,-0.872435,-1.509082,34.070202,-1.198363,-0.672157,-71.956978,0.809143,-0.011908,0.001397,-0.587489
3897,0.081405,-0.242994,9.915767,-0.120355,-1.476786,32.696877,-1.246106,-0.675625,-70.843239,0.814810,-0.012278,0.001498,-0.579597
3898,0.082784,-0.247274,9.915801,0.076248,-1.348359,30.430885,-1.281084,-0.677066,-69.790115,0.820098,-0.012549,0.001549,-0.572084
3899,0.087122,-0.261304,9.911213,0.169072,-1.236735,28.407516,-1.311736,-0.677099,-68.808487,0.824965,-0.012783,0.001593,-0.565037
3900,0.083733,-0.280599,9.907340,0.678393,-1.054921,26.260550,-1.338719,-0.673579,-67.896378,0.829434,-0.012973,0.001648,-0.558452
3901,0.081496,-0.271066,9.911977,0.873376,-0.889874,23.295685,-1.352775,-0.664339,-67.069565,0.833441,-0.013042,0.001689,-0.552452
3902,0.077791,-0.272414,9.912516,0.802902,-0.816369,20.906096,-1.358563,-0.651881,-66.332092,0.836980,-0.013036,0.001724,-0.547076
3903,0.078689,-0.257398,9.910328,0.929335,-0.802377,19.439690,-1.356996,-0.639743,-65.658958,0.840180,-0.012977,0.001729,-0.542150
3904,0.076431,-0.251960,9.911962,1.623487,-0.825020,19.322201,-1.334459,-0.629480,-65.012314,0.843230,-0.012772,0.001626,-0.537400
3905,0.077177,-0.215953,9.916470,2.052266,-0.869033,19.326786,-1.280924,-0.621570,-64.367638,0.846246,-0.012349,0.001363,-0.532647
3906,0.076187,-0.188967,9.917112,2.066171,-0.881013,19.819662,-1.203804,-0.616093,-63.714848,0.849275,-0.011760,0.000978,-0.527819
3907,0.076735,-0.183384,9.915180,1.939728,-0.928094,21.334908,-1.125639,-0.612384,-63.028641,0.852429,-0.011167,0.000579,-0.522724
3908,0.076568,-0.194577,9.912673,1.613271,-0.926354,22.409163,-1.066034,-0.610045,-62.299168,0.855745,-0.010715,0.000256,-0.517287
3909,0.075859,-0.206443,9.915339,1.037918,-0.839163,22.064308,-1.036789,-0.606595,-61.557438,0.859078,-0.010482,0.000082,-0.511737
3910,0.074728,-0.203088,9.915672,0.488421,-0.748917,20.774908,-1.033681,-0.600604,-60.842915,0.862253,-0.010432,0.000048,-0.506370
3911,0.070803,-0.220400,9.913834,0.535489,-0.715117,20.161491,-1.044890,-0.591987,-60.160080,0.865255,-0.010479,0.000100,-0.501223
3912,0.067833,-0.227519,9.919099,0.809838,-0.630947,18.550121,-1.057700,-0.580528,-59.514282,0.868066,-0.010527,0.000183,-0.496338
3913,0.064539,-0.201488,9.922594,1.101055,-0.540662,16.345167,-1.052747,-0.566387,-58.932209,0.870577,-0.010430,0.000216,-0.491921
3914,0.063623,-0.144021,9.921479,1.040091,-0.517519,15.414356,-1.015725,-0.551613,-58.402687,0.872845,-0.010086,0.000123,-0.487893
3915,0.064203,-0.136776,9.924124,0.799274,-0.581371,16.834995,-0.965033,-0.539303,-57.865181,0.875130,-0.009647,-0.000045,-0.483792
3916,0.063490,-0.133382,9.928802,0.837685,-0.636082,19.305470,-0.919669,-0.529761,-57.262787,0.877665,-0.009259,-0.000212,-0.479185
3917,0.066085,-0.110080,9.925421,0.906652,-0.709126,22.064341,-0.869962,-0.523328,-56.573261,0.880537,-0.008849,-0.000424,-0.473895
3918,0.069697,-0.095570,9.926778,0.733072,-0.818824,25.743349,-0.816015,-0.521924,-55.776474,0.883815,-0.008424,-0.000695,-0.467760
3919,0.068857,-0.122229,9.928030,0.718082,-0.951427,30.182262,-0.776223,-0.524637,-54.844284,0.887594,-0.008121,-0.000944,-0.460555
3920,0.061155,-0.133111,9.924060,1.063014,-1.026012,33.803288,-0.749669,-0.526667,-53.777611,0.891844,-0.007913,-0.001140,-0.452273
3921,0.063429,-0.137169,9.919893,1.339185,-1.054797,35.236134,-0.722173,-0.527883,-52.626637,0.896343,-0.007691,-0.001336,-0.443292
3922,0.060057,-0.163406,9.921821,1.403110,-1.046954,35.600838,-0.702212,-0.529032,-51.445618,0.900866,-0.007524,-0.001499,-0.434030
3923,0.055473,-0.173421,9.916821,1.886502,-1.034503,36.009789,-0.687692,-0.527277,-50.251583,0.905340,-0.007387,-0.001618,-0.424620
3924,0.047137,-0.150315,9.915290,2.405017,-1.061680,37.871426,-0.654464,-0.521736,-49.019733,0.909855,-0.007085,-0.001773,-0.414863
3925,0.049654,-0.114839,9.922242,2.703980,-1.014070,36.725452,-0.591220,-0.515332,-47.776138,0.914307,-0.006538,-0.002023,-0.404963
3926,0.044250,-0.102511,9.919103,3.123604,-0.946620,34.314499,-0.505225,-0.508935,-46.591949,0.918449,-0.005806,-0.002336,-0.395491
3927,0.043407,-0.063919,9.914660,3.473125,-0.898992,33.452354,-0.397648,-0.501723,-45.462395,0.922308,-0.004892,-0.002697,-0.386416
3928,0.044547,-0.011969,9.917812,2.687563,-0.811701,32.310963,-0.278395,-0.495578,-44.366432,0.925966,-0.003882,-0.003087,-0.377575
3929,0.046680,0.015479,9.926102,1.336028,-0.642029,28.755556,-0.180923,-0.489263,-43.348919,0.929285,-0.003044,-0.003385,-0.369335
3930,0.045561,-0.022437,9.915927,0.535179,-0.646325,30.080055,-0.134477,-0.482541,-42.368492,0.932413,-0.002616,-0.003502,-0.361369
3931,0.057002,-0.030972,9.912178,-0.270505,-0.717806,34.052040,-0.138680,-0.481268,-41.299610,0.935743,-0.002614,-0.003503,-0.352657
3932,0.057263,-0.019418,9.916132,-0.992280,-0.819853,37.973675,-0.170904,-0.486494,-40.099201,0.939385,-0.002856,-0.003477,-0.342836
3933,0.049118,-0.076157,9.912984,-0.665882,-0.956965,41.634365,-0.223527,-0.491647,-38.772320,0.943290,-0.003264,-0.003400,-0.331937
3934,0.054623,-0.124942,9.911510,0.168319,-1.037604,43.419704,-0.287239,-0.497226,-37.354435,0.947322,-0.003764,-0.003308,-0.320243
3935,0.050014,-0.086339,9.919169,0.527993,-1.017527,42.400391,-0.328068,-0.502196,-35.923801,0.951245,-0.004075,-0.003286,-0.308392
3936,0.027786,-0.078240,9.923206,0.616287,-1.012605,42.130306,-0.340121,-0.497009,-34.514809,0.954965,-0.004121,-0.003261,-0.296673
3937,0.027297,-0.110725,9.922429,0.677060,-0.977084,40.653214,-0.354113,-0.483537,-33.134884,0.958468,-0.004165,-0.003163,-0.285152
3938,0.028606,-0.116186,9.920055,0.531712,-0.924791,38.953339,-0.379657,-0.469690,-31.807804,0.961706,-0.004309,-0.003034,-0.274034
3939,0.022623,-0.104226,9.915822,0.705331,-0.919802,39.127304,-0.399884,-0.454587,-30.506182,0.964756,-0.004410,-0.002909,-0.263093
3940,0.032622,-0.128739,9.911361,0.709555,-0.934683,40.171040,-0.418523,-0.442073,-29.184261,0.967727,-0.004506,-0.002813,-0.251947
3941,0.047080,-0.123529,9.917998,0.240696,-0.935937,40.447239,-0.448999,-0.438507,-27.840309,0.970614,-0.004724,-0.002772,-0.240580
3942,0.042941,-0.099245,9.923650,-0.163936,-0.944867,40.941639,-0.481703,-0.438517,-26.483612,0.973393,-0.004968,-0.002762,-0.229073
3943,0.045737,-0.086265,9.924876,-0.447846,-0.991942,41.815998,-0.510337,-0.438337,-25.104210,0.976078,-0.005178,-0.002766,-0.217340
3944,0.043672,-0.080165,9.920727,-0.934597,-1.060383,42.594223,-0.542413,-0.439341,-23.697329,0.978671,-0.005420,-0.002780,-0.205341
3945,0.032832,-0.085605,9.921267,-1.363322,-1.147089,43.688313,-0.586347,-0.437422,-22.259247,0.981169,-0.005757,-0.002758,-0.193045
3946,0.025326,-0.088081,9.920533,-1.315940,-1.245935,44.605400,-0.635067,-0.431152,-20.787632,0.983565,-0.006130,-0.002701,-0.180429
3947,0.027764,-0.146023,9.916134,-0.922332,-1.353925,46.128273,-0.691033,-0.425392,-19.275209,0.985858,-0.006567,-0.002650,-0.167434
3948,0.028957,-0.200208,9.919896,-0.464977,-1.347491,45.279865,-0.763323,-0.421269,-17.751295,0.987993,-0.007149,-0.002604,-0.154310
3949,0.026865,-0.184271,9.924762,-0.029040,-1.264763,42.101372,-0.825248,-0.415070,-16.294430,0.989871,-0.007642,-0.002565,-0.141738
3950,0.030442,-0.154602,9.930422,0.080597,-1.206462,39.574448,-0.854803,-0.407947,-14.932770,0.991484,-0.007859,-0.002560,-0.129966
3951,0.031815,-0.123856,9.929772,-0.030750,-1.216854,39.037323,-0.859115,-0.402731,-13.622313,0.992905,-0.007861,-0.002600,-0.118619
3952,0.032937,-0.141772,9.927665,-0.213747,-1.236418,38.849640,-0.862099,-0.399589,-12.323956,0.994186,-0.007854,-0.002659,-0.107362
3953,0.030421,-0.134943,9.929171,0.018271,-1.207152,38.022587,-0.867265,-0.396362,-11.042480,0.995324,-0.007866,-0.002715,-0.096237
3954,0.038756,-0.179953,9.927258,0.332557,-1.126030,36.334919,-0.874902,-0.394120,-9.802843,0.996306,-0.007901,-0.002774,-0.085465
3955,0.031701,-0.191250,9.928843,0.953358,-0.967094,32.355312,-0.883804,-0.389787,-8.657564,0.997110,-0.007947,-0.002810,-0.075503
3956,0.027804,-0.202737,9.927714,1.270429,-0.769974,27.275513,-0.882340,-0.378671,-7.663270,0.997728,-0.007903,-0.002783,-0.066848
3957,0.028417,-0.159676,9.926058,1.398404,-0.574379,22.197241,-0.861487,-0.363564,-6.838391,0.998185,-0.007694,-0.002719,-0.059663
3958,0.026731,-0.107689,9.925545,1.004841,-0.488662,19.085880,-0.814411,-0.347439,-6.150231,0.998529,-0.007259,-0.002646,-0.053665
3959,0.017601,-0.072482,9.925659,0.359771,-0.531103,19.198801,-0.759669,-0.330110,-5.512190,0.998816,-0.006760,-0.002559,-0.048102
3960,0.025416,-0.088528,9.923066,-0.360062,-0.660539,21.620443,-0.727259,-0.316993,-4.831878,0.999086,-0.006457,-0.002496,-0.042170
3961,0.033305,-0.121310,9.923527,-0.161520,-0.715280,23.019720,-0.724570,-0.313100,-4.087746,0.999339,-0.006416,-0.002505,-0.035681
3962,0.023304,-0.104599,9.927403,0.146809,-0.696779,22.644344,-0.720655,-0.309942,-3.326512,0.999555,-0.006365,-0.002521,-0.029042
3963,0.017903,-0.120072,9.926378,0.658087,-0.679753,22.084333,-0.702857,-0.301988,-2.580872,0.999724,-0.006191,-0.002496,-0.022536
3964,0.027216,-0.142821,9.926358,1.669717,-0.613919,20.410397,-0.673026,-0.295283,-1.872404,0.999846,-0.005915,-0.002480,-0.016354
3965,0.026163,-0.122973,9.921594,2.391380,-0.476404,17.157125,-0.617469,-0.290170,-1.246071,0.999923,-0.005416,-0.002473,-0.010887
3966,0.025193,-0.101718,9.918032,2.179273,-0.366357,13.809248,-0.544274,-0.282796,-0.729837,0.999965,-0.004765,-0.002438,-0.006381
3967,0.029846,-0.115374,9.916341,1.748878,-0.283775,10.716199,-0.488280,-0.273554,-0.320947,0.999984,-0.004268,-0.002375,-0.002811
3968,0.035233,-0.094347,9.912774,1.374877,-0.231743,7.852040,-0.451122,-0.266069,-0.011339,0.999990,-0.003937,-0.002321,-0.000108
3969,0.026989,-0.066949,9.908825,0.138884,-0.175134,5.395301,-0.426381,-0.257671,0.209501,0.999989,-0.003717,-0.002255,0.001820
3970,0.027911,-0.081824,9.909358,-1.148983,-0.129185,3.089629,-0.442535,-0.246190,0.350946,0.999986,-0.003855,-0.002160,0.003054
3971,0.024119,-0.092840,9.908833,-1.767100,-0.112230,1.052521,-0.501999,-0.234397,0.420048,0.999982,-0.004373,-0.002062,0.003657
3972,0.025189,-0.084204,9.909314,-1.909078,-0.113593,0.136966,-0.569281,-0.223300,0.439915,0.999978,-0.004960,-0.001968,0.003829
3973,0.022853,-0.111788,9.915603,-2.217365,-0.084451,-0.085817,-0.642670,-0.213087,0.440804,0.999975,-0.005601,-0.001881,0.003836
3974,0.025222,-0.147562,9.919464,-2.052805,-0.082793,-0.070556,-0.735298,-0.204003,0.438294,0.999971,-0.006410,-0.001805,0.003813
3975,0.026175,-0.156037,9.919863,-1.355769,-0.090321,-0.035456,-0.820262,-0.197893,0.436653,0.999966,-0.007151,-0.001754,0.003798
3976,0.028612,-0.162598,9.923658,-0.612880,-0.049050,-0.104122,-0.874389,-0.193833,0.434427,0.999962,-0.007624,-0.001720,0.003778
3977,0.025232,-0.155484,9.918158,0.133179,-0.023043,-0.239927,-0.893029,-0.189062,0.428746,0.999961,-0.007787,-0.001679,0.003729
3978,0.028430,-0.139859,9.913721,0.546756,-0.026034,-0.287230,-0.877091,-0.184551,0.419959,0.999963,-0.007648,-0.001638,0.003652
3979,0.027788,-0.119391,9.913300,0.765189,-0.035148,-0.328430,-0.834803,-0.182068,0.409650,0.999966,-0.007279,-0.001615,0.003563
3980,0.025493,-0.118964,9.914101,0.809719,-0.027470,-0.331483,-0.783440,-0.178864,0.398590,0.999969,-0.006831,-0.001585,0.003468
3981,0.027169,-0.100322,9.912521,0.628427,-0.025897,-0.281127,-0.733122,-0.175645,0.388314,0.999973,-0.006392,-0.001554,0.003379
3982,0.031117,-0.105675,9.918511,-0.173938,-0.030460,-0.232299,-0.701050,-0.175361,0.379695,0.999975,-0.006113,-0.001551,0.003304
3983,0.032766,-0.111929,9.918315,-0.604102,-0.028949,-0.200254,-0.700706,-0.177790,0.372458,0.999975,-0.006110,-0.001571,0.003241
3985,0.027311,-0.071778,9.916434,-0.477166,-0.015211,-0.149900,-0.693173,-0.178141,0.366553,0.999975,-0.006044,-0.001574,0.003189
3986,0.028237,-0.062902,9.918359,-0.273704,-0.010603,-0.110226,-0.659489,-0.175996,0.362080,0.999977,-0.005750,-0.001554,0.003151
3987,0.023256,-0.074639,9.917813,-0.169477,-0.012082,-0.094968,-0.625007,-0.172161,0.358537,0.999979,-0.005449,-0.001519,0.003121
3988,0.015398,-0.072791,9.920678,0.158958,-0.015030,-0.078183,-0.592705,-0.163278,0.355562,0.999981,-0.005168,-0.001441,0.003095
3989,0.014587,-0.074207,9.920065,0.321015,-0.010317,-0.055294,-0.557044,-0.151553,0.353267,0.999983,-0.004857,-0.001338,0.003076
3990,0.023531,-0.125221,9.923479,0.172998,-0.004134,-0.049189,-0.548941,-0.144706,0.351530,0.999983,-0.004786,-0.001277,0.003062
3991,0.023935,-0.134771,9.921460,0.056697,0.006566,-0.058344,-0.574750,-0.143018,0.349813,0.999982,-0.005012,-0.001263,0.003046
3992,0.024857,-0.135891,9.925216,0.038020,-0.011740,-0.065972,-0.606089,-0.142673,0.347825,0.999981,-0.005285,-0.001261,0.003029
3993,0.027559,-0.133386,9.926584,0.034657,-0.013280,-0.055290,-0.632880,-0.144375,0.345878,0.999979,-0.005519,-0.001277,0.003011
3994,0.026590,-0.137560,9.931517,0.009972,-0.008724,-0.049186,-0.656463,-0.146666,0.344203,0.999978,-0.005725,-0.001297,0.002996
3995,0.022002,-0.132893,9.929132,-0.005513,-0.023974,-0.050711,-0.676711,-0.146427,0.342596,0.999977,-0.005902,-0.001295,0.002982
3996,0.019512,-0.129543,9.932333,-0.008715,-0.033085,-0.064444,-0.690509,-0.143382,0.340722,0.999977,-0.006022,-0.001269,0.002966
3997,0.019285,-0.128051,9.929915,-0.010340,-0.023875,-0.070547,-0.699734,-0.139408,0.338506,0.999976,-0.006103,-0.001235,0.002947
3998,0.022831,-0.127556,9.924436,-0.007359,-0.014686,-0.079702,-0.706393,-0.137102,0.336025,0.999976,-0.006161,-0.001214,0.002925
3999,0.018247,-0.123583,9.922536,0.010916,-0.029912,-0.084279,-0.709613,-0.134927,0.333309,0.999976,-0.006189,-0.001195,0.002901
4000,0.018990,-0.132076,9.920881,0.020020,-0.026813,-0.093434,-0.713612,-0.131634,0.330369,0.999976,-0.006224,-0.001167,0.002876
4001,0.021339,-0.135650,9.919366,0.030599,-0.025259,-0.099537,-0.721986,-0.130018,0.327185,0.999976,-0.006297,-0.001153,0.002848
4002,0.023384,-0.135961,9.919163,0.024385,-0.023731,-0.094959,-0.731051,-0.130624,0.323977,0.999975,-0.006376,-0.001158,0.002820
4003,0.020503,-0.145550,9.920579,0.010508,-0.022199,-0.094958,-0.743424,-0.130892,0.320851,0.999974,-0.006484,-0.001160,0.002792
4004,0.027360,-0.138323,9.920084,0.005792,-0.005425,-0.104114,-0.755515,-0.132513,0.317568,0.999974,-0.006590,-0.001175,0.002764
4005,0.033126,-0.133884,9.923312,0.004206,0.005184,-0.099537,-0.760808,-0.139000,0.314187,0.999973,-0.006636,-0.001231,0.002734
4006,0.033156,-0.134592,9.921868,0.002652,0.006618,-0.090383,-0.763224,-0.147184,0.311026,0.999973,-0.006657,-0.001302,0.002706
4007,0.032174,-0.131132,9.920035,0.002643,-0.004140,-0.093435,-0.763915,-0.154015,0.307964,0.999973,-0.006663,-0.001362,0.002678
4008,0.037470,-0.122834,9.927221,0.007272,-0.011853,-0.088859,-0.759175,-0.161886,0.304917,0.999974,-0.006621,-0.001430,0.002651
4009,0.034543,-0.128703,9.928145,0.028695,-0.016514,-0.087334,-0.753206,-0.169873,0.301972,0.999974,-0.006569,-0.001500,0.002625
4010,0.029035,-0.129850,9.928892,0.030237,-0.027224,-0.096490,-0.750685,-0.173275,0.298913,0.999974,-0.006547,-0.001529,0.002599
4011,0.028262,-0.123251,9.926091,0.018066,-0.024162,-0.099542,-0.746629,-0.173237,0.295648,0.999974,-0.006512,-0.001529,0.002570
4012,0.027848,-0.120689,9.927403,0.013562,-0.005832,-0.098016,-0.739387,-0.172079,0.292342,0.999975,-0.006448,-0.001518,0.002541
4013,0.021261,-0.123881,9.921628,0.009047,-0.005781,-0.091913,-0.733440,-0.167676,0.289162,0.999975,-0.006397,-0.001479,0.002514
4014,0.023905,-0.123025,9.920228,-0.009224,0.001914,-0.091912,-0.729912,-0.161859,0.286090,0.999976,-0.006366,-0.001428,0.002488
4015,0.029655,-0.133837,9.922888,-0.010767,0.021768,-0.082756,-0.731730,-0.159982,0.283178,0.999976,-0.006382,-0.001412,0.002462
4016,0.026592,-0.137967,9.923203,-0.015435,0.024818,-0.082756,-0.740233,-0.159459,0.280432,0.999975,-0.006456,-0.001407,0.002438
4017,0.025763,-0.141339,9.925847,-0.010974,0.026358,-0.085807,-0.751196,-0.157351,0.277641,0.999975,-0.006552,-0.001389,0.002414
4018,0.031353,-0.139016,9.926665,-0.017183,0.032451,-0.084281,-0.761161,-0.157371,0.274820,0.999974,-0.006639,-0.001389,0.002389
4019,0.029582,-0.137270,9.931570,-0.021829,0.026317,-0.070548,-0.767942,-0.159191,0.272244,0.999974,-0.006698,-0.001405,0.002366
4020,0.021130,-0.131853,9.930440,-0.037108,0.026337,-0.069022,-0.770679,-0.156544,0.269911,0.999974,-0.006722,-0.001382,0.002346
4021,0.022002,-0.130754,9.935514,-0.038614,0.032496,-0.061391,-0.770140,-0.150570,0.267719,0.999974,-0.006718,-0.001330,0.002327
4022,0.021775,-0.132036,9.935875,-0.035540,0.032542,-0.046131,-0.769460,-0.145409,0.265908,0.999974,-0.006712,-0.001284,0.002312
4023,0.019694,-0.128472,9.935348,-0.018725,0.031063,-0.052234,-0.767554,-0.140106,0.264247,0.999974,-0.006695,-0.001238,0.002298
4024,0.020458,-0.136050,9.931282,-0.020241,0.028056,-0.055285,-0.767350,-0.135100,0.262440,0.999974,-0.006694,-0.001194,0.002282
4025,0.024397,-0.127877,9.924224,-0.004972,0.011285,-0.047656,-0.766880,-0.133241,0.260714,0.999974,-0.006690,-0.001178,0.002267
4026,0.026111,-0.126821,9.920638,0.010341,-0.002468,-0.047656,-0.762018,-0.134862,0.259112,0.999975,-0.006647,-0.001192,0.002253
4027,0.023430,-0.123036,9.919978,0.002782,-0.011639,-0.058338,-0.755352,-0.136470,0.257334,0.999975,-0.006589,-0.001206,0.002238
4028,0.024554,-0.123499,9.917228,-0.006296,-0.011643,-0.052235,-0.748408,-0.137320,0.255479,0.999976,-0.006528,-0.001213,0.002222
4029,0.023963,-0.120972,9.914078,-0.000116,-0.014701,-0.058338,-0.741670,-0.138273,0.253626,0.999976,-0.006470,-0.001221,0.002205
4030,0.025408,-0.126380,9.919058,0.001461,-0.011657,-0.070546,-0.737067,-0.139463,0.251473,0.999976,-0.006429,-0.001231,0.002187
4031,0.029144,-0.130710,9.922028,-0.007699,-0.026948,-0.079702,-0.737614,-0.142936,0.248978,0.999976,-0.006434,-0.001261,0.002165
4032,0.034838,-0.132481,9.919484,-0.000108,-0.028546,-0.084281,-0.741131,-0.150428,0.246266,0.999976,-0.006465,-0.001327,0.002141
4033,0.030605,-0.127688,9.917347,0.018183,-0.022513,-0.096489,-0.742628,-0.157666,0.243269,0.999976,-0.006478,-0.001390,0.002114
4034,0.026380,-0.124402,9.916179,0.027362,-0.014901,-0.096490,-0.739809,-0.159915,0.240056,0.999976,-0.006453,-0.001409,0.002086
4035,0.023955,-0.123395,9.917096,0.028930,-0.016404,-0.098016,-0.735052,-0.158470,0.236810,0.999976,-0.006412,-0.001396,0.002058
4036,0.016309,-0.117946,9.918270,0.033574,0.009608,-0.090385,-0.727951,-0.152189,0.233656,0.999977,-0.006350,-0.001341,0.002031
4037,0.017259,-0.123761,9.916252,0.029053,0.011231,-0.085806,-0.721902,-0.143123,0.230702,0.999977,-0.006297,-0.001262,0.002005
4038,0.022219,-0.132242,9.921544,0.010718,-0.000921,-0.073598,-0.723395,-0.137938,0.228049,0.999977,-0.006310,-0.001216,0.001982
4039,0.020999,-0.134220,9.925020,0.013691,-0.003946,-0.084279,-0.729967,-0.135686,0.225436,0.999977,-0.006368,-0.001197,0.001960
4040,0.017885,-0.136361,9.927017,0.002919,-0.016112,-0.088856,-0.737814,-0.132368,0.222574,0.999977,-0.006436,-0.001168,0.001935
4041,0.023265,-0.137466,9.920610,-0.006330,-0.038976,-0.084277,-0.746345,-0.131037,0.219720,0.999976,-0.006511,-0.001156,0.001910
4042,0.019303,-0.132510,9.924623,-0.012496,-0.038961,-0.084277,-0.752252,-0.131051,0.216940,0.999976,-0.006562,-0.001156,0.001886
4043,0.023358,-0.128955,9.922521,-0.014031,-0.034370,-0.090380,-0.753508,-0.131126,0.214048,0.999976,-0.006573,-0.001157,0.001860
4044,0.024852,-0.128607,9.918209,-0.023172,-0.035910,-0.081225,-0.752751,-0.133553,0.211200,0.999976,-0.006567,-0.001178,0.001835
4045,0.028389,-0.129264,9.914538,-0.027735,-0.016108,-0.075121,-0.752364,-0.137673,0.208603,0.999976,-0.006563,-0.001213,0.001812
4046,0.027461,-0.124615,9.916199,-0.017023,-0.008521,-0.087330,-0.750241,-0.141980,0.205894,0.999976,-0.006545,-0.001251,0.001789
4047,0.030664,-0.123151,9.917097,-0.009334,-0.010094,-0.101064,-0.745336,-0.146542,0.202745,0.999977,-0.006502,-0.001290,0.001761
4048,0.024686,-0.124890,9.917715,0.010556,-0.010120,-0.105642,-0.740609,-0.149266,0.199293,0.999977,-0.006461,-0.001314,0.001731
4049,0.025821,-0.122063,9.919416,0.013656,-0.014695,-0.090382,-0.735737,-0.149416,0.196020,0.999977,-0.006418,-0.001315,0.001702
4050,0.023684,-0.121882,9.917810,0.016764,-0.022313,-0.087331,-0.730179,-0.149116,0.193053,0.999977,-0.006370,-0.001312,0.001676
4051,0.022843,-0.122360,9.918399,0.016810,-0.019237,-0.073597,-0.725485,-0.147609,0.190369,0.999978,-0.006329,-0.001299,0.001653
4052,0.019236,-0.123694,9.920506,0.003106,-0.026822,-0.062915,-0.722560,-0.144379,0.188097,0.999978,-0.006303,-0.001270,0.001633
4053,0.015517,-0.129023,9.917559,-0.016742,-0.029798,-0.050706,-0.723657,-0.138502,0.186218,0.999978,-0.006313,-0.001219,0.001617
4054,0.019185,-0.128468,9.920396,-0.003041,-0.029729,-0.055284,-0.727062,-0.133333,0.184471,0.999978,-0.006343,-0.001174,0.001602
4055,0.023688,-0.126276,9.921918,-0.004586,-0.037339,-0.053757,-0.728714,-0.132654,0.182672,0.999978,-0.006357,-0.001168,0.001587
4056,0.026857,-0.130287,9.922226,-0.007658,-0.035834,-0.065966,-0.730839,-0.135838,0.180696,0.999978,-0.006376,-0.001195,0.001569
4057,0.026055,-0.137198,9.918010,0.007530,-0.028235,-0.064440,-0.737232,-0.139715,0.178552,0.999977,-0.006432,-0.001229,0.001550
4058,0.035445,-0.137096,9.923602,0.010486,-0.016094,-0.081225,-0.745623,-0.146454,0.176156,0.999977,-0.006505,-0.001288,0.001529
4059,0.035312,-0.140097,9.927584,0.002758,-0.005514,-0.084279,-0.754181,-0.156018,0.173425,0.999976,-0.006579,-0.001371,0.001504
4060,0.025987,-0.142830,9.928505,-0.003457,0.003598,-0.087331,-0.764151,-0.159932,0.170593,0.999976,-0.006666,-0.001406,0.001479
4061,0.021281,-0.149319,9.928676,-0.024959,0.008212,-0.082752,-0.777177,-0.156533,0.167791,0.999975,-0.006780,-0.001376,0.001455
4062,0.029142,-0.139956,9.931448,-0.012858,0.015863,-0.079699,-0.787375,-0.154251,0.165104,0.999975,-0.006869,-0.001356,0.001432
4063,0.019735,-0.142824,9.929838,-0.012914,0.009783,-0.084277,-0.792812,-0.151700,0.162379,0.999974,-0.006917,-0.001334,0.001408
4064,0.020969,-0.149580,9.925538,-0.025211,0.000687,-0.098009,-0.801483,-0.146238,0.159359,0.999974,-0.006992,-0.001286,0.001382
4065,0.034932,-0.142696,9.923124,-0.000873,0.002192,-0.096483,-0.808882,-0.148094,0.156135,0.999973,-0.007057,-0.001302,0.001353
4066,0.038411,-0.142516,9.922705,0.006727,-0.010123,-0.102588,-0.811503,-0.157956,0.152827,0.999973,-0.007080,-0.001388,0.001324
4067,0.024284,-0.143139,9.922089,0.000598,-0.017799,-0.102589,-0.813545,-0.162665,0.149421,0.999973,-0.007098,-0.001429,0.001294
4068,0.029820,-0.135705,9.921570,0.002137,-0.028473,-0.090382,-0.812372,-0.162865,0.146213,0.999973,-0.007087,-0.001430,0.001266
4069,0.022583,-0.125129,9.922619,-0.003867,-0.025402,-0.079700,-0.803408,-0.162082,0.143365,0.999974,-0.007009,-0.001423,0.001241
4070,0.012939,-0.130083,9.922937,-0.012904,-0.031406,-0.087329,-0.793013,-0.154078,0.140566,0.999974,-0.006919,-0.001353,0.001217
4071,0.012292,-0.124062,9.920260,-0.012797,-0.025160,-0.082749,-0.783770,-0.142275,0.137720,0.999975,-0.006838,-0.001250,0.001193
4072,0.020877,-0.123357,9.914268,-0.014199,-0.028125,-0.091904,-0.773156,-0.135348,0.134794,0.999976,-0.006746,-0.001189,0.001168
4073,0.013490,-0.130744,9.909934,-0.012600,-0.021956,-0.091904,-0.766981,-0.130300,0.131727,0.999976,-0.006692,-0.001145,0.001142
4074,0.018266,-0.134747,9.906775,-0.006491,-0.038673,-0.088851,-0.766917,-0.125198,0.128728,0.999976,-0.006691,-0.001100,0.001116
4075,0.023176,-0.130548,9.911434,0.007242,-0.053919,-0.084273,-0.766897,-0.125587,0.125863,0.999976,-0.006691,-0.001103,0.001091
4076,0.026665,-0.136788,9.908258,0.030120,-0.087521,-0.076643,-0.767150,-0.130782,0.123215,0.999976,-0.006693,-0.001148,0.001068
4077,0.025629,-0.141105,9.909575,0.034638,-0.102818,-0.070539,-0.771517,-0.137435,0.120817,0.999976,-0.006731,-0.001206,0.001046
4078,0.030063,-0.136339,9.913380,0.039161,-0.121174,-0.059859,-0.775162,-0.145224,0.118706,0.999976,-0.006763,-0.001274,0.001027
4079,0.035100,-0.137515,9.914438,0.034553,-0.105993,-0.070541,-0.776621,-0.156082,0.116591,0.999976,-0.006776,-0.001369,0.001008
4080,0.030542,-0.139162,9.907732,0.031462,-0.084695,-0.067491,-0.779083,-0.165150,0.114344,0.999975,-0.006797,-0.001448,0.000988
4081,0.026045,-0.130837,9.912331,0.017724,-0.055707,-0.067491,-0.778650,-0.167963,0.112127,0.999975,-0.006794,-0.001472,0.000969
4082,0.030667,-0.132572,9.917841,0.002495,-0.031288,-0.058335,-0.775631,-0.169034,0.110042,0.999976,-0.006767,-0.001482,0.000950
4083,0.028677,-0.125756,9.916101,0.002547,0.000751,-0.075120,-0.770900,-0.170011,0.107811,0.999976,-0.006726,-0.001490,0.000931
4084,0.025218,-0.128488,9.917612,0.010242,0.000774,-0.067490,-0.764853,-0.167941,0.105417,0.999976,-0.006673,-0.001472,0.000910
4085,0.029214,-0.126409,9.921175,0.007243,0.005372,-0.073594,-0.759792,-0.166101,0.103050,0.999977,-0.006629,-0.001455,0.000890
4086,0.028817,-0.132813,9.921785,0.008792,0.006897,-0.073594,-0.757437,-0.166008,0.100589,0.999977,-0.006609,-0.001454,0.000868
4088,0.029660,-0.124939,9.913589,0.022548,-0.002263,-0.065964,-0.754788,-0.166389,0.098256,0.999977,-0.006585,-0.001458,0.000848
4089,0.032514,-0.131636,9.913415,-0.000317,-0.023649,-0.061387,-0.752205,-0.168867,0.096133,0.999977,-0.006563,-0.001479,0.000829
4090,0.029384,-0.123193,9.914423,0.013445,-0.023667,-0.059861,-0.749405,-0.171365,0.094115,0.999977,-0.006539,-0.001501,0.000812
4091,0.029011,-0.131112,9.914796,-0.000261,-0.035872,-0.046129,-0.746774,-0.172170,0.092354,0.999977,-0.006516,-0.001508,0.000796
4092,0.024831,-0.133395,9.915931,-0.001813,-0.031267,-0.050705,-0.749217,-0.170878,0.090762,0.999977,-0.006537,-0.001496,0.000782
4093,0.018137,-0.138154,9.919436,-0.011030,-0.025084,-0.067490,-0.754877,-0.164730,0.088821,0.999977,-0.006586,-0.001443,0.000766
4094,0.017851,-0.143975,9.920046,0.001073,-0.031082,-0.061384,-0.764438,-0.156112,0.086711,0.999977,-0.006670,-0.001367,0.000748
4095,0.021949,-0.142059,9.916501,-0.008193,-0.035584,-0.064435,-0.774521,-0.150431,0.084656,0.999976,-0.006758,-0.001318,0.000730
4096,0.017936,-0.136327,9.914847,-0.000622,-0.024839,-0.078167,-0.779877,-0.145762,0.082307,0.999976,-0.006805,-0.001277,0.000710
4097,0.026335,-0.129410,9.915827,0.007024,-0.033961,-0.076640,-0.778344,-0.143747,0.079736,0.999976,-0.006791,-0.001259,0.000687
4098,0.030460,-0.126639,9.918064,0.020823,-0.038571,-0.069012,-0.771952,-0.147884,0.077310,0.999976,-0.006736,-0.001295,0.000666
4099,0.031787,-0.118468,9.917829,0.034669,-0.026420,-0.072064,-0.760941,-0.154094,0.074947,0.999977,-0.006640,-0.001349,0.000645
4100,0.027400,-0.129614,9.917052,0.022544,-0.015772,-0.059858,-0.752502,-0.157821,0.072738,0.999977,-0.006566,-0.001381,0.000626
4101,0.034112,-0.124920,9.920898,0.014950,-0.034119,-0.050702,-0.748630,-0.161929,0.070897,0.999977,-0.006532,-0.001417,0.000609
4102,0.029313,-0.132118,9.919865,0.005809,-0.020424,-0.050703,-0.747028,-0.166350,0.069216,0.999978,-0.006518,-0.001456,0.000595
4103,0.023557,-0.133729,9.921692,-0.011009,-0.009724,-0.053755,-0.750080,-0.165153,0.067490,0.999977,-0.006545,-0.001445,0.000580
4104,0.023103,-0.142939,9.920620,-0.020249,-0.008146,-0.064436,-0.758139,-0.160822,0.065545,0.999977,-0.006615,-0.001407,0.000563
4105,0.025185,-0.140898,9.923906,-0.011202,-0.011159,-0.070538,-0.768458,-0.157636,0.063328,0.999976,-0.006705,-0.001379,0.000543
4106,0.024454,-0.141253,9.925099,-0.003658,0.001075,-0.075115,-0.776364,-0.155443,0.060923,0.999976,-0.006774,-0.001360,0.000522
4107,0.026531,-0.135973,9.925607,-0.000652,-0.008064,-0.072063,-0.780585,-0.154184,0.058483,0.999976,-0.006811,-0.001349,0.000501
4108,0.032483,-0.139365,9.923433,0.005425,-0.029453,-0.059856,-0.782938,-0.157167,0.056300,0.999976,-0.006832,-0.001375,0.000482
4109,0.028667,-0.129565,9.920691,0.003909,-0.031014,-0.064433,-0.781977,-0.161333,0.054240,0.999976,-0.006823,-0.001411,0.000464
4110,0.028977,-0.126183,9.920810,0.002456,-0.043233,-0.067486,-0.775267,-0.163679,0.052040,0.999976,-0.006765,-0.001431,0.000444
4111,0.024112,-0.125953,9.916985,0.014747,-0.052374,-0.065960,-0.767409,-0.163924,0.049816,0.999977,-0.006696,-0.001433,0.000425
4112,0.022167,-0.124821,9.917790,0.011773,-0.049271,-0.073590,-0.759914,-0.161129,0.047494,0.999977,-0.006631,-0.001409,0.000405
4113,0.020328,-0.117381,9.921717,0.013406,-0.036998,-0.087323,-0.749853,-0.156631,0.044804,0.999978,-0.006543,-0.001369,0.000382
4114,0.025755,-0.121223,9.923269,0.011990,-0.030851,-0.076641,-0.739518,-0.153921,0.042060,0.999978,-0.006453,-0.001346,0.000358
4115,0.023557,-0.119858,9.924792,0.016649,-0.024725,-0.082745,-0.731716,-0.152941,0.039396,0.999979,-0.006385,-0.001337,0.000335
4116,0.026074,-0.120388,9.925322,0.007565,-0.007923,-0.087322,-0.724975,-0.151993,0.036552,0.999979,-0.006326,-0.001328,0.000311
4117,0.031020,-0.121119,9.923846,0.007617,0.001211,-0.090374,-0.720026,-0.153991,0.033580,0.999979,-0.006283,-0.001346,0.000285
4118,0.029522,-0.122217,9.920688,0.004598,0.001175,-0.087324,-0.716819,-0.157257,0.030610,0.999979,-0.006255,-0.001374,0.000259
4119,0.030761,-0.116376,9.920455,0.006172,-0.004959,-0.079694,-0.712212,-0.160122,0.027815,0.999980,-0.006215,-0.001399,0.000234
4120,0.035641,-0.117711,9.915727,0.001659,-0.003488,-0.069014,-0.706315,-0.165258,0.025322,0.999980,-0.006163,-0.001443,0.000212
4121,0.032237,-0.117637,9.919040,0.000182,-0.014226,-0.070541,-0.701859,-0.170588,0.022987,0.999980,-0.006125,-0.001490,0.000191
4122,0.029381,-0.120475,9.920441,0.006314,-0.020346,-0.073592,-0.699274,-0.172696,0.020584,0.999980,-0.006102,-0.001508,0.000170
4123,0.035212,-0.125950,9.920439,0.009348,-0.017319,-0.081222,-0.700658,-0.175586,0.018017,0.999980,-0.006114,-0.001533,0.000148
4124,0.034983,-0.129080,9.922853,0.009287,-0.012789,-0.088853,-0.705794,-0.180401,0.015206,0.999980,-0.006159,-0.001575,0.000123
4125,0.032437,-0.130502,9.926305,0.018365,-0.020446,-0.096482,-0.712227,-0.183483,0.012146,0.999979,-0.006215,-0.001602,0.000096
4126,0.036039,-0.136967,9.923854,0.018260,-0.011316,-0.091904,-0.721053,-0.186406,0.009043,0.999979,-0.006292,-0.001627,0.000069
4127,0.035828,-0.135829,9.920714,0.013563,-0.015932,-0.085801,-0.731153,-0.190277,0.006122,0.999978,-0.006380,-0.001661,0.000043
4128,0.029791,-0.138408,9.917840,-0.000279,-0.017460,-0.085800,-0.740803,-0.191043,0.003302,0.999978,-0.006465,-0.001667,0.000018
4129,0.027905,-0.140655,9.917811,0.008761,-0.023524,-0.093428,-0.751159,-0.188162,0.000359,0.999977,-0.006555,-0.001642,-0.000008
4130,0.027365,-0.145087,9.918053,-0.000528,-0.009740,-0.091901,-0.762910,-0.184261,-0.002684,0.999977,-0.006658,-0.001608,-0.000034
4131,0.024687,-0.140379,9.916185,-0.002166,-0.015784,-0.096478,-0.773077,-0.179349,-0.005786,0.999976,-0.006746,-0.001565,-0.000061
4132,0.023689,-0.140957,9.919542,0.002337,-0.018766,-0.099529,-0.779753,-0.173656,-0.009024,0.999976,-0.006805,-0.001515,-0.000089
4133,0.025224,-0.136466,9.925223,0.009926,-0.015655,-0.101054,-0.783216,-0.168981,-0.012348,0.999976,-0.006835,-0.001474,-0.000118
4134,0.023750,-0.133241,9.924465,0.000775,-0.006449,-0.096476,-0.782573,-0.164899,-0.015636,0.999976,-0.006829,-0.001438,-0.000146
4135,0.025305,-0.132747,9.924252,-0.002251,-0.014037,-0.096475,-0.780319,-0.161482,-0.018853,0.999976,-0.006810,-0.001408,-0.000174
4136,0.030014,-0.134754,9.923860,-0.006814,-0.017083,-0.088846,-0.779067,-0.161515,-0.021939,0.999976,-0.006799,-0.001408,-0.000201
4137,0.028715,-0.133748,9.921424,-0.008332,-0.015571,-0.081216,-0.778630,-0.163304,-0.024767,0.999976,-0.006795,-0.001424,-0.000226
4138,0.029178,-0.137604,9.917947,0.003868,-0.011000,-0.064431,-0.779412,-0.164495,-0.027187,0.999976,-0.006802,-0.001434,-0.000247
4139,0.028061,-0.137838,9.920940,0.000788,-0.027788,-0.065957,-0.781791,-0.165380,-0.029344,0.999976,-0.006823,-0.001441,-0.000266
4140,0.027874,-0.132492,9.920321,0.005366,-0.027782,-0.067483,-0.781680,-0.165822,-0.031555,0.999976,-0.006822,-0.001445,-0.000285
4141,0.023457,-0.123858,9.918896,0.116827,-0.026227,-0.070535,-0.773421,-0.164148,-0.033860,0.999976,-0.006750,-0.001430,-0.000305
4142,0.022279,-0.113314,9.915355,0.252789,-0.027698,-0.088846,-0.753384,-0.160151,-0.036543,0.999977,-0.006575,-0.001395,-0.000328
4143,0.021438,-0.106104,9.916770,0.304886,-0.038321,-0.096475,-0.724653,-0.155912,-0.039670,0.999979,-0.006324,-0.001358,-0.000355
4144,0.021760,-0.102497,9.915803,0.299011,-0.029109,-0.093423,-0.694120,-0.152089,-0.042875,0.999981,-0.006058,-0.001325,-0.000382
4145,0.020889,-0.101805,9.917352,0.207654,-0.029058,-0.093423,-0.667787,-0.148476,-0.046023,0.999982,-0.005828,-0.001293,-0.000409
4146,0.031163,-0.110667,9.920210,0.172670,-0.032110,-0.094949,-0.651344,-0.149538,-0.049176,0.999983,-0.005685,-0.001303,-0.000437
4147,0.037102,-0.114919,9.928401,0.081128,-0.026086,-0.084269,-0.645844,-0.157746,-0.052156,0.999983,-0.005637,-0.001374,-0.000463
4148,0.037974,-0.124570,9.927235,-0.102054,-0.023139,-0.075114,-0.652552,-0.168044,-0.054785,0.999983,-0.005695,-0.001464,-0.000486
4149,0.044330,-0.133640,9.927611,-0.180036,-0.029367,-0.072063,-0.671629,-0.180136,-0.057184,0.999982,-0.005862,-0.001569,-0.000508
4150,0.041295,-0.139979,9.928174,-0.099374,-0.032541,-0.069011,-0.695390,-0.192140,-0.059460,0.999980,-0.006069,-0.001674,-0.000529
4151,0.035087,-0.143345,9.929756,-0.185049,-0.032598,-0.062908,-0.720209,-0.198387,-0.061576,0.999979,-0.006286,-0.001728,-0.000548
4152,0.032678,-0.150956,9.929729,-0.241743,-0.026495,-0.061382,-0.748497,-0.199431,-0.063562,0.999977,-0.006533,-0.001737,-0.000566
4153,0.031246,-0.141566,9.928356,-0.125955,-0.027996,-0.072062,-0.771055,-0.198195,-0.065718,0.999976,-0.006730,-0.001726,-0.000585
4154,0.021174,-0.133839,9.929240,-0.037510,-0.009606,-0.059853,-0.778994,-0.191715,-0.067890,0.999975,-0.006799,-0.001669,-0.000604
4155,0.022475,-0.128027,9.924671,-0.037478,-0.007965,-0.067481,-0.777333,-0.181686,-0.070018,0.999976,-0.006784,-0.001581,-0.000622
4156,0.019755,-0.125322,9.919313,-0.032822,-0.012435,-0.070532,-0.771491,-0.172340,-0.072336,0.999976,-0.006733,-0.001500,-0.000641
4157,0.026568,-0.121947,9.917381,-0.037300,-0.029148,-0.055272,-0.763617,-0.166578,-0.074450,0.999977,-0.006665,-0.001449,-0.000659
4158,0.027614,-0.124454,9.922225,-0.026524,-0.038282,-0.061376,-0.756275,-0.165778,-0.076403,0.999977,-0.006601,-0.001442,-0.000676
4159,0.032975,-0.129596,9.921250,-0.024955,-0.052030,-0.079687,-0.753160,-0.168626,-0.078746,0.999977,-0.006574,-0.001467,-0.000697
4160,0.033598,-0.126878,9.925352,-0.026456,-0.045968,-0.067481,-0.751859,-0.174038,-0.081183,0.999977,-0.006562,-0.001514,-0.000718
4161,0.031115,-0.132374,9.928452,-0.024924,-0.042942,-0.067481,-0.752051,-0.177860,-0.083415,0.999977,-0.006564,-0.001547,-0.000738
4162,0.022010,-0.127811,9.923457,-0.011189,-0.036801,-0.079688,-0.752486,-0.175825,-0.085851,0.999977,-0.006568,-0.001529,-0.000759
4163,0.022830,-0.130734,9.919261,-0.014231,-0.013833,-0.075109,-0.752037,-0.169596,-0.088422,0.999977,-0.006564,-0.001475,-0.000781
4164,0.024920,-0.124304,9.917597,-0.020309,-0.013775,-0.072057,-0.750256,-0.164868,-0.090875,0.999977,-0.006548,-0.001434,-0.000802
4165,0.025834,-0.121953,9.918451,-0.012612,-0.015266,-0.073582,-0.744816,-0.162287,-0.093313,0.999978,-0.006501,-0.001411,-0.000824
4166,0.030115,-0.117926,9.916833,-0.010996,-0.015263,-0.070530,-0.737004,-0.162530,-0.095732,0.999978,-0.006433,-0.001413,-0.000845
4167,0.033209,-0.126236,9.918235,-0.003306,-0.004616,-0.070531,-0.731887,-0.165966,-0.098094,0.999978,-0.006388,-0.001443,-0.000865
4168,0.033232,-0.122606,9.921480,-0.009383,-0.016869,-0.062902,-0.729715,-0.170494,-0.100320,0.999978,-0.006369,-0.001482,-0.000885
4169,0.030469,-0.127625,9.926985,-0.001740,-0.004688,-0.055273,-0.728618,-0.173225,-0.102289,0.999978,-0.006360,-0.001506,-0.000902
4170,0.030617,-0.133358,9.922181,0.007375,0.002934,-0.059851,-0.732139,-0.173946,-0.104196,0.999978,-0.006390,-0.001512,-0.000919
4171,0.033653,-0.131412,9.925966,0.005792,0.007493,-0.055273,-0.736997,-0.175586,-0.106101,0.999978,-0.006433,-0.001526,-0.000936
4172,0.027038,-0.125920,9.930533,0.002728,-0.000138,-0.053747,-0.738038,-0.175539,-0.107916,0.999978,-0.006442,-0.001526,-0.000952
4173,0.024417,-0.127249,9.930730,0.008844,0.009063,-0.055272,-0.736757,-0.171343,-0.109738,0.999978,-0.006431,-0.001489,-0.000967
4174,0.023016,-0.130820,9.923121,0.008831,0.001494,-0.061375,-0.737555,-0.165707,-0.111681,0.999978,-0.006438,-0.001440,-0.000984
4175,0.020370,-0.130981,9.923917,0.007274,0.006144,-0.061374,-0.740069,-0.159113,-0.113720,0.999978,-0.006460,-0.001382,-0.001001
4176,0.014638,-0.133644,9.925024,0.007232,0.006247,-0.067476,-0.743572,-0.149730,-0.115860,0.999978,-0.006490,-0.001300,-0.001020
4177,0.022187,-0.137718,9.920833,0.010215,0.013957,-0.067474,-0.749511,-0.142205,-0.118097,0.999977,-0.006542,-0.001234,-0.001039
4178,0.029707,-0.138080,9.914945,0.011657,0.003268,-0.070526,-0.756648,-0.142537,-0.120382,0.999977,-0.006604,-0.001237,-0.001059
4179,0.029403,-0.136090,9.917465,0.008541,0.000169,-0.067476,-0.762148,-0.146767,-0.122668,0.999976,-0.006652,-0.001274,-0.001079
4180,0.029617,-0.136074,9.919277,0.008497,-0.015133,-0.061372,-0.765857,-0.150915,-0.124802,0.999976,-0.006685,-0.001310,-0.001098
4181,0.034195,-0.138830,9.911896,0.017601,-0.010614,-0.067477,-0.769946,-0.156700,-0.126931,0.999976,-0.006721,-0.001360,-0.001117
4182,0.033831,-0.142187,9.915632,0.017528,-0.015264,-0.073582,-0.775969,-0.163575,-0.129258,0.999975,-0.006773,-0.001420,-0.001138
4183,0.026133,-0.134749,9.918488,0.406594,-0.012233,-0.110204,-0.772940,-0.166035,-0.132303,0.999976,-0.006747,-0.001441,-0.001164
4184,0.028267,-0.178158,9.929713,1.137298,-0.018324,-0.183447,-0.766494,-0.165441,-0.137134,0.999976,-0.006691,-0.001436,-0.001206
4185,0.026538,-0.055412,9.912284,3.656760,-0.091556,-0.297892,-0.672226,-0.166248,-0.145173,0.999981,-0.005868,-0.001443,-0.001275
4186,0.026597,-0.054861,9.924575,3.240851,-0.080854,-0.328412,-0.497108,-0.167370,-0.155751,0.999989,-0.004340,-0.001455,-0.001366
4187,0.025162,-0.076620,9.929179,1.742734,-0.042677,-0.351302,-0.383229,-0.166900,-0.167148,0.999992,-0.003346,-0.001452,-0.001463
4188,0.028050,-0.097492,9.932293,0.601238,-0.033499,-0.403182,-0.353438,-0.166208,-0.179684,0.999993,-0.003087,-0.001446,-0.001573
4189,0.029885,-0.065862,9.923456,-0.583052,-0.025870,-0.511523,-0.368539,-0.167388,-0.194877,0.999992,-0.003219,-0.001455,-0.001705
4191,0.032418,-0.176496,9.939787,-3.104308,0.105342,-2.240394,-0.468363,-0.167969,-0.240637,0.999988,-0.004090,-0.001457,-0.002106
4192,0.028292,-0.172332,9.930665,-2.502301,0.172474,-4.979429,-0.627524,-0.165319,-0.360809,0.999979,-0.005481,-0.001425,-0.003157
4193,0.028237,-0.138497,9.926126,-0.805909,0.192315,-7.298834,-0.721322,-0.161208,-0.565390,0.999967,-0.006302,-0.001376,-0.004943
4194,0.032204,-0.147039,9.925374,0.155237,0.247234,-9.703691,-0.748208,-0.158714,-0.848787,0.999950,-0.006539,-0.001337,-0.007416
4195,0.031711,-0.139008,9.926793,1.151554,0.346388,-13.805378,-0.735557,-0.156621,-1.240669,0.999920,-0.006433,-0.001297,-0.010835
4196,0.033093,-0.134216,9.925963,1.760339,0.401286,-17.427927,-0.690858,-0.153909,-1.761319,0.999863,-0.006049,-0.001250,-0.015378
4197,0.035979,-0.142545,9.925192,2.063892,0.418016,-20.025053,-0.635075,-0.152423,-2.385615,0.999767,-0.005569,-0.001214,-0.020824
4198,0.036865,-0.099263,9.921010,1.458056,0.495766,-23.623182,-0.578390,-0.151334,-3.113177,0.999617,-0.005081,-0.001183,-0.027171
4199,0.039792,-0.107092,9.925299,0.542515,0.567398,-25.786949,-0.541647,-0.149485,-3.936786,0.999398,-0.004769,-0.001141,-0.034354
4200,0.040497,-0.093663,9.929859,0.186950,0.617652,-27.567703,-0.529356,-0.147269,-4.826124,0.999102,-0.004669,-0.001090,-0.042109
4201,0.038125,-0.100943,9.943932,0.038903,0.638917,-28.614489,-0.526084,-0.143774,-5.762579,0.998724,-0.004648,-0.001022,-0.050272
4202,0.034281,-0.044028,9.938427,0.577692,0.651046,-30.126682,-0.501027,-0.138175,-6.741716,0.998259,-0.004436,-0.000947,-0.058803
4203,0.034260,-0.087652,9.941180,1.154659,0.606723,-29.980196,-0.454718,-0.131818,-7.743600,0.997709,-0.004037,-0.000880,-0.067528
4204,0.038727,-0.023374,9.934002,2.215375,0.574584,-31.261972,-0.378473,-0.128061,-8.764386,0.997070,-0.003379,-0.000862,-0.076412
4205,0.029163,0.016888,9.925780,2.168568,0.524147,-31.712122,-0.258338,-0.122844,-9.814060,0.996331,-0.002338,-0.000875,-0.085541
4206,0.030750,0.030138,9.918910,1.305462,0.495094,-30.724850,-0.147199,-0.114854,-10.854762,0.995515,-0.001374,-0.000876,-0.094585
4207,0.034379,0.019095,9.927678,0.115672,0.487379,-29.490377,-0.082755,-0.108344,-11.858384,0.994650,-0.000816,-0.000866,-0.103300
4208,0.037941,0.029871,9.927837,0.239593,0.470472,-28.860170,-0.046192,-0.104522,-12.830901,0.993737,-0.000502,-0.000861,-0.111737
4209,0.024575,0.035426,9.926497,0.255167,0.445965,-28.507683,-0.007800,-0.098011,-13.787025,0.992771,-0.000170,-0.000841,-0.120024
4210,0.030913,0.015614,9.921960,-0.466377,0.444366,-27.225908,0.009796,-0.089783,-14.715888,0.991765,-0.000016,-0.000788,-0.128068
4211,0.028524,-0.017493,9.920547,-1.502490,0.474786,-27.042797,-0.022365,-0.083389,-15.620305,0.990724,-0.000292,-0.000694,-0.135891
4212,0.025686,-0.032072,9.923903,-2.180171,0.535736,-27.778292,-0.097867,-0.075489,-16.533915,0.989608,-0.000940,-0.000529,-0.143786
4213,0.017583,-0.040629,9.920523,-2.818195,0.602820,-28.876959,-0.196876,-0.064112,-17.478115,0.988389,-0.001783,-0.000292,-0.151935
4214,0.023083,-0.078893,9.925894,-3.698901,0.674480,-28.962412,-0.326754,-0.052613,-18.442083,0.987073,-0.002888,0.000004,-0.160244
4215,0.027450,-0.113685,9.931597,-3.455120,0.739984,-29.516319,-0.478188,-0.045812,-19.416739,0.985670,-0.004181,0.000310,-0.168634
4216,0.028056,-0.096454,9.930845,-2.149183,0.781046,-30.610411,-0.593725,-0.042305,-20.418913,0.984153,-0.005165,0.000555,-0.177247
4217,0.032152,-0.124070,9.931586,-1.529782,0.809877,-31.475611,-0.665544,-0.041577,-21.453794,0.982509,-0.005774,0.000725,-0.186127
4218,0.034476,-0.112720,9.933891,-1.500855,0.817319,-31.040726,-0.721262,-0.043927,-22.495865,0.980772,-0.006248,0.000852,-0.195053
4219,0.035191,-0.124726,9.929233,-1.418445,0.830854,-31.490875,-0.768120,-0.047766,-23.538219,0.978955,-0.006647,0.000959,-0.203966
4220,0.033226,-0.131271,9.930658,-1.305519,0.867287,-32.899307,-0.811893,-0.051304,-24.611568,0.976999,-0.007018,0.001073,-0.213127
4221,0.037420,-0.122117,9.930110,-1.201682,0.882353,-33.386078,-0.846010,-0.055467,-25.716518,0.974896,-0.007305,0.001171,-0.222537
4222,0.034623,-0.145385,9.922160,-1.113108,0.833331,-31.872362,-0.877076,-0.060576,-26.804354,0.972738,-0.007568,0.001260,-0.231782
4223,0.043928,-0.190729,9.919785,-1.107140,0.874320,-33.122101,-0.925118,-0.068164,-27.887775,0.970499,-0.007979,0.001368,-0.240968
4224,0.037325,-0.127449,9.916625,-0.183977,0.935144,-35.008148,-0.947201,-0.075776,-29.023497,0.968062,-0.008168,0.001431,-0.250575
4225,0.041227,-0.125384,9.918378,-0.073853,0.847972,-32.259960,-0.926817,-0.081628,-30.144878,0.965564,-0.007995,0.001415,-0.260037
4226,0.051520,-0.172572,9.915783,-0.507121,0.817217,-31.377975,-0.926292,-0.092291,-31.205727,0.963116,-0.008002,0.001398,-0.268965
4227,0.059322,-0.076895,9.912688,-0.700656,1.038185,-36.578339,-0.921293,-0.105987,-32.338623,0.960409,-0.007979,0.001351,-0.278475
4228,0.075041,-0.082904,9.909132,-2.898937,0.972209,-41.754284,-0.926690,-0.125939,-33.644478,0.957173,-0.008059,0.001288,-0.289402
4229,0.102880,-0.106258,9.904992,-5.079013,1.128881,-44.813774,-1.013599,-0.160401,-35.087498,0.953445,-0.008856,0.001332,-0.301434
4230,0.205356,-0.128582,9.860389,-6.912814,1.356831,-47.836647,-1.175570,-0.233193,-36.631817,0.949280,-0.010378,0.001292,-0.314259
4231,0.203269,-0.197200,9.856052,-6.637962,1.349490,-45.198349,-1.376895,-0.334212,-38.182419,0.944915,-0.012308,0.001174,-0.327081
4232,0.193213,-0.313390,9.861082,-6.192650,1.243116,-40.014801,-1.604593,-0.425683,-39.602512,0.940757,-0.014433,0.001249,-0.338772
4233,0.177535,-0.332888,9.861807,-3.870675,1.466557,-35.510284,-1.805604,-0.496536,-40.861275,0.936947,-0.016277,0.001440,-0.349091
4234,0.157754,-0.388283,9.866397,-2.290301,1.476599,-32.934544,-1.941681,-0.542214,-42.002384,0.933400,-0.017513,0.001656,-0.358407
4235,0.055278,-0.339547,9.910094,-0.271795,1.502418,-32.061710,-2.000543,-0.540805,-43.086353,0.929959,-0.017970,0.002021,-0.367219
4236,0.050153,-0.284581,9.912404,-0.268534,1.516447,-32.925381,-1.980998,-0.501227,-44.170689,0.926449,-0.017662,0.002447,-0.375998
4237,0.060956,-0.252134,9.912886,-0.713554,1.441927,-32.086117,-1.938710,-0.466406,-45.255627,0.922857,-0.017181,0.002753,-0.384749
4238,0.065595,-0.243532,9.915360,-0.630494,1.274222,-28.436102,-1.893699,-0.441579,-46.265701,0.919439,-0.016710,0.002949,-0.392866
4239,0.074763,-0.400590,9.864438,-0.554136,1.077437,-23.897999,-1.901198,-0.425918,-47.138763,0.916419,-0.016692,0.003227,-0.399858
4240,0.040183,-0.128083,9.867393,1.687901,1.411740,-22.143183,-1.835942,-0.398420,-47.907341,0.913729,-0.016052,0.003327,-0.405994
4241,-0.045506,-0.559305,9.864433,3.013774,1.299356,-21.650293,-1.767167,-0.327696,-48.638145,0.911136,-0.015230,0.003745,-0.411807
4242,-0.053384,-0.433364,9.854838,13.358199,0.836286,-20.748436,-1.612369,-0.240227,-49.344624,0.908606,-0.013661,0.003968,-0.417413
4243,0.003661,-0.801735,10.149674,6.583859,0.867340,-16.562794,-1.483225,-0.179780,-49.965824,0.906348,-0.012395,0.004045,-0.422330
4244,-0.126034,-0.864186,10.228927,0.647157,0.848191,-21.035250,-1.712466,-0.107271,-50.591869,0.904006,-0.013911,0.005539,-0.427258
4245,-0.102679,-1.133343,10.236606,-1.307940,0.757610,-27.593637,-2.169476,-0.020431,-51.402229,0.900906,-0.017136,0.008049,-0.433602
4246,-0.023678,-0.713356,10.231998,-3.762588,1.014484,-35.169842,-2.614815,0.012002,-52.448555,0.896839,-0.020422,0.010176,-0.441769
4247,-0.014523,-0.830642,10.244368,-14.092450,1.739437,-40.774559,-3.128345,0.007673,-53.715004,0.891801,-0.024322,0.012392,-0.451603
4248,-0.071551,-0.468520,9.954608,-7.364111,1.892325,-48.767338,-3.575340,0.006626,-55.208233,0.885740,-0.027618,0.014506,-0.463133
4249,0.047040,-0.226210,9.930286,-1.641727,2.092300,-48.300404,-3.573282,-0.018988,-56.826824,0.879107,-0.027501,0.014690,-0.475603
4250,0.063279,-0.277425,9.918048,-2.115166,1.840132,-44.546650,-3.395790,-0.081330,-58.375160,0.872634,-0.026213,0.013830,-0.487475
4251,0.084287,-0.250396,9.931380,-0.904182,1.877812,-40.673885,-3.222692,-0.143826,-59.796761,0.866550,-0.025003,0.012929,-0.498296
4252,0.095691,-0.342370,9.928909,-0.549694,1.761335,-38.092045,-3.063052,-0.200789,-61.111137,0.860804,-0.023906,0.012079,-0.508232
4253,0.087493,-0.338169,9.919473,-0.525332,1.782254,-38.499500,-2.943315,-0.248917,-62.389324,0.855099,-0.023094,0.011445,-0.517823
4254,0.093786,-0.405004,9.914200,-0.315209,1.794088,-39.019863,-2.854868,-0.288350,-63.682941,0.849212,-0.022489,0.011005,-0.527459
4255,0.089427,-0.372875,9.910552,-0.329653,1.856326,-40.413055,-2.785207,-0.322160,-65.008430,0.843063,-0.022006,0.010689,-0.537258
4256,0.079629,-0.394171,9.904158,-0.185462,1.915610,-41.682636,-2.717989,-0.345636,-66.378349,0.836589,-0.021498,0.010459,-0.547309
4257,0.069112,-0.325727,9.901277,-0.273128,1.956690,-42.697388,-2.641663,-0.357789,-67.786423,0.829814,-0.020875,0.010263,-0.557556
4258,0.073125,-0.304987,9.910459,-0.276636,1.897105,-41.530064,-2.545680,-0.363739,-69.192078,0.822928,-0.020087,0.010000,-0.567702
4259,0.069183,-0.242304,9.914700,-0.334882,1.839056,-40.240673,-2.433303,-0.366371,-70.556870,0.816128,-0.019180,0.009654,-0.577473
4260,0.081938,-0.267399,9.919448,-0.211536,1.742835,-38.281391,-2.319572,-0.368926,-71.867508,0.809488,-0.018278,0.009272,-0.586779
4261,0.089072,-0.234061,9.924199,-0.338552,1.712159,-37.652725,-2.216005,-0.375694,-73.134895,0.802964,-0.017484,0.008888,-0.595705
4262,0.085694,-0.205969,9.923108,-0.474639,1.718098,-37.594757,-2.109033,-0.380732,-74.390900,0.796402,-0.016668,0.008479,-0.604479
4263,0.088878,-0.214668,9.918487,-0.412417,1.742356,-38.095272,-2.008777,-0.382565,-75.654251,0.789703,-0.015893,0.008114,-0.613230
4264,0.094778,-0.226763,9.920309,-0.364133,1.754377,-38.463032,-1.924948,-0.384882,-76.931938,0.782828,-0.015241,0.007819,-0.622003
4265,0.082233,-0.211070,9.918599,-0.381566,1.766427,-38.649208,-1.849715,-0.382941,-78.218788,0.775804,-0.014632,0.007589,-0.630759
4266,0.072577,-0.228618,9.915332,-0.362483,1.725148,-38.038845,-1.784261,-0.372414,-79.498451,0.768721,-0.014049,0.007457,-0.639387
4267,0.073759,-0.247890,9.918892,-0.036910,1.722040,-37.252998,-1.733340,-0.358609,-80.754677,0.761673,-0.013550,0.007415,-0.647777
4268,0.063874,-0.209560,9.918383,0.247459,1.737259,-36.523613,-1.673067,-0.341139,-81.985649,0.754680,-0.012972,0.007330,-0.655924
4269,0.057297,-0.211427,9.919111,0.234336,1.708266,-35.849159,-1.603275,-0.318145,-83.193214,0.747736,-0.012306,0.007212,-0.663843
4270,0.065603,-0.201750,9.915383,-0.225939,1.580058,-35.167076,-1.546728,-0.298760,-84.378044,0.740840,-0.011751,0.007133,-0.671541
4271,0.071519,-0.208883,9.911049,-0.327689,1.427355,-32.261719,-1.506461,-0.288506,-85.502922,0.734217,-0.011362,0.007075,-0.678783
4272,0.073686,-0.260284,9.910847,0.093679,1.367687,-29.170197,-1.486030,-0.282871,-86.527672,0.728120,-0.011135,0.007090,-0.685322
4273,0.080793,-0.291316,9.914061,-0.350487,1.248464,-28.909269,-1.496495,-0.282591,-87.496346,0.722300,-0.011139,0.007249,-0.691452
4274,0.093640,-0.370030,9.906404,-0.373899,1.245136,-29.170206,-1.550924,-0.291752,-88.464790,0.716424,-0.011473,0.007617,-0.697529
4275,0.085442,-0.278211,9.928333,1.055457,1.812492,-34.843605,-1.573264,-0.295861,-89.532394,0.709892,-0.011565,0.007835,-0.704172
4276,0.083374,-0.160854,9.940434,1.649412,2.143377,-40.077538,-1.488605,-0.284737,-90.782448,0.702178,-0.010891,0.007503,-0.711879
4277,0.091948,-0.167773,9.942895,2.133860,1.978309,-39.909691,-1.353381,-0.273053,-92.117073,0.693852,-0.009911,0.006851,-0.720016
4278,0.105480,-0.062843,9.949283,4.037636,1.854347,-38.823246,-1.159152,-0.270544,-93.430695,0.685569,-0.008654,0.005745,-0.727934
4279,0.106965,0.101531,9.951337,5.778900,1.614352,-36.444347,-0.835757,-0.272465,-94.686707,0.677571,-0.006691,0.003753,-0.735418
4280,0.102166,0.026828,9.932866,6.349778,0.898280,-27.577211,-0.474707,-0.279593,-95.754951,0.670703,-0.004588,0.001436,-0.741710
4281,0.098871,-0.035162,9.931144,7.324107,0.401974,-20.200897,-0.171776,-0.296516,-96.551834,0.665538,-0.002929,-0.000603,-0.746358
4282,0.088384,0.100541,9.926781,7.466658,0.255170,-18.357584,0.135773,-0.314059,-97.194901,0.661345,-0.001272,-0.002701,-0.750076
4283,0.073542,0.049505,9.925305,6.302941,0.125264,-14.153664,0.419007,-0.323199,-97.737091,0.657790,0.000281,-0.004609,-0.753188
4284,0.068445,0.029788,9.932488,5.288140,0.032068,-10.236612,0.609024,-0.327212,-98.143570,0.655113,0.001324,-0.005886,-0.755507
4285,0.077499,0.068594,9.931599,4.263957,-0.044347,-8.068268,0.744085,-0.334602,-98.448502,0.653098,0.002030,-0.006824,-0.757240
4286,0.078907,0.089441,9.929888,2.829311,-0.053653,-6.795643,0.838961,-0.346342,-98.696114,0.651459,0.002477,-0.007523,-0.758643
4288,0.080629,0.078183,9.929584,1.766881,-0.050751,-6.391269,0.882275,-0.358274,-98.915710,0.650003,0.002629,-0.007883,-0.759886
4289,0.077287,0.103195,9.920426,1.462801,-0.038672,-7.140494,0.899614,-0.367924,-99.141014,0.648508,0.002647,-0.008058,-0.761161
4290,0.074107,0.109060,9.919030,0.731535,0.000909,-8.335290,0.906578,-0.372823,-99.398735,0.646794,0.002636,-0.008138,-0.762617
4291,0.074540,0.056036,9.924463,-0.253219,0.057295,-9.488884,0.868517,-0.373881,-99.695450,0.644818,0.002393,-0.007897,-0.764291
4292,0.083941,0.061159,9.915705,-0.775772,0.083130,-11.329144,0.791863,-0.376041,-100.041939,0.642506,0.001925,-0.007404,-0.766243
4293,0.099868,0.030664,9.904859,-2.619795,0.177542,-13.592084,0.674490,-0.383974,-100.456772,0.639729,0.001190,-0.006668,-0.768570
4294,0.086099,-0.009367,9.926875,-5.730471,0.355878,-17.208521,0.463239,-0.387730,-100.969444,0.636286,-0.000038,-0.005271,-0.771435
4295,0.087531,-0.060773,9.927864,-6.506605,0.514430,-22.092999,0.176913,-0.382599,-101.623711,0.631869,-0.001612,-0.003306,-0.775067
4296,0.086239,-0.062776,9.927966,-6.467777,0.659248,-27.117865,-0.110010,-0.375584,-102.443291,0.626303,-0.003156,-0.001304,-0.779572
4297,0.079705,-0.112399,9.939531,-6.149532,0.808665,-31.117310,-0.374592,-0.366248,-103.413460,0.619672,-0.004534,0.000585,-0.784847
4298,0.058904,-0.105943,9.954563,-4.509645,0.877296,-33.477913,-0.588995,-0.350285,-104.489861,0.612264,-0.005564,0.002192,-0.790631
4299,0.080777,-0.081109,9.934175,-1.779837,0.874189,-34.416363,-0.693448,-0.338482,-105.621529,0.604421,-0.006011,0.003035,-0.796636
4300,0.076075,-0.049803,9.930161,-1.123359,0.863372,-33.358894,-0.705488,-0.335135,-106.751442,0.596537,-0.006020,0.003196,-0.802557
4301,0.078530,-0.024528,9.926291,-0.872500,0.846451,-31.935211,-0.677859,-0.331943,-107.840179,0.588886,-0.005825,0.003075,-0.808189
4302,0.076475,-0.024502,9.918902,-0.769576,0.795953,-29.704313,-0.637410,-0.329121,-108.868034,0.581616,-0.005572,0.002854,-0.813440
4303,0.080023,-0.053077,9.916985,-0.981137,0.801904,-29.615818,-0.612157,-0.326936,-109.857162,0.574574,-0.005405,0.002733,-0.818430
4304,0.087453,-0.048369,9.920964,-0.880012,0.838333,-30.201777,-0.600150,-0.327724,-110.854523,0.567430,-0.005327,0.002690,-0.823400
4305,0.087933,-0.061942,9.926065,-0.684334,0.841161,-29.772995,-0.588107,-0.330225,-111.854454,0.560224,-0.005262,0.002637,-0.828321
4306,0.089814,-0.110205,9.925971,-0.545354,0.818042,-28.747574,-0.592006,-0.333324,-112.830017,0.553151,-0.005281,0.002695,-0.833060
4307,0.090513,-0.084578,9.927250,-0.337793,0.843747,-29.068024,-0.597942,-0.336913,-113.793808,0.546125,-0.005313,0.002765,-0.837683
4308,0.091308,-0.047669,9.927420,-0.091852,0.822147,-28.356947,-0.575447,-0.340223,-114.751221,0.539108,-0.005208,0.002629,-0.842217
4309,0.096187,-0.091193,9.931104,-0.184701,0.747123,-26.289322,-0.553669,-0.345740,-115.662285,0.532395,-0.005126,0.002484,-0.846477
4310,0.098791,-0.111183,9.927944,-0.299170,0.716331,-25.878847,-0.558581,-0.354548,-116.531906,0.525956,-0.005195,0.002518,-0.850492
4311,0.095232,-0.125486,9.922611,-0.386307,0.735906,-26.733372,-0.578794,-0.362689,-117.408836,0.519430,-0.005328,0.002672,-0.854492
4312,0.100444,-0.123161,9.924749,-0.749663,0.786003,-29.087875,-0.608553,-0.370183,-118.339241,0.512474,-0.005496,0.002905,-0.858680
4313,0.092085,-0.189509,9.929451,-1.172729,0.874271,-32.151932,-0.668653,-0.375173,-119.359840,0.504802,-0.005772,0.003384,-0.863209
4314,0.074535,-0.196928,9.931802,-2.368123,1.132017,-39.407703,-0.773488,-0.368990,-120.552383,0.495787,-0.006143,0.004265,-0.868412
4315,0.081418,-0.189828,9.929620,-3.481015,1.278409,-48.172623,-0.906108,-0.358998,-122.012009,0.484679,-0.006573,0.005398,-0.874651
4316,0.097703,-0.130329,9.922306,-3.108795,1.363669,-54.134411,-1.014648,-0.360727,-123.717209,0.471604,-0.006952,0.006323,-0.881761
4317,0.101013,-0.153709,9.914949,-2.127450,1.735728,-58.182697,-1.074218,-0.366979,-125.589417,0.457131,-0.007134,0.006873,-0.889344
4318,0.109018,0.031744,9.918036,-0.655593,2.135216,-60.978199,-1.030080,-0.366125,-127.576202,0.441646,-0.006837,0.006653,-0.897138
4319,0.109442,0.059173,9.911472,1.059664,1.899894,-52.378101,-0.863544,-0.359126,-129.466751,0.426796,-0.006051,0.005477,-0.904311
4320,0.102262,0.038919,9.913920,2.141557,1.698161,-41.634075,-0.662151,-0.347680,-131.034851,0.414392,-0.005156,0.004001,-0.910075
4321,0.093021,0.013435,9.923211,1.805470,1.563615,-33.865604,-0.486138,-0.329465,-132.294189,0.404374,-0.004345,0.002717,-0.914580
4322,0.084213,-0.006470,9.930207,0.721280,1.142244,-27.917551,-0.371440,-0.311573,-133.324554,0.396138,-0.003781,0.001899,-0.918181
4323,0.081379,-0.137854,9.922750,-0.156113,0.669011,-21.952713,-0.356174,-0.304473,-134.155884,0.389468,-0.003658,0.001828,-0.921031
4324,0.084809,-0.163600,9.926368,-0.300183,0.609285,-21.481199,-0.416841,-0.307587,-134.879578,0.383641,-0.003874,0.002329,-0.923471
4325,0.083886,-0.134275,9.928452,-0.068833,0.625844,-21.559019,-0.472310,-0.312938,-135.596725,0.377852,-0.004086,0.002784,-0.925853
4326,0.072109,-0.152863,9.932137,0.103118,0.596676,-20.171951,-0.511101,-0.314198,-136.292130,0.372225,-0.004205,0.003119,-0.928128
4327,0.071813,-0.145328,9.928620,0.619945,0.538564,-18.382042,-0.536997,-0.312587,-136.934586,0.367015,-0.004257,0.003358,-0.930199
4328,0.076040,-0.120585,9.927073,0.544871,0.507905,-17.812870,-0.541647,-0.313528,-137.537827,0.362113,-0.004262,0.003415,-0.932118
4329,0.073568,-0.152094,9.921437,0.129509,0.547430,-19.732483,-0.554842,-0.315267,-138.163544,0.357017,-0.004299,0.003540,-0.934081
4330,0.079992,-0.135594,9.916816,0.051334,0.646454,-23.264999,-0.579665,-0.317027,-138.880142,0.351168,-0.004367,0.003765,-0.936295
4331,0.088722,-0.095886,9.912543,0.248052,0.681336,-24.661222,-0.581638,-0.322243,-139.679001,0.344632,-0.004389,0.003796,-0.938720
4332,0.091800,-0.067605,9.920968,0.144425,0.674980,-24.087479,-0.558274,-0.330364,-140.491714,0.337966,-0.004360,0.003611,-0.941141
4333,0.090030,-0.103832,9.921261,0.007184,0.656420,-23.292475,-0.542708,-0.338089,-141.281586,0.331471,-0.004353,0.003490,-0.943449
4334,0.097203,-0.087850,9.923643,0.129254,0.660741,-23.269587,-0.536126,-0.346704,-142.057770,0.325073,-0.004382,0.003441,-0.945673
4335,0.088287,-0.098111,9.928687,0.147569,0.646766,-22.805712,-0.526504,-0.353715,-142.825836,0.318727,-0.004390,0.003371,-0.947830
4336,0.089255,-0.091335,9.929774,-0.154583,0.690815,-24.511696,-0.523456,-0.356885,-143.614609,0.312196,-0.004385,0.003367,-0.950002
4337,0.086846,-0.086521,9.925742,-0.282745,0.744032,-26.286348,-0.524141,-0.357916,-144.461395,0.305167,-0.004370,0.003403,-0.952283
4338,0.089451,-0.094836,9.927857,-0.165249,0.751472,-26.661728,-0.526049,-0.358107,-145.344025,0.297823,-0.004350,0.003451,-0.954605
4339,0.081302,-0.086959,9.928294,0.069745,0.725363,-26.451155,-0.522055,-0.356744,-146.229385,0.290439,-0.004302,0.003455,-0.956878
4340,0.080573,-0.038132,9.922503,-0.023134,0.775581,-29.013180,-0.497225,-0.352276,-147.154053,0.282709,-0.004176,0.003293,-0.959191
4341,0.072092,-0.099396,9.922252,-0.361748,0.867029,-32.962284,-0.484705,-0.343401,-148.187195,0.274051,-0.004041,0.003247,-0.961701
4342,0.067427,-0.109082,9.931349,-0.874597,1.115687,-42.116306,-0.510443,-0.327511,-149.438568,0.263532,-0.003931,0.003544,-0.964636
4343,0.078220,-0.019587,9.934831,-0.293062,1.329210,-48.322247,-0.507305,-0.309714,-150.946045,0.250821,-0.003727,0.003608,-0.968020
4344,0.081904,0.033322,9.935135,0.192867,1.333609,-48.215439,-0.438778,-0.294454,-152.555359,0.237204,-0.003405,0.003110,-0.971449
4345,0.074507,-0.007060,9.939072,0.527731,1.197616,-43.515591,-0.357371,-0.279460,-154.084518,0.224223,-0.003076,0.002492,-0.974530
4346,0.074107,0.026358,9.942481,0.645794,1.015854,-36.574162,-0.280433,-0.265951,-155.419586,0.212857,-0.002789,0.001897,-0.977078
4347,0.079166,0.013899,9.927659,0.852338,0.708931,-25.926258,-0.201744,-0.260547,-156.461502,0.203966,-0.002585,0.001260,-0.978974
4348,0.067711,-0.044715,9.931684,0.443580,0.482893,-19.582989,-0.159544,-0.261096,-157.220108,0.197482,-0.002509,0.000915,-0.980303
4349,0.069850,-0.070384,9.933229,0.534947,0.397273,-17.425329,-0.157434,-0.263507,-157.836853,0.192203,-0.002521,0.000906,-0.981352
4350,0.075347,-0.066688,9.930790,0.952755,0.307047,-15.534706,-0.156719,-0.270905,-158.386093,0.187497,-0.002579,0.000900,-0.982261
4351,0.074868,-0.080164,9.935753,1.652821,0.238173,-14.660352,-0.140831,-0.281781,-158.889221,0.183182,-0.002643,0.000758,-0.983075
4352,0.075110,-0.051032,9.940390,2.984667,0.151001,-13.402987,-0.086999,-0.293755,-159.356842,0.179170,-0.002658,0.000288,-0.983814
4353,0.072790,-0.023661,9.932933,3.584229,0.045538,-12.066277,0.013300,-0.306279,-159.781296,0.175527,-0.002611,-0.000583,-0.984471
4354,0.070914,-0.004298,9.927551,3.376649,0.017928,-12.353149,0.126605,-0.317572,-160.188278,0.172032,-0.002540,-0.001565,-0.985087
4355,0.070996,0.048661,9.928152,3.274484,0.025436,-13.480808,0.246405,-0.326431,-160.618896,0.168332,-0.002446,-0.002599,-0.985724
4356,0.083375,0.145224,9.922608,3.117780,0.052749,-14.277344,0.397594,-0.336419,-161.081787,0.164352,-0.002326,-0.003905,-0.986391
4357,0.075070,0.182186,9.922010,1.890190,0.105998,-15.179169,0.554087,-0.343832,-161.573135,0.160124,-0.002188,-0.005253,-0.987080
4358,0.071102,0.168246,9.919802,0.544994,0.144044,-15.400432,0.658014,-0.343534,-162.083099,0.155732,-0.002067,-0.006139,-0.987778
4359,0.061960,0.155316,9.926535,-0.217560,0.162304,-14.814480,0.703354,-0.337074,-162.586823,0.151389,-0.001978,-0.006512,-0.988451
4360,0.068033,0.097367,9.927985,-0.528788,0.139371,-13.206153,0.699080,-0.330294,-163.053772,0.147359,-0.001952,-0.006459,-0.989060
4361,0.058583,0.039903,9.924573,-0.542902,0.095080,-12.630876,0.649364,-0.324943,-163.484100,0.143643,-0.001992,-0.006015,-0.989609
4362,0.069150,-0.014578,9.926940,-0.024839,0.053830,-12.720902,0.574663,-0.322604,-163.906204,0.139995,-0.002085,-0.005360,-0.990135
4363,0.071060,0.015978,9.930881,1.099008,0.027788,-13.666969,0.526667,-0.326116,-164.345566,0.136197,-0.002193,-0.004941,-0.990667
4364,0.076191,0.073996,9.925416,1.858555,0.004773,-14.858714,0.545957,-0.332366,-164.820786,0.132088,-0.002246,-0.005106,-0.991222
4365,0.077201,0.107512,9.922223,1.275635,0.038201,-16.810369,0.599900,-0.339076,-165.348572,0.127523,-0.002267,-0.005570,-0.991817
4366,0.080578,0.129817,9.923920,0.605895,0.089934,-18.350029,0.647371,-0.344040,-165.934601,0.122450,-0.002288,-0.005974,-0.992454
4367,0.073625,0.152918,9.917715,-0.585612,0.138633,-19.718786,0.673205,-0.344605,-166.569122,0.116953,-0.002300,-0.006186,-0.993115
4368,0.071250,0.109458,9.917170,-2.762985,0.254511,-21.606354,0.632468,-0.338588,-167.257812,0.110982,-0.002324,-0.005813,-0.993803
4369,0.073283,0.104183,9.922883,-4.339311,0.388698,-23.690765,0.514451,-0.328986,-168.012558,0.104431,-0.002386,-0.004765,-0.994518
4370,0.079774,0.119035,9.932244,-3.887548,0.487749,-25.054943,0.389884,-0.320166,-168.824844,0.097376,-0.002449,-0.003658,-0.995238
4371,0.072645,0.095405,9.934460,-2.866497,0.533382,-26.651062,0.300773,-0.310808,-169.686539,0.089887,-0.002465,-0.002858,-0.995945
4372,0.084144,0.116029,9.939922,-1.189174,0.533211,-26.985239,0.267685,-0.303879,-170.580475,0.082114,-0.002451,-0.002546,-0.996617
4373,0.088400,0.138216,9.938864,0.927845,0.461256,-25.747715,0.318465,-0.304021,-171.459488,0.074468,-0.002439,-0.002969,-0.997216
4374,0.077076,0.115488,9.931602,2.431429,0.357277,-24.073778,0.428187,-0.304272,-172.289993,0.067241,-0.002398,-0.003907,-0.997726
4375,0.059078,0.081575,9.924244,2.395051,0.253403,-22.236565,0.534638,-0.297521,-173.061829,0.060521,-0.002309,-0.004814,-0.998153
4376,0.062324,0.108275,9.922313,1.372765,0.204511,-19.889690,0.608508,-0.288508,-173.763855,0.054406,-0.002225,-0.005439,-0.998502
4377,0.053628,0.084619,9.925102,0.081814,0.196829,-17.912092,0.634223,-0.279710,-174.393753,0.048917,-0.002167,-0.005647,-0.998785
4378,0.055244,0.056245,9.923993,-1.140721,0.212051,-17.481777,0.595237,-0.270047,-174.983414,0.043776,-0.002127,-0.005293,-0.999025
4379,0.063464,0.054693,9.929207,-2.651756,0.297417,-18.375967,0.501676,-0.263533,-175.580765,0.038565,-0.002129,-0.004463,-0.999244
4380,0.059224,0.036718,9.933390,-4.030023,0.427012,-20.785402,0.361246,-0.256400,-176.233154,0.032873,-0.002133,-0.003224,-0.999452
4381,0.055272,-0.009999,9.937403,-4.247147,0.591725,-25.816374,0.186809,-0.243643,-177.009537,0.026097,-0.002083,-0.001685,-0.999656
4382,0.063920,0.033329,9.935289,-3.484443,0.735045,-31.228828,0.038618,-0.230164,-177.960052,0.017802,-0.002002,-0.000373,-0.999839
4383,0.062145,0.088709,9.937659,-2.307654,0.776086,-32.113869,-0.026867,-0.218896,-179.015762,0.008588,-0.001912,0.000218,-0.999961
4384,0.051930,0.073039,9.938233,-1.046666,0.750015,-31.268505,-0.027068,-0.205478,179.927750,-0.000631,-0.001793,0.000237,-0.999998
4385,0.055972,0.062035,9.934597,0.519454,0.629343,-28.588984,0.014450,-0.193636,178.930023,-0.009337,-0.001691,-0.000110,-0.999955
4386,0.054673,0.110259,9.927352,1.415802,0.433876,-22.270130,0.106168,-0.188374,178.082245,-0.016733,-0.001659,-0.000899,-0.999858
4387,0.037709,0.080954,9.927113,0.990683,0.261351,-14.872444,0.203582,-0.183471,177.463058,-0.022134,-0.001640,-0.001741,-0.999752
4388,0.038866,0.026495,9.925092,0.356092,0.134656,-10.006269,0.244793,-0.179202,177.048386,-0.025751,-0.001618,-0.002095,-0.999665
4389,0.051698,0.018356,9.924379,0.406329,0.027741,-6.037336,0.247696,-0.184402,176.781052,-0.028083,-0.001669,-0.002116,-0.999602
4391,0.057858,0.062432,9.919447,-0.535159,0.024490,-3.371545,0.246745,-0.200801,176.624237,-0.029451,-0.001815,-0.002101,-0.999562
4392,0.063831,0.034294,9.923597,-1.754320,0.051692,-1.944803,0.213734,-0.222989,176.535629,-0.030224,-0.002001,-0.001806,-0.999540
4393,0.072030,0.007841,9.912722,-1.981864,0.030028,-1.033824,0.135385,-0.248572,176.486069,-0.030657,-0.002204,-0.001114,-0.999527
4394,0.069145,0.032872,9.905140,-2.319189,0.057207,-0.682860,0.055309,-0.272932,176.457535,-0.030908,-0.002396,-0.000409,-0.999519
4395,0.058912,0.085696,9.897841,-3.190079,0.215722,-0.746950,0.000766,-0.284833,176.433563,-0.031118,-0.002485,0.000071,-0.999513
4396,0.052264,0.074905,9.904013,-2.696479,0.238538,-0.608094,-0.031735,-0.283686,176.410660,-0.031318,-0.002466,0.000354,-0.999506
4397,0.049116,0.051685,9.904009,-1.932879,0.099664,-0.428038,-0.051560,-0.279410,176.393097,-0.031472,-0.002423,0.000526,-0.999502
4398,0.039884,0.078618,9.936796,-1.382849,-0.043732,-0.363952,-0.044089,-0.274815,176.379593,-0.031590,-0.002385,0.000460,-0.999498
4399,0.045724,0.035921,9.956523,-0.706235,-0.075725,-0.301392,-0.022180,-0.272226,176.368240,-0.031688,-0.002368,0.000269,-0.999495
4400,0.052020,-0.029875,9.967033,0.343686,-0.246642,0.012947,-0.020606,-0.278735,176.363388,-0.031730,-0.002425,0.000257,-0.999493
4401,0.063122,-0.051546,9.966562,0.621050,-0.319979,0.156386,-0.036436,-0.296498,176.366379,-0.031705,-0.002576,0.000400,-0.999494
4402,0.068470,-0.029230,9.964438,0.742785,-0.228574,0.157914,-0.044285,-0.319237,176.371780,-0.031658,-0.002772,0.000474,-0.999495
4403,0.074668,-0.053833,9.940508,0.646320,-0.100570,0.168598,-0.050987,-0.340343,176.377380,-0.031609,-0.002955,0.000539,-0.999496
4404,0.070243,-0.026412,9.929277,0.479689,-0.105295,0.144184,-0.059808,-0.356977,176.382767,-0.031563,-0.003097,0.000620,-0.999497
4405,0.074821,-0.024256,9.925499,-0.007233,-0.094729,0.092303,-0.065581,-0.370799,176.386795,-0.031528,-0.003216,0.000674,-0.999497
4406,0.068673,-0.024818,9.928522,-0.132490,-0.073450,0.054156,-0.079764,-0.381130,176.389313,-0.031506,-0.003302,0.000801,-0.999498
4407,0.066036,-0.029029,9.932702,-0.097532,-0.073471,0.028216,-0.096007,-0.385473,176.390762,-0.031494,-0.003336,0.000943,-0.999498
4408,0.065975,-0.026111,9.934140,-0.062555,-0.067363,0.019061,-0.109351,-0.387430,176.391632,-0.031487,-0.003349,0.001060,-0.999498
4409,0.060844,-0.037027,9.934916,-0.048954,-0.053595,0.000751,-0.123120,-0.386332,176.392044,-0.031484,-0.003336,0.001180,-0.999498
4410,0.060311,-0.051113,9.935783,0.056105,-0.050481,-0.000773,-0.143687,-0.382435,176.392181,-0.031483,-0.003296,0.001358,-0.999498
4411,0.059649,-0.019194,9.925212,0.091086,-0.051943,-0.006876,-0.151638,-0.378394,176.392136,-0.031484,-0.003259,0.001427,-0.999498
4412,0.055849,-0.005990,9.926438,0.173611,-0.048813,-0.002299,-0.135980,-0.373013,176.391907,-0.031485,-0.003216,0.001289,-0.999498
4413,0.051868,-0.034430,9.931252,0.126353,-0.050231,-0.012980,-0.126898,-0.364929,176.391632,-0.031487,-0.003148,0.001207,-0.999499
4414,0.055106,-0.042519,9.930727,0.149091,-0.063863,-0.023660,-0.135884,-0.357773,176.391113,-0.031492,-0.003083,0.001284,-0.999498
4415,0.049530,-0.028204,9.929268,0.083355,-0.057660,-0.029763,-0.142900,-0.350878,176.390305,-0.031499,-0.003021,0.001343,-0.999498
4416,0.051246,-0.060959,9.933954,0.023647,-0.062132,-0.026710,-0.158777,-0.343331,176.389465,-0.031507,-0.002951,0.001479,-0.999498
4417,0.052831,-0.076200,9.930284,-0.045428,-0.048321,-0.031285,-0.195852,-0.338138,176.388733,-0.031514,-0.002895,0.001801,-0.999498
4418,0.057643,-0.054849,9.924658,-0.057969,-0.052861,-0.034334,-0.227693,-0.336537,176.387817,-0.031523,-0.002873,0.002079,-0.999497
4419,0.056033,-0.048150,9.921600,-0.167979,-0.043691,-0.034333,-0.244289,-0.336776,176.386749,-0.031532,-0.002870,0.002223,-0.999496
4420,0.059164,-0.045670,9.918157,-0.183296,-0.049788,-0.031282,-0.255380,-0.337741,176.385696,-0.031542,-0.002876,0.002320,-0.999496
4421,0.056633,-0.050220,9.923664,-0.163505,-0.045205,-0.035858,-0.265212,-0.338897,176.384613,-0.031552,-0.002883,0.002407,-0.999495
4422,0.057619,-0.045185,9.925237,-0.137589,-0.058924,-0.034332,-0.272488,-0.339359,176.383453,-0.031562,-0.002885,0.002470,-0.999495
4423,0.057320,-0.038228,9.922443,-0.085660,-0.049757,-0.032806,-0.271993,-0.340076,176.382324,-0.031572,-0.002891,0.002466,-0.999494
4424,0.059819,-0.036148,9.930196,-0.042838,-0.054332,-0.032807,-0.265490,-0.341567,176.381180,-0.031582,-0.002906,0.002410,-0.999494
4425,0.061780,-0.034108,9.933601,-0.038150,-0.051297,-0.035860,-0.256920,-0.344820,176.379990,-0.031592,-0.002937,0.002336,-0.999494
4426,0.069332,-0.034311,9.933859,-0.025837,-0.055933,-0.043491,-0.248394,-0.351850,176.378616,-0.031604,-0.003000,0.002264,-0.999493
4427,0.069218,-0.032352,9.931442,-0.040995,-0.052966,-0.057225,-0.240439,-0.361362,176.376892,-0.031619,-0.003086,0.002197,-0.999493
4428,0.068058,-0.011762,9.899440,-0.014859,-0.051507,-0.058752,-0.223800,-0.369111,176.374847,-0.031636,-0.003158,0.002054,-0.999492
4429,0.069948,0.010190,9.887855,-0.017531,-0.054616,-0.060281,-0.190186,-0.376043,176.372650,-0.031654,-0.003227,0.001763,-0.999492
4430,0.070220,0.012665,9.891589,-0.007920,-0.057723,-0.066388,-0.149617,-0.382938,176.370285,-0.031674,-0.003299,0.001411,-0.999492
4431,0.060827,0.017941,9.889358,0.009296,-0.053146,-0.060287,-0.110797,-0.384803,176.367920,-0.031694,-0.003326,0.001073,-0.999492
4432,0.060774,0.011781,9.890818,0.009656,-0.054619,-0.049607,-0.078024,-0.381856,176.365875,-0.031711,-0.003309,0.000786,-0.999491
4433,0.060107,0.017929,9.923568,0.061838,-0.065244,-0.043506,-0.049778,-0.378788,176.364136,-0.031725,-0.003290,0.000539,-0.999491
4434,0.055548,0.010447,9.931335,0.046822,-0.056011,-0.026721,-0.026090,-0.373824,176.362839,-0.031736,-0.003253,0.000331,-0.999491
4435,0.052096,0.001759,9.929847,0.040840,-0.058953,-0.017567,-0.013653,-0.365873,176.362030,-0.031742,-0.003187,0.000220,-0.999491
4436,0.061554,-0.007130,9.931124,0.016432,-0.061935,-0.017567,-0.012038,-0.361590,176.361435,-0.031747,-0.003151,0.000205,-0.999491
4437,0.059984,-0.006923,9.931697,0.017912,-0.055809,-0.038930,-0.015613,-0.361580,176.360519,-0.031755,-0.003149,0.000236,-0.999491
4438,0.057730,-0.038359,9.936068,-0.078417,-0.052720,-0.045032,-0.034124,-0.360072,176.359238,-0.031767,-0.003131,0.000397,-0.999490
4439,0.066831,-0.059392,9.932305,-0.063585,-0.055770,-0.057237,-0.075034,-0.361638,176.357773,-0.031781,-0.003133,0.000755,-0.999490
4440,0.065238,-0.055129,9.930459,-0.067097,-0.057329,-0.070967,-0.118563,-0.366542,176.355896,-0.031799,-0.003164,0.001136,-0.999489
4441,0.060067,-0.053023,9.929516,-0.091871,-0.054273,-0.074017,-0.153479,-0.368018,176.353699,-0.031819,-0.003167,0.001441,-0.999488
4442,0.065831,-0.053266,9.929019,-0.067740,-0.066474,-0.072490,-0.181720,-0.369430,176.351425,-0.031839,-0.003172,0.001688,-0.999487
4443,0.073126,-0.050114,9.927095,-0.028283,-0.075683,-0.072489,-0.202910,-0.376643,176.349136,-0.031860,-0.003229,0.001875,-0.999485
4444,0.064598,-0.040269,9.926917,0.002122,-0.075723,-0.078591,-0.213607,-0.382836,176.346695,-0.031882,-0.003280,0.001970,-0.999484
4445,0.069585,-0.036914,9.927000,0.014304,-0.078788,-0.075539,-0.215488,-0.386544,176.344147,-0.031904,-0.003312,0.001987,-0.999484
4446,0.068352,-0.031373,9.923831,0.047903,-0.081862,-0.069436,-0.211817,-0.391245,176.341736,-0.031925,-0.003354,0.001956,-0.999483
4447,0.062321,-0.027656,9.922750,0.054079,-0.063532,-0.043495,-0.203618,-0.391926,176.339813,-0.031942,-0.003362,0.001885,-0.999482
4448,0.056923,-0.022265,9.926134,0.035874,-0.060401,-0.037392,-0.192568,-0.386889,176.338409,-0.031953,-0.003321,0.001787,-0.999482
4449,0.059251,-0.026638,9.926909,-0.000653,-0.048104,-0.028236,-0.183430,-0.380581,176.337265,-0.031963,-0.003268,0.001706,-0.999482
4450,0.053220,-0.030723,9.925123,-0.015874,-0.038849,-0.025185,-0.180332,-0.373163,176.336349,-0.031971,-0.003204,0.001677,-0.999482
4451,0.058979,-0.033447,9.936079,-0.021984,-0.034182,-0.031288,-0.181442,-0.366401,176.335419,-0.031979,-0.003145,0.001685,-0.999482
4452,0.066847,-0.030156,9.935852,-0.037248,-0.038749,-0.040444,-0.182796,-0.366570,176.334229,-0.031989,-0.003146,0.001697,-0.999482
4453,0.067261,-0.030405,9.932245,-0.038761,-0.029627,-0.038918,-0.182933,-0.370751,176.332901,-0.032001,-0.003183,0.001699,-0.999481
4454,0.067346,-0.028422,9.932725,-0.028057,-0.044919,-0.041970,-0.182059,-0.374934,176.331543,-0.032013,-0.003219,0.001693,-0.999481
4455,0.072679,-0.028522,9.937160,-0.002086,-0.051075,-0.043497,-0.179808,-0.381176,176.330109,-0.032025,-0.003274,0.001675,-0.999480
4456,0.069404,-0.024578,9.927451,0.008642,-0.063335,-0.037393,-0.175522,-0.387848,176.328735,-0.032037,-0.003334,0.001639,-0.999480
4457,0.066617,-0.032882,9.929348,-0.000495,-0.067926,-0.051127,-0.173596,-0.391235,176.327255,-0.032050,-0.003364,0.001624,-0.999479
4458,0.070378,-0.040691,9.934013,-0.000558,-0.061831,-0.057230,-0.179250,-0.394244,176.325500,-0.032066,-0.003389,0.001674,-0.999479
4459,0.069729,-0.044321,9.932684,0.008484,-0.055746,-0.064859,-0.189416,-0.397909,176.323547,-0.032083,-0.003418,0.001763,-0.999478
4460,0.066696,-0.038351,9.929241,0.017549,-0.046587,-0.063333,-0.197090,-0.399240,176.321472,-0.032102,-0.003427,0.001831,-0.999477
4461,0.067028,-0.044168,9.928537,0.006793,-0.028255,-0.074013,-0.203394,-0.398583,176.319229,-0.032121,-0.003419,0.001886,-0.999476
4462,0.063080,-0.035751,9.928084,0.005217,-0.031267,-0.067910,-0.207731,-0.396059,176.316895,-0.032142,-0.003396,0.001923,-0.999476
4463,0.060225,-0.028881,9.919582,0.017455,-0.041880,-0.069436,-0.204489,-0.391080,176.314590,-0.032162,-0.003354,0.001893,-0.999475
4464,0.060368,-0.031201,9.920313,0.009879,-0.049434,-0.066384,-0.199128,-0.385813,176.312302,-0.032181,-0.003309,0.001845,-0.999475
4465,0.060208,-0.033555,9.916941,0.011430,-0.058522,-0.064858,-0.196542,-0.381590,176.310104,-0.032200,-0.003273,0.001821,-0.999474
4466,0.057614,-0.030446,9.919296,0.029763,-0.081339,-0.052650,-0.193897,-0.377420,176.308136,-0.032217,-0.003237,0.001797,-0.999474
4467,0.060418,-0.039605,9.916597,0.028226,-0.073644,-0.064858,-0.193986,-0.374224,176.306198,-0.032234,-0.003209,0.001797,-0.999474
4468,0.062268,-0.040808,9.922659,0.022059,-0.072083,-0.066383,-0.198877,-0.373433,176.304062,-0.032253,-0.003201,0.001840,-0.999473
4469,0.059824,-0.032683,9.926332,0.026610,-0.061366,-0.081642,-0.200407,-0.372455,176.301620,-0.032274,-0.003192,0.001853,-0.999472
4470,0.064785,-0.031282,9.930154,0.023583,-0.052188,-0.078590,-0.197292,-0.372347,176.298935,-0.032298,-0.003192,0.001826,-0.999472
4471,0.068582,-0.036334,9.929512,0.017486,-0.036949,-0.080116,-0.196024,-0.375696,176.296295,-0.032321,-0.003222,0.001816,-0.999471
4472,0.067985,-0.030972,9.932501,0.025120,-0.035456,-0.070960,-0.194922,-0.379900,176.293777,-0.032343,-0.003259,0.001807,-0.999470
4473,0.069745,-0.032249,9.927957,0.032772,-0.030912,-0.072486,-0.191979,-0.383944,176.291382,-0.032364,-0.003295,0.001783,-0.999469
4474,0.072247,-0.038147,9.926449,0.025126,-0.037061,-0.064857,-0.192453,-0.389259,176.289093,-0.032384,-0.003341,0.001789,-0.999468
4475,0.067089,-0.045352,9.925408,0.012836,-0.037087,-0.077064,-0.199121,-0.392833,176.286789,-0.032404,-0.003370,0.001848,-0.999467
4476,0.068099,-0.045127,9.921571,0.024936,-0.043190,-0.089271,-0.208284,-0.394063,176.284088,-0.032428,-0.003378,0.001928,-0.999467
4477,0.070082,-0.050900,9.922704,0.023287,-0.050829,-0.096899,-0.218492,-0.396468,176.281067,-0.032454,-0.003396,0.002018,-0.999465
4478,0.067286,-0.057812,9.923875,0.015490,-0.049305,-0.099950,-0.232890,-0.398344,176.277893,-0.032483,-0.003408,0.002144,-0.999464
4479,0.066953,-0.057369,9.921578,0.025994,-0.046237,-0.099949,-0.248203,-0.398472,176.274689,-0.032511,-0.003405,0.002278,-0.999463
4480,0.067453,-0.057138,9.919900,0.027370,-0.052324,-0.092318,-0.260807,-0.398584,176.271576,-0.032539,-0.003402,0.002388,-0.999462
4481,0.064598,-0.053908,9.923576,0.013525,-0.055347,-0.086214,-0.270024,-0.397804,176.268677,-0.032564,-0.003393,0.002468,-0.999461
4482,0.056159,-0.051271,9.924381,0.016514,-0.047634,-0.067902,-0.275237,-0.392091,176.266159,-0.032586,-0.003342,0.002512,-0.999460
4483,0.059485,-0.047495,9.922745,0.016493,-0.049058,-0.064849,-0.276545,-0.384547,176.263962,-0.032605,-0.003275,0.002521,-0.999460
4484,0.062288,-0.047753,9.928219,0.013443,-0.050523,-0.060271,-0.275885,-0.380688,176.261887,-0.032623,-0.003242,0.002515,-0.999459
4485,0.064387,-0.044332,9.928972,0.021090,-0.059650,-0.066375,-0.273719,-0.379967,176.259781,-0.032641,-0.003236,0.002496,-0.999459
4486,0.064786,-0.046540,9.928382,0.021111,-0.056585,-0.061797,-0.271110,-0.380770,176.257629,-0.032660,-0.003244,0.002473,-0.999458
4487,0.071023,-0.048447,9.921511,0.010426,-0.061182,-0.075530,-0.270834,-0.384489,176.255356,-0.032680,-0.003276,0.002472,-0.999457
4488,0.069003,-0.043928,9.924235,0.013485,-0.059692,-0.078582,-0.269776,-0.389759,176.252792,-0.032702,-0.003322,0.002464,-0.999457
4489,0.069670,-0.045681,9.921239,0.019609,-0.056662,-0.069428,-0.267468,-0.393694,176.250320,-0.032724,-0.003357,0.002445,-0.999456
4490,0.067679,-0.045857,9.918070,0.013512,-0.053620,-0.067902,-0.266261,-0.396281,176.248047,-0.032744,-0.003380,0.002436,-0.999455
4491,0.068171,-0.038514,9.918303,0.018128,-0.047511,-0.063324,-0.262243,-0.397586,176.245834,-0.032763,-0.003393,0.002401,-0.999454
4492,0.063881,-0.030169,9.925195,0.010608,-0.045959,-0.055695,-0.251861,-0.396805,176.243790,-0.032781,-0.003389,0.002310,-0.999454
4494,0.063014,-0.033467,9.921933,0.013782,-0.053537,-0.057221,-0.240440,-0.393840,176.241837,-0.032797,-0.003366,0.002210,-0.999454
4495,0.063232,-0.032528,9.922537,0.013875,-0.065693,-0.060273,-0.231625,-0.391211,176.239838,-0.032814,-0.003346,0.002132,-0.999454
4496,0.066300,-0.033024,9.926450,0.029212,-0.062610,-0.052644,-0.223872,-0.390563,176.237915,-0.032831,-0.003342,0.002064,-0.999453
4497,0.064268,-0.048438,9.924520,0.021571,-0.068691,-0.055696,-0.224120,-0.390652,176.236130,-0.032847,-0.003343,0.002067,-0.999453
4498,0.067430,-0.048979,9.921808,0.042837,-0.065622,-0.057221,-0.231620,-0.391337,176.234314,-0.032863,-0.003347,0.002132,-0.999452
4499,0.068345,-0.048939,9.924958,0.041220,-0.061045,-0.058746,-0.238427,-0.393601,176.232437,-0.032879,-0.003365,0.002192,-0.999451
4500,0.066014,-0.051328,9.922632,0.036552,-0.036623,-0.066376,-0.245280,-0.394545,176.230423,-0.032897,-0.003371,0.002253,-0.999451
4501,0.062026,-0.056185,9.921246,0.027283,-0.035056,-0.081634,-0.254485,-0.392092,176.228027,-0.032918,-0.003347,0.002332,-0.999450
4502,0.064625,-0.049124,9.925373,0.031770,-0.035010,-0.089263,-0.261602,-0.389118,176.225235,-0.032943,-0.003319,0.002393,-0.999449
4503,0.067903,-0.054399,9.927734,0.031702,-0.041100,-0.095366,-0.266631,-0.389179,176.222214,-0.032969,-0.003318,0.002437,-0.999448
4504,0.065467,-0.050034,9.926113,0.031640,-0.044145,-0.089261,-0.271144,-0.389974,176.219177,-0.032996,-0.003323,0.002477,-0.999447
4505,0.065540,-0.050241,9.929609,0.016347,-0.057859,-0.087736,-0.273393,-0.389955,176.216263,-0.033021,-0.003322,0.002497,-0.999446
4506,0.069963,-0.039921,9.928701,0.025522,-0.063964,-0.075528,-0.270857,-0.392146,176.213531,-0.033045,-0.003342,0.002475,-0.999445
4507,0.066955,-0.035003,9.924539,0.028667,-0.073126,-0.070951,-0.261552,-0.395054,176.211044,-0.033066,-0.003370,0.002395,-0.999445
4508,0.060994,-0.033398,9.920570,0.019627,-0.063931,-0.067900,-0.250423,-0.393718,176.208664,-0.033087,-0.003362,0.002298,-0.999444
4509,0.061714,-0.034541,9.921671,0.024304,-0.060812,-0.063323,-0.240704,-0.389797,176.206436,-0.033106,-0.003330,0.002212,-0.999444
4510,0.060055,-0.033195,9.918986,0.035069,-0.054641,-0.064849,-0.232207,-0.385712,176.204254,-0.033125,-0.003297,0.002137,-0.999444
4511,0.058802,-0.038336,9.919457,0.038171,-0.039308,-0.064849,-0.226492,-0.380613,176.202072,-0.033143,-0.003254,0.002085,-0.999443
4512,0.058377,-0.042994,9.920304,0.036635,-0.019396,-0.080108,-0.226058,-0.374886,176.199661,-0.033164,-0.003204,0.002080,-0.999443
4513,0.061115,-0.044088,9.922767,0.039645,-0.022394,-0.072477,-0.228545,-0.370683,176.197144,-0.033186,-0.003167,0.002101,-0.999442
4514,0.059454,-0.039100,9.925014,0.030468,-0.029982,-0.077055,-0.229287,-0.367855,176.194672,-0.033208,-0.003142,0.002106,-0.999441
4515,0.065297,-0.045389,9.925014,0.021288,-0.034544,-0.075529,-0.230651,-0.367562,176.192139,-0.033230,-0.003139,0.002118,-0.999441
4516,0.061859,-0.044259,9.929649,0.010558,-0.039121,-0.083159,-0.234413,-0.368685,176.189529,-0.033253,-0.003148,0.002151,-0.999440
4517,0.059248,-0.040796,9.932847,0.009012,-0.045194,-0.074002,-0.235993,-0.367283,176.186935,-0.033276,-0.003135,0.002165,-0.999439
4518,0.057317,-0.044121,9.928602,0.005944,-0.052770,-0.072476,-0.237193,-0.364167,176.184509,-0.033297,-0.003107,0.002175,-0.999438
4519,0.057447,-0.049267,9.924520,0.011992,-0.045083,-0.078579,-0.241817,-0.360629,176.182022,-0.033318,-0.003075,0.002214,-0.999438
4520,0.056281,-0.043930,9.925329,0.011943,-0.041974,-0.069424,-0.245828,-0.356971,176.179596,-0.033340,-0.003042,0.002248,-0.999437
4521,0.058597,-0.043905,9.922600,0.030237,-0.041929,-0.067897,-0.246571,-0.354301,176.177322,-0.033359,-0.003018,0.002254,-0.999436
4522,0.059383,-0.044616,9.918519,0.016489,-0.038852,-0.064845,-0.247192,-0.353415,176.175125,-0.033379,-0.003010,0.002259,-0.999436
4523,0.060811,-0.046433,9.921080,0.021040,-0.035789,-0.072475,-0.248961,-0.353656,176.172852,-0.033398,-0.003012,0.002274,-0.999435
4524,0.061854,-0.054083,9.922804,0.005710,-0.029686,-0.054163,-0.254824,-0.354851,176.170792,-0.033417,-0.003021,0.002326,-0.999434
4525,0.057297,-0.050354,9.919218,0.007154,-0.032721,-0.046533,-0.262050,-0.354368,176.169159,-0.033431,-0.003014,0.002389,-0.999434
4526,0.057011,-0.053400,9.917051,-0.006649,-0.040310,-0.048058,-0.268219,-0.351926,176.167618,-0.033444,-0.002991,0.002442,-0.999433
4527,0.058635,-0.053690,9.921178,0.008537,-0.044856,-0.054161,-0.274801,-0.350480,176.165970,-0.033459,-0.002977,0.002499,-0.999433
4528,0.059635,-0.047622,9.920700,-0.000654,-0.040262,-0.055687,-0.277814,-0.350454,176.164169,-0.033475,-0.002975,0.002525,-0.999432
4529,0.059983,-0.038652,9.921047,0.003970,-0.044832,-0.070946,-0.273669,-0.351123,176.162033,-0.033493,-0.002982,0.002489,-0.999431
4530,0.059076,-0.047247,9.925991,0.013171,-0.046346,-0.090783,-0.269201,-0.351592,176.159317,-0.033517,-0.002988,0.002451,-0.999431
4531,0.059811,-0.045507,9.923108,0.007073,-0.037176,-0.072472,-0.268292,-0.351769,176.156601,-0.033541,-0.002990,0.002443,-0.999430
4532,0.060118,-0.041546,9.922863,0.002525,-0.034115,-0.061791,-0.265505,-0.352150,176.154358,-0.033560,-0.002994,0.002419,-0.999429
4533,0.061385,-0.043578,9.928555,0.010189,-0.043269,-0.061791,-0.262098,-0.353257,176.152283,-0.033578,-0.003004,0.002389,-0.999429
4534,0.063442,-0.043432,9.927025,0.013263,-0.044808,-0.063317,-0.259786,-0.355858,176.150192,-0.033596,-0.003028,0.002370,-0.999428
4535,0.062504,-0.035196,9.925784,0.010267,-0.040244,-0.049585,-0.254279,-0.358622,176.148285,-0.033613,-0.003053,0.002323,-0.999428
4536,0.060313,-0.035568,9.928516,0.010355,-0.046344,-0.072473,-0.245999,-0.359651,176.146210,-0.033631,-0.003065,0.002251,-0.999427
4537,0.061328,-0.035229,9.924196,0.013484,-0.047856,-0.075526,-0.238714,-0.360019,176.143707,-0.033652,-0.003070,0.002188,-0.999427
4538,0.060655,-0.035842,9.921535,0.013546,-0.043266,-0.078578,-0.232672,-0.360398,176.141113,-0.033675,-0.003075,0.002135,-0.999426
4539,0.064915,-0.045213,9.917898,0.015074,-0.046322,-0.078578,-0.231937,-0.362266,176.138489,-0.033698,-0.003091,0.002129,-0.999425
4540,0.065845,-0.046511,9.912736,0.021124,-0.052453,-0.080104,-0.236224,-0.366392,176.135880,-0.033721,-0.003126,0.002168,-0.999424
4541,0.067037,-0.044405,9.911066,0.030230,-0.050960,-0.058741,-0.239656,-0.371084,176.133606,-0.033741,-0.003166,0.002199,-0.999423
4542,0.066318,-0.047886,9.914556,0.024080,-0.055566,-0.070948,-0.243053,-0.375365,176.131485,-0.033759,-0.003202,0.002230,-0.999422
4543,0.064221,-0.045008,9.915836,0.025561,-0.055572,-0.066370,-0.246267,-0.377817,176.129227,-0.033779,-0.003223,0.002259,-0.999422
4544,0.056918,-0.039776,9.918463,0.030138,-0.058580,-0.066370,-0.245363,-0.375730,176.127014,-0.033798,-0.003205,0.002251,-0.999421
4545,0.062144,-0.039768,9.921932,0.022535,-0.060050,-0.072473,-0.242054,-0.372774,176.124695,-0.033819,-0.003180,0.002221,-0.999420
4546,0.063777,-0.039022,9.924370,0.016458,-0.060032,-0.081629,-0.238951,-0.373177,176.122116,-0.033841,-0.003184,0.002194,-0.999420
4547,0.063904,-0.037636,9.922441,0.033276,-0.050870,-0.075525,-0.235225,-0.374379,176.119492,-0.033864,-0.003196,0.002162,-0.999419
4548,0.061670,-0.038509,9.920233,0.033304,-0.049325,-0.075525,-0.231516,-0.374380,176.116974,-0.033886,-0.003197,0.002130,-0.999418
4549,0.064347,-0.036685,9.924133,0.027228,-0.044729,-0.074000,-0.228051,-0.374376,176.114456,-0.033907,-0.003198,0.002100,-0.999418
4550,0.058077,-0.031932,9.921960,0.034910,-0.043168,-0.078578,-0.222245,-0.372709,176.111893,-0.033930,-0.003185,0.002049,-0.999417
4551,0.055746,-0.028367,9.922151,0.024314,-0.041568,-0.084682,-0.213584,-0.367395,176.109131,-0.033953,-0.003141,0.001972,-0.999417
4552,0.054886,-0.032130,9.918890,0.015230,-0.053691,-0.084682,-0.206425,-0.361406,176.106277,-0.033978,-0.003091,0.001907,-0.999416
4553,0.052962,-0.032048,9.919217,0.016797,-0.050551,-0.087734,-0.202176,-0.355216,176.103378,-0.034003,-0.003038,0.001869,-0.999415
4554,0.051474,-0.033844,9.916061,0.024450,-0.050457,-0.089260,-0.199375,-0.348413,176.100433,-0.034029,-0.002980,0.001842,-0.999415
4555,0.055341,-0.039218,9.919276,0.021381,-0.047333,-0.083156,-0.200134,-0.343561,176.097565,-0.034054,-0.002937,0.001848,-0.999414
4556,0.054262,-0.047041,9.918552,0.028928,-0.047283,-0.080103,-0.206686,-0.340732,176.094894,-0.034077,-0.002910,0.001904,-0.999413
4557,0.056098,-0.035119,9.920968,-0.032165,-0.039614,-0.066369,-0.211806,-0.338674,176.092499,-0.034098,-0.002891,0.001948,-0.999412
4558,0.059586,-0.035058,9.920067,-0.253414,-0.050287,-0.037377,-0.215566,-0.339332,176.090759,-0.034113,-0.002895,0.001981,-0.999412
4559,0.056211,-0.026155,9.920949,-0.550907,-0.054856,-0.012963,-0.223429,-0.340395,176.089905,-0.034121,-0.002902,0.002050,-0.999411
4560,0.051063,-0.010073,9.921420,-0.753663,-0.068540,0.032814,-0.227941,-0.337934,176.090134,-0.034119,-0.002879,0.002089,-0.999412
4561,0.041737,0.051174,9.934846,-1.235282,-0.163028,0.235759,-0.209492,-0.331072,176.094315,-0.034082,-0.002825,0.001926,-0.999413
4562,0.047702,0.041997,9.937627,-1.734973,-0.381107,1.161992,-0.186029,-0.328566,176.117233,-0.033882,-0.002811,0.001720,-0.999420
4563,0.048042,0.111250,9.937592,0.081944,-0.399330,4.313022,-0.118181,-0.333257,176.207962,-0.033089,-0.002872,0.001127,-0.999448
4564,0.056592,0.080821,9.939866,1.544956,-0.298569,6.814007,0.013702,-0.340331,176.392822,-0.031473,-0.002972,-0.000026,-0.999500
4565,0.065157,0.061885,9.938018,1.557937,-0.286385,7.665470,0.133490,-0.352490,176.633728,-0.029368,-0.003109,-0.001074,-0.999563
4566,0.078625,0.000973,9.928041,1.918234,-0.188840,7.996594,0.205915,-0.371399,176.894653,-0.027090,-0.003289,-0.001708,-0.999626
4567,0.069488,0.010695,9.928696,2.258289,0.036888,7.322136,0.253431,-0.384733,177.150070,-0.024860,-0.003411,-0.002127,-0.999683
4568,0.069708,-0.055986,9.928856,0.446415,0.050582,4.718913,0.243114,-0.387687,177.351120,-0.023106,-0.003431,-0.002043,-0.999725
4569,0.069938,-0.027022,9.926021,-0.917049,-0.060839,2.875600,0.161243,-0.390764,177.478195,-0.022000,-0.003440,-0.001332,-0.999751
4570,0.063967,-0.026510,9.932418,-0.841347,-0.086775,2.816092,0.077792,-0.392974,177.573410,-0.021172,-0.003443,-0.000606,-0.999770
4571,0.064108,-0.028251,9.932665,-0.481692,-0.114203,3.328806,0.013421,-0.393037,177.676102,-0.020278,-0.003432,-0.000048,-0.999788
4572,0.066220,-0.033911,9.933079,0.297681,-0.173687,4.168068,-0.024239,-0.395262,177.801285,-0.019187,-0.003445,0.000278,-0.999810
4573,0.068624,-0.026413,9.933586,1.670734,-0.249974,5.213328,-0.017805,-0.401486,177.957825,-0.017821,-0.003500,0.000218,-0.999835
4574,0.058664,-0.013304,9.938195,3.275852,-0.315537,6.402026,0.049247,-0.406279,178.151520,-0.016129,-0.003552,-0.000373,-0.999864
4575,0.052378,0.017637,9.936442,4.981831,-0.371856,7.573936,0.184744,-0.405667,178.384445,-0.014092,-0.003562,-0.001562,-0.999893
4576,0.050334,0.053549,9.934875,6.779518,-0.429658,9.174631,0.392036,-0.403982,178.663483,-0.011651,-0.003565,-0.003380,-0.999920
4577,0.046557,0.111995,9.931658,7.910543,-0.444708,10.836360,0.662878,-0.402833,178.996735,-0.008735,-0.003566,-0.005754,-0.999939
4578,0.043934,0.156382,9.928616,8.391572,-0.403302,12.536236,0.964360,-0.403949,179.385895,-0.005329,-0.003570,-0.008396,-0.999944
4579,0.049386,0.193792,9.921035,8.831285,-0.351253,14.359714,1.270390,-0.410148,179.833771,-0.001411,-0.003595,-0.011081,-0.999931
4580,0.055342,0.245649,9.914274,8.726186,-0.262619,16.523474,1.576353,-0.421357,-179.651978,0.003087,-0.003635,-0.013767,-0.999894
4581,0.061354,0.306958,9.910987,7.127232,-0.146550,18.198935,1.855735,-0.436603,-179.073837,0.008143,-0.003679,-0.016224,-0.999829
4582,0.069341,0.347818,9.907181,5.110178,-0.044249,18.856604,2.074717,-0.455089,-178.456833,0.013536,-0.003727,-0.018156,-0.999737
4583,0.068426,0.359455,9.909426,2.664220,0.070255,19.016823,2.208048,-0.472758,-177.826080,0.019046,-0.003759,-0.019342,-0.999624
4584,0.068495,0.369248,9.911694,-0.212195,0.171052,18.998508,2.239587,-0.485491,-177.192764,0.024573,-0.003756,-0.019641,-0.999498
4585,0.075859,0.324861,9.918559,-3.290261,0.215382,18.229443,2.151261,-0.495670,-176.572296,0.029983,-0.003761,-0.018893,-0.999365
4586,0.068812,0.248543,9.925237,-4.793972,0.210895,17.063637,1.950635,-0.501217,-175.983704,0.035111,-0.003774,-0.017164,-0.999229
4587,0.068051,0.184686,9.932722,-4.660692,0.165247,17.014811,1.697981,-0.501242,-175.415070,0.040060,-0.003777,-0.014980,-0.999078
4588,0.068796,0.171338,9.935780,-3.799541,0.066195,17.011765,1.462281,-0.501008,-174.847336,0.045002,-0.003794,-0.012944,-0.998896
4589,0.071434,0.143820,9.937819,-2.692559,-0.028290,17.237606,1.273524,-0.503163,-174.276031,0.049975,-0.003830,-0.011319,-0.998679
4591,0.062896,0.164361,9.936171,-0.642315,-0.116651,17.338320,1.158928,-0.504947,-173.699509,0.054996,-0.003844,-0.010340,-0.998426
4592,0.075144,0.205154,9.927742,0.587393,-0.156192,17.886126,1.135894,-0.509460,-173.112503,0.060109,-0.003842,-0.010161,-0.998133
4593,0.070472,0.214485,9.926671,0.225827,-0.139298,17.629768,1.151270,-0.516504,-172.520844,0.065263,-0.003842,-0.010319,-0.997807
4594,0.064917,0.207406,9.928154,-0.216598,-0.113204,17.142994,1.154488,-0.518600,-171.941559,0.070306,-0.003806,-0.010368,-0.997464
4595,0.062999,0.196331,9.930796,-0.392066,-0.113019,16.502102,1.140613,-0.516859,-171.380997,0.075184,-0.003750,-0.010264,-0.997110
4596,0.060754,0.200780,9.923997,-0.331031,-0.114344,16.654690,1.123401,-0.513471,-170.828568,0.079990,-0.003683,-0.010130,-0.996737
4597,0.047579,0.188561,9.926919,-0.260848,-0.123247,17.028536,1.107604,-0.505581,-170.267349,0.084869,-0.003576,-0.010005,-0.996336
4598,0.045435,0.182504,9.932076,0.117525,-0.138204,18.057005,1.095056,-0.494037,-169.682739,0.089950,-0.003434,-0.009905,-0.995891
4599,0.048688,0.215211,9.923623,0.933953,-0.179119,19.956776,1.112361,-0.485863,-169.049438,0.095452,-0.003294,-0.010067,-0.995378
4600,0.071216,0.189057,9.916381,0.279411,-0.149946,19.248743,1.134175,-0.488052,-168.396301,0.101125,-0.003237,-0.010277,-0.994816
4601,0.080342,0.154951,9.923977,-1.466410,-0.094952,15.881025,1.094723,-0.497910,-167.810867,0.106205,-0.003306,-0.009960,-0.994289
4602,0.065352,0.259336,9.930330,-3.192130,-0.052135,12.119616,1.022102,-0.500698,-167.344391,0.110250,-0.003360,-0.009347,-0.993854
4603,0.042076,0.297220,9.919216,-3.385239,-0.094625,11.896820,0.970658,-0.488799,-166.944763,0.113713,-0.003275,-0.008900,-0.993468
4604,0.040452,0.163541,9.896241,-2.743931,-0.164497,14.004114,0.902606,-0.471377,-166.513565,0.117447,-0.003160,-0.008305,-0.993039
4605,0.029415,0.164954,9.895435,-1.984002,-0.231291,17.286373,0.821194,-0.454513,-165.992264,0.121961,-0.003063,-0.007596,-0.992501
4606,0.005362,0.170083,9.895830,-1.202594,-0.270512,20.954691,0.775302,-0.431056,-165.355225,0.127474,-0.002869,-0.007190,-0.991812
4607,0.027510,0.032793,9.890888,-0.165228,-0.343322,24.594019,0.723200,-0.412176,-164.596146,0.134039,-0.002719,-0.006736,-0.990950
4608,0.054750,-0.033456,9.895754,-0.306552,-0.327834,24.868689,0.624870,-0.412356,-163.771393,0.141165,-0.002793,-0.005906,-0.989965
4609,0.059216,0.038512,9.923624,-1.781420,-0.269745,22.154072,0.510128,-0.420688,-162.987320,0.147932,-0.002972,-0.004946,-0.988981
4610,0.048552,0.056513,9.930739,-2.250246,-0.274190,20.719706,0.404675,-0.423580,-162.272659,0.154095,-0.003108,-0.004059,-0.988043
4611,0.070224,0.036998,9.926599,-2.480896,-0.322921,21.648994,0.299480,-0.428940,-161.566467,0.160178,-0.003276,-0.003179,-0.987078
4612,0.073970,0.018272,9.934784,-2.710024,-0.374789,23.351927,0.185572,-0.442577,-160.816360,0.166633,-0.003538,-0.002240,-0.986010
4613,0.064144,0.005368,9.930419,-2.130391,-0.492239,25.236448,0.078942,-0.454687,-160.006454,0.173594,-0.003788,-0.001367,-0.984809
4614,0.059508,-0.001963,9.926496,-1.379789,-0.624879,28.248623,-0.000467,-0.463638,-159.114990,0.181247,-0.003980,-0.000729,-0.983429
4615,0.069797,-0.000198,9.917641,-0.853402,-0.734639,31.137201,-0.050917,-0.476277,-158.125214,0.189733,-0.004165,-0.000352,-0.981827
4616,0.065571,-0.020145,9.922791,-0.212555,-0.826095,33.279602,-0.081490,-0.492224,-157.051605,0.198922,-0.004351,-0.000158,-0.980006
4617,0.060611,-0.007041,9.912790,0.594644,-0.883931,34.221100,-0.086296,-0.505637,-155.926620,0.208533,-0.004473,-0.000184,-0.978005
4618,0.057240,-0.014033,9.920818,0.510748,-0.876104,34.359959,-0.075463,-0.515623,-154.783661,0.218277,-0.004535,-0.000340,-0.975876
4619,0.062544,-0.026372,9.922630,0.174999,-0.830119,33.242981,-0.078271,-0.523994,-153.656937,0.227862,-0.004608,-0.000377,-0.973683
4620,0.045012,-0.054720,9.927680,0.219054,-0.800866,32.376255,-0.099408,-0.525879,-152.563156,0.237144,-0.004664,-0.000246,-0.971463
4621,0.055893,-0.047450,9.922318,0.452264,-0.792944,32.148895,-0.121223,-0.524044,-151.487549,0.246251,-0.004693,-0.000101,-0.969195
4622,0.047379,-0.053042,9.928202,0.577165,-0.792660,32.495285,-0.134142,-0.522580,-150.409973,0.255354,-0.004708,-0.000033,-0.966836
4623,0.074126,-0.060228,9.925812,0.933983,-0.806177,33.114815,-0.141372,-0.527180,-149.316269,0.264569,-0.004763,-0.000027,-0.964355
4624,0.084898,-0.042909,9.926690,1.133680,-0.803043,32.812679,-0.135214,-0.543950,-148.217300,0.273805,-0.004889,-0.000165,-0.961773
4625,0.083682,-0.050667,9.935723,0.968715,-0.760256,31.425617,-0.125334,-0.562070,-147.146530,0.282780,-0.005014,-0.000338,-0.959172
4626,0.082809,-0.060955,9.931394,1.542223,-0.737275,30.406303,-0.115279,-0.576641,-146.115784,0.291397,-0.005107,-0.000504,-0.956589
4627,0.098573,-0.052595,9.918646,1.572483,-0.700596,29.838659,-0.096953,-0.593620,-145.111450,0.299770,-0.005196,-0.000746,-0.953997
4628,0.101277,-0.036278,9.914560,0.838325,-0.648705,29.846292,-0.084216,-0.613669,-144.116531,0.308042,-0.005321,-0.000951,-0.951358
4629,0.087585,-0.040512,9.929263,0.252205,-0.656261,32.367123,-0.092017,-0.627226,-143.079468,0.316638,-0.005446,-0.000972,-0.948530
4630,0.113412,-0.003812,9.914103,0.798436,-0.810330,38.402161,-0.092052,-0.645214,-141.899948,0.326384,-0.005584,-0.001078,-0.945220
4631,0.134348,0.043189,9.921000,-0.010047,-0.877571,42.094898,-0.071336,-0.680467,-140.558640,0.337426,-0.005800,-0.001418,-0.941333
4632,0.138578,0.029729,9.932074,-0.638364,-0.900615,42.746464,-0.066620,-0.722434,-139.145065,0.349011,-0.006111,-0.001656,-0.937097
4633,0.124830,0.030664,9.937004,-0.609066,-0.918999,41.418900,-0.078170,-0.757421,-137.742706,0.360451,-0.006411,-0.001746,-0.932754
4634,0.130760,0.020923,9.925687,-0.237989,-0.906788,38.710377,-0.085352,-0.785644,-136.407608,0.371293,-0.006642,-0.001854,-0.928490
4635,0.124108,-0.007666,9.933104,-0.770387,-0.796877,33.575638,-0.105414,-0.807978,-135.203018,0.381030,-0.006869,-0.001836,-0.924535
4636,0.102359,-0.043020,9.929659,-0.747563,-0.729556,29.771509,-0.151362,-0.814803,-134.147110,0.389530,-0.007063,-0.001553,-0.920985
4637,0.088094,-0.025606,9.929238,-0.450094,-0.727703,28.352398,-0.192820,-0.806660,-133.178207,0.397301,-0.007128,-0.001253,-0.917660
4638,0.087999,-0.034809,9.928174,-0.247150,-0.747161,28.649958,-0.217939,-0.793840,-132.228073,0.404895,-0.007104,-0.001066,-0.914335
4639,0.090899,-0.050196,9.916453,-0.306711,-0.765118,28.547720,-0.244803,-0.783286,-131.274628,0.412487,-0.007108,-0.000874,-0.910935
4640,0.084475,-0.045083,9.916325,-0.541757,-0.787654,29.098581,-0.276938,-0.773054,-130.313675,0.420110,-0.007137,-0.000641,-0.907445
4641,0.084568,-0.036110,9.917750,-0.558510,-0.846803,30.214033,-0.305559,-0.762659,-129.325043,0.427922,-0.007156,-0.000438,-0.903787
4642,0.079799,-0.047136,9.918413,-0.424164,-0.930363,32.161118,-0.329985,-0.753559,-128.285416,0.436103,-0.007173,-0.000277,-0.899868
4643,0.084285,-0.042973,9.902096,0.491462,-1.033771,34.373707,-0.336951,-0.747917,-127.176422,0.444791,-0.007153,-0.000270,-0.895606
4644,0.098434,-0.044960,9.912359,0.348124,-1.105212,37.234818,-0.329688,-0.751686,-125.982903,0.454095,-0.007151,-0.000416,-0.890925
4645,0.104801,-0.070506,9.920005,0.502242,-1.137053,38.487610,-0.332260,-0.763444,-124.720718,0.463880,-0.007247,-0.000522,-0.885868
4646,0.095502,-0.078798,9.924676,0.969050,-1.136828,38.116810,-0.336139,-0.773690,-123.443687,0.473722,-0.007336,-0.000615,-0.880644
4647,0.100889,-0.088518,9.917929,1.428168,-1.072487,36.238403,-0.329734,-0.780669,-122.204063,0.483221,-0.007355,-0.000773,-0.875467
4648,0.101914,-0.090610,9.932412,0.738220,-0.956278,33.961723,-0.330341,-0.786186,-121.033638,0.492137,-0.007391,-0.000867,-0.870486
4649,0.090567,-0.095815,9.934750,0.927174,-0.875118,31.624014,-0.340916,-0.784554,-119.940086,0.500421,-0.007416,-0.000851,-0.865750
4650,0.084153,-0.097758,9.923913,1.215296,-0.790840,29.104715,-0.344030,-0.774631,-118.927452,0.508052,-0.007348,-0.000849,-0.861294
4651,0.077344,-0.101539,9.917532,0.833524,-0.701945,27.438410,-0.348694,-0.758594,-117.984573,0.515123,-0.007241,-0.000802,-0.857086
4652,0.076500,-0.096178,9.920999,0.454814,-0.651187,26.611362,-0.364259,-0.739251,-117.083267,0.521848,-0.007162,-0.000655,-0.853008
4653,0.070009,-0.068725,9.920214,0.317331,-0.658409,26.591534,-0.376138,-0.718672,-116.196236,0.528435,-0.007059,-0.000528,-0.848944
4654,0.071131,-0.075718,9.915671,0.140263,-0.679370,27.670364,-0.384987,-0.698845,-115.291672,0.535121,-0.006950,-0.000426,-0.844747
4655,0.069116,-0.039472,9.911695,-0.027528,-0.678991,27.786335,-0.388880,-0.681082,-114.367317,0.541918,-0.006834,-0.000369,-0.840403
4656,0.081758,0.010040,9.917713,-0.213313,-0.713770,28.595074,-0.370015,-0.669531,-113.427910,0.548791,-0.006656,-0.000507,-0.835933
4657,0.070403,0.055987,9.928848,-0.642912,-0.824867,32.144371,-0.331956,-0.662477,-112.416183,0.556153,-0.006416,-0.000808,-0.831055
4658,0.079747,0.036691,9.923158,-0.619250,-0.963435,36.723667,-0.296659,-0.659833,-111.269073,0.564446,-0.006214,-0.001113,-0.825446
4659,0.066940,0.039327,9.919064,-0.792538,-1.111153,40.674278,-0.275036,-0.661189,-109.979683,0.573699,-0.006103,-0.001345,-0.819042
4660,0.063885,0.039644,9.922863,-1.287821,-1.350370,46.625385,-0.268708,-0.663471,-108.525307,0.584048,-0.006069,-0.001478,-0.811695
4661,0.082821,0.037232,9.925622,-1.831959,-1.664412,52.971703,-0.284611,-0.678762,-106.865967,0.595738,-0.006237,-0.001534,-0.803153
4662,0.084428,-0.132563,9.905200,-1.651899,-1.883910,58.278873,-0.365067,-0.706169,-105.011833,0.608649,-0.006828,-0.001223,-0.793409
4663,0.072660,-0.152021,9.917685,-1.470937,-1.933968,58.404003,-0.497429,-0.727940,-103.066490,0.622020,-0.007674,-0.000553,-0.782963
4664,0.068891,-0.166284,9.918735,-0.836761,-1.947316,57.378601,-0.615452,-0.739217,-101.136063,0.635112,-0.008394,0.000051,-0.772374
4665,0.079779,-0.296047,9.922729,0.056458,-1.885899,55.947292,-0.740468,-0.746616,-99.246048,0.647754,-0.009149,0.000702,-0.761794
4666,0.058318,-0.331419,9.915915,2.310360,-1.561973,50.841568,-0.851653,-0.740447,-97.464401,0.659511,-0.009759,0.001324,-0.751630
4667,0.070595,-0.195566,9.920762,3.026638,-1.262427,42.418480,-0.864106,-0.722704,-95.908760,0.669654,-0.009733,0.001376,-0.742608
4668,0.077581,-0.193254,9.916063,3.358957,-1.095722,38.058922,-0.804262,-0.708741,-94.566772,0.678311,-0.009305,0.000961,-0.734715
4669,0.084908,-0.163531,9.919260,3.351083,-0.930614,34.743092,-0.729431,-0.698613,-93.352829,0.686063,-0.008802,0.000448,-0.727489
4670,0.077738,-0.039246,9.920648,2.710421,-0.765521,31.215155,-0.621328,-0.687652,-92.253525,0.693019,-0.008084,-0.000250,-0.720874
4671,0.079641,-0.064344,9.921343,1.041529,-0.786586,30.789419,-0.528756,-0.676449,-91.220406,0.699497,-0.007446,-0.000832,-0.714596
4672,0.074796,-0.125384,9.926579,0.486126,-0.777135,30.752798,-0.512242,-0.666428,-90.194527,0.705868,-0.007275,-0.000939,-0.708305
4673,0.071837,-0.116732,9.923734,0.459963,-0.717314,28.267071,-0.527869,-0.654327,-89.210457,0.711924,-0.007289,-0.000831,-0.702218
4674,0.077733,-0.100910,9.923322,0.238568,-0.631576,24.661316,-0.538384,-0.642886,-88.328026,0.717311,-0.007279,-0.000751,-0.696715
4675,0.074288,-0.110181,9.921834,0.294932,-0.594692,22.492977,-0.546828,-0.632294,-87.541870,0.722074,-0.007263,-0.000683,-0.691778
4676,0.073404,-0.104165,9.919033,0.426066,-0.565435,21.096762,-0.551343,-0.620911,-86.815109,0.726447,-0.007219,-0.000630,-0.687184
4677,0.085787,-0.067595,9.922305,0.485643,-0.557598,20.301752,-0.537614,-0.614305,-86.125046,0.730573,-0.007088,-0.000713,-0.682797
4678,0.085204,-0.086224,9.922820,0.276717,-0.557443,20.593206,-0.520928,-0.612687,-85.443405,0.734623,-0.006967,-0.000844,-0.678439
4679,0.079986,-0.057395,9.915428,0.717853,-0.589316,22.120659,-0.499067,-0.610083,-84.731491,0.738825,-0.006805,-0.000999,-0.673862
4680,0.087935,-0.083790,9.913706,0.811061,-0.621202,24.055532,-0.470295,-0.609595,-83.961845,0.743336,-0.006609,-0.001209,-0.668884
4681,0.088188,-0.130141,9.925266,1.016895,-0.619550,23.751875,-0.463307,-0.612361,-83.164757,0.747971,-0.006571,-0.001314,-0.663697
4682,0.082083,-0.078883,9.915757,1.463820,-0.590409,23.472633,-0.445760,-0.612813,-82.377373,0.752515,-0.006449,-0.001463,-0.658542
4683,0.085940,-0.050616,9.919978,1.260973,-0.567361,23.793077,-0.399709,-0.612060,-81.589561,0.757027,-0.006130,-0.001765,-0.653352
4684,0.090988,-0.145482,9.937644,0.621431,-0.521455,22.660843,-0.392685,-0.613394,-80.815041,0.761426,-0.006079,-0.001855,-0.648221
4685,0.061397,-0.083577,9.933829,0.927813,-0.481565,20.422316,-0.404227,-0.605462,-80.096573,0.765475,-0.006100,-0.001775,-0.643434
4686,0.070634,-0.010988,9.937202,0.120755,-0.446183,20.864836,-0.379754,-0.590560,-79.408493,0.769327,-0.005842,-0.001848,-0.638826
4687,0.066232,-0.028425,9.952347,-0.585400,-0.526802,24.171515,-0.363839,-0.579018,-78.658112,0.773495,-0.005658,-0.001896,-0.633774
4688,0.083863,-0.067627,9.939864,-0.681415,-0.624272,26.915127,-0.382839,-0.575436,-77.806656,0.778182,-0.005753,-0.001810,-0.628010
4689,0.058198,-0.101688,9.915257,-0.019307,-0.761395,30.819973,-0.417169,-0.572926,-76.844162,0.783428,-0.005959,-0.001655,-0.621452
4690,0.092389,-0.149540,9.935872,-0.240972,-0.846673,34.663784,-0.468974,-0.575583,-75.752289,0.789311,-0.006314,-0.001452,-0.613960
4691,0.080548,-0.183300,9.916697,0.458780,-0.932030,37.027451,-0.535735,-0.586214,-74.556702,0.795669,-0.006818,-0.001239,-0.605692
4692,0.081658,-0.227044,9.915854,1.362801,-0.988349,38.533546,-0.595150,-0.593177,-73.296425,0.802278,-0.007257,-0.001053,-0.596906
4694,0.093288,-0.139785,9.930322,2.082420,-0.965355,43.012146,-0.607440,-0.601972,-71.936607,0.809303,-0.007376,-0.001138,-0.587344
4695,0.113149,-0.007791,9.945316,1.022122,-0.841751,42.914482,-0.551201,-0.617579,-70.504631,0.816582,-0.007039,-0.001625,-0.577184
4696,0.108367,0.012743,9.932288,0.140879,-0.733446,41.715099,-0.480481,-0.634524,-69.094810,0.823624,-0.006594,-0.002183,-0.567093
4697,0.106930,0.041728,9.937135,-0.500694,-0.643410,40.004528,-0.425984,-0.646048,-67.733650,0.830305,-0.006228,-0.002610,-0.557269
4698,0.114148,0.031392,9.937170,-1.442887,-0.515229,36.883999,-0.398225,-0.655788,-66.453003,0.836481,-0.006043,-0.002883,-0.547955
4699,0.075299,-0.040139,9.933017,-2.278610,-0.461690,31.402872,-0.429721,-0.651957,-65.315369,0.841879,-0.006227,-0.002766,-0.539624
4700,0.079228,-0.081258,9.933665,-1.819227,-0.519415,30.650591,-0.502388,-0.636271,-64.281181,0.846711,-0.006666,-0.002369,-0.532006
4701,0.071043,-0.070359,9.933612,-1.109636,-0.572559,30.314892,-0.559121,-0.621326,-63.265049,0.851393,-0.006998,-0.002057,-0.524478
4702,0.084790,-0.077939,9.944001,-1.136974,-0.613535,30.514790,-0.595838,-0.610749,-62.251251,0.855998,-0.007206,-0.001875,-0.516926
4703,0.082028,-0.003550,9.937753,-1.318131,-0.645410,30.778770,-0.609072,-0.605770,-61.229988,0.860570,-0.007266,-0.001843,-0.509277
4704,0.077524,-0.018341,9.931922,-1.199961,-0.738306,32.345894,-0.601452,-0.601152,-60.178402,0.865208,-0.007171,-0.001908,-0.501358
4705,0.086086,0.013584,9.930315,-1.248051,-0.793075,33.482700,-0.587211,-0.600490,-59.081799,0.869967,-0.007042,-0.002032,-0.493055
4706,0.086050,-0.010904,9.923383,-1.077919,-0.910441,35.960793,-0.570451,-0.605525,-57.924942,0.874901,-0.006914,-0.002213,-0.484247
4707,0.065522,-0.056938,9.920587,-0.941634,-1.012471,38.426685,-0.574154,-0.606549,-56.685410,0.880088,-0.006923,-0.002280,-0.474755
4708,0.064708,-0.025063,9.920859,-0.680282,-1.114420,41.032967,-0.577388,-0.602740,-55.361298,0.885515,-0.006905,-0.002317,-0.464554
4709,0.067332,-0.071878,9.926198,-0.992727,-1.318615,45.723660,-0.587207,-0.603538,-53.915516,0.891305,-0.006955,-0.002371,-0.453345
4710,0.047314,-0.117337,9.937750,-1.418414,-1.638718,50.850773,-0.640267,-0.604805,-52.305779,0.897582,-0.007342,-0.002275,-0.440781
4711,0.043231,-0.128679,9.958187,-2.559924,-2.196779,53.156448,-0.735565,-0.609141,-50.571918,0.904141,-0.008074,-0.002065,-0.427152
4712,0.104499,-0.112730,9.907205,-1.514675,-2.646701,54.654915,-0.824113,-0.644959,-48.774517,0.910721,-0.008874,-0.002157,-0.412922
4713,0.039441,-0.263376,9.962409,0.760100,-1.874318,55.613205,-0.892096,-0.669201,-46.935806,0.917222,-0.009466,-0.002256,-0.398258
4714,0.015187,-0.132855,9.970462,1.168697,-1.594449,50.151928,-0.911430,-0.642974,-45.172424,0.923242,-0.009498,-0.002126,-0.384096
4715,-0.020815,-0.141438,9.956332,1.361105,-1.090053,43.599617,-0.873235,-0.588153,-43.609791,0.928400,-0.008981,-0.001935,-0.371468
4716,-0.008636,-0.210539,9.926830,2.409263,-0.382675,38.397755,-0.837136,-0.513555,-42.242950,0.932772,-0.008429,-0.001548,-0.360364
4717,-0.061205,-0.147292,9.978750,1.592674,0.129449,34.802692,-0.799991,-0.415794,-41.022900,0.936564,-0.007810,-0.000952,-0.350407
4718,0.005581,-0.051773,9.924187,-0.390721,-0.731918,33.600266,-0.759641,-0.340139,-39.883080,0.940010,-0.007244,-0.000529,-0.341071
4719,0.071942,-0.170645,9.919282,-0.015172,-1.062851,38.469498,-0.758228,-0.336785,-38.681839,0.943534,-0.007217,-0.000582,-0.331198
4720,0.121760,-0.212963,9.922694,-0.110215,-1.122639,38.557999,-0.807727,-0.380308,-37.397568,0.947181,-0.007741,-0.000884,-0.320605
4721,0.096684,-0.106970,9.937175,0.052884,-1.264889,39.012722,-0.833710,-0.432042,-36.104313,0.950734,-0.008086,-0.001330,-0.309898
4722,0.088344,-0.156857,9.932441,0.936470,-1.510721,42.749706,-0.821197,-0.473162,-34.741276,0.954352,-0.008072,-0.001801,-0.298570
4723,0.075133,-0.205759,9.932195,0.702730,-1.373412,41.469463,-0.830374,-0.503105,-33.337063,0.957937,-0.008201,-0.002127,-0.286855
4724,0.025943,-0.150496,9.930812,0.470538,-1.138174,36.810818,-0.844928,-0.503639,-32.031879,0.961141,-0.008300,-0.002190,-0.275926
4725,0.021540,-0.122564,9.943079,1.204571,-1.297938,38.184155,-0.822009,-0.484909,-30.781670,0.964096,-0.008039,-0.002176,-0.265422
4726,0.037716,-0.188140,9.941236,1.627175,-1.326527,40.256367,-0.792713,-0.473943,-29.473892,0.967065,-0.007742,-0.002240,-0.254401
4727,0.042210,-0.162075,9.944992,0.584716,-1.046970,34.302212,-0.788785,-0.468222,-28.230755,0.969769,-0.007672,-0.002284,-0.243895
4728,0.045487,-0.144809,9.941877,0.009325,-1.048223,32.403969,-0.798414,-0.463114,-27.118618,0.972090,-0.007721,-0.002295,-0.234472
4729,0.048250,-0.234977,9.938282,-0.566325,-1.090705,32.100315,-0.850225,-0.461272,-26.042957,0.974244,-0.008136,-0.002250,-0.225337
4730,0.042418,-0.198756,9.924475,-0.685880,-0.994321,29.043892,-0.927260,-0.457450,-25.023172,0.976206,-0.008764,-0.002144,-0.216660
4731,0.039651,-0.186147,9.921021,-1.174454,-0.888754,25.847088,-0.990502,-0.448534,-24.107796,0.977901,-0.009270,-0.002023,-0.208855
4732,0.057783,-0.190962,9.915095,-0.993031,-0.938895,26.831314,-1.048112,-0.444055,-23.229362,0.979468,-0.009739,-0.001954,-0.201354
4733,0.060299,-0.285292,9.916204,-0.245772,-0.958601,28.528149,-1.116046,-0.446434,-22.306005,0.981053,-0.010309,-0.001938,-0.193456
4734,0.051979,-0.180240,9.916411,0.542802,-0.761605,24.948332,-1.147560,-0.443833,-21.414154,0.982526,-0.010559,-0.001945,-0.185815
4735,0.050501,-0.170944,9.918411,0.629927,-0.732427,23.750483,-1.121016,-0.436074,-20.602303,0.983821,-0.010305,-0.001995,-0.178849
4736,0.047930,-0.161199,9.920993,0.698812,-0.683402,22.319166,-1.084952,-0.427393,-19.834320,0.985001,-0.009969,-0.002043,-0.172250
4737,0.024625,-0.177685,9.923983,0.932435,-0.612932,20.909218,-1.049007,-0.410587,-19.113676,0.986068,-0.009622,-0.002013,-0.166050
4738,0.011508,-0.068331,9.919995,0.552926,-0.553027,18.505888,-0.988640,-0.382930,-18.456791,0.987010,-0.009052,-0.001915,-0.160392
4739,0.026224,-0.127162,9.921484,0.196426,-0.668638,21.342587,-0.929331,-0.359885,-17.792730,0.987928,-0.008498,-0.001849,-0.154667
4740,0.026439,-0.125296,9.921363,0.022759,-0.701934,22.191004,-0.904296,-0.346343,-17.067060,0.988890,-0.008252,-0.001818,-0.148406
4741,0.019993,-0.099077,9.927211,-0.510978,-0.877141,25.480900,-0.886893,-0.335573,-16.272417,0.989897,-0.008076,-0.001804,-0.141544
4742,0.032551,-0.214299,9.925659,-0.295835,-1.049334,31.111568,-0.906821,-0.331602,-15.328855,0.991028,-0.008229,-0.001812,-0.133389
4743,0.042063,-0.252109,9.935078,0.608479,-0.953053,29.785545,-0.957982,-0.334997,-14.313275,0.992167,-0.008659,-0.001859,-0.124602
4744,0.041842,-0.217214,9.932823,1.012323,-0.861383,27.513447,-0.983932,-0.338782,-13.357714,0.993170,-0.008872,-0.001938,-0.116325
4745,0.055673,-0.237953,9.924808,1.271303,-0.859788,27.669094,-0.989852,-0.345454,-12.437473,0.994071,-0.008914,-0.002061,-0.108346
4746,0.067721,-0.274164,9.922820,1.800185,-0.675168,24.481441,-0.999265,-0.357515,-11.567697,0.994864,-0.008990,-0.002225,-0.100799
4747,0.050414,-0.160096,9.922240,1.451951,-0.524089,19.189531,-0.978786,-0.363744,-10.839462,0.995486,-0.008803,-0.002353,-0.094474
4748,0.043395,-0.159330,9.917653,0.560893,-0.589591,20.118824,-0.941870,-0.361335,-10.184159,0.996012,-0.008467,-0.002411,-0.088779
4749,0.040143,-0.095522,9.914311,0.049988,-0.597070,19.673254,-0.910627,-0.356705,-9.520889,0.996512,-0.008178,-0.002443,-0.083012
4750,0.020293,-0.122277,9.920642,-0.395210,-0.569372,18.280085,-0.886827,-0.345504,-8.888319,0.996957,-0.007949,-0.002406,-0.077508
4751,0.018110,-0.131380,9.923034,-0.375165,-0.530924,16.836563,-0.884371,-0.327722,-8.302946,0.997341,-0.007904,-0.002294,-0.072413
4752,0.025626,-0.141970,9.919218,-0.112586,-0.423846,14.096005,-0.884539,-0.312004,-7.787289,0.997657,-0.007886,-0.002192,-0.067923
4753,0.026388,-0.123251,9.914368,0.290442,-0.318311,10.757282,-0.867232,-0.295969,-7.373016,0.997898,-0.007718,-0.002091,-0.064315
4754,0.026468,-0.192120,9.918266,0.529954,-0.238711,8.341749,-0.860407,-0.277791,-7.054565,0.998073,-0.007643,-0.001958,-0.061540
4755,0.026423,-0.162105,9.916869,1.051555,-0.159140,6.324479,-0.859087,-0.260599,-6.809935,0.998203,-0.007619,-0.001825,-0.059408
4756,0.006119,-0.130855,9.914259,1.288096,-0.177159,6.521328,-0.819009,-0.236812,-6.595775,0.998316,-0.007254,-0.001652,-0.057540
4757,-0.004060,-0.160991,9.909686,2.012903,-0.330873,11.175408,-0.765785,-0.204801,-6.300711,0.998464,-0.006771,-0.001417,-0.054967
4758,0.046940,-0.133636,9.921031,2.690317,-0.515335,17.955095,-0.697824,-0.196885,-5.815003,0.998692,-0.006169,-0.001407,-0.050733
4759,0.063284,-0.091561,9.918458,3.494582,-0.646711,22.404692,-0.588092,-0.221924,-5.142218,0.998978,-0.005214,-0.001704,-0.044869
4760,0.061906,-0.060754,9.917276,2.890568,-0.657583,23.428583,-0.462023,-0.253814,-4.378311,0.999259,-0.004114,-0.002059,-0.038207
4761,0.076264,-0.058734,9.917171,1.728038,-0.575384,21.383842,-0.368329,-0.287060,-3.631450,0.999489,-0.003292,-0.002402,-0.031693
4762,0.085891,-0.021580,9.928346,0.130624,-0.392521,15.687560,-0.320032,-0.321649,-3.013648,0.999646,-0.002866,-0.002732,-0.026304
4763,0.037292,-0.053168,9.921030,-0.998397,-0.194192,8.210524,-0.322095,-0.332925,-2.615383,0.999731,-0.002876,-0.002840,-0.022830
4764,0.023419,-0.065179,9.922253,-1.891098,-0.055079,2.946083,-0.374366,-0.313096,-2.429407,0.999766,-0.003324,-0.002662,-0.021208
4765,0.028935,-0.080333,9.920339,-1.702004,-0.021223,0.745701,-0.445349,-0.288116,-2.367838,0.999776,-0.003938,-0.002433,-0.020671
4766,0.028769,-0.074534,9.917792,-0.894852,-0.031681,0.277244,-0.494322,-0.268754,-2.350774,0.999777,-0.004361,-0.002256,-0.020523
4767,0.026763,-0.070889,9.911842,-0.269139,-0.031485,0.013260,-0.506294,-0.252066,-2.345968,0.999778,-0.004462,-0.002109,-0.020480
4768,0.030820,-0.062307,9.913101,-0.014117,-0.026750,-0.174429,-0.493698,-0.238961,-2.348722,0.999778,-0.004350,-0.001997,-0.020504
4769,0.026085,-0.079822,9.917876,-0.111628,-0.012882,-0.137805,-0.482366,-0.227500,-2.353976,0.999778,-0.004249,-0.001898,-0.020549
4770,0.022719,-0.097277,9.927617,-0.102511,-0.009676,-0.111864,-0.489404,-0.214062,-2.358120,0.999777,-0.004308,-0.001780,-0.020585
4771,0.021377,-0.110353,9.925333,-0.069130,-0.009520,-0.105758,-0.509250,-0.200385,-2.361683,0.999776,-0.004479,-0.001657,-0.020616
4772,0.022540,-0.116092,9.933682,-0.063282,-0.009386,-0.099651,-0.534539,-0.188652,-2.365026,0.999775,-0.004698,-0.001550,-0.020645
4773,0.016519,-0.113073,9.932603,-0.072670,-0.000093,-0.090493,-0.557645,-0.176559,-2.368127,0.999773,-0.004897,-0.001440,-0.020672
4774,0.017962,-0.117845,9.928543,-0.063714,-0.001481,-0.090491,-0.577915,-0.164144,-2.371090,0.999772,-0.005072,-0.001328,-0.020697
4775,0.022948,-0.120096,9.925747,-0.066964,0.010813,-0.107276,-0.597910,-0.156177,-2.374339,0.999771,-0.005245,-0.001254,-0.020725
4776,0.020753,-0.115554,9.932324,-0.068644,0.007819,-0.102697,-0.613957,-0.150792,-2.377804,0.999769,-0.005384,-0.001204,-0.020755
4777,0.020426,-0.113842,9.928337,-0.056530,0.009403,-0.101170,-0.624407,-0.145337,-2.381183,0.999768,-0.005474,-0.001155,-0.020785
4778,0.023553,-0.115521,9.929242,-0.038289,0.003334,-0.111851,-0.632365,-0.141987,-2.384720,0.999767,-0.005543,-0.001124,-0.020816
4779,0.022990,-0.110752,9.930426,-0.035277,-0.008858,-0.114903,-0.637240,-0.140712,-2.388489,0.999766,-0.005585,-0.001112,-0.020848
4780,0.020620,-0.111504,9.929179,-0.023080,-0.024091,-0.095065,-0.639163,-0.138969,-2.391980,0.999766,-0.005602,-0.001096,-0.020879
4781,0.023912,-0.109735,9.923450,-0.015451,-0.011864,-0.096591,-0.639839,-0.137905,-2.395167,0.999765,-0.005608,-0.001086,-0.020907
4782,0.024758,-0.108336,9.921535,-0.010857,-0.025602,-0.096591,-0.638782,-0.138876,-2.398383,0.999765,-0.005599,-0.001095,-0.020935
4783,0.022724,-0.107451,9.920410,-0.009304,-0.019495,-0.092014,-0.636676,-0.139469,-2.401524,0.999764,-0.005580,-0.001100,-0.020962
4784,0.024923,-0.105291,9.923820,-0.013844,-0.007286,-0.087436,-0.633529,-0.139707,-2.404518,0.999764,-0.005553,-0.001103,-0.020988
4785,0.020360,-0.102138,9.921199,-0.007679,0.001885,-0.090488,-0.628444,-0.138501,-2.407495,0.999763,-0.005508,-0.001093,-0.021014
4786,0.019300,-0.100837,9.927081,-0.022862,-0.008755,-0.095064,-0.622183,-0.134956,-2.410603,0.999763,-0.005453,-0.001063,-0.021041
4787,0.021078,-0.107325,9.926526,-0.027400,-0.010247,-0.090486,-0.619324,-0.132275,-2.413700,0.999763,-0.005428,-0.001040,-0.021068
4788,0.021009,-0.105790,9.929895,-0.030442,-0.010227,-0.079805,-0.619407,-0.130820,-2.416537,0.999762,-0.005428,-0.001027,-0.021093
4789,0.017681,-0.110143,9.932255,-0.028922,-0.017824,-0.075227,-0.620916,-0.128323,-2.419114,0.999762,-0.005441,-0.001005,-0.021115
4790,0.024732,-0.108323,9.940453,-0.033516,-0.023916,-0.078278,-0.623403,-0.127951,-2.421662,0.999761,-0.005463,-0.001001,-0.021137
4791,0.025987,-0.111678,9.939880,-0.015224,-0.016316,-0.066072,-0.625990,-0.131352,-2.424056,0.999761,-0.005486,-0.001030,-0.021158
4792,0.022071,-0.108246,9.942091,-0.009135,-0.004124,-0.069123,-0.627749,-0.133042,-2.426302,0.999760,-0.005501,-0.001045,-0.021178
4793,0.024120,-0.107288,9.940318,-0.006074,-0.008703,-0.069123,-0.627130,-0.133417,-2.428607,0.999760,-0.005496,-0.001048,-0.021198
4794,0.023841,-0.106755,9.934046,-0.001479,-0.011762,-0.073701,-0.625690,-0.134539,-2.430986,0.999759,-0.005484,-0.001058,-0.021219
4795,0.021872,-0.102953,9.933881,0.000084,-0.007182,-0.075227,-0.622457,-0.134558,-2.433473,0.999759,-0.005456,-0.001059,-0.021241
4797,0.020924,-0.093440,9.932034,-0.008976,-0.022422,-0.079805,-0.613949,-0.133410,-2.436071,0.999759,-0.005381,-0.001050,-0.021263
4798,0.020857,-0.088670,9.932021,0.011016,-0.028504,-0.090486,-0.599967,-0.132268,-2.438933,0.999759,-0.005259,-0.001043,-0.021288
4799,0.023541,-0.090260,9.930266,0.009643,-0.034599,-0.098116,-0.585992,-0.132636,-2.442096,0.999759,-0.005137,-0.001048,-0.021315
4800,0.025985,-0.087057,9.932231,0.021986,-0.028513,-0.096591,-0.573232,-0.135282,-2.445359,0.999759,-0.005026,-0.001074,-0.021344
4801,0.026938,-0.094029,9.931180,0.034288,-0.020914,-0.084385,-0.563695,-0.138939,-2.448387,0.999759,-0.004944,-0.001107,-0.021370
4802,0.025760,-0.102096,9.929250,0.038871,-0.005680,-0.088963,-0.562067,-0.141647,-2.451273,0.999758,-0.004930,-0.001131,-0.021396
4803,0.028346,-0.106125,9.928462,0.009814,-0.013336,-0.079807,-0.566931,-0.144363,-2.454068,0.999758,-0.004973,-0.001154,-0.021420
4804,0.021759,-0.109721,9.931604,0.011243,-0.016390,-0.069126,-0.575301,-0.145115,-2.456523,0.999757,-0.005046,-0.001158,-0.021442
4805,0.024397,-0.112098,9.933948,0.011129,-0.016371,-0.064547,-0.585216,-0.143939,-2.458720,0.999756,-0.005133,-0.001146,-0.021461
4806,0.022948,-0.106341,9.928967,0.017150,-0.028565,-0.066073,-0.592211,-0.143516,-2.460871,0.999755,-0.005194,-0.001141,-0.021480
4807,0.021556,-0.107487,9.935331,0.038467,-0.036169,-0.059968,-0.595482,-0.142311,-2.462950,0.999755,-0.005222,-0.001130,-0.021498
4808,0.022623,-0.107114,9.935832,0.046055,-0.022410,-0.067598,-0.597803,-0.140979,-2.465056,0.999754,-0.005242,-0.001118,-0.021516
4809,0.025898,-0.099847,9.934308,0.056736,-0.014777,-0.079805,-0.596100,-0.141363,-2.467506,0.999754,-0.005227,-0.001121,-0.021537
4810,0.020649,-0.098803,9.931438,0.052198,-0.016291,-0.076753,-0.590673,-0.140868,-2.470119,0.999754,-0.005180,-0.001118,-0.021560
4811,0.016378,-0.105032,9.934508,0.046105,-0.007079,-0.082856,-0.588199,-0.136136,-2.472777,0.999753,-0.005157,-0.001077,-0.021583
4812,0.022089,-0.100626,9.933156,0.032365,0.008227,-0.081330,-0.587430,-0.132009,-2.475512,0.999753,-0.005150,-0.001041,-0.021607
4813,0.019801,-0.100433,9.933717,0.033904,0.003671,-0.081330,-0.585122,-0.129848,-2.478227,0.999752,-0.005129,-0.001022,-0.021630
4814,0.017799,-0.105227,9.935981,0.030840,0.003708,-0.079803,-0.585048,-0.126376,-2.480912,0.999752,-0.005128,-0.000992,-0.021654
4815,0.022590,-0.104441,9.935464,0.030808,0.000676,-0.082855,-0.586929,-0.124581,-2.483617,0.999751,-0.005144,-0.000976,-0.021677
4816,0.025769,-0.108919,9.935532,0.030759,-0.002399,-0.085907,-0.590275,-0.126731,-2.486419,0.999751,-0.005174,-0.000994,-0.021702
4817,0.022055,-0.103211,9.929667,0.013936,-0.013101,-0.084381,-0.593004,-0.128859,-2.489247,0.999750,-0.005198,-0.001012,-0.021727
4818,0.022103,-0.107972,9.931005,0.013906,-0.005471,-0.073699,-0.595170,-0.129134,-2.491872,0.999749,-0.005217,-0.001014,-0.021750
4819,0.019383,-0.109082,9.929512,0.006223,-0.006981,-0.078277,-0.599640,-0.127970,-2.494392,0.999749,-0.005256,-0.001003,-0.021771
4820,0.017222,-0.109122,9.929714,0.013800,-0.005418,-0.093536,-0.604116,-0.124764,-2.497243,0.999748,-0.005294,-0.000974,-0.021796
4821,0.010025,-0.100760,9.930166,0.024474,-0.003812,-0.099639,-0.604013,-0.117787,-2.500459,0.999747,-0.005292,-0.000913,-0.021824
4822,0.006059,-0.076615,9.932207,-0.021148,-0.005213,-0.121001,-0.590089,-0.106744,-2.504162,0.999748,-0.005169,-0.000819,-0.021856
4823,0.002522,-0.073416,9.933340,0.002015,-0.012696,-0.121000,-0.565749,-0.093956,-2.508236,0.999748,-0.004954,-0.000712,-0.021891
4824,0.002288,-0.066430,9.934404,-0.072465,-0.018656,-0.125577,-0.540723,-0.081546,-2.512380,0.999748,-0.004733,-0.000608,-0.021926
4825,0.004235,-0.062534,9.936961,-0.101155,-0.020067,-0.107265,-0.516402,-0.071886,-2.516291,0.999749,-0.004519,-0.000528,-0.021960
4826,0.011434,-0.065753,9.939751,-0.045957,-0.023067,-0.101161,-0.495034,-0.067902,-2.519789,0.999749,-0.004332,-0.000497,-0.021990
4827,0.016809,-0.098353,9.939803,0.010556,-0.018508,-0.085902,-0.490707,-0.070347,-2.522906,0.999748,-0.004295,-0.000519,-0.022017
4828,0.022019,-0.098050,9.935559,-0.015507,-0.009423,-0.087429,-0.501780,-0.077259,-2.525777,0.999747,-0.004393,-0.000578,-0.022043
4829,0.024875,-0.104517,9.935023,0.072851,-0.011051,-0.078273,-0.513994,-0.086836,-2.528516,0.999746,-0.004501,-0.000659,-0.022067
4830,0.021662,-0.112738,9.933056,0.092490,-0.005035,-0.078274,-0.529026,-0.094950,-2.531095,0.999745,-0.004634,-0.000726,-0.022090
4831,0.023833,-0.116460,9.927320,0.026643,-0.000524,-0.079800,-0.547989,-0.101120,-2.533694,0.999744,-0.004800,-0.000776,-0.022113
4832,0.023973,-0.109358,9.927306,0.015773,-0.000591,-0.081326,-0.564245,-0.107151,-2.536348,0.999742,-0.004943,-0.000826,-0.022136
4833,0.019877,-0.107114,9.926504,0.015659,-0.005206,-0.079801,-0.574002,-0.110635,-2.539013,0.999741,-0.005029,-0.000854,-0.022160
4834,0.019427,-0.101416,9.927205,0.000345,0.011572,-0.084378,-0.578628,-0.111235,-2.541741,0.999741,-0.005070,-0.000858,-0.022184
4835,0.018074,-0.103389,9.931644,-0.004257,0.013103,-0.078274,-0.580871,-0.110440,-2.544451,0.999740,-0.005089,-0.000851,-0.022207
4836,0.014345,-0.099235,9.936869,-0.013421,0.008554,-0.073696,-0.581843,-0.107502,-2.546986,0.999740,-0.005097,-0.000825,-0.022229
4837,0.013509,-0.103876,9.941323,-0.001220,0.008601,-0.066067,-0.582691,-0.102936,-2.549318,0.999739,-0.005104,-0.000785,-0.022249
4838,0.016626,-0.106359,9.943795,0.006370,0.004054,-0.056910,-0.586122,-0.099987,-2.551363,0.999739,-0.005133,-0.000758,-0.022267
4839,0.017537,-0.114237,9.946602,0.015441,-0.000519,-0.049281,-0.593406,-0.099487,-2.553120,0.999738,-0.005196,-0.000753,-0.022283
4840,0.023183,-0.109281,9.940788,0.015351,-0.000548,-0.061488,-0.601014,-0.102161,-2.554952,0.999737,-0.005263,-0.000774,-0.022299
4841,0.028295,-0.111880,9.937875,0.019862,-0.006731,-0.069119,-0.606455,-0.109436,-2.557116,0.999737,-0.005312,-0.000837,-0.022318
4842,0.027740,-0.115611,9.938476,0.009094,-0.015979,-0.076749,-0.613768,-0.118198,-2.559528,0.999736,-0.005378,-0.000912,-0.022339
4843,0.025457,-0.112993,9.936259,0.001383,-0.016045,-0.087431,-0.620921,-0.124691,-2.562243,0.999735,-0.005442,-0.000967,-0.022363
4844,0.028169,-0.113209,9.931128,0.004375,-0.020678,-0.087432,-0.626065,-0.130315,-2.565139,0.999734,-0.005488,-0.001015,-0.022389
4845,0.024849,-0.118260,9.933609,0.010406,-0.020721,-0.082854,-0.632427,-0.134847,-2.567954,0.999733,-0.005544,-0.001053,-0.022414
4846,0.021593,-0.124265,9.932480,0.008763,-0.011567,-0.073698,-0.642629,-0.135617,-2.570532,0.999732,-0.005633,-0.001057,-0.022437
4847,0.023138,-0.117294,9.926466,0.014768,-0.002401,-0.067595,-0.651136,-0.134948,-2.572864,0.999731,-0.005707,-0.001050,-0.022457
4848,0.024060,-0.116912,9.928651,0.017770,-0.002403,-0.072171,-0.654928,-0.135191,-2.575182,0.999730,-0.005740,-0.001051,-0.022477
4849,0.018982,-0.114445,9.929276,0.014696,-0.011540,-0.072171,-0.656552,-0.133817,-2.577579,0.999730,-0.005754,-0.001039,-0.022498
4850,0.020687,-0.109281,9.930741,-0.006650,-0.006929,-0.078275,-0.654864,-0.131144,-2.580086,0.999729,-0.005739,-0.001015,-0.022520
4851,0.022904,-0.105627,9.931376,-0.011168,-0.013021,-0.082853,-0.649786,-0.130495,-2.582780,0.999729,-0.005695,-0.001011,-0.022543
4852,0.020138,-0.109027,9.935431,-0.011113,-0.009958,-0.088957,-0.645157,-0.129907,-2.585651,0.999729,-0.005654,-0.001006,-0.022568
4853,0.022413,-0.108636,9.935230,-0.011079,-0.006894,-0.082853,-0.642539,-0.129093,-2.588518,0.999728,-0.005631,-0.001000,-0.022593
4854,0.028984,-0.108731,9.936915,-0.014103,0.008334,-0.078275,-0.640379,-0.131900,-2.591209,0.999728,-0.005613,-0.001024,-0.022617
4855,0.025372,-0.109023,9.938296,0.001179,0.006765,-0.079802,-0.638526,-0.135607,-2.593852,0.999727,-0.005598,-0.001057,-0.022640
4856,0.022258,-0.102091,9.939671,-0.004872,0.011336,-0.084380,-0.633936,-0.135864,-2.596602,0.999727,-0.005558,-0.001060,-0.022664
4857,0.026754,-0.104578,9.937829,-0.003279,0.012853,-0.082854,-0.627985,-0.136322,-2.599408,0.999727,-0.005506,-0.001065,-0.022688
4858,0.022291,-0.108521,9.935226,-0.003251,0.006741,-0.087432,-0.625597,-0.136821,-2.602256,0.999726,-0.005485,-0.001070,-0.022713
4859,0.022180,-0.108990,9.935105,0.001327,-0.002401,-0.093535,-0.625678,-0.135529,-2.605272,0.999726,-0.005486,-0.001058,-0.022739
4860,0.026002,-0.114401,9.933019,0.010451,0.002172,-0.095061,-0.628257,-0.135982,-2.608409,0.999725,-0.005508,-0.001062,-0.022767
4861,0.028065,-0.117842,9.934630,0.018010,0.000612,-0.092011,-0.634189,-0.138994,-2.611511,0.999724,-0.005561,-0.001086,-0.022794
4862,0.027243,-0.119368,9.934980,0.024024,0.000576,-0.092011,-0.641395,-0.142306,-2.614559,0.999723,-0.005624,-0.001114,-0.022821
4863,0.035003,-0.120130,9.938015,0.022411,0.005089,-0.092011,-0.648514,-0.148065,-2.617607,0.999722,-0.005687,-0.001162,-0.022848
4864,0.030488,-0.127344,9.933853,0.020771,0.009594,-0.087433,-0.658068,-0.154398,-2.620574,0.999721,-0.005772,-0.001216,-0.022874
4865,0.027618,-0.124281,9.930299,0.009968,-0.002641,-0.085908,-0.668416,-0.156769,-2.623434,0.999720,-0.005863,-0.001234,-0.022899
4866,0.028212,-0.119875,9.926202,0.020582,0.000402,-0.092012,-0.674083,-0.157666,-2.626382,0.999719,-0.005912,-0.001241,-0.022925
4867,0.026898,-0.111638,9.926159,0.019061,-0.004179,-0.085908,-0.672947,-0.158037,-2.629348,0.999718,-0.005903,-0.001244,-0.022951
4868,0.019886,-0.105732,9.924452,0.019138,-0.007193,-0.087433,-0.665382,-0.154836,-2.632253,0.999718,-0.005836,-0.001217,-0.022976
4869,0.018440,-0.099918,9.927665,0.025368,0.002040,-0.093536,-0.653285,-0.148083,-2.635298,0.999718,-0.005729,-0.001161,-0.023002
4870,0.019735,-0.095201,9.933101,0.036209,0.006686,-0.085906,-0.637783,-0.141771,-2.638327,0.999719,-0.005593,-0.001109,-0.023028
4871,0.017377,-0.100119,9.935239,0.028717,-0.002406,-0.075224,-0.624350,-0.136043,-2.641043,0.999719,-0.005474,-0.001061,-0.023052
4872,0.019673,-0.106962,9.932283,0.018092,-0.006931,-0.067595,-0.618482,-0.131415,-2.643433,0.999719,-0.005422,-0.001022,-0.023072
4873,0.021195,-0.104142,9.932064,0.019639,-0.008430,-0.061490,-0.615967,-0.129315,-2.645586,0.999718,-0.005400,-0.001004,-0.023091
4874,0.021989,-0.106937,9.929555,0.025756,-0.025206,-0.049282,-0.613955,-0.129026,-2.647429,0.999718,-0.005382,-0.001002,-0.023107
4875,0.018592,-0.111779,9.928782,0.013522,-0.025186,-0.058438,-0.615706,-0.128071,-2.649209,0.999718,-0.005397,-0.000993,-0.023122
4876,0.019723,-0.108835,9.930602,0.019589,-0.016000,-0.064542,-0.618394,-0.126078,-2.651244,0.999717,-0.005420,-0.000975,-0.023140
4877,0.015478,-0.109585,9.934865,0.024146,-0.022061,-0.079800,-0.619593,-0.122905,-2.653639,0.999717,-0.005430,-0.000947,-0.023161
4878,0.015887,-0.119079,9.940920,0.028657,-0.037263,-0.090480,-0.624728,-0.118812,-2.656454,0.999716,-0.005474,-0.000910,-0.023185
4879,0.017863,-0.115659,9.941912,0.023988,-0.041802,-0.105740,-0.631981,-0.116624,-2.659692,0.999715,-0.005537,-0.000889,-0.023213
4880,0.020942,-0.118993,9.939445,0.020858,-0.044844,-0.098109,-0.638405,-0.117222,-2.663059,0.999714,-0.005593,-0.000893,-0.023243
4881,0.021643,-0.121572,9.934764,0.014656,-0.046380,-0.092006,-0.646552,-0.119653,-2.666193,0.999713,-0.005665,-0.000913,-0.023270
4882,0.023225,-0.120860,9.932381,0.013036,-0.038768,-0.084377,-0.654581,-0.122748,-2.669098,0.999712,-0.005736,-0.000938,-0.023296
4883,0.021678,-0.116734,9.927402,0.006874,-0.009789,-0.066065,-0.659473,-0.124837,-2.671585,0.999711,-0.005779,-0.000955,-0.023318
4884,0.018533,-0.119323,9.932052,-0.005373,0.013113,-0.055383,-0.663041,-0.123636,-2.673602,0.999710,-0.005810,-0.000944,-0.023335
4885,0.019128,-0.113703,9.935182,0.005290,0.017716,-0.058435,-0.664650,-0.120800,-2.675501,0.999710,-0.005823,-0.000918,-0.023352
4886,0.020851,-0.112594,9.939428,-0.003846,0.014676,-0.061487,-0.662898,-0.119237,-2.677510,0.999710,-0.005808,-0.000905,-0.023369
4887,0.023756,-0.103594,9.936929,0.006903,0.019240,-0.069116,-0.656750,-0.119981,-2.679706,0.999710,-0.005754,-0.000913,-0.023388
4888,0.027485,-0.107343,9.939777,0.016144,0.013090,-0.070643,-0.648590,-0.123681,-2.682058,0.999709,-0.005684,-0.000947,-0.023409
4889,0.033466,-0.111096,9.935918,0.013131,0.005370,-0.073696,-0.644647,-0.131481,-2.684474,0.999709,-0.005651,-0.001015,-0.023430
4890,0.027814,-0.114143,9.931726,0.002446,0.002236,-0.064542,-0.644819,-0.138749,-2.686779,0.999708,-0.005654,-0.001079,-0.023451
4891,0.024451,-0.111660,9.929731,0.007012,0.005262,-0.063016,-0.645651,-0.140995,-2.688904,0.999708,-0.005662,-0.001098,-0.023469
4892,0.018499,-0.118035,9.933132,-0.005224,0.002237,-0.066067,-0.648211,-0.138497,-2.691050,0.999707,-0.005683,-0.001075,-0.023488
4893,0.015942,-0.112170,9.930059,-0.008305,-0.005326,-0.067593,-0.650992,-0.132512,-2.693271,0.999707,-0.005707,-0.001023,-0.023507
4894,0.014249,-0.104161,9.931577,-0.002158,-0.000667,-0.059962,-0.647326,-0.125374,-2.695404,0.999707,-0.005673,-0.000961,-0.023525
4895,0.019755,-0.098909,9.935399,0.008629,-0.005194,-0.069116,-0.637685,-0.120863,-2.697575,0.999707,-0.005588,-0.000923,-0.023544
4896,0.020215,-0.096117,9.933955,0.014866,-0.009759,-0.070643,-0.625267,-0.119958,-2.699927,0.999707,-0.005480,-0.000918,-0.023564
4897,0.022279,-0.099905,9.935929,0.025659,-0.015865,-0.069117,-0.614648,-0.120728,-2.702272,0.999707,-0.005387,-0.000927,-0.023585
4898,0.023464,-0.099991,9.937036,0.016575,-0.018936,-0.075221,-0.607391,-0.123063,-2.704685,0.999707,-0.005324,-0.000949,-0.023606
4900,0.018882,-0.100758,9.939726,0.004422,-0.020463,-0.085903,-0.602180,-0.123773,-2.707375,0.999706,-0.005279,-0.000956,-0.023629
4901,0.017779,-0.106143,9.938272,0.004436,-0.017381,-0.090480,-0.600760,-0.121771,-2.710310,0.999706,-0.005266,-0.000938,-0.023655
4902,0.017823,-0.114254,9.943354,0.001328,-0.017348,-0.096584,-0.605704,-0.119356,-2.713411,0.999705,-0.005309,-0.000916,-0.023682
4903,0.021436,-0.116505,9.944388,-0.001826,-0.018861,-0.090479,-0.614938,-0.118873,-2.716503,0.999704,-0.005389,-0.000910,-0.023709
4904,0.019718,-0.116865,9.947612,0.002649,-0.015808,-0.078272,-0.624193,-0.119393,-2.719290,0.999703,-0.005470,-0.000912,-0.023733
4905,0.022171,-0.121065,9.939352,0.014746,-0.023441,-0.061487,-0.633784,-0.120305,-2.721591,0.999702,-0.005554,-0.000918,-0.023754
4906,0.024051,-0.120201,9.941192,0.025317,-0.024989,-0.055383,-0.643058,-0.123136,-2.723509,0.999701,-0.005636,-0.000941,-0.023771
4907,0.023573,-0.118246,9.939130,0.023709,-0.023489,-0.044702,-0.649551,-0.126292,-2.725152,0.999700,-0.005693,-0.000967,-0.023785
4908,0.022331,-0.111545,9.935476,0.003845,-0.014346,-0.041650,-0.651506,-0.128080,-2.726578,0.999700,-0.005710,-0.000982,-0.023798
4909,0.021181,-0.112400,9.932806,0.008432,-0.011291,-0.056909,-0.650586,-0.128269,-2.728218,0.999700,-0.005702,-0.000984,-0.023812
4910,0.018695,-0.109745,9.936490,-0.002233,-0.017373,-0.070642,-0.648905,-0.126792,-2.730342,0.999699,-0.005687,-0.000971,-0.023830
4911,0.020356,-0.116005,9.935450,-0.008338,-0.014296,-0.067589,-0.649244,-0.125104,-2.732639,0.999699,-0.005690,-0.000956,-0.023850
4912,0.020681,-0.115001,9.928344,-0.011418,-0.009706,-0.072167,-0.652151,-0.124392,-2.734958,0.999698,-0.005715,-0.000949,-0.023871
4913,0.021708,-0.118250,9.926804,-0.006878,-0.015805,-0.078271,-0.655805,-0.124481,-2.737453,0.999698,-0.005747,-0.000949,-0.023892
4914,0.024939,-0.117955,9.926861,-0.005397,-0.005141,-0.067590,-0.660152,-0.126384,-2.739871,0.999697,-0.005786,-0.000965,-0.023914
4915,0.029238,-0.111103,9.929694,0.003753,0.002438,-0.066065,-0.660615,-0.131087,-2.742097,0.999696,-0.005791,-0.001006,-0.023933
4916,0.028415,-0.101822,9.927731,-0.000747,0.003901,-0.076747,-0.653653,-0.136649,-2.744494,0.999696,-0.005731,-0.001056,-0.023954
4917,0.031475,-0.102546,9.932487,0.006995,0.005362,-0.067593,-0.643408,-0.142357,-2.746926,0.999696,-0.005643,-0.001107,-0.023976
4918,0.027490,-0.101336,9.933376,0.023880,0.012940,-0.061490,-0.633809,-0.146659,-2.749104,0.999696,-0.005560,-0.001147,-0.023995
4919,0.026089,-0.105657,9.935048,0.017846,-0.000809,-0.069120,-0.626851,-0.147979,-2.751299,0.999696,-0.005500,-0.001160,-0.024014
4920,0.025123,-0.111278,9.932633,0.016328,-0.003862,-0.070646,-0.625564,-0.148137,-2.753628,0.999695,-0.005489,-0.001161,-0.024034
4921,0.021583,-0.116227,9.933665,0.019330,-0.006892,-0.066068,-0.629450,-0.146336,-2.755894,0.999695,-0.005522,-0.001145,-0.024054
4922,0.018644,-0.118391,9.931688,0.019248,-0.002262,-0.064541,-0.636174,-0.141830,-2.758050,0.999694,-0.005580,-0.001104,-0.024073
4923,0.018577,-0.113737,9.931797,0.014610,0.000852,-0.069118,-0.641113,-0.136369,-2.760264,0.999693,-0.005622,-0.001055,-0.024092
4924,0.018980,-0.111785,9.926739,0.011538,0.008533,-0.069117,-0.642472,-0.131626,-2.762566,0.999693,-0.005633,-0.001013,-0.024112
4925,0.017408,-0.117993,9.925400,0.017607,0.017736,-0.069117,-0.645183,-0.126867,-2.764867,0.999692,-0.005655,-0.000971,-0.024132
4926,0.018214,-0.113454,9.923235,0.016040,0.019306,-0.073693,-0.648254,-0.122312,-2.767246,0.999692,-0.005681,-0.000930,-0.024152
4927,0.019136,-0.114228,9.926627,0.023652,0.007127,-0.093530,-0.649153,-0.119385,-2.770035,0.999691,-0.005688,-0.000905,-0.024176
4928,0.020211,-0.116517,9.929183,0.025150,0.002561,-0.087426,-0.650899,-0.118160,-2.773047,0.999690,-0.005703,-0.000893,-0.024202
4929,0.021657,-0.112505,9.933176,0.035813,0.010188,-0.082848,-0.651466,-0.118279,-2.775883,0.999690,-0.005708,-0.000894,-0.024227
4930,0.024414,-0.111238,9.940454,0.052609,0.013215,-0.087426,-0.649063,-0.120110,-2.778728,0.999689,-0.005688,-0.000910,-0.024252
4931,0.024462,-0.120391,9.946259,0.028165,0.016231,-0.072167,-0.650268,-0.122891,-2.781388,0.999689,-0.005699,-0.000934,-0.024275
4932,0.022962,-0.113224,9.943444,0.017445,0.017731,-0.059960,-0.652993,-0.124616,-2.783588,0.999688,-0.005723,-0.000949,-0.024295
4933,0.023275,-0.110768,9.944287,0.026611,0.019242,-0.070641,-0.651303,-0.125441,-2.785774,0.999688,-0.005709,-0.000956,-0.024314
4934,0.020124,-0.121677,9.940641,0.022003,0.003983,-0.069115,-0.653125,-0.125082,-2.788101,0.999687,-0.005724,-0.000953,-0.024334
4935,0.018133,-0.118617,9.934211,0.003625,-0.009726,-0.067590,-0.658765,-0.122956,-2.790365,0.999686,-0.005773,-0.000933,-0.024354
4936,0.017502,-0.112256,9.930088,0.057016,-0.009691,-0.075219,-0.659240,-0.120121,-2.792739,0.999686,-0.005777,-0.000908,-0.024374
4937,0.015294,-0.112043,9.933421,0.095184,-0.000490,-0.070640,-0.654892,-0.116277,-2.795171,0.999686,-0.005738,-0.000875,-0.024395
4938,0.014921,-0.111524,9.925340,0.060108,0.005666,-0.069113,-0.650489,-0.111563,-2.797505,0.999685,-0.005699,-0.000835,-0.024416
4939,0.014016,-0.099546,9.926500,0.032714,0.013346,-0.063010,-0.642409,-0.106710,-2.799722,0.999685,-0.005627,-0.000794,-0.024435
4940,0.014790,-0.095570,9.927107,0.029801,0.007286,-0.064536,-0.628856,-0.102488,-2.801875,0.999686,-0.005508,-0.000760,-0.024453
4941,0.017262,-0.095501,9.930285,0.005526,0.008832,-0.064536,-0.615612,-0.100424,-2.804051,0.999686,-0.005392,-0.000745,-0.024472
4942,0.018837,-0.095248,9.928867,-0.035553,0.001198,-0.070639,-0.605321,-0.100684,-2.806325,0.999686,-0.005302,-0.000749,-0.024492
4943,0.018027,-0.094988,9.934998,-0.012562,-0.001864,-0.073691,-0.596854,-0.101587,-2.808746,0.999686,-0.005229,-0.000759,-0.024513
4944,0.019490,-0.105779,9.935652,0.017993,-0.003402,-0.078269,-0.593428,-0.102756,-2.811284,0.999685,-0.005199,-0.000769,-0.024535
4945,0.019562,-0.105639,9.938906,0.017969,0.008789,-0.076744,-0.594973,-0.104254,-2.813864,0.999685,-0.005213,-0.000782,-0.024558
4946,0.017269,-0.110125,9.935983,0.008769,0.004206,-0.081322,-0.598690,-0.104465,-2.816493,0.999684,-0.005245,-0.000783,-0.024580
4947,0.018700,-0.120555,9.938443,0.031544,0.004208,-0.085900,-0.608237,-0.104253,-2.819263,0.999683,-0.005329,-0.000779,-0.024605
4948,0.020326,-0.116107,9.937739,0.022257,0.004194,-0.069114,-0.619143,-0.105360,-2.821826,0.999682,-0.005424,-0.000786,-0.024627
4949,0.020655,-0.109670,9.941948,-0.040367,0.001120,-0.058433,-0.624991,-0.107289,-2.823943,0.999681,-0.005475,-0.000802,-0.024646
4950,0.022055,-0.121300,9.939350,-0.037388,0.001092,-0.058433,-0.632814,-0.109787,-2.825878,0.999680,-0.005544,-0.000822,-0.024663
4951,0.022029,-0.102100,9.938943,-0.077087,0.004113,-0.058433,-0.636966,-0.112499,-2.827822,0.999679,-0.005581,-0.000844,-0.024680
4952,0.023949,-0.101487,9.938132,-0.298266,-0.002027,-0.064538,-0.636007,-0.115695,-2.829886,0.999679,-0.005573,-0.000872,-0.024698
4953,0.024909,-0.108520,9.945156,-0.478272,-0.017330,-0.064538,-0.644241,-0.120044,-2.832043,0.999678,-0.005646,-0.000908,-0.024717
4954,0.043092,-0.177048,9.931425,-1.822918,-0.344009,0.257431,-0.710069,-0.137752,-2.828692,0.999675,-0.006224,-0.001049,-0.024689
4955,0.058847,-0.089101,9.916082,-2.421232,-0.484669,0.501577,-0.794476,-0.176205,-2.815808,0.999673,-0.006969,-0.001367,-0.024580
4956,0.074077,-0.254627,9.903008,-3.038109,-0.628485,0.968506,-0.921786,-0.228479,-2.790859,0.999669,-0.008090,-0.001797,-0.024368
4957,0.065502,-0.265047,9.900948,-1.620073,-0.264125,-0.375836,-1.096215,-0.273376,-2.780278,0.999657,-0.009621,-0.002153,-0.024282
4958,0.054476,-0.180358,9.892356,-0.091563,0.085152,-2.464828,-1.166507,-0.291717,-2.827343,0.999640,-0.010239,-0.002294,-0.024695
4959,0.046864,-0.138110,9.896819,1.050179,0.416260,-3.404801,-1.118638,-0.286910,-2.925477,0.999623,-0.009823,-0.002254,-0.025550
4960,0.022850,-0.217840,9.911511,1.163316,0.588803,-6.397140,-1.061340,-0.263012,-3.089229,0.999591,-0.009320,-0.002045,-0.026975
4961,0.020571,-0.117840,9.921962,0.791140,0.595094,-9.003417,-1.014133,-0.231146,-3.346270,0.999532,-0.008905,-0.001758,-0.029214
4962,0.040062,-0.135651,9.917778,-1.030433,0.174028,-10.285193,-0.982468,-0.215816,-3.668060,0.999449,-0.008629,-0.001608,-0.032019
4963,0.049750,-0.231223,9.921551,-2.197843,0.093109,-12.160556,-1.041686,-0.222061,-4.042152,0.999334,-0.009153,-0.001616,-0.035283
4964,0.045377,-0.229775,9.924239,-1.900686,0.335661,-15.572525,-1.144004,-0.230067,-4.504273,0.999175,-0.010054,-0.001614,-0.039315
4965,0.051308,-0.260032,9.925020,-1.302924,0.543121,-17.130495,-1.231286,-0.232632,-5.049350,0.998969,-0.010824,-0.001555,-0.044069
4966,0.038953,-0.210791,9.927212,0.407425,0.936773,-19.776449,-1.262990,-0.224609,-5.664760,0.998715,-0.011105,-0.001413,-0.049433
4967,0.029477,-0.184382,9.935172,1.443662,1.119924,-20.655382,-1.217583,-0.201270,-6.339233,0.998411,-0.010706,-0.001166,-0.055307
4968,0.032056,-0.185750,9.932210,1.277553,0.967376,-20.373085,-1.150528,-0.176546,-7.023656,0.998070,-0.010116,-0.000923,-0.061267
4969,0.031218,-0.165018,9.936847,1.370850,0.843784,-20.470745,-1.084959,-0.158933,-7.704885,0.997694,-0.009540,-0.000748,-0.067197
4970,0.036082,-0.134212,9.935056,1.360488,0.703366,-19.678791,-1.008940,-0.148322,-8.374464,0.997290,-0.008876,-0.000648,-0.073024
4971,0.039138,-0.139384,9.936087,0.542915,0.558324,-18.795282,-0.946523,-0.145331,-9.016026,0.996871,-0.008334,-0.000615,-0.078606
4972,0.038916,-0.139050,9.934516,-0.129800,0.631471,-20.885801,-0.918271,-0.145116,-9.677649,0.996402,-0.008092,-0.000586,-0.084360
4973,0.037927,-0.126398,9.932420,-0.356954,0.759553,-23.891880,-0.905736,-0.142451,-10.424244,0.995833,-0.007984,-0.000520,-0.090850
4974,0.030665,-0.129680,9.932175,-0.913700,0.887664,-26.330309,-0.905384,-0.134316,-11.261618,0.995142,-0.007978,-0.000391,-0.098124
4975,0.023313,-0.153323,9.933181,-1.156210,0.994456,-28.672604,-0.927807,-0.119602,-12.178689,0.994324,-0.008162,-0.000179,-0.106084
4976,0.020593,-0.153162,9.930360,-0.835726,1.035656,-30.602900,-0.955433,-0.102013,-13.166974,0.993370,-0.008385,0.000072,-0.114654
4977,0.014284,-0.153187,9.927232,-0.306157,1.002099,-31.085094,-0.966293,-0.084118,-14.195457,0.992301,-0.008458,0.000314,-0.123564
4978,0.018061,-0.172795,9.925539,0.316446,0.898336,-30.254988,-0.962483,-0.069640,-15.218100,0.991159,-0.008406,0.000510,-0.132413
4979,0.017043,-0.174347,9.922752,0.952710,0.829638,-30.999638,-0.944385,-0.060561,-16.239254,0.989941,-0.008233,0.000641,-0.141240
4980,0.012042,-0.096378,9.918744,1.485473,0.828089,-32.971134,-0.883371,-0.052022,-17.305664,0.988588,-0.007689,0.000711,-0.150446
4981,0.007218,-0.069928,9.919800,1.325793,0.768579,-33.373981,-0.786846,-0.041310,-18.411627,0.987096,-0.006836,0.000743,-0.159980
4982,0.043996,-0.156606,9.889218,-1.496945,0.556349,-37.246780,-0.768600,-0.046628,-19.588726,0.985402,-0.006679,0.000740,-0.170111
4983,0.055792,-0.188422,9.900714,-3.732702,1.508219,-45.950665,-0.879242,-0.060128,-20.975481,0.983264,-0.007640,0.000881,-0.182024
4984,0.057413,-0.202003,9.901378,-3.923824,1.681833,-48.578312,-1.039571,-0.064407,-22.551235,0.980656,-0.009007,0.001223,-0.195526
4985,0.070248,-0.270308,9.901167,-4.380584,1.757745,-49.207001,-1.221778,-0.073764,-24.181313,0.977760,-0.010560,0.001604,-0.209454
4986,0.079304,-0.315421,9.899267,-5.277008,2.025854,-51.715633,-1.443684,-0.090869,-25.863771,0.974557,-0.012456,0.002047,-0.223784
4987,0.045249,-0.237633,9.932691,-3.185295,2.423774,-49.921150,-1.611792,-0.093219,-27.558508,0.971121,-0.013854,0.002560,-0.238169
4988,0.035811,-0.187720,9.922883,-1.219527,1.590441,-41.821545,-1.649141,-0.085285,-29.088501,0.967851,-0.014117,0.002894,-0.251112
4989,0.044742,-0.189545,9.920399,-1.456896,1.480396,-37.814468,-1.630807,-0.087865,-30.416557,0.964878,-0.013934,0.002993,-0.262313
4990,0.051400,-0.176157,9.919403,-2.388506,1.373342,-36.929443,-1.627167,-0.097235,-31.663073,0.961967,-0.013892,0.003057,-0.272794
4991,0.054941,-0.198083,9.919760,-2.085688,1.148763,-33.801304,-1.637870,-0.112998,-32.842594,0.959107,-0.013988,0.003095,-0.282683
4992,0.063268,-0.222977,9.915270,-1.827286,1.005031,-30.627386,-1.653902,-0.134552,-33.916958,0.956411,-0.014147,0.003087,-0.291664
4993,0.062990,-0.271511,9.915619,-2.043694,0.990996,-29.403601,-1.691377,-0.157622,-34.917973,0.953821,-0.014492,0.003116,-0.300009
4994,0.059467,-0.304036,9.917559,-1.854468,1.021256,-29.464649,-1.752308,-0.177010,-35.899578,0.951207,-0.015023,0.003243,-0.308169
4995,0.055576,-0.343210,9.918182,-0.667481,1.182798,-28.422445,-1.807812,-0.188824,-36.864895,0.948570,-0.015487,0.003425,-0.316171
4997,0.055580,-0.311541,9.920157,0.298292,1.449662,-30.071980,-1.823155,-0.191336,-37.840591,0.945841,-0.015591,0.003579,-0.324236
4998,0.053070,-0.296334,9.921402,0.808027,1.524278,-31.448364,-1.794510,-0.187927,-38.866920,0.942903,-0.015313,0.003664,-0.332695
4999,0.044613,-0.288198,9.926411,0.785290,1.519586,-32.406651,-1.750824,-0.180457,-39.932198,0.939776,-0.014898,0.003737,-0.341446
5000,0.045549,-0.250545,9.932847,-0.017074,1.441668,-33.679279,-1.710029,-0.172917,-41.034603,0.936453,-0.014504,0.003817,-0.350472
5001,0.046030,-0.232099,9.939802,-0.858960,1.238611,-33.384777,-1.683105,-0.171196,-42.153179,0.932991,-0.014242,0.003888,-0.359597
5002,0.044471,-0.215021,9.939734,-1.763323,0.992826,-31.155405,-1.677622,-0.175594,-43.229515,0.929573,-0.014174,0.003968,-0.368345
5003,0.046432,-0.206220,9.944930,-2.626414,0.821813,-26.887396,-1.695224,-0.183838,-44.197441,0.926426,-0.014310,0.004079,-0.376184
5004,0.067185,-0.386269,9.920180,-3.358886,0.693450,-22.613287,-1.794727,-0.200410,-45.022758,0.923678,-0.015137,0.004381,-0.382845
5005,0.083702,-0.420678,9.913933,-2.016803,0.729768,-20.473946,-1.947394,-0.227814,-45.740959,0.921238,-0.016430,0.004773,-0.388624
5006,0.095065,-0.455185,9.907712,-1.033405,0.834679,-19.385969,-2.069531,-0.258998,-46.405422,0.918948,-0.017489,0.005038,-0.393958
5007,0.100322,-0.481720,9.910038,-0.336929,0.872427,-18.827492,-2.167857,-0.290176,-47.042511,0.916726,-0.018356,0.005228,-0.399060
5008,0.099588,-0.475601,9.904949,0.202440,0.891885,-19.384464,-2.239522,-0.319320,-47.679630,0.914479,-0.019001,0.005350,-0.404152
5009,0.091947,-0.292320,9.923182,1.090510,0.821383,-18.285810,-2.215977,-0.343075,-48.308083,0.912250,-0.018869,0.005181,-0.409166
5010,0.077014,-0.278526,9.922758,0.592258,0.615188,-13.804178,-2.119406,-0.356756,-48.843838,0.910342,-0.018126,0.004812,-0.413432
5011,0.068488,-0.326419,9.920788,0.312015,0.433515,-9.798632,-2.054456,-0.361471,-49.237896,0.908924,-0.017612,0.004601,-0.416564
5012,0.058748,-0.340286,9.928355,0.147418,0.427402,-10.430367,-2.026319,-0.360057,-49.575462,0.907698,-0.017370,0.004561,-0.419241
5013,0.092274,-0.451292,9.906207,0.723911,0.322019,-15.040189,-2.036688,-0.371103,-49.999981,0.906136,-0.017476,0.004576,-0.422601
5014,0.063978,-0.326352,9.943119,3.831956,0.968904,-21.696278,-1.980632,-0.380697,-50.612488,0.903871,-0.017045,0.004385,-0.427442
5015,0.038466,-0.320661,9.961442,3.658183,1.059036,-25.074675,-1.834261,-0.363515,-51.392784,0.900962,-0.015799,0.004082,-0.433590
5016,-0.188561,-0.226726,9.968309,1.949565,1.694824,-33.822773,-1.697921,-0.257588,-52.375435,0.897238,-0.014288,0.004522,-0.441294
5017,-0.203938,-0.071362,9.959475,3.501041,1.832428,-42.509819,-1.501414,-0.072620,-53.648750,0.892313,-0.011978,0.005347,-0.451226
5018,-0.247084,0.163156,9.995982,3.668167,2.128756,-43.436008,-1.173112,0.124361,-55.081791,0.886639,-0.008575,0.005696,-0.462347
5019,-0.222051,0.083710,9.966496,1.313168,1.471206,-36.714268,-0.865232,0.309463,-56.417301,0.881213,-0.005377,0.005949,-0.472651
5020,-0.190007,0.149201,9.940535,1.448034,1.357972,-32.893322,-0.636820,0.450037,-57.576538,0.876395,-0.002979,0.006118,-0.481544
5021,0.033819,0.004214,9.948428,3.009021,0.700386,-23.890348,-0.435998,0.483488,-58.522114,0.872395,-0.001257,0.005541,-0.488768
5022,0.062973,-0.240407,9.970857,4.162444,0.336285,-11.446439,-0.336718,0.412986,-59.111427,0.869872,-0.000778,0.004584,-0.493255
5023,0.084871,-0.275633,9.949285,10.078611,-0.142422,-4.881925,-0.224478,0.316554,-59.384689,0.868695,-0.000333,0.003370,-0.495335
5024,0.080612,-0.102591,9.924824,14.809492,-0.325058,-7.219655,0.098443,0.214013,-59.587387,0.867818,0.001674,0.001194,-0.496879
5025,0.073037,-0.076657,9.943063,16.495073,-0.425129,-9.832043,0.568250,0.123540,-59.872509,0.866567,0.004835,-0.001540,-0.499034
5026,0.071045,0.196824,9.929255,18.213282,-0.544881,-11.173327,1.147690,0.046845,-60.223473,0.865003,0.008869,-0.004671,-0.501666
5027,0.060787,0.434253,9.908631,16.000370,-0.598871,-12.590903,1.826265,-0.014233,-60.620422,0.863197,0.013695,-0.008150,-0.504616
5028,0.055330,0.454697,9.918125,8.732212,-0.507755,-14.020683,2.360213,-0.056061,-61.064716,0.861165,0.017491,-0.010884,-0.507908
5029,0.059381,0.365553,9.941302,2.145132,-0.405886,-14.211410,2.572668,-0.084618,-61.535671,0.859039,0.018911,-0.012118,-0.511417
5030,0.061864,0.425086,9.926506,-0.385086,-0.345198,-14.452492,2.581708,-0.107384,-62.013500,0.856900,0.018826,-0.012408,-0.514990
5031,0.066495,0.383469,9.937412,-3.263289,-0.295185,-15.763246,2.494227,-0.126634,-62.516979,0.854644,0.018032,-0.012238,-0.518756
5032,0.077020,0.330452,9.949777,-4.573136,-0.255881,-17.466160,2.310720,-0.146042,-63.070503,0.852158,0.016519,-0.011632,-0.522894
5033,0.078452,0.341868,9.947246,-3.464372,-0.259320,-19.289623,2.125875,-0.165968,-63.682709,0.849379,0.014995,-0.011017,-0.527455
5034,0.086241,0.309711,9.954210,-1.819853,-0.282606,-21.009327,2.001273,-0.186457,-64.354034,0.846292,0.013915,-0.010677,-0.532431
5035,0.082976,0.303535,9.945368,-0.079145,-0.379129,-24.740196,1.938662,-0.206132,-65.116272,0.842740,0.013291,-0.010620,-0.538052
5036,0.088686,0.343369,9.934052,2.298115,-0.487842,-28.120111,1.967003,-0.223967,-65.997169,0.838577,0.013331,-0.010987,-0.544509
5037,0.078781,0.374079,9.925607,3.886748,-0.544636,-27.904943,2.086910,-0.238050,-66.930977,0.834099,0.014046,-0.011775,-0.551310
5038,0.075766,0.381717,9.927703,4.080732,-0.558637,-26.499557,2.240747,-0.246195,-67.837837,0.829691,0.015027,-0.012693,-0.557876
5039,0.067542,0.406332,9.925207,3.647506,-0.571058,-25.135372,2.385563,-0.249515,-68.698547,0.825458,0.015958,-0.013543,-0.564075
5040,0.068142,0.410273,9.938223,2.854076,-0.523933,-20.925335,2.501877,-0.251139,-69.466324,0.821644,0.016693,-0.014239,-0.569579
5041,0.061629,0.387630,9.946834,1.799479,-0.437109,-15.943184,2.565738,-0.253879,-70.080833,0.818569,0.017059,-0.014668,-0.573968
5042,0.065516,0.424436,9.940311,1.350613,-0.405207,-14.141058,2.598490,-0.258146,-70.582268,0.816045,0.017206,-0.014938,-0.577540
5043,0.064854,0.422893,9.937772,0.740066,-0.414511,-13.384191,2.619537,-0.264339,-71.041100,0.813723,0.017264,-0.015157,-0.580799
5044,0.070779,0.472568,9.935353,0.671363,-0.410094,-12.934034,2.641846,-0.272516,-71.479897,0.811491,0.017322,-0.015395,-0.583906
5045,0.071119,0.446115,9.929276,0.431814,-0.454522,-14.884160,2.664408,-0.281218,-71.943710,0.809118,0.017375,-0.015642,-0.587181
5046,0.063399,0.465698,9.921498,-1.669414,-0.526379,-18.084019,2.643886,-0.284620,-72.493332,0.806296,0.017137,-0.015643,-0.591057
5047,0.056418,0.424546,9.930746,-4.587091,-0.503569,-20.241673,2.533020,-0.280023,-73.132149,0.803004,0.016297,-0.015130,-0.595559
5048,0.062319,0.360609,9.941969,-6.568150,-0.424295,-21.599743,2.313802,-0.272858,-73.829323,0.799395,0.014713,-0.014030,-0.600462
5049,0.061841,0.294598,9.939945,-7.604923,-0.335892,-21.708075,2.020703,-0.267477,-74.550720,0.795633,0.012618,-0.012536,-0.605518
5050,0.069756,0.280646,9.953738,-8.301384,-0.204799,-20.104319,1.701372,-0.266158,-75.247162,0.791970,0.010341,-0.010903,-0.610375
5051,0.080731,0.208522,9.961818,-6.701256,-0.067672,-17.218784,1.403199,-0.272555,-75.868759,0.788672,0.008196,-0.009403,-0.614688
5052,0.085861,0.175861,9.953793,-4.531947,-0.022157,-14.907000,1.168358,-0.285646,-76.403740,0.785809,0.006471,-0.008264,-0.618380
5053,0.083349,0.145468,9.941285,-3.781644,-0.001054,-13.463465,0.991667,-0.300475,-76.876213,0.783262,0.005148,-0.007434,-0.621626
5054,0.092179,0.138257,9.934352,-4.938622,0.044457,-13.425310,0.819249,-0.316604,-77.324066,0.780834,0.003856,-0.006624,-0.624692
5055,0.098018,0.060883,9.937893,-6.741154,0.169284,-14.388164,0.589956,-0.334341,-77.787254,0.778309,0.002175,-0.005503,-0.627854
5056,0.101369,0.033785,9.931389,-8.418686,0.307831,-16.738081,0.291835,-0.350536,-78.305542,0.775464,0.000043,-0.003980,-0.631379
5057,0.094725,-0.050175,9.942671,-9.917754,0.487612,-20.221762,-0.064846,-0.361134,-78.920998,0.772058,-0.002440,-0.002073,-0.635544
5058,0.087498,-0.052492,9.947485,-9.585613,0.684245,-25.742556,-0.431099,-0.363940,-79.686707,0.767782,-0.004923,-0.000028,-0.640692
5059,0.067877,-0.085651,9.952509,-7.911862,0.868776,-30.784214,-0.733647,-0.356941,-80.628799,0.762474,-0.006897,0.001767,-0.646980
5060,0.061586,-0.080716,9.943105,-5.496192,0.951161,-34.389977,-0.938872,-0.343589,-81.715340,0.756292,-0.008158,0.003092,-0.654176
5061,0.054827,-0.089895,9.947101,-3.879806,1.045786,-38.819740,-1.049175,-0.329466,-82.936028,0.749274,-0.008764,0.003909,-0.662191
5062,0.065844,-0.041770,9.942127,-2.496549,1.097655,-41.859390,-1.078666,-0.319740,-84.281342,0.741446,-0.008852,0.004247,-0.670940
5063,0.063684,-0.071978,9.938543,-1.839482,1.091490,-40.330414,-1.060519,-0.314040,-85.651909,0.733371,-0.008650,0.004281,-0.679761
5064,0.069965,-0.083268,9.937961,-1.422127,1.085300,-39.362988,-1.037668,-0.309758,-86.980774,0.725441,-0.008430,0.004271,-0.688220
5065,0.067880,-0.083689,9.933225,-1.293240,1.106557,-39.872650,-1.011945,-0.306463,-88.301994,0.717460,-0.008199,0.004232,-0.696539
5066,0.070245,-0.089813,9.933161,-0.978244,1.109496,-39.529320,-0.983774,-0.302730,-89.625938,0.709367,-0.007952,0.004177,-0.704782
5067,0.071774,-0.119707,9.931211,0.079715,1.077321,-36.727730,-0.947794,-0.299513,-90.897415,0.701506,-0.007665,0.004060,-0.712611
5068,0.080729,-0.108712,9.931227,0.481416,1.040524,-35.877789,-0.897592,-0.299276,-92.107979,0.693942,-0.007316,0.003827,-0.719984
5069,0.079910,-0.104519,9.934094,0.603876,0.986913,-34.885948,-0.838685,-0.301750,-93.287819,0.686496,-0.006939,0.003514,-0.727092
5070,0.075434,-0.071757,9.938154,0.998014,0.881439,-32.412430,-0.765583,-0.302887,-94.409912,0.679347,-0.006478,0.003107,-0.733782
5071,0.090557,-0.129793,9.935431,1.498794,0.759145,-29.380419,-0.693612,-0.308402,-95.440117,0.672727,-0.006063,0.002668,-0.739861
5072,0.088107,-0.102767,9.929057,1.387475,0.684113,-29.070660,-0.633521,-0.319266,-96.414520,0.666414,-0.005762,0.002265,-0.745556
5073,0.089038,-0.092275,9.929049,1.428800,0.665556,-29.160692,-0.569749,-0.329138,-97.385269,0.660077,-0.005440,0.001839,-0.751176
5074,0.083067,-0.059919,9.928987,1.427478,0.630244,-28.733437,-0.498263,-0.335921,-98.350388,0.653730,-0.005061,0.001374,-0.756710
5075,0.086768,-0.086659,9.922850,1.192624,0.598002,-27.997944,-0.436541,-0.340865,-99.296066,0.647465,-0.004733,0.000977,-0.762080
5076,0.065957,-0.023734,9.924494,0.124662,0.602452,-27.605783,-0.392353,-0.339156,-100.222984,0.641281,-0.004467,0.000729,-0.767292
5077,0.049958,0.015579,9.931583,-1.200878,0.658918,-28.124598,-0.360974,-0.323623,-101.152161,0.635041,-0.004182,0.000640,-0.772467
5078,0.049247,0.025156,9.938416,-1.571060,0.674234,-27.935387,-0.346508,-0.302124,-102.086876,0.628720,-0.003951,0.000694,-0.777622
5079,0.073462,-0.080322,9.933559,-1.241217,0.623828,-25.440504,-0.366881,-0.290654,-102.976662,0.622662,-0.003978,0.000926,-0.782480
5080,0.069492,-0.057792,9.937531,-1.122247,0.638942,-25.730427,-0.406598,-0.288510,-103.829567,0.616820,-0.004170,0.001240,-0.787092
5081,0.071076,-0.045638,9.940544,-0.864255,0.692206,-27.372324,-0.425304,-0.285712,-104.714767,0.610721,-0.004241,0.001416,-0.791833
5082,0.079710,-0.043048,9.937682,-0.174336,0.693546,-28.548817,-0.419926,-0.286042,-105.646957,0.604259,-0.004203,0.001411,-0.796775
5083,0.078221,-0.062529,9.935290,-0.250486,0.690283,-28.956244,-0.408885,-0.288918,-106.605522,0.597574,-0.004154,0.001354,-0.801802
5084,0.072718,-0.033857,9.939823,-0.407485,0.745032,-31.220715,-0.399437,-0.288713,-107.608643,0.590532,-0.004092,0.001325,-0.807003
5085,0.076999,-0.055489,9.946940,-0.102116,0.783002,-32.745117,-0.386079,-0.286562,-108.674896,0.582998,-0.003996,0.001279,-0.812463
5086,0.094327,-0.098943,9.943260,0.883566,0.750701,-32.810734,-0.373401,-0.291414,-109.767525,0.575225,-0.003955,0.001203,-0.817985
5087,0.102751,-0.174510,9.931660,1.105841,0.745774,-34.110821,-0.380377,-0.305200,-110.882706,0.567237,-0.004076,0.001223,-0.823544
5088,0.071475,-0.132399,9.931114,0.789338,0.838599,-39.265396,-0.399394,-0.310191,-112.105370,0.558417,-0.004192,0.001380,-0.829549
5089,0.047847,-0.035515,9.936967,0.738865,0.882806,-42.257736,-0.377437,-0.294753,-113.464027,0.548544,-0.003957,0.001343,-0.836111
5090,0.048602,-0.035172,9.934088,0.940519,0.881310,-42.756714,-0.321735,-0.271072,-114.880997,0.538166,-0.003505,0.001093,-0.842831
5091,0.043199,-0.005506,9.930426,0.916394,0.849289,-43.330463,-0.258160,-0.247441,-116.315811,0.527573,-0.003023,0.000775,-0.849504
5092,0.042038,0.033870,9.939350,1.194577,0.812683,-42.709415,-0.175275,-0.223617,-117.749863,0.516904,-0.002461,0.000301,-0.856040
5093,0.071794,0.042455,9.937340,2.443330,0.650819,-38.310177,-0.060379,-0.212332,-119.100227,0.506783,-0.001864,-0.000485,-0.862072
5094,0.080812,-0.015240,9.933661,2.849472,0.528468,-35.932785,0.054621,-0.217573,-120.337570,0.497447,-0.001410,-0.001358,-0.867492
5095,0.077164,0.034881,9.921066,3.198984,0.413722,-35.096577,0.166752,-0.226764,-121.521301,0.488460,-0.001016,-0.002236,-0.872583
5096,0.062116,0.131085,9.922738,2.238111,0.352460,-33.569126,0.303370,-0.229458,-122.665756,0.479722,-0.000487,-0.003283,-0.877414
5097,0.058794,0.127364,9.915457,0.192485,0.298902,-30.515753,0.405615,-0.225555,-123.733902,0.471523,-0.000067,-0.004050,-0.881845
5098,0.049884,0.045031,9.932839,-2.816460,0.367460,-29.470491,0.381872,-0.217457,-124.733566,0.463812,-0.000136,-0.003832,-0.885925
5100,0.059288,0.043912,9.930120,-3.576544,0.382603,-26.728405,0.263375,-0.210553,-125.670006,0.456556,-0.000585,-0.002884,-0.889690
5101,0.071316,-0.044709,9.939583,-4.703083,0.423599,-24.077869,0.091991,-0.212852,-126.516487,0.449970,-0.001298,-0.001553,-0.893041
5102,0.086782,-0.157867,9.942296,-4.556019,0.487384,-23.658234,-0.144910,-0.225656,-127.311646,0.443759,-0.002326,0.000259,-0.896143
5103,0.079579,-0.134474,9.962234,-3.255424,0.584719,-25.664825,-0.363421,-0.240729,-128.133255,0.437316,-0.003276,0.001933,-0.899300
5104,0.088386,-0.056081,9.947631,-0.953170,0.588983,-26.383535,-0.462897,-0.255380,-129.000610,0.430494,-0.003751,0.002687,-0.902582
5105,0.080242,-0.064735,9.947263,-0.576185,0.660405,-29.011179,-0.476819,-0.268560,-129.923950,0.423206,-0.003884,0.002778,-0.906021
5106,0.066404,0.003283,9.959385,0.062018,0.705983,-31.409939,-0.447711,-0.271886,-130.931213,0.415227,-0.003781,0.002569,-0.909707
5107,0.061502,0.101896,9.944606,1.704871,0.632616,-29.945057,-0.327397,-0.267372,-131.954269,0.407092,-0.003294,0.001660,-0.913380
5108,0.085166,0.052907,9.930689,2.059928,0.498143,-26.435431,-0.166473,-0.269544,-132.894424,0.399589,-0.002737,0.000392,-0.916690
5109,0.089104,-0.004227,9.921133,1.540071,0.427657,-24.434948,-0.058779,-0.282190,-133.742493,0.392796,-0.002466,-0.000496,-0.919622
5110,0.077682,0.017882,9.935455,0.305788,0.410615,-24.395275,-0.006832,-0.291912,-134.556427,0.386255,-0.002373,-0.000929,-0.922388
5111,0.089018,-0.262876,9.914384,-1.660448,0.439366,-25.699938,-0.101037,-0.300436,-135.390930,0.379526,-0.002760,-0.000179,-0.925177
5112,0.083005,-0.300661,9.936656,-5.587093,0.680211,-39.878826,-0.392819,-0.309465,-136.482910,0.370684,-0.003779,0.002183,-0.928749
5113,0.116010,-0.301787,9.952080,-9.867647,1.300928,-59.242809,-0.808652,-0.323962,-138.133896,0.357248,-0.005162,0.005581,-0.933979
5114,0.111271,-0.289536,9.952808,-10.200150,2.382387,-74.395248,-1.253943,-0.340400,-140.360306,0.339011,-0.006505,0.009287,-0.940714
5115,0.125315,-0.347479,9.932954,-8.830873,2.996899,-82.438400,-1.645689,-0.355461,-142.973572,0.317447,-0.007501,0.012633,-0.948162
5116,0.108673,-0.096687,9.943756,-6.204543,3.564135,-88.868668,-1.859063,-0.369606,-145.828903,0.293709,-0.007849,0.014559,-0.955752
5117,0.112966,-0.136185,9.925368,-3.140660,3.797257,-85.554375,-1.874580,-0.370857,-148.737152,0.269360,-0.007524,0.014881,-0.962895
5118,0.031331,-0.131781,9.929540,1.864216,3.617140,-80.379967,-1.755756,-0.339527,-151.504227,0.246044,-0.006642,0.014121,-0.969133
5119,0.080248,-0.106006,9.903013,-0.137913,3.099892,-80.560036,-1.585447,-0.301099,-154.187836,0.223296,-0.005651,0.012899,-0.974649
5120,0.115822,-0.004176,9.922099,0.904457,3.476488,-78.342888,-1.406707,-0.288758,-156.837540,0.200711,-0.004933,0.011520,-0.979570
5121,0.094301,0.128141,9.912966,3.436759,2.699402,-73.376015,-1.113358,-0.276074,-159.367645,0.179048,-0.004110,0.009127,-0.983789
5122,0.102371,0.118856,9.928076,3.379714,2.230586,-60.521641,-0.767404,-0.261744,-161.600464,0.159858,-0.003325,0.006245,-0.987115
5123,0.145776,0.154063,9.917575,3.934259,1.799716,-46.028427,-0.442987,-0.263568,-163.377426,0.144541,-0.002835,0.003493,-0.989489
5124,0.089280,0.138907,9.952374,8.518425,1.194931,-31.278843,-0.066299,-0.265766,-164.666855,0.133406,-0.002376,0.000264,-0.991059
5125,0.054860,0.100348,9.941115,9.525189,0.057928,-24.090216,0.344713,-0.258865,-165.590179,0.125424,-0.001864,-0.003268,-0.992096
5126,0.074320,0.024756,9.945983,8.730459,0.063895,-20.679773,0.677272,-0.262390,-166.336411,0.118966,-0.001570,-0.006141,-0.992878
5127,0.065080,0.104053,9.943702,10.804016,-0.065985,-22.513935,0.990450,-0.267918,-167.056213,0.112731,-0.001349,-0.008852,-0.993585
5128,0.070134,0.118587,9.927732,11.507227,-0.198897,-23.362343,1.344289,-0.270693,-167.820694,0.106104,-0.001104,-0.011915,-0.994283
5129,0.100768,0.168436,9.932631,10.354731,-0.330405,-24.027639,1.674290,-0.283894,-168.610382,0.099255,-0.001015,-0.014784,-0.994952
5130,0.105755,0.260215,9.929013,9.199264,-0.439144,-26.231066,1.973828,-0.305955,-169.447998,0.091985,-0.001074,-0.017396,-0.995608
5131,0.106526,0.339151,9.931253,7.665589,-0.537199,-28.472633,2.249170,-0.324384,-170.359787,0.084066,-0.001171,-0.019795,-0.996263
5132,0.086631,0.415522,9.922400,5.579730,-0.606169,-30.996504,2.482927,-0.329820,-171.350998,0.075449,-0.001236,-0.021821,-0.996910
5133,0.071741,0.459523,9.931185,2.749335,-0.615485,-31.085005,2.645276,-0.318594,-172.385666,0.066445,-0.001241,-0.023216,-0.997519
5134,0.044730,0.476946,9.933546,0.509446,-0.601766,-29.766602,2.720153,-0.292879,-173.399719,0.057611,-0.001185,-0.023843,-0.998054
5135,0.038440,0.446512,9.942540,-1.224034,-0.537595,-27.007734,2.710228,-0.259746,-174.345718,0.049362,-0.001097,-0.023732,-0.998498
5136,0.051031,0.431493,9.957384,-2.789869,-0.446016,-24.157305,2.625760,-0.234474,-175.198166,0.041927,-0.001084,-0.022978,-0.998856
5137,0.075759,0.373516,9.970621,-2.199779,-0.403436,-23.609489,2.505926,-0.226283,-175.993896,0.034987,-0.001209,-0.021922,-0.999147
5138,0.096229,0.301850,9.985017,0.457598,-0.515156,-27.474642,2.409772,-0.234685,-176.844803,0.027568,-0.001468,-0.021076,-0.999397
5139,0.083824,0.232404,9.973627,3.358754,-0.820699,-36.147980,2.373822,-0.244744,-177.904663,0.018324,-0.001756,-0.020750,-0.999615
5140,0.068423,0.284557,9.950812,4.120584,-1.089508,-43.893562,2.402278,-0.243063,-179.238297,0.006690,-0.001981,-0.020976,-0.999756
5141,0.042252,0.330314,9.941675,2.822776,-1.277291,-49.719540,2.454854,-0.224595,179.201752,-0.006922,-0.002109,-0.021407,-0.999745
5142,0.036681,0.304342,9.920668,2.231494,-1.355105,-50.712914,2.477844,-0.195773,177.528152,-0.021527,-0.002174,-0.021580,-0.999533
5143,0.004034,0.420487,9.909200,-0.793355,-1.318367,-50.241405,2.465056,-0.157471,175.845779,-0.036207,-0.002153,-0.021446,-0.999112
5144,0.032460,0.471356,9.882484,-2.839485,-1.061923,-42.947487,2.420490,-0.123032,174.292648,-0.049752,-0.002124,-0.021042,-0.998538
5145,0.043217,0.489724,9.900351,-4.674750,-0.796510,-37.271038,2.336099,-0.107485,172.955688,-0.061403,-0.002188,-0.020289,-0.997904
5146,0.076034,0.312411,9.884489,-3.574630,-0.612160,-31.203949,2.194391,-0.111866,171.814606,-0.071339,-0.002340,-0.019030,-0.997268
5147,0.074258,0.339588,9.898252,-4.699709,-0.507278,-31.544212,2.016277,-0.128929,170.769104,-0.080435,-0.002537,-0.017447,-0.996604
5148,0.093266,0.203924,9.867702,-3.201914,-0.472637,-31.461796,1.827422,-0.151112,169.719391,-0.089562,-0.002742,-0.015764,-0.995853
5149,0.079874,0.206777,9.896614,-2.888488,-0.439519,-34.747093,1.646796,-0.173605,168.616409,-0.099145,-0.002933,-0.014149,-0.994968
5150,0.087882,0.108168,9.886506,-0.884454,-0.517745,-38.076649,1.494930,-0.192543,167.403198,-0.109675,-0.003101,-0.012782,-0.993881
5151,0.084354,0.160834,9.871377,1.585032,-0.658525,-43.296829,1.422467,-0.213103,166.047424,-0.121426,-0.003353,-0.012095,-0.992521
5152,0.081018,0.188213,9.884990,3.768072,-0.866397,-48.282013,1.467337,-0.230725,164.521393,-0.134629,-0.003719,-0.012417,-0.990811
5153,0.054598,0.317139,9.920842,4.653129,-1.205366,-55.704105,1.616542,-0.237463,162.788284,-0.149592,-0.004160,-0.013638,-0.988645
5154,0.041516,0.409195,9.906171,5.764699,-1.443464,-57.327702,1.860317,-0.228999,160.904160,-0.165818,-0.004663,-0.015677,-0.986021
5155,0.034359,0.508276,9.914968,5.768889,-1.516691,-55.032707,2.162207,-0.210694,159.031052,-0.181902,-0.005241,-0.018218,-0.983134
5156,-0.017708,0.695315,9.943110,4.879569,-1.586670,-52.824715,2.509377,-0.169619,157.232773,-0.197298,-0.005773,-0.021174,-0.980098
5157,0.002003,0.592615,9.931777,3.802454,-1.630628,-47.632004,2.812411,-0.118725,155.557877,-0.211595,-0.006207,-0.023765,-0.977049
5158,0.053821,0.465913,9.894814,2.753111,-1.372768,-38.221622,2.968808,-0.098905,154.126495,-0.223778,-0.006640,-0.025054,-0.974295
5159,0.047408,0.491656,9.915846,0.735683,-1.281442,-34.241997,3.015306,-0.101063,152.918289,-0.234035,-0.007017,-0.025373,-0.971872
5160,0.023077,0.524251,9.916895,-0.012095,-1.243423,-32.383411,3.022564,-0.096405,151.807312,-0.243447,-0.007239,-0.025375,-0.969555
5161,0.117300,0.241456,9.876968,-0.594480,-1.144621,-28.676920,2.923707,-0.118033,150.789230,-0.252053,-0.007429,-0.024427,-0.967377
5162,0.074050,0.455560,9.873154,-1.143477,-0.969699,-28.724192,2.790108,-0.156368,149.832352,-0.260123,-0.007653,-0.023152,-0.965268
5163,0.020224,0.605039,9.910751,-1.994679,-0.986654,-30.106670,2.764117,-0.156428,148.851440,-0.268377,-0.007790,-0.022867,-0.963011
5164,0.051455,0.499143,9.893248,-0.808518,-0.940940,-29.534451,2.766484,-0.146093,147.856995,-0.276726,-0.007907,-0.022843,-0.960645
5165,0.045110,0.508209,9.909139,-1.910053,-0.924315,-30.399641,2.740262,-0.143592,146.857788,-0.285095,-0.008020,-0.022561,-0.958200
5166,0.009444,0.630551,9.944237,-2.934813,-0.892285,-30.863523,2.721390,-0.126669,145.836380,-0.293629,-0.008032,-0.022374,-0.955624
5167,0.067085,0.411225,9.927237,-3.322062,-0.883237,-29.079714,2.649494,-0.118930,144.837051,-0.301958,-0.007973,-0.021726,-0.953040
5168,0.128854,0.225473,9.906858,-3.222410,-0.810545,-28.742453,2.447488,-0.154472,143.873428,-0.309969,-0.007903,-0.019886,-0.950506
5169,0.104261,0.269055,9.915589,-4.874859,-0.783749,-32.349712,2.189864,-0.200460,142.855606,-0.318409,-0.007744,-0.017557,-0.947759
5170,0.127396,0.163324,9.893962,-4.477930,-0.807253,-36.701618,1.918157,-0.241051,141.705292,-0.327919,-0.007477,-0.015122,-0.944555
5171,0.112035,0.196736,9.904210,-4.781328,-0.829205,-43.763573,1.656099,-0.279567,140.364853,-0.338957,-0.007194,-0.012769,-0.940688
5172,0.074790,0.250513,9.924376,-4.221932,-0.855495,-49.124138,1.458071,-0.296746,138.817184,-0.351641,-0.006899,-0.011000,-0.936045
5173,0.014360,0.427438,9.943593,-4.610547,-0.827990,-53.695816,1.363987,-0.278753,137.103500,-0.365607,-0.006616,-0.010189,-0.930690
5174,0.006242,0.365371,9.943953,-3.529103,-0.788031,-54.754818,1.334380,-0.236935,135.295807,-0.380248,-0.006340,-0.009983,-0.924809
5175,0.007714,0.425258,9.949624,-2.931307,-0.712989,-54.367245,1.337794,-0.195031,133.477020,-0.394882,-0.006174,-0.010053,-0.918656
5176,0.027949,0.339019,9.944167,-1.627087,-0.659440,-51.693832,1.364539,-0.163232,131.709396,-0.409007,-0.006171,-0.010283,-0.912452
5177,0.015475,0.374734,9.942893,-1.621629,-0.638010,-52.345406,1.394233,-0.137072,129.975571,-0.422767,-0.006228,-0.010520,-0.906156
5178,0.022454,0.322318,9.933984,-0.610680,-0.633380,-51.014801,1.431490,-0.111112,128.253143,-0.436339,-0.006324,-0.010817,-0.899695
5179,0.019743,0.364723,9.930703,0.514638,-0.647110,-48.753380,1.496722,-0.089698,126.590599,-0.449345,-0.006569,-0.011316,-0.893263
5180,0.011045,0.335405,9.939410,0.732011,-0.656252,-46.284431,1.581981,-0.067322,125.006859,-0.461644,-0.006895,-0.011974,-0.886958
5181,-0.020441,0.408359,9.939874,0.282617,-0.633231,-43.188339,1.668070,-0.034698,123.515869,-0.473144,-0.007155,-0.012680,-0.880865
5182,0.000325,0.388686,9.949214,0.506239,-0.556798,-37.176197,1.756936,-0.002152,122.176651,-0.483404,-0.007429,-0.013412,-0.875263
5183,0.006335,0.386192,9.959089,1.536883,-0.581214,-35.148239,1.848974,0.016727,120.971390,-0.492579,-0.007822,-0.014113,-0.870118
5184,0.014137,0.425462,9.961550,2.144865,-0.637757,-34.840000,1.969545,0.027919,119.805031,-0.501402,-0.008408,-0.014992,-0.865044
5185,0.006917,0.437012,9.951872,2.929904,-0.676008,-33.632992,2.117695,0.037505,118.663895,-0.509982,-0.009144,-0.016062,-0.859987
5186,0.008160,0.438286,9.947433,3.330290,-0.712725,-32.773895,2.274624,0.048293,117.557159,-0.518252,-0.009928,-0.017192,-0.854998
5187,-0.008482,0.464313,9.936828,3.582572,-0.757029,-31.516529,2.434121,0.063119,116.485680,-0.526211,-0.010711,-0.018350,-0.850088
5188,-0.004474,0.484303,9.921550,2.310426,-0.744844,-28.608110,2.573874,0.079856,115.483597,-0.533614,-0.011398,-0.019365,-0.845430
5189,-0.002292,0.503231,9.926366,0.153197,-0.670139,-26.293278,2.652314,0.092094,114.568558,-0.540342,-0.011833,-0.019907,-0.841127
5190,0.008674,0.490003,9.918522,-1.271702,-0.610759,-24.073051,2.660652,0.097793,113.729118,-0.546489,-0.011976,-0.019907,-0.837144
5191,0.013177,0.469308,9.926003,-2.522822,-0.533134,-22.745487,2.608607,0.096730,112.948837,-0.552182,-0.011868,-0.019442,-0.833412
5192,0.027925,0.439939,9.929712,-3.171356,-0.499832,-23.659504,2.511022,0.089703,112.175484,-0.557803,-0.011575,-0.018620,-0.829684
5193,0.019326,0.458775,9.934092,-3.024829,-0.503171,-26.532808,2.409959,0.083057,111.339104,-0.563853,-0.011261,-0.017775,-0.825607
5194,0.008373,0.411081,9.934004,-2.422030,-0.489645,-27.582634,2.323056,0.085143,110.437363,-0.570341,-0.010953,-0.017073,-0.821158
5195,0.005877,0.348490,9.944226,-1.909542,-0.448601,-27.158422,2.229398,0.091683,109.525162,-0.576869,-0.010571,-0.016351,-0.816604
5196,0.008201,0.356661,9.941236,-1.052279,-0.441133,-26.635023,2.150962,0.096590,108.628738,-0.583247,-0.010264,-0.015737,-0.812077
5197,-0.008870,0.356418,9.936469,-1.214196,-0.415307,-25.308990,2.096415,0.104119,107.763115,-0.589371,-0.010049,-0.015313,-0.807655
5198,-0.019679,0.320390,9.939972,-2.285613,-0.328352,-22.212887,2.017019,0.118121,106.971176,-0.594947,-0.009645,-0.014759,-0.803571
5199,-0.016825,0.292657,9.943945,-3.088613,-0.255115,-19.357880,1.893222,0.131257,106.278358,-0.599806,-0.008994,-0.013905,-0.799974
5200,-0.017977,0.296426,9.936806,-4.208964,-0.201738,-19.121363,1.741066,0.141154,105.637093,-0.604286,-0.008201,-0.012849,-0.796622
5201,0.047916,0.302319,9.950640,-6.362160,-0.127246,-21.536894,1.552852,0.130111,104.959618,-0.608997,-0.007353,-0.011439,-0.793056
5203,0.067559,0.287906,9.966333,-8.283237,0.064437,-23.799824,1.313020,0.095311,104.204445,-0.614222,-0.006382,-0.009552,-0.789050
5204,0.073006,0.206205,9.967949,-7.732394,0.214858,-24.878637,1.043547,0.058487,103.393700,-0.619800,-0.005244,-0.007463,-0.784707
5205,0.078728,0.118655,9.964400,-6.695071,0.333239,-26.625807,0.774955,0.023542,102.535835,-0.625666,-0.004071,-0.005404,-0.780061
5206,0.081998,0.091595,9.963679,-5.151216,0.422640,-28.995562,0.543116,-0.009743,101.609322,-0.631959,-0.003061,-0.003619,-0.774987
5207,0.016264,0.030434,9.951423,-3.317438,0.492470,-30.417717,0.367556,-0.019016,100.619492,-0.638633,-0.002176,-0.002362,-0.769505
5208,-0.004257,-0.001442,9.942449,-0.697889,0.458875,-31.646088,0.258867,0.000345,99.585320,-0.645554,-0.001456,-0.001727,-0.763711
5209,-0.014261,0.104620,9.942019,1.438386,0.391813,-33.083511,0.269136,0.026750,98.506691,-0.652714,-0.001356,-0.001932,-0.757601
5210,-0.014935,0.171280,9.940044,3.581450,0.294242,-32.772224,0.411767,0.053002,97.409317,-0.659938,-0.002024,-0.003005,-0.751312
5211,-0.001899,0.160851,9.944161,4.932664,0.170653,-31.701023,0.621854,0.071687,96.335052,-0.666947,-0.003153,-0.004461,-0.745085
5212,0.005281,0.188850,9.950974,6.067040,0.033229,-30.156782,0.858978,0.080366,95.304359,-0.673614,-0.004531,-0.006012,-0.739045
5213,-0.015077,0.232955,9.939295,8.603721,-0.162149,-29.065748,1.155411,0.090291,94.317566,-0.679940,-0.006278,-0.007929,-0.733198
5214,-0.007961,0.237057,9.940619,9.341176,-0.331551,-27.729034,1.491928,0.102008,93.371170,-0.685951,-0.008284,-0.010083,-0.727530
5215,-0.004187,0.267269,9.940257,9.837263,-0.470486,-26.963017,1.824467,0.108164,92.459709,-0.691690,-0.010332,-0.012150,-0.722019
5216,-0.002974,0.323114,9.934243,10.743718,-0.644548,-27.536764,2.170614,0.111767,91.551308,-0.697357,-0.012512,-0.014254,-0.716473
5217,-0.021348,0.404386,9.923117,10.769785,-0.914685,-30.484850,2.538530,0.121094,90.584099,-0.703337,-0.014832,-0.016486,-0.710511
5218,-0.002464,0.510535,9.922729,8.104348,-1.113116,-32.419724,2.882804,0.131496,89.535416,-0.709763,-0.017051,-0.018529,-0.703990
5219,0.005038,0.555261,9.923966,5.667900,-1.229253,-33.651131,3.150658,0.135231,88.433838,-0.716456,-0.018880,-0.020017,-0.697089
5220,0.009229,0.586610,9.918427,4.062973,-1.333234,-35.352524,3.341247,0.137837,87.283325,-0.723386,-0.020268,-0.020990,-0.689827
5221,0.001616,0.644232,9.924541,1.690537,-1.441783,-38.013725,3.468248,0.145227,86.060120,-0.730686,-0.021257,-0.021576,-0.682041
5222,-0.008392,0.663720,9.926121,1.080624,-1.470928,-38.532536,3.552062,0.160959,84.784012,-0.738223,-0.021943,-0.021932,-0.673843
5223,-0.010514,0.595986,9.932025,1.846788,-1.506147,-37.839752,3.610494,0.179783,83.510719,-0.745657,-0.022456,-0.022149,-0.665583
5224,-0.015504,0.577317,9.921976,1.629857,-1.611555,-38.405865,3.641839,0.197487,82.239288,-0.752992,-0.022805,-0.022194,-0.657259
5225,-0.026299,0.648029,9.928123,-1.210007,-1.701670,-41.039608,3.633467,0.218637,80.914497,-0.760546,-0.022885,-0.022022,-0.648507
5226,-0.036554,0.614287,9.924039,-2.734405,-1.655927,-41.396675,3.562211,0.245812,79.539940,-0.768288,-0.022518,-0.021531,-0.639345
5227,-0.028268,0.588545,9.914729,-4.052966,-1.556798,-40.581821,3.428496,0.270347,78.173065,-0.775890,-0.021733,-0.020691,-0.630155
5228,-0.021926,0.586937,9.917137,-6.970664,-1.433340,-41.498898,3.226531,0.287086,76.804642,-0.783399,-0.020507,-0.019451,-0.620876
5229,-0.019350,0.583086,9.925386,-7.582500,-1.245850,-41.945984,2.982180,0.299607,75.413803,-0.790921,-0.018988,-0.017983,-0.611359
5230,-0.013345,0.515459,9.924328,-5.827607,-1.061461,-40.426147,2.758539,0.307553,74.041061,-0.798224,-0.017603,-0.016635,-0.601873
5231,-0.009174,0.477175,9.930518,-4.880018,-0.939686,-39.457172,2.572009,0.309399,72.709839,-0.805191,-0.016475,-0.015478,-0.592585
5232,-0.005102,0.443792,9.938744,-4.356639,-0.840834,-39.144337,2.409760,0.306689,71.400024,-0.811934,-0.015515,-0.014443,-0.583365
5233,-0.013142,0.454797,9.936765,-3.167822,-0.757227,-38.662132,2.288445,0.304530,70.103539,-0.818498,-0.014821,-0.013644,-0.574156
5234,-0.016335,0.403048,9.934539,-2.798394,-0.690362,-37.781662,2.196026,0.305621,68.829788,-0.824841,-0.014302,-0.013030,-0.565034
5235,-0.024717,0.361445,9.933038,-3.312680,-0.612773,-36.788273,2.083162,0.309280,67.587189,-0.830934,-0.013606,-0.012353,-0.556068
5236,-0.030477,0.360818,9.925584,-4.248143,-0.512247,-35.927647,1.944152,0.316342,66.375488,-0.836783,-0.012687,-0.011596,-0.547264
5237,-0.033805,0.316472,9.934062,-5.690217,-0.391859,-35.816250,1.765023,0.325580,65.180023,-0.842467,-0.011447,-0.010689,-0.538521
5238,-0.030225,0.264359,9.927862,-5.984945,-0.256222,-33.251163,1.543627,0.332515,64.029129,-0.847854,-0.009883,-0.009601,-0.530051
5239,-0.016941,0.192492,9.899350,-7.718815,-0.096240,-30.753220,1.271424,0.331052,62.962543,-0.852772,-0.007953,-0.008258,-0.522158
5240,-0.051159,0.035249,9.941874,-12.932312,0.259131,-34.110256,0.836714,0.338196,61.881435,-0.857684,-0.004745,-0.006285,-0.514116
5241,-0.005424,-0.064938,9.935827,-15.280611,0.341316,-41.762775,0.230770,0.340207,60.616585,-0.863320,-0.000240,-0.003579,-0.504644
5242,-0.008519,-0.119393,9.929271,-13.723971,1.048972,-41.390453,-0.380427,0.328009,59.230518,-0.869350,0.004301,-0.000848,-0.494177
5243,-0.008658,-0.248441,9.932461,-12.106199,1.221046,-42.013039,-0.929695,0.318177,57.840061,-0.875252,0.008444,0.001493,-0.483590
5244,-0.015161,-0.314839,9.958647,-9.510283,1.470980,-47.016560,-1.406742,0.304295,56.355545,-0.881402,0.012075,0.003456,-0.472200
5245,0.028821,-0.209623,9.921964,-2.892772,1.591089,-47.716972,-1.659936,0.274110,54.776150,-0.887800,0.013962,0.004540,-0.459996
5246,-0.010163,-0.162092,9.935606,2.167774,1.821076,-41.381336,-1.626899,0.250967,53.290760,-0.893693,0.013671,0.004410,-0.448449
5247,0.023810,-0.103675,9.958741,4.065596,1.222535,-40.532928,-1.430153,0.232075,51.925251,-0.898997,0.012107,0.003643,-0.437772
5248,0.032358,-0.042327,9.954174,5.096982,1.078595,-40.198757,-1.157672,0.194993,50.579750,-0.904103,0.009861,0.002777,-0.427191
5249,0.031605,0.032519,9.958082,5.194696,0.850735,-36.264927,-0.847731,0.160282,49.305477,-0.908822,0.007307,0.001815,-0.417115
5250,0.029399,0.029147,9.947807,4.431684,0.557316,-31.578817,-0.557415,0.130299,48.174900,-0.912910,0.004905,0.000947,-0.408130
5251,0.032374,0.031757,9.946772,2.409404,0.434838,-29.883511,-0.346709,0.102342,47.150631,-0.916529,0.003130,0.000392,-0.399955
5252,0.003516,0.002873,9.922335,0.720894,0.446771,-29.233471,-0.234089,0.087132,46.165421,-0.919937,0.002177,0.000101,-0.392060
5253,0.001634,0.027788,9.928870,-1.314217,0.522930,-28.920658,-0.202879,0.087061,45.196262,-0.923221,0.001926,-0.000021,-0.384266
5254,0.007385,0.058183,9.932639,-1.980463,0.573144,-28.743650,-0.206802,0.089033,44.235268,-0.926410,0.001964,-0.000040,-0.376510
5255,0.015641,-0.037129,9.927227,-1.015746,0.576003,-29.010687,-0.228345,0.087139,43.272762,-0.929540,0.002133,0.000028,-0.368715
5256,0.019058,-0.121589,9.922545,-0.056240,0.601708,-31.620018,-0.274749,0.081093,42.262218,-0.932754,0.002492,0.000204,-0.360504
5257,0.030826,-0.081440,9.923388,0.231741,0.699082,-36.647945,-0.310973,0.071257,41.124382,-0.936287,0.002759,0.000371,-0.351224
5258,0.004925,-0.112153,9.929256,0.492342,0.793465,-42.769958,-0.330416,0.068659,39.800770,-0.940281,0.002915,0.000418,-0.340386
5259,0.011767,-0.131563,9.914001,1.741596,0.742962,-44.196705,-0.338116,0.072503,38.351372,-0.944511,0.002995,0.000372,-0.328466
5260,0.023524,-0.081410,9.914098,0.467097,0.774791,-45.747044,-0.334771,0.069683,36.852413,-0.948727,0.002964,0.000346,-0.316083
5261,0.001565,0.046603,9.923403,-0.936459,0.863115,-47.802464,-0.317977,0.071917,35.293449,-0.952939,0.002835,0.000243,-0.303148
5262,-0.013870,-0.023866,9.924010,-1.587540,0.863070,-46.458126,-0.318196,0.088113,33.722679,-0.957005,0.002880,0.000070,-0.290057
5263,0.015418,0.002158,9.920625,-2.017531,0.859913,-44.208912,-0.352034,0.098246,32.211765,-0.960745,0.003189,0.000029,-0.277414
5264,-0.003248,-0.026415,9.929873,-3.134177,1.045915,-48.550171,-0.410743,0.105284,30.665951,-0.964398,0.003700,0.000062,-0.264429
5265,-0.022595,-0.032423,9.939296,-2.676135,1.126755,-49.833469,-0.487105,0.125419,29.026375,-0.968079,0.004389,0.000006,-0.250605
5266,-0.033473,-0.170312,9.922189,-1.806527,1.123761,-49.108658,-0.581181,0.152841,27.377384,-0.971581,0.005243,-0.000096,-0.236650
5267,-0.032889,-0.130878,9.917769,-1.527704,1.152820,-49.888401,-0.679274,0.178343,25.727381,-0.974882,0.006125,-0.000198,-0.222637
5268,-0.043808,-0.143043,9.922178,-1.257816,1.151364,-49.633575,-0.749279,0.202517,24.068644,-0.977998,0.006763,-0.000365,-0.208504
5269,-0.036386,-0.130241,9.918548,-1.527999,1.142260,-48.519650,-0.810213,0.223144,22.432714,-0.980871,0.007314,-0.000535,-0.194523
5270,-0.033775,-0.057877,9.924451,-1.927495,1.175817,-49.665619,-0.847737,0.236965,20.796354,-0.983545,0.007650,-0.000699,-0.180498
5271,-0.004463,-0.011520,9.933069,-1.555909,1.113105,-46.638184,-0.841710,0.238130,19.191534,-0.985977,0.007589,-0.000825,-0.166706
5272,0.007006,-0.031916,9.930794,-1.339855,1.085333,-44.152451,-0.815091,0.225510,17.678606,-0.988094,0.007331,-0.000852,-0.153673
5273,0.020307,-0.086739,9.926584,-1.122565,1.094100,-43.882366,-0.806958,0.206102,16.211468,-0.989982,0.007225,-0.000788,-0.141009
5274,0.027302,-0.125350,9.928247,-0.473798,1.070769,-42.454105,-0.816025,0.181970,14.772496,-0.991674,0.007266,-0.000659,-0.128565
5275,0.006507,-0.085839,9.926693,0.170395,1.076509,-41.915455,-0.802597,0.165078,13.366275,-0.993178,0.007124,-0.000616,-0.116385
5276,0.003014,-0.013307,9.923207,0.009301,1.152553,-44.852867,-0.744909,0.160234,11.920155,-0.994572,0.006611,-0.000716,-0.103842
5277,-0.003705,-0.029556,9.931437,-0.636879,1.181346,-46.566479,-0.686548,0.162136,10.396590,-0.995868,0.006095,-0.000866,-0.090610
5278,-0.008502,-0.011845,9.930827,-0.604088,1.135410,-44.712479,-0.644564,0.168767,8.875392,-0.996985,0.005722,-0.001033,-0.077382
5279,-0.015426,0.006446,9.935961,-0.844372,1.104771,-43.488686,-0.600065,0.179310,7.405520,-0.997897,0.005327,-0.001223,-0.064588
5280,0.008308,-0.085747,9.934919,-1.190266,1.061854,-41.707932,-0.594199,0.183351,5.985645,-0.998621,0.005262,-0.001327,-0.052218
5281,0.012419,-0.149549,9.936831,-0.814990,0.969996,-37.601673,-0.640842,0.175611,4.663716,-0.999155,0.005650,-0.001304,-0.040695
5282,0.015639,-0.148960,9.928935,0.039224,0.887271,-33.916561,-0.684657,0.163384,3.471558,-0.999522,0.006015,-0.001244,-0.030298
5283,0.016030,-0.094583,9.931707,0.002552,0.902204,-34.652061,-0.691559,0.150215,2.328592,-0.999774,0.006060,-0.001188,-0.020327
5284,0.013669,-0.081180,9.924162,-0.143710,0.879012,-34.522366,-0.676469,0.138955,1.175587,-0.999929,0.005915,-0.001152,-0.010266
5285,0.013370,-0.073991,9.921127,0.015281,0.796333,-31.792486,-0.654648,0.129002,0.070264,-0.999983,0.005714,-0.001122,-0.000620
5286,0.013932,-0.052173,9.927474,-0.425335,0.747238,-30.493927,-0.629828,0.119177,-0.967901,-0.999949,0.005487,-0.001086,0.008441
5287,0.011672,-0.064650,9.930233,-0.891886,0.708843,-29.674507,-0.619456,0.110237,-1.970760,-0.999837,0.005388,-0.001055,0.017192
5288,0.017125,-0.094224,9.930160,-0.775708,0.617040,-26.116051,-0.630247,0.099886,-2.900677,-0.999664,0.005476,-0.001011,0.025305
5289,0.024035,-0.098869,9.929332,-0.339209,0.535886,-22.519449,-0.642499,0.084885,-3.711362,-0.999460,0.005580,-0.000922,0.032377
5290,0.027010,-0.108453,9.932058,-0.339162,0.527957,-21.483349,-0.650457,0.067402,-4.444848,-0.999232,0.005649,-0.000808,0.038775
5291,0.029541,-0.125172,9.930819,-0.085892,0.541391,-21.317022,-0.661353,0.050133,-5.158313,-0.998970,0.005746,-0.000697,0.044996
5292,0.029545,-0.113499,9.935852,0.326068,0.541105,-20.769220,-0.661513,0.034294,-5.859884,-0.998676,0.005750,-0.000594,0.051112
5293,0.026408,-0.124530,9.931362,0.442006,0.536273,-20.853151,-0.651865,0.021432,-6.553728,-0.998349,0.005669,-0.000512,0.057159
5294,0.011695,-0.089743,9.936798,0.333714,0.543730,-21.069834,-0.634810,0.016084,-7.252577,-0.997983,0.005520,-0.000490,0.063247
5295,0.004190,-0.102797,9.938019,0.275840,0.484139,-19.696503,-0.614940,0.018569,-7.932134,-0.997591,0.005342,-0.000533,0.069164
5296,0.002011,-0.074451,9.936587,0.570486,0.352865,-16.365406,-0.588241,0.022232,-8.533256,-0.997216,0.005105,-0.000575,0.074396
5297,0.001950,-0.046392,9.938328,0.589114,0.229225,-12.999215,-0.540621,0.023572,-9.022718,-0.996891,0.004687,-0.000576,0.078655
5298,0.000773,-0.026023,9.941875,0.563618,0.120846,-9.056225,-0.481537,0.022697,-9.390327,-0.996636,0.004172,-0.000541,0.081853
5300,0.012321,-0.062118,9.941204,0.803535,-0.005902,-4.830938,-0.427586,0.014195,-9.621779,-0.996470,0.003708,-0.000436,0.083866
5301,0.016802,-0.039689,9.940992,1.282944,-0.062532,-1.892008,-0.368636,-0.003072,-9.733823,-0.996389,0.003208,-0.000246,0.084841
5302,0.015559,-0.046453,9.942431,1.216053,-0.061170,-0.457639,-0.304490,-0.020166,-9.772985,-0.996362,0.002663,-0.000051,0.085182
5303,0.018625,-0.061108,9.935170,0.987208,-0.049107,0.377042,-0.263790,-0.035043,-9.774330,-0.996362,0.002320,0.000109,0.085194
5304,0.017083,-0.053343,9.934763,0.768925,-0.047707,0.395353,-0.241411,-0.047901,-9.761453,-0.996372,0.002135,0.000237,0.085082
5305,0.021194,-0.039643,9.935529,0.166158,-0.037141,0.270226,-0.228165,-0.059604,-9.750357,-0.996380,0.002028,0.000349,0.084986
5306,0.026520,-0.096089,9.937444,-0.610799,-0.055591,0.227500,-0.259063,-0.073685,-9.742026,-0.996386,0.002307,0.000449,0.084914
5307,0.026247,-0.093767,9.937433,-0.995838,-0.049630,0.210715,-0.331404,-0.088220,-9.734649,-0.996389,0.002947,0.000522,0.084851
5308,0.032018,-0.094475,9.936937,-1.254132,-0.072664,0.209189,-0.406030,-0.103265,-9.727569,-0.996392,0.003607,0.000597,0.084790
5309,0.036989,-0.120704,9.933714,-1.306433,-0.065207,0.207662,-0.486478,-0.120992,-9.720520,-0.996394,0.004320,0.000692,0.084730
5310,0.030666,-0.139332,9.933281,-1.006332,-0.066871,0.204610,-0.570585,-0.135575,-9.713521,-0.996396,0.005062,0.000757,0.084670
5311,0.028436,-0.090966,9.932405,-0.669328,-0.073044,0.160358,-0.618874,-0.144168,-9.707359,-0.996398,0.005488,0.000797,0.084617
5312,0.030681,-0.103391,9.930185,-0.580768,-0.099037,0.143572,-0.634607,-0.151579,-9.702274,-0.996401,0.005630,0.000850,0.084573
5313,0.028250,-0.119430,9.940181,-0.347327,-0.085340,0.128313,-0.652444,-0.157907,-9.697701,-0.996403,0.005790,0.000892,0.084534
5314,0.027405,-0.112450,9.942077,-0.203932,-0.091453,0.125261,-0.665344,-0.161650,-9.693432,-0.996406,0.005905,0.000915,0.084497
5315,0.029273,-0.107477,9.949209,-0.164216,-0.094510,0.113053,-0.667677,-0.165223,-9.689436,-0.996409,0.005927,0.000945,0.084462
5316,0.027140,-0.110073,9.950020,-0.139734,-0.082302,0.099320,-0.666732,-0.167976,-9.685880,-0.996411,0.005921,0.000969,0.084432
5317,0.031384,-0.115101,9.951674,-0.116813,-0.073149,0.093216,-0.668171,-0.170810,-9.682649,-0.996414,0.005936,0.000993,0.084404
5318,0.031184,-0.110386,9.944069,-0.090842,-0.070116,0.088638,-0.668922,-0.174779,-9.679598,-0.996416,0.005945,0.001027,0.084377
5319,0.028547,-0.117891,9.943074,-0.077090,-0.057906,0.071853,-0.670095,-0.176774,-9.676904,-0.996418,0.005957,0.001044,0.084354
5320,0.032079,-0.122996,9.935678,-0.055768,-0.048750,0.064224,-0.676031,-0.178368,-9.674602,-0.996419,0.006010,0.001054,0.084334
5321,0.033038,-0.116967,9.929657,-0.048170,-0.056396,0.056593,-0.680620,-0.181630,-9.672560,-0.996420,0.006052,0.001079,0.084317
5322,0.027762,-0.114293,9.927025,-0.046626,-0.060966,0.061172,-0.680546,-0.182876,-9.670579,-0.996422,0.006052,0.001090,0.084299
5323,0.029817,-0.124953,9.928051,-0.048168,-0.060939,0.047439,-0.683598,-0.182470,-9.668740,-0.996423,0.006078,0.001084,0.084283
5324,0.029847,-0.120633,9.930090,-0.039056,-0.056344,0.038283,-0.689027,-0.182826,-9.667275,-0.996423,0.006126,0.001083,0.084271
5325,0.028648,-0.122389,9.931880,-0.052814,-0.060899,0.021499,-0.692766,-0.182680,-9.666249,-0.996424,0.006158,0.001079,0.084262
5326,0.024462,-0.130275,9.930617,-0.051351,-0.056271,0.006241,-0.700190,-0.180192,-9.665746,-0.996424,0.006221,0.001052,0.084257
5327,0.024336,-0.139349,9.931600,-0.036228,-0.063834,-0.009017,-0.713836,-0.176092,-9.665729,-0.996423,0.006337,0.001006,0.084257
5328,0.024557,-0.135868,9.929427,-0.024166,-0.063772,-0.007491,-0.727876,-0.172656,-9.665939,-0.996423,0.006456,0.000966,0.084259
5329,0.026326,-0.134433,9.930058,-0.007478,-0.074407,-0.009016,-0.737242,-0.170824,-9.666159,-0.996422,0.006536,0.000943,0.084261
5330,0.024487,-0.127282,9.925791,0.007742,-0.069788,-0.007489,-0.740626,-0.169461,-9.666392,-0.996422,0.006565,0.000929,0.084263
5331,0.026405,-0.122911,9.929913,0.016927,-0.068223,-0.009014,-0.737662,-0.168270,-9.666646,-0.996422,0.006538,0.000921,0.084265
5332,0.025156,-0.116900,9.927465,0.023110,-0.051404,-0.015118,-0.729908,-0.167253,-9.667043,-0.996422,0.006470,0.000918,0.084268
5333,0.021463,-0.118830,9.927765,0.017095,-0.045245,-0.016643,-0.721200,-0.163884,-9.667575,-0.996422,0.006392,0.000895,0.084273
5334,0.024842,-0.117275,9.924569,0.012591,-0.046718,-0.004436,-0.714080,-0.160630,-9.667926,-0.996422,0.006327,0.000872,0.084275
5335,0.024934,-0.123444,9.924223,0.004999,-0.048212,-0.015116,-0.710364,-0.159429,-9.668242,-0.996422,0.006294,0.000864,0.084278
5336,0.025058,-0.123559,9.924106,0.001946,-0.037505,-0.004435,-0.710362,-0.158502,-9.668549,-0.996422,0.006294,0.000856,0.084281
5337,0.027440,-0.127551,9.929219,-0.001129,-0.039018,0.006247,-0.712491,-0.158656,-9.668497,-0.996422,0.006312,0.000856,0.084280
5338,0.027459,-0.120798,9.929565,0.001913,-0.052751,0.012350,-0.713239,-0.160151,-9.668167,-0.996422,0.006320,0.000868,0.084278
5339,0.029720,-0.124908,9.934917,0.011076,-0.049708,0.004721,-0.712392,-0.162681,-9.667862,-0.996422,0.006314,0.000891,0.084275
5340,0.028887,-0.123250,9.941285,0.029383,-0.058877,0.018454,-0.712094,-0.165613,-9.667452,-0.996422,0.006314,0.000916,0.084272
5341,0.028213,-0.129180,9.944058,0.035462,-0.068032,0.009298,-0.713271,-0.167777,-9.666957,-0.996423,0.006326,0.000934,0.084267
5342,0.029271,-0.125682,9.942021,0.036952,-0.064979,0.003195,-0.715302,-0.169828,-9.666712,-0.996423,0.006345,0.000951,0.084265
5343,0.034244,-0.129199,9.941397,0.039969,-0.055847,-0.005961,-0.717041,-0.173973,-9.666724,-0.996423,0.006363,0.000986,0.084266
5344,0.027478,-0.131441,9.938869,0.035334,-0.052805,-0.009013,-0.721029,-0.176682,-9.666934,-0.996422,0.006400,0.001006,0.084268
5345,0.029219,-0.136813,9.931321,0.029139,-0.039052,-0.004435,-0.728119,-0.176437,-9.667114,-0.996422,0.006461,0.000999,0.084269
5346,0.035101,-0.127169,9.929598,0.032129,-0.042119,0.001669,-0.732637,-0.179137,-9.667127,-0.996421,0.006502,0.001019,0.084270
5347,0.033095,-0.120692,9.929306,0.032154,-0.051306,0.004721,-0.729271,-0.183536,-9.667007,-0.996421,0.006476,0.001060,0.084269
5348,0.026674,-0.120665,9.934130,0.033738,-0.054343,-0.004434,-0.722953,-0.183955,-9.666996,-0.996422,0.006422,0.001068,0.084269
5349,0.028643,-0.113660,9.931980,0.036875,-0.061933,0.003195,-0.714227,-0.182261,-9.667018,-0.996422,0.006345,0.001060,0.084269
5350,0.026266,-0.107069,9.932405,0.032433,-0.071047,-0.018168,-0.700777,-0.180769,-9.667278,-0.996423,0.006227,0.001057,0.084271
5351,0.021399,-0.117414,9.930894,0.037111,-0.072499,-0.024272,-0.690615,-0.176564,-9.667982,-0.996423,0.006135,0.001027,0.084277
5352,0.024811,-0.121883,9.931449,0.035595,-0.072423,-0.031900,-0.688584,-0.172184,-9.668892,-0.996423,0.006114,0.000991,0.084284
5353,0.027648,-0.129671,9.925011,0.032482,-0.070859,-0.031899,-0.692881,-0.171133,-9.669910,-0.996422,0.006151,0.000978,0.084293
5354,0.028957,-0.130450,9.926482,0.030856,-0.061690,-0.044106,-0.700820,-0.172112,-9.671124,-0.996420,0.006221,0.000981,0.084304
5355,0.034695,-0.132067,9.929241,0.047540,-0.052554,-0.034951,-0.708603,-0.175838,-9.672391,-0.996419,0.006291,0.001008,0.084315
5356,0.037472,-0.125840,9.930120,0.049001,-0.043456,-0.031899,-0.712890,-0.182583,-9.673468,-0.996418,0.006333,0.001063,0.084325
5357,0.036906,-0.127601,9.929511,0.055071,-0.040463,-0.019693,-0.714213,-0.189296,-9.674300,-0.996417,0.006350,0.001120,0.084332
5358,0.039713,-0.121503,9.928343,0.055062,-0.034417,-0.016641,-0.713148,-0.195818,-9.674889,-0.996416,0.006345,0.001178,0.084338
5359,0.041124,-0.125682,9.925968,0.059640,-0.039063,-0.015116,-0.711176,-0.203155,-9.675402,-0.996416,0.006334,0.001243,0.084343
5360,0.036420,-0.123908,9.926240,0.048945,-0.036052,-0.015116,-0.710586,-0.208057,-9.675885,-0.996415,0.006332,0.001286,0.084347
5361,0.034141,-0.123026,9.925473,0.044364,-0.043679,-0.025798,-0.709296,-0.209099,-9.676549,-0.996415,0.006322,0.001296,0.084353
5362,0.032068,-0.127267,9.923759,0.038239,-0.048227,-0.047161,-0.709791,-0.208024,-9.677741,-0.996414,0.006325,0.001286,0.084363
5363,0.026099,-0.125601,9.928828,0.041257,-0.051211,-0.048686,-0.711492,-0.203596,-9.679307,-0.996413,0.006337,0.001247,0.084377
5364,0.021921,-0.126382,9.928392,0.032075,-0.051099,-0.048685,-0.712722,-0.195232,-9.680901,-0.996412,0.006341,0.001173,0.084390
5365,0.021488,-0.128956,9.927669,0.039663,-0.063183,-0.045631,-0.715218,-0.186031,-9.682435,-0.996411,0.006356,0.001091,0.084403
5366,0.021532,-0.135970,9.922985,0.028898,-0.063072,-0.039525,-0.721669,-0.178182,-9.683804,-0.996410,0.006406,0.001018,0.084415
5367,0.022923,-0.131991,9.922399,0.044065,-0.058404,-0.027317,-0.728721,-0.172155,-9.684867,-0.996409,0.006463,0.000960,0.084424
5368,0.027313,-0.138185,9.923337,0.039395,-0.056828,-0.015108,-0.735544,-0.169562,-9.685526,-0.996408,0.006521,0.000933,0.084429
5369,0.025396,-0.137875,9.922940,0.043865,-0.056797,-0.018159,-0.743874,-0.168657,-9.686027,-0.996407,0.006593,0.000918,0.084434
5370,0.029065,-0.133506,9.921911,0.043792,-0.047622,-0.024263,-0.748976,-0.168624,-9.686693,-0.996406,0.006637,0.000914,0.084439
5371,0.026418,-0.126674,9.924257,0.055992,-0.053711,-0.019684,-0.748012,-0.169051,-9.687402,-0.996406,0.006629,0.000919,0.084446
5372,0.023501,-0.124745,9.925164,0.043822,-0.056722,-0.025788,-0.742925,-0.167188,-9.688146,-0.996405,0.006583,0.000906,0.084452
5373,0.022320,-0.122348,9.921522,0.046929,-0.059714,-0.041046,-0.736584,-0.163765,-9.689248,-0.996405,0.006526,0.000881,0.084461
5374,0.023730,-0.125082,9.926253,0.036290,-0.055082,-0.036468,-0.731365,-0.160812,-9.690526,-0.996404,0.006478,0.000859,0.084472
5375,0.022417,-0.130716,9.922990,0.031705,-0.067241,-0.034941,-0.730883,-0.158501,-9.691688,-0.996404,0.006472,0.000839,0.084482
5376,0.025714,-0.140912,9.920423,0.025512,-0.054999,-0.033415,-0.737895,-0.157449,-9.692780,-0.996403,0.006532,0.000825,0.084492
5377,0.025928,-0.148583,9.921409,0.029921,-0.065666,-0.018155,-0.752195,-0.158141,-9.693572,-0.996401,0.006657,0.000820,0.084499
5378,0.019501,-0.151501,9.921058,0.026667,-0.064096,-0.008998,-0.769459,-0.156314,-9.693947,-0.996400,0.006806,0.000792,0.084502
5379,0.023848,-0.150047,9.917397,0.037164,-0.065568,-0.005945,-0.784896,-0.153672,-9.694123,-0.996399,0.006938,0.000757,0.084503
5380,0.019408,-0.155735,9.914920,0.023255,-0.045680,0.000159,-0.799814,-0.151021,-9.694152,-0.996398,0.007066,0.000723,0.084504
5381,0.015791,-0.150303,9.919421,0.032258,-0.045596,0.000161,-0.812634,-0.144941,-9.694090,-0.996397,0.007173,0.000661,0.084503
5382,0.014428,-0.143141,9.915403,0.026084,-0.025658,-0.016622,-0.817866,-0.137027,-9.694332,-0.996397,0.007213,0.000588,0.084504
5383,0.019087,-0.139115,9.912465,0.026084,-0.016429,-0.019673,-0.817042,-0.131115,-9.694926,-0.996397,0.007201,0.000538,0.084509
5384,0.012786,-0.140069,9.909702,0.019998,-0.019411,-0.021198,-0.814693,-0.125429,-9.695601,-0.996396,0.007177,0.000490,0.084515
5385,0.019625,-0.129655,9.915827,0.023111,-0.020880,-0.022724,-0.808513,-0.120918,-9.696336,-0.996396,0.007119,0.000455,0.084521
5386,0.023421,-0.125055,9.914077,0.018659,-0.025460,-0.030353,-0.796460,-0.121882,-9.697233,-0.996396,0.007015,0.000472,0.084529
5387,0.026802,-0.129511,9.916800,0.023349,-0.036180,-0.031880,-0.785703,-0.126477,-9.698278,-0.996396,0.006925,0.000520,0.084538
5388,0.024674,-0.133842,9.919061,0.027978,-0.056058,-0.042563,-0.780280,-0.131706,-9.699508,-0.996395,0.006882,0.000570,0.084549
5389,0.028604,-0.134101,9.921182,0.034097,-0.057625,-0.048667,-0.777853,-0.137334,-9.701006,-0.996394,0.006865,0.000620,0.084562
5390,0.025400,-0.136259,9.921008,0.040197,-0.065291,-0.048667,-0.776847,-0.142615,-9.702600,-0.996393,0.006860,0.000667,0.084576
5391,0.024153,-0.136374,9.924601,0.041707,-0.068347,-0.045615,-0.776935,-0.145325,-9.704136,-0.996392,0.006863,0.000690,0.084590
5392,0.025283,-0.129962,9.923040,0.044773,-0.068345,-0.041037,-0.774277,-0.147432,-9.705554,-0.996391,0.006841,0.000710,0.084602
5393,0.027845,-0.125023,9.923436,0.057045,-0.062254,-0.033408,-0.766649,-0.150673,-9.706779,-0.996391,0.006777,0.000744,0.084613
5394,0.026182,-0.126449,9.923771,0.052543,-0.066843,-0.025779,-0.758139,-0.153873,-9.707754,-0.996390,0.006706,0.000778,0.084622
5395,0.024868,-0.128556,9.925559,0.049535,-0.068361,-0.028831,-0.752482,-0.155399,-9.708644,-0.996390,0.006658,0.000796,0.084630
5396,0.024449,-0.130443,9.923146,0.051074,-0.066814,-0.031882,-0.749645,-0.155821,-9.709631,-0.996389,0.006633,0.000801,0.084638
5397,0.025461,-0.138656,9.927642,0.043401,-0.062217,-0.030357,-0.751906,-0.156250,-9.710629,-0.996388,0.006653,0.000803,0.084647
5398,0.022626,-0.141967,9.927960,0.035674,-0.056084,-0.039511,-0.759426,-0.155644,-9.711743,-0.996387,0.006718,0.000792,0.084657
5399,0.027558,-0.143731,9.928535,0.046240,-0.046911,-0.050192,-0.768356,-0.155707,-9.713187,-0.996386,0.006796,0.000786,0.084669
5400,0.030478,-0.145430,9.927147,0.050701,-0.043878,-0.048666,-0.777304,-0.159008,-9.714787,-0.996384,0.006876,0.000808,0.084683
5401,0.033799,-0.141651,9.925873,0.044504,-0.037821,-0.044089,-0.784057,-0.164610,-9.716292,-0.996382,0.006939,0.000852,0.084697
5403,0.033547,-0.140032,9.925141,0.055132,-0.037875,-0.048667,-0.787234,-0.170775,-9.717806,-0.996381,0.006971,0.000903,0.084710
5404,0.037226,-0.134974,9.922667,0.055118,-0.042514,-0.037986,-0.786619,-0.177624,-9.719228,-0.996380,0.006971,0.000963,0.084723
5405,0.032371,-0.133361,9.916790,0.053613,-0.039507,-0.037987,-0.782998,-0.183024,-9.720481,-0.996379,0.006944,0.001012,0.084734
5406,0.031327,-0.133745,9.914723,0.056685,-0.047143,-0.037987,-0.779183,-0.185038,-9.721733,-0.996378,0.006912,0.001033,0.084745
5407,0.028206,-0.141142,9.913961,0.045983,-0.045597,-0.045617,-0.779441,-0.184799,-9.723100,-0.996377,0.006914,0.001030,0.084757
5408,0.021988,-0.137453,9.909141,0.030680,-0.045531,-0.050193,-0.782039,-0.180361,-9.724662,-0.996376,0.006933,0.000990,0.084770
5409,0.024059,-0.142516,9.911840,0.023004,-0.027136,-0.053243,-0.785414,-0.174172,-9.726356,-0.996375,0.006958,0.000933,0.084785
5410,0.024653,-0.139670,9.917871,0.026003,-0.024024,-0.051716,-0.789327,-0.169569,-9.728080,-0.996373,0.006989,0.000890,0.084800
5411,0.028081,-0.147268,9.920481,0.012200,-0.016362,-0.060872,-0.794877,-0.167330,-9.729929,-0.996372,0.007035,0.000867,0.084816
5412,0.027329,-0.144261,9.919737,0.012117,-0.017874,-0.066974,-0.801926,-0.166663,-9.732031,-0.996370,0.007096,0.000856,0.084834
5413,0.028496,-0.145957,9.923738,-0.044407,-0.011760,-0.053241,-0.808384,-0.166311,-9.734010,-0.996368,0.007152,0.000848,0.084851
5414,0.026086,-0.160098,9.921800,-0.142197,-0.033108,-0.016618,-0.823249,-0.165736,-9.735128,-0.996366,0.007281,0.000831,0.084861
5415,0.025097,-0.120803,9.918556,-0.007908,-0.040708,-0.041033,-0.825044,-0.164246,-9.736074,-0.996365,0.007295,0.000817,0.084869
5416,0.017986,-0.113637,9.914072,-0.000033,-0.043692,-0.048663,-0.803138,-0.159593,-9.737612,-0.996365,0.007102,0.000793,0.084882
5417,0.019215,-0.127326,9.917139,0.013897,-0.054282,-0.044084,-0.785210,-0.153080,-9.739182,-0.996365,0.006941,0.000749,0.084895
5418,0.020227,-0.128142,9.914146,0.166582,-0.061842,-0.068498,-0.773778,-0.148682,-9.741053,-0.996365,0.006838,0.000719,0.084911
5419,0.020200,-0.108479,9.913377,0.291868,-0.055681,-0.129535,-0.751765,-0.145574,-9.744363,-0.996364,0.006645,0.000709,0.084940
5420,0.019636,-0.149540,9.918042,0.151512,-0.064783,-0.108171,-0.741756,-0.142827,-9.748304,-0.996361,0.006555,0.000692,0.084974
5421,0.022015,-0.147001,9.925310,0.165063,-0.076951,-0.103592,-0.752883,-0.141642,-9.751762,-0.996358,0.006651,0.000673,0.085004
5422,0.023326,-0.126860,9.922636,0.169569,-0.070828,-0.102066,-0.753776,-0.142446,-9.755141,-0.996356,0.006660,0.000679,0.085033
5423,0.026782,-0.127940,9.925232,0.070414,-0.072358,-0.091385,-0.747094,-0.145263,-9.758341,-0.996354,0.006604,0.000709,0.085061
5424,0.023185,-0.129511,9.926857,0.049063,-0.072359,-0.073073,-0.743980,-0.147762,-9.761050,-0.996352,0.006579,0.000732,0.085085
5425,0.025616,-0.130637,9.925578,0.039899,-0.060142,-0.089859,-0.743274,-0.149154,-9.763736,-0.996350,0.006573,0.000745,0.085108
5426,0.023864,-0.128843,9.920482,0.024631,-0.052503,-0.091383,-0.743009,-0.150227,-9.766730,-0.996348,0.006572,0.000754,0.085134
5427,0.023318,-0.135005,9.922895,0.029177,-0.052480,-0.095961,-0.744901,-0.149996,-9.769822,-0.996345,0.006588,0.000751,0.085161
5428,0.023846,-0.136753,9.921222,0.041317,-0.050931,-0.094435,-0.749814,-0.149669,-9.772957,-0.996343,0.006631,0.000744,0.085188
5429,0.025490,-0.138785,9.925715,0.036658,-0.061601,-0.092908,-0.755712,-0.150472,-9.776036,-0.996340,0.006683,0.000746,0.085215
5430,0.019030,-0.138452,9.924392,0.054890,-0.072246,-0.066968,-0.761290,-0.149501,-9.778652,-0.996338,0.006730,0.000734,0.085238
5431,0.027781,-0.134413,9.928880,0.065524,-0.081377,-0.060863,-0.763617,-0.149853,-9.780737,-0.996336,0.006751,0.000735,0.085256
5432,0.021771,-0.132092,9.927680,0.059409,-0.085943,-0.054759,-0.762504,-0.151661,-9.782624,-0.996335,0.006743,0.000751,0.085273
5433,0.013056,-0.126553,9.928112,0.057911,-0.088911,-0.060862,-0.758030,-0.147060,-9.784518,-0.996334,0.006700,0.000714,0.085289
5434,0.017955,-0.128822,9.923024,0.057950,-0.078130,-0.065438,-0.752611,-0.140893,-9.786595,-0.996332,0.006649,0.000665,0.085307
5435,0.025314,-0.125584,9.933514,0.039674,-0.061313,-0.076119,-0.747787,-0.140376,-9.788932,-0.996331,0.006606,0.000664,0.085327
5436,0.012692,-0.134129,9.927520,0.041202,-0.018536,-0.066962,-0.746283,-0.137085,-9.791298,-0.996329,0.006591,0.000636,0.085347
5437,0.021085,-0.129232,9.922480,0.045758,0.015103,-0.063911,-0.746792,-0.130985,-9.793475,-0.996328,0.006591,0.000583,0.085366
5438,0.029161,-0.130372,9.920461,0.018286,0.005930,-0.057807,-0.746173,-0.132317,-9.795506,-0.996326,0.006586,0.000595,0.085383
5439,0.024742,-0.124395,9.921813,0.030511,0.005890,-0.047126,-0.743725,-0.135740,-9.797259,-0.996325,0.006568,0.000626,0.085399
5440,0.027043,-0.121994,9.909196,0.039722,0.007390,-0.059334,-0.737582,-0.137879,-9.799050,-0.996324,0.006516,0.000649,0.085415
5441,0.032663,-0.115811,9.912537,0.035234,-0.023189,-0.068490,-0.728333,-0.143533,-9.801198,-0.996323,0.006440,0.000705,0.085433
5442,0.017683,-0.124998,9.921445,0.015460,-0.052189,-0.083750,-0.721878,-0.145533,-9.803733,-0.996321,0.006385,0.000727,0.085456
5443,0.018995,-0.126241,9.923158,0.055132,-0.036865,-0.076119,-0.720730,-0.141254,-9.806377,-0.996319,0.006372,0.000691,0.085478
5444,0.019681,-0.135979,9.926808,0.038287,-0.038338,-0.086800,-0.724496,-0.137776,-9.809065,-0.996317,0.006402,0.000657,0.085502
5445,0.010386,-0.140228,9.927132,0.042741,-0.050457,-0.071540,-0.734304,-0.131377,-9.811659,-0.996315,0.006483,0.000594,0.085524
5446,0.013075,-0.145693,9.920445,0.045633,-0.048820,-0.068486,-0.747218,-0.123033,-9.813939,-0.996313,0.006589,0.000512,0.085543
5447,0.025652,-0.141288,9.916686,0.057694,-0.041165,-0.063908,-0.758701,-0.122259,-9.816097,-0.996310,0.006688,0.000497,0.085562
5448,0.017907,-0.138395,9.918949,0.054550,-0.041170,-0.056277,-0.765055,-0.124132,-9.818063,-0.996308,0.006745,0.000508,0.085579
5449,0.019194,-0.140609,9.914880,0.066684,-0.039618,-0.042544,-0.769639,-0.123096,-9.819678,-0.996307,0.006784,0.000495,0.085593
5450,0.027154,-0.136378,9.915737,0.068156,-0.033531,-0.042544,-0.772322,-0.125877,-9.821068,-0.996306,0.006809,0.000518,0.085605
5451,0.022746,-0.135723,9.921680,0.069658,-0.039668,-0.048649,-0.772253,-0.130061,-9.822569,-0.996305,0.006812,0.000554,0.085619
5452,0.021633,-0.134340,9.922742,0.084904,-0.041194,-0.048649,-0.770783,-0.131454,-9.824169,-0.996303,0.006800,0.000567,0.085633
5453,0.028641,-0.139088,9.923603,0.083348,-0.041218,-0.066960,-0.770646,-0.135008,-9.826071,-0.996302,0.006801,0.000598,0.085649
5454,0.027293,-0.137366,9.923937,0.071095,-0.042790,-0.073063,-0.772161,-0.140673,-9.828376,-0.996300,0.006819,0.000646,0.085670
5455,0.023159,-0.137994,9.928683,0.071057,-0.056537,-0.073063,-0.773274,-0.143524,-9.830781,-0.996298,0.006831,0.000670,0.085691
5456,0.027610,-0.136993,9.926594,0.069496,-0.065699,-0.073063,-0.774038,-0.146253,-9.833181,-0.996296,0.006839,0.000693,0.085712
5457,0.026697,-0.138188,9.924531,0.052677,-0.079453,-0.066961,-0.775077,-0.150480,-9.835474,-0.996294,0.006851,0.000728,0.085732
5458,0.020248,-0.136704,9.921278,0.043489,-0.094691,-0.070011,-0.776321,-0.151485,-9.837710,-0.996293,0.006863,0.000736,0.085752
5459,0.019837,-0.131717,9.919932,0.055697,-0.088528,-0.082218,-0.774568,-0.149287,-9.840206,-0.996291,0.006846,0.000718,0.085773
5460,0.024685,-0.133038,9.917493,0.054189,-0.076284,-0.083744,-0.771108,-0.148800,-9.842938,-0.996289,0.006816,0.000716,0.085797
5461,0.023164,-0.131986,9.922283,0.064883,-0.067110,-0.077640,-0.767990,-0.149595,-9.845600,-0.996287,0.006789,0.000726,0.085820
5462,0.024571,-0.132753,9.925323,0.070996,-0.065566,-0.079166,-0.764916,-0.150130,-9.848186,-0.996285,0.006763,0.000732,0.085843
5463,0.028946,-0.137323,9.925653,0.064871,-0.065574,-0.079166,-0.764597,-0.153039,-9.850790,-0.996284,0.006762,0.000758,0.085865
5464,0.028186,-0.134543,9.925754,0.067889,-0.080855,-0.065432,-0.765358,-0.157506,-9.853160,-0.996282,0.006772,0.000796,0.085886
5465,0.024794,-0.139619,9.924861,0.057164,-0.086954,-0.065431,-0.767212,-0.159976,-9.855292,-0.996280,0.006790,0.000816,0.085905
5466,0.026506,-0.138101,9.920912,0.038793,-0.093041,-0.077639,-0.770925,-0.161410,-9.857621,-0.996278,0.006824,0.000825,0.085925
5467,0.022433,-0.137832,9.920476,0.035695,-0.086904,-0.082216,-0.773829,-0.161537,-9.860233,-0.996276,0.006849,0.000824,0.085948
5468,0.021076,-0.134719,9.920082,0.038724,-0.067007,-0.077637,-0.774779,-0.158762,-9.862858,-0.996274,0.006855,0.000799,0.085971
5469,0.026102,-0.131093,9.925588,0.029579,-0.056287,-0.074585,-0.772594,-0.157257,-9.865370,-0.996272,0.006835,0.000787,0.085992
5470,0.020855,-0.124560,9.925598,0.037268,-0.047093,-0.080689,-0.766096,-0.155641,-9.867948,-0.996271,0.006777,0.000778,0.086015
5471,0.018266,-0.128446,9.926043,0.046490,-0.034813,-0.073058,-0.758820,-0.150508,-9.870507,-0.996269,0.006710,0.000739,0.086037
5472,0.027038,-0.127366,9.923428,0.060263,-0.036302,-0.079161,-0.753420,-0.148380,-9.873037,-0.996268,0.006662,0.000724,0.086058
5473,0.031713,-0.129242,9.925324,0.070970,-0.034810,-0.080688,-0.748911,-0.152620,-9.875692,-0.996266,0.006626,0.000764,0.086082
5474,0.026872,-0.135438,9.917780,0.067896,-0.030263,-0.088317,-0.748545,-0.156537,-9.878490,-0.996264,0.006626,0.000799,0.086106
5475,0.033014,-0.145449,9.917312,0.072369,-0.042501,-0.076111,-0.755589,-0.160544,-9.881189,-0.996261,0.006690,0.000828,0.086130
5476,0.032949,-0.143223,9.919716,0.073759,-0.048659,-0.082215,-0.765394,-0.166893,-9.883772,-0.996258,0.006780,0.000876,0.086153
5477,0.024559,-0.143960,9.920408,0.059911,-0.048663,-0.076111,-0.773478,-0.168901,-9.886359,-0.996256,0.006852,0.000887,0.086176
5478,0.020036,-0.138861,9.912964,0.064410,-0.062331,-0.068481,-0.778529,-0.164921,-9.888724,-0.996254,0.006893,0.000848,0.086196
5479,0.022143,-0.138450,9.916134,0.070472,-0.072937,-0.065427,-0.780059,-0.160448,-9.890914,-0.996252,0.006903,0.000808,0.086215
5480,0.024535,-0.129443,9.916036,0.068955,-0.057631,-0.068479,-0.776921,-0.158478,-9.893118,-0.996251,0.006874,0.000793,0.086234
5481,0.024965,-0.130625,9.912189,0.059844,-0.056078,-0.059323,-0.770713,-0.157935,-9.895233,-0.996250,0.006819,0.000793,0.086252
5482,0.026547,-0.124191,9.912565,0.055328,-0.059114,-0.054745,-0.763176,-0.158479,-9.897124,-0.996249,0.006754,0.000803,0.086269
5483,0.023727,-0.120920,9.922267,0.049324,-0.059093,-0.062375,-0.752586,-0.158526,-9.899073,-0.996248,0.006662,0.000812,0.086285
5484,0.024611,-0.119538,9.917702,0.047904,-0.052957,-0.062374,-0.741435,-0.157583,-9.901155,-0.996247,0.006565,0.000812,0.086303
5485,0.027593,-0.118549,9.917753,0.048003,-0.055997,-0.073056,-0.730933,-0.158337,-9.903412,-0.996246,0.006474,0.000826,0.086323
5486,0.026688,-0.125875,9.921248,0.063312,-0.062099,-0.065427,-0.724524,-0.160154,-9.905707,-0.996244,0.006420,0.000846,0.086343
5487,0.029796,-0.131649,9.919150,0.064812,-0.060579,-0.066953,-0.724770,-0.162805,-9.907880,-0.996243,0.006424,0.000869,0.086362
5488,0.035337,-0.136469,9.913598,0.066255,-0.052994,-0.051693,-0.730063,-0.168723,-9.909814,-0.996241,0.006474,0.000917,0.086379
5489,0.032669,-0.132864,9.920650,0.061592,-0.045415,-0.051694,-0.735513,-0.174986,-9.911493,-0.996239,0.006526,0.000967,0.086394
5490,0.025052,-0.137311,9.921246,0.053883,-0.051510,-0.047116,-0.740682,-0.175844,-9.913097,-0.996238,0.006572,0.000970,0.086408
5491,0.030968,-0.129995,9.919408,0.040094,-0.045384,-0.057797,-0.744177,-0.175433,-9.914808,-0.996236,0.006602,0.000964,0.086423
5492,0.029879,-0.131975,9.922164,0.041596,-0.049962,-0.059323,-0.744911,-0.177055,-9.916734,-0.996235,0.006610,0.000977,0.086440
5493,0.025875,-0.183580,9.926309,0.062683,-0.045359,-0.079159,-0.768102,-0.176376,-9.918944,-0.996232,0.006811,0.000954,0.086459
5494,0.027497,-0.177975,9.924639,0.280411,-0.051424,-0.109676,-0.805414,-0.174629,-9.921937,-0.996227,0.007134,0.000910,0.086486
5495,0.028572,-0.168532,9.923912,0.464693,-0.037669,-0.147822,-0.824990,-0.174123,-9.926113,-0.996223,0.007304,0.000891,0.086522
5496,0.021063,-0.156443,9.925797,0.519422,-0.029987,-0.158502,-0.826985,-0.170656,-9.931146,-0.996219,0.007319,0.000859,0.086565
5497,0.021929,-0.158289,9.925696,0.403314,-0.028380,-0.143241,-0.823940,-0.164452,-9.936123,-0.996216,0.007287,0.000807,0.086608
5498,0.027171,-0.103847,9.924459,0.397326,-0.040545,-0.127982,-0.800250,-0.161789,-9.940652,-0.996214,0.007079,0.000801,0.086647
5499,0.024264,-0.099264,9.921986,0.267998,-0.054254,-0.112724,-0.755288,-0.161227,-9.944738,-0.996213,0.006688,0.000830,0.086683
5500,0.025162,-0.111817,9.921911,-0.020122,-0.066429,-0.062368,-0.725899,-0.160455,-9.947700,-0.996213,0.006432,0.000846,0.086708
5501,0.029112,-0.120697,9.922727,-0.122242,-0.071000,-0.041005,-0.717871,-0.162144,-9.949422,-0.996212,0.006364,0.000866,0.086723
5502,0.027390,-0.123830,9.928968,0.038006,-0.064899,-0.057791,-0.716844,-0.164694,-9.951045,-0.996211,0.006357,0.000889,0.086737
5503,0.020742,-0.109886,9.927369,0.009086,-0.049600,-0.053213,-0.709604,-0.162944,-9.952889,-0.996210,0.006292,0.000879,0.086753
5504,0.024170,-0.135862,9.931348,-0.253367,-0.023601,0.012402,-0.713036,-0.159034,-9.953556,-0.996209,0.006319,0.000843,0.086759
5506,0.019095,-0.125825,9.932678,-0.174092,-0.018964,0.021559,-0.726679,-0.154306,-9.952965,-0.996209,0.006434,0.000791,0.086754
5507,0.018723,-0.131548,9.930758,-0.142084,-0.014307,0.035293,-0.735325,-0.147709,-9.952003,-0.996209,0.006504,0.000728,0.086745
5508,0.022665,-0.125340,9.925512,-0.111583,-0.017306,0.078020,-0.741089,-0.143473,-9.950103,-0.996210,0.006551,0.000686,0.086728
5509,0.017985,-0.163455,9.930096,-0.018659,-0.029466,0.108540,-0.757526,-0.139967,-9.946948,-0.996212,0.006692,0.000644,0.086701
5510,0.018444,-0.158754,9.935395,0.287752,-0.050768,0.097859,-0.780038,-0.135758,-9.943427,-0.996213,0.006884,0.000590,0.086670
5511,0.027496,-0.141506,9.930699,0.409664,-0.059915,0.143638,-0.782992,-0.136741,-9.939341,-0.996216,0.006911,0.000597,0.086634
5512,0.025610,-0.128033,9.931959,0.461552,-0.066046,0.187889,-0.767878,-0.141305,-9.933789,-0.996221,0.006783,0.000648,0.086586
5513,0.020790,-0.116611,9.930760,0.357905,-0.059935,0.203148,-0.743770,-0.142540,-9.927272,-0.996227,0.006574,0.000678,0.086530
5514,0.021844,-0.125999,9.933453,0.797466,-0.049221,0.296230,-0.716122,-0.141409,-9.918945,-0.996235,0.006333,0.000689,0.086457
5515,0.020930,-0.094541,9.924204,2.360170,-0.084287,0.522067,-0.649476,-0.140687,-9.905315,-0.996249,0.005753,0.000734,0.086338
5516,0.016774,-0.056090,9.925364,3.869655,-0.126969,0.757059,-0.514603,-0.139982,-9.884032,-0.996271,0.004579,0.000830,0.086152
5517,0.019236,-0.044747,9.926467,4.900018,-0.154389,1.281976,-0.335788,-0.140323,-9.850083,-0.996303,0.003025,0.000968,0.085856
5518,-0.013067,0.022286,9.914277,4.811965,-0.192384,4.680212,-0.133607,-0.131922,-9.750757,-0.996380,0.001260,0.001048,0.084990
5519,0.000672,0.051293,9.913977,2.537459,-0.259283,10.614535,0.046715,-0.117467,-9.495911,-0.996568,-0.000321,0.001055,0.082772
5520,-0.001776,0.069534,9.916300,0.473462,-0.289615,14.624667,0.148273,-0.110430,-9.075347,-0.996864,-0.001214,0.001063,0.079113
5521,0.017848,0.044610,9.926836,-2.251551,-0.342938,20.400293,0.143597,-0.114743,-8.491676,-0.997254,-0.001176,0.001091,0.074035
5522,0.004170,0.017887,9.937495,-3.534810,-0.483262,26.224751,0.049388,-0.124153,-7.714654,-0.997734,-0.000357,0.001110,0.067272
5523,0.027288,-0.024085,9.963921,-2.651442,-0.649552,28.905800,-0.068660,-0.139557,-6.795843,-0.998241,0.000670,0.001180,0.059271
5524,0.024161,-0.136317,9.966656,0.122126,-0.725868,28.193195,-0.164137,-0.162400,-5.844094,-0.998698,0.001503,0.001342,0.050979
5525,0.020963,-0.136397,9.963946,1.111617,-0.710582,26.960251,-0.221421,-0.180919,-4.924664,-0.999074,0.001998,0.001494,0.042965
5526,-0.006116,-0.119868,9.954982,2.417129,-0.684480,25.066580,-0.226611,-0.186351,-4.057342,-0.999370,0.002034,0.001555,0.035403
5527,0.004254,-0.062312,9.935394,2.671583,-0.604896,23.508614,-0.178194,-0.183836,-3.247612,-0.999596,0.001600,0.001560,0.028339
5528,0.008248,-0.107451,9.926896,1.520676,-0.488740,22.832630,-0.143131,-0.183220,-2.475129,-0.999765,0.001283,0.001572,0.021600
5529,-0.003780,0.064394,9.919047,0.640263,-0.450378,22.541178,-0.105385,-0.177914,-1.718901,-0.999886,0.000943,0.001539,0.015001
5530,-0.003438,0.061808,9.914360,-0.502044,-0.529474,26.862597,-0.050580,-0.170596,-0.895675,-0.999968,0.000453,0.001485,0.007817
5531,0.054509,-0.172979,9.848477,0.968638,-0.895665,38.825851,-0.073991,-0.190176,0.199176,-0.999997,0.000643,0.001661,-0.001737
5532,0.045512,-0.245100,9.861737,0.147777,-0.842395,39.745991,-0.189930,-0.228292,1.509051,-0.999910,0.001631,0.002014,-0.013165
5533,0.045703,-0.214327,9.851305,0.823783,-0.836361,38.908264,-0.314577,-0.256582,2.820400,-0.999691,0.002689,0.002306,-0.024604
5534,0.055307,-0.254665,9.848200,0.277639,-0.853210,40.133587,-0.427436,-0.282131,4.138285,-0.999338,0.003639,0.002595,-0.036096
5535,0.057949,-0.292934,9.860748,0.738469,-0.838026,38.734322,-0.554526,-0.305701,5.453432,-0.998853,0.004707,0.002895,-0.047559
5536,0.003528,-0.087059,9.926641,-0.675302,-0.502178,27.500463,-0.628072,-0.303655,6.557718,-0.998345,0.005320,0.002959,-0.057180
5537,0.012379,-0.060528,9.918426,0.245037,-0.556789,26.041679,-0.621109,-0.282659,7.450054,-0.997871,0.005248,0.002814,-0.064954
5538,0.017045,-0.060377,9.927427,0.440701,-0.567209,25.281769,-0.582817,-0.269092,8.305405,-0.997360,0.004903,0.002710,-0.072402
5539,0.009438,-0.020848,9.925752,1.651219,-0.544071,22.742630,-0.510293,-0.257553,9.105737,-0.996833,0.004261,0.002594,-0.079368
5540,0.007683,0.017242,9.918521,2.361444,-0.499552,21.025965,-0.386292,-0.245299,9.835063,-0.996312,0.003175,0.002422,-0.085714
5541,0.011176,0.031691,9.911321,2.551396,-0.456579,20.630747,-0.240986,-0.235361,10.529158,-0.995778,0.001906,0.002238,-0.091750
5542,-0.006037,0.080061,9.901858,1.880786,-0.392209,21.138880,-0.098256,-0.222087,11.225093,-0.995204,0.000664,0.002013,-0.097799
5543,-0.002709,0.206072,9.905119,-0.588441,-0.381210,24.994886,0.032600,-0.205946,11.993589,-0.994526,-0.000471,0.001758,-0.104473
5544,0.011390,0.291146,9.899633,-2.797668,-0.661745,36.936771,0.137935,-0.203556,13.025137,-0.993545,-0.001397,0.001628,-0.113423
5545,-0.062857,0.272016,9.913514,-4.961027,-1.195376,54.083591,0.176798,-0.198759,14.541286,-0.991956,-0.001750,0.001525,-0.126559
5546,-0.214375,0.232855,10.089200,-6.291549,-2.002879,73.475037,0.128003,-0.145856,16.666042,-0.989441,-0.001290,0.001098,-0.144928
5547,-0.110414,0.131241,10.018661,-5.619038,-2.677493,88.715973,0.023284,-0.103812,19.367382,-0.985751,-0.000353,0.000859,-0.168209
5548,-0.126451,-0.075344,10.011259,-3.539097,-3.222771,98.808434,-0.126251,-0.108974,22.490475,-0.980801,0.000895,0.001148,-0.195008
5549,-0.133868,-0.247431,10.004055,-1.983743,-3.383455,98.332359,-0.322697,-0.110185,25.773657,-0.974809,0.002531,0.001565,-0.223022
5550,-0.069310,-0.349401,9.991004,-0.287244,-3.194902,89.419441,-0.533738,-0.118349,28.900858,-0.968354,0.004253,0.002162,-0.249535
5551,0.074590,-0.405424,9.821910,0.807702,-2.653078,75.725777,-0.729670,-0.174656,31.652378,-0.962075,0.005710,0.003203,-0.272705
5552,-0.017941,-0.401980,9.902887,0.897118,-2.199903,63.773212,-0.902430,-0.224469,33.977501,-0.956335,0.006959,0.004174,-0.292160
5553,-0.009949,-0.353667,9.899787,0.953391,-1.767716,52.005295,-1.032821,-0.226494,35.907696,-0.951270,0.007965,0.004658,-0.308221
5554,-0.014250,-0.339190,9.918352,0.967358,-1.401125,42.080688,-1.123222,-0.216684,37.476501,-0.946955,0.008675,0.004939,-0.321212
5555,-0.009623,-0.235049,9.919398,0.943744,-1.123043,34.464802,-1.161223,-0.200659,38.752842,-0.943315,0.008978,0.005014,-0.331739
5556,-0.010406,-0.184289,9.924086,0.791066,-0.964014,29.920601,-1.143602,-0.184072,39.826328,-0.940167,0.008836,0.004909,-0.340563
5557,-0.010412,-0.135739,9.926865,0.727263,-0.896559,27.982681,-1.095518,-0.167903,40.791656,-0.937268,0.008450,0.004705,-0.348474
5558,-0.011362,-0.139229,9.929748,0.750561,-0.902363,28.528967,-1.036836,-0.153555,41.733765,-0.934376,0.007977,0.004475,-0.356172
5559,-0.019237,-0.164652,9.927134,1.010205,-0.918837,29.629164,-0.988660,-0.138741,42.703342,-0.931332,0.007595,0.004269,-0.364068
5560,-0.028053,-0.182184,9.940872,2.041745,-0.889492,29.589495,-0.938599,-0.120464,43.690632,-0.928163,0.007211,0.004024,-0.372081
5561,-0.027297,-0.148898,9.938880,4.124646,-0.867768,27.614954,-0.836605,-0.102494,44.644348,-0.925040,0.006414,0.003600,-0.379798
5562,-0.034871,-0.088231,9.930647,5.719493,-0.800264,25.135330,-0.651056,-0.086364,45.523785,-0.922107,0.004947,0.002893,-0.386892
5563,-0.035143,-0.021526,9.934102,6.478412,-0.686975,23.047869,-0.400796,-0.070628,46.327038,-0.919381,0.002973,0.001942,-0.393352
5564,-0.036530,0.083897,9.935277,6.544908,-0.587433,21.846968,-0.105183,-0.056606,47.075371,-0.916797,0.000644,0.000819,-0.399352
5565,-0.021261,0.116529,9.916319,5.622763,-0.547470,22.672495,0.190456,-0.050254,47.817356,-0.914191,-0.001697,-0.000273,-0.405280
5566,-0.024000,0.165016,9.917481,3.293638,-0.452633,24.415100,0.425041,-0.050332,48.602032,-0.911389,-0.003561,-0.001126,-0.411529
5567,-0.024104,0.158765,9.922676,0.657623,-0.389834,27.183125,0.560699,-0.050321,49.461800,-0.908271,-0.004628,-0.001648,-0.418354
5568,-0.023650,0.112435,9.919900,-1.159391,-0.394177,30.276178,0.584127,-0.051532,50.419212,-0.904743,-0.004803,-0.001764,-0.425927
5569,-0.012710,0.073847,9.913801,-2.750975,-0.421448,32.673405,0.514094,-0.057409,51.468109,-0.900809,-0.004259,-0.001497,-0.434192
5570,-0.005893,0.076354,9.920908,-4.588333,-0.502187,35.464317,0.377541,-0.069291,52.603466,-0.896467,-0.003222,-0.000918,-0.443098
5571,-0.004950,-0.110758,9.922567,-5.121562,-0.865239,43.249592,0.152594,-0.087400,53.915119,-0.891341,-0.001533,0.000076,-0.453331
5572,0.002880,-0.133284,9.925412,-3.712819,-1.150482,48.984016,-0.106380,-0.111899,55.452190,-0.885181,0.000367,0.001296,-0.465244
5573,0.005176,-0.148853,9.922719,-2.883761,-1.368593,52.003826,-0.314233,-0.139408,57.135220,-0.878251,0.001827,0.002380,-0.478190
5574,-0.004124,-0.176101,9.929482,-1.616627,-1.534766,54.556702,-0.475730,-0.161973,58.911224,-0.870731,0.002920,0.003272,-0.491739
5575,-0.016251,-0.183027,9.920723,0.119075,-1.653526,55.847637,-0.578223,-0.174829,60.751366,-0.862720,0.003582,0.003868,-0.505654
5576,-0.014189,-0.059089,9.913844,0.926074,-1.526554,52.179317,-0.585736,-0.180999,62.551792,-0.854669,0.003549,0.004004,-0.519145
5577,-0.017477,-0.055659,9.914017,0.381631,-1.436188,48.025753,-0.541089,-0.184109,64.221786,-0.847014,0.003145,0.003871,-0.531547
5578,-0.020428,-0.059552,9.914696,0.269001,-1.383941,45.381329,-0.509301,-0.183941,65.778542,-0.839716,0.002860,0.003761,-0.543005
5579,-0.023774,-0.140821,9.918921,0.113290,-1.304203,41.535995,-0.513557,-0.180714,67.227272,-0.832784,0.002859,0.003794,-0.553578
5580,-0.023114,-0.186611,9.926512,0.063918,-1.132903,35.153061,-0.563334,-0.173387,68.505676,-0.826555,0.003212,0.004018,-0.562832
5581,-0.028535,-0.209934,9.934782,0.672006,-0.905133,27.961378,-0.622209,-0.159688,69.557945,-0.821350,0.003665,0.004242,-0.570397
5582,-0.022167,-0.244150,9.934013,1.911688,-0.721630,21.769180,-0.661903,-0.142330,70.387169,-0.817199,0.004004,0.004344,-0.576325
5583,-0.018741,-0.185920,9.930204,3.366672,-0.544287,15.583082,-0.642680,-0.126112,71.010056,-0.814055,0.003926,0.004153,-0.580760
5584,-0.013254,-0.069578,9.926056,3.929683,-0.388317,10.993102,-0.526996,-0.107983,71.453163,-0.811806,0.003183,0.003450,-0.583908
5585,-0.012524,-0.027090,9.925247,4.212489,-0.316279,9.972260,-0.346007,-0.088484,71.802666,-0.810026,0.001993,0.002396,-0.586386
5586,-0.005278,-0.002532,9.922309,3.798022,-0.294667,10.513966,-0.160337,-0.074750,72.144119,-0.808277,0.000747,0.001351,-0.588801
5587,-0.009563,-0.043833,9.953176,2.633959,-0.285332,11.986484,-0.033931,-0.067536,72.519157,-0.806346,-0.000110,0.000650,-0.591444
5588,-0.007548,-0.056903,9.959389,1.506059,-0.271448,13.280470,0.012906,-0.063101,72.940323,-0.804166,-0.000418,0.000376,-0.594404
5589,-0.008731,-0.077623,9.962067,1.530004,-0.289619,13.704679,0.020679,-0.059909,73.390129,-0.801827,-0.000457,0.000311,-0.597556
5590,-0.004256,-0.157544,9.971372,1.483360,-0.313910,13.944249,-0.007490,-0.058885,73.851006,-0.799417,-0.000256,0.000450,-0.600776
5591,0.000424,-0.137923,9.968398,2.744231,-0.353495,13.497154,-0.033760,-0.061870,74.308456,-0.797013,-0.000091,0.000608,-0.603962
5592,-0.002835,-0.033484,9.933149,4.113889,-0.362551,11.827792,0.023951,-0.064783,74.730598,-0.794782,-0.000509,0.000322,-0.606895
5593,-0.025047,-0.013834,9.941498,4.548558,-0.324164,10.376637,0.148211,-0.055341,75.100708,-0.792817,-0.001320,-0.000405,-0.609458
5594,-0.018209,-0.003881,9.948226,4.456774,-0.281130,8.930059,0.277483,-0.038955,75.422516,-0.791101,-0.002124,-0.001212,-0.611681
5595,-0.019634,0.093238,9.943394,4.850538,-0.248824,6.805970,0.439143,-0.026010,75.684769,-0.789695,-0.003166,-0.002172,-0.613488
5596,-0.025863,0.127794,9.942477,3.415044,-0.169240,5.016058,0.613038,-0.013604,75.881790,-0.788634,-0.004292,-0.003196,-0.614840
5597,-0.028400,0.081405,9.956398,1.829672,-0.101843,4.521656,0.706313,0.003171,76.040718,-0.787777,-0.004839,-0.003818,-0.615930
5598,-0.008005,0.063291,9.956449,2.605963,-0.101660,4.929075,0.743766,0.014315,76.198204,-0.786929,-0.005031,-0.004103,-0.617010
5599,-0.008144,0.145133,9.943724,4.508584,-0.132115,6.549607,0.843656,0.013434,76.389465,-0.785893,-0.005714,-0.004644,-0.618319
5600,-0.014043,0.224385,9.942588,6.234857,-0.113721,8.484479,1.063389,0.012631,76.639946,-0.784527,-0.007212,-0.005840,-0.620025
5601,-0.015017,0.264830,9.954165,8.738132,-0.096818,10.890862,1.381243,0.012798,76.962784,-0.782754,-0.009366,-0.007588,-0.622214
5602,-0.010448,0.366859,9.952925,12.007504,-0.035690,13.622268,1.802657,0.007430,77.371185,-0.780492,-0.012239,-0.009883,-0.624968
5603,-0.015364,0.505473,9.950103,14.073229,0.116983,16.190397,2.340565,-0.001989,77.867828,-0.777709,-0.015898,-0.012821,-0.628293
5604,-0.013145,0.550450,9.951725,16.021517,0.370385,19.437561,2.950658,-0.012389,78.461418,-0.774347,-0.020012,-0.016200,-0.632237
5605,0.002584,0.641067,9.935532,17.981783,0.637469,21.966021,3.605203,-0.030752,79.151321,-0.770397,-0.024417,-0.019834,-0.636788
5606,0.006355,0.771668,9.911195,16.368345,0.967064,23.340879,4.266397,-0.056334,79.906387,-0.766026,-0.028849,-0.023526,-0.641731
5607,0.016342,0.858589,9.897919,13.189281,1.212710,23.821547,4.844543,-0.084875,80.692688,-0.761443,-0.032690,-0.026798,-0.646852
5609,0.014929,0.898427,9.890208,9.457515,1.441575,24.300686,5.278924,-0.113540,81.495354,-0.756758,-0.035534,-0.029309,-0.652071
5610,0.008931,0.948134,9.891670,5.227989,1.598783,24.456329,5.552413,-0.136066,82.309036,-0.752016,-0.037249,-0.030982,-0.657362
5611,-0.020646,0.950159,9.895948,1.201151,1.748521,25.124664,5.664777,-0.143185,83.136848,-0.747208,-0.037798,-0.031853,-0.662749
5612,-0.037888,0.904224,9.915144,0.418025,1.831304,26.580360,5.660357,-0.133874,84.000343,-0.742197,-0.037474,-0.032172,-0.668359
5613,-0.030332,0.834722,9.907971,0.693406,1.999573,28.902781,5.603769,-0.123276,84.926941,-0.736790,-0.036786,-0.032209,-0.674351
5614,-0.012005,0.816526,9.918710,1.032598,2.080759,29.914440,5.532410,-0.122464,85.909332,-0.731005,-0.036049,-0.032104,-0.680663
5615,-0.006671,0.794000,9.911509,0.701843,2.006209,27.900200,5.455132,-0.127057,86.875107,-0.725265,-0.035316,-0.031915,-0.686823
5616,0.017135,0.775404,9.916683,-0.729159,1.841527,25.179464,5.343727,-0.135766,87.762032,-0.719958,-0.034420,-0.031459,-0.692449
5617,0.027657,0.806016,9.904873,-2.814621,1.662996,22.518255,5.188406,-0.150184,88.559166,-0.715166,-0.033319,-0.030663,-0.697487
5618,-0.000585,0.882843,9.900928,-6.637555,1.557788,21.295980,4.984799,-0.154060,89.291336,-0.710751,-0.031883,-0.029603,-0.702097
5619,-0.017743,0.835941,9.880963,-11.665629,1.551940,23.107233,4.664264,-0.141474,90.033043,-0.706281,-0.029638,-0.027910,-0.706760
5620,-0.043024,0.847475,9.868427,-15.585671,1.553869,27.305019,4.213545,-0.118266,90.874443,-0.701189,-0.026530,-0.025468,-0.712027
5621,-0.048267,0.706054,9.880472,-19.173048,1.549782,33.120281,3.639058,-0.091288,91.882195,-0.695028,-0.022652,-0.022264,-0.718280
5622,-0.045788,0.548572,9.887994,-21.282248,1.444963,38.235149,2.930011,-0.067097,93.071754,-0.687664,-0.018012,-0.018154,-0.725578
5623,-0.032921,0.368422,9.904192,-21.238783,1.117272,41.221367,2.148977,-0.048585,94.395958,-0.679342,-0.013053,-0.013471,-0.733582
5624,0.007772,0.153828,9.945437,-19.390650,0.639820,41.853096,1.354698,-0.047016,95.780273,-0.670504,-0.008231,-0.008495,-0.741812
5625,0.025934,-0.040969,9.966346,-15.786674,0.200292,40.783424,0.606615,-0.062181,97.157372,-0.661579,-0.003909,-0.003611,-0.749856
5626,0.026735,-0.070931,9.956549,-11.125073,-0.184362,38.026077,0.009952,-0.080070,98.470802,-0.652953,-0.000586,0.000390,-0.757398
5627,0.030772,-0.113315,9.959250,-7.051900,-0.451516,34.694988,-0.389168,-0.097776,99.682846,-0.644904,0.001538,0.003146,-0.764256
5628,0.034334,-0.126870,9.958262,-3.445238,-0.607285,31.058706,-0.622575,-0.117176,100.778862,-0.637561,0.002676,0.004837,-0.770380
5629,0.004894,-0.017414,9.929998,-0.239157,-0.651543,26.645731,-0.675853,-0.128179,101.740662,-0.631071,0.002854,0.005281,-0.775702
5630,0.010212,0.012488,9.930990,0.185844,-0.587355,23.339048,-0.607158,-0.131012,102.573723,-0.625417,0.002422,0.004849,-0.780272
5631,0.012800,0.035737,9.936646,-0.077165,-0.527765,21.254635,-0.519268,-0.135266,103.316864,-0.620346,0.001885,0.004286,-0.784315
5632,0.010016,0.041361,9.932968,-0.532434,-0.547518,21.572023,-0.442774,-0.139630,104.030533,-0.615450,0.001418,0.003795,-0.788165
5633,0.008576,0.088148,9.937171,-0.784670,-0.596242,22.791237,-0.370436,-0.143980,104.769798,-0.610354,0.000978,0.003328,-0.792122
5634,-0.030229,0.346780,9.998887,-1.338040,-0.805040,27.607052,-0.221879,-0.140105,105.609406,-0.604534,0.000197,0.002282,-0.796576
5635,0.081053,0.360371,9.939779,-2.365132,-1.554276,40.313431,-0.024945,-0.177748,106.740814,-0.596639,-0.001115,0.001100,-0.802508
5636,0.093464,0.396582,9.941486,-3.523482,-1.388379,50.642410,0.129918,-0.266558,108.255699,-0.585974,-0.002549,0.000444,-0.810325
5637,-0.051067,0.261416,9.980873,-5.417908,-1.995573,61.630585,0.178373,-0.316549,110.125557,-0.572672,-0.003156,0.000306,-0.819778
5638,0.049640,0.234420,9.921789,-6.347132,-3.016050,70.514519,0.112620,-0.371769,112.326332,-0.556824,-0.003242,0.000990,-0.830624
5639,0.100764,-0.049743,9.836617,-3.935687,-3.368654,72.583672,-0.033619,-0.489989,114.710068,-0.539428,-0.003442,0.002554,-0.842021
5640,0.003403,-0.136302,9.891207,-0.976115,-2.457517,65.408775,-0.201990,-0.567500,117.009682,-0.522427,-0.003302,0.004090,-0.852668
5641,-0.013211,-0.267720,9.883379,1.503723,-2.775739,57.190155,-0.331613,-0.582750,119.053650,-0.507139,-0.002915,0.005073,-0.861844
5642,0.132739,-0.148873,9.853214,4.880945,-2.084210,45.295574,-0.349166,-0.628005,120.762741,-0.494229,-0.003258,0.005357,-0.869309
5643,0.035870,-0.191448,9.905300,6.958448,-0.991503,35.302303,-0.239954,-0.660094,122.106857,-0.483995,-0.004027,0.004620,-0.875049
5644,0.016543,-0.143600,9.927372,5.279088,-0.473598,29.900537,-0.123685,-0.625878,123.194481,-0.475664,-0.004291,0.003547,-0.879609
5645,0.010312,-0.042810,9.928228,3.430747,-0.761291,28.244917,-0.028707,-0.581522,124.164131,-0.468202,-0.004367,0.002597,-0.883607
5646,0.015948,0.080803,9.931778,2.301794,-0.777417,31.031256,0.077971,-0.548195,125.151939,-0.460564,-0.004560,0.001599,-0.887613
5647,0.022914,0.077634,9.925526,0.294218,-1.051518,38.723438,0.158922,-0.530197,126.313995,-0.451536,-0.004754,0.000852,-0.892240
5648,0.023500,0.068231,9.927366,-1.917997,-1.232596,45.027035,0.152970,-0.526219,127.709312,-0.440639,-0.004710,0.000825,-0.897672
5649,0.022949,-0.004623,9.928971,-2.142272,-1.387748,49.198910,0.073930,-0.528383,129.279388,-0.428302,-0.004443,0.001392,-0.903624
5650,0.014237,-0.077281,9.931031,-2.041998,-1.481831,50.392185,-0.050472,-0.529132,130.939209,-0.415173,-0.004018,0.002318,-0.909731
5651,0.017765,-0.170346,9.927094,-2.802817,-1.374470,50.573776,-0.228339,-0.523433,132.622391,-0.401772,-0.003382,0.003660,-0.915726
5652,0.026552,-0.171353,9.925570,-1.593816,-1.401439,46.998550,-0.411575,-0.515541,134.249252,-0.388736,-0.002749,0.005058,-0.921331
5653,0.038840,-0.084284,9.927517,0.259661,-1.526151,44.479256,-0.494540,-0.515233,135.774307,-0.376443,-0.002541,0.005691,-0.926419
5654,0.080018,-0.025796,9.924031,-0.115547,-1.643432,44.340397,-0.490541,-0.536393,137.254654,-0.364444,-0.002799,0.005692,-0.931204
5655,0.078618,0.000224,9.920691,-0.523972,-1.635718,44.756966,-0.468549,-0.571097,138.739380,-0.352349,-0.003223,0.005583,-0.935847
5656,0.022669,-0.020733,9.939487,0.039620,-1.917687,45.344444,-0.444518,-0.588955,140.240845,-0.340056,-0.003514,0.005396,-0.940383
5657,0.013477,-0.064330,9.937976,-0.564383,-2.092574,48.428341,-0.445473,-0.590128,141.803757,-0.327199,-0.003594,0.005358,-0.944933
5658,-0.007768,-0.156671,9.938890,-1.126163,-2.253606,51.420692,-0.512288,-0.584006,143.468369,-0.313440,-0.003438,0.005843,-0.949584
5659,-0.026742,-0.265033,9.922291,-0.829530,-2.365666,52.652134,-0.645236,-0.565958,145.204010,-0.299026,-0.003029,0.006850,-0.954216
5660,-0.001185,-0.184111,9.907502,-1.001331,-2.665454,51.178104,-0.773465,-0.554443,146.935699,-0.284575,-0.002718,0.007847,-0.958618
5661,0.049100,-0.239419,9.899265,-0.565562,-2.634410,50.352592,-0.874322,-0.571227,148.629089,-0.270381,-0.002736,0.008693,-0.962710
5662,0.065881,-0.229506,9.889424,0.631623,-2.209915,44.026112,-0.949458,-0.601013,150.203415,-0.257134,-0.002938,0.009355,-0.966326
5663,0.097822,-0.290305,9.878457,2.404005,-1.828294,36.138615,-0.980150,-0.633406,151.540939,-0.245840,-0.003255,0.009649,-0.969257
5664,0.085014,-0.220566,9.900837,3.471509,-1.262066,26.114820,-0.951900,-0.657614,152.579758,-0.237044,-0.003606,0.009430,-0.971447
5665,0.069632,-0.283257,9.915405,4.966304,-0.617878,19.245113,-0.875051,-0.654785,153.336792,-0.230618,-0.003799,0.008748,-0.972998
5666,0.076001,-0.160042,9.909811,5.489226,-0.208591,11.076848,-0.748680,-0.630930,153.842865,-0.226314,-0.003885,0.007610,-0.974017
5667,0.060077,-0.116486,9.924363,5.196270,-0.099833,6.341907,-0.571718,-0.595433,154.133286,-0.223837,-0.003948,0.006025,-0.974600
5668,0.037944,-0.010701,9.934319,4.091883,0.053232,3.320577,-0.384107,-0.552444,154.294113,-0.222461,-0.003955,0.004340,-0.974924
5669,0.038791,0.008846,9.931155,3.439378,-0.008891,3.697477,-0.206498,-0.511478,154.410675,-0.221463,-0.003954,0.002746,-0.975157
5670,0.032336,0.041079,9.931565,2.548878,-0.093866,4.858704,-0.050180,-0.470004,154.552872,-0.220247,-0.003904,0.001331,-0.975435
5671,0.024850,0.069340,9.932569,1.382290,-0.194034,7.997527,0.080686,-0.425974,154.766678,-0.218423,-0.003781,0.000125,-0.975847
5672,0.019996,0.088349,9.934726,0.029437,-0.416353,13.716691,0.159495,-0.394885,155.128204,-0.215341,-0.003665,-0.000617,-0.976532
5673,0.026538,0.133924,9.926664,-1.276103,-0.683045,21.198298,0.193361,-0.383846,155.709671,-0.210382,-0.003630,-0.000945,-0.977612
5674,-0.057503,0.118117,9.960243,-2.732674,-1.147854,32.072037,0.182578,-0.363434,156.596970,-0.202807,-0.003429,-0.000917,-0.979212
5675,-0.052656,-0.046587,9.960113,-3.568859,-1.502532,42.602444,0.072050,-0.332582,157.841248,-0.192166,-0.002969,-0.000059,-0.981358
5676,-0.056049,-0.121709,9.961432,-2.878379,-1.539854,46.446251,-0.112528,-0.308166,159.325409,-0.179444,-0.002469,0.001449,-0.983764
5677,-0.061036,-0.098536,9.960323,-2.061250,-1.546663,45.646671,-0.271714,-0.280552,160.860352,-0.166254,-0.002020,0.002745,-0.986077
5678,-0.060679,-0.168516,9.971217,-1.140309,-1.411577,42.867970,-0.396601,-0.248987,162.335739,-0.153546,-0.001616,0.003754,-0.988133
5679,0.034489,-0.215138,9.933648,0.558607,-1.064767,36.251560,-0.498577,-0.241740,163.654755,-0.142163,-0.001470,0.004607,-0.989831
5680,0.035510,-0.097768,9.939178,2.650084,-0.703068,28.318279,-0.501071,-0.256981,164.731216,-0.132859,-0.001642,0.004632,-0.991123
5681,0.034576,-0.024803,9.940798,4.276904,-0.721320,25.173346,-0.373222,-0.268960,165.622757,-0.125143,-0.001921,0.003525,-0.992131
5682,0.059337,-0.021592,9.932804,6.009207,-0.611462,24.698782,-0.171706,-0.288326,166.453857,-0.117940,-0.002322,0.001785,-0.993016
5683,0.061764,0.031842,9.928144,6.708458,-0.539833,23.581802,0.069972,-0.314843,167.258331,-0.110961,-0.002798,-0.000302,-0.993821
5684,0.040043,0.109926,9.936606,6.884514,-0.465052,22.214569,0.343906,-0.333537,168.021210,-0.104335,-0.003208,-0.002681,-0.994534
5685,0.039608,0.142608,9.934714,6.219863,-0.484772,22.272552,0.616574,-0.345020,168.762177,-0.097893,-0.003523,-0.005060,-0.995178
5686,0.051037,0.131477,9.925910,4.277748,-0.367177,22.454132,0.821866,-0.359771,169.507202,-0.091414,-0.003782,-0.006855,-0.995782
5687,0.038824,0.111069,9.936943,1.753843,-0.255669,21.778145,0.915484,-0.370673,170.244186,-0.085004,-0.003902,-0.007685,-0.996343
5688,0.036642,0.101329,9.931382,0.540412,-0.220388,21.944471,0.920188,-0.373485,170.972855,-0.078666,-0.003881,-0.007749,-0.996863
5689,0.051644,0.109408,9.930552,-0.760064,-0.201931,23.175892,0.876728,-0.379014,171.724854,-0.072124,-0.003851,-0.007392,-0.997361
5690,0.053099,0.090009,9.931828,-2.164320,-0.186578,23.363583,0.786419,-0.388348,172.500549,-0.065373,-0.003830,-0.006626,-0.997832
5691,0.047398,0.088719,9.929317,-2.216596,-0.223083,23.397156,0.672536,-0.394455,173.279938,-0.058588,-0.003780,-0.005657,-0.998259
5692,0.044001,0.101041,9.919827,-1.609505,-0.300746,24.733866,0.582789,-0.397632,174.082077,-0.051602,-0.003728,-0.004900,-0.998649
5693,0.049204,0.083548,9.933941,-2.403104,-0.332631,26.510042,0.499276,-0.402035,174.936035,-0.044161,-0.003697,-0.004198,-0.999009
5694,0.048357,0.035856,9.939821,-2.621558,-0.427090,28.570040,0.386901,-0.408414,175.854004,-0.036160,-0.003684,-0.003245,-0.999334
5695,0.050322,0.025872,9.937953,-1.974897,-0.553591,31.396055,0.273266,-0.416885,176.853455,-0.027446,-0.003702,-0.002284,-0.999614
5696,0.056565,-0.001120,9.938852,-2.059146,-0.651120,33.407227,0.168944,-0.429451,177.933548,-0.018027,-0.003774,-0.001406,-0.999829
5697,0.062048,-0.041168,9.938684,-2.135870,-0.754781,35.303955,0.051687,-0.445940,179.078873,-0.008036,-0.003895,-0.000420,-0.999960
5698,0.048599,-0.072333,9.928993,-1.107944,-0.872129,36.419411,-0.061065,-0.459584,-179.725479,0.002393,-0.004012,0.000523,-0.999989
5699,0.057993,-0.089284,9.908837,-0.250951,-0.911622,35.686970,-0.145437,-0.470927,-178.523376,0.012880,-0.004126,0.001216,-0.999908
5700,0.063248,-0.110271,9.888618,0.705211,-0.935894,35.465714,-0.201136,-0.485340,-177.337097,0.023228,-0.004275,0.001656,-0.999720
5701,0.066594,-0.124651,9.886784,1.723895,-0.952552,35.958595,-0.227978,-0.500955,-176.146210,0.033615,-0.004436,0.001841,-0.999423
5702,0.062632,-0.112182,9.883187,3.185142,-0.941722,35.769386,-0.209835,-0.514690,-174.950272,0.044044,-0.004568,0.001631,-0.999018
5703,0.079712,-0.119052,9.886044,3.160163,-0.863781,34.716503,-0.165549,-0.530367,-173.775055,0.054289,-0.004700,0.001191,-0.998514
5704,0.062437,-0.047419,9.891709,2.592150,-0.784294,33.573589,-0.113502,-0.542591,-172.636581,0.064208,-0.004789,0.000684,-0.997925
5706,0.052126,0.013881,9.915480,1.820085,-0.719949,33.353855,-0.045742,-0.543105,-171.521194,0.073921,-0.004756,0.000048,-0.997253
5707,0.046462,0.056325,9.926123,1.017802,-0.672322,33.871140,0.022772,-0.537065,-170.401108,0.083668,-0.004654,-0.000590,-0.996483
5708,0.065475,-0.029404,9.930403,0.091677,-0.647637,34.422001,0.040660,-0.535251,-169.263046,0.093561,-0.004617,-0.000790,-0.995603
5709,0.049681,-0.004866,9.937772,0.637794,-0.674848,35.191067,0.027265,-0.534788,-168.102768,0.103636,-0.004617,-0.000720,-0.994604
5710,0.056960,-0.025518,9.943856,2.191034,-0.734074,36.880272,0.049564,-0.533540,-166.901550,0.114058,-0.004576,-0.000961,-0.993463
5711,0.075656,-0.058856,9.934995,2.718653,-0.709469,36.488113,0.088208,-0.542080,-165.678574,0.124655,-0.004598,-0.001353,-0.992189
5712,0.080677,-0.063089,9.931722,2.614364,-0.645273,34.664631,0.118370,-0.556998,-164.492371,0.134920,-0.004677,-0.001679,-0.990844
5713,0.067384,0.063800,9.922629,2.060327,-0.550512,32.397110,0.173952,-0.565999,-163.374680,0.144580,-0.004668,-0.002216,-0.989480
5714,0.074008,0.096564,9.913033,0.846086,-0.464869,30.402721,0.247718,-0.569709,-162.328476,0.153611,-0.004581,-0.002900,-0.988117
5715,0.060207,0.105904,9.921799,-0.313150,-0.403606,28.916466,0.288852,-0.568500,-161.340332,0.162127,-0.004487,-0.003292,-0.986754
5716,0.046262,0.097683,9.932892,0.776761,-0.459739,29.432219,0.322951,-0.558540,-160.368317,0.170493,-0.004322,-0.003608,-0.985343
5717,0.044193,0.114882,9.934863,3.062980,-0.505138,31.266378,0.411743,-0.547112,-159.357132,0.179184,-0.004053,-0.004390,-0.983797
5718,0.054710,0.125963,9.943101,4.326855,-0.474285,32.889957,0.561494,-0.542562,-158.288376,0.188356,-0.003727,-0.005704,-0.982077
5719,0.046539,0.141480,9.954485,5.325164,-0.422086,34.031345,0.743664,-0.541780,-157.173553,0.197907,-0.003350,-0.007297,-0.980188
5720,0.073283,0.144178,9.950867,6.434724,-0.342492,35.223083,0.947754,-0.549409,-156.019791,0.207772,-0.002972,-0.009086,-0.978131
5721,0.068886,0.204586,9.947151,5.407974,-0.180573,34.704266,1.151583,-0.564168,-154.854874,0.217710,-0.002618,-0.010880,-0.975949
5722,0.059142,0.236147,9.943406,4.152413,-0.053686,34.566921,1.324205,-0.571814,-153.700974,0.227531,-0.002230,-0.012388,-0.973689
5723,0.045375,0.254372,9.957935,4.505118,0.025995,36.692528,1.476246,-0.571133,-152.513870,0.237608,-0.001781,-0.013697,-0.971263
5724,0.055404,0.320063,9.954471,6.634100,0.133161,41.529701,1.677275,-0.572657,-151.210876,0.248639,-0.001201,-0.015419,-0.968473
5725,0.037856,0.393960,9.951690,8.638237,0.356326,47.070316,1.970669,-0.577543,-149.735260,0.261092,-0.000375,-0.017915,-0.965148
5726,0.046108,0.464288,9.950590,11.587131,0.681765,53.634834,2.363298,-0.586359,-148.058151,0.275189,0.000756,-0.021234,-0.961155
5727,0.056003,0.497677,9.955030,14.583273,1.141428,59.289890,2.847217,-0.609314,-146.177490,0.290923,0.002141,-0.025316,-0.956409
5728,0.053032,0.584067,9.934531,18.391090,1.756730,64.041595,3.431391,-0.641777,-144.123291,0.308010,0.003895,-0.030208,-0.950895
5729,0.011678,0.883746,9.812098,19.771923,2.555336,67.423004,4.167886,-0.666253,-141.933975,0.326092,0.006366,-0.036270,-0.944621
5730,0.027894,0.979283,9.816025,16.989136,3.532598,71.510887,4.935644,-0.688902,-139.619949,0.345051,0.009224,-0.042485,-0.937576
5731,0.021152,1.050486,9.797662,13.525455,4.253500,72.835320,5.567107,-0.718848,-137.214523,0.364605,0.011879,-0.047502,-0.929874
5732,0.028744,1.116900,9.787763,9.785215,4.721127,72.855080,6.044009,-0.751905,-134.785599,0.384188,0.014217,-0.051186,-0.921725
5733,0.020566,1.169351,9.788095,4.741575,4.927863,70.785820,6.350224,-0.783042,-132.389999,0.403342,0.016113,-0.053428,-0.913346
5734,0.109115,0.811634,9.903205,1.014705,4.781863,66.699364,6.363513,-0.830766,-130.094696,0.421573,0.016852,-0.053375,-0.905066
5735,0.149563,0.844684,9.891932,0.728916,4.124267,57.299675,6.184063,-0.900254,-128.022308,0.437926,0.016584,-0.051922,-0.897357
5736,0.178469,0.823090,9.903955,0.684369,3.597726,50.074459,6.014252,-0.971430,-126.227036,0.451982,0.016172,-0.050616,-0.890443
5737,0.155505,0.949894,9.926379,0.515279,3.207059,44.547581,5.895245,-1.025024,-124.645081,0.464268,0.015974,-0.049687,-0.884156
5738,0.187150,0.915530,9.935469,0.439772,2.941567,40.714470,5.818965,-1.066782,-123.219910,0.475254,0.015954,-0.049072,-0.878334
5739,0.153154,1.018371,9.922441,0.405834,2.668513,36.867607,5.775398,-1.096574,-121.923416,0.485177,0.016097,-0.048683,-0.872911
5740,0.102430,0.966442,9.924654,0.507962,2.618589,36.393005,5.757614,-1.092686,-120.699501,0.494474,0.016568,-0.048357,-0.867688
5741,0.076792,0.989817,9.925701,0.442175,2.584214,36.119793,5.735226,-1.062122,-119.487999,0.503612,0.017210,-0.047876,-0.862430
5742,0.084273,0.893591,9.908107,0.472290,2.606342,36.476788,5.692139,-1.027451,-118.274757,0.512710,0.017783,-0.047214,-0.857078
5743,0.057918,0.840490,9.909078,0.578214,2.735312,38.353615,5.607422,-0.990030,-117.023476,0.522040,0.018190,-0.046217,-0.851474
5744,0.027276,0.898605,9.915616,0.632352,3.001773,41.983707,5.533425,-0.938901,-115.680397,0.531979,0.018764,-0.045218,-0.845341
5745,0.022741,0.937521,9.917733,0.648786,3.303402,46.118881,5.499762,-0.883312,-114.208313,0.542783,0.019591,-0.044464,-0.838467
5746,0.035529,0.919404,9.921622,0.685197,3.641557,50.620270,5.478616,-0.838794,-112.592171,0.554543,0.020436,-0.043815,-0.830749
5747,0.037429,0.898122,9.918694,0.694033,3.817849,53.176121,5.447937,-0.806457,-110.858086,0.567047,0.021177,-0.043121,-0.822284
5748,0.038549,0.975048,9.915160,0.639015,3.884216,54.198418,5.437613,-0.780416,-109.064590,0.579840,0.021982,-0.042579,-0.813320
5749,0.067418,0.908333,9.915479,0.686298,4.040468,56.484203,5.432706,-0.768896,-107.215981,0.592883,0.022722,-0.042125,-0.803865
5750,0.061398,0.909850,9.915848,0.669267,4.008927,55.988232,5.407886,-0.766791,-105.337227,0.605986,0.023293,-0.041563,-0.794047
5751,0.043150,0.885359,9.925335,0.632332,3.994249,55.840168,5.376603,-0.756597,-103.469154,0.618853,0.023868,-0.040909,-0.784077
5752,0.131819,0.745868,9.923292,0.707760,4.171579,58.045101,5.295568,-0.768509,-101.566002,0.631810,0.024017,-0.040026,-0.773717
5753,0.101760,0.731875,9.918200,0.616385,4.095396,56.931187,5.170070,-0.795614,-99.643967,0.644732,0.023798,-0.038934,-0.763046
5754,0.094158,0.773368,9.931220,0.451990,3.848469,53.731312,5.061349,-0.803647,-97.794174,0.656990,0.023747,-0.037877,-0.752573
5755,0.111360,0.744421,9.938951,0.338137,3.650359,51.163170,4.965807,-0.808565,-96.040886,0.668448,0.023735,-0.036919,-0.742463
5756,0.101836,0.805643,9.915378,0.323718,3.426289,48.152508,4.891562,-0.811530,-94.381004,0.679148,0.023808,-0.036114,-0.732725
5757,0.028799,0.998346,9.911675,0.195877,3.017881,42.749153,4.909435,-0.785303,-92.862968,0.688786,0.024558,-0.035751,-0.723667
5758,0.053910,1.146864,9.911785,0.195945,2.844623,40.689075,5.040979,-0.745943,-91.471123,0.697486,0.026037,-0.036031,-0.715218
5759,0.058583,1.114647,9.901702,0.258903,3.002341,43.040451,5.203371,-0.724034,-90.074776,0.706106,0.027610,-0.036578,-0.706622
5760,0.063145,1.059131,9.888781,0.246602,3.036388,43.478336,5.322542,-0.712690,-88.631332,0.714918,0.028881,-0.036882,-0.697637
5761,0.090107,1.070281,9.878278,-0.693788,2.850569,40.659897,5.397177,-0.714701,-87.227303,0.723393,0.029790,-0.036987,-0.688801
5762,0.077677,0.974436,9.886711,-4.733756,2.647905,37.167023,5.351879,-0.719003,-85.928169,0.731168,0.029892,-0.036405,-0.680569
5763,0.093542,0.734292,9.886353,-8.465187,2.390302,34.147198,5.067945,-0.717687,-84.736397,0.738279,0.028448,-0.034416,-0.673016
5764,0.079589,0.681456,9.857544,-13.479239,1.842767,26.598436,4.564875,-0.707180,-83.720284,0.744335,0.025546,-0.031168,-0.666589
5765,0.070023,0.501119,9.875143,-23.091249,1.632537,26.163540,3.788796,-0.681460,-82.837471,0.749602,0.020857,-0.026326,-0.661036
5766,0.057876,0.214309,9.953074,-30.407646,1.396426,29.070431,2.649550,-0.645464,-81.913376,0.755077,0.013769,-0.019407,-0.655204
5767,0.049562,0.122684,9.954463,-26.996960,0.794129,37.554585,1.427845,-0.608181,-80.800453,0.761509,0.006049,-0.012117,-0.648013
5768,0.062419,-0.064860,9.961761,-23.733816,0.210081,44.203049,0.357732,-0.579593,-79.436478,0.769193,-0.000831,-0.005885,-0.638989
5769,0.073721,-0.166378,9.993172,-19.064905,-0.285591,49.815422,-0.546097,-0.556315,-77.868507,0.777835,-0.006758,-0.000782,-0.628432
5770,0.079415,-0.170115,9.975570,-9.556428,-0.901905,51.255905,-1.137179,-0.537975,-76.183525,0.786948,-0.010706,0.002427,-0.616922
5771,0.083004,-0.094277,9.925449,-1.636773,-1.306175,51.327621,-1.330606,-0.530592,-74.473907,0.796045,-0.012046,0.003340,-0.605108
5772,0.094967,-0.156457,9.921474,-1.022714,-1.306149,49.102818,-1.333165,-0.534319,-72.800369,0.804796,-0.012131,0.003151,-0.593419
5773,0.077038,-0.114113,9.917796,-0.707685,-1.264904,45.988403,-1.314914,-0.536524,-71.215813,0.812927,-0.012055,0.002874,-0.582234
5774,0.056935,-0.193170,9.917977,0.081764,-1.220467,43.322605,-1.290030,-0.527539,-69.727432,0.820424,-0.011868,0.002658,-0.571627
5775,0.049143,-0.146214,9.930500,-0.264218,-1.160673,39.451340,-1.269220,-0.510920,-68.347824,0.827250,-0.011668,0.002533,-0.561708
5776,0.046416,-0.101721,9.926250,0.220206,-1.151214,39.339951,-1.217979,-0.493609,-67.034821,0.833638,-0.011240,0.002278,-0.552192
5777,0.045155,-0.132519,9.936060,-0.192610,-1.134130,37.322674,-1.164470,-0.478463,-65.757263,0.839749,-0.010801,0.002010,-0.542864
5778,0.049340,-0.081922,9.937102,0.192639,-1.092664,37.150246,-1.110257,-0.466803,-64.516197,0.845585,-0.010367,0.001726,-0.533738
5779,0.059648,0.012711,9.944419,-0.753788,-1.167236,37.447796,-1.024225,-0.463581,-63.273365,0.851331,-0.009732,0.001244,-0.524537
5780,0.054185,-0.025273,9.936335,-0.538871,-1.370013,43.578957,-0.940798,-0.467347,-61.923458,0.857458,-0.009138,0.000727,-0.514472
5781,0.059785,-0.110860,9.930972,0.041719,-1.398834,45.376492,-0.894916,-0.474229,-60.441029,0.864045,-0.008831,0.000355,-0.503338
5782,0.067288,-0.086536,9.927074,0.672361,-1.302570,43.049450,-0.856179,-0.484853,-58.967274,0.870449,-0.008586,-0.000006,-0.492184
5783,0.061770,-0.108254,9.932086,0.233287,-1.279547,40.554565,-0.817747,-0.495578,-57.573875,0.876371,-0.008337,-0.000354,-0.481564
5784,0.060749,-0.165114,9.925452,0.581258,-1.239702,40.151722,-0.810463,-0.502974,-56.228504,0.881965,-0.008306,-0.000538,-0.471242
5785,0.061007,-0.191529,9.925158,1.305804,-1.006052,34.913223,-0.814230,-0.505936,-54.976936,0.887058,-0.008341,-0.000637,-0.461582
5786,0.060951,-0.141973,9.939019,1.000432,-0.871579,29.557228,-0.802091,-0.504908,-53.902023,0.891350,-0.008236,-0.000755,-0.453241
5787,0.060384,-0.161534,9.939296,0.684482,-0.827133,28.518080,-0.790005,-0.502310,-52.933784,0.895149,-0.008125,-0.000851,-0.445693
5788,0.060610,-0.172620,9.934384,0.994036,-0.738436,26.577106,-0.788861,-0.498280,-52.015129,0.898693,-0.008094,-0.000889,-0.438502
5789,0.061180,-0.147685,9.936988,1.270062,-0.587182,22.644800,-0.773298,-0.492410,-51.194420,0.901812,-0.007942,-0.000960,-0.432054
5790,0.046738,-0.057773,9.935913,0.795734,-0.519812,19.789795,-0.723636,-0.480947,-50.487179,0.904466,-0.007502,-0.001103,-0.426479
5791,0.044491,-0.104297,9.929354,0.220812,-0.603457,21.474417,-0.680751,-0.466162,-49.799519,0.907012,-0.007101,-0.001189,-0.421043
5792,0.062430,-0.131216,9.925282,0.315447,-0.668866,23.528315,-0.675341,-0.459837,-49.049297,0.909750,-0.007027,-0.001204,-0.415096
5793,0.065187,-0.147056,9.932720,0.220684,-0.709947,25.107651,-0.686994,-0.462477,-48.238388,0.912664,-0.007121,-0.001234,-0.408648
5794,0.063536,-0.167560,9.934305,-0.101569,-0.824280,28.435698,-0.717689,-0.466961,-47.345558,0.915818,-0.007372,-0.001217,-0.401525
5795,0.081838,-0.208517,9.935575,0.007821,-0.927985,32.052143,-0.770535,-0.477901,-46.336826,0.919313,-0.007823,-0.001189,-0.393449
5796,0.074494,-0.193904,9.931673,0.039344,-0.892862,31.667618,-0.825585,-0.490983,-45.274181,0.922917,-0.008299,-0.001181,-0.384908
5797,0.043342,-0.139077,9.935198,0.094074,-0.877422,31.290716,-0.850565,-0.488901,-44.224472,0.926402,-0.008482,-0.001159,-0.376438
5798,0.034993,-0.160351,9.927986,-0.128743,-0.954914,32.419907,-0.862895,-0.473958,-43.162327,0.929852,-0.008523,-0.001076,-0.367834
5799,0.033775,-0.148171,9.925647,0.174875,-0.937775,32.015545,-0.874625,-0.457337,-42.088097,0.933259,-0.008556,-0.000984,-0.359101
5800,0.032241,-0.172774,9.923025,0.145810,-0.946588,31.774452,-0.884106,-0.441520,-41.024593,0.936552,-0.008576,-0.000905,-0.350423
5801,0.023387,-0.236178,9.917349,0.206470,-0.917234,33.262238,-0.920334,-0.422985,-39.940113,0.939824,-0.008809,-0.000726,-0.341544
5802,-0.019085,-0.273955,9.906785,-1.248451,-0.898398,32.731228,-1.009803,-0.387396,-38.839520,0.943056,-0.009435,-0.000258,-0.332500
5803,-0.026366,-0.188108,9.937662,-1.699061,-1.109831,34.818707,-1.107530,-0.339557,-37.713150,0.946273,-0.010104,0.000320,-0.323211
5804,0.032783,-0.246193,9.924170,0.261510,-1.344393,42.323219,-1.160701,-0.316350,-36.426945,0.949837,-0.010484,0.000544,-0.312568
5805,0.094183,-0.250528,9.952406,-0.961127,-1.500084,44.280983,-1.214206,-0.338204,-34.982887,0.953695,-0.010993,0.000370,-0.300575
5806,0.076940,-0.188619,9.965566,-0.088393,-1.857357,50.464027,-1.250232,-0.378624,-33.403160,0.957742,-0.011399,-0.000029,-0.287403
5807,0.108473,-0.101735,9.988710,1.473127,-2.081885,56.918686,-1.194887,-0.425897,-31.613123,0.962117,-0.011045,-0.000736,-0.272411
5809,0.123635,-0.151759,9.949578,1.400499,-2.027283,57.527519,-1.106693,-0.486241,-29.705605,0.966523,-0.010422,-0.001626,-0.256362
5810,0.074736,-0.140670,9.954811,-1.235914,-2.103722,52.830715,-1.085555,-0.532633,-27.866091,0.970513,-0.010313,-0.002230,-0.240817
5811,0.009056,-0.123025,9.927670,-0.423701,-2.127802,51.368885,-1.091519,-0.539622,-26.129120,0.974051,-0.010343,-0.002434,-0.226080
5812,0.038752,-0.150997,9.906945,-1.914159,-2.005231,44.662445,-1.111896,-0.533089,-24.528206,0.977113,-0.010470,-0.002485,-0.212450
5813,0.058353,-0.190130,9.882207,-1.144950,-1.898097,41.499210,-1.163576,-0.540671,-23.091530,0.979694,-0.010893,-0.002590,-0.200185
5814,0.056271,-0.207312,9.894139,-0.334701,-1.861218,41.622810,-1.203012,-0.551654,-21.705332,0.982040,-0.011217,-0.002751,-0.188321
5815,0.056729,-0.186371,9.908679,-0.073711,-1.772441,41.754047,-1.218285,-0.558237,-20.314964,0.984250,-0.011324,-0.002920,-0.176393
5816,0.056749,-0.201003,9.896422,1.337882,-1.566157,43.923916,-1.200990,-0.558299,-18.886400,0.986374,-0.011138,-0.003086,-0.164109
5817,0.001771,-0.225183,9.934645,3.480254,-1.017864,46.624817,-1.137369,-0.526929,-17.376835,0.988458,-0.010506,-0.003046,-0.151097
5818,-0.004683,-0.197804,9.939886,2.006148,-0.957665,44.236759,-1.064558,-0.468936,-15.862236,0.990378,-0.009766,-0.002771,-0.138013
5819,-0.014587,-0.226276,9.939652,1.870189,-0.876099,41.834965,-1.024588,-0.410973,-14.427442,0.992035,-0.009321,-0.002435,-0.125597
5820,-0.022440,-0.248127,9.931849,2.326037,-0.536660,35.387947,-0.999534,-0.350199,-13.140049,0.993387,-0.009015,-0.002038,-0.114439
5821,-0.023506,-0.224688,9.941535,1.783895,-0.328493,26.471977,-0.976217,-0.289140,-12.108773,0.994381,-0.008738,-0.001611,-0.105490
5822,0.022883,-0.176359,9.918646,0.530899,-0.483736,16.651131,-0.960009,-0.254394,-11.389844,0.995025,-0.008556,-0.001378,-0.099246
5823,0.021993,-0.223280,9.918258,1.151650,-0.247013,9.889760,-0.961036,-0.240767,-10.947240,0.995401,-0.008549,-0.001291,-0.095401
5824,0.024143,-0.162494,9.917432,1.206327,0.026317,2.865930,-0.945631,-0.223734,-10.734509,0.995578,-0.008399,-0.001172,-0.093552
5825,0.017579,-0.120962,9.916252,0.968506,0.095171,0.439711,-0.889398,-0.204101,-10.679521,0.995628,-0.007893,-0.001051,-0.093072
5826,0.019322,-0.135929,9.918126,0.417940,0.078565,-0.016539,-0.839989,-0.185012,-10.672596,0.995637,-0.007449,-0.000926,-0.093011
5827,0.019341,-0.139406,9.920303,0.198323,0.083281,-0.028745,-0.819283,-0.169892,-10.673419,0.995638,-0.007256,-0.000811,-0.093017
5828,0.015770,-0.149079,9.928214,0.163221,0.066621,-0.024165,-0.813712,-0.155990,-10.674335,0.995638,-0.007197,-0.000695,-0.093024
5829,0.014910,-0.152611,9.924712,0.251635,0.060642,0.006356,-0.814915,-0.142712,-10.674639,0.995638,-0.007196,-0.000578,-0.093026
5830,0.016604,-0.150275,9.921243,0.163031,0.050058,0.042979,-0.817014,-0.132099,-10.673820,0.995638,-0.007206,-0.000485,-0.093018
5831,0.012820,-0.141760,9.917540,-0.018599,0.033360,0.055187,-0.818719,-0.122820,-10.672194,0.995640,-0.007213,-0.000403,-0.093003
5832,0.019128,-0.150866,9.912855,-0.331461,-0.004729,0.125381,-0.828693,-0.117026,-10.669182,0.995641,-0.007295,-0.000344,-0.092977
5833,0.024101,-0.145021,9.902809,-0.441380,0.002891,0.195573,-0.846349,-0.117738,-10.663825,0.995645,-0.007449,-0.000337,-0.092930
5834,0.024691,-0.155466,9.905496,-0.446010,0.004378,0.151322,-0.865887,-0.121090,-10.658036,0.995648,-0.007622,-0.000350,-0.092880
5835,0.031543,-0.148468,9.905603,-0.252255,0.018040,0.062817,-0.880956,-0.127142,-10.654465,0.995650,-0.007758,-0.000391,-0.092850
5836,0.031472,-0.139245,9.909919,-0.069075,0.025572,-0.001274,-0.880079,-0.135110,-10.653461,0.995651,-0.007756,-0.000461,-0.092841
5837,0.026644,-0.147816,9.912382,0.108016,0.049926,-0.091304,-0.871801,-0.139402,-10.655042,0.995650,-0.007688,-0.000505,-0.092855
5838,0.023673,-0.147249,9.918472,0.220975,0.046860,-0.150816,-0.862784,-0.139066,-10.659110,0.995647,-0.007609,-0.000509,-0.092891
5839,0.031222,-0.148029,9.919455,0.108080,0.049880,-0.140135,-0.855107,-0.140421,-10.663988,0.995644,-0.007544,-0.000527,-0.092933
5840,0.025976,-0.151495,9.920934,0.036352,0.039157,-0.108091,-0.853584,-0.142811,-10.668146,0.995640,-0.007532,-0.000548,-0.092969
5841,0.027018,-0.166137,9.921227,0.013359,0.045241,-0.085202,-0.862162,-0.143161,-10.671365,0.995637,-0.007607,-0.000544,-0.092997
5842,0.027610,-0.157164,9.921218,0.068166,0.042165,-0.074520,-0.872135,-0.143955,-10.674020,0.995634,-0.007695,-0.000543,-0.093020
5843,0.032289,-0.155343,9.919129,0.013174,0.045168,-0.069943,-0.876060,-0.146946,-10.676435,0.995632,-0.007731,-0.000566,-0.093042
5844,0.026480,-0.152768,9.920464,-0.017371,0.028342,-0.072996,-0.878470,-0.149396,-10.678831,0.995630,-0.007754,-0.000585,-0.093063
5845,0.023435,-0.158178,9.920783,-0.009777,0.020719,-0.074521,-0.882003,-0.148008,-10.681292,0.995628,-0.007784,-0.000570,-0.093084
5846,0.028248,-0.153645,9.923511,0.045124,0.013088,-0.082151,-0.884409,-0.147560,-10.683905,0.995625,-0.007804,-0.000564,-0.093107
5847,0.030342,-0.149760,9.924142,0.046663,0.017631,-0.085204,-0.881760,-0.150291,-10.686704,0.995623,-0.007783,-0.000589,-0.093131
5848,0.029582,-0.147211,9.924483,0.048232,0.022169,-0.085205,-0.876286,-0.153276,-10.689565,0.995621,-0.007738,-0.000619,-0.093156
5849,0.033535,-0.145401,9.922864,0.052867,0.031273,-0.085206,-0.869438,-0.156990,-10.692432,0.995619,-0.007682,-0.000657,-0.093181
5850,0.033926,-0.147374,9.922634,0.031550,0.035785,-0.085207,-0.863875,-0.161857,-10.695301,0.995617,-0.007637,-0.000704,-0.093207
5851,0.034564,-0.146456,9.918908,0.017846,0.041825,-0.076052,-0.860309,-0.166354,-10.698014,0.995615,-0.007610,-0.000745,-0.093230
5852,0.030381,-0.147466,9.919076,0.004135,0.040260,-0.073000,-0.857947,-0.168540,-10.700524,0.995613,-0.007591,-0.000766,-0.093252
5853,0.029370,-0.146651,9.921948,0.007204,0.038726,-0.066897,-0.856273,-0.168020,-10.702880,0.995611,-0.007576,-0.000763,-0.093273
5854,0.027090,-0.151952,9.918907,0.002617,0.023475,-0.068422,-0.856871,-0.166229,-10.705148,0.995610,-0.007580,-0.000747,-0.093292
5855,0.028538,-0.146554,9.921330,-0.006546,0.018908,-0.066896,-0.857741,-0.164582,-10.707413,0.995608,-0.007586,-0.000732,-0.093312
5856,0.021895,-0.150066,9.919892,0.005662,0.015889,-0.065371,-0.857627,-0.161067,-10.709626,0.995606,-0.007583,-0.000701,-0.093331
5857,0.022574,-0.154022,9.918227,0.010205,0.011369,-0.063844,-0.860433,-0.155484,-10.711777,0.995604,-0.007602,-0.000650,-0.093349
5858,0.020272,-0.158851,9.916268,0.010131,0.008374,-0.077576,-0.866791,-0.150012,-10.714121,0.995602,-0.007653,-0.000597,-0.093369
5859,0.022001,-0.158785,9.921120,0.019197,0.029788,-0.074523,-0.874355,-0.144814,-10.716642,0.995599,-0.007715,-0.000546,-0.093391
5860,0.020262,-0.163932,9.922064,0.016042,0.038987,-0.066893,-0.882937,-0.139895,-10.718995,0.995597,-0.007785,-0.000496,-0.093411
5861,0.021440,-0.162975,9.922565,0.018986,0.042075,-0.054684,-0.892116,-0.135280,-10.721018,0.995595,-0.007861,-0.000448,-0.093428
5862,0.023377,-0.159422,9.926207,0.021966,0.045140,-0.060787,-0.897884,-0.132621,-10.722950,0.995593,-0.007909,-0.000420,-0.093445
5863,0.022942,-0.164769,9.928381,0.021899,0.048192,-0.062313,-0.903216,-0.131053,-10.725012,0.995591,-0.007954,-0.000402,-0.093463
5864,0.020308,-0.161584,9.924952,0.029459,0.043626,-0.063839,-0.908536,-0.128500,-10.727124,0.995589,-0.007998,-0.000375,-0.093481
5865,0.024715,-0.165359,9.922269,0.035500,0.035997,-0.068417,-0.913129,-0.127236,-10.729336,0.995587,-0.008037,-0.000360,-0.093500
5866,0.025799,-0.163723,9.920236,0.036961,0.037493,-0.083676,-0.917813,-0.128747,-10.731876,0.995584,-0.008079,-0.000370,-0.093522
5867,0.023967,-0.163799,9.914178,0.039962,0.038993,-0.077572,-0.921108,-0.129878,-10.734574,0.995582,-0.008109,-0.000377,-0.093546
5868,0.025320,-0.157491,9.913947,0.032317,0.034393,-0.071470,-0.921227,-0.130658,-10.737075,0.995580,-0.008111,-0.000383,-0.093568
5869,0.024737,-0.153291,9.917060,0.027779,0.032843,-0.079099,-0.916721,-0.131729,-10.739610,0.995578,-0.008072,-0.000396,-0.093590
5870,0.021641,-0.150932,9.913262,0.027845,0.035890,-0.088255,-0.909780,-0.131046,-10.742431,0.995576,-0.008011,-0.000395,-0.093614
5871,0.017703,-0.155523,9.916575,0.020262,0.037446,-0.082151,-0.904792,-0.127211,-10.745299,0.995574,-0.007965,-0.000366,-0.093639
5872,0.017900,-0.155730,9.919833,0.017225,0.035964,-0.089780,-0.902912,-0.122087,-10.748187,0.995572,-0.007944,-0.000323,-0.093664
5873,0.021245,-0.161961,9.918342,0.026357,0.035983,-0.095883,-0.904221,-0.119196,-10.751296,0.995570,-0.007953,-0.000296,-0.093690
5874,0.019962,-0.164083,9.917962,0.027820,0.037512,-0.086728,-0.909027,-0.117774,-10.754347,0.995567,-0.007994,-0.000280,-0.093717
5875,0.022428,-0.159676,9.925709,0.027773,0.040557,-0.079097,-0.912311,-0.117101,-10.757121,0.995564,-0.008022,-0.000271,-0.093741
5876,0.022968,-0.156516,9.926795,0.030822,0.039009,-0.079098,-0.911600,-0.117851,-10.759778,0.995562,-0.008017,-0.000278,-0.093764
5877,0.022770,-0.150356,9.926175,0.033917,0.032880,-0.082150,-0.906556,-0.118872,-10.762492,0.995560,-0.007974,-0.000291,-0.093788
5878,0.017976,-0.144957,9.929208,0.024857,0.032882,-0.086729,-0.897026,-0.117701,-10.765342,0.995559,-0.007890,-0.000288,-0.093812
5879,0.018129,-0.146472,9.928371,0.024958,0.037483,-0.089780,-0.887043,-0.114456,-10.768320,0.995557,-0.007800,-0.000268,-0.093838
5880,0.013327,-0.143902,9.926229,0.032677,0.035999,-0.085202,-0.877955,-0.109479,-10.771272,0.995555,-0.007717,-0.000232,-0.093863
5881,0.020327,-0.141827,9.920809,0.022092,0.039076,-0.095883,-0.868382,-0.106051,-10.774325,0.995553,-0.007631,-0.000210,-0.093889
5882,0.017156,-0.143884,9.918226,0.020646,0.043653,-0.079098,-0.860452,-0.104788,-10.777273,0.995551,-0.007561,-0.000205,-0.093915
5883,0.015545,-0.146028,9.915551,0.025270,0.039094,-0.074520,-0.855635,-0.101803,-10.779862,0.995550,-0.007517,-0.000183,-0.093937
5884,0.017838,-0.144027,9.912455,0.029881,0.045208,-0.082149,-0.851719,-0.099411,-10.782500,0.995548,-0.007481,-0.000165,-0.093960
5885,0.020967,-0.147787,9.915412,0.013113,0.048241,-0.072994,-0.849423,-0.099619,-10.785112,0.995546,-0.007461,-0.000169,-0.093983
5886,0.014376,-0.150687,9.918191,0.020723,0.037555,-0.063839,-0.850596,-0.098609,-10.787411,0.995544,-0.007471,-0.000159,-0.094003
5887,0.019154,-0.154056,9.922744,0.019148,0.039085,-0.076045,-0.854419,-0.097021,-10.789752,0.995542,-0.007503,-0.000142,-0.094023
5888,0.021746,-0.162365,9.925822,0.020572,0.039052,-0.069943,-0.862873,-0.098791,-10.792190,0.995539,-0.007578,-0.000150,-0.094044
5889,0.022811,-0.164072,9.928497,0.014330,0.029845,-0.057735,-0.874783,-0.102274,-10.794312,0.995537,-0.007684,-0.000170,-0.094063
5890,0.023362,-0.161033,9.928862,0.021844,0.032842,-0.063840,-0.884547,-0.106161,-10.796332,0.995534,-0.007772,-0.000196,-0.094081
5891,0.026210,-0.162814,9.932773,0.020227,0.032778,-0.074522,-0.892012,-0.110918,-10.798641,0.995532,-0.007841,-0.000231,-0.094101
5892,0.024376,-0.165664,9.929614,0.021654,0.032715,-0.072997,-0.900185,-0.115469,-10.801099,0.995529,-0.007915,-0.000264,-0.094123
5893,0.025316,-0.160551,9.925883,0.006320,0.037243,-0.077575,-0.906486,-0.118870,-10.803612,0.995527,-0.007973,-0.000288,-0.094145
5894,0.027018,-0.160993,9.924589,0.012383,0.038713,-0.082154,-0.909871,-0.122726,-10.806285,0.995524,-0.008006,-0.000319,-0.094168
5895,0.023699,-0.161767,9.922724,0.009292,0.024936,-0.085207,-0.913027,-0.125549,-10.809084,0.995521,-0.008035,-0.000340,-0.094193
5896,0.023441,-0.160723,9.922957,0.003155,0.024916,-0.085207,-0.915741,-0.126555,-10.811931,0.995519,-0.008060,-0.000347,-0.094218
5897,0.025594,-0.161951,9.924566,0.024490,0.020313,-0.071475,-0.917829,-0.128165,-10.814549,0.995517,-0.008079,-0.000359,-0.094241
5898,0.025241,-0.156933,9.927561,0.024485,0.021807,-0.065371,-0.917529,-0.130400,-10.816840,0.995515,-0.008078,-0.000378,-0.094261
5899,0.021566,-0.150839,9.926998,0.012327,0.017219,-0.065371,-0.912472,-0.130651,-10.819040,0.995513,-0.008035,-0.000384,-0.094280
5900,0.025318,-0.151363,9.925018,0.026131,0.026366,-0.068423,-0.905396,-0.130676,-10.821294,0.995512,-0.007973,-0.000390,-0.094299
5901,0.023485,-0.152710,9.920289,0.027709,0.033979,-0.053164,-0.899828,-0.131235,-10.823347,0.995511,-0.007925,-0.000400,-0.094317
5902,0.022403,-0.148106,9.915920,0.026238,0.037029,-0.060794,-0.893856,-0.130318,-10.825278,0.995510,-0.007873,-0.000396,-0.094334
5903,0.025607,-0.147336,9.917422,0.032414,0.037015,-0.063846,-0.886361,-0.130301,-10.827386,0.995508,-0.007808,-0.000402,-0.094352
5904,0.026618,-0.154161,9.920590,0.038551,0.032403,-0.066899,-0.882263,-0.132254,-10.829590,0.995507,-0.007774,-0.000422,-0.094371
5905,0.032218,-0.159760,9.920102,0.027833,0.029287,-0.063848,-0.884474,-0.137051,-10.831777,0.995505,-0.007797,-0.000462,-0.094391
5906,0.034334,-0.159584,9.922912,0.024717,0.029191,-0.069953,-0.889389,-0.144734,-10.834007,0.995502,-0.007846,-0.000525,-0.094411
5907,0.031380,-0.156366,9.925140,0.001786,0.029110,-0.077583,-0.892699,-0.151118,-10.836472,0.995500,-0.007880,-0.000577,-0.094432
5908,0.028641,-0.163536,9.922577,-0.008949,0.030594,-0.076058,-0.897666,-0.153960,-10.839034,0.995497,-0.007925,-0.000598,-0.094455
5909,0.024529,-0.158280,9.919839,-0.007479,0.027540,-0.076057,-0.903031,-0.153177,-10.841571,0.995495,-0.007971,-0.000586,-0.094477
5910,0.021139,-0.158212,9.922188,0.003178,0.038258,-0.074531,-0.905118,-0.148863,-10.844092,0.995493,-0.007986,-0.000547,-0.094499
5912,0.024117,-0.158146,9.923447,0.000111,0.032188,-0.073004,-0.906436,-0.144671,-10.846566,0.995491,-0.007994,-0.000509,-0.094520
5913,0.030275,-0.161981,9.924170,0.004659,0.024541,-0.069953,-0.909092,-0.145298,-10.848956,0.995489,-0.008018,-0.000512,-0.094541
5914,0.034802,-0.151074,9.923744,0.027555,0.021419,-0.069954,-0.907930,-0.150997,-10.851301,0.995487,-0.008012,-0.000563,-0.094561
5915,0.048044,-0.156109,9.916284,0.019960,0.035000,-0.074534,-0.903911,-0.163757,-10.853733,0.995485,-0.007988,-0.000677,-0.094583
5916,0.044430,-0.152239,9.913678,0.111542,0.031765,-0.077589,-0.899452,-0.179151,-10.856294,0.995483,-0.007962,-0.000814,-0.094607
5917,0.043905,-0.144946,9.909555,0.198590,0.034677,-0.083695,-0.887856,-0.190661,-10.859020,0.995481,-0.007871,-0.000923,-0.094631
5918,0.040254,-0.135105,9.912117,0.209413,0.039158,-0.089801,-0.868416,-0.198225,-10.861973,0.995480,-0.007708,-0.001005,-0.094657
5919,0.035997,-0.129146,9.910460,0.205025,0.046744,-0.082173,-0.844342,-0.200726,-10.864921,0.995479,-0.007501,-0.001046,-0.094682
5920,0.028030,-0.126092,9.919827,0.199119,0.043716,-0.076069,-0.819754,-0.197084,-10.867642,0.995478,-0.007284,-0.001035,-0.094706
5921,0.027617,-0.121104,9.918604,0.071139,0.034625,-0.074544,-0.797518,-0.190084,-10.870229,0.995478,-0.007085,-0.000992,-0.094728
5922,0.026653,-0.125627,9.923537,-0.030937,0.037738,-0.076068,-0.782406,-0.183379,-10.872804,0.995477,-0.006949,-0.000946,-0.094749
5923,0.028376,-0.138388,9.924683,-0.148387,0.045414,-0.068439,-0.781206,-0.177842,-10.875244,0.995475,-0.006934,-0.000899,-0.094770
5924,0.026616,-0.152484,9.927576,-0.383476,0.024087,-0.083697,-0.798705,-0.173432,-10.877767,0.995472,-0.007082,-0.000846,-0.094792
5925,0.025982,-0.156583,9.925646,-0.520979,0.002765,-0.083696,-0.829060,-0.169445,-10.880519,0.995467,-0.007342,-0.000786,-0.094816
5926,0.027049,-0.154823,9.924697,-0.530276,-0.007886,-0.077591,-0.859306,-0.166812,-10.883168,0.995463,-0.007603,-0.000738,-0.094839
5927,0.024481,-0.166753,9.923232,-0.643334,-0.024639,-0.073012,-0.891465,-0.164483,-10.885636,0.995459,-0.007880,-0.000691,-0.094860
5928,0.029239,-0.166241,9.916810,-0.504619,-0.024622,-0.077590,-0.923516,-0.163764,-10.888095,0.995455,-0.008158,-0.000658,-0.094882
5929,0.036045,-0.168353,9.912359,-0.193428,-0.009403,-0.074538,-0.944026,-0.168046,-10.890596,0.995451,-0.008340,-0.000678,-0.094904
5930,0.031439,-0.173444,9.912529,0.046052,0.016489,-0.079116,-0.954568,-0.172335,-10.893131,0.995448,-0.008435,-0.000706,-0.094926
5931,0.029744,-0.182773,9.914568,0.227504,0.045470,-0.092849,-0.961996,-0.172339,-10.895979,0.995445,-0.008500,-0.000700,-0.094951
5932,0.032440,-0.169110,9.913741,0.515806,0.074451,-0.086746,-0.958360,-0.171489,-10.898980,0.995443,-0.008467,-0.000695,-0.094977
5933,0.024717,-0.150738,9.915968,0.549437,0.085143,-0.083694,-0.935185,-0.167858,-10.901881,0.995443,-0.008263,-0.000683,-0.095002
5934,0.018931,-0.149560,9.917066,0.313051,0.074535,-0.071486,-0.908906,-0.158700,-10.904541,0.995442,-0.008027,-0.000625,-0.095024
5935,0.024456,-0.143855,9.919081,0.041560,0.048657,-0.059278,-0.891802,-0.150985,-10.906784,0.995442,-0.007872,-0.000572,-0.095043
5936,0.027606,-0.139361,9.920694,-0.234494,0.018147,-0.053174,-0.882637,-0.149225,-10.908709,0.995441,-0.007791,-0.000564,-0.095060
5937,0.028136,-0.148796,9.918075,-0.383944,0.001344,-0.050123,-0.884681,-0.150556,-10.910456,0.995439,-0.007810,-0.000574,-0.095075
5938,0.030946,-0.163390,9.920449,-0.380923,-0.001743,-0.047072,-0.900108,-0.153697,-10.912068,0.995437,-0.007947,-0.000588,-0.095089
5939,0.033588,-0.165191,9.921947,-0.149074,0.011933,-0.057753,-0.917383,-0.158683,-10.913792,0.995434,-0.008101,-0.000617,-0.095105
5940,0.033666,-0.162743,9.922425,0.001928,0.034759,-0.066910,-0.925529,-0.163633,-10.915865,0.995432,-0.008176,-0.000653,-0.095123
5941,0.028532,-0.170883,9.920664,0.049163,0.042358,-0.059280,-0.930939,-0.165143,-10.917971,0.995430,-0.008224,-0.000662,-0.095142
5942,0.027948,-0.173676,9.922347,0.093303,0.045412,-0.068436,-0.938543,-0.163516,-10.920094,0.995427,-0.008289,-0.000641,-0.095160
5943,0.028990,-0.171095,9.922359,0.064209,0.039308,-0.074539,-0.944998,-0.162149,-10.922474,0.995425,-0.008344,-0.000624,-0.095181
5944,0.025200,-0.172692,9.920729,0.013769,0.025585,-0.082168,-0.951311,-0.160152,-10.925081,0.995422,-0.008397,-0.000601,-0.095203
5945,0.024116,-0.163811,9.912132,0.114440,0.027142,-0.077590,-0.952748,-0.156513,-10.927748,0.995420,-0.008406,-0.000568,-0.095226
5946,0.027622,-0.162256,9.908457,0.236530,0.039365,-0.086746,-0.945459,-0.154131,-10.930510,0.995418,-0.008341,-0.000553,-0.095250
5947,0.028398,-0.163425,9.905581,0.137358,0.024094,-0.088272,-0.938106,-0.154119,-10.933446,0.995416,-0.008277,-0.000559,-0.095275
5948,0.029499,-0.173297,9.905384,0.082371,0.019495,-0.083694,-0.939231,-0.155434,-10.936311,0.995414,-0.008288,-0.000569,-0.095300
5949,0.030074,-0.163276,9.905612,0.195233,0.031672,-0.088272,-0.939793,-0.157252,-10.939178,0.995411,-0.008295,-0.000584,-0.095325
5950,0.027006,-0.164571,9.911946,0.265411,0.045391,-0.098953,-0.933346,-0.157318,-10.942314,0.995409,-0.008239,-0.000590,-0.095353
5951,0.027400,-0.164638,9.918099,0.242497,0.046917,-0.102005,-0.927053,-0.155818,-10.945682,0.995407,-0.008183,-0.000582,-0.095382
5952,0.027090,-0.155420,9.922409,0.239456,0.054546,-0.097428,-0.918111,-0.154296,-10.949035,0.995405,-0.008104,-0.000576,-0.095411
5953,0.020736,-0.150281,9.925776,0.205952,0.043892,-0.106583,-0.904651,-0.150158,-10.952477,0.995403,-0.007983,-0.000551,-0.095440
5954,0.020413,-0.153194,9.926139,0.056471,0.030215,-0.095901,-0.894933,-0.143954,-10.955884,0.995401,-0.007894,-0.000505,-0.095469
5955,0.023119,-0.164850,9.932962,-0.114462,0.008888,-0.089797,-0.898548,-0.140129,-10.958982,0.995398,-0.007922,-0.000468,-0.095496
5956,0.016936,-0.160426,9.933442,-0.097746,0.004354,-0.074536,-0.908272,-0.135971,-10.961710,0.995395,-0.008003,-0.000424,-0.095519
5957,0.013687,-0.158632,9.932536,-0.012321,0.005963,-0.071484,-0.912607,-0.128377,-10.964142,0.995393,-0.008035,-0.000354,-0.095540
5958,0.018512,-0.160983,9.932750,0.013600,0.028918,-0.077586,-0.914279,-0.121937,-10.966632,0.995391,-0.008044,-0.000297,-0.095561
5959,0.019967,-0.161078,9.931692,0.059353,0.042674,-0.082164,-0.915368,-0.118659,-10.969308,0.995389,-0.008050,-0.000267,-0.095584
5960,0.022153,-0.156081,9.924611,0.158537,0.051828,-0.091319,-0.911770,-0.117314,-10.972223,0.995387,-0.008018,-0.000258,-0.095609
5961,0.027760,-0.153072,9.923500,0.082276,0.048733,-0.097423,-0.904569,-0.119600,-10.975403,0.995384,-0.007957,-0.000284,-0.095637
5962,0.032463,-0.162648,9.922644,0.012079,0.050166,-0.088270,-0.903476,-0.126309,-10.978522,0.995382,-0.007954,-0.000343,-0.095665
5963,0.030663,-0.158635,9.918746,0.198201,0.037860,-0.074537,-0.903514,-0.133781,-10.981252,0.995379,-0.007960,-0.000408,-0.095689
5964,0.031991,-0.153933,9.921892,0.268396,0.036250,-0.071487,-0.895591,-0.140214,-10.983705,0.995378,-0.007897,-0.000470,-0.095711
5965,0.030077,-0.155243,9.922945,0.198215,0.036179,-0.053177,-0.886763,-0.145366,-10.985806,0.995377,-0.007824,-0.000522,-0.095729
5966,0.030625,-0.160582,9.923450,0.243959,0.045281,-0.053178,-0.882467,-0.148901,-10.987592,0.995375,-0.007790,-0.000556,-0.095745
5967,0.027480,-0.149821,9.923126,0.372117,0.043720,-0.063860,-0.873907,-0.150536,-10.989558,0.995374,-0.007717,-0.000577,-0.095762
5968,0.025270,-0.144983,9.921990,0.318756,0.049820,-0.066912,-0.858321,-0.149394,-10.991773,0.995373,-0.007581,-0.000580,-0.095781
5969,0.027708,-0.148425,9.922524,0.224179,0.062023,-0.071489,-0.846410,-0.148012,-10.994114,0.995372,-0.007476,-0.000578,-0.095801
5970,0.024672,-0.150948,9.919342,0.205848,0.055915,-0.077594,-0.841043,-0.146463,-10.996623,0.995371,-0.007428,-0.000569,-0.095823
5971,0.023138,-0.143880,9.919057,0.184474,0.052878,-0.079119,-0.835688,-0.143312,-10.999257,0.995369,-0.007379,-0.000546,-0.095846
5972,0.024855,-0.147912,9.920302,-0.071890,0.060518,-0.071489,-0.834445,-0.140514,-11.001793,0.995367,-0.007366,-0.000522,-0.095868
5973,0.029581,-0.162469,9.922832,-0.392435,0.036078,-0.056230,-0.851337,-0.141222,-11.003921,0.995364,-0.007513,-0.000514,-0.095886
5974,0.026446,-0.168819,9.921947,-0.400255,0.025361,-0.040971,-0.881572,-0.143354,-11.005513,0.995360,-0.007778,-0.000507,-0.095900
5975,0.030069,-0.170150,9.921412,-0.350087,0.034482,-0.042497,-0.910903,-0.145509,-11.006878,0.995357,-0.008034,-0.000502,-0.095912
5976,0.029348,-0.170163,9.921520,-0.388379,0.031385,-0.045549,-0.936153,-0.148501,-11.008327,0.995354,-0.008256,-0.000506,-0.095925
5977,0.023867,-0.172017,9.921063,-0.217582,0.034426,-0.062335,-0.955911,-0.148428,-11.010118,0.995351,-0.008428,-0.000489,-0.095941
5978,0.022560,-0.165401,9.922109,0.125704,0.057339,-0.083697,-0.961658,-0.144775,-11.012567,0.995349,-0.008474,-0.000452,-0.095962
5979,0.020876,-0.153467,9.919038,0.252420,0.065003,-0.094378,-0.949639,-0.139608,-11.015582,0.995347,-0.008366,-0.000417,-0.095988
5980,0.018248,-0.149302,9.922716,0.156421,0.060475,-0.086749,-0.930603,-0.133182,-11.018664,0.995346,-0.008195,-0.000377,-0.096014
5981,0.019757,-0.150232,9.918649,0.081777,0.043734,-0.085222,-0.915343,-0.127493,-11.021582,0.995345,-0.008058,-0.000340,-0.096039
5982,0.024301,-0.150141,9.919333,-0.040204,0.030006,-0.089800,-0.906318,-0.125845,-11.024537,0.995343,-0.007978,-0.000333,-0.096064
5983,0.024166,-0.146668,9.916913,-0.281211,0.022354,-0.071490,-0.903632,-0.127011,-11.027256,0.995341,-0.007956,-0.000346,-0.096088
5984,0.019870,-0.150574,9.919495,-0.633623,-0.005114,-0.050127,-0.911902,-0.126869,-11.029304,0.995339,-0.008027,-0.000337,-0.096106
5985,0.024297,-0.157941,9.918990,-1.065432,-0.043263,-0.022660,-0.937695,-0.127785,-11.030507,0.995336,-0.008252,-0.000323,-0.096117
5986,0.025112,-0.182245,9.919543,-1.331039,-0.058548,0.000229,-0.986275,-0.131791,-11.030830,0.995332,-0.008677,-0.000317,-0.096120
5987,0.025755,-0.182023,9.916181,-1.120611,-0.058577,0.006333,-1.040650,-0.136308,-11.030656,0.995328,-0.009154,-0.000311,-0.096119
5988,0.023180,-0.185570,9.915298,-0.890278,-0.049433,0.000229,-1.081431,-0.139202,-11.030493,0.995324,-0.009510,-0.000302,-0.096118
5989,0.029244,-0.200342,9.916648,-0.841537,-0.054034,-0.016557,-1.118355,-0.142982,-11.030714,0.995321,-0.009834,-0.000304,-0.096120
5990,0.026354,-0.208076,9.916855,-0.579212,-0.037281,-0.039446,-1.154001,-0.147445,-11.031585,0.995317,-0.010147,-0.000313,-0.096128
5991,0.029144,-0.200294,9.923757,-0.087934,-0.000683,-0.065387,-1.171559,-0.150366,-11.033300,0.995314,-0.010302,-0.000323,-0.096143
5992,0.028109,-0.199353,9.928193,0.209636,0.026756,-0.080647,-1.168100,-0.152426,-11.035746,0.995312,-0.010274,-0.000344,-0.096165
5993,0.026424,-0.190192,9.928021,0.249387,0.032850,-0.091328,-1.153553,-0.152380,-11.038651,0.995311,-0.010148,-0.000355,-0.096190
5994,0.027135,-0.187979,9.926342,0.348688,0.046579,-0.092855,-1.133132,-0.151437,-11.041775,0.995310,-0.009970,-0.000364,-0.096217
5995,0.032431,-0.182051,9.927388,0.599066,0.060280,-0.114219,-1.105987,-0.152718,-11.045288,0.995310,-0.009735,-0.000398,-0.096247
5996,0.029451,-0.171540,9.924176,0.567187,0.066339,-0.112695,-1.071669,-0.154655,-11.049153,0.995309,-0.009438,-0.000443,-0.096281
5997,0.028343,-0.169235,9.923910,0.063806,0.041902,-0.079125,-1.045363,-0.154879,-11.052425,0.995309,-0.009210,-0.000467,-0.096309
5998,0.038644,-0.187067,9.925344,-0.239802,0.025052,-0.054711,-1.043768,-0.159588,-11.054690,0.995307,-0.009200,-0.000509,-0.096329
5999,0.035882,-0.180702,9.927810,-0.110127,0.041741,-0.044032,-1.052099,-0.167176,-11.056348,0.995305,-0.009279,-0.000568,-0.096344
6000,0.027874,-0.174451,9.928372,-0.195539,0.040182,-0.019618,-1.053705,-0.168914,-11.057444,0.995304,-0.009294,-0.000581,-0.096354
6001,0.031262,-0.187463,9.922198,-0.325229,0.023392,0.000219,-1.061124,-0.168253,-11.057789,0.995303,-0.009358,-0.000569,-0.096357
6002,0.033038,-0.193719,9.921521,-0.047583,0.037097,-0.013514,-1.073796,-0.169805,-11.058011,0.995301,-0.009470,-0.000572,-0.096359
6003,0.026231,-0.178950,9.921845,0.271322,0.050827,-0.031826,-1.071333,-0.168665,-11.058789,0.995301,-0.009447,-0.000564,-0.096366
6004,0.027199,-0.185697,9.919469,0.108081,0.038645,-0.039455,-1.062053,-0.164951,-11.060014,0.995301,-0.009364,-0.000540,-0.096376
6005,0.032357,-0.195715,9.920791,0.011891,0.037110,-0.042507,-1.065244,-0.164486,-11.061388,0.995299,-0.009391,-0.000533,-0.096388
6006,0.029780,-0.186892,9.924700,-0.026326,0.041663,-0.042507,-1.071607,-0.165396,-11.062811,0.995298,-0.009447,-0.000535,-0.096400
6007,0.027246,-0.193694,9.924188,-0.314776,0.035560,-0.030300,-1.081794,-0.164078,-11.064034,0.995296,-0.009534,-0.000515,-0.096411
6009,0.030756,-0.213756,9.924901,-0.552986,0.038608,-0.019617,-1.111144,-0.163256,-11.064845,0.995293,-0.009789,-0.000483,-0.096418
6010,0.035797,-0.212855,9.923544,-0.356366,0.055346,-0.022669,-1.146521,-0.165965,-11.065520,0.995289,-0.010098,-0.000477,-0.096424
6011,0.036329,-0.204375,9.919799,-0.042152,0.079688,-0.033351,-1.164515,-0.170274,-11.066465,0.995287,-0.010258,-0.000499,-0.096433
6012,0.035306,-0.201242,9.921219,-0.065067,0.088778,-0.037931,-1.168644,-0.173296,-11.067702,0.995285,-0.010296,-0.000522,-0.096444
6013,0.037595,-0.199933,9.919088,-0.295468,0.078033,-0.022673,-1.173419,-0.176342,-11.068772,0.995284,-0.010340,-0.000544,-0.096454
6014,0.035059,-0.196851,9.917348,-0.446492,0.064241,-0.010467,-1.182016,-0.179231,-11.069385,0.995282,-0.010418,-0.000562,-0.096459
6015,0.034615,-0.205835,9.915313,-0.412898,0.053521,-0.007416,-1.194159,-0.180794,-11.069730,0.995281,-0.010524,-0.000565,-0.096462
6016,0.034159,-0.207473,9.915308,-0.254212,0.045859,-0.001313,-1.206161,-0.181938,-11.069907,0.995280,-0.010630,-0.000565,-0.096464
6017,0.032399,-0.210414,9.915524,0.043333,0.050419,0.000213,-1.210730,-0.181968,-11.069956,0.995279,-0.010669,-0.000561,-0.096465
6018,0.033734,-0.208605,9.921087,0.440071,0.059560,-0.013521,-1.202922,-0.181493,-11.070215,0.995280,-0.010601,-0.000564,-0.096467
6019,0.037490,-0.205027,9.923196,0.696447,0.064097,-0.010470,-1.182069,-0.183021,-11.070662,0.995281,-0.010421,-0.000595,-0.096471
6020,0.031647,-0.188219,9.929678,0.478336,0.073225,0.013944,-1.153833,-0.183317,-11.070682,0.995284,-0.010176,-0.000621,-0.096471
6021,0.035016,-0.193015,9.933606,-0.110558,0.073210,0.058195,-1.137444,-0.182215,-11.069559,0.995286,-0.010033,-0.000625,-0.096461
6022,0.039536,-0.207708,9.933843,-0.504261,0.079260,0.122283,-1.149178,-0.184443,-11.066597,0.995287,-0.010137,-0.000635,-0.096435
6023,0.040469,-0.220855,9.931842,-1.105631,0.103595,0.235200,-1.189910,-0.188379,-11.060658,0.995289,-0.010494,-0.000635,-0.096384
6024,0.036018,-0.240409,9.926987,-1.791039,0.184412,0.358800,-1.262377,-0.188498,-11.050775,0.995290,-0.011123,-0.000577,-0.096299
6025,0.037196,-0.294299,9.922916,-1.667967,0.220997,0.425942,-1.367606,-0.184865,-11.037691,0.995291,-0.012034,-0.000458,-0.096185
6026,0.036484,-0.272817,9.917912,-0.296699,0.208746,0.396951,-1.448730,-0.181268,-11.023994,0.995293,-0.012736,-0.000360,-0.096066
6027,0.034931,-0.219157,9.923303,0.220570,0.265166,0.366431,-1.451876,-0.176516,-11.011464,0.995304,-0.012759,-0.000318,-0.095957
6028,0.028466,-0.288406,9.924069,-0.788090,0.371974,0.386267,-1.463560,-0.166194,-10.999187,0.995313,-0.012852,-0.000220,-0.095849
6029,0.027914,-0.289942,9.922255,-0.452740,0.390300,0.467143,-1.516002,-0.151823,-10.985206,0.995319,-0.013295,-0.000052,-0.095726
6030,0.024114,-0.251021,9.923180,-0.457437,0.428462,0.589218,-1.541962,-0.136384,-10.967939,0.995331,-0.013508,0.000101,-0.095574
6031,0.021688,-0.286076,9.926351,-1.536301,0.507831,0.580063,-1.578376,-0.118465,-10.948875,0.995343,-0.013809,0.000285,-0.095407
6032,0.029309,-0.335206,9.919615,-1.745741,0.529161,0.342018,-1.668046,-0.103711,-10.933928,0.995344,-0.014576,0.000486,-0.095275
6033,0.033884,-0.258089,9.917469,-0.189447,0.460376,-0.298873,-1.713777,-0.097905,-10.933658,0.995339,-0.014968,0.000574,-0.095271
6034,0.034755,-0.239073,9.921659,0.311482,0.415961,-1.023693,-1.673396,-0.098559,-10.956186,0.995325,-0.014618,0.000538,-0.095467
6035,0.043996,-0.233297,9.923620,0.312032,0.324191,-1.359405,-1.613425,-0.106727,-10.996344,0.995299,-0.014104,0.000422,-0.095818
6036,0.048310,-0.224487,9.923437,0.198124,0.246096,-1.437235,-1.556516,-0.123081,-11.043308,0.995266,-0.013623,0.000238,-0.096228
6037,0.035723,-0.243741,9.917229,-0.118879,0.134491,-1.283123,-1.520133,-0.137111,-11.088890,0.995232,-0.013319,0.000091,-0.096625
6038,0.033714,-0.243503,9.923458,0.052244,0.053500,-0.843660,-1.501425,-0.145471,-11.124456,0.995204,-0.013163,0.000007,-0.096935
6039,0.040522,-0.244287,9.925994,0.110401,-0.024444,-0.401145,-1.483202,-0.156466,-11.145251,0.995188,-0.013014,-0.000102,-0.097117
6040,0.031866,-0.267846,9.925892,0.244706,-0.053533,-0.320274,-1.475068,-0.166757,-11.157243,0.995178,-0.012953,-0.000197,-0.097222
6041,-0.002613,-0.258059,9.955490,0.687164,-0.134279,-0.234818,-1.464934,-0.158546,-11.166395,0.995172,-0.012858,-0.000133,-0.097301
6042,0.009908,-0.221148,9.957197,1.172561,-0.156932,-0.141732,-1.420210,-0.142305,-11.172574,0.995172,-0.012455,-0.000029,-0.097352
6043,0.006005,-0.269449,9.950851,0.756035,-0.123187,-0.071534,-1.383428,-0.131362,-11.176015,0.995173,-0.012127,0.000035,-0.097381
6044,-0.000257,-0.267473,9.950854,0.851929,-0.061950,-0.053218,-1.378160,-0.116453,-11.177963,0.995173,-0.012068,0.000160,-0.097397
6045,0.008705,-0.240993,9.951919,1.161554,0.008409,-0.050163,-1.356997,-0.102447,-11.179633,0.995174,-0.011873,0.000264,-0.097410
6046,0.036013,-0.240581,9.919034,1.237816,0.121296,-0.092889,-1.320111,-0.103279,-11.182060,0.995175,-0.011553,0.000225,-0.097431
6047,0.024030,-0.230060,9.925179,1.379694,0.203578,-0.166136,-1.279488,-0.108532,-11.186500,0.995175,-0.011205,0.000146,-0.097470
6048,0.031827,-0.179055,9.924719,1.578262,0.176019,-0.161561,-1.212315,-0.110620,-11.192139,0.995177,-0.010623,0.000071,-0.097519
6049,0.047635,-0.171756,9.909925,0.924028,0.088841,-0.106633,-1.135705,-0.124291,-11.196782,0.995180,-0.009969,-0.000113,-0.097561
6050,0.107959,-0.301357,9.867701,0.641403,0.144745,-0.124954,-1.139163,-0.170500,-11.200665,0.995175,-0.010039,-0.000511,-0.097598
6051,0.114497,-0.345708,9.865030,0.684421,0.151544,-0.112760,-1.228148,-0.240369,-11.204358,0.995162,-0.010871,-0.001041,-0.097637
6052,0.119831,-0.344075,9.867655,0.432805,0.115657,-0.102090,-1.332257,-0.307175,-11.207475,0.995147,-0.011832,-0.001532,-0.097672
6053,0.112392,-0.325026,9.866029,0.533939,0.134828,-0.120410,-1.415377,-0.363100,-11.210710,0.995134,-0.012602,-0.001947,-0.097707
6054,0.098534,-0.322537,9.877219,0.870327,0.187774,-0.137203,-1.467656,-0.399331,-11.214645,0.995123,-0.013086,-0.002216,-0.097746
6055,0.040760,-0.194521,9.918772,0.722221,0.105337,-0.080743,-1.449395,-0.397858,-11.218350,0.995122,-0.012927,-0.002219,-0.097778
6056,0.034196,-0.142933,9.924558,0.285087,0.053760,-0.057852,-1.359959,-0.367935,-11.221205,0.995130,-0.012125,-0.002035,-0.097798
