seq,ax,ay,az,wroll,wpitch,wyaw,roll,pitch,yaw
6131,-0.152500,-0.671665,9.887226,0.082187,-0.127465,-0.261248,-3.886274,0.881624,-0.029912
6132,-0.125266,-0.674534,9.915192,-1.081662,-0.140947,-4.591267,-3.904162,0.871666,-0.110305
6133,-0.136505,-0.683833,9.931036,-2.853038,1.020443,-5.264490,-3.972255,0.875007,-0.275205
6134,-0.136687,-0.714092,9.931706,-4.379158,1.497612,-5.081285,-4.095522,0.904723,-0.450176
6135,-0.157508,-0.726469,9.915934,-4.793467,1.651619,-3.933320,-4.250887,0.946117,-0.603859
6136,-0.140230,-0.737363,9.891569,-4.458192,0.669370,-2.313734,-4.406878,0.976813,-0.710612
6137,-0.148352,-0.769144,9.895834,-3.360836,0.377869,-1.152445,-4.538204,0.989693,-0.769584
6138,-0.141797,-0.787497,9.882861,-1.630744,-0.031240,-0.347027,-4.621837,0.993449,-0.794962
6139,-0.151173,-0.780034,9.860139,-0.111337,0.070481,0.188103,-4.650917,0.993885,-0.797657
6140,-0.149846,-0.777759,9.865821,1.119277,-0.157917,0.381964,-4.633952,0.993201,-0.788067
6141,-0.167647,-0.785061,9.868889,2.159708,-0.076694,0.898288,-4.578928,0.991016,-0.766481
6142,-0.160613,-0.770806,9.891397,3.230786,-0.648921,1.528891,-4.488375,0.982158,-0.725193
6143,-0.155600,-0.729492,9.894043,4.407713,-1.071469,2.335732,-4.359943,0.958540,-0.658751
6144,-0.157650,-0.717330,9.908317,4.742998,-1.381813,2.869390,-4.205961,0.924248,-0.569174
6145,-0.159435,-0.688821,9.878695,4.717484,-1.398233,2.852702,-4.046731,0.884900,-0.470705
6146,-0.157439,-0.678822,9.888709,3.508109,-1.171196,2.432573,-3.908265,0.848290,-0.379848
6147,-0.159053,-0.669695,9.883477,2.325124,-0.561069,2.082443,-3.809920,0.824552,-0.302816
6148,-0.153737,-0.675335,9.894673,0.896111,-0.151583,1.437719,-3.755380,0.816575,-0.243487
6149,-0.147503,-0.660480,9.888245,0.308555,0.402795,0.716323,-3.734792,0.823101,-0.207934
6150,-0.156159,-0.662192,9.900263,-0.235764,1.582358,-0.089033,-3.733456,0.856798,-0.199656
6151,-0.126406,-0.714991,9.772470,-1.015001,0.730344,-0.270149,-3.754429,0.894870,-0.208149
6152,-0.096280,-0.735419,9.730648,-1.557850,-2.452601,0.622465,-3.797191,0.866615,-0.200402
6153,-0.088234,-0.721921,9.758719,-0.785979,-4.835979,1.701033,-3.835595,0.747982,-0.153681
6154,-0.081186,-0.682817,9.840577,1.387142,-5.891270,2.624009,-3.824605,0.574403,-0.069823
6155,-0.077441,-0.649640,9.899011,3.127391,-5.992092,3.464230,-3.748401,0.383469,0.044482
6156,-0.097227,-0.541986,10.038665,4.492111,-4.595140,3.869792,-3.620703,0.215226,0.177780
6157,-0.100033,-0.478439,10.080642,5.501941,-2.066201,2.885959,-3.453778,0.111352,0.296981
6158,-0.099217,-0.474254,10.026902,6.742779,1.370559,1.524856,-3.249548,0.104053,0.371009
6159,-0.083829,-0.505140,9.943866,4.433187,2.067974,0.786633,-3.063183,0.163367,0.406269
6160,-0.041663,-0.507276,9.905473,2.795576,0.512074,0.678258,-2.942628,0.207583,0.428379
6161,-0.005793,-0.534408,9.888112,1.014124,-0.687204,0.341535,-2.879074,0.205533,0.445510
6162,0.009192,-0.548632,9.859737,0.505980,-0.629306,0.480235,-2.853690,0.184305,0.460292
6163,0.026079,-0.521777,9.859379,1.462646,-1.311751,1.216746,-2.820791,0.153394,0.490143
6164,0.020525,-0.516140,9.882161,1.217573,-1.400489,1.350986,-2.776016,0.110333,0.535094
6166,-0.002791,-0.483842,9.871058,2.108648,-0.516817,1.522186,-2.720497,0.080712,0.584458
6167,-0.029161,-0.434638,9.906735,3.189478,-0.307288,1.720244,-2.632120,0.069513,0.639076
6168,-0.065248,-0.402895,9.951919,3.379457,0.295551,1.357267,-2.522574,0.071621,0.690322
6169,-0.077641,-0.391259,9.969139,2.740824,0.984393,0.657284,-2.420520,0.094378,0.722942
6170,-0.069760,-0.372025,9.934895,2.367983,1.104600,0.170785,-2.335346,0.129733,0.735281
6171,-0.033632,-0.384308,9.926903,1.018671,-0.254061,-0.136969,-2.278901,0.143917,0.735272
6172,-0.017884,-0.406630,9.903502,-0.235114,-0.440799,-0.358631,-2.265860,0.132017,0.727482
6173,0.010084,-0.419180,9.879335,-0.752031,-1.081210,-0.282376,-2.282332,0.106245,0.717814
6174,0.004162,-0.421522,9.893693,-1.072702,-1.311014,-0.310828,-2.312757,0.066010,0.709534
6175,-0.020292,-0.397307,9.911991,-0.332922,-0.503198,-0.498767,-2.336194,0.035250,0.697279
6176,-0.067211,-0.383727,9.901709,0.576358,1.377534,-0.861201,-2.332155,0.048888,0.674038
6177,-0.076711,-0.373952,9.894043,1.070960,1.744127,-1.408137,-2.304754,0.099345,0.634142
6178,-0.079827,-0.364186,9.901194,1.248392,1.572320,-1.955051,-2.266225,0.152340,0.575930
6179,-0.057168,-0.359943,9.896774,1.460394,0.825416,-2.277502,-2.221291,0.189509,0.503878
6180,-0.019902,-0.393268,9.922834,0.779673,-0.228733,-2.802077,-2.184237,0.196192,0.418901
6181,0.029530,-0.437834,9.938898,-0.311186,-1.278212,-3.065485,-2.176730,0.167369,0.322137
6182,0.036509,-0.457365,9.922562,-0.594621,-1.108499,-2.329303,-2.192044,0.124184,0.233808
6183,0.029325,-0.417338,9.924386,0.342034,-1.184143,-1.162694,-2.196356,0.083771,0.177115
6184,0.015911,-0.407946,9.939666,-0.151475,-0.992234,-0.690540,-2.193210,0.046345,0.147637
6185,0.037189,-0.379946,9.941312,0.014998,-1.617964,0.185466,-2.195487,0.002550,0.140892
6186,0.018760,-0.353321,9.937902,0.118572,-1.044941,0.838608,-2.193264,-0.041146,0.159646
6187,-0.017837,-0.333309,9.937312,0.423832,0.077925,0.904253,-2.184246,-0.056141,0.189288
6188,-0.037712,-0.351036,9.936390,-0.201256,0.894888,0.541059,-2.180553,-0.039023,0.212740
6189,-0.027275,-0.336913,9.930160,0.246507,0.907092,0.373591,-2.179803,-0.008431,0.226830
6190,-0.076209,-0.313790,9.891622,1.108686,2.386772,0.343896,-2.157213,0.046880,0.236703
6191,-0.075303,-0.295946,9.894488,1.502271,1.866853,-0.050329,-2.113693,0.117906,0.238952
6192,-0.001033,-0.332364,9.943399,-0.189002,-0.905953,-1.049930,-2.091844,0.133236,0.220043
6193,0.036773,-0.394431,9.968451,-2.054545,-1.714710,-1.735484,-2.129318,0.087874,0.175262
6194,0.043889,-0.438935,9.958923,-2.705436,-1.236852,-1.664834,-2.208710,0.036568,0.120496
6195,0.061559,-0.477577,9.960177,-3.168847,-1.364240,-1.658149,-2.306630,-0.008935,0.066869
6196,0.046726,-0.509431,9.938774,-3.483538,-0.555681,-1.438209,-2.417479,-0.043035,0.016627
6197,0.005736,-0.483168,9.877718,-1.935974,1.308702,-0.737782,-2.507783,-0.032057,-0.020138
6198,-0.013560,-0.459843,9.836946,-0.697641,1.769441,-0.363721,-2.551679,0.018385,-0.040730
6199,-0.033016,-0.456497,9.819112,-0.306465,1.631085,-0.383176,-2.568429,0.074448,-0.055691
6200,-0.040215,-0.442411,9.839554,-0.102115,1.064816,-0.394625,-2.575263,0.118754,-0.070656
6201,-0.026233,-0.421663,9.890009,0.440824,0.018026,-0.318464,-2.569646,0.136249,-0.083338
6202,-0.016182,-0.440763,9.944703,-0.277056,-0.562602,-0.435184,-2.566943,0.126620,-0.095479
6203,-0.021742,-0.428133,9.918182,0.246443,0.120844,-0.068528,-2.567471,0.118888,-0.103535
6204,-0.026669,-0.408975,9.925399,0.587543,0.054370,0.228745,-2.553566,0.121925,-0.100998
6205,-0.024593,-0.421263,9.943541,-0.050879,-0.258406,0.265025,-2.544604,0.118894,-0.092626
6206,-0.035473,-0.416920,9.911520,0.047907,0.470562,0.372969,-2.544631,0.122899,-0.082159
6207,-0.052717,-0.390442,9.866560,0.284065,0.539945,0.593750,-2.539063,0.140439,-0.066810
6208,-0.051024,-0.391224,9.900454,-0.109627,-0.346802,0.467762,-2.536112,0.144438,-0.049278
6209,-0.049046,-0.419072,9.890071,-0.572027,-0.169509,0.117695,-2.547449,0.136274,-0.039148
6210,-0.051468,-0.449337,9.828401,-0.356657,0.243241,-0.024436,-2.562923,0.137572,-0.037650
6211,-0.044883,-0.453196,9.824311,-0.285849,-0.528486,0.027009,-2.573632,0.132825,-0.037393
6212,-0.017119,-0.459521,9.876646,-0.248703,-1.731302,0.017444,-2.582536,0.095233,-0.034960
6213,-0.001464,-0.496477,9.891718,-1.285015,-1.844462,-0.480407,-2.608104,0.035348,-0.039970
6214,0.016145,-0.490588,9.903712,-0.640920,-2.109573,-0.109915,-2.640205,-0.030933,-0.046777
6215,0.027611,-0.451048,9.935159,0.424167,-2.347229,0.241323,-2.643822,-0.105034,-0.041169
6216,0.032162,-0.456680,9.949715,0.112284,-1.933612,-0.006211,-2.634897,-0.176125,-0.033975
6217,0.032367,-0.463365,9.924789,-0.183172,-1.041210,0.033135,-2.636090,-0.225633,-0.031245
6218,0.035658,-0.432238,9.889590,0.784289,-0.786681,0.659425,-2.626125,-0.255535,-0.018315
6219,0.034957,-0.426770,9.874261,0.731480,-0.887295,0.598114,-2.600965,-0.282451,0.003892
6220,0.037211,-0.420415,9.895134,0.491958,-1.159303,0.551754,-2.580682,-0.315660,0.024580
6221,0.051641,-0.443454,9.906536,-0.187257,-1.227537,0.421862,-2.575710,-0.354670,0.042581
6222,0.060537,-0.451503,9.912862,-0.436679,-1.163225,0.378129,-2.586208,-0.393874,0.057697
6223,0.064407,-0.446707,9.922681,-0.513416,-1.115726,0.276448,-2.602134,-0.431324,0.070316
6224,0.079238,-0.476403,9.946397,-0.886690,-1.082267,0.376159,-2.625568,-0.467423,0.082852
6225,0.091575,-0.481481,9.935184,-0.197453,-0.712838,1.095076,-2.643854,-0.496182,0.108724
6226,0.087142,-0.434350,9.913183,1.808087,-0.349293,1.910107,-2.617455,-0.511569,0.159572
6227,0.077410,-0.429613,9.901427,2.036639,-0.021164,1.968802,-2.553955,-0.514826,0.224432
6228,0.092313,-0.423279,9.917951,2.148300,-0.371819,2.128644,-2.484823,-0.518369,0.292946
6229,0.090669,-0.380096,9.923243,2.668275,-0.399629,1.990164,-2.405180,-0.528286,0.362083
6230,0.085307,-0.392987,9.908354,1.181441,-0.335572,0.905385,-2.341471,-0.538533,0.410810
6231,0.087141,-0.423484,9.919424,-0.244215,-0.276815,0.375429,-2.326057,-0.547862,0.432557
6232,0.099347,-0.389663,9.929568,0.170533,-0.324935,0.270166,-2.327394,-0.557444,0.443717
6233,0.087931,-0.395472,9.928893,-0.680204,0.482750,-0.645821,-2.335827,-0.555071,0.437354
6234,0.066314,-0.407020,9.883580,-1.305129,1.454385,-1.125354,-2.368626,-0.524024,0.406533
6235,0.055407,-0.409481,9.894475,-1.235738,1.756772,-1.115832,-2.410630,-0.472109,0.366980
6236,0.055919,-0.412088,9.903287,-1.156142,1.827153,-1.462604,-2.450145,-0.414253,0.321512
6237,0.038836,-0.443995,9.914137,-1.720838,1.774899,-1.690508,-2.497722,-0.356542,0.266417
6238,0.034172,-0.456516,9.900344,-1.644918,0.984074,-1.279987,-2.553516,-0.312787,0.214927
6239,0.039166,-0.451720,9.906931,-0.861573,0.671709,-1.087048,-2.595077,-0.286992,0.174273
6240,0.034633,-0.458867,9.912528,-0.501888,0.783678,-1.210441,-2.617611,-0.264500,0.134918
6241,0.026309,-0.453972,9.902846,0.034254,0.647305,-0.881612,-2.625246,-0.242269,0.098997
6242,0.034551,-0.442533,9.884893,0.949801,0.539174,-0.390514,-2.608755,-0.223481,0.076915
6243,0.044231,-0.451062,9.887017,1.285399,0.347161,-0.281004,-2.571458,-0.209228,0.065068
6244,0.044963,-0.453595,9.922826,1.161246,0.095384,-0.283454,-2.530645,-0.202278,0.055342
6245,0.053576,-0.442441,9.929946,1.263906,-0.276623,-0.041880,-2.490207,-0.205533,0.050058
6246,0.067896,-0.431735,9.923794,1.466194,-0.611392,-0.054160,-2.444702,-0.220388,0.049097
6247,0.064402,-0.428500,9.913239,1.097967,-0.610579,-0.286786,-2.401947,-0.240976,0.044281
6248,0.046308,-0.409600,9.919374,1.072927,-0.143784,-0.315272,-2.365724,-0.253956,0.034779
6249,0.049525,-0.389303,9.900345,1.279829,-0.372835,-0.068886,-2.326485,-0.262821,0.028733
6250,0.051020,-0.394041,9.901106,0.870686,-0.515350,-0.133226,-2.290630,-0.277747,0.025964
6251,0.041604,-0.395805,9.907567,0.443758,-0.026915,-0.266178,-2.268692,-0.287043,0.019673
6252,0.037404,-0.399523,9.920153,0.147554,0.099196,-0.310422,-2.258788,-0.286219,0.010022
6253,0.042566,-0.393361,9.921919,0.115864,-0.030581,-0.253249,-2.254351,-0.285446,0.000590
6254,0.054584,-0.395920,9.939375,0.142102,-0.226216,-0.239490,-2.250011,-0.290046,-0.007448
6255,0.062748,-0.395426,9.920965,0.457957,-0.334408,-0.111844,-2.239982,-0.299612,-0.012933
6256,0.063986,-0.381262,9.912398,1.075689,-0.542757,0.082412,-2.214422,-0.314239,-0.012855
6257,0.072796,-0.354480,9.923944,2.388763,-0.684320,0.101548,-2.156703,-0.334558,-0.009012
6258,0.072122,-0.341511,9.916189,4.303451,-0.344846,0.002724,-2.045180,-0.351636,-0.006648
6259,0.064032,-0.322681,9.901418,6.492147,0.203829,-0.089935,-1.865245,-0.354036,-0.008025
6260,0.062490,-0.269372,9.923437,9.198203,0.534407,0.155784,-1.603744,-0.341705,-0.007308
6261,0.051884,-0.231112,9.931711,11.281498,0.871069,0.573086,-1.262485,-0.317980,0.004246
6262,0.040647,-0.177132,9.892219,13.283259,1.240568,1.011703,-0.853212,-0.282297,0.030000
6263,0.028314,-0.095938,9.920485,14.671755,1.585267,1.303834,-0.387475,-0.234776,0.068074
6264,0.021374,0.003737,9.947360,16.345898,1.883432,1.501919,0.129308,-0.176855,0.114698
6265,0.001734,0.104552,9.938454,18.506695,2.780236,1.182383,0.710062,-0.099457,0.160000
6266,-0.020264,0.211895,9.971304,20.327242,3.356272,0.778769,1.357249,0.002188,0.194498
6267,-0.053070,0.308868,9.981931,22.265760,3.627113,0.602663,2.067138,0.117810,0.220973
6269,-0.038805,0.490034,9.970320,25.217468,1.425116,-0.300950,2.858515,0.201703,0.229617
6270,-0.042343,0.646561,9.945308,26.167288,-0.473587,-0.930580,3.714813,0.218650,0.210177
6271,-0.040564,0.803920,9.941961,26.671701,-2.306918,-1.018865,4.595291,0.174740,0.174532
6272,-0.018591,0.974577,9.870142,27.352324,-3.281147,-0.938243,5.495544,0.084826,0.133967
6273,0.003918,1.150769,9.857005,26.752447,-3.146417,-0.776474,6.397209,-0.018754,0.094507
6274,-0.000873,1.249042,9.843192,24.621939,-1.515556,0.343368,7.253411,-0.095030,0.078104
6275,0.004291,1.343225,9.850176,23.343624,-0.193142,1.285146,8.052750,-0.126787,0.101131
6276,0.003400,1.452751,9.820502,22.752140,1.080042,1.855900,8.820864,-0.119778,0.155016
6277,-0.012676,1.558160,9.843342,21.962875,1.693642,1.984131,9.565955,-0.084326,0.225512
6278,-0.015881,1.684537,9.833468,22.131239,1.324079,2.129579,10.300741,-0.046596,0.301684
6279,-0.030262,1.798635,9.795224,22.560591,1.595118,1.853953,11.045529,-0.011080,0.375956
6280,-0.041348,1.939354,9.777223,23.359003,1.808607,1.580252,11.810836,0.033167,0.443278
6281,-0.041741,2.068590,9.769081,23.152203,1.229658,1.172076,12.586038,0.072950,0.498799
6282,-0.019378,2.203062,9.714465,24.257324,0.212250,0.722088,13.376210,0.089246,0.534984
6283,-0.018077,2.349372,9.696554,25.570307,-0.165077,-0.212532,14.206635,0.087943,0.543470
6284,-0.020279,2.486380,9.672817,26.229248,-0.790710,-0.613222,15.069885,0.075948,0.526137
6285,-0.019527,2.634674,9.589580,26.383951,-1.406513,-1.019854,15.946676,0.047906,0.490151
6286,-0.021774,2.759159,9.521889,25.654654,-1.380875,-1.030164,16.813910,0.012938,0.444303
6287,-0.037234,2.859367,9.497635,22.882645,-0.732784,-0.780902,17.622814,-0.011777,0.405046
6288,-0.022408,2.954215,9.456109,19.366779,-0.949338,0.125856,18.326944,-0.035056,0.385984
6289,-0.008381,3.070415,9.441512,16.572599,-0.893564,0.685495,18.925909,-0.068444,0.389019
6290,-0.005950,3.160142,9.434237,15.073844,-0.606106,0.995494,19.453312,-0.101234,0.407276
6291,0.001552,3.260293,9.439442,14.823129,-0.578988,0.953141,19.951534,-0.130761,0.431189
6292,0.008247,3.381219,9.438559,16.229221,-0.379433,0.849997,20.469004,-0.156133,0.453872
6293,0.000015,3.473397,9.394211,18.153439,0.087742,0.536523,21.041977,-0.168871,0.473746
6294,0.002067,3.569421,9.322204,20.797636,0.156058,0.618479,21.691086,-0.172108,0.493128
6295,0.006385,3.670292,9.271797,22.574986,0.309886,0.814696,22.413858,-0.173877,0.518179
6296,0.009374,3.799634,9.202020,23.313787,0.341143,1.071746,23.178537,-0.176047,0.551363
6297,0.012830,3.923212,9.138892,23.187775,0.143427,1.412386,23.953392,-0.185184,0.592543
6298,0.026929,4.030014,9.094434,22.326347,0.059989,1.560672,24.711765,-0.202498,0.639105
6299,0.019550,4.144220,9.052582,20.885818,0.425482,1.417114,25.431761,-0.216191,0.687494
6300,0.013241,4.261170,9.034240,19.842550,0.507987,1.269678,26.110361,-0.221643,0.734563
6301,0.015405,4.368819,8.993780,20.893709,0.239607,1.274579,26.789103,-0.229375,0.778071
6302,0.032469,4.483493,8.935138,21.638962,-0.733673,0.782013,27.497837,-0.252348,0.804826
6303,0.040262,4.613905,8.872193,22.714441,-1.533936,0.015679,28.237053,-0.292019,0.798944
6304,0.046789,4.723288,8.800960,23.014679,-1.782407,-0.697104,28.999363,-0.335153,0.762517
6305,0.046533,4.820495,8.704327,22.154663,-1.642650,-1.469229,29.752514,-0.367225,0.703045
6306,0.049813,4.929359,8.651473,19.390451,-1.343762,-2.033193,30.445387,-0.381048,0.627558
6307,0.038618,4.998460,8.576758,16.902695,-0.256909,-2.053377,31.050724,-0.369186,0.555360
6308,0.016806,5.074331,8.551242,13.799434,0.938780,-1.960441,31.562716,-0.324706,0.504066
6309,0.020045,5.158482,8.543272,12.066064,1.123267,-1.396118,31.993950,-0.266015,0.474563
6310,0.035333,5.246010,8.535995,11.596113,0.740774,-0.591130,32.388355,-0.222065,0.463081
6311,0.028893,5.299733,8.479598,12.407798,0.962496,-0.584395,32.788422,-0.187581,0.461884
6312,0.017704,5.371608,8.452838,13.243780,0.850601,-0.529325,33.215939,-0.152126,0.462773
6313,0.028619,5.453125,8.395968,15.338818,0.094406,0.106877,33.692303,-0.135104,0.465587
6314,0.023516,5.500331,8.302135,17.353134,-0.026258,-0.013439,34.237144,-0.135029,0.467550
6315,0.010349,5.553930,8.212720,18.204176,0.197217,-0.456297,34.829765,-0.128251,0.462717
6316,0.001791,5.639381,8.155729,18.253408,0.131132,-0.406943,35.437389,-0.115506,0.454082
6317,0.010638,5.751101,8.113333,17.676796,-0.203203,-0.025851,36.036228,-0.112268,0.447529
6318,0.006636,5.839122,8.062203,16.377899,-0.196662,-0.051480,36.603802,-0.116870,0.442565
6319,0.012790,5.938219,8.036417,15.178291,-0.477893,-0.023588,37.129734,-0.125115,0.434819
6320,0.020087,5.990551,7.993408,13.622424,-0.640251,0.188581,37.609760,-0.141600,0.425703
6321,0.030674,6.046791,7.951172,12.307194,-0.947811,1.079956,38.041912,-0.175470,0.426182
6322,0.046817,6.117275,7.883097,12.966103,-1.365481,1.683479,38.463085,-0.234245,0.438508
6323,0.050492,6.163479,7.805452,13.945717,-1.149662,1.144069,38.911556,-0.296416,0.449109
6324,0.041911,6.228481,7.753570,14.248306,-0.537136,0.509571,39.381428,-0.335627,0.452715
6325,0.045587,6.315895,7.711136,15.253256,-0.449491,0.349953,39.873112,-0.357432,0.453230
6326,0.044305,6.405718,7.643784,17.104776,-0.393963,-0.419777,40.412464,-0.367430,0.443269
6327,0.031854,6.463728,7.601367,18.135612,-0.162525,-1.123345,40.999943,-0.357708,0.417702
6328,0.036226,6.536024,7.541749,19.591471,-0.398245,-0.913354,41.628906,-0.342332,0.386009
6329,0.051650,6.592042,7.419950,20.235363,-0.934538,-0.828505,42.292881,-0.339436,0.349587
6330,0.056658,6.694616,7.361358,19.892626,-1.105417,-1.045757,42.961933,-0.343309,0.303601
6331,0.065775,6.783786,7.305282,19.661396,-1.366928,-0.661044,43.621441,-0.353810,0.254640
6332,0.064872,6.852047,7.198462,18.643070,-1.451198,-0.821328,44.260143,-0.370482,0.204280
6333,0.066774,6.940281,7.127917,16.854502,-1.585813,-1.336856,44.852150,-0.381324,0.143136
6334,0.063137,7.029408,7.118003,16.129150,-1.965186,-1.162742,45.402348,-0.393584,0.071792
6335,0.056292,7.090770,7.005910,18.803066,-2.600904,-0.642617,45.985081,-0.425217,-0.003668
6336,0.073210,7.124886,6.893709,20.635525,-3.466369,-0.611323,46.643066,-0.479937,-0.091199
6337,0.082239,7.180399,6.800956,21.983999,-3.935900,-1.014012,47.354332,-0.544281,-0.199877
6338,0.075996,7.275466,6.697471,23.332281,-4.006611,-1.449470,48.110832,-0.602950,-0.325457
6339,0.099597,7.393989,6.587844,23.668045,-4.387942,-1.220782,48.895611,-0.662321,-0.459757
6340,0.119259,7.464980,6.516216,23.988001,-4.689713,-1.781026,49.691616,-0.723067,-0.607055
6341,0.104700,7.513787,6.360029,23.895193,-4.077912,-2.996191,50.491726,-0.755771,-0.770245
6342,0.112153,7.631640,6.265656,21.000921,-3.192360,-3.091179,51.242031,-0.753565,-0.928348
6343,0.134382,7.705606,6.213108,16.873083,-3.049221,-1.660434,51.874954,-0.756211,-1.059102
6344,0.132069,7.761231,6.151118,12.966939,-2.880423,-0.773980,52.373657,-0.784852,-1.161978
6345,0.142377,7.852046,6.111087,6.540988,-1.887902,-0.280780,52.699825,-0.819242,-1.235728
6346,0.170189,7.946147,6.178492,0.209738,-1.360071,0.717271,52.812901,-0.857803,-1.274411
6347,0.185188,7.925272,6.181343,-2.252800,-1.263193,0.962054,52.779129,-0.906541,-1.292292
6348,0.178574,7.891346,6.174313,-4.126207,-0.896312,0.413084,52.673054,-0.946580,-1.307045
6349,0.181167,7.862578,6.180814,-5.398316,-0.399973,0.129866,52.514507,-0.966894,-1.318701
6350,0.180389,7.824735,6.163295,-5.189114,-0.298323,0.147104,52.338165,-0.977653,-1.325103
6351,0.167911,7.793412,6.195557,-5.856522,-0.307430,-0.055913,52.154194,-0.985038,-1.332156
6352,0.157946,7.779650,6.219026,-5.649249,-0.342627,-0.001893,51.962593,-0.990938,-1.341291
6353,0.162273,7.765336,6.224079,-4.227546,-0.334528,-0.040014,51.798138,-0.997355,-1.350603
6354,0.162672,7.730302,6.239471,-3.890336,-0.203644,-0.665437,51.663090,-0.993679,-1.364930
6355,0.163685,7.727177,6.272876,-4.236835,-0.181923,-0.792941,51.527981,-0.978620,-1.385062
6356,0.165396,7.701590,6.270678,-3.136844,-0.140660,-0.483365,51.405384,-0.965329,-1.402522
6357,0.163630,7.703160,6.283897,-3.509853,-0.049260,-0.354852,51.294800,-0.956396,-1.413721
6358,0.169323,7.707345,6.301102,-3.715562,-0.027851,-0.285315,51.174492,-0.948883,-1.421405
6359,0.163637,7.690385,6.304773,-2.926665,-0.036953,-0.031004,51.063866,-0.945458,-1.425557
6360,0.157339,7.671283,6.303017,-2.143041,-0.007922,-0.027469,50.979393,-0.945172,-1.426753
6361,0.153157,7.668711,6.296078,-1.891554,0.001977,-0.277882,50.912205,-0.941283,-1.430037
6362,0.154424,7.657607,6.302394,-1.219130,0.092740,-0.394041,50.860451,-0.931597,-1.435876
6363,0.157509,7.649127,6.313194,-1.120241,-0.032833,-0.215067,50.821552,-0.923094,-1.441512
6364,0.159852,7.661105,6.322126,-1.452196,-0.113469,-0.199251,50.778778,-0.919284,-1.447767
6365,0.165203,7.659262,6.327048,-1.488164,-0.072043,-0.318526,50.729897,-0.914557,-1.455623
6366,0.171471,7.665433,6.326906,-1.643075,-0.239513,-0.022493,50.677834,-0.913447,-1.463241
6367,0.170921,7.658233,6.330647,-1.731986,-0.503163,0.194290,50.621712,-0.923510,-1.471000
6368,0.167001,7.648721,6.329153,-1.607816,-0.419235,0.004073,50.566208,-0.935823,-1.480782
6369,0.170543,7.666789,6.340382,-1.195320,-0.340210,-0.088781,50.519665,-0.942777,-1.491453
6370,0.167885,7.659003,6.332639,-0.904556,-0.358878,-0.093613,50.484848,-0.947841,-1.502379
6372,0.159230,7.652032,6.358407,-1.378808,-0.185797,-0.061788,50.446941,-0.951622,-1.511030
6373,0.170734,7.649710,6.361031,-1.907976,-0.136047,0.064723,50.392231,-0.955078,-1.515134
6374,0.180165,7.644650,6.377481,-2.335458,-0.135003,0.257219,50.321514,-0.962093,-1.515189
6375,0.182894,7.621366,6.385779,-2.698810,-0.265610,0.658222,50.237537,-0.978096,-1.510575
6376,0.188485,7.612767,6.406024,-2.884644,-0.325784,0.960555,50.144306,-1.005132,-1.500874
6377,0.203211,7.605483,6.389077,-2.190865,-0.392396,0.974237,50.059509,-1.037550,-1.489372
6378,0.194672,7.595395,6.401237,-1.626793,-0.194541,0.728461,49.995686,-1.065582,-1.478639
6379,0.197523,7.593786,6.413223,-1.491686,-0.163590,0.652999,49.943516,-1.087051,-1.468397
6380,0.196046,7.578229,6.406002,-1.332829,-0.062582,0.388112,49.896278,-1.102755,-1.460108
6381,0.189304,7.576845,6.409498,-1.543564,0.049899,0.024465,49.848263,-1.108149,-1.455836
6382,0.181020,7.571609,6.432737,-1.743045,0.103908,-0.305498,49.793510,-1.102916,-1.456899
6383,0.183997,7.591499,6.439734,-1.516281,0.000127,-0.344035,49.739292,-1.093530,-1.462567
6384,0.174505,7.601329,6.457012,-1.081854,-0.078230,-0.365930,49.696159,-1.085345,-1.471212
6385,0.175864,7.598908,6.456560,-0.993095,-0.154334,-0.165214,49.661736,-1.081103,-1.479897
6386,0.183905,7.591139,6.472269,-0.901143,-0.420812,0.208754,49.630306,-1.087863,-1.486734
6387,0.192902,7.585123,6.469313,-0.643694,-0.594944,0.442560,49.604668,-1.107100,-1.492599
6388,0.192750,7.581898,6.457750,-0.489395,-0.669831,0.590570,49.585876,-1.133875,-1.497491
6389,0.192665,7.563848,6.456345,-0.708620,-0.609356,0.465664,49.566002,-1.161101,-1.502308
6390,0.205454,7.568790,6.462590,-0.418085,-0.461126,0.174575,49.547371,-1.180796,-1.508965
6391,0.212176,7.571977,6.467284,-0.184472,-0.434837,0.142696,49.537479,-1.194508,-1.516897
6392,0.210807,7.577986,6.464835,-0.313596,-0.323787,0.001331,49.529346,-1.204540,-1.524960
6393,0.221463,7.582356,6.478394,-0.384767,-0.522990,0.204537,49.517891,-1.216312,-1.533470
6394,0.223936,7.572598,6.457253,0.034001,-0.840130,0.645428,49.512222,-1.241836,-1.541555
6395,0.217922,7.567928,6.454865,-0.139528,-1.043647,0.803690,49.510639,-1.280590,-1.549754
6396,0.222720,7.574317,6.456744,-0.383160,-0.990791,0.778183,49.502129,-1.322658,-1.558421
6397,0.230987,7.569449,6.470522,-0.742261,-1.064056,0.944905,49.483543,-1.366739,-1.565808
6398,0.235297,7.541965,6.455843,-0.767332,-1.019808,0.930714,49.458530,-1.413068,-1.571893
6399,0.250783,7.542595,6.470703,-0.954117,-0.748808,0.770767,49.429943,-1.453780,-1.575852
6400,0.258561,7.549860,6.489987,-1.157432,-0.419874,0.612150,49.394741,-1.483956,-1.575647
6401,0.264713,7.550883,6.486241,-1.138312,-0.374172,0.726971,49.356361,-1.509513,-1.571157
6402,0.275197,7.558569,6.491715,-1.141808,-0.330728,0.751546,49.318176,-1.535861,-1.564010
6403,0.282842,7.544569,6.516228,-1.383864,-0.286630,0.601020,49.275890,-1.559661,-1.557107
6404,0.286070,7.530878,6.496436,-1.274250,-0.460422,0.570210,49.231503,-1.582576,-1.553796
6405,0.295258,7.529800,6.483470,-1.159853,-0.575974,0.559550,49.190948,-1.608116,-1.554574
6406,0.306274,7.531404,6.499814,-0.675259,-0.557828,0.590159,49.160412,-1.634970,-1.556348
6407,0.298742,7.509636,6.503222,-0.087650,-0.628294,0.717433,49.147724,-1.664385,-1.557051
6408,0.294909,7.527825,6.501785,0.264270,-0.661084,0.811441,49.150654,-1.697716,-1.556640
6409,0.293101,7.545423,6.510387,0.501954,-0.318567,0.498309,49.163361,-1.724908,-1.554715
6410,0.300115,7.552173,6.507727,0.728889,-0.282676,0.661213,49.183727,-1.746083,-1.549662
6411,0.301524,7.524184,6.512397,0.412895,-0.406452,0.598542,49.202595,-1.769480,-1.544633
6412,0.311246,7.541642,6.502531,-0.039453,-0.279100,0.271553,49.208797,-1.787924,-1.543808
6413,0.314904,7.539484,6.483201,0.066932,-0.037412,-0.046959,49.209301,-1.794205,-1.545356
6414,0.317573,7.535129,6.502419,-0.335742,0.001944,-0.112541,49.204891,-1.792578,-1.547541
6415,0.301350,7.525131,6.515283,-0.395047,0.255854,-0.577526,49.192844,-1.781065,-1.551806
6416,0.301469,7.553278,6.495578,-0.145244,0.430622,-0.632135,49.183979,-1.758328,-1.556326
6417,0.295470,7.530338,6.493474,0.118453,0.406883,-0.492727,49.183590,-1.735016,-1.558016
6418,0.296968,7.522998,6.488096,0.013290,0.319050,-0.528841,49.185837,-1.714222,-1.559988
6419,0.294014,7.535925,6.497652,0.071498,0.273249,-0.483182,49.187355,-1.695004,-1.563543
6420,0.303101,7.535357,6.491312,0.371280,-0.172293,0.129519,49.194813,-1.689443,-1.566123
6421,0.299595,7.519353,6.475379,0.380592,-0.417608,0.130589,49.207481,-1.699149,-1.570735
6422,0.308783,7.518510,6.513385,-0.675241,-0.487898,0.026160,49.202858,-1.710987,-1.580457
6423,0.312386,7.525685,6.531268,-0.590929,-0.506521,0.473156,49.181976,-1.728118,-1.587566
6424,0.298102,7.527503,6.513773,-0.069588,-0.554987,0.545962,49.171028,-1.752537,-1.589851
6425,0.296337,7.539243,6.499615,-0.121583,-0.489284,0.220538,49.167999,-1.773583,-1.594671
6426,0.291323,7.521512,6.524509,-0.480686,-0.065950,-0.126475,49.158150,-1.780820,-1.600650
6427,0.284486,7.542130,6.495537,0.045305,0.126155,-0.223049,49.150982,-1.775757,-1.603702
6428,0.286264,7.548762,6.490252,0.292253,0.157946,-0.657026,49.156799,-1.761565,-1.609716
6429,0.306185,7.525781,6.494764,-0.061734,0.111856,-0.578757,49.160938,-1.743042,-1.619788
6430,0.311766,7.497477,6.492883,-0.293826,0.129182,-0.462809,49.155270,-1.727283,-1.628106
6431,0.311976,7.518939,6.516093,-0.524038,-0.231767,-0.169656,49.141876,-1.720428,-1.636298
6432,0.307936,7.511099,6.504349,-0.244017,-0.375516,0.020325,49.129360,-1.725168,-1.645585
6433,0.298408,7.503144,6.507931,-0.231531,-0.190654,0.000120,49.121647,-1.731600,-1.652501
6434,0.295243,7.527495,6.486849,0.685055,-0.152140,-0.012679,49.129345,-1.735181,-1.656960
6435,0.298579,7.545141,6.521813,0.313776,-0.090346,0.110078,49.146038,-1.739052,-1.658955
6436,0.307605,7.525527,6.487800,1.057162,-0.238337,0.481023,49.168823,-1.750088,-1.656656
6437,0.309929,7.524682,6.493870,0.762106,-0.329662,0.586661,49.199005,-1.769743,-1.652187
6438,0.309701,7.537040,6.497693,0.486036,-0.292152,0.477124,49.219696,-1.789937,-1.648448
6439,0.313557,7.536353,6.505477,0.036217,-0.273018,0.512753,49.228287,-1.808582,-1.644804
6440,0.315407,7.528618,6.492515,0.117520,-0.336995,0.484204,49.230747,-1.827805,-1.641651
6441,0.315657,7.542604,6.494776,0.002260,-0.131502,0.124272,49.232723,-1.840584,-1.640942
6442,0.325016,7.557168,6.488043,0.093622,-0.173258,0.244029,49.234314,-1.848550,-1.640780
6443,0.327931,7.539635,6.485847,0.116065,-0.175017,0.254938,49.237770,-1.858639,-1.639746
6444,0.322949,7.527610,6.494220,-0.296255,-0.038237,-0.040913,49.234783,-1.863661,-1.640110
6445,0.318209,7.534718,6.491707,-0.164107,0.033276,-0.058897,49.227150,-1.862455,-1.641259
6446,0.303669,7.544979,6.500939,-0.242665,0.088188,-0.165533,49.220390,-1.858300,-1.642169
6447,0.304530,7.541979,6.502408,-0.298477,0.148894,-0.266057,49.211433,-1.850273,-1.643877
6448,0.311657,7.535094,6.496890,-0.057825,0.270940,-0.191284,49.205486,-1.839931,-1.643559
6449,0.321366,7.539903,6.509225,-0.425331,0.083653,-0.036092,49.197365,-1.833201,-1.641560
6450,0.326302,7.525308,6.522363,-1.150568,0.069430,-0.202032,49.171116,-1.828529,-1.642223
6451,0.326471,7.502689,6.516033,-1.278436,0.153936,-0.074090,49.130634,-1.822613,-1.642417
6452,0.321544,7.490753,6.503319,-0.851540,0.096958,-0.072480,49.095085,-1.818030,-1.640854
6453,0.321334,7.502005,6.515459,-1.420716,0.113487,-0.308711,49.057270,-1.810932,-1.642367
6454,0.317506,7.491353,6.517102,-0.949602,0.191330,-0.179901,49.017815,-1.801452,-1.643870
6455,0.320135,7.498573,6.527495,-0.718460,-0.015953,0.055158,48.989983,-1.797965,-1.643027
6456,0.324769,7.492323,6.519641,-0.420349,-0.180030,-0.124515,48.971104,-1.799237,-1.646252
6457,0.319779,7.467182,6.516114,-0.417573,0.058918,-0.362977,48.957352,-1.794433,-1.653113
6458,0.315671,7.471974,6.513619,-0.037403,0.071884,-0.479640,48.949997,-1.782410,-1.660694
6459,0.304467,7.488895,6.517594,-0.170158,0.233646,-0.854151,48.946873,-1.762302,-1.671458
6460,0.288990,7.489302,6.518156,-0.045297,0.598512,-1.069321,48.943615,-1.729019,-1.682059
6461,0.298154,7.513204,6.532967,0.195327,0.571467,-0.688982,48.946247,-1.694113,-1.686604
6462,0.299823,7.542659,6.546666,0.064403,0.423233,-0.525890,48.950596,-1.667956,-1.687399
6463,0.292270,7.537892,6.551481,0.078222,0.362101,-0.232125,48.952927,-1.649833,-1.685824
6464,0.307621,7.524020,6.539380,0.252796,-0.109603,0.600072,48.958244,-1.651695,-1.678620
6465,0.313438,7.522539,6.527800,0.515500,-0.393825,1.023638,48.970715,-1.677616,-1.667177
6466,0.306663,7.513828,6.515406,0.500961,-0.351753,0.954197,48.987289,-1.710643,-1.654911
6467,0.312545,7.509833,6.527331,0.362493,-0.487693,1.183357,49.001293,-1.746707,-1.642088
6469,0.318885,7.496552,6.524585,0.380942,-0.543091,1.288509,49.013248,-1.789072,-1.628024
6470,0.317681,7.506935,6.531649,0.440630,-0.404257,1.191144,49.026466,-1.830627,-1.612834
6471,0.319121,7.514128,6.524307,0.556733,-0.343900,1.030130,49.042610,-1.866757,-1.597971
6472,0.321182,7.514154,6.505547,0.803683,-0.249967,0.910777,49.064831,-1.897677,-1.584240
6473,0.318342,7.510499,6.506588,0.322747,0.209516,0.516103,49.083107,-1.916088,-1.569164
6474,0.320091,7.520149,6.500331,0.479805,0.519708,0.372110,49.095848,-1.919315,-1.550274
6475,0.320886,7.502615,6.487011,0.322106,0.696733,0.158358,49.108509,-1.912724,-1.529149
6476,0.320491,7.501296,6.499419,-0.129672,0.992200,-0.220090,49.111031,-1.893519,-1.508532
6477,0.320039,7.508962,6.515299,-0.048761,1.034125,-0.182969,49.107361,-1.866333,-1.487388
6478,0.324760,7.532146,6.505811,0.724376,0.673657,0.123858,49.117939,-1.846957,-1.466504
6479,0.319091,7.532520,6.524987,0.030832,0.555717,-0.257219,49.130085,-1.831869,-1.452457
6480,0.315799,7.536934,6.532991,0.018141,0.525401,-0.478507,49.130726,-1.810806,-1.446854
6481,0.316609,7.544939,6.509971,0.689813,0.224700,-0.092183,49.142418,-1.795433,-1.443620
6482,0.315060,7.515371,6.513386,-0.251774,0.264704,-0.417892,49.149696,-1.783668,-1.443010
6483,0.314347,7.492123,6.519332,-0.843878,0.321206,-0.578741,49.131546,-1.764716,-1.446494
6484,0.325601,7.521586,6.507779,-0.177461,-0.177942,0.101896,49.114620,-1.757144,-1.449892
6485,0.318372,7.526552,6.505346,-0.143741,-0.334853,0.175624,49.109375,-1.766235,-1.453327
6486,0.309626,7.492575,6.513581,-0.685792,-0.122199,-0.167898,49.095730,-1.771320,-1.459004
6487,0.308762,7.510543,6.505812,-0.305431,-0.207910,-0.035241,49.079407,-1.772365,-1.465382
6488,0.309065,7.535659,6.501661,0.227107,-0.227928,0.010192,49.078274,-1.776807,-1.471146
6489,0.304257,7.503268,6.509603,-0.174937,0.156319,-0.417964,49.079304,-1.772454,-1.476503
6490,0.308607,7.509057,6.526900,-0.413826,0.233585,-0.398739,49.069626,-1.757913,-1.480512
6491,0.316291,7.528383,6.506629,0.358689,-0.060763,-0.002223,49.068764,-1.750977,-1.482715
6492,0.307502,7.527831,6.518401,0.245201,0.080117,-0.187126,49.078888,-1.748381,-1.484539
6493,0.297858,7.522704,6.527396,-0.108094,0.282275,-0.414123,49.081238,-1.736853,-1.486540
6494,0.305540,7.523942,6.516928,0.209732,-0.012650,0.136519,49.082920,-1.730413,-1.486175
6495,0.304685,7.503184,6.496235,0.361740,-0.026512,0.091852,49.092381,-1.733717,-1.484174
6496,0.301981,7.488775,6.506945,-0.169178,0.162560,-0.213848,49.095581,-1.730696,-1.483792
6497,0.307839,7.492767,6.512585,-0.170962,0.058188,0.058121,49.089882,-1.726325,-1.482711
6498,0.316692,7.482483,6.515662,-0.296514,-0.225948,0.415640,49.081997,-1.734123,-1.479651
6499,0.307263,7.482631,6.512599,-0.186625,-0.018594,-0.011046,49.073906,-1.741888,-1.478313
6500,0.298019,7.504828,6.516837,-0.058623,0.198589,-0.243825,49.069828,-1.736713,-1.478830
6501,0.293893,7.506971,6.535315,-0.486686,0.284081,-0.397800,49.060780,-1.723364,-1.479759
6502,0.292195,7.505329,6.521309,-0.261075,0.305449,-0.377587,49.048351,-1.707164,-1.480808
6503,0.293007,7.520095,6.516951,0.045931,0.292346,-0.356118,49.044765,-1.691398,-1.481298
6504,0.297496,7.523101,6.518592,-0.069492,0.281813,-0.270936,49.044369,-1.677233,-1.480921
6505,0.302532,7.504125,6.520535,-0.236817,0.136238,0.049414,49.039181,-1.669877,-1.478078
6506,0.295239,7.509525,6.513763,0.065621,0.072469,0.114716,49.036201,-1.669663,-1.473657
6507,0.297888,7.517372,6.513551,0.077533,-0.101205,0.158934,49.038509,-1.673421,-1.471027
6508,0.290292,7.505921,6.511150,-0.102325,0.098151,-0.013209,49.038052,-1.675288,-1.469473
6509,0.284475,7.505669,6.524422,-0.521315,0.260793,-0.244992,49.027607,-1.668117,-1.467776
6510,0.280805,7.499797,6.527020,-0.756923,0.293703,-0.490052,49.006329,-1.652807,-1.468834
6511,0.281764,7.506751,6.520031,-0.529270,0.264613,-0.395250,48.984974,-1.635567,-1.471494
6512,0.269192,7.516562,6.526167,-0.425328,0.654018,-0.851730,48.969120,-1.609838,-1.473585
6513,0.275483,7.511741,6.535451,-0.493656,0.619852,-0.826130,48.953861,-1.574806,-1.475931
6514,0.263708,7.498816,6.533340,-0.454053,0.619374,-0.806422,48.938137,-1.540723,-1.478228
6515,0.264109,7.516662,6.521014,-0.038676,0.430926,-0.620294,48.929985,-1.511295,-1.480652
6516,0.272723,7.513944,6.524912,-0.094943,0.242045,-0.443403,48.927845,-1.490561,-1.483844
6517,0.271207,7.485229,6.533748,-0.521505,0.161966,-0.266053,48.917633,-1.477223,-1.486538
6518,0.263982,7.493949,6.518775,0.009236,0.003728,-0.224475,48.909180,-1.469247,-1.489831
6519,0.269888,7.499536,6.519351,0.178644,-0.149700,0.006592,48.912422,-1.468109,-1.494053
6520,0.265207,7.494770,6.533135,-0.061988,-0.007710,-0.033205,48.914421,-1.469498,-1.496322
6521,0.255754,7.508280,6.543898,-0.563617,0.025013,-0.018612,48.904003,-1.468658,-1.496673
6522,0.254291,7.514101,6.548316,-0.759295,-0.119621,0.210803,48.881935,-1.472108,-1.495754
6523,0.246307,7.494913,6.555687,-1.859483,0.139565,-0.024272,48.838226,-1.474231,-1.493458
6524,0.245839,7.489236,6.577623,-3.303689,0.242697,-0.140334,48.752087,-1.467970,-1.490470
6525,0.248394,7.474761,6.598068,-5.224064,0.145800,-0.040870,48.609890,-1.461426,-1.487600
6526,0.255111,7.453736,6.618966,-7.218379,0.266122,-0.270263,48.402470,-1.452993,-1.485894
6527,0.265768,7.459784,6.656380,-10.135043,0.528572,-0.850735,48.113312,-1.430233,-1.488449
6528,0.254237,7.397856,6.720302,-14.078215,0.735747,-1.365751,47.709984,-1.388691,-1.497567
6529,0.246927,7.327324,6.756967,-16.599789,0.509834,-1.113553,47.198997,-1.344209,-1.510213
6530,0.241785,7.252149,6.806094,-18.039846,0.296716,-0.495101,46.621880,-1.315449,-1.518735
6531,0.229344,7.170011,6.878361,-19.813875,0.169418,-0.043588,45.991020,-1.303604,-1.519347
6532,0.216275,7.042910,6.963736,-21.096983,-0.030687,0.242531,45.309105,-1.304369,-1.515396
6533,0.230449,6.990403,7.023041,-19.807188,-0.422979,0.720318,44.627254,-1.321061,-1.509401
6534,0.232979,6.934390,7.112630,-19.019487,-0.220435,0.293213,43.980064,-1.340538,-1.504833
6535,0.232899,6.855832,7.197284,-19.102644,0.103940,-0.920151,43.344925,-1.334721,-1.513716
6536,0.228367,6.781878,7.270037,-18.399632,0.295301,-1.677984,42.720528,-1.300277,-1.540784
6537,0.225170,6.738629,7.319245,-17.274767,0.335983,-1.953877,42.126808,-1.251657,-1.578346
6538,0.218117,6.691562,7.399361,-17.953882,0.740098,-2.322442,41.540554,-1.190748,-1.619482
6539,0.204793,6.626766,7.474343,-19.406698,1.366748,-2.634633,40.918682,-1.109893,-1.658460
6540,0.191377,6.530805,7.553132,-20.970888,1.801198,-2.603590,40.246334,-1.013014,-1.690398
6541,0.170900,6.436609,7.620703,-22.102983,2.207074,-2.863743,39.528915,-0.903343,-1.717474
6542,0.157321,6.333268,7.709990,-23.537521,2.403253,-2.387321,38.768555,-0.788512,-1.736819
6543,0.131114,6.206357,7.774640,-23.885572,2.628613,-2.140326,37.978298,-0.675955,-1.743937
6544,0.111420,6.087873,7.862164,-23.865770,2.478209,-1.749987,37.182472,-0.568986,-1.743414
6545,0.088166,6.016233,7.934091,-22.317980,2.399584,-1.176595,36.412701,-0.474689,-1.733797
6546,0.090454,5.914502,8.027156,-21.851473,2.053696,-0.334063,35.676392,-0.399890,-1.710494
6547,0.095102,5.812080,8.097973,-20.619076,1.581107,0.144832,34.968369,-0.348668,-1.678081
6548,0.095350,5.691123,8.176466,-20.104248,1.053911,0.717500,34.289463,-0.320709,-1.641329
6549,0.089328,5.622538,8.221826,-18.845287,0.875166,0.722982,33.640118,-0.307467,-1.603492
6550,0.091298,5.589211,8.345574,-19.810863,1.208437,0.582065,32.995678,-0.290395,-1.566248
6551,0.078890,5.492955,8.412573,-22.395424,1.454943,1.215565,32.292023,-0.269180,-1.517061
6552,0.053180,5.364425,8.460608,-23.914391,1.755211,0.982237,31.519958,-0.243147,-1.457701
6553,0.040296,5.274861,8.520593,-24.375534,2.005692,0.446862,30.714964,-0.201787,-1.404901
6554,0.036677,5.133327,8.596292,-24.291201,1.644110,0.539301,29.903765,-0.157548,-1.359988
6555,0.031391,4.943378,8.591939,-22.725307,1.354966,0.396397,29.120096,-0.121727,-1.321817
6556,0.020682,4.843503,8.652590,-18.462065,1.208635,-0.541403,28.433643,-0.083105,-1.303374
6557,0.025589,4.798988,8.732074,-14.395781,0.405911,-0.387048,27.886040,-0.052040,-1.304290
6558,0.022559,4.718152,8.764502,-11.716217,0.103013,0.129975,27.450848,-0.042529,-1.304168
6559,0.021980,4.649416,8.806586,-10.893318,0.506060,0.153227,27.074020,-0.035678,-1.295337
6560,0.027249,4.618256,8.863994,-10.514658,0.450959,0.123327,26.717215,-0.023544,-1.284001
6561,0.035732,4.574508,8.892929,-10.548207,0.200910,0.274260,26.366165,-0.016785,-1.273218
6562,0.024812,4.486923,8.913541,-12.145387,0.968626,0.115651,25.987942,-0.002159,-1.258795
6563,0.023219,4.424611,8.978728,-14.077733,1.298454,-0.253439,25.550901,0.032862,-1.244418
6564,0.007034,4.338829,9.005386,-15.279334,1.265024,-0.429171,25.061634,0.076357,-1.236430
6565,-0.009535,4.240047,9.021343,-16.517849,1.625037,-0.637736,24.531700,0.127547,-1.232373
6566,-0.017585,4.124952,9.061593,-17.855299,1.643384,-0.115714,23.958857,0.182373,-1.221443
6567,-0.017012,4.023491,9.097267,-17.948198,1.006263,0.347694,23.362221,0.221249,-1.200193
6568,-0.021096,3.929388,9.115729,-17.785194,0.745128,0.397991,22.766773,0.243228,-1.177357
6569,-0.025225,3.855824,9.176438,-17.878462,0.772141,0.568443,22.172503,0.260442,-1.152819
6570,-0.025812,3.762530,9.218219,-17.846123,0.238498,0.967275,21.577248,0.266529,-1.122794
6572,-0.033529,3.668724,9.273126,-17.869263,0.344371,0.630493,20.982140,0.265909,-1.094483
6573,-0.041533,3.572622,9.316586,-17.807924,0.716613,0.362542,20.387644,0.276618,-1.072744
6574,-0.042433,3.465429,9.368997,-17.238207,0.713639,0.548067,19.803673,0.293794,-1.050282
6575,-0.032011,3.360562,9.389675,-16.375347,0.563344,0.749335,19.243607,0.306619,-1.022792
6576,-0.035254,3.273294,9.435249,-15.332466,1.087775,0.629596,18.715321,0.325159,-0.992117
6577,-0.041934,3.184206,9.445699,-14.770980,1.347935,0.281471,18.213770,0.358850,-0.964836
6578,-0.055585,3.082455,9.478705,-15.332695,1.687136,-0.079293,17.712181,0.405936,-0.946016
6579,-0.060567,3.007725,9.507469,-14.900253,1.669385,0.153131,17.208445,0.458940,-0.928043
6580,-0.068181,2.923347,9.528496,-14.473715,1.574517,0.095885,16.719051,0.509432,-0.908300
6581,-0.076823,2.823148,9.553276,-14.962108,1.338461,-0.146189,16.228586,0.556228,-0.895337
6582,-0.081729,2.752370,9.581188,-14.001179,0.681131,0.177627,15.745975,0.588452,-0.885570
6583,-0.075734,2.701510,9.598166,-12.404933,-0.067859,0.528468,15.306025,0.595144,-0.871518
6584,-0.086721,2.614070,9.606364,-12.275325,-0.337399,0.192676,14.894792,0.585486,-0.861698
6585,-0.080671,2.559832,9.622747,-11.866882,-1.048237,0.077489,14.492411,0.562017,-0.863205
6586,-0.074097,2.492231,9.623868,-11.063580,-1.342971,0.227670,14.110195,0.522151,-0.868142
6587,-0.066074,2.420319,9.637074,-10.943624,-1.295048,-0.238125,13.743320,0.479517,-0.878905
6588,-0.063582,2.358192,9.650158,-10.900099,-1.275867,-0.520264,13.379082,0.440840,-0.901236
6589,-0.055241,2.314741,9.671861,-10.298081,-1.181243,-0.665340,13.025569,0.405491,-0.929825
6590,-0.056697,2.251091,9.677405,-10.095936,-0.841124,-0.624537,12.685476,0.377417,-0.958282
6591,-0.054874,2.199331,9.710576,-10.220027,-0.578785,-0.676244,12.346711,0.359011,-0.984568
6592,-0.051125,2.164076,9.735188,-9.735763,-0.336476,-0.113450,12.014020,0.346877,-1.000645
6593,-0.045616,2.109742,9.756021,-9.360270,-0.232554,0.325630,11.695765,0.336855,-0.999130
6594,-0.043521,2.067737,9.751578,-8.525711,0.023277,0.528467,11.397743,0.330577,-0.985881
6595,-0.048130,2.014218,9.783673,-8.223555,0.571571,0.605518,11.118711,0.336605,-0.965405
6596,-0.047895,1.984288,9.797003,-7.404594,0.641238,0.756066,10.858399,0.352118,-0.939264
6597,-0.047704,1.926810,9.798586,-7.657126,0.689422,0.300674,10.607508,0.370623,-0.917828
6598,-0.051438,1.881206,9.794527,-8.161092,1.140034,-0.470330,10.343892,0.401128,-0.915062
6599,-0.061629,1.807557,9.808974,-9.558893,1.462835,-0.997885,10.048443,0.448168,-0.931457
6600,-0.076318,1.739169,9.788503,-10.488379,1.403969,-1.647547,9.714033,0.502814,-0.966691
6601,-0.092501,1.683322,9.801956,-11.679598,1.424773,-2.315109,9.344042,0.560255,-1.024024
6602,-0.100565,1.602215,9.809109,-12.039989,1.455468,-2.335994,8.948013,0.619982,-1.092931
6603,-0.109801,1.530899,9.821519,-11.604798,1.236482,-2.151174,8.553179,0.675701,-1.160024
6604,-0.123759,1.469168,9.853223,-11.427963,1.367792,-2.256870,8.168491,0.729324,-1.226409
6605,-0.138994,1.420164,9.877643,-11.050542,1.960723,-2.509313,7.792907,0.795293,-1.297374
6606,-0.147663,1.341014,9.883213,-10.334234,1.828665,-2.259097,7.435476,0.868429,-1.367766
6607,-0.156415,1.304611,9.877235,-9.843508,1.233546,-2.570268,7.098032,0.929234,-1.441163
6608,-0.162886,1.242358,9.879913,-9.640232,0.740580,-2.613472,6.771953,0.972338,-1.522975
6609,-0.155006,1.183284,9.881882,-9.447529,-0.017077,-2.267939,6.452467,0.993688,-1.602424
6610,-0.142019,1.148950,9.879426,-9.396353,-0.725471,-1.875251,6.137198,0.988953,-1.672446
6611,-0.140918,1.084576,9.874293,-10.015341,-0.779040,-2.306041,5.812445,0.971261,-1.744392
6612,-0.144843,0.999705,9.897798,-10.275526,-0.540376,-2.244131,5.472962,0.956842,-1.822033
6613,-0.137870,0.942552,9.894081,-10.057153,-0.538403,-2.162673,5.132844,0.945723,-1.896831
6614,-0.138423,0.903219,9.896212,-10.052070,-0.623992,-2.184797,4.796482,0.932693,-1.970703
6615,-0.131260,0.828527,9.913747,-10.393310,-0.836597,-2.104098,4.454549,0.914194,-2.043925
6616,-0.125147,0.784779,9.932156,-10.123244,-0.603497,-1.173039,4.111723,0.894336,-2.100195
6617,-0.121545,0.758605,9.923967,-10.154810,-0.252604,-0.481075,3.773319,0.881975,-2.128679
6618,-0.126600,0.685467,9.930675,-11.508930,0.429164,-0.111548,3.412112,0.885513,-2.138346
6619,-0.137070,0.591949,9.916723,-12.390157,1.373612,0.194769,3.013845,0.915422,-2.135259
6620,-0.152661,0.505254,9.910618,-12.672662,2.004756,0.572988,2.596394,0.971024,-2.119696
6621,-0.171874,0.426303,9.889968,-12.561343,2.049862,0.567489,2.176215,1.037738,-2.097871
6622,-0.185368,0.348868,9.904484,-11.382169,1.877829,0.977655,1.777685,1.102271,-2.069868
6623,-0.194418,0.304571,9.919125,-8.964553,1.398934,1.394472,1.439384,1.155737,-2.028809
6624,-0.192027,0.289709,9.934506,-5.982148,0.626608,1.685933,1.191337,1.188291,-1.976699
6625,-0.190028,0.266593,9.969060,-2.950850,0.146554,1.986807,1.043731,1.199965,-1.915241
6626,-0.185048,0.262148,9.968920,0.720608,-0.350459,2.286006,1.008046,1.195275,-1.844087
6627,-0.176501,0.274025,9.962902,2.985830,-0.998055,1.817118,1.071221,1.171543,-1.776109
6628,-0.172756,0.296506,9.955326,4.579379,-1.489664,1.195589,1.198295,1.129081,-1.726719
6629,-0.174764,0.320785,9.954390,5.390843,-1.671544,0.534481,1.364994,1.075752,-1.699066
6630,-0.165811,0.367149,9.936007,5.812168,-1.810983,-0.347308,1.551737,1.017639,-1.697425
6631,-0.156732,0.386928,9.926847,5.203981,-1.967301,-1.084881,1.734893,0.955367,-1.723095
6632,-0.163703,0.394084,9.886817,4.798453,-1.736732,-1.450501,1.900883,0.894993,-1.767289
6633,-0.162023,0.444861,9.920952,4.535881,-1.185907,-1.560898,2.055664,0.848039,-1.819138
6634,-0.141118,0.466563,9.938513,4.360438,-1.111831,-1.403711,2.203198,0.811604,-1.869948
6635,-0.137208,0.457236,9.908480,3.940726,-1.154182,-1.113500,2.340949,0.775531,-1.913370
6636,-0.130189,0.493979,9.900929,3.541283,-0.933235,-1.198542,2.465120,0.742388,-1.953330
6637,-0.124150,0.524589,9.935190,3.024364,-0.586304,-1.144167,2.574036,0.718802,-1.993456
6638,-0.116375,0.496250,9.905152,2.273788,-0.641513,-1.012071,2.661880,0.700000,-2.030295
6639,-0.118374,0.498966,9.882575,1.628466,-0.658745,-0.967853,2.726510,0.679903,-2.064277
6640,-0.114762,0.511512,9.902976,1.191205,-0.699811,-0.865488,2.773135,0.658751,-2.095885
6641,-0.108534,0.506837,9.916596,0.913983,-0.854823,-0.658369,2.807921,0.634107,-2.122514
6642,-0.101597,0.493567,9.913982,0.540425,-0.950913,-0.596852,2.831920,0.605077,-2.144891
6643,-0.094406,0.512604,9.920575,0.431798,-0.901814,-0.665532,2.847892,0.575278,-2.167435
6644,-0.090351,0.506680,9.910902,0.464000,-0.683557,-0.684050,2.862588,0.550008,-2.191217
6645,-0.095405,0.508616,9.918880,0.406465,-0.325458,-0.709434,2.876867,0.534375,-2.215256
6646,-0.097032,0.529310,9.937118,0.692137,-0.041034,-0.584900,2.894974,0.529361,-2.237110
6647,-0.092941,0.545042,9.928720,1.264848,0.072366,-0.522219,2.927420,0.530820,-2.255513
6648,-0.098386,0.560105,9.917138,1.805081,0.153242,-0.563933,2.978419,0.535509,-2.273399
6649,-0.106871,0.559297,9.941689,2.097596,0.124109,-0.543635,3.043292,0.541095,-2.291591
6650,-0.104917,0.587173,9.928163,2.657475,0.029510,-0.566117,3.122370,0.544647,-2.309923
6651,-0.100744,0.586453,9.913419,2.528657,-0.226883,-0.506837,3.208635,0.542351,-2.327960
6652,-0.100731,0.592515,9.914971,2.112159,-0.408879,-0.460882,3.285825,0.532685,-2.344661
6653,-0.102315,0.585620,9.915200,1.710437,-0.324132,-0.265489,3.349417,0.521189,-2.357453
6654,-0.104752,0.616686,9.920868,1.196870,-0.142658,-0.095627,3.397815,0.513778,-2.363920
6655,-0.092244,0.608236,9.943527,0.330822,-0.239156,0.015395,3.423260,0.507505,-2.365633
6656,-0.089248,0.588296,9.929530,-0.002039,-0.126854,0.008079,3.428741,0.501393,-2.365607
6657,-0.082510,0.589393,9.918081,-0.131431,-0.148317,0.134088,3.426535,0.496673,-2.363516
6658,-0.081728,0.597585,9.922414,-0.343955,-0.047600,-0.135168,3.418609,0.493414,-2.363729
6659,-0.084068,0.578095,9.937963,-0.523135,0.068242,-0.257994,3.404102,0.494148,-2.370250
6660,-0.098652,0.569764,9.917834,-0.047103,0.073405,-0.083845,3.394550,0.496843,-2.375797
6661,-0.103501,0.589059,9.927823,0.017936,-0.077223,-0.035888,3.394047,0.496897,-2.377793
6662,-0.113288,0.591975,9.938966,0.139456,0.300839,-0.257392,3.396629,0.500907,-2.382452
6663,-0.102419,0.592315,9.924341,0.471727,0.091923,0.121254,3.406798,0.507576,-2.384328
6664,-0.086371,0.600312,9.891836,0.466908,-0.443031,0.209949,3.422487,0.501406,-2.379166
6665,-0.077334,0.603352,9.919588,-0.168368,-0.244563,-0.289628,3.427446,0.490046,-2.381176
6666,-0.061572,0.600098,9.927232,-0.102014,-0.289441,-0.326328,3.422848,0.481775,-2.391955
6667,-0.030081,0.582681,9.930255,-0.228049,-1.453251,0.266451,3.417325,0.452842,-2.394684
6668,-0.037143,0.552662,9.917062,-0.921608,-1.986811,0.162472,3.398192,0.395184,-2.390956
6669,-0.056187,0.563504,9.905002,-0.758256,-1.708058,-0.042114,3.370183,0.333592,-2.392586
6670,-0.066232,0.584339,9.899348,-0.272028,-1.368105,0.315058,3.353019,0.282144,-2.391052
6671,-0.082668,0.576925,9.916299,-0.230842,-0.422733,0.312990,3.344681,0.251736,-2.382347
6672,-0.090553,0.584970,9.923367,-0.080539,0.666544,0.062093,3.339520,0.255428,-2.375869
6673,-0.076606,0.593827,9.937096,0.287786,1.237602,0.211326,3.343005,0.286844,-2.369470
6675,-0.056358,0.581329,9.958941,0.067626,1.165142,0.340818,3.348990,0.326285,-2.357945
6676,-0.042469,0.555476,9.934913,-0.098809,0.577312,0.371306,3.348550,0.354583,-2.344401
6677,-0.043234,0.575769,9.926296,-0.185459,-0.094080,0.268598,3.343882,0.362001,-2.333284
6678,-0.060047,0.582806,9.946942,-0.359335,-0.331960,0.170201,3.334844,0.354486,-2.326396
6679,-0.068534,0.588239,9.948342,-0.559076,-0.466824,0.022229,3.319552,0.341009,-2.323968
6680,-0.077192,0.581671,9.914219,-0.445082,-0.197059,-0.049496,3.302809,0.329990,-2.325060
6681,-0.072267,0.587424,9.924779,-0.454749,0.045087,-0.072804,3.287799,0.327578,-2.327240
6682,-0.067766,0.562510,9.928052,-0.342742,0.211540,0.169559,3.274519,0.331756,-2.325386
6683,-0.070537,0.556221,9.901265,-0.052324,0.614213,0.000090,3.267956,0.345335,-2.321777
6684,-0.065077,0.565137,9.930264,0.285703,0.544829,0.117325,3.271865,0.364509,-2.318721
6685,-0.052648,0.573195,9.950474,0.711191,-0.107632,0.386083,3.288536,0.371304,-2.309927
6686,-0.059240,0.580524,9.934551,0.885579,-0.264202,0.256243,3.315214,0.364500,-2.299595
6687,-0.066915,0.572866,9.925392,0.588527,-0.181537,-0.008423,3.339806,0.356843,-2.295902
6688,-0.066603,0.584281,9.925853,0.484212,-0.417090,-0.019289,3.357679,0.346910,-2.296947
6689,-0.077288,0.587899,9.906250,0.282225,0.061606,-0.354226,3.370413,0.341361,-2.303508
6690,-0.083915,0.562766,9.925468,-0.378207,0.605048,-0.577960,3.368723,0.353365,-2.318366
6691,-0.075926,0.571953,9.919206,-0.274148,0.457694,-0.642236,3.357729,0.372239,-2.337629
6692,-0.060014,0.596313,9.914015,-0.047476,0.276876,-0.639527,3.352232,0.385712,-2.358239
6693,-0.055738,0.584161,9.929063,-0.319380,0.227204,-0.635913,3.345977,0.395341,-2.378970
6694,-0.057427,0.572057,9.950510,-0.263428,-0.341691,-0.386571,3.336145,0.394429,-2.396094
6695,-0.051153,0.597700,9.938875,0.348478,-0.974248,-0.107180,3.337500,0.373013,-2.405586
6696,-0.057707,0.588368,9.936971,0.328384,-1.023948,0.121666,3.348771,0.339752,-2.407288
6697,-0.065637,0.579672,9.929978,0.337261,-0.965074,0.097941,3.359875,0.306445,-2.405574
6698,-0.066959,0.587567,9.930779,0.507538,-0.698791,0.105713,3.373964,0.278562,-2.403815
6699,-0.056628,0.578446,9.912792,0.725302,-0.315147,-0.043881,3.394512,0.261632,-2.403784
6700,-0.057939,0.579399,9.902764,0.747219,0.351717,-0.286426,3.419028,0.262567,-2.409244
6701,-0.048453,0.582059,9.941611,0.825862,0.150785,-0.206268,3.445211,0.271418,-2.416941
6702,-0.035162,0.583361,9.958479,0.761864,-0.458326,-0.351009,3.471628,0.266863,-2.426521
6703,-0.035182,0.583311,9.951368,0.736255,-1.095313,-0.500483,3.496527,0.241878,-2.442259
6704,-0.035330,0.607884,9.937210,0.741248,-1.802821,-0.487705,3.521078,0.194674,-2.461652
6705,-0.029811,0.617174,9.918972,0.482780,-1.967303,-0.671100,3.541414,0.133148,-2.484799
6706,-0.029426,0.622254,9.894987,0.243342,-1.399308,-0.775857,3.553464,0.078637,-2.512339
6707,-0.033817,0.628563,9.876938,0.303140,-0.688305,-0.583725,3.562543,0.045316,-2.537113
6708,-0.023147,0.641769,9.872161,0.385455,-0.085949,-0.503488,3.574007,0.033565,-2.556003
6709,-0.014294,0.645067,9.887136,0.443716,0.617950,-0.446495,3.587816,0.043403,-2.571251
6710,-0.014800,0.637097,9.914138,0.237785,1.250191,-0.307526,3.599162,0.075265,-2.581843
6711,-0.019112,0.632275,9.935761,0.025333,1.439559,-0.380564,3.603532,0.120726,-2.590474
6712,-0.020570,0.624225,9.953829,-0.071886,0.979440,-0.266262,3.602735,0.161641,-2.598699
6713,-0.020210,0.619262,9.958787,-0.088908,0.145343,-0.081862,3.600042,0.180714,-2.603313
6714,-0.024228,0.602801,9.945618,-0.289270,-0.341562,-0.016939,3.593734,0.177554,-2.605162
6715,-0.032325,0.599036,9.928489,-0.305481,-0.857453,0.072646,3.583820,0.157551,-2.605486
6716,-0.036535,0.612255,9.916211,-0.010068,-1.132924,0.026091,3.578559,0.124340,-2.605917
6717,-0.038669,0.634337,9.900817,0.529825,-0.777391,-0.110675,3.587216,0.092652,-2.609314
6718,-0.030114,0.631530,9.891941,0.486331,-0.475128,-0.124987,3.604144,0.072064,-2.614545
6719,-0.028508,0.633908,9.894736,0.309176,0.065777,-0.210432,3.617395,0.065607,-2.620554
6720,-0.016609,0.658335,9.910561,0.577184,0.225408,-0.337663,3.632158,0.071028,-2.629364
6721,-0.005799,0.655582,9.903292,0.571230,0.118202,-0.259556,3.651285,0.077376,-2.638934
6722,-0.011919,0.626803,9.898548,-0.279033,0.322512,-0.240352,3.656144,0.085237,-2.646781
6723,-0.019841,0.628970,9.914186,-0.497226,0.671462,-0.303382,3.643193,0.102346,-2.654771
6724,-0.016356,0.636142,9.931946,-0.369059,0.487171,-0.301176,3.628737,0.122257,-2.663602
6725,-0.019022,0.605588,9.913531,-0.645899,0.329377,-0.200662,3.611805,0.136367,-2.671090
6726,-0.024985,0.606617,9.927400,-0.567966,0.150161,-0.123298,3.591561,0.144682,-2.675977
6727,-0.015766,0.613792,9.946589,-0.430144,-0.317007,-0.134833,3.574915,0.142176,-2.680445
6728,-0.022857,0.621121,9.931983,0.052970,-0.351009,-0.129831,3.568617,0.131339,-2.685541
6729,-0.027394,0.604728,9.930131,-0.285422,-0.322345,-0.171895,3.564730,0.120451,-2.691259
6730,-0.034183,0.612902,9.952885,-0.765762,-0.235947,-0.438615,3.547189,0.111795,-2.701992
6731,-0.029352,0.625689,9.920406,-0.202707,-0.282497,-0.584173,3.531014,0.104223,-2.719538
6732,-0.018377,0.633088,9.899742,0.541848,-0.288762,-0.327372,3.536639,0.095657,-2.735289
6733,-0.009525,0.612864,9.912844,-0.025147,-0.282009,-0.358975,3.545232,0.086870,-2.747294
6734,-0.008342,0.622834,9.903925,0.538574,-0.289279,-0.224850,3.553774,0.077969,-2.757595
6735,-0.000965,0.617453,9.896238,0.998761,-0.390247,0.131207,3.579394,0.066763,-2.759858
6736,-0.007112,0.595737,9.903407,0.417311,-0.000926,0.199824,3.603001,0.059911,-2.754761
6737,-0.023127,0.616853,9.921384,0.321541,0.358034,0.002977,3.615319,0.065639,-2.751012
6738,-0.018960,0.619084,9.912658,0.375787,0.209181,0.104996,3.626945,0.074960,-2.748620
6739,-0.014064,0.627334,9.914173,0.262222,0.109536,0.183293,3.637585,0.079957,-2.743488
6740,-0.017236,0.633717,9.920247,0.200521,0.253934,0.068669,3.645304,0.085736,-2.738912
6741,-0.019877,0.628641,9.934189,-0.292475,0.239126,-0.095697,3.643771,0.093965,-2.738839
6742,-0.013928,0.614385,9.943127,-0.718240,-0.022263,-0.041190,3.626923,0.097717,-2.740888
6743,-0.019983,0.641520,9.928734,0.002602,0.129904,-0.012826,3.614994,0.099564,-2.741673
6744,-0.029713,0.633428,9.929781,-0.201293,0.448427,-0.066384,3.611682,0.109267,-2.742383
6745,-0.030424,0.633121,9.920973,-0.255399,0.287849,-0.029840,3.604068,0.121615,-2.743212
6746,-0.025516,0.635415,9.936239,-0.220539,0.138499,0.076763,3.596138,0.128658,-2.741985
6747,-0.029248,0.627086,9.920164,-0.109587,0.285748,0.011769,3.590641,0.135622,-2.740070
6748,-0.027044,0.611675,9.923856,-0.554313,-0.021859,0.015933,3.579578,0.139983,-2.739334
6749,-0.026770,0.608484,9.916036,-0.595370,-0.153408,-0.086427,3.560413,0.137141,-2.740689
6750,-0.027211,0.610711,9.919637,-0.309299,0.002172,-0.043173,3.545330,0.134759,-2.743001
6751,-0.021513,0.616162,9.901050,0.218971,-0.075794,0.047232,3.543825,0.133530,-2.743009
6752,-0.022488,0.626902,9.908478,0.165783,-0.067109,0.035444,3.550240,0.131068,-2.741781
6753,-0.024338,0.620650,9.918461,0.029032,0.085490,-0.006357,3.553488,0.131343,-2.741279
6754,-0.024370,0.618816,9.922562,0.045778,0.203921,-0.006462,3.554735,0.136171,-2.741193
6755,-0.018404,0.638594,9.938771,0.302487,0.095529,-0.021618,3.560539,0.141181,-2.741350
6756,-0.024678,0.623640,9.931101,-0.133931,0.317712,-0.155315,3.563342,0.148238,-2.743865
6757,-0.024166,0.606759,9.928740,-0.333068,0.329774,-0.167579,3.555546,0.159343,-2.748566
6758,-0.027819,0.611918,9.927577,-0.248775,0.270332,-0.186468,3.545834,0.169691,-2.753836
6759,-0.037007,0.617676,9.927277,-0.209836,0.492241,-0.295699,3.538168,0.182873,-2.761072
6760,-0.042355,0.593452,9.922777,-0.690503,0.613481,-0.329176,3.523131,0.201908,-2.770332
6761,-0.035085,0.604648,9.923004,-0.354767,0.266437,-0.091908,3.505688,0.216975,-2.776438
6762,-0.032752,0.599984,9.915224,-0.483746,0.200494,-0.103420,3.491702,0.224942,-2.779213
6763,-0.039187,0.604582,9.907866,-0.297857,0.547965,-0.170974,3.478660,0.237671,-2.783020
6764,-0.032964,0.619561,9.936262,-0.060313,0.200505,0.014878,3.472682,0.250280,-2.784860
6765,-0.038772,0.614563,9.919539,0.032839,0.365975,0.012561,3.472228,0.259676,-2.783830
6766,-0.045495,0.610567,9.915691,-0.117442,0.558376,-0.051373,3.470820,0.275093,-2.783544
6767,-0.049504,0.619013,9.919575,-0.002221,0.632949,-0.030857,3.468825,0.294995,-2.783710
6768,-0.050808,0.605804,9.931753,-0.280219,0.650746,-0.024671,3.464120,0.316407,-2.783340
6769,-0.050995,0.588897,9.893830,-0.341877,0.552678,0.031653,3.453758,0.336420,-2.782014
6770,-0.050698,0.584079,9.903126,-0.587622,0.460220,0.008908,3.438277,0.353231,-2.780325
6771,-0.066322,0.589003,9.901023,-0.343679,0.871215,-0.146623,3.422750,0.375519,-2.781289
6772,-0.078430,0.588544,9.918639,-0.252198,1.044597,-0.079833,3.412806,0.407618,-2.783152
6773,-0.086271,0.592466,9.935237,-0.170867,0.985362,-0.046908,3.405753,0.441516,-2.783248
6774,-0.099060,0.603244,9.930281,0.177607,1.084105,-0.080130,3.405865,0.476072,-2.783312
6775,-0.108342,0.612512,9.916112,0.587429,1.401221,-0.004906,3.418624,0.517505,-2.782260
6776,-0.098753,0.613157,9.932552,0.531013,1.194403,0.207305,3.437321,0.560486,-2.776305
6778,-0.112903,0.606938,9.930622,0.236707,1.379095,0.031413,3.450182,0.603062,-2.769756
6779,-0.131064,0.598647,9.926215,-0.044997,1.815737,-0.045498,3.453411,0.656227,-2.766786
6780,-0.131749,0.595323,9.935610,-0.215989,1.779712,-0.117075,3.449072,0.716205,-2.765884
6781,-0.132477,0.583870,9.930683,-0.409452,1.460884,-0.096131,3.438644,0.770331,-2.766188
6782,-0.138718,0.583811,9.888635,-0.435666,1.572775,-0.344862,3.424499,0.821241,-2.770499
6783,-0.129915,0.590945,9.886248,-0.357581,1.545422,-0.132899,3.411207,0.873594,-2.775350
6784,-0.123638,0.603066,9.905131,-0.168535,1.111207,0.019782,3.402449,0.917904,-2.774600
6785,-0.135610,0.602776,9.946970,-0.380175,0.923880,0.003645,3.393343,0.951740,-2.772199
6786,-0.143116,0.612034,9.977059,-0.365864,0.433843,0.081829,3.380956,0.974245,-2.769441
6787,-0.161561,0.584515,10.003661,-0.873250,-0.122755,0.349923,3.360431,0.978997,-2.761951
6788,-0.158936,0.562838,9.975080,-0.860156,-1.219723,0.515275,3.331762,0.955819,-2.748862
6789,-0.140874,0.546608,9.917363,-0.861317,-2.242160,0.618369,3.303321,0.897124,-2.733338
6790,-0.139437,0.534382,9.878615,-1.014638,-2.132004,0.552705,3.272284,0.823222,-2.718034
6791,-0.139887,0.538520,9.872332,-0.973186,-1.773938,0.298165,3.239298,0.757423,-2.707571
6792,-0.127136,0.558681,9.891555,-0.601366,-1.578326,0.201745,3.213120,0.701172,-2.702395
6793,-0.137520,0.556960,9.907157,-0.799294,-0.409231,-0.139386,3.189765,0.668040,-2.703209
6794,-0.152599,0.547069,9.915341,-0.993205,0.899695,-0.472724,3.159776,0.676767,-2.712940
6795,-0.134045,0.542639,9.947260,-0.914771,0.832053,-0.315275,3.127836,0.706307,-2.724469
6796,-0.124209,0.535077,9.937334,-0.647867,0.568963,-0.101610,3.101721,0.730000,-2.730138
6797,-0.124867,0.522782,9.928313,-0.813727,0.278504,-0.206457,3.077305,0.744381,-2.734505
6798,-0.119152,0.528804,9.925029,-0.582646,-0.118563,-0.274203,3.053930,0.747471,-2.742364
6799,-0.120531,0.526149,9.931999,-0.627472,-0.383383,-0.168109,3.033660,0.739509,-2.750170
6800,-0.132579,0.538144,9.915726,-0.353889,-0.252462,-0.224190,3.017213,0.729271,-2.757260
6801,-0.132872,0.514007,9.926743,-0.836108,-0.050960,-0.303162,2.997266,0.724682,-2.766303
6802,-0.131220,0.503242,9.913784,-0.773921,0.024929,-0.194344,2.970326,0.724680,-2.774606
6803,-0.116324,0.505069,9.901156,-0.558908,-0.450782,-0.237123,2.948017,0.717963,-2.782154
6804,-0.101137,0.527512,9.923913,-0.055871,-0.650119,-0.177871,2.937674,0.699995,-2.790005
6805,-0.110996,0.517108,9.910865,-0.117806,-0.445656,-0.037127,2.934725,0.681939,-2.794520
6806,-0.127838,0.529184,9.902939,0.205126,-0.056061,-0.072613,2.936154,0.673682,-2.796775
6807,-0.110586,0.536917,9.947097,0.353464,-0.044928,0.051770,2.945458,0.672019,-2.797208
6808,-0.104594,0.523740,9.960491,0.253802,-0.069386,0.298655,2.955647,0.669816,-2.791473
6809,-0.122282,0.514360,9.914884,0.091823,-0.104232,0.159817,2.961495,0.666532,-2.783991
6810,-0.129299,0.529457,9.912793,0.307602,-0.197312,0.011095,2.968181,0.661365,-2.781406
6811,-0.125435,0.527899,9.912384,0.375214,-0.222873,0.178646,2.979594,0.654208,-2.778611
6812,-0.139209,0.517691,9.904808,0.135446,0.347033,0.030649,2.988146,0.656093,-2.775020
6813,-0.139515,0.499801,9.910387,-0.333331,0.514259,-0.081343,2.984847,0.670472,-2.775116
6814,-0.120682,0.499921,9.909403,-0.206432,0.274632,-0.243275,2.975796,0.683884,-2.779837
6815,-0.102245,0.482250,9.894715,-0.743041,0.105996,-0.555534,2.959816,0.690908,-2.792805
6816,-0.102871,0.486123,9.901202,-1.311249,0.115228,-0.981967,2.925270,0.695906,-2.818209
6817,-0.116173,0.495925,9.908168,-1.374528,0.319632,-1.277844,2.880052,0.705052,-2.855460
6818,-0.134306,0.508774,9.914557,-1.023870,0.673572,-1.285181,2.839556,0.723716,-2.897300
6819,-0.149095,0.496553,9.938539,-1.371139,0.779260,-1.069167,2.799150,0.749832,-2.935303
6820,-0.151652,0.494733,9.951752,-1.159670,0.833078,-0.981010,2.756531,0.778327,-2.968133
6821,-0.148296,0.483700,9.945813,-1.020837,0.786305,-0.806180,2.719795,0.806709,-2.996598
6822,-0.148145,0.481665,9.937144,-0.962895,0.591684,-0.594507,2.686415,0.830751,-3.018836
6823,-0.147782,0.485137,9.933408,-0.795635,0.632110,-0.505440,2.656851,0.851979,-3.036201
6824,-0.147299,0.471795,9.938026,-0.821593,0.720855,-0.231984,2.629728,0.875072,-3.047439
6825,-0.152351,0.467489,9.952165,-0.752652,0.471346,0.061647,2.603460,0.895050,-3.049367
6826,-0.144826,0.459553,9.944969,-0.463657,-0.001694,0.221563,2.583267,0.902655,-3.044297
6827,-0.130977,0.448630,9.925845,-0.330331,-0.450039,0.379566,2.570186,0.894683,-3.034627
6828,-0.131235,0.434937,9.932379,-0.670291,-0.737823,0.552142,2.553734,0.874211,-3.019997
6829,-0.125450,0.445377,9.928242,-0.402595,-1.183256,0.450712,2.536082,0.841483,-3.004719
6830,-0.123870,0.425110,9.921450,-0.946293,-1.103799,0.248236,2.513743,0.802889,-2.994761
6831,-0.128926,0.423696,9.932929,-1.152667,-0.795260,0.188331,2.478840,0.770952,-2.988868
6832,-0.138097,0.419100,9.916265,-0.936416,-0.722655,0.317552,2.444119,0.745315,-2.981529
6833,-0.128033,0.427905,9.916306,-0.734901,-1.068937,0.149171,2.416347,0.715151,-2.975024
6834,-0.125341,0.421516,9.944447,-0.746816,-0.885855,-0.046085,2.391655,0.682528,-2.974674
6835,-0.123554,0.409071,9.940652,-0.208988,-1.001428,0.134094,2.375727,0.651040,-2.974516
6836,-0.123568,0.426415,9.924223,0.564587,-1.390849,0.125066,2.381683,0.611024,-2.971856
6837,-0.107900,0.430314,9.939922,0.886645,-1.797401,-0.114852,2.405850,0.557925,-2.973908
6838,-0.084642,0.438960,9.931046,1.529078,-2.054660,0.042794,2.446075,0.493832,-2.977826
6839,-0.079619,0.443452,9.910279,1.360371,-1.695322,0.022229,2.494220,0.431345,-2.979439
6840,-0.068609,0.475573,9.913417,1.183885,-1.318815,-0.140164,2.536595,0.381244,-2.983609
6841,-0.063967,0.473020,9.935438,0.476758,-0.640055,-0.108452,2.564236,0.348812,-2.989202
6842,-0.061289,0.458545,9.938534,-0.415716,-0.064455,-0.016942,2.565238,0.337175,-2.991814
6843,-0.075898,0.440517,9.929996,-1.243952,0.501368,0.018297,2.537579,0.344449,-2.991467
6844,-0.072537,0.437746,9.923918,-1.194039,0.447891,0.198949,2.496972,0.360095,-2.987154
6845,-0.076366,0.412645,9.923062,-1.629272,0.713479,0.244226,2.449969,0.379114,-2.978939
6846,-0.084660,0.398684,9.913064,-1.929451,1.009326,0.082848,2.390703,0.407572,-2.972280
6847,-0.094161,0.417014,9.913934,-1.509823,1.369622,0.052781,2.333411,0.447095,-2.968386
6848,-0.097154,0.409211,9.921489,-1.371773,1.326520,0.187091,2.285432,0.491833,-2.962578
6849,-0.098619,0.369838,9.920349,-1.964884,1.198736,0.269585,2.229903,0.533587,-2.953314
6850,-0.097108,0.372260,9.929770,-1.731765,0.964457,0.322621,2.168401,0.569236,-2.942070
6851,-0.097649,0.357717,9.948833,-1.845965,0.601328,0.346403,2.108894,0.594897,-2.929953
6852,-0.100013,0.341009,9.929068,-1.775380,0.170197,0.248762,2.048647,0.607388,-2.919576
6853,-0.102685,0.335658,9.919873,-1.600326,0.243638,-0.013074,1.992430,0.614143,-2.915408
6854,-0.109758,0.351592,9.938024,-0.918913,0.581288,-0.080234,1.950431,0.627938,-2.916489
6855,-0.111327,0.333708,9.931169,-0.765354,0.680096,-0.140166,1.922327,0.649073,-2.919449
6856,-0.106922,0.330510,9.910892,-0.144970,0.546455,-0.052613,1.907126,0.669612,-2.921976
6857,-0.112779,0.330392,9.926932,0.276145,0.691548,-0.064442,1.909297,0.690299,-2.923238
6858,-0.127841,0.332514,9.938825,0.668864,0.931261,-0.234517,1.924997,0.717497,-2.927313
6859,-0.137918,0.326257,9.920099,1.040737,0.828670,-0.317613,1.953386,0.747124,-2.935518
6860,-0.137814,0.346669,9.926320,2.311749,0.364002,-0.087807,2.009181,0.767224,-2.941583
6861,-0.131224,0.347720,9.925472,3.689822,-0.101588,0.122034,2.109216,0.771575,-2.940851
6862,-0.118335,0.370359,9.932402,5.810835,-0.584588,0.471034,2.267687,0.759771,-2.931406
6863,-0.095774,0.429842,9.939059,9.577196,-1.328908,1.223755,2.524502,0.726729,-2.904511
6864,-0.084113,0.487264,9.947211,12.375360,-1.883687,1.490025,2.890896,0.671115,-2.861854
6865,-0.075653,0.560675,9.953820,15.273764,-2.237414,1.499379,3.352218,0.599818,-2.815838
6866,-0.071676,0.666330,9.939909,19.424347,-2.669205,1.716870,3.930976,0.514794,-2.767539
6867,-0.068150,0.777510,9.918386,21.793409,-3.145180,1.576420,4.618301,0.414063,-2.720034
6868,-0.063460,0.889826,9.889649,23.058737,-3.435699,0.941718,5.366003,0.301134,-2.687764
6869,-0.038333,1.023078,9.869911,24.598255,-3.620709,0.665757,6.160304,0.181400,-2.672917
6870,-0.033037,1.166673,9.886061,25.883127,-2.987716,0.430939,7.001623,0.069879,-2.667387
6871,-0.030581,1.292973,9.899909,25.871473,-2.376332,0.129418,7.864146,-0.019982,-2.669742
6872,-0.017871,1.402154,9.883738,26.780231,-2.211103,0.064114,8.741626,-0.096111,-2.677631
6873,-0.005868,1.586796,9.876054,29.356367,-1.776695,-0.143748,9.677200,-0.161502,-2.689594
6875,0.004065,1.781929,9.826012,32.484417,-1.608060,0.079163,10.707834,-0.216835,-2.700678
6876,0.011931,1.988249,9.749757,34.420010,-1.320033,0.271640,11.822822,-0.265811,-2.704499
6877,0.035974,2.207421,9.703650,34.696175,-1.281777,0.330824,12.974633,-0.310292,-2.704029
6878,0.036227,2.460672,9.669806,35.464458,-0.735639,-0.015331,14.143865,-0.344201,-2.706803
6879,0.030080,2.632621,9.593136,33.763344,-0.377206,-0.323057,15.297595,-0.360721,-2.717024
6880,0.024622,2.813270,9.578034,31.157877,-0.001389,-0.698375,16.379614,-0.362162,-2.735156
6881,0.037830,2.958109,9.533230,29.153215,-0.390905,-0.605457,17.384851,-0.362131,-2.757884
6882,0.017217,3.097688,9.460711,28.770098,0.267913,-0.609999,18.350286,-0.357872,-2.777763
6883,0.022887,3.217873,9.422576,27.179342,0.405150,-0.138109,19.282757,-0.343220,-2.785990
6884,0.030820,3.370818,9.369583,27.419592,0.366671,0.527817,20.192617,-0.333274,-2.775532
6885,0.030760,3.504000,9.308177,27.615814,0.670228,1.100924,21.109625,-0.326636,-2.744020
6886,0.018614,3.653126,9.263384,29.626312,1.762836,1.029837,22.063330,-0.301954,-2.696086
6887,0.020693,3.804391,9.219206,29.251667,1.865597,0.950633,23.044294,-0.258752,-2.642480
6888,0.019697,3.936271,9.123322,28.959272,1.456656,1.229408,24.014168,-0.222494,-2.587077
6889,0.011786,4.052112,9.100616,26.723698,1.325030,1.629520,24.941914,-0.200037,-2.524472
6890,0.014813,4.183980,9.042642,25.709679,0.685652,2.155757,25.815495,-0.196769,-2.453099
6891,0.032563,4.271865,8.945031,21.991798,-1.217322,2.931829,26.610193,-0.242153,-2.380893
6892,0.058312,4.384597,8.867512,20.539846,-2.317311,3.505033,27.318655,-0.343290,-2.311859
6893,0.071742,4.538004,8.849443,19.370281,-2.121001,3.432435,27.983311,-0.462461,-2.243696
6894,0.092728,4.646009,8.808481,17.523928,-2.027698,3.255449,28.597605,-0.576163,-2.178316
6895,0.095849,4.716456,8.754389,15.433346,-1.616785,2.564153,29.146265,-0.676181,-2.122698
6896,0.108985,4.826422,8.732680,15.175364,-1.239896,2.355095,29.655798,-0.757915,-2.074654
6897,0.130791,4.928904,8.698614,14.992600,-1.415897,2.245323,30.157972,-0.834510,-2.030271
6898,0.131435,4.949525,8.666162,13.326987,-0.944131,1.371145,30.629465,-0.898937,-1.998173
6899,0.125610,4.993254,8.610162,14.067058,-0.469221,0.365092,31.085821,-0.934014,-1.985434
6900,0.143527,5.092508,8.557595,16.061743,-0.922744,-0.020931,31.588076,-0.956833,-1.992634
6901,0.141143,5.187467,8.512263,16.643177,-0.766815,-0.739583,32.133579,-0.974078,-2.018263
6902,0.123773,5.266423,8.483205,17.071371,-0.291467,-1.336501,32.696129,-0.970439,-2.056954
6903,0.133031,5.362693,8.410004,19.380386,-0.864522,-1.081996,33.304386,-0.964653,-2.101287
6904,0.131537,5.488795,8.338345,22.145052,-1.145120,-1.008937,33.997265,-0.973220,-2.148833
6905,0.130909,5.617847,8.270309,24.859766,-1.044694,-1.265651,34.781532,-0.981921,-2.200723
6906,0.132982,5.731833,8.170185,28.108301,-0.836228,-1.710972,35.665287,-0.978915,-2.259351
6907,0.144681,5.825005,8.045821,30.132956,-1.266755,-1.474026,36.636982,-0.975903,-2.322921
6908,0.161453,5.958074,7.921216,30.997442,-2.278203,-0.037488,37.656704,-1.007778,-2.378646
6909,0.195729,6.084424,7.820321,28.424871,-3.486708,1.439724,38.647758,-1.097723,-2.419504
6910,0.219180,6.188628,7.761337,23.534101,-3.699236,1.611758,39.514404,-1.222724,-2.455380
6911,0.239158,6.295944,7.724576,18.616838,-3.357474,0.904066,40.217850,-1.339880,-2.498532
6912,0.234077,6.397643,7.685324,15.050106,-2.141403,-0.285212,40.780182,-1.416298,-2.550217
6913,0.221599,6.445840,7.637629,12.146620,-0.568636,-2.066445,41.234909,-1.424682,-2.609497
6914,0.206313,6.505684,7.598892,11.730841,1.016694,-3.880215,41.634533,-1.353518,-2.678954
6915,0.178729,6.561743,7.534876,13.229094,2.338443,-4.886008,42.052120,-1.214408,-2.750582
6916,0.147801,6.599990,7.462286,16.564014,2.844004,-4.483679,42.549789,-1.045414,-2.807995
6917,0.143167,6.661831,7.363005,20.738338,2.180050,-3.245790,43.172104,-0.896376,-2.845433
6918,0.120721,6.747123,7.270817,24.497684,1.471290,-1.976990,43.926315,-0.792270,-2.866490
6919,0.129383,6.906429,7.125397,29.410421,-0.017020,0.431970,44.824757,-0.756912,-2.867840
6920,0.153324,7.065941,6.984472,31.452477,-1.417703,2.377055,45.838840,-0.806973,-2.851740
6921,0.174642,7.206383,6.870174,30.255524,-2.495948,2.758563,46.867027,-0.913898,-2.839693
6922,0.189728,7.314112,6.771626,26.373566,-2.679570,2.515250,47.810833,-1.037018,-2.843477
6923,0.216283,7.428087,6.669535,22.066168,-2.452293,1.671124,48.618427,-1.146051,-2.860732
6924,0.211653,7.448434,6.628794,16.121141,-1.389129,-0.103924,49.255493,-1.207827,-2.891864
6925,0.194839,7.481821,6.571896,13.435465,-0.660086,-0.870381,49.748856,-1.217688,-2.928456
6926,0.193377,7.531386,6.472460,12.909057,-0.353019,-0.506076,50.188507,-1.210987,-2.956182
6927,0.196907,7.603434,6.396198,13.788504,0.100393,-1.006928,50.633865,-1.194224,-2.975498
6928,0.189471,7.703912,6.355099,15.567863,0.701509,-1.704419,51.123501,-1.150731,-2.993666
6929,0.182198,7.743743,6.278114,16.170637,0.626834,-1.434708,51.652771,-1.096032,-3.009046
6930,0.186998,7.755096,6.189485,17.032724,0.288543,-1.220342,52.206425,-1.051784,-3.024311
6931,0.179884,7.816008,6.114141,18.279291,0.380422,-1.547612,52.795292,-1.008403,-3.043533
6932,0.175690,7.905966,6.040589,19.030731,0.012534,-0.905098,53.417446,-0.971783,-3.062848
6933,0.178151,7.958972,5.923020,20.166775,-0.640163,0.103803,54.070988,-0.967196,-3.079148
6934,0.179623,8.039253,5.814287,21.930475,-0.988448,0.308854,54.772892,-0.988577,-3.097167
6935,0.174965,8.088161,5.729737,20.979204,-1.198308,0.438055,55.488426,-1.019632,-3.119939
6936,0.187122,8.145576,5.617275,19.375603,-1.052751,0.634927,56.161354,-1.055507,-3.140922
6937,0.180370,8.196263,5.526416,17.353277,-0.021771,-0.593384,56.773754,-1.065967,-3.155461
6938,0.162759,8.262269,5.493407,14.203248,1.232954,-1.824832,57.299770,-1.021163,-3.160523
6939,0.156669,8.311494,5.425098,12.291502,2.040591,-2.037977,57.741146,-0.937542,-3.149144
6940,0.134159,8.389825,5.370039,11.686414,2.809472,-2.849416,58.140381,-0.825583,-3.123903
6941,0.110240,8.437887,5.317677,12.534015,2.463934,-2.764076,58.543709,-0.699812,-3.098229
6942,0.097341,8.446807,5.279706,12.951069,1.443730,-2.212233,58.968315,-0.595133,-3.085551
6943,0.093100,8.456510,5.179348,14.237056,0.825363,-2.359149,59.421497,-0.510345,-3.092052
6944,0.070563,8.478677,5.131530,15.257299,1.054852,-2.755704,59.913204,-0.420963,-3.108043
6945,0.080243,8.533484,5.018788,16.602154,0.763756,-2.209418,60.444279,-0.334097,-3.122908
6946,0.063601,8.578870,4.963069,16.472578,0.357852,-1.612638,60.995594,-0.269392,-3.137726
6947,0.043332,8.655638,4.843948,16.880047,-0.071258,-0.378704,61.551502,-0.237996,-3.149460
6948,0.042874,8.763977,4.741983,16.771242,-0.785138,1.232578,62.112373,-0.257271,-3.155272
6949,0.056837,8.831362,4.601815,17.659979,-1.754380,2.244353,62.686268,-0.328228,-3.165860
6950,0.061747,8.831105,4.517071,17.908644,-1.606285,2.390166,63.279144,-0.422497,-3.180619
6951,0.084485,8.828483,4.377345,18.674490,-0.988157,2.322447,63.888874,-0.512065,-3.184400
6952,0.108636,8.851911,4.298558,19.475611,-0.057626,1.406495,64.524582,-0.575580,-3.173070
6953,0.109801,8.869743,4.197678,21.115873,0.879249,0.266640,65.200851,-0.594987,-3.148889
6954,0.098818,8.918461,4.136872,21.446556,1.448805,-0.020075,65.909821,-0.582656,-3.111937
6955,0.087611,9.027153,3.997597,21.978683,1.082078,-0.723051,66.633224,-0.554324,-3.078331
6956,0.081425,9.150572,3.921280,21.585419,0.981918,-1.310655,67.359077,-0.509717,-3.059937
6957,0.093837,9.157414,3.798818,21.301167,0.198821,-0.116035,68.073753,-0.480270,-3.050773
6958,0.110578,9.165549,3.716800,19.900686,-0.761490,0.995758,68.760452,-0.497368,-3.054028
6959,0.138181,9.210376,3.558494,19.627312,-1.351767,0.670682,69.419434,-0.535907,-3.076946
6960,0.152987,9.252408,3.486243,19.401882,-1.312133,1.925116,70.070152,-0.591896,-3.103625
6961,0.168393,9.313174,3.378049,20.625675,-1.871844,3.690996,70.737465,-0.697849,-3.122169
6962,0.170114,9.403455,3.267128,20.720598,-1.714089,3.733423,71.426781,-0.834272,-3.138509
6963,0.184716,9.449738,3.119791,20.651075,-1.358585,3.781568,72.116425,-0.969241,-3.147973
6964,0.194023,9.470679,3.059057,18.246143,-1.038031,3.795952,72.764694,-1.101676,-3.147956
6965,0.224155,9.474924,2.983436,15.258862,-0.824871,3.108907,73.323006,-1.220790,-3.144072
6966,0.249237,9.422093,2.880985,12.228588,-0.524027,2.407502,73.781029,-1.315330,-3.139604
6967,0.272350,9.437103,2.816298,9.849494,-0.223036,1.994607,74.148788,-1.389278,-3.131307
6968,0.280010,9.489671,2.772813,8.232997,-0.172989,1.456166,74.449936,-1.446424,-3.122094
6969,0.292306,9.526625,2.713663,8.216470,-0.413263,1.678036,74.723976,-1.499380,-3.117634
6970,0.288816,9.522170,2.667939,8.522354,-0.698562,2.274467,75.002975,-1.567812,-3.118316
6971,0.288705,9.570766,2.626974,9.008984,-1.142179,2.405818,75.295425,-1.651076,-3.127969
6972,0.292030,9.587483,2.544089,10.847822,-1.752235,2.120968,75.627190,-1.736223,-3.155735
6973,0.309378,9.581699,2.484046,11.769778,-2.212089,2.323817,76.005569,-1.824246,-3.201677
6974,0.322974,9.556038,2.420968,11.744166,-2.432148,2.111086,76.399338,-1.914494,-3.259246
6975,0.341767,9.588538,2.373153,11.921260,-2.392967,1.181677,76.795990,-1.986526,-3.324795
6976,0.362514,9.598228,2.303013,12.996724,-2.257643,0.451462,77.213699,-2.030480,-3.394268
6978,0.362183,9.612652,2.235251,14.106791,-2.386878,0.541787,77.667992,-2.063466,-3.466295
6979,0.360382,9.622496,2.131684,16.366549,-2.680380,0.211631,78.178772,-2.093411,-3.546303
6980,0.362846,9.670585,1.976168,19.807772,-3.011018,0.246356,78.785019,-2.119830,-3.637799
6981,0.347363,9.681442,1.787396,23.534237,-3.291367,-0.225016,79.511208,-2.139946,-3.740963
6982,0.325172,9.699859,1.616319,25.722927,-2.849134,-1.736472,80.336082,-2.125656,-3.847540
6983,0.314817,9.719384,1.488956,25.442587,-2.061325,-3.310877,81.192207,-2.055734,-3.941967
6984,0.306393,9.709869,1.364346,24.462532,-1.378767,-4.024405,82.026512,-1.943130,-4.016675
6985,0.295843,9.671633,1.249285,22.874844,-0.324935,-4.852075,82.816971,-1.800204,-4.064410
6986,0.281764,9.668321,1.128414,20.968775,0.591301,-4.559294,83.548073,-1.643890,-4.078698
6987,0.287221,9.730980,1.035339,19.911705,0.914115,-2.596251,84.229034,-1.522595,-4.066454
6988,0.286257,9.764246,0.916911,20.200539,1.216065,-1.008773,84.896759,-1.459395,-4.036709
6989,0.299185,9.823558,0.790239,19.755117,1.866736,1.005613,85.561371,-1.455049,-3.985420
6990,0.312228,9.878774,0.693704,18.464743,2.015901,2.713184,86.196533,-1.512176,-3.916307
6991,0.337823,9.932398,0.652470,15.363475,2.102095,3.644179,86.758263,-1.613694,-3.841184
6992,0.352179,9.899560,0.542426,11.973041,1.638230,3.810520,87.211853,-1.734463,-3.772308
6993,0.350096,9.857814,0.519349,8.547141,0.964013,3.271328,87.552315,-1.850386,-3.723532
6994,0.339863,9.842494,0.452562,6.598302,0.424919,1.822357,87.803864,-1.934278,-3.696933
6995,0.332697,9.844884,0.380004,5.317067,0.217143,0.484894,88.002029,-1.972321,-3.684839
6996,0.308782,9.819489,0.341551,5.612213,0.124010,-1.919142,88.184021,-1.948244,-3.679964
6997,0.295289,9.822729,0.274781,6.678899,0.925596,-4.935961,88.388412,-1.833522,-3.665920
6998,0.251156,9.934538,0.206359,6.121211,2.161023,-7.560651,88.600357,-1.623957,-3.619982
6999,0.221956,9.855359,0.197217,7.878514,2.723705,-9.277792,88.831749,-1.341545,-3.544904
7000,0.168783,9.820634,0.254054,7.654839,3.397974,-10.596317,89.088661,-1.008518,-3.448878
7001,0.128852,9.839296,0.167970,8.243017,3.516629,-10.255552,89.352020,-0.659443,-3.338395
7002,0.076700,9.835769,0.206075,7.683824,3.273336,-8.960364,89.616493,-0.338179,-3.228093
7003,0.083578,9.771088,0.174056,8.104652,1.997836,-6.659681,89.879318,-0.077465,-3.141375
7004,0.054149,9.877129,0.139896,5.505042,0.413888,-3.921967,90.106148,0.098872,-3.101151
7005,0.038103,9.937724,0.026552,4.799251,-1.602444,-1.362306,90.277855,0.186990,-3.120652
7006,0.036268,9.897598,0.035409,3.753787,-2.958579,0.846944,90.420166,0.196015,-3.196589
7007,0.027992,9.831092,-0.016884,3.761444,-4.361588,1.983084,90.545059,0.149857,-3.318964
7008,0.026874,9.790284,-0.058382,3.984365,-4.544510,2.092770,90.673859,0.083497,-3.468102
7009,0.032202,9.796311,-0.076737,3.600686,-4.120871,1.503443,90.800133,0.025423,-3.613284
7010,0.043597,9.755548,-0.061854,4.988243,-3.699505,0.991769,90.943260,-0.014176,-3.744244
7011,0.028387,9.760798,-0.136372,6.363601,-3.955190,0.179882,91.132523,-0.031371,-3.872164
7012,0.028168,9.836894,-0.205842,5.745621,-4.319805,-0.114466,91.334389,-0.029483,-4.010084
7013,0.023509,9.756395,-0.356487,6.630606,-4.407680,-0.101724,91.540733,-0.022244,-4.155409
7014,0.009611,9.760057,-0.377715,6.015361,-3.452360,-1.489422,91.751511,0.008036,-4.285594
7015,-0.005132,9.806645,-0.416170,3.160502,-2.580466,-1.870075,91.904350,0.067215,-4.384325
7016,0.005968,9.864212,-0.402366,-0.009874,-1.167683,-1.613524,91.956757,0.127336,-4.444818
7017,0.010041,9.854756,-0.367083,-2.109751,0.341038,-0.769941,91.921402,0.167495,-4.457257
7018,0.000158,9.943550,-0.222144,-5.223043,1.262882,-0.051978,91.799271,0.180313,-4.430103
7019,0.004627,9.881316,-0.213121,-5.218521,1.205290,1.308822,91.625343,0.158144,-4.389620
7020,0.015341,9.864565,-0.208068,-4.408060,1.155672,1.479080,91.464989,0.110636,-4.351555
7021,0.019834,9.837633,-0.193583,-3.303441,1.012298,1.356112,91.336517,0.062512,-4.316593
7022,0.013748,9.833520,-0.148737,-2.483192,1.170942,0.528463,91.240105,0.030291,-4.280924
7023,0.021167,9.856726,-0.162634,-2.067445,1.116707,0.029581,91.164276,0.020189,-4.242996
7024,0.015189,9.867182,-0.148668,-2.136498,0.942147,-0.180775,91.094238,0.022031,-4.208637
7025,0.005591,9.872090,-0.135960,-2.126531,1.185475,-0.438063,91.023193,0.031689,-4.172991
7026,-0.007551,9.865809,-0.132810,-2.334476,1.384338,-0.691853,90.948875,0.049780,-4.129841
7027,-0.012687,9.856977,-0.116735,-2.427847,1.103017,-0.700198,90.869553,0.072320,-4.088022
7028,-0.023088,9.847000,-0.100151,-1.931385,0.871260,-0.869387,90.796944,0.098000,-4.054740
7029,-0.019267,9.874993,-0.118704,-1.497993,0.793763,-1.189530,90.739845,0.131940,-4.026530
7030,-0.019187,9.852478,-0.076113,-1.755489,0.547999,-1.330287,90.685692,0.173655,-4.003644
7031,-0.019604,9.845795,-0.048269,-1.726585,0.277727,-1.245747,90.627716,0.216430,-3.989392
7032,-0.024293,9.836869,-0.063878,-1.191868,0.186909,-1.045628,90.579094,0.254537,-3.981245
7033,-0.025702,9.840181,-0.052222,-1.168159,0.225023,-1.031477,90.539803,0.289086,-3.974042
7034,-0.022255,9.825293,-0.043690,-1.133302,0.204109,-0.650975,90.501480,0.317061,-3.966635
7035,-0.023659,9.860733,-0.064765,-0.743485,0.216424,-0.196832,90.470253,0.331131,-3.959507
7036,-0.029919,9.876405,-0.070097,-0.568489,0.015094,-0.033304,90.448418,0.334935,-3.955619
7037,-0.030212,9.880469,-0.087464,-0.133004,-0.175835,0.044342,90.436707,0.334773,-3.958300
7038,-0.034632,9.891070,-0.090703,0.146618,-0.166786,0.400657,90.436890,0.327400,-3.964066
7039,-0.037976,9.873259,-0.065175,0.143316,-0.062090,0.666869,90.441704,0.309637,-3.968017
7040,-0.042038,9.855721,-0.065570,0.354762,-0.117633,0.674921,90.449989,0.287298,-3.971187
7041,-0.037206,9.856199,-0.077172,0.461105,-0.007440,0.788839,90.463585,0.262920,-3.973465
7042,-0.039525,9.856349,-0.065887,0.127513,0.220365,0.600839,90.473419,0.239730,-3.970107
7043,-0.028732,9.847533,-0.091458,0.826556,0.335544,0.607395,90.489342,0.219516,-3.961010
7044,-0.031957,9.862493,-0.107337,1.084361,0.281971,0.022342,90.521225,0.208930,-3.950812
7045,-0.027636,9.862111,-0.090267,0.616769,0.356860,-0.166790,90.549622,0.211237,-3.940145
7046,-0.018111,9.860473,-0.101056,0.778724,0.475645,0.182770,90.572937,0.210835,-3.926273
7047,-0.009540,9.860028,-0.104876,0.545492,0.453363,0.537600,90.595062,0.198672,-3.910913
7048,-0.010349,9.848384,-0.069677,-0.574378,0.362755,0.479136,90.594620,0.181586,-3.897487
7049,-0.010505,9.848976,-0.067753,-0.782423,0.325471,0.785695,90.572037,0.160391,-3.886229
7050,-0.017211,9.847342,-0.083657,-0.459156,0.148982,0.814961,90.551376,0.133637,-3.878584
7051,-0.022757,9.832457,-0.083482,-0.214250,-0.003819,0.594346,90.540154,0.110127,-3.876389
7052,-0.022787,9.846399,-0.069777,-0.589238,0.080977,0.567186,90.526764,0.090757,-3.875283
7053,-0.022966,9.851453,-0.079191,-0.337441,0.013779,0.479186,90.511330,0.073304,-3.873861
7054,-0.020102,9.854750,-0.081557,-0.460955,-0.066971,0.502070,90.498024,0.056958,-3.874892
7055,-0.013867,9.859664,-0.095193,-0.648681,0.006844,0.693012,90.479523,0.037050,-3.876063
7056,-0.002450,9.869461,-0.072957,-1.003698,-0.006278,0.787431,90.451988,0.012376,-3.876254
7057,0.009035,9.852468,-0.071263,-0.773082,-0.071195,0.926556,90.422371,-0.016179,-3.877763
7058,0.015747,9.849301,-0.076556,-0.931260,-0.150451,1.100183,90.393967,-0.049931,-3.881698
7059,0.016065,9.850657,-0.066431,-1.155612,-0.239443,0.908198,90.359192,-0.083361,-3.888416
7060,0.025853,9.851383,-0.055651,-1.150490,-0.294045,0.772084,90.320778,-0.111312,-3.897473
7061,0.026844,9.844799,-0.051280,-1.127146,-0.228783,0.590606,90.282829,-0.133977,-3.906305
7062,0.022446,9.855101,-0.047287,-1.034236,-0.349918,0.408369,90.246834,-0.150582,-3.916027
7063,0.025875,9.876515,-0.039803,-1.062474,-0.336109,0.339607,90.211929,-0.163002,-3.927511
7064,0.036323,9.871099,-0.027189,-0.853488,-0.150889,0.556775,90.180000,-0.177913,-3.935678
7065,0.041556,9.858042,-0.028148,-0.553816,-0.090012,0.748579,90.156570,-0.199658,-3.939758
7066,0.043671,9.859084,-0.034740,-0.141334,-0.131754,0.958462,90.144997,-0.228099,-3.943529
7067,0.050008,9.841817,-0.024704,-0.112156,-0.128005,0.907106,90.140793,-0.259181,-3.947937
7068,0.047918,9.830359,-0.026522,0.126151,-0.098169,0.701333,90.141045,-0.285978,-3.951772
7069,0.051748,9.846212,-0.033479,0.328194,-0.107761,0.572395,90.148636,-0.307198,-3.955259
7070,0.058214,9.839635,-0.026357,0.514700,0.007372,0.580714,90.162697,-0.326412,-3.956985
7071,0.053743,9.840839,-0.008004,0.030960,-0.005622,0.321755,90.171791,-0.341453,-3.957000
7072,0.040915,9.840828,-0.007875,0.261686,-0.107943,-0.116044,90.176682,-0.344876,-3.958903
7073,0.049831,9.849354,-0.028218,0.187871,0.023743,-0.135570,90.184174,-0.340678,-3.960293
7074,0.055894,9.845621,-0.029425,-0.005227,0.129276,-0.204416,90.187202,-0.335019,-3.957724
7075,0.052032,9.849318,-0.022756,-0.299600,-0.009208,-0.432075,90.182106,-0.324418,-3.955689
7076,0.057587,9.849229,-0.034103,-0.299311,0.057385,-0.384390,90.172127,-0.310812,-3.954844
7077,0.072367,9.874111,-0.061608,-0.293773,0.219420,0.111746,90.162216,-0.306281,-3.950217
7078,0.068719,9.855345,-0.021985,-0.596060,0.150849,0.351938,90.147346,-0.314026,-3.944067
7079,0.064146,9.836656,-0.019012,-0.517938,-0.011274,0.437240,90.128769,-0.327185,-3.941773
7081,0.054640,9.866373,-0.020700,-0.607162,-0.075146,0.054031,90.110023,-0.335369,-3.943230
7082,0.064468,9.882453,-0.028272,-0.268859,-0.062487,0.320393,90.095436,-0.341606,-3.945535
7083,0.064825,9.873852,0.006219,-0.783133,0.018144,0.376780,90.077896,-0.353224,-3.946291
7084,0.061718,9.867602,-0.013827,-0.185035,-0.122587,0.393397,90.061783,-0.366058,-3.948048
7085,0.058752,9.868340,-0.016774,-0.132983,-0.147989,0.036547,90.056511,-0.373219,-3.952565
7086,0.064637,9.854692,-0.003862,-0.361266,0.030934,0.093237,90.048279,-0.375380,-3.954518
7087,0.061710,9.849691,0.004773,-0.422447,0.024344,-0.135346,90.035217,-0.374679,-3.953596
7088,0.069000,9.871165,-0.006713,-0.289466,-0.099702,-0.138843,90.023369,-0.370109,-3.954850
7089,0.075966,9.873546,-0.001532,-0.513411,-0.083919,-0.034000,90.010010,-0.367227,-3.957910
7090,0.076210,9.881120,-0.000942,-0.411133,0.048516,0.161942,89.994606,-0.369359,-3.958500
7091,0.078352,9.874925,-0.010650,0.090967,0.003857,0.211915,89.989250,-0.375590,-3.957626
7092,0.077490,9.882260,-0.007791,-0.143319,0.051403,0.194697,89.988373,-0.382367,-3.956704
7093,0.066036,9.854103,-0.008897,-0.075447,0.059708,0.110722,89.984711,-0.387457,-3.954850
7094,0.062069,9.858136,-0.003676,0.022223,0.105851,-0.043546,89.983810,-0.388576,-3.952091
7095,0.062110,9.861238,-0.009708,0.239314,0.060142,-0.276446,89.988159,-0.383242,-3.949325
7096,0.062408,9.882079,-0.009269,0.020613,0.057290,-0.226847,89.992470,-0.374854,-3.947370
7097,0.059905,9.861218,-0.006374,0.101364,-0.065725,-0.178225,89.994499,-0.368102,-3.947511
7098,0.059069,9.854902,0.008327,-0.312634,-0.008526,-0.415459,89.990982,-0.358208,-3.948750
7099,0.066069,9.855994,-0.004683,-0.104403,0.114565,-0.457416,89.984024,-0.343660,-3.946986
7100,0.072692,9.858361,0.016399,-0.552913,0.114251,-0.210499,89.973053,-0.332526,-3.943177
7101,0.065224,9.834311,0.026080,-0.628818,-0.035819,0.041082,89.953339,-0.329701,-3.941871
7102,0.059481,9.841361,0.001136,-0.064860,0.000067,0.039652,89.941788,-0.331047,-3.942466
7103,0.061227,9.856792,-0.010677,0.210348,0.057673,0.037612,89.944199,-0.332334,-3.941502
7104,0.056381,9.871984,0.011854,-0.257093,0.018149,0.018494,89.943413,-0.333268,-3.940238
7105,0.060511,9.857875,-0.003463,0.095638,0.046489,0.231672,89.940720,-0.337436,-3.939156
7106,0.069373,9.846720,-0.008698,0.188744,0.179764,0.309957,89.945435,-0.346460,-3.935377
7107,0.070001,9.857988,0.003578,-0.172140,0.155640,0.126436,89.945686,-0.353728,-3.929780
7108,0.075548,9.855130,0.012603,-0.457778,0.159881,0.199409,89.935150,-0.359153,-3.924515
7109,0.075850,9.852622,0.019242,-0.542687,0.253628,0.433960,89.918427,-0.369700,-3.917609
7110,0.060034,9.846828,0.033067,-0.643761,0.089470,0.082719,89.898621,-0.378302,-3.911877
7111,0.061369,9.863144,0.032571,-0.661687,0.006568,0.067849,89.876854,-0.380808,-3.910271
7112,0.066243,9.858691,0.048456,-0.988537,0.026582,0.452531,89.849342,-0.389480,-3.909697
7113,0.062934,9.858143,0.045626,-0.757950,-0.145133,0.681280,89.820259,-0.408382,-3.911620
7114,0.058704,9.843805,0.054017,-0.864502,-0.398650,0.541340,89.793282,-0.428789,-3.920615
7115,0.073890,9.863529,0.036895,-0.556237,-0.354274,0.768586,89.769691,-0.450668,-3.933080
7116,0.077455,9.854423,0.039752,-0.478783,-0.180509,0.686209,89.752518,-0.474951,-3.941893
7117,0.081687,9.841771,0.049860,-0.512342,-0.176080,0.486983,89.736046,-0.494531,-3.947749
7118,0.087943,9.852630,0.054407,-0.557081,-0.116478,0.495620,89.718262,-0.510931,-3.952547
7119,0.097314,9.846554,0.024947,0.218747,0.077485,0.577679,89.712631,-0.528822,-3.953108
7120,0.094091,9.834061,0.045042,-0.331431,0.256090,0.185185,89.710701,-0.541508,-3.947485
7121,0.088783,9.842010,0.047939,-0.404044,0.310919,-0.193870,89.698357,-0.541315,-3.938035
7122,0.094750,9.860745,0.031013,-0.061377,0.495238,-0.288777,89.690460,-0.533199,-3.924641
7123,0.089262,9.859704,0.030193,0.051802,0.673876,-0.647622,89.690125,-0.517488,-3.905239
7124,0.084828,9.867769,0.047567,-0.340545,0.746543,-0.723027,89.685104,-0.494515,-3.881690
7125,0.086526,9.868716,0.045185,-0.110892,0.742181,-0.329444,89.677376,-0.476836,-3.856975
7126,0.090011,9.865080,0.048269,-0.121425,0.651696,-0.057995,89.673309,-0.470247,-3.833780
7127,0.079896,9.863812,0.061344,-0.373975,0.507236,-0.165643,89.664894,-0.466408,-3.814486
7128,0.088306,9.854832,0.068988,-0.469056,0.374417,0.272812,89.650726,-0.468106,-3.799780
7129,0.095900,9.858828,0.070563,-0.469719,0.290779,0.402068,89.634979,-0.479284,-3.788623
7130,0.093896,9.854497,0.072465,-0.407503,0.193495,0.182079,89.620293,-0.488967,-3.780489
7131,0.087213,9.847074,0.077784,-0.516572,0.051870,-0.201243,89.604858,-0.488620,-3.776402
7132,0.080493,9.821462,0.078444,-0.429237,0.133403,-0.435282,89.589066,-0.477990,-3.773387
7133,0.065545,9.840118,0.091265,-0.792447,0.320642,-0.948944,89.568642,-0.454864,-3.765989
7134,0.060876,9.843436,0.079001,-0.421548,0.406294,-0.982515,89.548317,-0.422581,-3.754121
7135,0.062694,9.862474,0.066940,-0.305216,0.396248,-0.939065,89.536118,-0.390449,-3.741001
7136,0.060517,9.858571,0.080767,-0.668420,0.486168,-0.862126,89.519798,-0.360309,-3.726541
7137,0.063928,9.871614,0.089354,-0.877827,0.451799,-0.616956,89.493935,-0.335524,-3.711122
7138,0.072734,9.846844,0.067640,-0.211658,0.253193,-0.220617,89.475708,-0.321459,-3.699499
7139,0.072685,9.844325,0.090782,-0.735812,0.204943,-0.096348,89.459869,-0.316105,-3.691911
7140,0.069000,9.821991,0.119567,-1.119996,0.312547,0.090186,89.428894,-0.315919,-3.683289
7141,0.075182,9.854612,0.107432,-0.594886,0.284266,0.439994,89.400261,-0.324653,-3.673252
7142,0.077770,9.862314,0.103244,-0.236155,0.075068,0.619546,89.386360,-0.342248,-3.667078
7143,0.069337,9.847496,0.121080,-0.497030,0.055525,0.711253,89.374130,-0.364402,-3.664661
7144,0.068800,9.841559,0.105540,0.009664,0.052580,0.669127,89.365997,-0.387388,-3.662607
7145,0.067143,9.867582,0.086409,0.483854,0.101118,0.255255,89.374199,-0.402765,-3.659876
7146,0.062897,9.844005,0.105186,-0.057965,0.188425,0.039126,89.381264,-0.407618,-3.654998
7147,0.069198,9.847963,0.104929,-0.309656,0.341305,0.209978,89.375069,-0.411674,-3.646125
7148,0.078466,9.848121,0.102084,-0.293414,0.347631,0.127092,89.364937,-0.417165,-3.634581
7149,0.077509,9.846138,0.120990,-0.911552,0.177031,-0.011363,89.344788,-0.418995,-3.625815
7150,0.081267,9.849022,0.140693,-1.320637,-0.031739,0.338323,89.307571,-0.424415,-3.623329
7151,0.086218,9.847249,0.122833,-0.584423,-0.085958,0.609231,89.275841,-0.440230,-3.625096
7152,0.090599,9.840018,0.125460,-0.371225,-0.221384,0.719696,89.259949,-0.462442,-3.629936
7153,0.086918,9.855826,0.132707,-0.335679,-0.412158,0.683841,89.248245,-0.485969,-3.640190
7154,0.090938,9.857430,0.117954,0.318524,-0.415439,0.791219,89.248085,-0.510732,-3.653661
7155,0.089623,9.859138,0.115998,0.395681,-0.322708,0.618538,89.260101,-0.534386,-3.665658
7156,0.087955,9.852918,0.130081,0.084063,-0.403056,0.608534,89.268204,-0.554991,-3.677492
7157,0.078741,9.855509,0.126293,0.195429,-0.366226,0.254874,89.272987,-0.569543,-3.690128
7158,0.086311,9.859747,0.112202,0.561528,-0.219750,0.081817,89.285690,-0.575276,-3.699823
7159,0.085749,9.862262,0.124115,0.245274,-0.083347,-0.272115,89.299194,-0.572167,-3.704915
7160,0.082599,9.848289,0.114932,0.554966,-0.072056,-0.464477,89.312561,-0.559923,-3.707654
7161,0.095445,9.862162,0.099588,0.788574,-0.067042,-0.516517,89.334976,-0.543601,-3.710166
7162,0.109307,9.853199,0.111670,0.444898,0.012960,-0.395392,89.355545,-0.528414,-3.711240
7163,0.102069,9.852218,0.124435,0.063964,0.091060,-0.343969,89.364006,-0.516073,-3.709644
7164,0.094573,9.857654,0.106452,0.471025,-0.048378,-0.229015,89.372917,-0.506516,-3.709038
7165,0.102137,9.854265,0.100451,0.435243,-0.072972,0.092707,89.388039,-0.504266,-3.711085
7166,0.093280,9.848370,0.113921,0.061502,0.024075,0.029859,89.396317,-0.506317,-3.711878
7167,0.085376,9.860929,0.100734,0.243533,-0.006809,-0.100673,89.401405,-0.505134,-3.711602
7168,0.094632,9.848145,0.077675,0.712524,-0.041129,0.178473,89.417336,-0.506439,-3.712389
7169,0.100600,9.842897,0.093340,0.158044,0.094086,0.359183,89.431847,-0.515391,-3.711416
7170,0.099032,9.839116,0.106335,-0.204944,0.079790,0.090969,89.431046,-0.522864,-3.708442
7171,0.102556,9.850834,0.091188,0.057408,0.063844,0.100679,89.428551,-0.526034,-3.706016
7172,0.098257,9.830690,0.101761,-0.046111,0.082370,0.226188,89.428719,-0.531457,-3.703525
7173,0.087272,9.841904,0.104428,-0.225187,0.014011,-0.081324,89.424179,-0.533855,-3.701895
7174,0.088394,9.845373,0.114924,-0.499338,-0.028287,-0.129624,89.412109,-0.530342,-3.702168
7175,0.096135,9.853867,0.109983,-0.324734,0.052128,0.291546,89.398369,-0.533036,-3.701743
7176,0.093838,9.836437,0.120345,-0.395201,-0.020250,0.412817,89.386360,-0.544769,-3.701087
7178,0.094640,9.849300,0.110087,-0.321589,-0.025658,0.282507,89.374420,-0.556366,-3.701727
7179,0.098092,9.848049,0.121601,-0.621432,0.137875,0.145820,89.358681,-0.563483,-3.699777
7180,0.101909,9.844777,0.109145,-0.252787,0.188687,0.124557,89.344063,-0.567928,-3.694284
7181,0.102733,9.842662,0.103863,-0.210704,0.122750,0.083759,89.336288,-0.571340,-3.689053
7182,0.103630,9.844617,0.114841,-0.628429,0.202699,-0.071219,89.322250,-0.571485,-3.683627
7183,0.103979,9.850467,0.135319,-1.079077,0.144208,-0.269578,89.293732,-0.565736,-3.677913
7184,0.107748,9.845600,0.127927,-0.725962,-0.005054,-0.041687,89.263618,-0.560519,-3.675659
7185,0.101710,9.835625,0.132541,-0.769467,0.066407,-0.140609,89.238693,-0.557467,-3.674676
7186,0.086421,9.843979,0.154416,-1.164112,0.097785,-0.672446,89.206436,-0.543880,-3.672124
7187,0.089284,9.862416,0.136832,-0.604698,0.037582,-0.558452,89.176941,-0.523335,-3.670156
7188,0.091787,9.844844,0.129929,-0.417171,0.116995,-0.280063,89.159889,-0.509324,-3.667783
7189,0.089602,9.839441,0.145808,-0.767652,0.162376,-0.305776,89.140106,-0.499492,-3.663272
7190,0.090441,9.850091,0.152185,-0.781320,0.081201,-0.319385,89.114258,-0.489012,-3.659371
7191,0.094250,9.846996,0.131655,-0.411887,0.097044,-0.328549,89.094353,-0.478168,-3.656570
7192,0.081883,9.828336,0.143284,-0.583148,0.075037,-0.770724,89.077736,-0.459803,-3.653993
7193,0.081099,9.847540,0.145635,-0.438220,0.113826,-0.948130,89.060699,-0.431108,-3.651311
7194,0.074619,9.867764,0.159930,-0.725533,0.212678,-0.836621,89.041267,-0.401276,-3.646362
7195,0.062965,9.874953,0.154521,-0.458537,0.119196,-0.705156,89.021500,-0.375490,-3.641266
7196,0.064751,9.864071,0.157832,-0.231415,0.020739,-0.281232,89.009987,-0.359012,-3.639216
7197,0.070286,9.865669,0.171786,-0.629371,0.193148,0.189166,88.995621,-0.357416,-3.635679
7198,0.065447,9.858779,0.181837,-0.942530,0.092291,0.398595,88.969391,-0.367126,-3.630748
7199,0.069534,9.849834,0.173015,-0.683594,0.003833,0.447058,88.942276,-0.381188,-3.628890
7200,0.072741,9.838179,0.178282,-0.900918,0.114881,0.409438,88.915855,-0.395423,-3.626644
7201,0.072646,9.826953,0.187826,-1.020941,0.247935,0.199641,88.883781,-0.405457,-3.620404
7202,0.065536,9.838799,0.187067,-0.717107,0.212708,-0.461290,88.854759,-0.400945,-3.612813
7203,0.062581,9.857912,0.199019,-0.665852,0.278999,-0.665976,88.831657,-0.381996,-3.604997
7204,0.060253,9.857141,0.194881,-0.248749,0.226989,-0.587760,88.816360,-0.360932,-3.596994
7205,0.069206,9.856866,0.197816,-0.182639,0.074591,-0.350347,88.809151,-0.345196,-3.592292
7206,0.064109,9.867783,0.225414,-0.973990,-0.085348,-0.308323,88.789871,-0.334224,-3.592701
7207,0.072857,9.861709,0.231732,-1.187331,-0.171162,0.527166,88.753868,-0.337962,-3.596898
7208,0.074804,9.844913,0.220962,-1.134641,-0.218598,0.850379,88.715195,-0.361059,-3.602887
7209,0.068805,9.842489,0.223750,-1.378828,-0.337762,0.422007,88.673370,-0.382471,-3.611675
7210,0.059327,9.829369,0.237467,-1.506066,-0.151206,-0.123462,88.625351,-0.387637,-3.619704
7211,0.070461,9.856345,0.237003,-1.379622,0.171442,-0.182184,88.577248,-0.382537,-3.619489
7212,0.075573,9.866462,0.238398,-1.371147,0.186686,-0.240128,88.531357,-0.375351,-3.613698
7213,0.082866,9.869674,0.262141,-1.726079,0.081624,-0.285360,88.479721,-0.366480,-3.609457
7214,0.086462,9.879279,0.278090,-2.106130,0.098949,0.008620,88.415825,-0.361787,-3.606573
7215,0.086135,9.910583,0.295484,-3.033289,-0.148221,0.716953,88.330170,-0.373898,-3.607052
7216,0.080309,9.873809,0.311973,-3.925607,-0.393621,1.355655,88.214264,-0.408697,-3.615042
7217,0.072458,9.856353,0.367905,-6.406587,-0.556581,1.179287,88.042160,-0.451439,-3.629493
7218,0.078341,9.862588,0.395110,-9.078720,-1.128701,1.403143,87.784286,-0.495474,-3.655986
7219,0.104476,9.856383,0.469467,-12.881012,-1.797560,2.536510,87.418724,-0.563112,-3.701964
7220,0.132866,9.847227,0.531339,-16.619175,-2.319294,3.647177,86.927742,-0.669426,-3.765427
7221,0.148822,9.845622,0.625865,-21.423443,-2.663394,4.163924,86.294685,-0.804289,-3.840647
7222,0.162001,9.832705,0.724705,-26.878450,-2.490056,4.264534,85.490852,-0.950559,-3.916239
7223,0.171466,9.836308,0.883570,-33.577995,-0.963461,3.688900,84.484123,-1.087667,-3.961945
7224,0.183951,9.817245,1.072186,-39.866741,0.894703,2.293392,83.259987,-1.187039,-3.952318
7225,0.185959,9.766914,1.295631,-42.916981,2.565389,-0.012001,81.879150,-1.217420,-3.890022
7226,0.185032,9.746727,1.544017,-43.295380,4.149358,-1.687006,80.440315,-1.172364,-3.783526
7227,0.188232,9.738382,1.776905,-40.095261,4.988410,-1.827389,79.047958,-1.087754,-3.643889
7228,0.181090,9.689862,1.984274,-35.334301,4.697373,-1.761227,77.788338,-0.996878,-3.497703
7229,0.155862,9.637464,2.151798,-30.730303,4.243237,-1.930046,76.685196,-0.903995,-3.365945
7230,0.119193,9.596320,2.380063,-30.945728,4.059301,-2.141541,75.655617,-0.805041,-3.247766
7231,0.116379,9.576591,2.463686,-28.759747,3.356481,-2.022881,74.659271,-0.706280,-3.146064
7232,0.094675,9.542556,2.617856,-30.397629,2.954855,-2.826190,73.672493,-0.599806,-3.066926
7233,0.080939,9.475649,2.860816,-32.763714,2.587945,-3.105420,72.619331,-0.478367,-3.007147
7234,0.067033,9.450140,3.031615,-31.492201,1.624869,-3.180754,71.548256,-0.357049,-2.972581
7235,0.080397,9.442163,3.086705,-27.044771,0.894083,-2.301321,70.572693,-0.256942,-2.962536
7236,0.049602,9.384138,3.297763,-29.337034,0.132760,-2.286807,69.633102,-0.179195,-2.972511
7237,0.023819,9.295241,3.507418,-30.133764,-0.130731,-2.091187,68.642059,-0.110961,-2.998495
7238,0.012666,9.261055,3.593334,-29.618052,-0.034652,-1.750786,67.646324,-0.052551,-3.024913
7239,-0.002496,9.192144,3.735051,-30.152298,0.633343,-2.023572,66.650246,0.009272,-3.040163
7240,-0.045722,9.085609,3.966724,-32.559479,1.383508,-3.136235,65.605118,0.101469,-3.044192
7241,-0.074948,8.984435,4.143688,-32.114170,2.133866,-3.397226,64.527351,0.224895,-3.036854
7242,-0.082173,8.886361,4.287304,-31.442026,1.932975,-3.538843,63.468231,0.358452,-3.026567
7243,-0.104737,8.766494,4.418401,-31.828407,1.017574,-4.654783,62.413692,0.502438,-3.044886
7244,-0.136669,8.703275,4.638850,-33.774315,0.671911,-4.959817,61.319916,0.657111,-3.095572
7245,-0.136415,8.642769,4.758414,-32.082973,-0.212258,-3.501957,60.221626,0.783937,-3.157765
7246,-0.126358,8.566221,4.853369,-29.619076,-0.791373,-2.041939,59.192490,0.855283,-3.218936
7247,-0.137819,8.483054,4.993379,-28.080225,-0.590986,-1.116994,58.230206,0.888297,-3.266071
7248,-0.146903,8.440343,5.153944,-24.222727,0.087181,0.454097,57.358353,0.893128,-3.279108
7249,-0.133179,8.340017,5.216605,-21.192747,0.201785,1.891670,56.601856,0.862886,-3.253822
7250,-0.136543,8.242408,5.349445,-21.628143,0.322579,1.741077,55.888798,0.817350,-3.212981
7251,-0.140753,8.192587,5.545663,-23.537420,0.601653,0.935619,55.136608,0.789303,-3.175010
7252,-0.132085,8.161358,5.651212,-24.145660,0.853690,0.603297,54.342411,0.782382,-3.140348
7253,-0.133111,8.042553,5.758476,-26.044003,1.271446,0.298139,53.506474,0.791096,-3.102849
7254,-0.129552,7.982543,5.923890,-27.305540,1.323434,0.364283,52.617939,0.808256,-3.061616
7255,-0.110426,7.880124,6.039314,-27.252905,1.125161,1.006085,51.709358,0.815250,-3.015379
7256,-0.119141,7.766496,6.125460,-26.534372,1.047518,0.894518,50.813644,0.813185,-2.967351
7257,-0.129869,7.688941,6.233296,-24.611134,0.878325,0.622045,49.961853,0.814184,-2.926505
7258,-0.106952,7.651633,6.346107,-22.998425,0.364524,1.312000,49.168930,0.803097,-2.889825
7259,-0.121748,7.536201,6.474443,-23.228285,0.516208,1.122374,48.399044,0.782242,-2.852099
7260,-0.135035,7.473239,6.579065,-22.603962,0.230800,0.415323,47.635567,0.771521,-2.825686
7261,-0.124867,7.415943,6.663855,-21.138538,-0.231110,0.538294,46.906704,0.759880,-2.814888
7262,-0.115510,7.313422,6.757895,-21.101665,-0.507797,0.886567,46.202820,0.734183,-2.807521
7263,-0.139455,7.188413,6.855961,-21.338942,-0.377271,-0.268354,45.495457,0.716514,-2.810951
7264,-0.121517,7.143638,6.878443,-18.935940,-1.644859,-0.873226,44.823772,0.706278,-2.848219
7265,-0.123922,7.076101,7.015207,-21.257101,-1.452429,-1.464347,44.153130,0.696825,-2.912214
7266,-0.114718,6.979257,7.105977,-21.914804,-1.425613,-1.881066,43.432728,0.700790,-2.985632
7267,-0.104700,6.871057,7.218478,-22.874479,-1.591505,-2.128586,42.685246,0.709686,-3.068778
7268,-0.115191,6.794662,7.308240,-22.160175,-1.546174,-2.292498,41.933594,0.720623,-3.158472
7269,-0.129426,6.664233,7.437343,-22.711624,-0.723389,-2.352730,41.184696,0.743688,-3.241490
7270,-0.118469,6.599864,7.473000,-18.958801,-0.395792,-1.990310,40.489326,0.776876,-3.308419
7271,-0.130366,6.497593,7.577980,-18.281448,0.307418,-1.914492,39.867973,0.817731,-3.359086
7272,-0.150545,6.433368,7.585717,-16.031549,0.867650,-2.255795,39.295490,0.877089,-3.400154
7273,-0.150080,6.346292,7.665821,-16.869770,1.355749,-2.529783,38.746532,0.956097,-3.438756
7274,-0.165470,6.276903,7.704747,-16.996252,1.985095,-3.199432,38.181408,1.059082,-3.478876
7275,-0.197602,6.168516,7.805638,-18.747950,2.685935,-3.999652,37.584763,1.194204,-3.525742
7276,-0.228433,6.092061,7.858640,-19.746655,2.944333,-4.447987,36.941975,1.354131,-3.580961
7277,-0.249777,5.995842,7.955843,-22.247946,2.905634,-4.809839,36.240440,1.524389,-3.646736
7278,-0.285895,5.893287,8.018931,-23.201988,2.659847,-5.486447,35.480595,1.700087,-3.731524
7279,-0.325011,5.757565,8.192183,-26.497559,1.657573,-5.775443,34.648823,1.866838,-3.843865
7281,-0.332816,5.602251,8.272537,-29.558838,-0.399186,-4.916926,33.710060,1.984314,-3.979655
7282,-0.335214,5.425880,8.356173,-31.764336,-2.111258,-4.616697,32.682632,2.036289,-4.135781
7283,-0.325105,5.228807,8.457676,-34.369289,-3.301532,-4.345155,31.574314,2.039348,-4.310468
7284,-0.303998,5.067097,8.560019,-35.348679,-3.677696,-3.270346,30.406536,2.004987,-4.479346
7285,-0.282702,4.886685,8.599387,-34.947365,-2.822087,-2.589736,29.230276,1.959495,-4.618084
7286,-0.291386,4.743915,8.678492,-33.230888,-1.414844,-2.856610,28.090233,1.940988,-4.731618
7287,-0.297108,4.590180,8.796718,-33.803627,0.216694,-2.445715,26.970116,1.964104,-4.819142
7288,-0.320681,4.448815,8.884707,-31.986471,1.901750,-1.820361,25.872053,2.027263,-4.867026
7289,-0.335948,4.267888,9.001498,-32.544868,2.386750,-1.446839,24.795958,2.115059,-4.885561
7290,-0.334941,4.123056,9.075481,-32.649025,2.176200,-0.436374,23.709591,2.197237,-4.882918
7291,-0.351564,3.922989,9.154454,-33.351711,2.234385,0.345325,22.610756,2.265345,-4.855432
7292,-0.379495,3.762834,9.196135,-31.217855,2.166242,0.446685,21.536295,2.328287,-4.815631
7293,-0.378609,3.606673,9.281590,-31.614597,1.276288,0.590781,20.490688,2.375629,-4.778886
7294,-0.386142,3.439788,9.337153,-31.414030,1.443268,0.684016,19.441782,2.410985,-4.743480
7295,-0.408955,3.305583,9.415017,-30.342775,1.535278,-0.049598,18.413708,2.454498,-4.717345
7296,-0.408688,3.165773,9.459814,-29.172047,1.676708,-0.767286,17.422035,2.509666,-4.713800
7297,-0.388622,3.019338,9.518481,-27.888386,1.156191,-0.879688,16.470552,2.562874,-4.726278
7298,-0.394303,2.866446,9.539099,-26.783424,0.816875,-1.048613,15.558437,2.603364,-4.748145
7299,-0.402769,2.727096,9.573613,-25.891415,0.074534,-1.126445,14.679162,2.627178,-4.779313
7300,-0.402969,2.573630,9.580112,-24.973412,-0.220024,-0.568696,13.830184,2.631802,-4.807363
7301,-0.406523,2.443509,9.639759,-24.489882,-0.417678,0.310878,13.005536,2.622434,-4.814040
7302,-0.415573,2.304429,9.664381,-24.544651,-0.544653,0.766540,12.188978,2.602817,-4.800023
7303,-0.412743,2.175627,9.711971,-24.200399,-1.034454,0.879211,11.377576,2.571429,-4.778539
7304,-0.406483,2.046505,9.720460,-23.916813,-0.835415,1.152223,10.576881,2.534388,-4.751240
7305,-0.396453,1.896337,9.771964,-23.812792,-1.032760,1.353123,9.782993,2.496346,-4.715604
7306,-0.384846,1.746708,9.795901,-23.124922,-1.337875,1.176107,9.002256,2.450479,-4.680447
7307,-0.369401,1.614779,9.827579,-21.934536,-1.274142,1.171592,8.252663,2.401582,-4.648283
7308,-0.369230,1.509688,9.844336,-20.739937,-0.750643,1.222859,7.542904,2.362671,-4.613363
7309,-0.359478,1.404321,9.861990,-19.556000,-1.258965,0.765517,6.872510,2.325276,-4.584642
7310,-0.356988,1.289891,9.868087,-19.756739,-1.201547,0.414326,6.217915,2.282318,-4.569794
7311,-0.354688,1.193234,9.852809,-19.275023,-1.084345,0.321681,5.567735,2.243180,-4.561492
7312,-0.361827,1.075346,9.873681,-19.011768,-0.581298,0.069796,4.929799,2.214943,-4.557528
7313,-0.350007,0.916949,9.891376,-19.889353,-0.363871,0.078493,4.281515,2.199053,-4.556304
7314,-0.346170,0.791377,9.898125,-20.271511,0.091069,0.261083,3.612396,2.194127,-4.550956
7315,-0.350160,0.691160,9.907445,-19.450708,0.245065,0.316087,2.950766,2.199159,-4.541004
7316,-0.352863,0.601848,9.908086,-18.137465,0.274395,0.369522,2.324773,2.207278,-4.529174
7317,-0.353804,0.487391,9.936653,-17.597006,0.030194,0.477946,1.729768,2.211848,-4.514867
7318,-0.365667,0.397235,9.924599,-16.023121,0.109008,0.598617,1.170143,2.213708,-4.496869
7319,-0.362748,0.327109,9.940963,-14.707227,0.016896,0.529933,0.658712,2.215499,-4.478012
7320,-0.346952,0.231771,9.927855,-14.032354,-0.272596,0.360732,0.180301,2.211129,-4.463192
7321,-0.344574,0.108205,9.942646,-14.731236,-0.348981,0.023115,-0.298837,2.200782,-4.456789
7322,-0.333504,0.034473,9.902891,-14.019836,-0.496908,0.201461,-0.777865,2.186732,-4.452914
7323,-0.325996,-0.042864,9.924054,-13.747978,-1.000428,0.329448,-1.240300,2.161930,-4.443626
7324,-0.331999,-0.128278,9.925349,-12.775795,-1.230603,0.809557,-1.681611,2.125238,-4.423705
7325,-0.331153,-0.191665,9.928886,-10.705918,-1.130973,1.366475,-2.071586,2.087070,-4.386152
7326,-0.324798,-0.223620,9.952333,-8.091444,-1.287106,1.904194,-2.382847,2.048897,-4.330084
7327,-0.326236,-0.269363,9.955668,-5.926442,-1.049839,1.962974,-2.614133,2.012772,-4.263963
7328,-0.319072,-0.289268,9.952109,-2.953348,-0.560282,1.837050,-2.759873,1.988924,-4.199403
7329,-0.313282,-0.300561,9.952361,-0.212691,-0.530848,1.617265,-2.810619,1.973545,-4.140981
7330,-0.309852,-0.309894,9.956542,1.719728,-0.657167,1.266298,-2.783822,1.956103,-4.091986
7331,-0.299791,-0.329812,9.943034,3.216525,-0.861254,0.966998,-2.700248,1.932598,-4.053577
7332,-0.290130,-0.326138,9.942839,5.046809,-1.363050,0.804084,-2.561485,1.896915,-4.022373
7333,-0.288277,-0.293418,9.940145,6.077657,-1.710157,0.663395,-2.375208,1.846790,-3.995717
7334,-0.289774,-0.286540,9.945887,5.727334,-1.998637,0.396370,-2.177823,1.785724,-3.975601
7335,-0.286137,-0.266379,9.922769,5.394702,-2.305537,0.125567,-1.992112,1.714348,-3.964287
7336,-0.283234,-0.230621,9.902011,4.910287,-2.025843,-0.240831,-1.820350,1.642132,-3.963800
7337,-0.273113,-0.191847,9.910540,3.543363,-1.836016,-0.677631,-1.679833,1.577326,-3.977141
7338,-0.261072,-0.193436,9.899796,2.650017,-1.802305,-0.955966,-1.577301,1.515932,-4.002637
7339,-0.248122,-0.178166,9.901201,2.556594,-1.437376,-0.941629,-1.491309,1.461106,-4.032813
7340,-0.242556,-0.174847,9.911296,2.301773,-1.150705,-0.853118,-1.411061,1.417227,-4.061635
7341,-0.237161,-0.172722,9.917655,2.095664,-1.239865,-0.676369,-1.338369,1.376784,-4.086172
7342,-0.234918,-0.176189,9.915053,2.103743,-1.191729,-0.502986,-1.268822,1.335822,-4.104905
7343,-0.229596,-0.153744,9.931726,1.938631,-1.047470,-0.367410,-1.201763,1.298199,-4.118607
7344,-0.217935,-0.155735,9.914349,1.880863,-1.254792,-0.352822,-1.138355,1.259591,-4.129827
7345,-0.209931,-0.143666,9.904102,2.053657,-1.310202,-0.385195,-1.073028,1.216612,-4.141303
7346,-0.203288,-0.132467,9.906366,1.911111,-1.019261,-0.443389,-1.007222,1.177543,-4.154408
7347,-0.202105,-0.114867,9.906828,2.015249,-0.663424,-0.360225,-0.942046,1.149274,-4.167327
7348,-0.213683,-0.123434,9.894829,2.454154,-0.235009,-0.227716,-0.867746,1.134148,-4.176891
7349,-0.218079,-0.083368,9.911527,3.154098,0.299740,0.105925,-0.774316,1.135199,-4.178940
7350,-0.221154,-0.063506,9.931187,3.558537,0.807357,0.488271,-0.662246,1.153775,-4.169271
7351,-0.225927,-0.057655,9.932291,4.038476,0.968505,0.919930,-0.535157,1.183619,-4.146110
7352,-0.217380,-0.026242,9.940808,5.061072,0.509134,1.309468,-0.382727,1.208546,-4.109145
7353,-0.210289,-0.008142,9.946920,5.633441,-0.214378,1.597973,-0.203464,1.213708,-4.060695
7354,-0.217279,0.003647,9.920616,5.957306,-0.633459,1.477608,-0.009207,1.199675,-4.009389
7355,-0.211077,0.039439,9.912452,5.930788,-1.163260,1.331256,0.189893,1.169653,-3.962606
7356,-0.198804,0.078662,9.929453,5.796836,-1.477869,1.136930,0.386170,1.125426,-3.921676
7357,-0.196240,0.079785,9.916483,5.430868,-1.377928,0.837379,0.573921,1.077553,-3.889160
7358,-0.183020,0.117585,9.893136,5.124546,-1.298726,0.458980,0.750232,1.032692,-3.868068
7359,-0.168858,0.158245,9.910771,4.383508,-1.219361,-0.122415,0.908786,0.990643,-3.863065
7360,-0.156800,0.165838,9.915190,4.531855,-1.052741,-0.053713,1.057313,0.952824,-3.866650
7361,-0.158706,0.185100,9.929089,4.690902,-1.345348,-0.096054,1.210972,0.912914,-3.869940
7362,-0.171001,0.226166,9.943832,4.667263,-1.697464,-0.619765,1.366738,0.862482,-3.883006
7363,-0.165020,0.262581,9.959281,4.747557,-2.408623,-0.903278,1.523258,0.794703,-3.910107
7364,-0.148632,0.290012,9.925653,5.833976,-2.645037,-0.821770,1.699208,0.711314,-3.941209
7365,-0.141833,0.303161,9.923336,5.222641,-2.527492,-1.175609,1.883065,0.626191,-3.977183
7366,-0.116762,0.326975,9.881077,4.172261,-2.268559,-1.376508,2.039181,0.547754,-4.022430
7367,-0.096530,0.340261,9.895271,2.047472,-1.328499,-1.238230,2.142427,0.489427,-4.068165
7368,-0.093624,0.341051,9.866763,0.694158,0.631380,-1.023202,2.187796,0.479235,-4.106267
7369,-0.105988,0.317305,9.917446,-1.915713,2.050821,-0.821892,2.167177,0.525071,-4.135305
7370,-0.121895,0.338427,9.902166,-3.674091,2.511178,-0.608104,2.073803,0.601929,-4.156316
7371,-0.143336,0.311081,9.928472,-4.800304,3.065011,-0.287776,1.932430,0.695326,-4.167997
7372,-0.147072,0.316740,9.898626,-4.650465,2.967885,0.351655,1.774970,0.795782,-4.163682
7373,-0.156367,0.287008,9.950223,-4.505914,1.263164,0.569851,1.622613,0.865806,-4.146238
7374,-0.156072,0.278604,9.912048,-4.073524,0.563798,0.961829,1.480024,0.895551,-4.119910
7375,-0.162658,0.226637,9.955310,-3.218999,0.593740,1.206919,1.359058,0.913937,-4.083300
7376,-0.169590,0.250710,9.938137,-0.253819,0.124419,1.188290,1.301822,0.924972,-4.043106
7377,-0.173054,0.232607,9.955469,2.546676,0.013740,1.194157,1.340677,0.926349,-4.003350
7378,-0.177824,0.285963,9.925615,4.586366,1.013459,1.744757,1.460366,0.942259,-3.953958
7379,-0.180123,0.290667,9.905318,6.080673,0.829237,2.274158,1.639285,0.971145,-3.886166
7380,-0.175785,0.321367,9.855799,7.033302,0.374341,3.010798,1.859365,0.988506,-3.797494
7381,-0.168514,0.369785,9.886787,6.046383,0.395341,3.712324,2.079303,0.997481,-3.685043
7382,-0.164879,0.421738,9.934210,4.603612,-0.163836,4.134011,2.259079,0.996406,-3.554199
7384,-0.156628,0.409478,9.939449,4.509578,-1.243637,4.229963,2.413330,0.967305,-3.415844
7385,-0.154500,0.459410,9.951060,3.847803,-2.661864,4.552357,2.554941,0.895932,-3.272401
7386,-0.130788,0.556043,9.975004,3.623012,-3.718586,4.383142,2.681550,0.782909,-3.128456
7387,-0.109116,0.524044,9.983424,2.136405,-3.895065,4.080876,2.779213,0.649439,-2.993573
7388,-0.096109,0.497847,9.928652,0.989154,-3.213002,3.455224,2.832527,0.524978,-2.873900
7389,-0.080790,0.544612,9.866280,-1.921019,-1.764629,2.552116,2.817802,0.437191,-2.777978
7390,-0.074506,0.542684,9.873146,-3.921684,0.763518,1.848742,2.720969,0.417003,-2.705499
7391,-0.085404,0.430182,9.942862,-5.625453,2.507125,1.692183,2.562338,0.468750,-2.644011
7392,-0.118224,0.403020,9.942811,-6.006782,2.972175,1.481550,2.368985,0.557720,-2.587220
7393,-0.114556,0.196733,10.008671,-9.104128,2.374611,1.534721,2.117704,0.644801,-2.533492
7394,-0.113124,0.161800,10.052762,-8.045536,0.275840,1.044182,1.832392,0.687479,-2.489042
7395,-0.091331,0.165867,10.058932,-6.046263,-2.566801,0.961287,1.597902,0.648321,-2.456813
7396,-0.043221,0.197092,9.896692,-4.161409,-5.413117,1.444575,1.428137,0.514308,-2.420293
7397,0.017866,0.140761,9.760560,-3.358826,-7.002706,2.415630,1.303222,0.305894,-2.360960
7398,0.030834,0.310385,9.648091,-0.008213,-5.953229,2.512075,1.247378,0.088177,-2.283684
7399,0.023580,0.312883,9.726763,-0.290402,-2.910500,3.249603,1.242430,-0.061623,-2.190937
7400,0.019025,0.210797,9.838020,-0.715248,-0.508712,3.296513,1.225527,-0.120944,-2.083084
7401,-0.021795,0.178157,9.960630,-1.279312,1.221956,2.115802,1.192120,-0.110959,-1.992643
7402,-0.053213,0.245308,10.064500,-0.692218,1.814855,0.518991,1.159206,-0.061251,-1.947697
7403,-0.042654,0.279256,10.080880,0.668833,0.466940,-0.284941,1.158821,-0.023306,-1.943024
7404,0.004980,0.245398,9.966743,2.144816,-1.646020,-0.358702,1.205723,-0.042732,-1.954151
7405,0.041549,0.255905,9.836156,2.415757,-2.763309,-0.446565,1.281755,-0.115911,-1.969159
7406,0.057759,0.306998,9.791384,3.004414,-1.786131,-0.408637,1.372135,-0.191385,-1.985160
7407,0.064409,0.305191,9.814765,2.382535,-0.017408,-0.015386,1.461944,-0.221259,-1.992977
7408,0.039015,0.205822,9.956006,-1.495730,1.697735,0.779663,1.476676,-0.193587,-1.979536
7409,0.005885,0.165225,10.017076,-2.855619,2.280028,0.265243,1.404100,-0.127745,-1.960469
7410,-0.022841,0.227366,10.011229,-2.200333,1.939979,-0.482314,1.319841,-0.057341,-1.962418
7411,-0.038689,0.183501,10.022973,-3.009425,1.591519,-0.561827,1.233023,0.001895,-1.978503
7412,-0.038609,0.139884,9.992830,-4.083166,0.707188,-0.945316,1.114805,0.040713,-2.002837
7413,-0.020929,0.183473,9.885079,-2.411070,-0.101391,-1.994833,1.006531,0.051717,-2.051656
7414,-0.011723,0.240009,9.889693,-1.524823,0.210318,-2.506983,0.940867,0.054821,-2.126649
7415,-0.017596,0.190139,9.931276,-2.301272,0.906034,-1.998515,0.877013,0.074623,-2.201434
7416,-0.006083,0.149206,9.937966,-2.768143,0.529096,-1.848750,0.792421,0.099467,-2.265198
7417,-0.018170,0.149373,9.961968,-2.342652,0.328969,-1.765446,0.707131,0.114552,-2.325246
7418,-0.030255,0.185716,9.949373,-1.161622,0.295725,-1.359783,0.648618,0.125580,-2.377207
7419,-0.031868,0.121328,9.932744,-1.619701,0.287013,-0.504353,0.602192,0.135634,-2.408167
7420,-0.024046,0.117070,9.951935,-1.195590,0.123288,-0.730492,0.555220,0.142676,-2.428678
7421,-0.034613,0.159126,9.953574,0.362981,0.446659,-1.141653,0.541264,0.152475,-2.459789
7422,-0.024444,0.150890,9.929195,1.841730,0.524203,-1.450404,0.577887,0.169081,-2.502829
7423,-0.031753,0.126996,9.944422,2.477747,0.800820,-1.747589,0.649712,0.191738,-2.555887
7424,-0.036525,0.142326,9.952975,2.972810,0.653110,-1.866438,0.740340,0.216700,-2.615824
7425,-0.033737,0.144327,9.914581,3.378877,0.336433,-2.098792,0.845943,0.234107,-2.681675
7426,-0.037762,0.130469,9.890801,2.929156,0.317892,-2.190120,0.950780,0.246132,-2.752974
7427,-0.045804,0.179275,9.919221,2.108452,0.615874,-2.076802,1.034425,0.262921,-2.823811
7428,-0.046635,0.189023,9.917376,0.966180,0.782728,-1.576121,1.085378,0.287350,-2.884254
7429,-0.060045,0.202227,9.911559,0.658057,1.250818,-1.373365,1.112189,0.322176,-2.932757
7430,-0.072198,0.214793,9.944809,0.337015,1.706115,-0.875898,1.128550,0.372181,-2.969277
7431,-0.063480,0.216073,9.954364,0.264315,1.226120,-0.526102,1.138413,0.421504,-2.991673
7432,-0.064527,0.219909,9.939754,0.068870,0.774359,-0.312837,1.143864,0.455117,-3.004989
7433,-0.067509,0.211929,9.955264,-0.480080,0.153806,-0.169412,1.136948,0.470743,-3.012718
7434,-0.061320,0.186696,9.958206,-1.467677,-0.683330,0.226900,1.104492,0.461900,-3.011934
7435,-0.058497,0.156086,9.950135,-2.489411,-1.201730,0.431666,1.038622,0.430282,-3.001549
7436,-0.064532,0.161772,9.964473,-3.017564,-1.298600,0.501412,0.946945,0.388346,-2.986721
7437,-0.053888,0.134129,9.959910,-3.317226,-1.793171,0.868549,0.841505,0.336467,-2.964694
7438,-0.043456,0.106638,9.910517,-3.163373,-2.148787,1.276793,0.733680,0.270280,-2.929847
7439,-0.041246,0.110412,9.911511,-2.723014,-1.692640,1.228071,0.635745,0.205759,-2.888871
7440,-0.038906,0.122331,9.895138,-1.794693,-1.310160,1.353542,0.560585,0.155265,-2.846367
7441,-0.027254,0.071218,9.876550,-1.995649,-1.105214,1.627850,0.497530,0.114548,-2.797053
7442,-0.027515,0.053480,9.870320,-1.942244,-0.435363,1.274004,0.431986,0.088479,-2.748897
7443,-0.018781,0.071805,9.938399,-1.560585,0.134566,0.575961,0.373653,0.083251,-2.718096
7444,-0.011065,0.081928,9.933576,-0.824323,-0.118451,0.116921,0.333922,0.083450,-2.706545
7445,-0.002238,0.043683,9.932499,-1.639175,-0.284772,-0.314831,0.292859,0.076749,-2.709881
7446,-0.004155,0.045034,9.948127,-1.563073,-0.134222,-0.581058,0.239469,0.069836,-2.724845
7447,-0.009886,0.039425,9.960689,-1.696963,-0.364301,-0.547860,0.185113,0.061598,-2.743690
7448,-0.015550,0.007254,9.918365,-1.455996,-0.452802,-0.400414,0.132549,0.048024,-2.759534
7449,-0.021176,-0.013662,9.921805,-1.508598,-0.340883,-0.215983,0.083132,0.034815,-2.769832
7450,-0.030639,-0.002690,9.935827,-1.179747,0.165099,-0.077490,0.038323,0.031889,-2.774726
7451,-0.015334,0.006634,9.929214,-0.579377,0.112474,0.103481,0.009005,0.036515,-2.774289
7452,-0.008345,-0.015907,9.915174,-0.480910,0.195409,0.176612,-0.008664,0.041646,-2.769621
7453,-0.013962,0.034493,9.948575,0.557150,0.148294,0.250435,-0.007387,0.047375,-2.762504
7454,-0.003116,0.053167,9.976926,1.109840,0.036223,0.462735,0.020406,0.050449,-2.750617
7455,0.006591,0.041561,9.954716,1.173888,-0.464610,0.705296,0.058484,0.043295,-2.731154
7456,-0.007244,0.035774,9.947007,0.909424,-0.788449,0.602837,0.093218,0.022383,-2.709378
7457,-0.001697,0.065801,9.948605,0.772288,-1.054679,0.537260,0.121248,-0.008371,-2.690433
7458,0.013304,0.037236,9.916408,0.196406,-1.212246,0.660858,0.137383,-0.046198,-2.670548
7459,0.005817,-0.005071,9.894560,-0.733184,-1.080135,0.615235,0.128412,-0.084453,-2.649368
7460,-0.000801,0.020014,9.905226,-0.283157,-0.511356,0.269234,0.111448,-0.111007,-2.634679
7461,0.004350,0.046237,9.913212,0.424184,-0.287665,0.068187,0.113787,-0.124335,-2.629082
7462,0.007579,0.040408,9.919670,0.586265,-0.131826,0.115688,0.130621,-0.131334,-2.626033
7463,0.008620,0.027962,9.917789,0.425349,0.155956,-0.017943,0.147478,-0.130935,-2.624403
7464,0.015180,0.054284,9.919293,0.667436,0.113200,-0.150653,0.165697,-0.126442,-2.627201
7465,0.020895,0.049210,9.927121,0.675745,0.108584,-0.176169,0.188095,-0.122729,-2.632637
7466,0.024086,0.036866,9.917207,0.662867,0.270044,-0.270219,0.210421,-0.116393,-2.640055
7467,0.022163,0.057580,9.922305,0.925904,0.461304,-0.406438,0.236922,-0.104160,-2.651285
7468,0.014998,0.082053,9.946941,1.252420,0.520014,-0.475699,0.273252,-0.087739,-2.665914
7469,0.009185,0.058738,9.940503,1.125300,0.566288,-0.391301,0.312900,-0.069560,-2.680272
7470,0.003872,0.058828,9.934623,1.039827,0.453829,-0.369986,0.348999,-0.052485,-2.692862
7471,0.002592,0.070748,9.928426,1.085802,0.312364,-0.394387,0.384437,-0.039634,-2.705519
7472,0.011821,0.061561,9.920662,0.818081,-0.133586,-0.470794,0.416178,-0.036554,-2.719917
7473,0.007546,0.048745,9.913625,0.014319,-0.241080,-0.527554,0.430063,-0.042676,-2.736601
7474,0.009052,0.092781,9.915719,0.617693,-0.233056,-0.879092,0.440616,-0.050401,-2.760104
7475,0.015623,0.087772,9.913801,0.351826,-0.315960,-0.873494,0.456802,-0.059321,-2.789384
7476,0.018446,0.081785,9.932183,-0.059259,-0.428702,-0.683832,0.461708,-0.071524,-2.815439
7477,0.012401,0.088918,9.920127,0.085161,-0.167532,-0.552772,0.462168,-0.081296,-2.836128
7478,0.018450,0.081550,9.915072,-0.050810,-0.297405,-0.486136,0.462766,-0.088904,-2.853505
7479,0.008236,0.062643,9.918787,-0.332083,-0.210876,-0.379270,0.456408,-0.097260,-2.867996
7480,0.013020,0.074473,9.933307,-0.078605,-0.096786,-0.394344,0.449586,-0.102286,-2.880929
7481,0.020523,0.093249,9.934965,0.299116,-0.254279,-0.372583,0.453284,-0.108036,-2.893757
7482,0.014862,0.052178,9.935561,-0.417481,-0.440956,-0.361333,0.451336,-0.119526,-2.906080
7483,0.019123,0.059450,9.915015,-0.185790,-0.526229,-0.480182,0.441314,-0.135536,-2.920230
7484,0.029211,0.084138,9.922974,0.025078,-0.664303,-0.319976,0.438669,-0.155275,-2.933719
7485,0.021126,0.087709,9.923180,0.145587,-0.519169,-0.281130,0.441543,-0.174922,-2.943888
7487,0.016229,0.062698,9.921462,-0.353243,-0.264951,-0.238182,0.438110,-0.187924,-2.952644
7488,0.023408,0.080352,9.913237,-0.015661,-0.043473,-0.154679,0.431983,-0.193015,-2.959230
7489,0.024016,0.100012,9.944051,0.033416,0.165060,-0.151468,0.432296,-0.190950,-2.964318
7490,0.033273,0.074340,9.942350,0.036232,0.167127,-0.206095,0.433476,-0.185368,-2.970235
7491,0.030024,0.056252,9.927271,0.020166,0.273760,-0.274277,0.434442,-0.177960,-2.978185
7492,0.030191,0.085245,9.928893,0.580566,0.412579,-0.432797,0.444489,-0.166431,-2.989882
7493,0.019927,0.091041,9.953999,0.551402,0.491626,-0.429921,0.463395,-0.151247,-3.004140
7494,0.012929,0.077693,9.927995,0.289153,0.380694,-0.164202,0.477428,-0.136627,-3.013923
7495,0.009868,0.085526,9.924667,0.239008,0.528657,-0.080766,0.486240,-0.121438,-3.017878
7496,0.014515,0.096146,9.933042,0.291494,0.383807,0.081933,0.495081,-0.106231,-3.017729
7497,0.014231,0.086452,9.928842,0.013510,0.131047,0.221789,0.500155,-0.097694,-3.012592
7498,0.017237,0.103092,9.937052,0.239531,0.079739,0.107623,0.504363,-0.094229,-3.007071
7499,0.020113,0.102801,9.937467,0.328870,0.039242,0.093132,0.513831,-0.092276,-3.003708
7500,0.013830,0.085944,9.923775,-0.014098,-0.117102,0.124659,0.519071,-0.093606,-3.000090
7501,0.015411,0.107116,9.917970,0.478209,-0.235470,-0.046730,0.526804,-0.099494,-2.998844
7502,0.017090,0.092584,9.932495,0.351038,-0.138743,-0.078041,0.540629,-0.105711,-3.000982
7503,0.020252,0.085514,9.927869,0.486015,-0.162633,-0.016150,0.554583,-0.110719,-3.002600
7504,0.029232,0.112045,9.953155,1.115392,-0.546558,-0.152723,0.581279,-0.122510,-3.005532
7505,0.031600,0.119964,9.947274,1.810625,-0.725282,-0.213813,0.630061,-0.143642,-3.011864
7506,0.023816,0.113685,9.935941,2.000331,-0.555164,-0.304326,0.693600,-0.164882,-3.020746
7507,0.027383,0.152431,9.924708,2.820778,-0.453996,-0.384090,0.773987,-0.181553,-3.032435
7508,0.033105,0.158970,9.928894,2.979883,-0.470260,-0.315779,0.870704,-0.196788,-3.044322
7509,0.030485,0.141746,9.902376,2.948986,-0.187453,-0.327229,0.969557,-0.207576,-3.055212
7510,0.036167,0.180092,9.928659,3.356555,-0.186559,-0.402387,1.074694,-0.213591,-3.067484
7511,0.043649,0.204600,9.951634,3.234312,-0.389258,-0.275039,1.184585,-0.222964,-3.078962
7512,0.038473,0.213297,9.944410,3.160315,-0.350740,-0.274074,1.291200,-0.235096,-3.088377
7513,0.039378,0.236399,9.933528,3.311679,-0.490353,-0.325538,1.399110,-0.248876,-3.098697
7514,0.041191,0.261684,9.949769,3.044299,-0.600585,-0.280868,1.505091,-0.266796,-3.109261
7515,0.034765,0.259804,9.931220,2.750062,-0.284779,-0.274017,1.601710,-0.281296,-3.118904
7516,0.041594,0.277736,9.930459,2.444937,-0.373603,-0.291647,1.688342,-0.291994,-3.128645
7517,0.047807,0.294683,9.940534,1.975711,-0.553795,-0.257116,1.762069,-0.307169,-3.138252
7518,0.046875,0.290490,9.925705,1.884120,-0.651739,-0.237807,1.826449,-0.326993,-3.147124
7519,0.044008,0.290315,9.925171,1.657948,-0.600927,-0.309666,1.885541,-0.347564,-3.156919
7520,0.054106,0.318236,9.946257,1.696046,-0.777908,-0.125674,1.941491,-0.370290,-3.164938
7521,0.058882,0.319549,9.937784,2.445616,-0.874368,0.181350,2.010519,-0.397843,-3.164960
7522,0.071260,0.311619,9.935016,2.699815,-1.014636,0.297537,2.096228,-0.429591,-3.158113
7523,0.078991,0.334797,9.933053,2.924529,-1.047797,0.284795,2.189902,-0.464303,-3.149698
7524,0.085621,0.370102,9.920559,4.515427,-1.064167,0.616524,2.313786,-0.500066,-3.136071
7525,0.092035,0.452494,9.935787,8.116587,-1.045876,0.363752,2.524186,-0.535890,-3.121235
7526,0.106595,0.497653,9.980290,11.765373,-1.243357,-0.121298,2.855527,-0.574198,-3.118999
7527,0.112155,0.590497,9.977523,17.542599,-1.321377,-0.029082,3.344036,-0.616758,-3.123820
7528,0.105862,0.699982,9.956909,23.958439,-1.192863,-0.176331,4.035770,-0.658348,-3.129948
7529,0.100377,0.822906,9.925072,28.865765,-0.887226,-0.912744,4.916375,-0.691495,-3.150776
7530,0.075853,0.856285,9.939130,27.904989,1.104666,-2.299302,5.863122,-0.682897,-3.203768
7531,0.045265,1.053827,9.844243,29.522043,2.955331,-3.235750,6.821110,-0.605543,-3.288126
7532,0.021700,1.231132,9.850031,30.181450,4.365921,-4.474033,7.817130,-0.468196,-3.400152
7533,0.013001,1.420856,9.877387,31.983223,4.675772,-4.949038,8.854008,-0.296411,-3.533794
7534,0.026361,1.626139,9.888960,33.719463,3.229990,-4.558635,9.949465,-0.140564,-3.668595
7535,0.037376,1.889370,9.787204,38.327213,0.429554,-2.932414,11.150321,-0.057729,-3.780014
7536,0.014976,2.080524,9.772975,39.757790,-1.111575,-1.843567,12.451665,-0.052454,-3.859947
7537,0.001666,2.285093,9.704052,40.688450,-2.211491,-0.301053,13.792315,-0.098197,-3.907156
7538,0.019758,2.473730,9.634410,40.793316,-2.555947,1.171787,15.150163,-0.178625,-3.912819
7539,0.004207,2.682052,9.559052,41.989784,-0.859364,2.088905,16.529539,-0.248075,-3.876007
7540,0.008946,2.884619,9.504318,42.680130,0.442638,2.851050,17.940140,-0.278962,-3.799583
7541,0.042719,3.082814,9.460847,42.064922,0.585005,3.808439,19.351772,-0.298102,-3.689062
7542,0.052681,3.289491,9.380051,40.614239,0.189122,4.066482,20.728832,-0.330849,-3.561340
7543,0.021873,3.488055,9.214422,38.753426,0.596406,3.716739,22.050655,-0.365940,-3.435748
7544,0.001366,3.642150,9.136810,36.297100,1.476245,3.084405,23.300562,-0.377762,-3.317901
7545,-0.005786,3.895300,9.024384,38.012821,2.251083,2.505929,24.538208,-0.358753,-3.207652
7546,-0.022796,4.092794,8.901668,39.482628,3.591049,2.134138,25.828991,-0.303585,-3.096333
7547,-0.032048,4.284673,8.804048,41.816448,5.499850,1.045332,27.183294,-0.191650,-2.981433
7548,-0.061594,4.572534,8.791634,43.660912,7.421399,-0.892521,28.607534,-0.002571,-2.878644
7549,-0.062602,4.859252,8.737082,43.402794,7.263638,-1.321911,30.058550,0.228743,-2.791184
7550,-0.055672,5.051614,8.664699,40.018318,5.620353,-0.822992,31.449120,0.431473,-2.712130
7551,-0.052242,5.274551,8.580251,37.237244,3.622902,0.136046,32.737148,0.568019,-2.639873
7552,-0.059474,5.443649,8.481275,32.907574,1.635656,2.022957,33.906883,0.621463,-2.561488
7553,-0.030686,5.593462,8.371911,28.556961,-0.745743,4.857196,34.932240,0.568947,-2.458304
7554,-0.030332,5.693102,8.255038,25.196890,-2.471691,7.457111,35.829205,0.406506,-2.321739
7555,-0.040088,5.733396,8.268987,25.046509,-3.469752,6.756605,36.667213,0.186692,-2.189021
7556,-0.035943,5.842717,8.060217,23.043495,-5.862411,4.286062,37.468704,-0.048402,-2.135898
7557,-0.019754,5.930686,7.911606,22.864241,-6.175259,0.806858,38.233879,-0.259083,-2.191924
7558,0.010086,5.952694,7.847386,21.806591,-6.149823,-2.862498,38.979191,-0.398383,-2.346971
7559,0.039181,6.091675,7.769745,22.763605,-7.075643,-6.903440,39.723942,-0.465785,-2.612709
7560,0.049503,6.356782,7.570485,24.542946,-6.480286,-8.821723,40.515114,-0.469851,-2.958811
7561,0.056894,6.387866,7.635980,20.631807,-4.343034,-8.088103,41.270519,-0.421733,-3.290033
7562,0.052304,6.461425,7.615721,20.577694,-4.134448,-7.800865,41.959248,-0.351486,-3.581916
7563,0.030702,6.599496,7.512701,23.050627,-4.217541,-7.755704,42.687923,-0.279816,-3.867326
7564,0.023982,6.720210,7.349137,26.210331,-4.755913,-6.873775,43.510120,-0.222377,-4.147513
7565,0.017770,6.789196,7.244027,26.391634,-4.469090,-5.823681,44.387711,-0.186123,-4.406488
7566,0.009900,6.970548,7.067166,28.964291,-3.332293,-5.662425,45.310905,-0.143236,-4.633853
7567,0.029226,7.116193,7.004154,27.826670,-1.708827,-4.237588,46.257675,-0.083469,-4.809156
7568,0.044043,7.292825,6.957859,23.785650,-1.041379,-2.778826,47.117928,-0.029694,-4.922728
7569,0.052469,7.365148,6.874094,20.148449,-0.844930,-0.797784,47.850147,-0.006944,-4.986157
7570,0.072546,7.418086,6.748410,19.114632,-1.223891,1.568923,48.504513,-0.039452,-5.003216
7571,0.094850,7.483578,6.682024,17.703966,-1.805519,3.942464,49.118107,-0.141765,-4.980622
7572,0.117746,7.401318,6.824462,13.688169,-2.487751,5.528166,49.641102,-0.308103,-4.932064
7573,0.106333,7.353828,6.686271,9.854938,-4.888622,6.404767,50.033226,-0.539346,-4.897633
7574,0.088648,7.446393,6.606202,12.156621,-4.418200,5.093581,50.400017,-0.785893,-4.894078
7575,0.092976,7.436235,6.521712,17.990923,-3.872917,3.223489,50.902752,-0.980710,-4.913127
7576,0.101450,7.544486,6.466664,28.661657,-3.012777,2.518588,51.680805,-1.127168,-4.942985
7577,0.131782,7.873707,6.007212,50.083279,-1.324792,3.189332,52.993092,-1.246595,-4.942259
7578,0.232975,8.038059,5.695479,62.156445,2.484861,2.177291,54.861877,-1.307316,-4.874194
7579,0.314199,8.139242,5.392448,67.633308,5.399518,-2.060436,57.021927,-1.235064,-4.764711
7580,0.187942,8.427607,5.113053,67.687965,9.236997,-9.151919,59.274349,-0.947723,-4.656930
7581,0.100816,8.584907,4.688624,65.646980,10.306885,-14.011682,61.494629,-0.451385,-4.565896
7582,-0.003109,8.671513,4.404802,56.188583,8.637419,-17.049137,63.524368,0.153132,-4.525642
7584,-0.122785,8.915279,4.222272,47.117386,5.493850,-16.622772,65.245445,0.760404,-4.556594
7585,-0.238766,9.115667,4.050756,40.568348,2.446794,-11.589062,66.705406,1.243273,-4.627333
7586,-0.164645,9.180444,3.854808,36.043331,-1.495067,-3.218690,67.980217,1.476962,-4.707388
7587,-0.151040,9.270364,3.760130,30.538218,-3.250579,-0.870530,69.087265,1.511354,-4.805177
7588,-0.205928,9.353450,3.539023,33.297390,-2.231618,-3.422829,70.148170,1.546495,-4.915563
7589,-0.271368,9.285494,3.316391,38.243855,-0.949749,-3.923461,71.337868,1.644614,-5.006230
7590,-0.295536,9.246216,3.053951,42.767750,0.062312,-3.519892,72.686310,1.758146,-5.058662
7591,-0.324381,9.283083,2.825954,43.787724,0.955559,-2.355253,74.128288,1.856936,-5.070321
7592,-0.319385,9.344786,2.527657,45.753399,1.139036,2.113768,75.621437,1.870047,-5.037557
7593,-0.269247,9.493375,2.333368,45.105991,-0.259881,7.022925,77.137039,1.725658,-4.986973
7594,-0.215699,9.677951,2.133152,44.327034,-1.151013,7.823833,78.628113,1.478804,-4.957448
7595,-0.193071,9.805875,1.921180,45.536419,-1.961503,5.470184,80.125305,1.251441,-4.967473
7596,-0.168900,9.818302,1.681308,48.918301,-2.840209,2.829467,81.698044,1.102117,-5.024906
7597,-0.153787,9.821171,1.447440,50.684776,-2.953617,-0.566624,83.355995,1.052058,-5.116062
7598,-0.155884,9.764963,1.132660,51.312317,-1.970802,-2.972960,85.053894,1.102410,-5.204077
7599,-0.151462,9.705508,0.852108,51.303719,-1.267704,-1.458010,86.762543,1.172306,-5.263481
7600,-0.128414,9.677190,0.596645,48.632324,-0.268734,1.016517,88.427223,1.178677,-5.289186
7601,-0.143426,9.733361,0.260522,45.973072,1.153139,0.966404,90.003944,1.145960,-5.273697
7602,-0.169570,9.786776,-0.022775,41.175331,1.464970,0.198573,91.457008,1.126158,-5.230311
7603,-0.151394,9.840301,-0.209951,36.115196,1.177659,0.188104,92.745857,1.118155,-5.186605
7604,-0.160578,9.854597,-0.423923,30.722902,0.895834,-0.835571,93.860367,1.126926,-5.151480
7605,-0.191073,9.872869,-0.626721,26.962017,0.463248,-1.786279,94.822212,1.168777,-5.125670
7606,-0.187668,9.839728,-0.750459,23.524284,-0.077656,-1.108050,95.663803,1.216206,-5.114941
7607,-0.173401,9.806470,-0.870745,20.861637,-0.449970,-0.389027,96.403404,1.241908,-5.121039
7608,-0.180573,9.765862,-0.967906,19.370296,-0.639199,-0.004315,97.073547,1.250522,-5.138270
7609,-0.168620,9.739394,-1.109458,20.396624,0.085614,1.164394,97.736046,1.232525,-5.149897
7610,-0.138616,9.740398,-1.266654,21.879366,0.540691,3.647548,98.440605,1.151686,-5.150788
7611,-0.101863,9.762321,-1.396181,24.215647,0.310570,4.972410,99.208672,1.007555,-5.158689
7612,-0.076473,9.742230,-1.544976,30.388453,0.255384,5.309160,100.118378,0.837032,-5.178109
7613,-0.058083,9.685380,-1.807084,38.603790,0.757094,6.417244,101.267891,0.641877,-5.197846
7614,-0.030618,9.637854,-2.041816,44.864693,0.475311,7.130756,102.658615,0.416795,-5.224571
7615,-0.014144,9.552419,-2.258222,48.386101,-0.003481,6.880510,104.212265,0.187857,-5.271210
7616,0.000849,9.455473,-2.502706,51.010731,0.287436,6.455309,105.868439,-0.027997,-5.324403
7617,0.042357,9.364102,-2.805526,50.295574,0.793816,6.282182,107.556587,-0.236387,-5.368259
7618,0.088030,9.319238,-3.042103,45.292637,0.647082,6.247992,109.149612,-0.442045,-5.411201
7619,0.125499,9.296612,-3.237548,38.900768,-0.136873,6.617062,110.553169,-0.646596,-5.475939
7620,0.163725,9.181049,-3.444572,33.865013,-1.388145,6.330679,111.767059,-0.838755,-5.577433
7621,0.210631,9.221503,-3.581670,28.179016,-1.326506,7.198256,112.803070,-1.030347,-5.704800
7622,0.247735,9.199860,-3.717957,23.778326,-1.027898,6.143927,113.671387,-1.219254,-5.828464
7623,0.285329,9.165044,-3.841793,21.993385,-1.335835,3.956604,114.436554,-1.356908,-5.933067
7624,0.287228,9.107923,-3.979239,22.024694,-1.764803,0.473177,115.172020,-1.402222,-6.011067
7625,0.279808,9.074823,-4.117513,23.012777,-1.939097,-2.951375,115.923508,-1.338277,-6.049137
7626,0.231684,8.889502,-4.311240,25.886797,-3.690714,-6.737003,116.738716,-1.151871,-6.061778
7627,0.169401,8.799459,-4.420612,27.996603,-5.843616,-7.607992,117.637291,-0.866606,-6.094098
7628,0.091031,8.702820,-4.547252,29.118959,-6.758459,-7.946038,118.589943,-0.539106,-6.157266
7629,0.047079,8.593188,-4.678901,28.553783,-6.639350,-7.116535,119.551567,-0.211262,-6.230472
7630,0.004127,8.539672,-4.844282,27.976061,-6.581514,-5.856326,120.493759,0.086138,-6.313025
7631,-0.025513,8.494266,-5.001246,27.313734,-6.897851,-4.691793,121.414810,0.352386,-6.415189
7632,-0.034599,8.435183,-5.105628,26.370975,-7.048670,-3.429182,122.308472,0.589956,-6.541113
7633,-0.040112,8.373520,-5.205842,25.880905,-6.969026,-2.673420,123.177589,0.801790,-6.682560
7634,-0.068780,8.282470,-5.334846,25.632793,-6.454435,-2.358658,124.033920,0.995425,-6.822445
7635,-0.097233,8.206175,-5.451349,25.214891,-5.660944,-1.603394,124.878891,1.164118,-6.951563
7636,-0.120153,8.141650,-5.563923,24.780767,-4.810085,-0.645652,125.709518,1.295544,-7.072304
7637,-0.163036,8.043542,-5.732091,24.549980,-3.869528,-0.892318,126.529259,1.401518,-7.173996
7638,-0.197484,7.960658,-5.893033,24.533131,-3.653083,-0.667922,127.345123,1.497692,-7.258586
7639,-0.214185,7.906721,-5.972621,25.263823,-4.460452,-0.466913,128.172455,1.595445,-7.353923
7640,-0.219273,7.780653,-6.063880,25.568142,-4.562209,-1.244762,129.016724,1.711500,-7.453710
7641,-0.234613,7.615985,-6.188615,25.966000,-4.400936,-1.758928,129.872971,1.845088,-7.537337
7642,-0.250012,7.522782,-6.244590,24.954542,-4.315151,0.745232,130.718277,1.951946,-7.637272
7643,-0.256897,7.410378,-6.306993,22.322083,-3.269157,1.274390,131.502151,2.009589,-7.754593
7644,-0.238425,7.282123,-6.426259,19.852139,-1.536786,1.356144,132.201889,2.030375,-7.843509
7645,-0.243790,7.252412,-6.483767,17.019793,-0.362707,2.210229,132.814178,2.007996,-7.906987
7646,-0.242615,7.225914,-6.549357,13.376158,0.797579,3.200327,133.318832,1.937169,-7.963232
7647,-0.232320,7.186407,-6.636563,10.321346,1.901213,2.115658,133.712860,1.841939,-7.991560
7648,-0.234301,7.143627,-6.708560,9.268526,2.139290,1.853893,134.039444,1.747613,-7.988849
7649,-0.258569,7.149084,-6.761431,9.708905,1.633261,1.076732,134.356064,1.668771,-7.977810
7650,-0.242230,7.114522,-6.823113,10.854941,1.086431,-0.227136,134.699432,1.626895,-7.955440
7651,-0.234223,7.061165,-6.870080,13.169245,0.331614,-2.030587,135.101074,1.636877,-7.912157
7652,-0.240806,6.986939,-6.932688,16.617313,-0.395336,-3.581083,135.599442,1.703375,-7.846391
7653,-0.251022,6.884111,-6.998066,20.822308,-1.545950,-4.844482,136.225830,1.824319,-7.768042
7654,-0.261862,6.754868,-7.111836,24.411180,-2.262300,-5.394290,136.982361,1.987652,-7.687654
7655,-0.305680,6.669161,-7.200278,27.505789,-2.914835,-5.241473,137.850220,2.171093,-7.615487
7656,-0.340079,6.612325,-7.280060,28.174717,-2.554279,-5.137405,138.780899,2.354138,-7.546856
7657,-0.352905,6.489836,-7.438468,27.664877,-1.750799,-5.444162,139.715179,2.523610,-7.459991
7658,-0.363827,6.404149,-7.564632,25.040743,-0.389469,-4.480664,140.598236,2.657020,-7.355720
7659,-0.378262,6.329746,-7.614247,21.113394,0.917995,-2.677680,141.372040,2.725304,-7.257292
7660,-0.367375,6.204775,-7.691844,17.734728,2.441014,-0.882069,142.023331,2.718138,-7.175847
7661,-0.355632,6.086517,-7.760282,17.402166,3.505204,1.006072,142.611679,2.638442,-7.116727
7662,-0.348253,6.018022,-7.789993,18.661392,3.912817,2.508529,143.213959,2.504462,-7.088788
7663,-0.326850,5.951754,-7.873079,20.600832,4.010437,3.046072,143.868469,2.343202,-7.084730
7664,-0.283778,5.829098,-7.974197,23.585714,4.544404,3.175663,144.604843,2.166892,-7.085546
7665,-0.269176,5.701252,-8.040273,27.417616,4.781176,2.049036,145.455505,1.989641,-7.067822
7666,-0.240090,5.575192,-8.123682,27.709976,4.803872,0.973305,146.375839,1.829179,-7.020067
7667,-0.227559,5.426516,-8.200591,27.005444,4.891629,-0.272168,147.290131,1.687593,-6.941455
7668,-0.214749,5.267714,-8.244453,26.706451,4.412060,-1.806489,148.188477,1.575047,-6.829387
7669,-0.238616,5.175601,-8.304562,25.987543,2.547411,-4.305208,149.070648,1.529114,-6.682065
7670,-0.215869,5.095819,-8.444107,23.691521,1.288672,-4.987174,149.903076,1.552751,-6.516312
7671,-0.224118,4.978553,-8.566654,22.903780,0.759294,-5.360819,150.684235,1.608594,-6.349634
7672,-0.224358,4.875496,-8.642215,21.898012,0.469119,-5.277195,151.435638,1.676482,-6.184547
7673,-0.217334,4.647130,-8.699155,21.968716,1.077960,-4.746845,152.171463,1.732693,-6.025077
7674,-0.217296,4.589428,-8.780358,21.086164,2.049140,-4.476692,152.893890,1.757342,-5.864532
7675,-0.244179,4.347643,-8.765340,21.547043,2.493607,-4.349208,153.609482,1.755957,-5.698981
7676,-0.251692,4.218486,-8.740593,22.953270,2.240487,-4.232911,154.356110,1.747792,-5.535738
7677,-0.238653,4.128004,-8.818351,25.507402,1.741809,-4.191888,155.168472,1.747596,-5.380376
7678,-0.256331,4.145952,-8.934757,25.657337,0.955784,-3.722149,156.025436,1.761104,-5.241655
7679,-0.262289,3.880369,-8.968831,28.361153,0.196985,-2.784945,156.929001,1.786723,-5.134536
7680,-0.255956,3.849802,-9.098787,30.455891,-0.454540,-2.192033,157.911575,1.822437,-5.059581
7681,-0.258784,3.702864,-9.184896,30.544167,-0.287708,-1.749375,158.929993,1.858029,-5.003045
7682,-0.277000,3.591199,-9.260642,28.761385,-0.131476,-1.698369,159.919998,1.884735,-4.951657
7683,-0.269916,3.436202,-9.344503,26.980799,0.695773,-1.762446,160.850861,1.895244,-4.894131
7684,-0.254931,3.375741,-9.411693,23.914881,1.832743,-1.193297,161.701050,1.871177,-4.833870
7685,-0.255576,3.210920,-9.413368,21.569878,2.628791,-0.570226,162.460709,1.809473,-4.782919
7687,-0.236933,3.045255,-9.473015,22.429937,3.006881,0.288980,163.195007,1.721110,-4.750634
7688,-0.223114,2.848711,-9.473993,24.859079,3.313879,1.582941,163.983109,1.611207,-4.750772
7689,-0.218485,2.656428,-9.405257,28.658360,2.657302,3.021705,164.873718,1.494680,-4.797981
7690,-0.202189,2.417124,-9.420068,31.905519,1.311123,4.365623,165.880447,1.399520,-4.900491
7691,-0.165185,2.230524,-9.545489,34.147461,-0.418433,5.440139,166.977478,1.346620,-5.055990
7692,-0.141969,2.007947,-9.668666,35.296154,-1.353334,6.061083,168.130203,1.334057,-5.249691
7693,-0.141246,1.887453,-9.761039,34.367985,-1.085552,5.824428,169.286407,1.335081,-5.452004
7694,-0.139314,1.723278,-9.912694,33.285934,0.496526,6.388899,170.409195,1.308878,-5.654112
7695,-0.102968,1.554032,-10.068414,32.296341,3.778501,6.750279,171.497635,1.204051,-5.859059
7696,-0.074505,1.400873,-10.046090,30.911091,8.659269,6.405706,172.547470,0.968347,-6.047176
7697,-0.044591,1.337729,-9.901882,28.131804,12.588775,5.684062,173.529388,0.592492,-6.203870
7698,0.036829,1.085783,-9.786786,27.139606,14.356722,5.869992,174.449661,0.125798,-6.347992
7699,0.124677,0.980085,-9.679024,24.557810,13.732836,4.698731,175.311508,-0.356179,-6.481494
7700,0.179633,0.869624,-9.563172,21.754120,11.302530,3.665472,176.084412,-0.782638,-6.589154
7701,0.212266,0.746667,-9.543857,19.622173,7.241199,2.855445,176.775452,-1.097821,-6.678440
7702,0.243379,0.571701,-9.602894,19.160988,2.730445,2.371203,177.423431,-1.268185,-6.757199
7703,0.243501,0.512515,-9.697107,18.350824,-1.333333,1.271896,178.049927,-1.293836,-6.817169
7704,0.242515,0.341430,-9.813252,18.660719,-4.173677,0.617615,178.667496,-1.202953,-6.851470
7705,0.218723,0.253208,-9.933860,18.516672,-5.739953,-0.317592,179.287247,-1.037820,-6.859545
7706,0.201458,0.161447,-9.994933,17.754507,-5.634619,-0.612708,179.891495,-0.848102,-6.845469
7707,0.195035,0.052241,-10.033717,16.242119,-4.336169,-0.644569,-179.542206,-0.681979,-6.824013
7708,0.173395,-0.061417,-10.034448,13.601203,-2.706858,-1.138777,-179.045166,-0.564971,-6.792809
7709,0.142909,-0.073534,-10.002437,10.752303,-0.938861,-1.586695,-178.639725,-0.505118,-6.746128
7710,0.130830,-0.144625,-9.881746,9.587097,0.763569,-1.485188,-178.301193,-0.503542,-6.694829
7711,0.134743,-0.176545,-9.829544,9.029897,0.873581,-1.179624,-177.991318,-0.532250,-6.651277
7712,0.125704,-0.229400,-9.807052,9.399693,-0.444157,-0.582617,-177.684433,-0.540515,-6.622192
7713,0.118125,-0.327203,-9.809130,12.105723,-1.677404,0.339825,-177.326065,-0.505379,-6.616642
7714,0.092564,-0.401131,-9.792551,13.911755,-2.996351,0.692190,-176.892334,-0.426739,-6.629918
7715,0.084052,-0.503650,-9.851512,15.133861,-4.508972,1.203138,-176.408096,-0.300028,-6.654176
7716,0.044967,-0.576459,-9.871693,14.638935,-5.336150,1.300279,-175.911774,-0.133533,-6.684860
7717,0.020111,-0.633955,-9.887675,12.341491,-5.284076,1.025310,-175.462097,0.045878,-6.710233
7718,0.011555,-0.694489,-9.866240,9.232572,-4.556102,1.032183,-175.102585,0.212148,-6.730946
7719,0.011131,-0.778558,-9.870992,6.593021,-3.788702,0.566913,-174.838898,0.353021,-6.745322
7720,-0.042867,-0.722340,-9.872464,2.297970,-3.179379,0.364815,-174.690750,0.470092,-6.750200
7721,-0.070273,-0.801482,-9.864342,0.192268,-2.517696,0.988845,-174.649368,0.566728,-6.763874
7722,-0.090633,-0.781938,-9.859695,-3.137462,-1.915686,0.858294,-174.698700,0.643153,-6.787683
7723,-0.119488,-0.714480,-9.887369,-6.159954,-2.076917,0.992362,-174.853943,0.712222,-6.812363
7724,-0.140887,-0.654574,-9.832346,-6.574272,-2.041438,2.753033,-175.066925,0.786075,-6.868533
7725,-0.110695,-0.764552,-9.814430,-2.734178,-1.166321,3.634440,-175.223495,0.848380,-6.970094
7726,-0.104101,-0.746742,-9.815316,-0.589669,-1.336291,2.963926,-175.280502,0.899089,-7.076241
7727,-0.108707,-0.776397,-9.833045,1.434455,-1.281880,3.021236,-175.267975,0.950809,-7.172064
7728,-0.094018,-0.840822,-9.849619,3.737799,-0.740135,2.866476,-175.183380,0.992574,-7.267053
7729,-0.054266,-0.853283,-9.893575,4.219662,0.580384,1.550734,-175.052032,1.001509,-7.340180
7730,-0.068057,-0.853831,-9.884063,5.527675,1.452437,0.650096,-174.890244,0.970988,-7.379681
7731,-0.069667,-0.884118,-9.849919,7.624901,2.545346,0.311141,-174.671387,0.906106,-7.401691
7732,-0.098275,-0.919009,-9.817822,9.345636,3.780931,-0.278678,-174.388702,0.801207,-7.412272
7733,-0.072672,-0.981551,-9.776962,10.489308,4.565183,-0.630283,-174.058105,0.661299,-7.411189
7734,-0.087204,-1.047758,-9.802257,10.500451,4.440126,-0.582625,-173.708237,0.509920,-7.407074
7735,-0.061499,-1.057637,-9.753325,8.068843,4.420950,-1.034465,-173.398682,0.360144,-7.396875
7736,-0.036733,-1.074194,-9.758862,4.486832,4.048004,-1.052605,-173.189316,0.215911,-7.378783
7737,0.014767,-1.065104,-9.781809,-0.020160,2.902323,-0.946793,-173.114822,0.096932,-7.359476
7738,0.003643,-1.060591,-9.822269,-3.917641,1.769501,-0.522534,-173.180435,0.016709,-7.344422
7739,-0.007048,-1.064944,-9.816308,-6.698449,0.423260,-0.139587,-173.357376,-0.020873,-7.337717
7740,-0.019538,-1.032749,-9.838541,-7.927440,-0.854082,0.463171,-173.601135,-0.013122,-7.342235
7741,-0.014313,-1.025575,-9.842198,-8.639562,-1.500383,0.955860,-173.877243,0.028472,-7.361442
7742,-0.018799,-1.007718,-9.822438,-8.054654,-1.530911,1.274098,-174.155518,0.082599,-7.393126
7743,-0.027963,-0.951978,-9.814902,-6.479533,-1.628677,1.177651,-174.397812,0.139079,-7.428529
7744,-0.039533,-0.915468,-9.804592,-3.850395,-1.563784,1.156674,-174.570084,0.195782,-7.462132
7745,-0.038708,-0.934751,-9.835381,-2.284904,-1.197429,0.850085,-174.672455,0.244741,-7.491107
7746,-0.060005,-0.898589,-9.814884,-1.081501,-1.341403,0.110993,-174.728607,0.288355,-7.503146
7747,-0.063929,-0.883189,-9.798482,-0.802342,-1.516476,-0.631063,-174.759933,0.334990,-7.490146
7748,-0.080145,-0.912262,-9.784007,-0.620351,-1.425346,-0.673371,-174.783493,0.381833,-7.464027
7749,-0.086045,-0.901552,-9.767269,-1.073340,-1.159766,-0.902684,-174.811508,0.422358,-7.433959
7750,-0.097413,-0.853635,-9.757224,-1.436546,-1.154706,-1.668086,-174.852982,0.456917,-7.387815
7751,-0.081489,-0.864074,-9.779446,-1.181633,-1.125617,-2.075634,-174.896088,0.489196,-7.322272
7752,-0.075206,-0.865484,-9.815720,-0.371614,-1.047660,-1.765167,-174.921387,0.519591,-7.255293
7753,-0.102995,-0.834698,-9.831118,-0.244286,-1.386535,-1.894705,-174.931046,0.554604,-7.190943
7754,-0.071124,-0.839923,-9.833300,-0.496343,-1.384332,-2.832885,-174.942566,0.593650,-7.108377
7755,-0.065837,-0.845551,-9.837046,-0.727858,-0.929195,-3.038042,-174.961899,0.623451,-7.007511
7756,-0.072340,-0.831328,-9.849247,-1.227276,-0.483028,-3.167706,-174.993332,0.637844,-6.902413
7757,-0.084990,-0.817839,-9.832759,-1.756147,0.113631,-3.755774,-175.041779,0.633959,-6.786917
7758,-0.072646,-0.802749,-9.822086,-2.176408,1.045887,-4.352408,-175.105881,0.603103,-6.653934
7759,-0.088097,-0.820907,-9.813286,-2.250503,1.408677,-3.958328,-175.178329,0.550613,-6.519382
7760,-0.067819,-0.809551,-9.826080,-2.011553,1.679024,-3.357509,-175.248291,0.489159,-6.402167
7761,-0.076594,-0.793349,-9.815070,-1.533265,1.940638,-2.656240,-175.306625,0.420785,-6.307245
7762,-0.062460,-0.774179,-9.842092,-1.961266,1.860339,-2.218463,-175.364365,0.351039,-6.231423
7763,-0.036286,-0.772545,-9.829570,-3.017662,1.790052,-1.791726,-175.447006,0.285045,-6.169670
7764,-0.033732,-0.735643,-9.852264,-3.917770,1.849225,-0.970401,-175.562408,0.220976,-6.128524
7765,-0.037838,-0.728770,-9.839943,-4.760039,1.606226,-0.199267,-175.707001,0.162078,-6.113466
7766,-0.015028,-0.721997,-9.849185,-5.950395,1.609581,0.138166,-175.885513,0.108560,-6.116372
7767,-0.020687,-0.697875,-9.828979,-6.127594,1.302528,0.503182,-176.086838,0.060896,-6.130427
7768,-0.006166,-0.666572,-9.836020,-4.901954,0.995965,0.728370,-176.270676,0.024046,-6.153455
7769,0.001299,-0.637550,-9.850533,-4.221081,0.943389,0.347670,-176.422729,-0.007063,-6.173411
7770,0.009763,-0.620896,-9.872469,-3.596412,0.821971,0.000727,-176.553024,-0.036078,-6.181011
7771,0.007161,-0.592181,-9.869692,-2.690887,0.408996,0.163398,-176.657806,-0.056399,-6.184956
7772,0.017703,-0.580303,-9.864105,-1.708538,0.360832,0.294529,-176.731125,-0.068767,-6.193313
7773,-0.000196,-0.567621,-9.865664,-1.400006,0.205201,0.355208,-176.782913,-0.077572,-6.204659
7774,0.003125,-0.556096,-9.840567,-1.204369,-0.167555,0.541583,-176.826309,-0.077365,-6.219617
7775,-0.000490,-0.557600,-9.829182,-0.784390,-0.274747,0.496645,-176.859436,-0.069050,-6.236487
7776,0.005165,-0.552591,-9.844274,-0.227683,-0.041470,0.385203,-176.876282,-0.062985,-6.250875
7777,-0.006666,-0.562773,-9.836632,-0.076832,0.025541,0.263995,-176.881348,-0.062130,-6.261664
7778,-0.001575,-0.571141,-9.832182,0.045721,0.002414,0.041047,-176.881851,-0.062318,-6.266767
7779,0.002145,-0.554140,-9.858062,0.386314,0.063472,-0.085114,-176.874649,-0.063455,-6.266093
7780,0.001721,-0.541460,-9.857738,0.440356,0.170709,-0.072676,-176.860886,-0.067496,-6.263681
7781,-0.026699,-0.553437,-9.844970,0.157092,-0.252603,-0.223354,-176.850937,-0.066404,-6.258679
7782,-0.012869,-0.552620,-9.866050,0.313929,-0.693952,-0.166678,-176.843094,-0.051009,-6.251322
7783,-0.001534,-0.527990,-9.869999,0.013172,-0.834756,-0.119088,-176.837631,-0.025832,-6.245161
7784,-0.006994,-0.553201,-9.848470,0.120820,-0.708365,-0.283510,-176.835403,-0.000522,-6.237043
7785,-0.024520,-0.558319,-9.833110,0.388224,-0.978184,-0.300219,-176.826920,0.027006,-6.225775
7786,-0.011132,-0.553943,-9.826250,0.521051,-0.478082,-0.384601,-176.811752,0.050606,-6.213031
7787,-0.015991,-0.564523,-9.828121,0.262924,-0.037444,-0.708793,-176.798676,0.058169,-6.194358
7788,-0.015933,-0.560677,-9.827526,-0.118800,0.195864,-0.859120,-176.796249,0.054074,-6.168413
7790,-0.013906,-0.563176,-9.824230,-0.110701,0.192872,-0.806584,-176.800049,0.046055,-6.141057
7791,0.002023,-0.559342,-9.835639,-0.422229,0.404772,-0.863291,-176.808914,0.034558,-6.113823
7792,0.001556,-0.543174,-9.835685,-0.512958,0.318432,-0.849360,-176.824493,0.020939,-6.085992
7793,0.011082,-0.535103,-9.839266,-0.588569,0.532694,-0.802332,-176.842834,0.005255,-6.059290
7794,0.004711,-0.529783,-9.843370,-0.784277,0.589136,-0.915796,-176.865723,-0.014985,-6.031724
7795,0.006903,-0.534613,-9.858021,-0.689122,0.575745,-0.839381,-176.890289,-0.035964,-6.003572
7796,-0.000126,-0.514135,-9.856147,-1.095410,0.249655,-0.731605,-176.920059,-0.051114,-5.978168
7797,0.016978,-0.542748,-9.867338,-1.099350,0.533386,-0.813273,-176.956650,-0.065521,-5.953153
7798,0.015281,-0.518383,-9.873451,-1.953420,0.468421,-0.689390,-177.007568,-0.083513,-5.929024
7799,0.028101,-0.513108,-9.869737,-2.244334,0.493721,-0.488900,-177.077560,-0.100539,-5.910237
7800,0.033326,-0.507147,-9.863631,-2.351500,0.521363,-0.434544,-177.154190,-0.118208,-5.895717
7801,0.034496,-0.498211,-9.870621,-2.495239,0.295868,-0.453013,-177.235001,-0.132536,-5.881608
7802,0.037391,-0.488975,-9.872638,-2.200502,-0.077374,-0.435946,-177.313293,-0.136878,-5.866982
7803,0.027308,-0.497656,-9.871475,-0.880690,-0.444049,-0.437725,-177.364685,-0.128873,-5.852030
7804,0.012187,-0.487010,-9.855386,0.110253,-0.703773,-0.426345,-177.377548,-0.110425,-5.836766
7805,0.014119,-0.499407,-9.869540,1.846306,-0.804975,-0.425837,-177.344971,-0.085961,-5.821417
7806,0.023202,-0.504308,-9.879727,3.895142,-0.562025,-0.952640,-177.249313,-0.064288,-5.797391
7807,0.017816,-0.499211,-9.851278,4.542001,-0.148752,-1.455677,-177.108734,-0.054432,-5.756712
7808,0.011969,-0.488235,-9.795979,4.072813,0.218838,-2.115873,-176.965210,-0.058672,-5.697323
7809,0.014819,-0.536140,-9.831243,3.746074,0.405968,-2.597229,-176.834991,-0.073310,-5.619445
7810,0.017075,-0.539382,-9.852041,2.355478,0.444853,-3.238503,-176.733444,-0.092917,-5.523129
7811,0.008231,-0.551409,-9.833255,1.440804,0.491380,-3.497407,-176.670364,-0.114940,-5.411944
7812,-0.005113,-0.553437,-9.837107,0.382137,0.142241,-3.315869,-176.640228,-0.132098,-5.299197
7813,0.004129,-0.572977,-9.877985,-0.185137,-0.372838,-2.858196,-176.637177,-0.134287,-5.196247
7814,0.010843,-0.583368,-9.867596,-0.545506,-0.500053,-2.423036,-176.649551,-0.124913,-5.107526
7815,-0.000931,-0.543756,-9.828739,-1.012395,-0.614676,-1.759404,-176.675659,-0.110421,-5.036855
7816,0.013309,-0.550350,-9.811836,-1.008376,-0.540553,-0.719104,-176.709427,-0.093579,-4.994505
7817,0.019651,-0.555312,-9.840148,-0.566028,-0.517674,0.098957,-176.735672,-0.076559,-4.983179
7818,0.020438,-0.569836,-9.838895,0.067911,-0.276144,0.760625,-176.743958,-0.062534,-4.996728
7819,0.023088,-0.547311,-9.853962,-0.308653,0.175283,0.956247,-176.747940,-0.059231,-5.025201
7820,0.033433,-0.577301,-9.860453,-0.248705,0.656679,0.857213,-176.757202,-0.071363,-5.056162
7821,0.032847,-0.563680,-9.875076,-1.040921,0.808818,0.521827,-176.778656,-0.094453,-5.080487
7822,0.033784,-0.577809,-9.850804,-1.573413,0.932528,0.032239,-176.822205,-0.122917,-5.091327
7823,0.043226,-0.545657,-9.855529,-2.466703,1.266437,-0.444238,-176.889542,-0.159890,-5.086479
7824,0.045812,-0.515297,-9.831211,-2.639810,1.422660,-0.844549,-176.974716,-0.205795,-5.067428
7825,0.039059,-0.508008,-9.835689,-2.576275,1.228509,-0.938586,-177.061752,-0.251470,-5.040049
7826,0.031769,-0.522260,-9.840005,-1.931240,0.862661,-0.847446,-177.137009,-0.287785,-5.012082
7827,0.039285,-0.488696,-9.854167,-2.052326,0.719941,-0.846866,-177.203552,-0.315524,-4.985179
7828,0.032954,-0.482643,-9.853332,-1.849390,0.379875,-0.872053,-177.268738,-0.335214,-4.957446
7829,0.032360,-0.475548,-9.852274,-1.501838,0.134845,-0.487672,-177.324722,-0.344853,-4.935212
7830,0.048660,-0.461192,-9.840926,-0.999045,0.202755,-0.332316,-177.366486,-0.351106,-4.921820
7831,0.048329,-0.434454,-9.844248,-1.111972,-0.105006,-0.341409,-177.401733,-0.353246,-4.910678
7832,0.051765,-0.430092,-9.845762,-0.504523,-0.100278,-0.006329,-177.428711,-0.350089,-4.904733
7833,0.062926,-0.435955,-9.849282,-0.242385,-0.094290,0.281253,-177.441132,-0.346644,-4.909165
7834,0.058380,-0.454540,-9.848357,-0.147752,-0.184369,0.184061,-177.447586,-0.341658,-4.916706
7835,0.045258,-0.434534,-9.847437,-0.143872,-0.349638,0.273010,-177.452408,-0.332428,-4.923920
7836,0.067829,-0.434584,-9.849799,0.034673,-0.060343,0.302151,-177.454178,-0.325176,-4.933194
7837,0.067644,-0.443516,-9.861832,0.302201,0.060120,0.041369,-177.448532,-0.324917,-4.938913
7838,0.058998,-0.444828,-9.859454,0.546015,0.118866,-0.007710,-177.434387,-0.327872,-4.939607
7839,0.062014,-0.445243,-9.860362,0.720978,0.239387,0.140067,-177.413254,-0.333738,-4.942080
7840,0.069710,-0.465221,-9.859092,0.699003,0.317016,0.091871,-177.389557,-0.342826,-4.946361
7841,0.056720,-0.472266,-9.865939,0.627321,0.321702,0.177571,-177.367432,-0.353255,-4.951335
7842,0.062684,-0.455204,-9.855387,0.511544,0.497403,0.178494,-177.348404,-0.366619,-4.957892
7843,0.063074,-0.461453,-9.851268,0.215593,0.559451,0.101917,-177.336258,-0.383998,-4.963377
7844,0.067448,-0.463132,-9.853716,-0.146096,0.483743,0.069113,-177.335068,-0.401233,-4.967033
7845,0.077760,-0.445831,-9.854292,-0.290022,0.481949,-0.004928,-177.342331,-0.417261,-4.968848
7846,0.078152,-0.443585,-9.850313,-0.627386,0.534543,-0.089214,-177.357620,-0.434257,-4.968064
7847,0.073690,-0.440998,-9.851003,-0.839147,0.254606,-0.014206,-177.382065,-0.447475,-4.966945
7848,0.080090,-0.428300,-9.850073,-0.966636,0.094232,-0.078197,-177.412170,-0.453353,-4.965671
7849,0.085421,-0.410714,-9.846161,-1.223475,0.073320,-0.136917,-177.448700,-0.456303,-4.962214
7850,0.078445,-0.417887,-9.854344,-0.865479,-0.106556,0.123643,-177.483521,-0.455760,-4.961968
7851,0.069963,-0.419449,-9.854856,-0.522681,-0.466122,0.231259,-177.506622,-0.445965,-4.967460
7852,0.074970,-0.437199,-9.860628,0.055072,-0.447573,0.231447,-177.514359,-0.430416,-4.974503
7853,0.078901,-0.434801,-9.861285,0.228132,-0.305040,0.177247,-177.509583,-0.417588,-4.980762
7854,0.079398,-0.430060,-9.850202,0.455199,-0.188277,0.202513,-177.498154,-0.409098,-4.986728
7855,0.068400,-0.440166,-9.850739,0.645131,-0.267915,0.065485,-177.479782,-0.401307,-4.990856
7856,0.061932,-0.453584,-9.854682,0.874451,-0.205980,0.000657,-177.454453,-0.393367,-4.991609
7857,0.046031,-0.436163,-9.849588,0.381723,-0.552013,0.027464,-177.433517,-0.380726,-4.991514
7858,0.047088,-0.427580,-9.856698,-0.315954,-0.830341,0.255869,-177.432404,-0.357498,-4.995199
7859,0.040309,-0.478711,-9.894420,-0.011084,-1.166923,0.629349,-177.437775,-0.323583,-5.008451
7860,0.047167,-0.481020,-9.876817,-0.058199,-0.942747,0.751926,-177.438812,-0.287428,-5.029875
7861,0.058053,-0.441789,-9.837909,-0.670035,-0.551584,0.570342,-177.450851,-0.261565,-5.050781
7862,0.048259,-0.577055,-9.798246,0.875221,0.704970,-0.425735,-177.447418,-0.264013,-5.053305
7863,0.044035,-0.540245,-9.747918,0.136042,1.017019,-0.897764,-177.430664,-0.293669,-5.032550
7864,0.039374,-0.508263,-9.721326,-0.356286,0.877172,-1.488548,-177.434540,-0.326987,-4.994231
7865,0.003318,-0.450763,-9.755492,-1.595702,-0.084851,-1.997714,-177.467407,-0.342762,-4.936769
7866,-0.018034,-0.446370,-9.835663,-2.110246,-0.495795,-1.807555,-177.529556,-0.335858,-4.872981
7867,0.003133,-0.317238,-9.885106,-3.245926,-0.686815,-0.595505,-177.619049,-0.317857,-4.832130
7868,0.026763,-0.367948,-9.929025,-1.588417,0.466584,-0.003654,-177.699677,-0.314587,-4.822002
7869,0.053537,-0.362544,-9.877700,-0.839072,1.978999,0.338989,-177.740097,-0.355089,-4.829215
7870,0.112647,-0.379688,-9.827181,-0.238113,3.253344,0.747180,-177.757889,-0.441515,-4.850736
7871,0.139206,-0.392332,-9.776541,0.060355,3.061013,0.827608,-177.760605,-0.545646,-4.881083
7872,0.141199,-0.401405,-9.781304,-0.062860,1.856885,0.605105,-177.760361,-0.626615,-4.908150
7873,0.119274,-0.351026,-9.790133,-1.246681,0.270438,0.189124,-177.782028,-0.661529,-4.922756
7874,0.101234,-0.326260,-9.844986,-2.225763,-1.076086,0.189582,-177.839828,-0.647872,-4.928545
7875,0.092122,-0.334297,-9.922134,-2.515320,-1.451358,0.398567,-177.918762,-0.605414,-4.936778
7876,0.111239,-0.349277,-9.919703,-1.778953,-0.131914,0.545150,-177.990189,-0.578481,-4.951554
7877,0.117624,-0.282531,-9.861059,-2.358687,0.763560,0.549586,-178.058945,-0.588372,-4.970159
7878,0.126528,-0.305437,-9.848914,-1.704999,0.775800,1.120064,-178.126373,-0.613088,-4.998830
7879,0.135099,-0.327845,-9.881845,-1.159682,0.521042,1.337820,-178.173676,-0.633364,-5.040475
7880,0.121229,-0.322865,-9.863791,-0.768518,0.172837,1.266594,-178.205322,-0.643549,-5.084229
7881,0.102167,-0.282077,-9.887609,-1.683784,-0.584518,1.213195,-178.245728,-0.635410,-5.125328
7882,0.100345,-0.312734,-9.923360,-1.395366,-0.648280,1.389397,-178.296585,-0.613567,-5.168066
7883,0.079027,-0.403877,-9.798935,0.827063,-0.535036,1.069357,-178.305634,-0.592637,-5.208444
7884,0.119383,-0.244794,-9.827977,-3.406792,-0.867298,-0.468013,-178.348541,-0.568976,-5.217778
7885,0.148059,-0.289808,-9.869889,-2.151086,-0.268725,0.165422,-178.441223,-0.550199,-5.212210
7886,0.114194,-0.277646,-9.818113,-1.566158,-0.891715,-0.049135,-178.503159,-0.530810,-5.213635
7887,0.075598,-0.274389,-9.778934,-1.342731,-2.549540,-0.381117,-178.551727,-0.473660,-5.204989
7888,0.102779,-0.171459,-9.965701,-3.826989,-2.983766,-0.676373,-178.638031,-0.381899,-5.185102
7889,0.044724,-0.276858,-9.899750,-0.130457,-2.296175,0.391236,-178.704041,-0.294033,-5.178324
7890,0.001298,-0.204494,-9.816716,-1.781380,-3.035020,-0.626952,-178.735916,-0.205286,-5.172390
7891,0.009967,-0.194926,-9.803447,-2.817125,-3.532075,-0.970699,-178.812637,-0.096431,-5.143436
7893,0.058212,-0.142443,-10.056473,-4.564347,-3.232138,-1.398792,-178.935699,0.015508,-5.101743
7894,0.001271,-0.026888,-9.950769,-8.386194,-2.112585,-1.441901,-179.151489,0.103786,-5.052934
7895,-0.023593,-0.015082,-9.941970,-9.565295,-2.297458,-1.037024,-179.450577,0.176789,-5.010769
7896,-0.051875,0.047834,-9.954679,-10.901726,-2.556731,-0.652693,-179.791580,0.257516,-4.982075
7897,-0.057101,0.106137,-10.025284,-11.960379,-1.606431,0.092764,179.827438,0.326910,-4.972722
7898,-0.106167,0.119858,-9.840150,-11.349895,-0.799320,0.885178,179.438843,0.366922,-4.989309
7899,-0.098017,0.089958,-9.878252,-9.691162,-0.431640,1.214179,179.087921,0.387009,-5.024582
7900,-0.088397,0.187335,-9.893005,-10.387203,0.200057,1.195386,178.753021,0.390123,-5.064815
7901,-0.070360,0.240475,-9.882197,-10.330033,1.115335,1.520048,178.407440,0.367083,-5.109530
7902,-0.071585,0.286008,-9.857864,-10.257442,1.317511,1.481892,178.064026,0.325022,-5.158315
7903,-0.067897,0.355215,-9.840124,-10.402223,1.079888,1.768981,177.719421,0.283099,-5.210993
7904,-0.069767,0.430692,-9.859735,-11.329801,0.541350,2.112903,177.356934,0.253332,-5.274465
7905,-0.065015,0.471201,-9.854803,-12.070211,0.143209,2.489711,176.966599,0.238144,-5.350501
7906,-0.063259,0.518068,-9.864761,-12.276785,-0.213469,2.904403,176.560455,0.234245,-5.440313
7907,-0.052949,0.600158,-9.853559,-12.849786,-0.293154,3.168624,176.141266,0.236241,-5.541852
7908,-0.050435,0.699905,-9.825669,-14.090548,-0.443216,2.947745,175.691833,0.241227,-5.644404
7909,-0.052788,0.767979,-9.820447,-14.409415,-0.486965,2.712120,175.216446,0.249189,-5.739662
7910,-0.066049,0.866591,-9.828992,-14.866012,-0.815084,2.255395,174.728149,0.263540,-5.824033
7911,-0.069667,0.954844,-9.813839,-16.275219,-1.140092,1.467807,174.208817,0.289975,-5.888926
7912,-0.085832,1.035614,-9.802511,-17.688866,-1.585941,0.818521,173.642532,0.331085,-5.931611
7913,-0.047589,1.095578,-9.803283,-18.160923,-0.982337,0.606806,173.044876,0.370817,-5.960149
7914,-0.035273,1.176971,-9.797585,-18.586828,-1.287757,0.086122,172.432327,0.406874,-5.976415
7915,-0.041561,1.304259,-9.768112,-19.430626,-1.513346,-0.700004,171.798737,0.454498,-5.972668
7916,-0.065204,1.455591,-9.764797,-20.883177,-1.697435,-1.169341,171.127060,0.512007,-5.949789
7917,-0.072666,1.550882,-9.764672,-21.745962,-1.573298,-1.393469,170.416916,0.572642,-5.916364
7918,-0.128889,1.674940,-9.778394,-23.064131,-2.351996,-1.847685,169.670563,0.646404,-5.874477
7919,-0.155856,1.851337,-9.742783,-25.111662,-2.127685,-1.798099,168.868225,0.731056,-5.828638
7920,-0.167294,1.967081,-9.719159,-26.390507,-1.498228,-1.111655,168.010376,0.799983,-5.793262
7921,-0.167505,2.064507,-9.682637,-26.541697,-1.035782,-0.154203,167.128387,0.845801,-5.781804
7922,-0.186165,2.213536,-9.622108,-26.713003,-1.220819,0.878547,166.240555,0.879669,-5.802258
7923,-0.189588,2.390011,-9.555944,-27.548100,-1.122878,1.839452,165.335434,0.906479,-5.855771
7924,-0.191196,2.526980,-9.519540,-28.676554,-0.979827,2.052457,164.397278,0.923429,-5.927565
7925,-0.190198,2.679964,-9.479871,-29.305891,-1.170067,2.163878,163.429718,0.938390,-6.005031
7926,-0.199353,2.798813,-9.434162,-28.018415,-1.292953,2.265054,162.473022,0.956001,-6.087633
7927,-0.185341,2.971140,-9.427320,-27.434244,-1.121282,1.865611,161.547577,0.973024,-6.165535
7928,-0.191362,3.127377,-9.369229,-26.423285,-1.862011,1.248261,160.648880,1.003225,-6.230748
7929,-0.204645,3.246287,-9.336850,-23.929794,-2.544026,1.452369,159.808502,1.057084,-6.297890
7930,-0.223963,3.366491,-9.302897,-22.469633,-3.373655,1.655391,159.033646,1.131246,-6.381015
7931,-0.232588,3.555603,-9.263126,-23.379366,-4.182005,1.334184,158.267624,1.230424,-6.473234
7932,-0.258002,3.681001,-9.201460,-24.035704,-4.841472,0.793107,157.475388,1.356370,-6.562702
7933,-0.290498,3.810776,-9.160658,-25.024107,-4.769059,0.599184,156.655670,1.494814,-6.646469
7934,-0.310861,3.958397,-9.096903,-26.106438,-4.895008,0.961819,155.801132,1.631702,-6.735241
7935,-0.321666,4.118179,-9.034570,-27.004066,-4.925947,-0.136862,154.913605,1.774750,-6.816029
7936,-0.341018,4.246320,-8.946409,-28.114311,-4.733433,-1.623778,153.993637,1.932575,-6.858975
7937,-0.376833,4.360586,-8.849959,-28.147535,-4.691753,-2.206623,153.055527,2.101535,-6.871847
7938,-0.403572,4.483074,-8.750834,-28.655272,-4.523271,-2.519486,152.108841,2.274086,-6.872633
7939,-0.438367,4.630792,-8.683846,-29.526602,-4.353261,-4.682500,151.140671,2.461258,-6.837307
7940,-0.473957,4.751251,-8.618135,-29.772366,-3.886748,-4.832354,150.155579,2.658539,-6.766286
7941,-0.527022,4.916792,-8.565619,-30.054625,-4.007271,-3.669060,149.161224,2.843617,-6.710432
7942,-0.545655,5.093319,-8.500455,-31.705849,-4.128780,-2.490687,148.132858,3.012894,-6.693336
7943,-0.553637,5.235843,-8.416942,-31.941952,-4.028347,-1.498241,147.071274,3.163370,-6.710128
7944,-0.581189,5.381596,-8.300412,-32.161381,-3.951346,0.043552,146.000000,3.287732,-6.763369
7945,-0.608641,5.507826,-8.179859,-32.803204,-3.686750,0.300648,144.912872,3.389420,-6.840475
7946,-0.606702,5.632581,-8.050816,-31.774055,-3.457221,0.510748,143.831863,3.478312,-6.920993
7947,-0.611182,5.764123,-7.932508,-27.952644,-3.198573,-0.343702,142.832306,3.565626,-6.989611
7948,-0.620328,5.877192,-7.830390,-24.903959,-2.617415,-1.248523,141.949020,3.658562,-7.027770
7949,-0.619779,5.986002,-7.731461,-22.613276,-1.543027,-1.181424,141.156372,3.737986,-7.039165
7950,-0.644249,6.099695,-7.648421,-20.360418,-0.952998,-0.635688,140.439987,3.789328,-7.042032
7951,-0.663924,6.196888,-7.608516,-19.206017,-0.026537,-0.968439,139.781235,3.819002,-7.032000
7952,-0.669721,6.294937,-7.567517,-20.261793,1.131689,-0.689002,139.125656,3.822921,-6.998984
7953,-0.662912,6.396225,-7.462914,-23.167532,2.183854,-0.035234,138.404877,3.789298,-6.953434
7954,-0.657658,6.508981,-7.378609,-27.367962,3.957855,1.064928,137.566315,3.701761,-6.897614
7955,-0.643526,6.655596,-7.303260,-31.589691,5.386765,2.039719,136.588074,3.552482,-6.829410
7956,-0.601175,6.794404,-7.172311,-34.298325,5.584804,2.317065,135.494522,3.370467,-6.754696
7957,-0.551526,6.921571,-6.977457,-36.295113,5.702769,2.430284,134.322525,3.181660,-6.677192
7958,-0.523803,7.064321,-6.858833,-36.817337,6.427015,3.224897,133.108490,2.973866,-6.596090
7959,-0.485004,7.205930,-6.733860,-33.238182,4.964867,3.024874,131.944504,2.768799,-6.526584
7960,-0.441354,7.291662,-6.556611,-26.701880,1.873899,1.322808,130.947372,2.639118,-6.489031
7961,-0.448825,7.381131,-6.387890,-23.759333,0.756996,0.746640,130.106918,2.584484,-6.477926
7962,-0.479098,7.444801,-6.336411,-22.070257,0.972973,0.910475,129.343338,2.544846,-6.473339
7963,-0.504824,7.507000,-6.291352,-19.858919,-0.292623,0.807580,128.644150,2.515453,-6.482570
7964,-0.491067,7.575194,-6.127499,-17.794662,-2.490351,0.048315,128.014618,2.533078,-6.527806
7965,-0.478206,7.696104,-5.995598,-21.066021,-0.932845,1.202132,127.364380,2.551530,-6.585659
7966,-0.458604,7.748350,-5.933064,-22.046272,1.080754,2.195230,126.644455,2.504791,-6.617892
7967,-0.439782,7.853146,-5.842349,-20.283281,0.810709,2.341859,125.938179,2.425130,-6.637360
7968,-0.418902,7.951849,-5.712780,-18.502449,0.490205,1.522623,125.290932,2.360165,-6.657264
7969,-0.444956,7.988072,-5.720689,-19.246300,1.969728,1.004217,124.662201,2.302149,-6.647772
7970,-0.427422,8.063469,-5.653788,-20.281586,2.319254,1.537387,124.004814,2.226787,-6.612624
7971,-0.409791,8.154310,-5.558121,-19.832970,1.328996,1.199443,123.337227,2.155120,-6.587317
7972,-0.399891,8.243823,-5.431262,-21.417524,0.890102,0.829768,122.650215,2.106647,-6.574667
7973,-0.382594,8.321588,-5.290141,-25.719770,1.944392,1.803745,121.865219,2.044328,-6.558101
7974,-0.320113,8.457201,-5.121222,-28.960947,3.254609,2.938466,120.955063,1.931706,-6.525383
7975,-0.307283,8.468257,-5.021601,-28.447475,3.572653,2.286417,120.000076,1.798926,-6.471541
7976,-0.290487,8.523484,-4.873329,-28.849487,4.145723,2.745632,119.047340,1.662525,-6.400884
7977,-0.272525,8.584122,-4.753726,-27.960670,4.813372,3.575933,118.102806,1.498575,-6.320169
7978,-0.254838,8.681410,-4.668558,-24.028273,4.178100,3.536702,117.238289,1.323992,-6.242566
7979,-0.264459,8.702112,-4.576235,-20.080803,2.552190,2.756518,116.504326,1.179751,-6.189934
7980,-0.258183,8.795266,-4.468127,-19.109188,1.673301,3.157410,115.851570,1.060276,-6.170179
7981,-0.240339,8.858210,-4.385165,-17.592245,0.695163,3.102851,115.239731,0.949165,-6.179565
7982,-0.217753,8.899077,-4.276157,-16.137865,-0.435278,2.090965,114.677048,0.868900,-6.212161
7983,-0.214062,8.936155,-4.158084,-16.540092,-0.823011,1.148325,114.131805,0.828430,-6.253519
7984,-0.204251,9.018309,-4.068686,-16.344118,-1.004395,-0.049107,113.583237,0.823991,-6.288744
7985,-0.214168,9.049319,-3.982778,-15.275407,-1.217225,-1.754006,113.055939,0.866233,-6.310807
7986,-0.243495,9.080650,-3.897827,-15.456465,-1.577464,-3.157759,112.543579,0.959731,-6.321958
7987,-0.255688,9.103931,-3.795675,-15.613626,-1.515584,-3.552445,112.025658,1.082753,-6.327197
7988,-0.259230,9.090031,-3.708704,-15.798773,-0.501300,-3.348531,111.502357,1.202024,-6.315756
7990,-0.258648,9.097167,-3.586641,-19.700027,1.815499,-0.384076,110.911629,1.252062,-6.272845
7991,-0.219986,9.162437,-3.409315,-23.615034,3.248765,1.915035,110.191208,1.198506,-6.202925
7992,-0.173454,9.223716,-3.259070,-26.093010,4.595474,3.390301,109.364609,1.071058,-6.109931
7993,-0.137130,9.270186,-3.118254,-28.249426,5.412886,4.606135,108.460922,0.890894,-5.995408
7994,-0.090332,9.354692,-2.942030,-29.269148,4.968569,5.372961,107.503891,0.679293,-5.882246
7995,-0.067004,9.394933,-2.757212,-27.141727,3.399766,3.670819,106.564690,0.494390,-5.793078
7996,-0.055397,9.430308,-2.654777,-24.738644,2.751842,2.977410,105.700577,0.359529,-5.725267
7997,-0.037542,9.487759,-2.541435,-21.952074,2.136483,2.887628,104.922722,0.243757,-5.672473
7998,-0.042096,9.555702,-2.430694,-20.595936,1.703039,2.498488,104.213753,0.140806,-5.633131
7999,-0.044667,9.586026,-2.346460,-20.609636,1.617928,2.209999,103.527084,0.051368,-5.598196
8000,-0.029038,9.640521,-2.216763,-21.917158,1.540250,2.401472,102.818336,-0.035458,-5.564445
8001,-0.096078,9.700131,-2.044113,-24.816469,1.134972,2.487695,102.039429,-0.124617,-5.538443
8002,-0.047075,9.771135,-1.823594,-29.940922,1.223294,3.787235,101.126808,-0.234924,-5.520921
8003,-0.005641,9.742477,-1.655156,-33.268250,1.785277,4.720635,100.073280,-0.383495,-5.497765
8004,0.036837,9.753215,-1.481248,-32.908684,1.685195,5.042187,98.970184,-0.553541,-5.467681
8005,0.062063,9.784307,-1.362650,-29.424122,1.070103,4.316221,97.931175,-0.714540,-5.445210
8006,0.159838,9.786422,-1.242307,-26.210382,0.796129,3.814957,97.003830,-0.852907,-5.431963
8007,0.143039,9.736239,-1.165012,-22.013561,0.576116,2.280365,96.199966,-0.956432,-5.420918
8008,0.154842,9.808516,-1.028316,-19.523787,0.192907,1.367964,95.507591,-1.018225,-5.414310
8009,0.150918,9.838656,-0.950011,-19.878088,0.383880,1.078788,94.850830,-1.059690,-5.408382
8010,0.160879,9.882656,-0.824369,-21.987242,0.537660,1.411177,94.152870,-1.102274,-5.396311
8011,0.165718,9.899958,-0.691287,-23.630165,0.436358,1.001719,93.392349,-1.143473,-5.382769
8012,0.165822,9.902982,-0.556691,-26.417162,0.646931,0.427037,92.557922,-1.168183,-5.365943
8013,0.174543,9.882307,-0.405736,-29.934338,1.100378,0.724789,91.618210,-1.188437,-5.337497
8014,0.187782,9.875207,-0.189057,-32.281517,1.485166,1.340687,90.580460,-1.223702,-5.295083
8015,0.204725,9.824662,-0.004504,-32.872066,1.650910,1.569620,89.493530,-1.272257,-5.242880
8016,0.216219,9.796522,0.186887,-32.793182,1.669290,2.256184,88.397942,-1.334996,-5.186387
8017,0.234715,9.816343,0.360700,-30.482777,1.412839,2.795112,87.342133,-1.417212,-5.131970
8018,0.241431,9.867394,0.488315,-26.676563,0.849222,1.578683,86.388512,-1.487923,-5.090387
8019,0.247291,9.847410,0.645964,-24.097610,0.166241,-0.293547,85.541832,-1.508063,-5.071929
8020,0.221078,9.789572,0.803722,-22.785009,0.058257,-1.254622,84.760468,-1.481990,-5.070274
8021,0.216295,9.770757,0.907191,-22.662962,0.185022,-1.220893,84.003029,-1.440523,-5.070222
8022,0.210981,9.749935,1.041865,-23.277950,0.077275,-1.348604,83.237396,-1.397487,-5.070637
8023,0.205562,9.698707,1.206131,-24.589191,-0.139015,-0.966813,82.439804,-1.359321,-5.076467
8024,0.195107,9.720662,1.313860,-25.897680,-0.228934,-0.113374,81.598595,-1.342337,-5.085068
8025,0.209218,9.789905,1.460004,-27.916439,-0.522685,0.872274,80.701996,-1.356764,-5.095556
8026,0.217419,9.788601,1.602830,-27.861353,-0.803729,0.390594,79.772873,-1.381247,-5.113842
8027,0.220934,9.766756,1.767190,-27.338259,-1.035446,0.038159,78.853630,-1.393927,-5.142616
8028,0.226701,9.718726,1.925505,-27.562317,-1.655940,0.708180,77.939697,-1.415112,-5.184044
8029,0.222249,9.690744,2.065754,-27.057432,-2.353505,0.977504,77.030930,-1.456987,-5.243259
8030,0.232965,9.679029,2.227811,-26.068275,-2.716209,0.059226,76.147568,-1.493346,-5.321493
8031,0.229665,9.636122,2.360765,-25.244085,-2.660493,0.540256,75.294624,-1.525086,-5.405846
8032,0.238739,9.576966,2.516757,-26.139540,-2.573625,2.357856,74.440239,-1.594487,-5.477498
8033,0.250804,9.548441,2.616698,-26.640903,-2.113339,2.866034,73.562103,-1.699744,-5.528712
8034,0.280216,9.479753,2.819354,-27.713202,-1.609794,3.413940,72.657150,-1.817954,-5.557706
8035,0.301175,9.392093,2.994185,-28.907555,-1.263599,4.561958,71.713715,-1.959197,-5.562650
8036,0.314716,9.308968,3.189116,-31.068647,-1.352318,4.237360,70.713982,-2.112114,-5.556747
8037,0.333243,9.217977,3.258832,-31.601908,-2.408585,2.875513,69.670288,-2.244859,-5.575517
8038,0.379309,9.186140,3.527378,-32.196365,-3.586823,3.043826,68.609413,-2.372505,-5.633728
8039,0.391059,9.154181,3.704443,-32.246452,-3.860083,3.017297,67.538757,-2.512470,-5.711248
8040,0.407919,9.088411,3.807690,-30.986050,-3.788305,1.955324,66.488808,-2.638511,-5.796319
8041,0.470945,9.096218,3.938355,-28.965734,-3.670281,2.675100,65.493553,-2.759539,-5.878489
8042,0.508310,9.087252,4.205967,-28.634449,-2.413663,3.866317,64.535912,-2.901194,-5.924463
8043,0.485013,8.986793,4.284346,-26.444265,-0.919177,2.693854,63.618122,-3.023915,-5.926665
8044,0.508467,8.871617,4.377586,-26.424030,-0.132478,1.275470,62.736294,-3.090910,-5.912342
8045,0.518112,8.793410,4.469405,-26.343578,0.298091,1.571601,61.855549,-3.131637,-5.887698
8046,0.492588,8.681158,4.632846,-25.331610,1.081449,-0.333895,60.992714,-3.138788,-5.857602
8047,0.492568,8.588877,4.752720,-25.514036,1.745783,-3.090760,60.144627,-3.065913,-5.844462
8048,0.492292,8.611264,4.877865,-27.084185,2.050228,-2.782002,59.267761,-2.949442,-5.839034
8049,0.470238,8.658768,5.060277,-24.967787,2.262275,-1.397756,58.399002,-2.852671,-5.813576
8050,0.462951,8.579048,5.283741,-26.461315,1.947095,0.974051,57.539139,-2.809540,-5.757833
8051,0.503317,8.484241,5.347236,-28.345793,0.784895,4.649811,56.621323,-2.863530,-5.668707
8052,0.522728,8.388625,5.469639,-28.857012,0.263012,8.311097,55.661060,-3.033227,-5.533923
8053,0.550268,8.217291,5.610080,-28.290655,0.172861,9.495299,54.699013,-3.272805,-5.358475
8054,0.600443,8.077720,5.720009,-28.044899,-0.192795,9.745836,53.749020,-3.533201,-5.171031
8055,0.642814,7.934309,5.851857,-26.398525,0.011354,8.715091,52.830097,-3.781639,-4.989212
8056,0.647230,7.798768,5.998061,-25.332703,0.772369,6.413780,51.956841,-3.973400,-4.824598
8057,0.653919,7.825383,6.092474,-22.658358,1.535553,3.234849,51.147903,-4.075378,-4.694042
8058,0.686494,7.783254,6.188240,-20.595808,1.909147,2.484827,50.419540,-4.112877,-4.588876
8059,0.702384,7.608354,6.265575,-20.848043,2.505308,1.694735,49.721561,-4.119075,-4.487452
8060,0.696553,7.643249,6.312746,-19.738655,3.005161,-0.377271,49.039135,-4.075948,-4.403184
8061,0.696045,7.722208,6.440164,-18.124426,3.408324,0.095998,48.402660,-4.001865,-4.325662
8062,0.679566,7.566289,6.558321,-18.159552,3.064408,2.457251,47.790371,-3.961526,-4.216685
8063,0.658070,7.408821,6.651206,-18.987076,2.458101,2.939677,47.162357,-3.965667,-4.087838
8064,0.664878,7.309733,6.710004,-20.703608,1.853698,2.025501,46.493294,-3.976837,-3.978586
8065,0.669892,7.182176,6.797154,-22.584293,1.985218,1.477744,45.765846,-3.974524,-3.891779
8066,0.663652,7.141781,6.846782,-23.509052,2.318642,1.093396,44.992035,-3.954613,-3.810408
8067,0.651166,7.060593,6.989540,-25.511745,3.335433,0.743657,44.169025,-3.908980,-3.722227
8068,0.645695,6.952111,7.121162,-27.783997,4.265423,0.039821,43.274258,-3.826470,-3.624968
8069,0.601624,6.898038,7.317630,-29.142790,5.103497,-0.262856,42.318733,-3.709368,-3.521331
8070,0.616601,6.757368,7.348717,-29.050138,4.804985,0.759643,41.341511,-3.591862,-3.404754
8071,0.568231,6.527570,7.575643,-31.859579,5.905890,0.052411,40.318592,-3.465691,-3.277630
8072,0.550198,6.388087,7.634326,-31.915426,5.988495,-1.445615,39.249344,-3.298496,-3.168373
8073,0.520961,6.268593,7.753612,-30.905369,6.753093,-2.171517,38.197651,-3.095041,-3.082361
8074,0.486570,6.195983,7.800154,-28.401203,7.697594,-2.180566,37.204632,-2.860146,-2.992258
8075,0.405553,6.091865,7.997514,-28.321554,9.262576,-3.164993,36.254681,-2.580396,-2.894416
8076,0.367689,5.897818,8.029333,-28.415733,9.920692,-4.967353,35.305897,-2.241809,-2.817251
8077,0.291767,5.770933,8.151404,-30.405050,12.082324,-8.630271,34.324837,-1.811312,-2.793823
8078,0.205287,5.849477,8.152786,-32.137932,13.715174,-13.031870,33.284233,-1.253105,-2.854414
8079,0.104159,5.619373,8.312719,-39.805904,14.648836,-15.773001,32.087803,-0.595863,-3.002963
8080,-0.009895,5.411147,8.423565,-37.277718,13.249645,-15.525176,30.804268,0.072902,-3.205547
8081,-0.099859,5.247189,8.541492,-34.643284,11.032849,-14.459482,29.604324,0.674052,-3.433806
8082,-0.134528,5.085705,8.611854,-32.273521,7.221758,-11.265269,28.485638,1.148170,-3.661016
8083,-0.169080,4.760793,8.829732,-30.640558,3.675992,-7.747537,27.432796,1.457081,-3.856093
8084,-0.180604,4.651932,8.889185,-22.896023,0.388789,-5.055461,26.536352,1.614163,-4.015872
8085,-0.175094,4.514955,8.959013,-24.482809,-0.935035,-5.002193,25.742346,1.679862,-4.170601
8086,-0.156733,4.395200,9.009755,-24.622458,-2.117063,-4.471380,24.919128,1.701447,-4.335215
8087,-0.180605,4.248480,9.047622,-23.341389,-2.431326,-4.178622,24.114969,1.692299,-4.497979
8088,-0.184164,4.090155,9.067689,-22.354479,-3.070759,-3.382260,23.348961,1.659076,-4.650324
8089,-0.172134,3.979169,9.108052,-21.278444,-3.454964,-2.673959,22.617943,1.598347,-4.785816
8090,-0.160094,3.868816,9.172635,-20.333405,-3.332858,-2.120617,21.921263,1.523925,-4.902712
8091,-0.161274,3.760711,9.211788,-19.389591,-2.754037,-1.719476,21.256723,1.453125,-4.999589
8093,-0.155014,3.663726,9.273343,-17.784996,-2.128981,-0.957920,20.635418,1.393054,-5.070364
8094,-0.150546,3.577625,9.297846,-15.912892,-1.114051,-0.370067,20.072857,1.350044,-5.109917
8095,-0.157007,3.459946,9.330057,-16.020737,0.095654,0.516297,19.540564,1.333218,-5.113351
8096,-0.164812,3.385193,9.363469,-15.696575,1.203807,1.513942,19.012865,1.342443,-5.074218
8097,-0.175630,3.303919,9.404675,-15.139107,2.169177,1.841758,18.500641,1.377639,-5.003137
8098,-0.189420,3.227026,9.431114,-15.510182,3.011345,1.700811,17.991880,1.441126,-4.919974
8099,-0.211989,3.134375,9.458395,-16.053928,3.288396,2.186016,17.468246,1.521402,-4.826238
8100,-0.233583,3.021335,9.496466,-16.226952,2.923855,2.264691,16.933006,1.598353,-4.724722
8101,-0.275546,2.941308,9.534813,-15.671428,2.817045,1.937242,16.404074,1.669927,-4.630167
8102,-0.293388,2.867273,9.548159,-15.485814,2.334317,2.611489,15.887672,1.731323,-4.533428
8103,-0.267038,2.745030,9.570371,-15.510502,1.243766,3.111761,15.374362,1.763028,-4.425476
8104,-0.254474,2.669744,9.604998,-15.710836,0.418250,2.427133,14.856975,1.765690,-4.329133
8105,-0.255545,2.628859,9.602904,-15.581146,-0.311314,1.521113,14.337419,1.750865,-4.264999
8106,-0.247757,2.542089,9.639278,-19.374157,-2.683605,0.303702,13.755364,1.695102,-4.247621
8107,-0.127911,2.392614,9.723382,-27.884993,-7.874296,-2.365594,12.965642,1.531925,-4.321815
8108,-0.094588,2.141787,9.779520,-35.715160,-9.671076,-4.641303,11.901354,1.271695,-4.499011
8109,-0.059930,1.937560,9.821837,-36.769249,-9.450788,-4.550421,10.689190,0.989315,-4.711627
8110,0.005577,1.680786,9.871344,-36.903240,-8.715570,-3.550082,9.458708,0.714840,-4.897465
8111,0.076324,1.477989,9.886114,-32.119759,-6.675476,-2.157850,8.307097,0.476025,-5.031000
8112,-0.040332,1.318354,9.911483,-22.875565,-0.870497,0.206995,7.390257,0.355799,-5.080309
8113,-0.068919,1.329109,9.913228,-12.542200,1.126416,2.198198,6.800254,0.354908,-5.039721
8114,-0.073627,1.303836,9.906816,-8.079618,1.575508,2.249722,6.457084,0.390957,-4.960810
8115,-0.081139,1.292058,9.907310,-5.272453,1.788579,2.114683,6.235120,0.438613,-4.882293
8116,-0.101564,1.241698,9.867411,-4.665146,2.415926,1.812247,6.070091,0.501255,-4.809696
8117,-0.085866,1.237603,9.820709,-4.035107,2.939312,1.410581,5.925687,0.584407,-4.746937
8118,-0.088740,1.197554,9.826655,-4.968302,3.869009,1.817866,5.776360,0.691804,-4.681828
8119,-0.119458,1.130522,9.827941,-5.946972,4.668814,2.436162,5.595562,0.826374,-4.597170
8120,-0.165478,1.088667,9.843592,-6.517357,5.602337,2.735806,5.389439,0.988519,-4.494967
8121,-0.185150,1.045767,9.887680,-6.499639,5.757228,3.258001,5.174694,1.167842,-4.378040
8122,-0.192806,0.992328,9.906102,-6.131714,4.964635,3.829419,4.967082,1.335390,-4.244551
8123,-0.226501,0.970425,9.911808,-5.891442,4.787715,3.274413,4.769930,1.487282,-4.112756
8124,-0.241709,0.913375,9.916846,-6.717414,4.657361,2.565715,4.562782,1.636265,-4.002896
8125,-0.260647,0.851925,9.901704,-7.450202,4.222821,1.822513,4.329179,1.778170,-3.918479
8126,-0.294743,0.829280,9.851371,-9.047200,3.448136,0.635866,4.055842,1.902698,-3.868258
8127,-0.317659,0.786956,9.886844,-12.215944,1.980093,-0.553937,3.701721,1.992898,-3.860799
8128,-0.317801,0.696573,9.876929,-13.573930,0.399957,-1.632170,3.270707,2.034742,-3.894832
8129,-0.298079,0.612248,9.880496,-13.665370,-0.668019,-2.592315,2.814226,2.034050,-3.965474
8130,-0.283464,0.526070,9.882529,-13.687058,-1.283810,-2.404356,2.355379,2.005342,-4.050219
8131,-0.292148,0.423291,9.921412,-12.509277,-1.512441,-1.079644,1.916716,1.960930,-4.110038
8132,-0.297086,0.346454,9.880893,-9.712268,-0.582969,-0.029274,1.545704,1.926544,-4.129590
8133,-0.292208,0.300563,9.912661,-7.448615,0.162099,1.689297,1.260617,1.918829,-4.102070
8134,-0.314996,0.273435,9.906647,-5.392541,0.072266,3.415171,1.049456,1.920979,-4.016873
8135,-0.332884,0.272068,9.909941,-2.837402,0.099569,3.424374,0.916115,1.921848,-3.902786
8136,-0.302251,0.269613,9.924842,-0.887051,0.021333,2.784911,0.857515,1.922240,-3.799221
8137,-0.273786,0.264407,9.951760,0.604109,-0.658058,3.155955,0.856105,1.910137,-3.700321
8138,-0.277163,0.241812,9.924759,0.792877,-1.369294,3.166114,0.882848,1.874742,-3.595423
8139,-0.283199,0.231371,9.912623,0.782734,-1.760647,2.733730,0.912248,1.821041,-3.497870
8140,-0.267635,0.242022,9.928907,0.761701,-2.469885,2.644705,0.940742,1.749091,-3.409338
8141,-0.257067,0.257069,9.955093,0.811100,-2.496949,2.393556,0.969412,1.664922,-3.326720
8142,-0.259041,0.264804,9.968414,0.887699,-1.975867,1.660496,0.999606,1.589225,-3.260417
8143,-0.260923,0.254464,9.976237,0.689794,-1.698529,1.156822,1.027144,1.527162,-3.214537
8144,-0.248431,0.270988,9.991970,0.717386,-1.584974,0.796628,1.051421,1.471855,-3.182966
8145,-0.267129,0.259710,10.011661,0.248649,-1.191496,0.623389,1.068098,1.425150,-3.160152
8146,-0.275092,0.233341,9.956508,-0.115459,-1.677823,0.919162,1.070924,1.376857,-3.135331
8147,-0.260670,0.209033,9.918628,-0.438584,-2.390174,1.410584,1.062571,1.308347,-3.097759
8148,-0.226417,0.208829,9.895391,-0.014132,-2.987211,1.497832,1.056058,1.217844,-3.050939
8149,-0.210726,0.203297,9.910389,0.450200,-3.032676,1.336067,1.064249,1.116654,-3.005565
8150,-0.163006,0.222457,9.856261,1.517809,-3.186744,1.242449,1.097810,1.012203,-2.964550
8151,-0.139199,0.232700,9.874986,1.850034,-2.601489,1.201274,1.154592,0.914948,-2.925728
8152,-0.135550,0.218065,9.885932,1.838738,-1.495954,0.543183,1.216498,0.846069,-2.898073
8153,-0.126663,0.259842,9.945162,2.237433,-0.366724,0.067038,1.284570,0.814807,-2.888587
8154,-0.122939,0.262565,9.924738,2.000114,0.168452,0.034586,1.355219,0.811462,-2.886977
8155,-0.147159,0.256792,9.930940,1.447114,0.610617,0.031211,1.412693,0.824416,-2.885569
8156,-0.156771,0.297943,9.933802,1.729327,0.817045,-0.170201,1.465608,0.848261,-2.887290
8157,-0.159257,0.337124,9.934870,2.334032,0.822207,-0.195006,1.533251,0.875731,-2.892661
8158,-0.182848,0.303084,9.907650,1.939951,0.869399,-0.234529,1.604385,0.904110,-2.899045
8159,-0.184002,0.315873,9.942785,1.915844,0.700963,-0.061020,1.668581,0.930412,-2.903222
8160,-0.164169,0.335528,9.953342,2.409496,0.164741,0.250729,1.740728,0.944741,-2.899631
8161,-0.171657,0.318535,9.940231,2.343316,-0.171998,0.411330,1.820123,0.944279,-2.888601
8162,-0.179670,0.339470,9.960523,1.840852,-0.714845,0.963518,1.890225,0.928765,-2.866172
8163,-0.150883,0.390522,9.976230,1.790287,-1.554463,1.683790,1.951424,0.889489,-2.823334
8164,-0.145767,0.367923,9.959023,0.541806,-1.328897,1.484593,1.991062,0.839648,-2.772202
8165,-0.156773,0.349497,9.933320,-0.687849,-0.510725,0.742852,1.989147,0.807721,-2.736158
8166,-0.144319,0.347543,9.936202,-1.380613,-0.435193,0.693451,1.955000,0.791145,-2.712771
8167,-0.140275,0.329833,9.905107,-1.234290,-0.152066,0.263260,1.911632,0.780826,-2.697163
8168,-0.154676,0.308528,9.876456,-0.921069,0.752812,-0.408921,1.875681,0.790914,-2.699257
8169,-0.165706,0.319880,9.899246,-0.009004,1.208597,-0.494961,1.859982,0.824080,-2.713247
8170,-0.167915,0.335066,9.947371,0.807887,1.095939,-0.189956,1.873147,0.862841,-2.723404
8171,-0.167550,0.339347,9.942668,1.235527,1.318856,-0.399016,1.907073,0.903391,-2.731886
8172,-0.163818,0.332301,9.940102,0.912120,1.401328,-0.348413,1.942691,0.949119,-2.742813
8173,-0.177117,0.329675,9.933721,0.758174,1.182010,-0.153858,1.970412,0.992436,-2.749712
8174,-0.182121,0.367998,9.918598,1.130787,0.794590,0.081062,2.001893,1.025401,-2.749783
8175,-0.177033,0.367548,9.906761,0.547425,0.544248,0.366612,2.030012,1.047440,-2.741538
8176,-0.186518,0.362810,9.921061,0.020008,0.441800,0.521056,2.039752,1.063339,-2.726167
8177,-0.199783,0.371902,9.926101,-0.150088,0.435160,0.632797,2.037952,1.077262,-2.706425
8178,-0.209617,0.378190,9.937115,-0.469462,0.559218,0.901335,2.028121,1.092918,-2.680281
8179,-0.194886,0.355416,9.935387,-0.876028,0.358792,1.297629,2.006410,1.106919,-2.643108
8180,-0.179203,0.341680,9.925099,-0.676957,-0.132978,1.690338,1.981491,1.108948,-2.593200
8181,-0.159535,0.339044,9.927149,-0.372994,-0.626631,1.881742,1.965126,1.094244,-2.534126
8182,-0.149678,0.344419,9.936835,0.079451,-0.839237,1.710851,1.961345,1.067775,-2.475112
8183,-0.142064,0.337483,9.939399,-0.103725,-0.993545,1.410035,1.961874,1.035464,-2.424166
8184,-0.144218,0.334030,9.917075,-0.138941,-1.217895,1.120941,1.958554,0.997186,-2.383262
8185,-0.168553,0.354720,9.913332,0.013360,-0.727128,0.418723,1.956879,0.963911,-2.358719
8186,-0.194478,0.351295,9.893468,-0.254229,0.050544,-0.200297,1.952919,0.952517,-2.355465
8187,-0.193770,0.335362,9.893156,-0.605919,0.159888,-0.281562,1.938451,0.956295,-2.363373
8188,-0.177856,0.329379,9.892736,-0.562116,0.020314,-0.332128,1.918814,0.959641,-2.373496
8189,-0.175776,0.346507,9.923703,-0.596649,0.396786,-0.749752,1.899202,0.967189,-2.391288
8190,-0.168534,0.338127,9.954221,-1.016951,0.499796,-0.921354,1.871843,0.983041,-2.418637
8191,-0.175347,0.336487,9.971574,-1.209077,0.619255,-0.986326,1.834203,1.002710,-2.449817
8192,-0.188670,0.316706,9.958485,-1.604765,1.082130,-1.380141,1.786621,1.032298,-2.488348
8193,-0.205508,0.308669,9.953498,-1.688722,1.533621,-1.640523,1.730827,1.077419,-2.537339
8194,-0.217502,0.309021,9.936530,-1.205414,1.643694,-1.479310,1.681619,1.131899,-2.587744
8196,-0.230794,0.278996,9.905992,-0.866140,1.574137,-1.289829,1.646190,1.186849,-2.632327
8197,-0.225592,0.274448,9.907182,-0.308085,1.234600,-1.107443,1.625803,1.234783,-2.670935
8198,-0.230134,0.301810,9.938486,0.416188,1.019634,-0.683482,1.626975,1.273187,-2.699711
8199,-0.226982,0.300293,9.946018,0.650149,0.698610,-0.396742,1.644361,1.302328,-2.716892
8200,-0.219030,0.266672,9.925756,0.041018,0.375442,-0.426367,1.655578,1.320617,-2.730093
8201,-0.220431,0.270095,9.936688,-0.452001,0.431555,-0.535301,1.648366,1.334523,-2.745730
8202,-0.227262,0.296839,9.935297,-0.502960,0.522469,-0.527784,1.632046,1.350924,-2.762992
8203,-0.217977,0.290341,9.912344,-0.711370,0.264949,-0.474405,1.611420,1.364515,-2.779321
8204,-0.217591,0.273575,9.910221,-1.021722,0.056836,-0.385633,1.582197,1.370275,-2.793505
8205,-0.223975,0.285839,9.951288,-0.925332,-0.027427,-0.256059,1.549490,1.371057,-2.804185
8206,-0.223063,0.294664,9.945741,-0.617690,-0.399675,0.039630,1.523683,1.364037,-2.807983
8207,-0.220492,0.265962,9.928141,-0.832920,-0.780017,0.257613,1.499611,1.344252,-2.803550
8208,-0.227017,0.239624,9.924228,-1.192654,-0.853419,0.257679,1.466035,1.316814,-2.795667
8209,-0.231380,0.258637,9.925550,-0.847159,-0.696679,0.247909,1.432214,1.290775,-2.787894
8210,-0.228886,0.263664,9.905098,-0.318099,-0.346419,0.187088,1.412946,1.273215,-2.781076
8211,-0.219934,0.244319,9.910246,-0.701725,-0.047739,-0.058934,1.395993,1.266595,-2.779102
8212,-0.222834,0.218672,9.912062,-1.189259,0.366800,-0.335278,1.364334,1.272070,-2.785542
8213,-0.219784,0.221651,9.913797,-0.801050,0.581880,-0.476760,1.330868,1.288196,-2.798703
8214,-0.216987,0.205272,9.910392,-0.917328,0.643788,-0.677736,1.301803,1.309061,-2.817474
8215,-0.230257,0.180786,9.906835,-1.333430,0.694934,-0.858175,1.263711,1.331940,-2.842573
8216,-0.240019,0.217673,9.916091,-0.261675,0.717138,-0.836588,1.236476,1.356086,-2.870308
8217,-0.237079,0.242551,9.937777,0.453641,0.516420,-0.552815,1.239134,1.377142,-2.893019
8218,-0.236170,0.239067,9.936355,0.220210,0.221308,-0.483819,1.249954,1.389811,-2.910029
8219,-0.250892,0.241782,9.931984,0.016187,0.471162,-0.544439,1.253483,1.401724,-2.926916
8220,-0.255611,0.260035,9.942339,0.320482,0.660457,-0.395350,1.258718,1.420922,-2.942166
8221,-0.262525,0.241911,9.932255,-0.220269,0.691073,-0.184938,1.260159,1.443656,-2.951343
8222,-0.265150,0.224689,9.923089,-0.723387,0.786927,-0.241520,1.244264,1.468438,-2.957914
8223,-0.254403,0.218730,9.940530,-0.775635,0.649402,-0.191471,1.219107,1.492526,-2.964617
8224,-0.242614,0.208069,9.948360,-0.971672,0.057453,0.059797,1.189934,1.504351,-2.966564
8225,-0.233074,0.194519,9.948444,-1.076927,-0.755761,0.267525,1.155927,1.492602,-2.961348
8226,-0.232786,0.184098,9.938472,-1.101851,-1.025946,0.312505,1.119848,1.462721,-2.952271
8227,-0.229048,0.165084,9.904843,-1.410338,-1.313448,0.456737,1.078282,1.423492,-2.940198
8228,-0.247092,0.169336,9.879441,-1.058065,-0.811677,0.472365,1.037506,1.387793,-2.925364
8229,-0.262675,0.206724,9.910041,0.032919,0.289999,0.262592,1.020713,1.378879,-2.913269
8230,-0.260390,0.190927,9.908312,-0.447153,0.966814,0.367174,1.014074,1.399636,-2.902399
8231,-0.235998,0.179804,9.915407,-0.592066,0.442943,0.733283,0.997216,1.422806,-2.883643
8232,-0.226802,0.195833,9.935902,0.080349,0.061475,0.796720,0.989325,1.430770,-2.857995
8233,-0.228559,0.194452,9.959973,0.089163,-0.250914,0.845356,0.992830,1.427138,-2.830676
8234,-0.228181,0.163527,9.912936,-0.477557,-0.937477,1.069824,0.987137,1.406784,-2.799094
8235,-0.230553,0.176242,9.906838,-0.018202,-1.080337,0.898273,0.979655,1.372596,-2.766864
8236,-0.236320,0.183536,9.900451,0.207485,-0.652684,0.500037,0.983350,1.343317,-2.744052
8237,-0.237049,0.184106,9.917668,0.076491,-0.337502,0.280844,0.988379,1.326592,-2.731321
8238,-0.230433,0.188786,9.919826,-0.033289,-0.337544,0.203385,0.989281,1.315204,-2.723444
8239,-0.218970,0.182784,9.929086,-0.336480,-0.503361,0.177874,0.983257,1.301081,-2.717330
8240,-0.218469,0.163075,9.921790,-0.849633,-0.500535,0.074158,0.963577,1.284281,-2.713412
8241,-0.225252,0.171476,9.926828,-0.711818,-0.239729,-0.073042,0.937549,1.271945,-2.713598
8242,-0.232464,0.163431,9.927802,-0.946298,0.192204,-0.185192,0.909817,1.271222,-2.717915
8243,-0.232612,0.128706,9.904984,-1.493871,0.389506,-0.252404,0.868989,1.281030,-2.725057
8244,-0.231431,0.133765,9.909694,-1.067209,0.343422,-0.235873,0.826125,1.293364,-2.733016
8245,-0.238988,0.145126,9.924232,-0.610762,0.572130,-0.307140,0.797958,1.308751,-2.741851
8246,-0.238575,0.138058,9.927509,-0.528025,0.572581,-0.334589,0.778738,1.327975,-2.752284
8247,-0.238618,0.133801,9.934868,-0.493694,0.381279,-0.301917,0.761468,1.344014,-2.762681
8248,-0.239634,0.142768,9.938444,-0.284732,0.318773,-0.355894,0.748239,1.355825,-2.773493
8249,-0.241430,0.142327,9.930218,-0.314021,0.432013,-0.505784,0.737922,1.368523,-2.787694
8250,-0.233302,0.137696,9.927967,-0.387966,0.115666,-0.405003,0.725862,1.377844,-2.802761
8251,-0.244183,0.138112,9.934155,-0.477067,0.348776,-0.497860,0.711084,1.385773,-2.817714
8252,-0.240458,0.126504,9.928104,-0.636473,0.152202,-0.475432,0.692134,1.394321,-2.833837
8253,-0.236125,0.126925,9.926496,-0.388760,-0.193145,-0.323703,0.674722,1.393797,-2.847167
8254,-0.234837,0.127483,9.919528,-0.058508,-0.163557,-0.406856,0.666971,1.387995,-2.859416
8255,-0.239277,0.134857,9.920997,0.299486,0.158179,-0.580497,0.670588,1.388097,-2.875877
8256,-0.237757,0.109533,9.923614,-0.216268,0.109012,-0.506090,0.671537,1.392763,-2.893939
8257,-0.248851,0.112071,9.934252,-0.196318,0.459257,-0.628095,0.664202,1.402453,-2.912736
8258,-0.255474,0.121958,9.934952,-0.119331,0.694874,-0.665839,0.658414,1.421936,-2.934084
8259,-0.264798,0.101078,9.936999,-0.805342,0.787950,-0.452867,0.642543,1.446860,-2.952454
8260,-0.261215,0.077341,9.927721,-1.546782,0.553411,-0.328798,0.603015,1.469355,-2.965242
8261,-0.260327,0.083228,9.918324,-1.387063,0.297648,-0.124938,0.553926,1.483614,-2.972665
8262,-0.250556,0.087718,9.900898,-0.978374,-0.122776,0.244141,0.514555,1.486509,-2.970652
8263,-0.251597,0.073289,9.904166,-0.985973,0.037357,0.251558,0.482029,1.485013,-2.962401
8264,-0.249318,0.060271,9.917131,-1.023076,0.105182,0.131499,0.448711,1.487337,-2.955995
8265,-0.257077,0.067736,9.907333,-0.438289,0.276377,0.110504,0.424462,1.493665,-2.951912
8266,-0.251281,0.070716,9.918397,-0.071370,0.337969,-0.057975,0.415992,1.503898,-2.950960
8267,-0.254489,0.061048,9.926074,-0.127588,0.407750,-0.211236,0.412561,1.516358,-2.955359
8268,-0.264969,0.057810,9.924445,-0.257064,0.477102,-0.374521,0.405893,1.531175,-2.965019
8269,-0.270672,0.090216,9.930894,0.389361,0.551498,-0.442918,0.407735,1.548415,-2.978527
8270,-0.261908,0.082344,9.946376,0.223524,0.145914,-0.181987,0.417670,1.560114,-2.988860
8271,-0.258214,0.061271,9.935044,-0.147173,-0.429348,-0.002979,0.418857,1.555413,-2.991978
8272,-0.268337,0.080350,9.928188,0.266240,-0.459829,-0.047912,0.420816,1.540599,-2.992935
8273,-0.265736,0.093998,9.925552,0.865297,-0.600861,0.170887,0.439726,1.522907,-2.991019
8274,-0.255874,0.090298,9.918509,0.811193,-0.790097,0.243975,0.467846,1.499670,-2.984286
8275,-0.255515,0.091115,9.934782,0.608972,-0.564088,0.001212,0.491616,1.477067,-2.980386
8276,-0.266963,0.091388,9.921679,0.368937,0.050104,-0.194902,0.507830,1.468529,-2.983691
8277,-0.264735,0.086656,9.904379,0.042767,0.377710,-0.289339,0.514485,1.475730,-2.991701
8278,-0.250752,0.092722,9.918355,-0.040386,0.313453,-0.367212,0.514245,1.487347,-3.002543
8279,-0.248635,0.069434,9.927606,-0.624454,0.014355,-0.261246,0.502893,1.492903,-3.012972
8280,-0.261485,0.075499,9.897595,-0.363739,-0.033427,-0.290978,0.486183,1.492664,-3.022182
8281,-0.262715,0.105949,9.911841,0.472754,-0.075286,-0.182616,0.487794,1.490920,-3.030093
8282,-0.262036,0.101937,9.935843,0.537387,-0.260354,-0.017311,0.504542,1.485355,-3.033474
8283,-0.266990,0.083251,9.923265,0.118513,-0.294639,-0.051320,0.515442,1.476116,-3.034701
8284,-0.260690,0.092585,9.909139,0.423099,-0.193055,-0.065779,0.524417,1.468006,-3.036727
8285,-0.254725,0.101903,9.927421,0.666932,-0.045324,-0.025160,0.542544,1.464047,-3.038280
8286,-0.255715,0.087912,9.926592,0.320726,0.100642,-0.142462,0.558934,1.464996,-3.041066
8287,-0.248897,0.090650,9.933457,0.261972,0.111040,-0.153172,0.568520,1.468572,-3.045960
8288,-0.253131,0.105037,9.938769,0.505216,0.186631,-0.067121,0.581214,1.473570,-3.049582
8289,-0.268500,0.104064,9.941505,0.379528,0.384786,-0.148666,0.595869,1.483130,-3.053082
8290,-0.264804,0.103565,9.926390,0.271895,0.072356,-0.010404,0.606660,1.490777,-3.055655
8291,-0.263477,0.120693,9.925652,0.549362,-0.104350,0.139759,0.620403,1.490220,-3.053504
8292,-0.261954,0.107966,9.915345,0.290400,-0.254577,0.166112,0.634530,1.484183,-3.048469
8293,-0.253707,0.094611,9.913478,0.038782,-0.573927,0.245449,0.640189,1.470299,-3.041761
8294,-0.247606,0.112476,9.921982,0.415917,-0.740557,0.280921,0.647985,1.448294,-3.033232
8295,-0.251139,0.113014,9.925531,0.409977,-0.399137,0.142729,0.661921,1.429219,-3.026387
8296,-0.244967,0.108248,9.926137,0.262446,-0.349644,0.156139,0.673248,1.416682,-3.021551
8297,-0.243924,0.122503,9.931424,0.401108,-0.274698,0.172044,0.684439,1.406213,-3.016203
8299,-0.250972,0.131258,9.937903,0.341153,0.318081,-0.139373,0.696824,1.406929,-3.015650
8300,-0.244737,0.118487,9.925033,0.037539,0.294823,-0.136913,0.703025,1.417199,-3.020132
8301,-0.240191,0.112163,9.923563,-0.105347,0.050469,-0.139358,0.701783,1.423010,-3.024667
8302,-0.247035,0.109669,9.935374,-0.083159,0.250104,-0.354436,0.698438,1.428120,-3.032837
8303,-0.248251,0.119941,9.926291,0.387694,0.182063,-0.346792,0.703223,1.435465,-3.044439
8304,-0.242964,0.132057,9.930215,0.836115,-0.291965,-0.204133,0.723390,1.433748,-3.053645
8305,-0.255124,0.138093,9.927932,0.900040,-0.093378,-0.331377,0.752101,1.427442,-3.062655
8306,-0.262922,0.152801,9.922092,1.263973,-0.011381,-0.223289,0.787937,1.425820,-3.071925
8307,-0.255358,0.167676,9.914845,1.398272,-0.423880,-0.001070,0.832212,1.418619,-3.075768
8308,-0.252157,0.164287,9.920815,0.928739,-0.429820,-0.095486,0.870951,1.404417,-3.077588
8309,-0.253874,0.159417,9.911395,0.558216,-0.274438,-0.088459,0.895655,1.392728,-3.080835
8310,-0.250872,0.163749,9.923731,0.509100,-0.226425,-0.050075,0.913384,1.384418,-3.083276
8311,-0.248245,0.145021,9.917677,0.148501,-0.129745,-0.197709,0.924242,1.378549,-3.087502
8312,-0.239218,0.151591,9.934093,0.534782,-0.300937,-0.274518,0.935439,1.371499,-3.095490
8313,-0.236635,0.153054,9.953537,0.913559,-0.408573,-0.403941,0.959303,1.359863,-3.106995
8314,-0.239150,0.136475,9.935937,1.037316,-0.494356,-0.561945,0.991432,1.345090,-3.123351
8315,-0.230775,0.153171,9.937375,1.908016,-0.935826,-0.564153,1.040074,1.321590,-3.142544
8316,-0.214584,0.214738,9.960180,3.633639,-1.346897,-0.672575,1.131951,1.283943,-3.163879
8317,-0.225754,0.209797,9.949626,3.600456,-0.821309,-0.761535,1.251974,1.248313,-3.188535
8318,-0.220681,0.237094,9.910973,4.047808,-0.786656,-0.656911,1.378921,1.222063,-3.212795
8319,-0.209887,0.306708,9.934383,4.933187,-0.812993,-0.577078,1.528156,1.195934,-3.234037
8320,-0.210434,0.308695,9.920150,4.299644,-0.526012,-0.610558,1.681615,1.174183,-3.254454
8321,-0.208628,0.296010,9.915272,3.052026,-0.379506,-0.562377,1.803734,1.159691,-3.274459
8322,-0.199051,0.325326,9.920800,3.069946,-0.632469,-0.549133,1.905384,1.143432,-3.293524
8323,-0.195393,0.351894,9.932372,3.410359,-0.845052,-0.434511,2.013049,1.119382,-3.310752
8324,-0.186916,0.327739,9.916435,2.780362,-1.106976,-0.175730,2.116009,1.087237,-3.322089
8325,-0.180960,0.344053,9.919759,2.946860,-1.097762,-0.123619,2.211345,1.050707,-3.328460
8326,-0.177035,0.360037,9.931481,3.563808,-1.166383,-0.149776,2.319747,1.013181,-3.334505
8327,-0.168503,0.401510,9.896834,5.119008,-1.471246,-0.250956,2.464313,0.969538,-3.343015
8328,-0.160996,0.412308,9.906224,5.472650,-1.503254,-0.372136,2.640633,0.920474,-3.355601
8329,-0.169827,0.460093,9.940658,6.787537,-1.138806,-0.662603,2.844665,0.877315,-3.374938
8330,-0.168253,0.525077,9.942463,8.788143,-1.357999,-0.716240,3.103882,0.836948,-3.400059
8331,-0.172323,0.574583,9.926367,9.842801,-1.270244,-0.723079,3.414019,0.794581,-3.426504
8332,-0.162097,0.625270,9.906913,10.783945,-1.394349,-0.322823,3.757523,0.751351,-3.446686
8333,-0.152671,0.668989,9.891678,12.143866,-1.373888,-0.298131,4.139480,0.706047,-3.460188
8334,-0.121167,0.731958,9.889692,14.263950,-1.697530,-0.618876,4.579376,0.656170,-3.479324
8335,-0.115429,0.868473,9.941295,18.468849,-1.728596,-0.884618,5.124585,0.601385,-3.509122
8336,-0.094338,0.979958,9.949129,21.550198,-3.035437,-0.556627,5.791239,0.524631,-3.540602
8337,-0.055296,1.078908,9.929002,24.111145,-4.603586,-0.496007,6.551983,0.399960,-3.571683
8338,-0.120533,1.274068,9.939292,29.359451,-2.585255,0.086157,7.442987,0.281877,-3.592995
8339,-0.077754,1.437863,9.860998,31.507278,-3.874459,1.619148,8.457414,0.171392,-3.579908
8340,-0.053797,1.578471,9.763498,31.980185,-2.927168,3.314043,9.515574,0.046690,-3.516316
8341,-0.033377,1.705175,9.735497,31.151880,-0.802803,4.189476,10.567705,-0.036182,-3.404076
8342,-0.046816,1.862938,9.765492,29.894079,1.243264,4.266125,11.584957,-0.055945,-3.264520
8343,0.041625,2.025699,9.714540,26.979416,-0.656516,3.848110,12.532640,-0.074584,-3.130381
8344,0.007132,2.199569,9.725198,25.502522,1.002752,2.642034,13.407102,-0.093264,-3.023559
8345,-0.001268,2.259581,9.759369,20.236959,0.717215,1.078353,14.169292,-0.080241,-2.956630
8346,0.012001,2.402886,9.677575,19.597221,-0.777838,-0.195628,14.833146,-0.084965,-2.942652
8347,-0.015098,2.513051,9.661160,21.303005,0.084762,-0.567637,15.514816,-0.092861,-2.957899
8348,-0.028431,2.555578,9.654433,23.857992,0.747410,-0.727038,16.267492,-0.073618,-2.974901
8349,-0.055800,2.693202,9.603969,30.858202,1.205510,-1.645412,17.179405,-0.031066,-3.003436
8350,-0.031888,2.999528,9.505117,41.034557,-0.769834,-1.636261,18.377535,-0.007488,-3.053322
8351,-0.038710,3.265246,9.476055,46.122250,-1.939603,-1.277477,19.829971,-0.034280,-3.113797
8352,-0.009536,3.571384,9.318495,49.568535,-3.958491,-1.771251,21.424622,-0.108351,-3.195845
8353,0.015559,3.830289,9.191698,48.062054,-5.184085,-1.938636,23.051781,-0.226085,-3.310540
8354,0.087340,4.038038,9.044177,42.913326,-6.774447,-1.107756,24.568399,-0.387986,-3.437289
8355,0.071732,4.240953,8.961238,39.225746,-4.075998,-1.582591,25.938099,-0.532426,-3.554716
8356,0.101632,4.368115,8.838211,35.685238,-1.924613,-1.558062,27.187323,-0.598417,-3.646470
8357,0.084897,4.534511,8.829566,33.669113,0.840129,-1.033947,28.343573,-0.594215,-3.693267
8358,0.067984,4.747221,8.769958,34.551418,1.978488,-0.204969,29.480400,-0.542971,-3.688812
8359,0.020985,4.931218,8.764700,34.662544,2.720390,1.004358,30.633383,-0.481761,-3.638103
8360,0.026619,5.053781,8.615816,34.076317,2.362085,2.043169,31.778202,-0.435513,-3.550780
8361,0.018481,5.298603,8.496523,35.269970,1.164650,2.782956,32.933090,-0.428848,-3.451315
8362,0.042040,5.343980,8.446354,30.289572,-1.246589,3.743447,34.024899,-0.489996,-3.361231
8363,0.061204,5.523679,8.309392,31.841692,-3.228133,3.857898,35.059700,-0.623262,-3.298944
8364,0.109265,5.655257,8.134987,32.756138,-5.751114,4.920589,36.135803,-0.830180,-3.266979
8365,0.172006,5.789343,7.996753,34.304340,-7.884584,6.353377,37.253098,-1.124704,-3.251921
8366,0.242146,5.989126,7.880191,39.962688,-8.768885,7.372818,38.490501,-1.484213,-3.241549
8367,0.313272,6.241326,7.632176,45.476986,-8.443078,7.469750,39.913982,-1.862780,-3.231194
8368,0.404111,6.386093,7.462735,43.448143,-7.830812,8.131587,41.395065,-2.237844,-3.210795
8369,0.491476,6.585703,7.374563,41.644592,-6.266570,7.355821,42.811607,-2.585056,-3.176737
8370,0.475071,6.735472,7.316557,34.922058,-1.684996,3.117468,44.085865,-2.801212,-3.141245
8371,0.413758,6.811721,7.286587,24.816446,2.199189,-0.296524,45.079483,-2.828069,-3.102173
8372,0.394676,6.934471,7.284146,21.293304,2.308030,-0.485225,45.845787,-2.766041,-3.058069
8373,0.353320,6.980094,7.280879,18.038956,2.103014,-0.754235,46.499454,-2.700222,-3.019323
8374,0.303954,7.095137,7.223320,17.163845,0.395967,-0.407908,47.085358,-2.657597,-3.002226
8375,0.399970,7.195023,6.995032,23.294884,-4.235585,3.476485,47.760235,-2.738595,-3.014703
8376,0.472139,7.203719,6.823883,24.002916,-7.010736,4.957386,48.550762,-2.968375,-3.060361
8377,0.540560,7.350078,6.559075,30.745138,-9.398133,5.245163,49.468346,-3.276153,-3.155231
8378,0.609082,7.508933,6.317256,35.181431,-9.603475,5.459539,50.574703,-3.616367,-3.283531
8379,0.655539,7.574270,6.144423,34.201180,-7.414286,4.321908,51.738777,-3.921148,-3.402519
8380,0.604949,7.680352,6.225681,25.234507,-3.430880,0.155460,52.736076,-4.090730,-3.500108
8381,0.639152,7.920936,6.083307,24.694380,-3.386249,-0.554884,53.575008,-4.153545,-3.595568
8382,0.634186,7.980274,6.010174,20.445831,-1.773461,-1.563193,54.333870,-4.175627,-3.686139
8383,0.616289,8.017920,5.966381,17.561113,-0.608255,-3.329944,54.973072,-4.132063,-3.765993
8384,0.617135,8.113460,5.861216,19.993109,-1.486498,-4.126757,55.606068,-4.049802,-3.865818
8385,0.693107,8.212687,5.609790,27.329433,-3.740325,-2.124026,56.403942,-4.012173,-3.996602
8386,0.694437,8.269396,5.492192,29.728670,-3.472311,-2.071585,57.364609,-4.019255,-4.135632
8387,0.711826,8.437027,5.331607,32.311092,-4.327167,-1.794013,58.408688,-4.033747,-4.280335
8388,0.771229,8.588839,5.140130,32.918430,-6.140474,0.516261,59.507164,-4.105474,-4.441132
8389,0.811684,8.615170,4.964508,29.839081,-6.722110,3.371596,60.564266,-4.268692,-4.594655
8390,0.804861,8.645083,4.882493,22.790316,-4.720058,2.827330,61.450256,-4.451446,-4.711462
8391,0.801330,8.678328,4.801735,18.449282,-2.907425,1.024575,62.143986,-4.568059,-4.793400
8392,0.804130,8.645354,4.720886,16.200272,-1.506785,0.039639,62.726048,-4.617814,-4.850679
8393,0.776110,8.649889,4.645896,15.166817,0.481472,-2.060731,63.251274,-4.595540,-4.881355
8394,0.671492,8.723925,4.330157,21.054203,2.297242,-5.782139,63.856285,-4.457854,-4.898264
8396,0.638208,8.785795,4.145523,28.332500,2.259030,-5.526680,64.680389,-4.255097,-4.911849
8397,0.652836,8.917775,4.004010,31.585789,0.294297,-2.988827,65.680481,-4.108420,-4.932730
8398,0.690059,8.995196,3.904608,30.755955,-1.389920,-1.322087,66.722672,-4.050108,-4.978280
8399,0.679037,9.088195,3.733801,31.068752,-1.979964,-1.965637,67.758133,-4.021383,-5.051282
8400,0.753468,9.235891,3.748183,26.956736,-3.037208,-1.425155,68.732063,-3.999947,-5.150152
8401,0.749651,9.318677,3.595244,21.899899,-3.671697,-2.772820,69.555305,-3.974462,-5.279800
8402,0.704992,9.284561,3.412434,20.401899,-2.830211,-4.606091,70.270203,-3.896293,-5.424216
8403,0.633590,9.232371,3.214360,22.117384,-1.735445,-5.744301,70.987450,-3.758804,-5.553616
8404,0.617713,9.275088,3.106966,24.897444,-1.582654,-5.051306,71.778053,-3.605905,-5.663742
8405,0.636929,9.275488,3.027180,25.166033,-1.252893,-2.382217,72.617538,-3.502358,-5.746703
8406,0.666387,9.386326,2.900808,28.421144,-0.005021,0.358768,73.512421,-3.476138,-5.776483
8407,0.684804,9.478868,2.734030,30.666117,1.187101,1.776420,74.495384,-3.504782,-5.747532
8408,0.704707,9.640944,2.604835,30.121473,1.526894,1.863367,75.504768,-3.551564,-5.687961
8409,0.673188,9.708239,2.425642,26.714369,2.341292,0.418859,76.447472,-3.572814,-5.616059
8410,0.625032,9.738853,2.238882,25.064039,2.488006,-1.827425,77.305870,-3.531628,-5.542973
8411,0.589661,9.721361,2.146097,21.782530,1.240676,-4.844885,78.084366,-3.409753,-5.506034
8412,0.567093,9.712853,2.088589,19.993229,0.074563,-7.278396,78.781746,-3.207511,-5.525288
8413,0.529116,9.678767,1.976153,20.352407,-0.006650,-8.529320,79.456779,-2.948668,-5.574113
8414,0.512155,9.668468,1.862718,21.802254,-0.031306,-9.545489,80.161980,-2.652313,-5.628148
8415,0.428846,9.681901,1.695364,24.871870,0.159640,-10.819339,80.942169,-2.317176,-5.681820
8416,0.340759,9.665410,1.488589,29.277109,0.256386,-11.876306,81.846436,-1.942154,-5.731594
8417,0.232833,9.696597,1.246637,33.369709,0.354793,-12.146595,82.891762,-1.543996,-5.774628
8418,0.150007,9.720552,1.017209,36.272545,-0.110584,-12.312141,84.053337,-1.138567,-5.816834
8419,0.104155,9.774259,0.848030,37.790817,-0.723400,-11.170571,85.288406,-0.750264,-5.866948
8420,0.111781,9.816201,0.698166,37.227257,-0.709198,-8.919957,86.539032,-0.418072,-5.914469
8421,0.095947,9.864037,0.522797,35.862774,-0.090794,-7.043534,87.757164,-0.153040,-5.940830
8422,0.076502,9.861878,0.364591,33.073223,0.352728,-5.646705,88.905945,0.058528,-5.942485
8423,0.044127,9.889576,0.183788,31.063494,0.757934,-4.680068,89.974823,0.230830,-5.925585
8424,-0.007093,9.897910,-0.052622,29.845436,0.825766,-4.820259,90.990021,0.388959,-5.897810
8425,-0.089663,9.892794,-0.245466,29.606110,-0.246567,-6.217060,91.980919,0.572592,-5.883416
8426,-0.139144,9.867327,-0.409464,29.317444,-1.548707,-6.819643,92.962669,0.790866,-5.904045
8427,-0.148399,9.861373,-0.572417,29.541773,-2.201473,-6.588134,93.942825,1.017576,-5.953031
8428,-0.146542,9.887089,-0.713431,29.489357,-2.403050,-5.682368,94.925415,1.227337,-6.013722
8429,-0.153472,9.870697,-0.860652,30.229612,-2.231819,-5.599973,95.919281,1.421795,-6.072803
8430,-0.150875,9.853185,-1.027942,31.751404,-1.692302,-5.190581,96.951027,1.607830,-6.117630
8431,-0.170704,9.841723,-1.217705,33.037792,-1.092725,-4.712180,98.030029,1.777542,-6.142088
8432,-0.200893,9.761201,-1.385563,33.370617,-0.379550,-4.555828,99.136673,1.933964,-6.143235
8433,-0.261277,9.656402,-1.581146,34.212471,0.777996,-4.008566,100.264023,2.073582,-6.112598
8434,-0.314040,9.606155,-1.785274,33.232964,1.771988,-2.329012,101.390259,2.169415,-6.050908
8435,-0.346077,9.566710,-2.016525,30.126638,2.364123,-0.089350,102.449020,2.194665,-5.974943
8436,-0.342455,9.540055,-2.162205,26.733469,1.924074,1.715396,103.399002,2.152292,-5.911132
8437,-0.324125,9.565829,-2.289786,22.887915,0.999636,3.451773,104.226944,2.056991,-5.884233
8438,-0.271235,9.575311,-2.395011,18.860964,-0.111675,3.976147,104.922142,1.933386,-5.900959
8439,-0.214697,9.561141,-2.480111,16.576241,-1.138805,4.211690,105.510902,1.807115,-5.956868
8440,-0.206482,9.555714,-2.547431,16.680836,-2.027033,2.942521,106.062607,1.706679,-6.040100
8441,-0.185872,9.550438,-2.661040,17.459728,-1.972026,1.093360,106.629158,1.660873,-6.123080
8442,-0.202532,9.508501,-2.772588,18.861057,-1.842136,-0.001121,107.232559,1.662000,-6.189296
8443,-0.230400,9.462393,-2.884331,19.468962,-1.800747,-0.506393,107.869751,1.688400,-6.244700
8444,-0.243733,9.398689,-2.971909,18.777067,-1.796992,-1.237757,108.505730,1.734743,-6.292633
8445,-0.220892,9.349269,-3.029220,16.671217,-1.551813,-0.453996,109.095177,1.779429,-6.336435
8446,-0.247254,9.275476,-3.109299,15.050362,-1.450583,0.598216,109.622353,1.793740,-6.384437
8447,-0.244709,9.254350,-3.226573,13.813179,-1.307173,0.978359,110.101768,1.784627,-6.436578
8448,-0.249183,9.238615,-3.318922,13.459476,-1.692650,1.159218,110.554466,1.768585,-6.495851
8449,-0.258460,9.194648,-3.407919,15.165075,-2.536446,0.974690,111.029129,1.760340,-6.574405
8450,-0.251546,9.162023,-3.500384,16.705376,-2.936768,1.484932,111.557205,1.755255,-6.674346
8451,-0.224609,9.135844,-3.591054,17.508369,-2.674405,3.305966,112.123894,1.715920,-6.790896
8452,-0.193269,9.098840,-3.694152,20.509045,-2.716878,4.622350,112.753624,1.628074,-6.924366
8453,-0.170057,9.080050,-3.783100,22.942659,-2.983686,5.664400,113.473579,1.507696,-7.079065
8454,-0.143093,9.061546,-3.874872,22.823893,-2.885821,6.063267,114.232094,1.368490,-7.247597
8455,-0.131424,8.956207,-3.993712,22.676901,-2.567191,5.051101,114.986755,1.237924,-7.407371
8456,-0.124393,8.872495,-4.102806,22.222454,-2.399375,4.199956,115.732147,1.134095,-7.548273
8457,-0.126249,8.806655,-4.177517,19.041559,-1.634158,3.791583,116.417580,1.044036,-7.667248
8458,-0.120196,8.750154,-4.269942,15.477592,-0.056470,3.727205,116.991463,0.944771,-7.748723
8459,-0.110927,8.747124,-4.414731,14.113719,1.114593,3.408923,117.484055,0.830994,-7.787429
8460,-0.079735,8.769948,-4.516284,13.483839,1.098521,3.367671,117.943741,0.713894,-7.807280
8461,-0.067752,8.750637,-4.598927,13.329322,0.704263,2.465605,118.390381,0.614005,-7.826680
8462,-0.061689,8.728635,-4.701193,14.575659,0.155460,1.276790,118.855286,0.552394,-7.844014
8463,-0.049730,8.666220,-4.807113,16.567919,-1.034876,-0.629594,119.374168,0.550107,-7.862118
8464,-0.053730,8.572651,-4.846372,16.830183,-1.465873,-0.819462,119.930534,0.591713,-7.886475
8465,-0.075261,8.510376,-4.906507,16.659704,-0.963134,-0.641365,120.488457,0.633112,-7.909227
8466,-0.067471,8.466251,-4.964345,16.798265,-0.394689,-0.678444,121.045982,0.663602,-7.917402
8467,-0.085025,8.392828,-5.048965,17.379166,-0.339175,-1.473629,121.615692,0.700619,-7.909188
8468,-0.102476,8.344094,-5.114480,17.793980,-0.495506,-1.953444,122.202118,0.756477,-7.890830
8469,-0.120499,8.301748,-5.230994,19.043692,-1.298975,-3.096000,122.816338,0.843522,-7.870839
8470,-0.129152,8.285753,-5.332817,18.432573,-1.557148,-3.596544,123.441254,0.962940,-7.849795
8471,-0.141461,8.213772,-5.425298,18.002865,-1.103961,-3.385708,124.048988,1.084341,-7.822059
8472,-0.140840,8.163256,-5.512533,18.954550,-0.465632,-2.692013,124.665634,1.182736,-7.786469
8473,-0.143018,8.112301,-5.621990,20.327782,0.581037,-1.233199,125.321136,1.235227,-7.747319
8474,-0.132737,8.059216,-5.737242,21.323416,2.490485,0.435725,126.016357,1.216172,-7.697882
8475,-0.131267,7.889248,-5.833100,24.333986,3.773149,1.341143,126.778633,1.130416,-7.631291
8476,-0.141643,7.780481,-5.949319,27.320690,3.806592,0.380017,127.641052,1.031192,-7.547953
8477,-0.140794,7.652416,-6.008895,28.397278,4.005497,-0.586750,128.571442,0.953580,-7.443434
8478,-0.110479,7.543352,-6.162816,29.537683,4.520746,-1.471068,129.539093,0.890727,-7.311518
8479,-0.113440,7.479351,-6.271654,29.270580,4.865393,-2.532226,130.521622,0.841259,-7.148847
8480,-0.106086,7.465475,-6.414284,28.454649,5.158630,-2.893008,131.486298,0.799957,-6.963479
8481,-0.098492,7.471196,-6.551050,26.393896,5.804898,-1.822229,132.402893,0.736322,-6.775042
8482,-0.067616,7.420187,-6.692323,24.983395,6.237586,0.273966,133.261063,0.618814,-6.610219
8483,-0.084899,7.270702,-6.685540,22.877728,5.556977,1.001206,134.059875,0.467682,-6.482558
8484,-0.063662,7.114817,-6.734920,22.859842,3.244342,1.317892,134.822662,0.337347,-6.404867
8485,-0.013802,6.974161,-6.882990,24.709846,0.630431,1.359406,135.615509,0.259979,-6.391129
8486,0.019078,6.860440,-7.061194,28.135128,-0.543892,1.584647,136.496063,0.224784,-6.425574
8487,0.023152,6.785486,-7.292912,30.867508,-0.768270,1.961032,137.479141,0.200412,-6.483753
8488,0.055865,6.708945,-7.496633,33.400345,0.478197,3.369812,138.549973,0.144558,-6.553020
8489,0.073878,6.563680,-7.617313,35.616287,3.066297,5.417581,139.700058,0.004056,-6.624959
8490,0.076944,6.396391,-7.599033,36.299458,5.484479,6.903579,140.898666,-0.236718,-6.691660
8491,0.119030,6.153925,-7.637470,36.766293,5.672095,7.207964,142.116760,-0.528566,-6.759768
8492,0.171033,5.954546,-7.699808,36.351482,4.350353,5.822967,143.336060,-0.792989,-6.831403
8493,0.215997,5.800149,-7.852513,36.341026,2.568558,4.159933,144.548477,-0.984088,-6.898190
8494,0.255185,5.610860,-8.002712,37.138367,1.215455,2.966847,145.774094,-1.103657,-6.959867
8495,0.265687,5.449536,-8.169885,38.523441,-0.091697,2.240934,147.036194,-1.167247,-7.021972
8496,0.263840,5.324045,-8.304708,38.087620,-1.417929,2.328231,148.314453,-1.186703,-7.099925
8497,0.252893,5.106603,-8.364892,38.466618,-2.018713,3.331240,149.592468,-1.186349,-7.210385
8499,0.240151,4.950439,-8.512495,40.790840,0.335848,3.618034,150.915649,-1.219563,-7.324869
8500,0.247085,4.697896,-8.615533,42.475361,2.514423,4.766504,152.305466,-1.327676,-7.425019
8501,0.275711,4.322902,-8.646192,44.758266,2.994927,5.606236,153.761887,-1.487872,-7.537240
8502,0.336881,3.951845,-8.719170,50.678867,1.779969,5.920355,155.356018,-1.642269,-7.676498
8503,0.360627,3.671234,-8.753391,53.121296,1.022892,5.204401,157.090088,-1.759769,-7.827544
8504,0.368124,3.336714,-8.779950,53.165386,-4.562370,5.236814,158.866730,-1.770246,-8.011164
8505,0.349387,3.113913,-8.971370,51.983315,-10.663921,4.191768,160.625595,-1.586866,-8.247144
8506,0.276545,2.952925,-9.213441,51.436161,-13.665715,2.847846,162.354660,-1.239830,-8.487930
8507,0.166794,2.771469,-9.384677,50.488014,-12.654905,2.110305,164.056641,-0.843808,-8.694188
8508,0.119613,2.535132,-9.705156,51.065750,-11.979402,2.579869,165.750870,-0.467762,-8.876480
8509,0.141763,2.185665,-9.914939,51.711666,-7.708982,2.519816,167.464294,-0.168353,-9.035010
8510,0.163331,1.928138,-9.988056,51.113159,-2.058725,1.355223,169.177795,-0.021928,-9.130651
8511,0.227987,1.657881,-10.035056,48.399456,2.680163,0.942440,170.835968,-0.038516,-9.165893
8512,0.273263,1.409200,-10.055346,42.900394,6.055914,-0.288201,172.357300,-0.183994,-9.154840
8513,0.292628,1.209115,-9.909925,39.150040,9.651235,-2.244870,173.724182,-0.438507,-9.080813
8514,0.264295,1.104230,-9.767279,35.154331,10.541293,-3.664424,174.961044,-0.763402,-8.949238
8515,0.249688,0.966917,-9.707213,32.129173,8.961011,-4.013045,176.079865,-1.077240,-8.796119
8516,0.236421,0.856318,-9.692615,29.359669,6.910296,-3.932380,177.101486,-1.333336,-8.648244
8517,0.250606,0.735370,-9.752929,27.322617,4.433942,-3.332039,178.042923,-1.517072,-8.519343
8518,0.289524,0.537425,-9.841054,25.356295,1.926941,-1.877825,178.918396,-1.620765,-8.429848
8519,0.343361,0.345635,-9.905062,24.896715,0.598617,-0.772881,179.754623,-1.662421,-8.385313
8520,0.361022,0.086689,-9.852201,28.208920,0.849768,-1.013090,-179.361191,-1.686727,-8.355700
8521,0.333269,-0.070723,-9.902828,32.205418,0.461960,-3.565946,-178.356613,-1.710094,-8.279793
8522,0.297694,-0.319175,-9.885302,34.659588,-1.736711,-4.846360,-177.246475,-1.694077,-8.138858
8523,0.294796,-0.568141,-9.897908,36.377216,-4.014174,-5.648281,-176.067825,-1.608513,-7.958772
8524,0.263068,-0.720935,-9.909093,36.549419,-5.925270,-7.496687,-174.858704,-1.460661,-7.727401
8525,0.230951,-0.820553,-9.937521,32.552269,-7.458116,-7.229560,-173.713470,-1.262998,-7.461089
8526,0.248669,-1.026123,-9.874179,26.650208,-8.416717,-4.277717,-172.731262,-1.022856,-7.239583
8527,0.258566,-1.167618,-9.813418,22.726755,-6.784708,-2.527970,-171.910614,-0.787052,-7.093511
8528,0.219637,-1.226970,-9.738792,20.091068,-4.204887,-2.319443,-171.198303,-0.617829,-6.986681
8529,0.202111,-1.362296,-9.703367,18.824644,-1.293640,-1.078792,-170.550461,-0.536345,-6.916127
8530,0.229188,-1.514295,-9.711559,18.388311,0.702160,-0.600804,-169.930542,-0.531450,-6.886750
8531,0.249619,-1.576235,-9.704175,18.471764,3.049229,-1.262318,-169.316422,-0.598578,-6.867384
8532,0.315235,-1.706203,-9.679064,19.732204,5.649775,-2.667061,-168.680145,-0.753380,-6.830655
8533,0.376139,-1.855895,-9.699661,23.017164,6.957736,-5.203837,-167.968994,-0.985659,-6.744589
8534,0.378992,-1.993608,-9.644822,30.745466,10.785914,-7.315774,-167.075775,-1.319369,-6.604694
8535,0.369984,-2.190501,-9.616208,40.516453,16.491987,-10.193630,-165.893082,-1.829553,-6.427070
8536,0.423798,-2.464919,-9.561330,48.478924,16.892624,-11.583220,-164.417892,-2.460257,-6.218509
8537,0.471249,-2.723850,-9.504313,51.088150,14.888336,-11.490818,-162.769363,-3.076803,-5.999299
8538,0.522088,-2.970706,-9.393398,51.407543,13.745525,-9.258941,-161.072067,-3.637594,-5.818741
8539,0.619297,-3.247940,-9.310131,46.751514,8.497151,-6.605006,-159.444870,-4.075906,-5.695098
8540,0.716317,-3.500350,-9.204270,40.207973,2.235607,-3.721311,-158.002777,-4.305010,-5.599948
8541,0.741597,-3.692719,-9.137810,35.574986,-0.881183,-1.741687,-156.745544,-4.360845,-5.525007
8542,0.715182,-3.881547,-9.055786,33.347698,-3.444592,-0.670804,-155.601929,-4.311162,-5.459236
8543,0.679680,-4.065935,-8.979843,31.109301,-5.917367,0.569587,-154.532715,-4.170376,-5.391994
8544,0.656732,-4.211057,-8.898461,28.896439,-7.742661,1.556888,-153.537506,-3.950186,-5.324258
8545,0.624315,-4.359133,-8.814112,27.360275,-8.546487,1.915891,-152.604706,-3.681941,-5.252944
8546,0.568116,-4.522721,-8.702321,28.029528,-9.275854,2.231242,-151.686401,-3.387036,-5.175220
8547,0.528573,-4.632936,-8.609633,29.307272,-9.519193,3.152671,-150.734909,-3.069317,-5.102932
8548,0.495311,-4.784609,-8.521314,30.867750,-8.519395,2.853083,-149.735245,-2.758732,-5.040513
8549,0.459446,-4.916871,-8.429352,32.093025,-7.130129,1.866862,-148.689026,-2.494455,-4.974415
8550,0.446717,-5.070598,-8.341377,32.584919,-5.654393,0.649746,-147.614395,-2.291348,-4.897398
8551,0.444284,-5.191933,-8.276549,32.065945,-4.165985,-0.756344,-146.540512,-2.154928,-4.806734
8552,0.429146,-5.315420,-8.252316,30.997826,-2.860987,-1.943068,-145.493362,-2.082942,-4.703753
8553,0.445068,-5.468946,-8.096341,31.224171,-3.115829,-2.235945,-144.460571,-2.041319,-4.589357
8554,0.432857,-5.632564,-7.992669,30.325468,-2.591364,-2.432060,-143.439041,-2.010176,-4.470417
8555,0.403332,-5.767704,-7.896849,29.131124,-1.919092,-2.577318,-142.452103,-2.000496,-4.358393
8556,0.409638,-5.917647,-7.785282,27.685213,-1.713988,-2.123119,-141.508698,-2.001058,-4.259286
8557,0.427229,-6.083619,-7.599123,26.547056,-1.232611,-2.189786,-140.607925,-2.008063,-4.172474
8558,0.394391,-6.180992,-7.569968,24.069246,1.054196,-2.374057,-139.766525,-2.054488,-4.112081
8559,0.421401,-6.320297,-7.492272,23.965864,1.943539,-2.905298,-138.967255,-2.149770,-4.077699
8560,0.445012,-6.426706,-7.444721,25.947899,1.990442,-2.676909,-138.136429,-2.260505,-4.051286
8561,0.438329,-6.517924,-7.337985,28.893061,1.334911,-1.435115,-137.223007,-2.347635,-4.037941
8562,0.432811,-6.613613,-7.241460,30.777168,0.404314,-0.127728,-136.228531,-2.386624,-4.038955
8563,0.432188,-6.715323,-7.103379,31.942854,-1.529216,1.210281,-135.183304,-2.360627,-4.038896
8564,0.374812,-6.783231,-6.918688,31.762403,-3.133780,2.820096,-134.121948,-2.258198,-4.030987
8565,0.325306,-6.914946,-6.692494,30.446930,-4.176180,3.455849,-133.085846,-2.098442,-4.015070
8566,0.299274,-7.068865,-6.544751,28.009802,-3.652427,3.234287,-132.112366,-1.928038,-3.994591
8567,0.271545,-7.187384,-6.457010,26.169008,-2.818468,3.337623,-131.209717,-1.774545,-3.986817
8568,0.268299,-7.275106,-6.325397,25.633883,-2.431921,3.294560,-130.346191,-1.633744,-3.992739
8569,0.295543,-7.405445,-6.230727,25.463284,-1.592460,2.847366,-129.494247,-1.512220,-4.006981
8570,0.298573,-7.483308,-6.188918,25.066305,0.104732,3.521677,-128.650909,-1.414211,-4.054598
8571,0.259387,-7.557277,-6.072810,25.580389,1.032075,4.354743,-127.804527,-1.322927,-4.150705
8572,0.252768,-7.633209,-5.960445,26.164360,1.339528,4.178071,-126.939537,-1.233980,-4.268463
8573,0.283302,-7.746171,-5.835872,27.636557,1.584849,1.941877,-126.040802,-1.180970,-4.368295
8574,0.275434,-7.842449,-5.767705,29.240475,1.737480,0.666710,-125.091461,-1.177729,-4.438501
8575,0.241317,-7.939626,-5.605058,31.188982,0.101431,0.844024,-124.083580,-1.174350,-4.477951
8576,0.244017,-7.970224,-5.425148,31.474722,-1.974828,0.552424,-123.039536,-1.137600,-4.464874
8577,0.204671,-8.076708,-5.213650,30.518608,-2.920655,-0.398248,-122.007721,-1.091426,-4.397518
8578,0.156092,-8.257980,-5.037693,29.495691,-2.895781,0.839474,-121.009041,-1.034395,-4.318687
8579,0.133888,-8.356456,-4.876996,29.546181,-2.845921,3.652723,-120.025841,-0.921354,-4.274345
8580,0.124829,-8.367105,-4.741932,28.551870,-2.178583,3.595440,-119.057785,-0.775082,-4.261226
8581,0.139151,-8.535381,-4.627887,27.737810,-0.144251,2.964614,-118.119453,-0.660601,-4.279536
8582,0.158227,-8.611080,-4.552894,28.286835,1.506378,4.257508,-117.184952,-0.564628,-4.355412
8583,0.118790,-8.599223,-4.445426,27.950069,2.557716,5.405039,-116.246559,-0.451375,-4.488334
8584,0.081699,-8.615267,-4.306279,26.261230,2.861451,4.532439,-115.342026,-0.341666,-4.641757
8585,0.054704,-8.679041,-4.112490,25.273748,3.403365,4.374096,-114.482353,-0.251037,-4.798928
8586,-0.035911,-8.620943,-4.026544,24.254189,3.275128,4.683848,-113.656342,-0.158638,-4.962101
8587,-0.074335,-8.711846,-3.853747,22.973709,1.910049,4.689854,-112.869003,-0.049261,-5.103216
8588,-0.102067,-8.773319,-3.746378,22.236307,0.707002,4.456222,-112.115593,0.074944,-5.201866
8589,-0.131361,-8.811067,-3.636923,20.439228,-0.183487,5.003059,-111.404541,0.218183,-5.268429
8590,-0.102960,-8.892529,-3.579943,18.658598,-0.780884,4.859436,-110.753181,0.377357,-5.312611
8591,-0.065835,-9.014670,-3.454506,17.679251,-0.619050,4.020860,-110.147804,0.524203,-5.342484
8592,-0.072505,-8.961238,-3.383294,17.288549,0.913547,3.340019,-109.565514,0.637923,-5.388747
8593,-0.072591,-8.908659,-3.319069,15.304308,2.810285,2.897337,-109.023399,0.715477,-5.481633
8594,-0.056859,-9.035398,-3.193648,15.127332,4.429932,1.206952,-108.517921,0.741334,-5.617875
8595,-0.039117,-9.020719,-3.037791,17.283733,6.121925,0.962257,-107.980003,0.720560,-5.796147
8596,-0.029925,-9.037678,-2.838756,24.973265,6.509108,3.519279,-107.278572,0.727955,-6.019382
8597,-0.018906,-9.369770,-2.657630,34.601215,5.639798,3.845148,-106.288788,0.787062,-6.248797
8598,-0.028961,-9.460752,-2.490343,39.919086,3.854807,1.320294,-105.049393,0.827423,-6.424401
8599,-0.099296,-9.402041,-2.304134,41.693729,2.841456,3.420968,-103.691261,0.876546,-6.551920
8600,-0.170111,-9.606306,-2.126479,42.418980,1.359620,5.758840,-102.291313,1.009929,-6.654750
8602,-0.245515,-9.604548,-1.999998,38.837517,-0.650293,3.487292,-100.938095,1.158574,-6.697609
8603,-0.303703,-9.447893,-1.753064,33.312496,-1.312631,3.312827,-99.735535,1.276148,-6.685615
8604,-0.307366,-9.534781,-1.532890,30.407972,-1.343742,5.139524,-98.673149,1.422336,-6.664482
8605,-0.291452,-9.571498,-1.314648,30.937067,-1.924080,3.202419,-97.649933,1.567664,-6.630470
8606,-0.312671,-9.481380,-1.115089,31.490370,-2.696903,1.211469,-96.607681,1.650268,-6.563015
8607,-0.288047,-9.560396,-0.979374,29.585741,-2.366110,1.715625,-95.587540,1.707806,-6.484118
8608,-0.299030,-9.499990,-0.830050,28.181219,-1.692992,1.771345,-94.622940,1.771688,-6.421926
8609,-0.336828,-9.428784,-0.694132,28.010738,-1.001278,2.357044,-93.685219,1.843521,-6.382115
8610,-0.359241,-9.505781,-0.557227,26.537491,-0.294117,3.222445,-92.775620,1.937525,-6.365831
8611,-0.379369,-9.532628,-0.394490,24.834286,0.565125,3.207030,-91.919762,2.044353,-6.374804
8612,-0.391217,-9.582840,-0.183227,24.933125,1.204687,2.638175,-91.091522,2.140903,-6.406880
8613,-0.394552,-9.651736,-0.021533,25.412895,1.018860,2.375406,-90.253922,2.223978,-6.444907
8614,-0.401200,-9.712395,0.145745,26.957607,0.282928,1.432130,-89.381973,2.287514,-6.466399
8615,-0.397993,-9.691677,0.289153,29.602705,-0.481127,-0.128288,-88.439217,2.309224,-6.462612
8616,-0.391140,-9.642367,0.400265,31.354303,-0.990050,-1.031502,-87.422379,2.289070,-6.438675
8617,-0.388544,-9.585591,0.559484,32.564697,-1.277786,-1.606577,-86.355759,2.243151,-6.403230
8618,-0.378108,-9.544411,0.713821,33.642437,-1.344300,-1.779949,-85.250885,2.183684,-6.363709
8619,-0.385191,-9.501005,0.952547,34.688042,-1.075776,-1.436282,-84.110847,2.126580,-6.328488
8620,-0.366879,-9.465377,1.157651,34.934006,-1.382850,-1.141150,-82.949287,2.079264,-6.292627
8621,-0.345398,-9.453757,1.332018,34.291206,-1.568755,-0.879231,-81.794060,2.039392,-6.248338
8622,-0.337130,-9.434109,1.525890,33.392941,-1.203984,-0.426472,-80.664619,2.010863,-6.205982
8623,-0.358309,-9.456537,1.724869,32.627583,-0.900698,0.235497,-79.563194,2.001686,-6.171993
8624,-0.360402,-9.454691,1.880516,31.454788,-1.092014,0.073242,-78.494095,2.000405,-6.138448
8625,-0.365765,-9.425958,2.045681,30.641401,-1.239839,-0.457348,-77.457970,1.986064,-6.101736
8626,-0.363520,-9.459868,2.252824,29.646189,-1.801999,-1.553238,-76.451828,1.941983,-6.059848
8627,-0.364034,-9.457482,2.415005,29.191055,-3.242827,-3.279595,-75.469238,1.843476,-5.997700
8628,-0.322218,-9.316290,2.504848,28.706484,-4.786052,-5.680688,-74.501587,1.664655,-5.906960
8629,-0.267862,-9.204543,2.610531,28.067139,-5.335989,-6.372428,-73.552551,1.425183,-5.799825
8630,-0.233082,-9.179437,2.729196,27.095753,-5.315072,-5.664900,-72.630707,1.181652,-5.688243
8631,-0.218045,-9.113916,2.889946,27.615633,-4.713875,-4.681003,-71.716911,0.966368,-5.581924
8632,-0.193506,-9.103018,3.086302,28.327461,-4.145485,-3.669449,-70.783134,0.787113,-5.486921
8633,-0.161777,-9.045689,3.295816,29.620882,-4.429878,-2.969930,-69.816185,0.634750,-5.389753
8634,-0.137155,-9.054999,3.481014,28.687462,-4.970589,-2.706275,-68.843338,0.490972,-5.276617
8635,-0.090739,-8.902585,3.616102,27.990274,-5.661838,-3.151476,-67.897850,0.334963,-5.147874
8636,-0.049471,-8.751840,3.624332,25.831459,-5.988664,-1.949624,-67.000229,0.182029,-5.001107
8637,-0.022741,-8.560086,3.679078,23.686968,-4.803298,0.587643,-66.174591,0.089810,-4.845121
8638,-0.031445,-8.535358,3.778879,21.123594,-3.000980,4.608857,-65.427483,0.115511,-4.691140
8639,-0.064320,-8.442508,3.883867,21.075300,-1.624071,8.471582,-64.723595,0.280754,-4.529613
8640,-0.217387,-8.901866,4.089064,19.611864,0.741131,12.459154,-64.044205,0.588958,-4.365736
8641,-0.324825,-8.807410,4.431411,25.338877,1.021516,9.311217,-63.293221,0.927163,-4.231382
8642,-0.371213,-8.747603,4.507551,29.843428,-0.936982,6.581745,-62.371376,1.163298,-4.111394
8643,-0.368971,-8.696850,4.638218,34.203140,-2.727202,3.067926,-61.301296,1.276235,-3.981330
8644,-0.348398,-8.653429,4.785503,37.323586,-3.931093,-1.291498,-60.106884,1.247701,-3.869710
8645,-0.233243,-8.143313,4.958239,40.756630,-4.427736,-5.503508,-58.804478,1.079260,-3.806909
8646,-0.145397,-8.178619,5.029445,37.407700,-3.695274,-4.697653,-57.501530,0.863249,-3.781297
8647,-0.094499,-8.123866,5.267992,35.642254,-2.097402,-5.355289,-56.284340,0.670185,-3.791994
8648,-0.108051,-7.967081,5.443555,34.453907,-0.682859,-5.009923,-55.116837,0.501233,-3.851065
8649,-0.115150,-7.868535,5.662029,34.724270,0.641981,-2.667165,-53.964588,0.396547,-3.924811
8650,-0.126762,-7.736173,5.817922,36.534840,-0.161072,-0.363936,-52.777328,0.360822,-3.961606
8651,-0.121105,-7.601465,5.945323,39.135914,-0.953610,2.231836,-51.516079,0.374185,-3.927954
8652,-0.114380,-7.492450,6.073766,39.875748,-1.427138,3.846705,-50.198734,0.427903,-3.833376
8653,-0.091908,-7.455627,6.271712,37.644176,-0.732632,3.433164,-48.906063,0.497003,-3.727368
8654,-0.085707,-7.308222,6.450066,35.584934,1.151166,1.773214,-47.685242,0.566360,-3.674878
8655,-0.111337,-7.227628,6.546537,33.968513,3.505504,0.614411,-46.526463,0.648114,-3.704667
8656,-0.154621,-7.077245,6.703139,31.808193,5.558693,-0.328840,-45.431583,0.756292,-3.810066
8657,-0.208311,-6.949667,6.872499,31.547041,6.824783,0.056718,-44.377907,0.899073,-3.959057
8658,-0.272454,-6.746803,6.950755,33.303722,7.048760,1.771775,-43.299561,1.086893,-4.097328
8659,-0.321879,-6.613805,7.084149,34.185829,5.989136,2.761646,-42.176800,1.297847,-4.189392
8660,-0.338459,-6.449670,7.186255,36.014614,3.375010,2.031988,-41.007999,1.467705,-4.233225
8661,-0.364834,-6.280996,7.332516,36.475883,1.216729,1.449620,-39.800114,1.563682,-4.238410
8662,-0.370773,-6.124735,7.461584,36.281185,-1.339997,0.055705,-38.587074,1.578020,-4.217479
8663,-0.347974,-5.986984,7.628572,37.661102,-3.714719,-1.657794,-37.354015,1.495230,-4.186435
8664,-0.287507,-5.852345,7.779742,40.975765,-7.375484,-2.069628,-36.042088,1.309930,-4.125523
8665,-0.218985,-5.643580,8.059461,43.891163,-9.075987,-0.225764,-34.625210,1.064320,-3.997891
8666,-0.175554,-5.462905,8.250583,48.486824,-8.759816,1.895812,-33.082680,0.833238,-3.809202
8667,-0.151903,-5.243249,8.428120,51.239689,-7.193523,3.759836,-31.418001,0.658835,-3.587871
8668,-0.117705,-5.021427,8.569572,50.442879,-5.342820,4.690581,-29.721254,0.550653,-3.360706
8669,-0.145960,-4.753462,8.655920,46.789402,-1.114648,4.901991,-28.099245,0.533745,-3.169015
8670,-0.192915,-4.562145,8.682819,42.410736,2.117714,4.240342,-26.611555,0.618437,-3.041837
8671,-0.214591,-4.367564,8.758613,37.240192,3.190642,2.802268,-25.283436,0.749152,-2.975323
8672,-0.248962,-4.176347,8.871176,33.952988,4.007032,2.317524,-24.096636,0.893626,-2.947990
8673,-0.309692,-3.973561,8.945518,32.741535,4.776933,2.380609,-22.984951,1.059036,-2.934760
8674,-0.355565,-3.778178,9.002192,34.023952,3.269694,2.937833,-21.871696,1.216785,-2.904063
8675,-0.350623,-3.620487,9.072045,34.444817,0.386734,3.126117,-20.729094,1.310347,-2.831917
8676,-0.345847,-3.448558,9.165000,34.246994,-2.555297,3.498392,-19.581713,1.314553,-2.715577
8677,-0.320656,-3.282962,9.295816,35.066116,-4.104267,2.865267,-18.423590,1.244261,-2.578917
8678,-0.271261,-3.141406,9.417487,35.790119,-4.691041,2.663445,-17.240049,1.132927,-2.446162
8679,-0.245316,-2.980322,9.499283,34.012047,-2.902774,2.279720,-16.074640,1.035294,-2.330902
8680,-0.262386,-2.745398,9.539396,33.804707,0.336617,1.593718,-14.943164,1.011291,-2.257382
8681,-0.283639,-2.574134,9.557410,33.415081,3.396006,0.490277,-13.822608,1.080052,-2.239433
8682,-0.333874,-2.376678,9.521454,32.712990,5.191802,0.342760,-12.720970,1.222388,-2.259005
8683,-0.375075,-2.173346,9.536259,32.171841,5.573787,-0.060805,-11.640427,1.398705,-2.292421
8684,-0.398357,-2.005188,9.548218,32.852978,5.010571,-0.592185,-10.557938,1.569659,-2.337101
8685,-0.408956,-1.859431,9.601430,32.074490,4.217656,-1.070710,-9.477460,1.716248,-2.391104
8686,-0.407155,-1.663355,9.677042,31.430405,3.429424,-1.364424,-8.420996,1.835790,-2.450985
8687,-0.387112,-1.519305,9.735271,29.963642,2.828380,-1.978647,-7.400136,1.931399,-2.520500
8688,-0.396245,-1.364809,9.752098,28.970423,2.642819,-2.336751,-6.420813,2.013214,-2.602874
8689,-0.402212,-1.196055,9.819440,27.555809,2.060407,-2.786752,-5.482105,2.082288,-2.695975
8690,-0.412561,-1.038626,9.843105,27.273640,2.069100,-3.306709,-4.572292,2.141907,-2.803202
8691,-0.435512,-0.887151,9.848241,27.612028,2.473474,-3.318681,-3.661983,2.209452,-2.918849
8692,-0.461331,-0.706663,9.866270,26.894289,2.462006,-3.057707,-2.757957,2.285624,-3.029664
8693,-0.470095,-0.524884,9.906176,26.289898,1.781800,-2.917418,-1.875761,2.352277,-3.132107
8694,-0.470960,-0.381152,9.925588,25.122183,0.988247,-2.538130,-1.022759,2.396133,-3.224203
8695,-0.480334,-0.231919,9.939289,23.070322,0.306019,-1.815915,-0.222650,2.416929,-3.297014
8696,-0.475438,-0.105652,9.941614,21.560173,-0.435988,-1.501828,0.518825,2.414936,-3.352324
8697,-0.468334,0.006356,9.912079,21.209978,-0.818142,-1.259747,1.229688,2.394750,-3.398661
8698,-0.464547,0.128454,9.903669,20.581284,-1.037601,-0.847374,1.924689,2.364811,-3.434627
8699,-0.456207,0.248561,9.914506,20.410789,-1.142568,-0.715286,2.606740,2.329554,-3.462096
8700,-0.444121,0.347053,9.936427,20.553785,-1.228153,-0.505669,3.288555,2.291147,-3.484462
8701,-0.438023,0.442130,9.901610,20.745483,-0.999436,-0.089731,3.976364,2.254736,-3.496722
8702,-0.418555,0.574594,9.884423,20.744871,-1.361585,0.302087,4.667865,2.215255,-3.496168
8703,-0.417221,0.687137,9.881052,19.353098,-1.957245,0.712033,5.336599,2.158698,-3.484125
8705,-0.403272,0.815972,9.859314,18.132641,-1.885328,0.375785,5.961778,2.093202,-3.472343
8706,-0.398218,0.962335,9.838700,15.854425,-1.993467,-0.141184,6.528097,2.028502,-3.475489
8707,-0.403925,1.099177,9.851292,13.580482,-2.170851,-0.742331,7.017869,1.961297,-3.498298
8708,-0.391890,1.172956,9.867606,10.807259,-2.415010,-1.502755,7.422753,1.890151,-3.545037
8709,-0.362962,1.236368,9.886420,8.402681,-2.042382,-2.439116,7.740480,1.825146,-3.619981
8710,-0.350449,1.267501,9.860305,6.003120,-2.208609,-2.589512,7.977662,1.766389,-3.712737
8711,-0.324630,1.295074,9.854925,3.579754,-2.603411,-2.734820,8.134377,1.699397,-3.811872
8712,-0.302098,1.286775,9.820889,0.120274,-2.787124,-3.787711,8.192553,1.625882,-3.932271
8713,-0.288318,1.266580,9.824560,-3.927531,-2.831218,-5.018048,8.124692,1.553983,-4.090879
8714,-0.275141,1.219730,9.795506,-7.201190,-2.875207,-5.582906,7.934215,1.484447,-4.279159
8715,-0.263555,1.195700,9.839755,-9.991754,-2.650470,-6.072412,7.642468,1.419490,-4.484148
8716,-0.249094,1.130111,9.857643,-11.171227,-2.101125,-6.276759,7.284535,1.367671,-4.698552
8717,-0.231325,1.090618,9.903970,-10.949621,-1.621168,-5.194966,6.911203,1.329719,-4.895980
8718,-0.228158,1.061758,9.929399,-9.115055,-1.026396,-3.820582,6.573246,1.303512,-5.050410
8719,-0.223756,1.048854,9.936258,-7.072350,-0.395717,-3.165994,6.300774,1.293000,-5.168797
8720,-0.226456,1.003925,9.909081,-5.476834,-0.009049,-2.653897,6.089423,1.296764,-5.265973
8721,-0.238311,0.992019,9.903109,-3.892934,0.323148,-2.244598,5.931423,1.310522,-5.346632
8722,-0.228077,0.959076,9.907468,-3.107938,0.208809,-1.977536,5.813150,1.326545,-5.415739
8723,-0.231954,0.945787,9.898150,-2.845797,0.338793,-1.853541,5.712463,1.342039,-5.478368
8724,-0.241434,0.940179,9.904499,-2.297739,0.337486,-1.756058,5.625352,1.359198,-5.537136
8725,-0.241157,0.936873,9.913670,-1.826660,0.203417,-1.405855,5.555381,1.373305,-5.588719
8726,-0.236256,0.920733,9.922352,-1.920617,0.043942,-1.049381,5.491958,1.381348,-5.629066
8727,-0.231240,0.911012,9.916440,-1.532745,-0.053554,-0.854393,5.433639,1.384207,-5.660676
8728,-0.223422,0.918198,9.907286,-0.794738,-0.198032,-0.599557,5.394256,1.382319,-5.685204
8729,-0.223357,0.906955,9.896950,-0.768467,-0.535560,-0.039644,5.367920,1.371147,-5.696961
8730,-0.222591,0.906080,9.902991,-0.533891,-0.819606,0.475837,5.346336,1.347979,-5.691830
8731,-0.212007,0.908576,9.897996,0.008498,-1.101075,0.881364,5.338035,1.314000,-5.672285
8732,-0.224763,0.920205,9.898340,-0.157734,-1.270133,1.266223,5.336268,1.271321,-5.640316
8733,-0.227660,0.909700,9.901807,-0.876564,-1.534287,1.512020,5.319940,1.220483,-5.598543
8734,-0.213649,0.915752,9.896746,-0.668451,-1.566458,1.559581,5.295151,1.164292,-5.552337
8735,-0.198928,0.902460,9.886198,-0.707012,-1.437842,1.440756,5.273122,1.109827,-5.507147
8736,-0.198180,0.888705,9.880941,-0.867535,-1.263409,1.208183,5.247635,1.060949,-5.467304
8737,-0.188186,0.899104,9.892908,-0.547796,-1.126302,0.917195,5.224620,1.018054,-5.435657
8738,-0.182725,0.902644,9.901675,-0.102573,-0.858149,0.820630,5.214231,0.982482,-5.409820
8739,-0.180811,0.878698,9.917551,-0.542170,-0.583616,0.755384,5.203892,0.956167,-5.385840
8740,-0.176475,0.882237,9.895449,-0.644566,-0.500012,0.629631,5.184465,0.936091,-5.364481
8741,-0.174740,0.895073,9.895571,-0.694981,-0.466167,0.684386,5.162470,0.918079,-5.344120
8742,-0.166569,0.889555,9.899709,-0.628615,-0.416482,0.646643,5.140740,0.901436,-5.323344
8743,-0.149906,0.883340,9.897374,-0.373367,-0.563462,0.602488,5.124341,0.883307,-5.304068
8744,-0.147397,0.891944,9.889326,-0.366201,-0.661559,0.530631,5.112273,0.861286,-5.287077
8745,-0.154700,0.891340,9.906306,-0.311627,-0.553569,0.462967,5.101194,0.839641,-5.272386
8746,-0.144973,0.871981,9.907492,-0.660820,-0.672568,0.460021,5.085182,0.817920,-5.258875
8747,-0.141893,0.856741,9.882760,-1.040062,-0.799377,0.666356,5.057065,0.791824,-5.242342
8748,-0.142227,0.854005,9.875168,-1.367929,-0.658279,0.663391,5.017203,0.765678,-5.222396
8749,-0.130807,0.852821,9.891164,-1.307094,-0.617934,0.588986,4.972869,0.742672,-5.203452
8750,-0.119542,0.829110,9.898171,-1.577273,-0.685724,0.624437,4.925029,0.719280,-5.185175
8751,-0.119726,0.830409,9.901419,-1.689595,-0.609890,0.600321,4.870810,0.696023,-5.166680
8752,-0.118261,0.820020,9.892915,-1.594846,-0.359367,0.416129,4.816256,0.678497,-5.151162
8753,-0.114794,0.795933,9.900746,-1.825105,-0.377461,0.348982,4.759394,0.665195,-5.139479
8754,-0.125509,0.799798,9.900181,-1.841973,-0.279457,0.269754,4.698383,0.653434,-5.130102
8755,-0.127468,0.808449,9.894341,-1.572325,-0.125672,0.297666,4.641579,0.645935,-5.121226
8756,-0.122996,0.802678,9.889013,-1.239380,-0.045285,0.252486,4.594817,0.642356,-5.112314
8757,-0.121371,0.789155,9.914982,-1.436736,-0.052758,0.072779,4.550274,0.640295,-5.107041
8758,-0.132533,0.791550,9.905013,-1.143170,0.096423,0.089564,4.507308,0.640808,-5.104286
8759,-0.126927,0.780514,9.892488,-0.867554,0.011588,0.280585,4.473866,0.642119,-5.097994
8760,-0.119828,0.786359,9.910316,-0.742046,-0.110233,0.256759,4.447139,0.639783,-5.089194
8761,-0.115853,0.774983,9.920418,-0.477398,-0.196788,0.282011,4.426909,0.633986,-5.080637
8762,-0.116071,0.797565,9.904696,0.070265,-0.391158,0.502466,4.420259,0.623208,-5.068356
8763,-0.110292,0.811012,9.897901,0.449048,-0.517620,0.431419,4.429068,0.606905,-5.054006
8764,-0.096464,0.791027,9.897957,0.438133,-0.509950,0.392664,4.443983,0.588768,-5.041637
8765,-0.091549,0.779907,9.892047,0.384965,-0.612157,0.584837,4.457850,0.568858,-5.026845
8766,-0.091605,0.782823,9.893124,0.421885,-0.608588,0.569529,4.471470,0.547077,-5.009247
8767,-0.092860,0.780631,9.916363,0.212571,-0.484582,0.541577,4.482203,0.527467,-4.992206
8768,-0.086848,0.762416,9.924829,-0.156809,-0.397910,0.618076,4.483298,0.511294,-4.974087
8769,-0.089729,0.774848,9.929688,-0.159554,-0.275121,0.479983,4.478179,0.498681,-4.956717
8770,-0.090355,0.772595,9.925344,-0.282681,-0.098891,0.240804,4.470906,0.491530,-4.945226
8771,-0.092172,0.779214,9.911438,-0.347499,0.174237,0.078619,4.460450,0.492367,-4.939821
8772,-0.089471,0.778657,9.907512,-0.189046,0.309817,-0.124693,4.451507,0.500470,-4.939960
8773,-0.088975,0.778658,9.906316,-0.173108,0.298782,-0.240316,4.445424,0.511055,-4.945238
8774,-0.096111,0.763757,9.891641,-0.267348,0.359856,-0.255627,4.438016,0.522640,-4.952629
8775,-0.100904,0.773086,9.890689,0.035799,0.398180,-0.284469,4.434083,0.535932,-4.960627
8776,-0.098204,0.776112,9.900249,0.352187,0.347144,-0.303992,4.440466,0.549076,-4.969443
8777,-0.097112,0.771040,9.887388,0.729039,0.325085,-0.245191,4.458406,0.560956,-4.977701
8778,-0.095828,0.781485,9.896424,1.046354,0.277944,-0.204740,4.487931,0.571561,-4.984393
8779,-0.098321,0.794893,9.923822,1.094987,0.283843,-0.257761,4.523550,0.581501,-4.991342
8780,-0.097050,0.803783,9.926837,0.923073,0.242945,-0.256210,4.557104,0.590931,-4.999187
8781,-0.097401,0.818510,9.919928,0.550742,0.086985,-0.177611,4.581597,0.596988,-5.005956
8782,-0.094649,0.802901,9.910374,0.230509,-0.240041,-0.066427,4.594574,0.594771,-5.010215
8783,-0.093352,0.792071,9.905723,-0.211194,-0.542381,0.138180,4.594897,0.581677,-5.010067
8784,-0.090185,0.799041,9.895160,-0.122703,-0.881226,0.298669,4.589386,0.557443,-5.004709
8785,-0.087765,0.786476,9.889088,-0.329858,-1.084766,0.538402,4.581950,0.523666,-4.993422
8786,-0.083648,0.788847,9.900846,-0.178612,-1.112793,0.655060,4.573625,0.485569,-4.976516
8787,-0.075243,0.796110,9.918213,-0.285535,-0.778299,0.398185,4.566012,0.452753,-4.961529
8788,-0.080105,0.776977,9.908047,-0.378592,-0.152559,0.066402,4.554994,0.436672,-4.955044
8789,-0.089776,0.762557,9.902723,-0.564945,0.439875,-0.048305,4.539274,0.441422,-4.954363
8790,-0.091977,0.773691,9.903140,-0.183073,1.047765,-0.451157,4.526757,0.466796,-4.960702
8791,-0.081514,0.761044,9.913482,-0.167705,1.365733,-0.615642,4.520786,0.508299,-4.975252
8792,-0.088082,0.751949,9.912299,-0.172319,1.320408,-0.463496,4.514987,0.554346,-4.989656
8793,-0.101908,0.776442,9.924644,-0.133020,1.175415,-0.512011,4.509766,0.597093,-5.002592
8794,-0.088447,0.800550,9.923506,0.203895,0.777179,-0.438281,4.510807,0.630781,-5.015823
8795,-0.088628,0.779365,9.923552,-0.113002,0.312224,-0.054242,4.512247,0.649527,-5.022578
8796,-0.103690,0.759465,9.897899,-0.430394,-0.087759,0.068898,4.503195,0.653237,-5.022040
8797,-0.107270,0.787016,9.903193,0.314012,-0.248823,0.148988,4.501292,0.647360,-5.018861
8798,-0.099168,0.797307,9.904881,0.654355,-0.502124,0.430064,4.517528,0.634124,-5.010224
8799,-0.110411,0.780495,9.911465,0.050633,-0.275039,0.435557,4.529424,0.620074,-4.996862
8800,-0.121176,0.774846,9.898389,0.089011,0.186123,0.086079,4.531844,0.617910,-4.988311
8802,-0.106970,0.796817,9.906067,0.172324,0.033864,0.052569,4.536228,0.621383,-4.985719
8803,-0.105821,0.780507,9.900462,-0.591441,0.146028,-0.075139,4.529242,0.624401,-4.985857
8804,-0.118542,0.760160,9.904858,-1.134031,0.469721,-0.462304,4.500395,0.635337,-4.993979
8805,-0.128686,0.747462,9.897352,-1.158938,0.646564,-0.610462,4.461993,0.655282,-5.010351
8806,-0.110482,0.766252,9.905231,-0.893668,0.133975,-0.325248,4.427616,0.669461,-5.024892
8807,-0.112471,0.755152,9.904378,-0.674292,0.019728,-0.235852,4.401376,0.672735,-5.034020
8808,-0.128927,0.747458,9.897470,-0.450565,0.236306,-0.336629,4.382521,0.677720,-5.043208
8809,-0.135196,0.775214,9.906208,0.264726,0.385492,-0.296406,4.379307,0.688859,-5.052937
8810,-0.120052,0.791492,9.912591,0.585232,0.160503,-0.052530,4.393412,0.698378,-5.058039
8811,-0.134156,0.787621,9.913548,0.255146,0.365408,0.019971,4.407419,0.707159,-5.057906
8812,-0.144862,0.772872,9.913992,-0.415091,0.794467,-0.243781,4.404726,0.726720,-5.060142
8813,-0.118182,0.758204,9.923909,-0.975421,0.416655,-0.052716,4.381507,0.747225,-5.063523
8814,-0.113640,0.732114,9.908387,-1.588096,-0.000330,0.258484,4.338834,0.753882,-5.059577
8815,-0.142469,0.716510,9.885607,-1.707957,0.388995,0.069945,4.283978,0.759929,-5.053633
8816,-0.146032,0.696892,9.885950,-1.700593,0.566249,-0.086881,4.227181,0.775828,-5.052732
8817,-0.138517,0.700405,9.902104,-1.299916,0.474147,0.002000,4.177171,0.793225,-5.052871
8818,-0.145964,0.719401,9.909637,-0.519593,0.705046,-0.192065,4.146822,0.813056,-5.054605
8819,-0.141459,0.736272,9.913295,0.108689,0.750142,-0.314949,4.139877,0.837857,-5.061279
8820,-0.130786,0.743756,9.939620,0.187001,0.339897,-0.142045,4.144713,0.856528,-5.067564
8821,-0.141257,0.737568,9.948844,-0.026430,0.317801,-0.064707,4.147350,0.867710,-5.070208
8822,-0.159596,0.734675,9.934540,-0.115586,0.544439,0.088554,4.145005,0.882014,-5.068773
8823,-0.155214,0.710046,9.911901,-0.653866,0.254640,0.320359,4.132301,0.894805,-5.061014
8824,-0.144743,0.677858,9.890115,-1.197851,-0.069555,0.394710,4.101627,0.897027,-5.048904
8825,-0.143782,0.676893,9.882421,-0.908411,0.022642,0.239654,4.066687,0.895494,-5.038414
8826,-0.150999,0.696822,9.889716,-0.044579,0.285917,-0.004476,4.050871,0.900347,-5.034140
8827,-0.160513,0.714233,9.892395,0.838246,0.516981,-0.263136,4.064043,0.914010,-5.037641
8828,-0.177932,0.733802,9.909506,1.413279,0.858219,-0.389660,4.101420,0.937647,-5.046863
8829,-0.176078,0.747451,9.925896,1.691301,0.998273,-0.499201,4.152954,0.969574,-5.059413
8830,-0.164644,0.735972,9.934204,1.117670,0.809493,-0.509187,4.199519,1.000847,-5.073983
8831,-0.155451,0.731945,9.915340,0.758148,0.291156,-0.328860,4.230562,1.020168,-5.086567
8832,-0.151881,0.713992,9.901108,0.090802,-0.269141,-0.010478,4.244611,1.020952,-5.092180
8833,-0.161968,0.723749,9.892587,0.214011,-0.320808,0.105397,4.249706,1.011029,-5.091330
8834,-0.183384,0.741471,9.905894,0.493436,0.011038,0.071228,4.261542,1.005662,-5.088778
8835,-0.189657,0.764663,9.911029,0.994782,0.085878,0.187949,4.286424,1.006951,-5.084350
8836,-0.185656,0.761538,9.919423,0.613440,0.123947,0.254649,4.313362,1.009885,-5.076731
8837,-0.178602,0.775552,9.923737,0.616877,0.274892,-0.027635,4.333942,1.016229,-5.072456
8838,-0.167945,0.754723,9.928437,-0.073682,0.355511,-0.223102,4.342936,1.027021,-5.075830
8839,-0.161757,0.749602,9.911209,-0.444448,0.146312,-0.092689,4.334217,1.035759,-5.080446
8840,-0.176704,0.747450,9.893711,-0.465292,0.301987,-0.067585,4.319017,1.043410,-5.082547
8841,-0.184275,0.738184,9.887329,-0.451288,0.466933,-0.085847,4.303712,1.056382,-5.084134
8842,-0.177668,0.743736,9.897799,-0.261984,0.225137,0.059615,4.291831,1.067916,-5.083705
8843,-0.176595,0.759711,9.899227,0.191882,-0.045992,0.229814,4.290757,1.070533,-5.078671
8844,-0.188226,0.771051,9.905135,0.612887,0.161319,0.212445,4.304310,1.071897,-5.071175
8845,-0.166802,0.754021,9.924603,0.079773,-0.170520,0.180478,4.315977,1.071252,-5.064656
8846,-0.159552,0.770603,9.946507,0.217618,-0.360820,0.134990,4.321017,1.062025,-5.060078
8847,-0.174187,0.757268,9.926510,0.006427,-0.341070,0.216838,4.324844,1.049919,-5.055112
8848,-0.186862,0.760017,9.921453,-0.055899,-0.172194,0.314123,4.324169,1.040721,-5.046932
8849,-0.168447,0.732935,9.909319,-0.602581,-0.486498,0.388486,4.313390,1.028892,-5.036080
8850,-0.177585,0.721389,9.897250,-0.627839,-0.367633,0.329988,4.293077,1.013799,-5.025204
8851,-0.185443,0.718381,9.887956,-0.313540,-0.186454,0.213025,4.277534,1.003914,-5.016869
8852,-0.177038,0.730267,9.900613,0.269523,-0.150501,0.236733,4.276923,0.997754,-5.009812
8853,-0.167134,0.724004,9.893095,0.630236,-0.401305,0.318162,4.292067,0.987892,-5.001276
8854,-0.187112,0.741464,9.898234,1.739630,-0.001827,0.227190,4.331712,0.980509,-4.992715
8855,-0.192542,0.775823,9.900346,2.924942,0.242917,0.313098,4.409614,0.983828,-4.983431
8856,-0.170579,0.797034,9.911299,3.161970,-0.190241,0.616391,4.511330,0.983498,-4.967917
8857,-0.170561,0.802574,9.904418,3.029659,-0.135279,0.631397,4.614869,0.976437,-4.947612
8858,-0.165797,0.814758,9.902909,2.744407,-0.230333,0.466282,4.711405,0.968877,-4.929872
8859,-0.150074,0.826837,9.906421,1.967005,-0.685349,0.510171,4.790178,0.952319,-4.914913
8860,-0.149404,0.820631,9.899096,1.212101,-0.789845,0.506490,4.843407,0.926398,-4.900088
8861,-0.161858,0.823739,9.878016,1.143099,-0.586412,0.308349,4.882845,0.902392,-4.888499
8862,-0.157191,0.830074,9.889293,1.236099,-0.659010,0.287936,4.922624,0.880861,-4.880370
8863,-0.160997,0.850101,9.901107,1.659305,-0.381947,0.235086,4.970990,0.862825,-4.873179
8864,-0.158105,0.857952,9.917770,1.481875,-0.321808,0.147347,5.023424,0.850585,-4.867854
8865,-0.140140,0.857202,9.911109,0.674573,-0.669340,0.004864,5.059380,0.833906,-4.866778
8866,-0.135531,0.859460,9.905042,-0.616973,-0.839678,-0.125529,5.060279,0.809031,-4.870998
8867,-0.142546,0.852189,9.882639,-1.486365,-0.833035,-0.002821,5.025160,0.781448,-4.875577
8868,-0.127024,0.835867,9.869342,-2.144437,-1.306633,0.522593,4.964721,0.745167,-4.870051
8869,-0.116262,0.836952,9.878693,-2.285194,-1.587864,0.687884,4.891095,0.695369,-4.854094
8870,-0.116660,0.867248,9.902112,-1.026050,-1.425959,0.628784,4.836112,0.643458,-4.836487
8871,-0.115954,0.864033,9.923341,-0.023584,-1.253008,0.439827,4.818770,0.597467,-4.822501
8872,-0.093162,0.860586,9.934246,0.071883,-1.593003,-0.078412,4.819596,0.549695,-4.820487
8873,-0.092773,0.862658,9.895928,-0.498646,-2.013703,-1.076378,4.812261,0.491411,-4.844713
8874,-0.046868,0.846534,9.793167,-0.698183,-3.739603,-1.525640,4.791912,0.399489,-4.895954
8875,0.033258,0.746603,9.813291,-3.648581,-6.195308,-2.094822,4.719056,0.239480,-4.969817
8876,0.061902,0.733918,9.869150,-4.599978,-5.575162,-2.358774,4.581357,0.049958,-5.059681
8877,0.045480,0.709161,9.902531,-6.609956,-3.199887,-3.104210,4.394553,-0.088723,-5.161876
8878,0.033181,0.619091,9.887334,-10.467722,-0.366370,-4.078195,4.110149,-0.139128,-5.285607
8879,-0.002858,0.507770,9.910920,-16.062677,4.009720,-6.559002,3.668262,-0.066539,-5.458290
8880,-0.064697,0.477458,9.889022,-20.280983,8.743768,-9.118667,3.062299,0.160985,-5.706532
8881,-0.108325,0.358378,9.854768,-26.351500,9.761930,-11.167382,2.283253,0.484852,-6.029724
8882,-0.150419,0.276384,9.810573,-30.512024,8.632600,-11.845077,1.331415,0.803314,-6.403474
8883,-0.173336,0.233031,10.017763,-36.877190,6.102026,-9.860596,0.202606,1.053614,-6.762090
8884,-0.184823,-0.050448,10.002791,-52.454201,-0.743205,-2.286434,-1.289912,1.140651,-6.965696
8885,-0.169389,-0.386050,9.881664,-58.401558,-5.064640,3.894972,-3.136471,1.043901,-6.935965
8886,-0.163200,-0.930405,9.672890,-66.129120,-6.605010,7.208993,-5.208010,0.862590,-6.737748
8887,-0.113735,-1.225991,9.640495,-63.800816,-6.039252,7.101050,-7.369160,0.678915,-6.477761
8888,-0.080405,-1.708017,9.399652,-55.860809,-4.138110,6.575613,-9.360088,0.544300,-6.227599
8889,-0.075131,-1.814889,9.481578,-43.627556,1.585039,0.911189,-11.016489,0.524481,-6.097121
8890,-0.115085,-1.989816,9.574771,-37.044094,5.286663,-2.007712,-12.361130,0.633605,-6.137694
8891,-0.123114,-1.982796,9.687037,-27.522987,7.233339,-3.661417,-13.438834,0.816268,-6.276035
8892,-0.150243,-2.281803,9.657599,-29.613605,8.095028,-3.377302,-14.393847,1.036268,-6.451110
8893,-0.194271,-2.325100,9.677989,-26.008245,9.629722,-4.825943,-15.325031,1.286687,-6.659014
8894,-0.248263,-2.524171,9.548898,-26.986172,10.352345,-4.696977,-16.214239,1.564207,-6.902181
8895,-0.297859,-2.758107,9.380804,-29.307486,11.321005,-4.849559,-17.160074,1.864492,-7.158377
8896,-0.348111,-2.843603,9.357678,-28.714811,12.397388,-4.999091,-18.136822,2.191383,-7.434780
8897,-0.417489,-2.881226,9.410492,-25.953598,12.809498,-3.755815,-19.059143,2.543036,-7.707181
8898,-0.477687,-3.135500,9.377578,-28.210575,11.068950,-1.608352,-19.972147,2.888236,-7.924498
8899,-0.489596,-3.283836,9.333484,-27.726673,8.485159,-1.466457,-20.912989,3.175479,-8.086669
8900,-0.503226,-3.325140,9.423709,-24.496605,5.706495,-1.356894,-21.790754,3.378554,-8.216963
8901,-0.508289,-3.490634,9.353269,-24.660847,1.869432,0.016314,-22.614096,3.486964,-8.285593
8902,-0.489458,-3.731300,9.116661,-27.585049,-2.034453,1.127952,-23.483698,3.491733,-8.267115
8903,-0.470845,-3.817029,8.936084,-27.513161,-3.029128,1.287120,-24.397657,3.430777,-8.196152
8905,-0.493300,-4.016661,8.840945,-29.458427,-2.420196,2.785018,-25.341188,3.376886,-8.096270
8906,-0.513385,-4.226697,8.698516,-30.635637,-1.711782,4.142525,-26.334772,3.365165,-7.962029
8907,-0.534668,-4.434903,8.622458,-30.933081,-0.376344,4.519467,-27.352274,3.399247,-7.817175
8908,-0.560107,-4.590900,8.601995,-29.633286,1.090221,4.106912,-28.354301,3.476956,-7.695310
8909,-0.582512,-4.764542,8.579580,-28.622826,1.554777,3.734100,-29.319391,3.578662,-7.601839
8910,-0.590852,-4.878236,8.536674,-27.610144,1.205441,2.967939,-30.251835,3.674100,-7.527582
8911,-0.595349,-5.048049,8.293694,-30.538631,1.225399,2.520425,-31.217154,3.755692,-7.469586
8912,-0.618280,-5.132222,8.133448,-32.874565,2.638026,2.745034,-32.271236,3.856651,-7.428780
8913,-0.666674,-5.325152,8.103135,-37.458714,4.330096,4.034615,-33.441135,4.015545,-7.396714
8914,-0.705630,-5.479340,8.061697,-38.817425,4.655287,4.717125,-34.709579,4.221282,-7.359583
8915,-0.751979,-5.705931,8.004989,-40.824848,4.393300,5.409008,-36.032955,4.441885,-7.309088
8916,-0.803527,-5.829663,8.010126,-38.753616,3.262789,5.133812,-37.353931,4.649097,-7.244259
8917,-0.804736,-6.013707,7.871715,-37.965382,0.995462,4.417772,-38.625660,4.802936,-7.162284
8918,-0.790298,-6.106409,7.602749,-34.832798,-0.081360,2.845167,-39.831703,4.891190,-7.078059
8919,-0.789123,-6.254688,7.412240,-34.216900,-0.136497,1.734445,-40.977222,4.937916,-7.017511
8920,-0.775731,-6.373137,7.243694,-32.775124,-0.035452,0.318131,-42.091263,4.958515,-6.989967
8921,-0.749945,-6.494722,7.143224,-31.071909,0.051651,-0.783790,-43.155796,4.953547,-6.995954
8922,-0.771432,-6.665848,7.027310,-30.660828,0.374517,-1.626715,-44.187523,4.931011,-7.030096
8923,-0.771789,-6.813869,6.996800,-29.009922,-0.188787,-1.918583,-45.185741,4.891725,-7.074467
8924,-0.758278,-6.906709,6.896402,-27.345346,-0.584967,-2.012634,-46.128044,4.835849,-7.111219
8925,-0.759503,-6.948862,6.744404,-26.108294,-0.712725,-1.983777,-47.021404,4.772601,-7.141431
8926,-0.761167,-7.054039,6.584592,-25.770296,-0.871017,-1.989817,-47.888084,4.705961,-7.166859
8927,-0.729455,-7.138490,6.485709,-24.678715,-1.300672,-2.058260,-48.730309,4.631504,-7.184771
8928,-0.717359,-7.221544,6.373814,-26.344574,-2.301570,-3.616433,-49.581966,4.520683,-7.201285
8929,-0.680846,-7.324286,6.275783,-29.209719,-3.882196,-6.187707,-50.509827,4.329268,-7.227391
8930,-0.639895,-7.454226,6.136684,-32.703003,-5.170357,-8.121851,-51.544025,4.049007,-7.260340
8931,-0.582195,-7.563315,6.004590,-34.918308,-6.161084,-10.143572,-52.673504,3.692820,-7.298450
8932,-0.547162,-7.624229,5.799188,-36.625908,-6.622080,-11.264480,-53.868374,3.279527,-7.341268
8933,-0.482150,-7.778778,5.670224,-38.075241,-6.637169,-11.379314,-55.115341,2.844049,-7.380677
8934,-0.417455,-7.892614,5.471629,-36.623409,-5.575577,-10.216312,-56.361732,2.432056,-7.415074
8935,-0.334510,-7.997623,5.253583,-35.354641,-4.362423,-9.507055,-57.562790,2.066266,-7.455365
8936,-0.243171,-8.168242,5.067172,-35.846096,-4.008288,-10.094346,-58.751125,1.715250,-7.509159
8937,-0.153063,-8.313954,4.934787,-33.851768,-3.460418,-9.861536,-59.914307,1.365778,-7.571761
8938,-0.106140,-8.381529,4.760103,-31.412987,-3.432348,-10.132625,-61.003273,1.019305,-7.636134
8939,-0.083917,-8.500077,4.654138,-29.855598,-3.285743,-9.862879,-62.025223,0.673053,-7.696745
8940,-0.071427,-8.580770,4.545980,-27.496735,-2.696802,-7.864564,-62.981438,0.364974,-7.744724
8941,-0.087901,-8.557661,4.398374,-25.721462,-2.103693,-5.112156,-63.868443,0.135755,-7.769834
8942,-0.068601,-8.640176,4.344810,-25.726593,-2.473832,-4.913450,-64.725853,-0.047919,-7.773412
8943,-0.013571,-8.707807,4.156296,-25.711231,-1.541506,-3.552431,-65.583099,-0.204091,-7.771967
8944,0.014301,-8.745409,3.925164,-27.245016,-0.669950,-1.547788,-66.465645,-0.296711,-7.772730
8945,0.042015,-8.871065,3.819556,-29.425694,-0.892311,-1.608286,-67.410133,-0.355303,-7.769229
8946,0.076891,-8.962069,3.723879,-28.365562,-0.078114,-1.187047,-68.373215,-0.404560,-7.771777
8947,0.071247,-8.941090,3.507185,-27.967287,1.576501,0.293228,-69.311836,-0.409395,-7.800399
8948,0.036263,-8.965929,3.377188,-27.683552,1.985200,0.639558,-70.238945,-0.374217,-7.850590
8949,0.050017,-9.018773,3.270434,-27.105854,1.549136,-1.054469,-71.151657,-0.361252,-7.908433
8950,0.058191,-9.051408,3.122440,-27.284525,1.624372,-2.121951,-72.057663,-0.394783,-7.975441
8951,0.059257,-9.128606,2.945019,-28.863588,1.628935,-2.757649,-72.992821,-0.456045,-8.051641
8952,0.079332,-9.247604,2.830340,-29.920349,1.289882,-2.775325,-73.971863,-0.530614,-8.124532
8953,0.107214,-9.312659,2.668801,-30.246681,1.478129,-2.079072,-74.973907,-0.596241,-8.190638
8954,0.105294,-9.333167,2.467696,-29.966722,1.998909,-0.620764,-75.976662,-0.625264,-8.257963
8955,0.097502,-9.305758,2.278061,-29.000771,1.993203,0.526840,-76.958687,-0.611204,-8.322905
8956,0.091868,-9.270503,2.157254,-27.739801,1.706841,0.173741,-77.903687,-0.586404,-8.380470
8957,0.104494,-9.274223,1.987463,-27.223242,1.521707,-1.420171,-78.819084,-0.595904,-8.437388
8958,0.139412,-9.321847,1.802513,-28.093925,0.875914,-3.863866,-79.740349,-0.674985,-8.493140
8959,0.184778,-9.419328,1.683423,-28.454811,-0.441118,-6.181994,-80.682274,-0.838752,-8.528911
8960,0.243411,-9.555088,1.545864,-28.563757,-1.752698,-7.637925,-81.632500,-1.072013,-8.528353
8961,0.291665,-9.649981,1.355121,-28.170605,-2.736140,-6.728269,-82.578835,-1.319510,-8.487238
8962,0.307787,-9.672138,1.168445,-29.057634,-4.019948,-5.105124,-83.534729,-1.528956,-8.399237
8963,0.312338,-9.629464,1.031899,-30.058435,-5.285239,-3.024349,-84.523827,-1.679925,-8.258927
8964,0.310715,-9.587977,0.875361,-30.556448,-6.112183,-2.073465,-85.539459,-1.781103,-8.076826
8965,0.318368,-9.575522,0.719059,-29.180796,-6.018720,-2.052949,-86.541229,-1.863724,-7.879725
8966,0.344624,-9.576020,0.540108,-27.991289,-5.853012,-2.315313,-87.500473,-1.946718,-7.685831
8967,0.369408,-9.574791,0.430054,-26.319862,-5.916385,-3.091938,-88.412308,-2.043774,-7.492937
8968,0.378094,-9.653089,0.291576,-24.740623,-5.557592,-4.544160,-89.270210,-2.174900,-7.304266
8969,0.402695,-9.642763,0.117149,-24.289810,-4.629431,-4.163549,-90.093987,-2.320957,-7.135276
8970,0.413264,-9.516189,-0.088411,-25.327997,-4.480808,-3.554340,-90.927284,-2.448173,-6.982160
8971,0.429637,-9.501181,-0.185274,-27.880795,-5.112165,-6.388179,-91.821289,-2.609967,-6.818155
8972,0.470788,-9.595902,-0.348431,-28.821379,-4.691841,-8.379984,-92.774513,-2.849351,-6.644986
8973,0.544508,-9.558916,-0.573242,-29.551542,-4.046100,-8.612117,-93.755783,-3.123740,-6.483380
8974,0.615403,-9.582685,-0.689390,-30.891222,-4.386471,-10.136887,-94.772438,-3.424826,-6.319746
8975,0.668913,-9.757742,-0.840808,-33.308498,-4.075499,-10.230581,-95.853096,-3.749749,-6.147650
8976,0.690044,-9.669351,-1.077177,-34.287987,-2.985186,-5.512672,-96.989502,-3.997242,-6.001003
8977,0.683303,-9.546839,-1.283764,-37.300056,-2.687828,-2.706665,-98.190460,-4.120376,-5.888533
8978,0.691030,-9.503499,-1.450742,-40.374817,-2.674470,-1.789451,-99.492126,-4.180585,-5.788195
8979,0.684639,-9.451142,-1.722592,-41.507694,-2.273231,-0.293881,-100.863029,-4.200145,-5.700579
8980,0.706891,-9.316863,-1.990981,-41.869125,-1.734145,0.556789,-102.257149,-4.182395,-5.635723
8981,0.713402,-9.346072,-2.177694,-42.236320,-1.524805,-0.549667,-103.662544,-4.170026,-5.582616
8982,0.729404,-9.344770,-2.405035,-41.144230,-1.585937,-0.073340,-105.055840,-4.167233,-5.529800
8983,0.694521,-9.267019,-2.611306,-37.880722,-1.989924,1.958354,-106.376266,-4.120852,-5.480772
8984,0.677604,-9.190768,-2.814958,-36.705727,-2.205079,2.594079,-107.622391,-4.027857,-5.435777
8985,0.651746,-9.135748,-3.000767,-35.497349,-2.490913,3.064683,-108.828735,-3.913816,-5.390764
8986,0.647240,-9.083566,-3.201848,-33.249046,-2.620895,4.275760,-109.977043,-3.770153,-5.350907
8987,0.636270,-8.976546,-3.364854,-29.831608,-2.295996,5.026382,-111.029724,-3.596236,-5.328288
8988,0.605593,-8.961192,-3.517641,-27.555965,-1.815725,4.994939,-111.986244,-3.415697,-5.325675
8989,0.566400,-8.933165,-3.631570,-23.776960,-1.159997,5.968309,-112.840347,-3.227854,-5.349517
8990,0.518479,-8.888897,-3.695204,-19.591572,-0.775545,5.764920,-113.560509,-3.035349,-5.396882
8991,0.477451,-8.847418,-3.777384,-16.370577,-0.343850,4.616932,-114.157127,-2.869536,-5.449836
8992,0.452116,-8.841642,-3.865583,-14.945350,0.051015,3.583691,-114.676483,-2.743061,-5.501966
8993,0.458333,-8.817249,-3.957229,-14.300529,0.471283,2.593793,-115.161491,-2.653355,-5.553326
8994,0.456719,-8.761024,-4.035475,-15.064975,0.353945,0.918965,-115.649170,-2.606372,-5.590939
8995,0.479016,-8.697204,-4.091133,-16.066643,0.248542,-0.069353,-116.167328,-2.598055,-5.606229
8996,0.491607,-8.670909,-4.194718,-18.231216,-0.477445,-0.787651,-116.739395,-2.609164,-5.596473
8997,0.487734,-8.582026,-4.307063,-21.495260,-1.421896,-1.258605,-117.403481,-2.625164,-5.552731
8998,0.471064,-8.498658,-4.407456,-23.977137,-2.471018,-0.622701,-118.164619,-2.622700,-5.480636
8999,0.462907,-8.443511,-4.556432,-25.109037,-3.331447,1.075346,-118.986374,-2.569842,-5.399180
9000,0.421627,-8.407585,-4.734524,-27.540127,-4.187305,2.166202,-119.867409,-2.461214,-5.316394
9001,0.391545,-8.343095,-4.919348,-29.130085,-4.171913,2.172731,-120.815361,-2.328434,-5.232553
9002,0.369175,-8.290325,-5.103764,-29.392235,-3.424804,1.742064,-121.793587,-2.206900,-5.158238
9003,0.367529,-8.234669,-5.264433,-29.451227,-1.844136,1.067145,-122.776093,-2.120391,-5.109034
9004,0.359420,-8.147408,-5.380827,-30.556828,-0.098237,-0.097412,-123.776802,-2.089052,-5.090929
9005,0.361013,-8.003494,-5.511035,-30.767416,1.608134,-0.633951,-124.798279,-2.113240,-5.105007
9006,0.363030,-7.854516,-5.599675,-30.196182,3.293873,0.976519,-125.811630,-2.155713,-5.175129
9008,0.381425,-7.793747,-5.715888,-28.997864,4.120872,2.564488,-126.793045,-2.181140,-5.309727
9009,0.389028,-7.672327,-5.867263,-28.494171,4.088519,3.233837,-127.744789,-2.186960,-5.477186
9010,0.379792,-7.556632,-6.042911,-28.705753,3.709035,4.324832,-128.691208,-2.168352,-5.657304
9011,0.361207,-7.463418,-6.127817,-28.688425,3.285403,5.898214,-129.640335,-2.109854,-5.855341
9012,0.346699,-7.425441,-6.268193,-28.911568,1.872544,5.867196,-130.593369,-2.015249,-6.047437
9013,0.350249,-7.359189,-6.442529,-32.064056,0.924085,4.338951,-131.604507,-1.917791,-6.194389
9014,0.297180,-7.313756,-6.593142,-36.826115,0.719791,1.869346,-132.749619,-1.859676,-6.284263
9015,0.232724,-6.953318,-6.565750,-42.039680,0.311414,0.512452,-134.062607,-1.842835,-6.324198
9016,0.225276,-6.823311,-6.763691,-44.944962,-0.449935,1.269125,-135.511505,-1.820274,-6.343554
9017,0.200597,-6.557470,-6.759096,-46.631012,-1.540056,1.892070,-137.037018,-1.759902,-6.358596
9018,0.166977,-6.249125,-6.945878,-47.966084,-5.262548,3.751911,-138.613525,-1.612786,-6.352058
9019,0.144906,-5.945210,-7.233541,-47.576012,-8.681384,7.490075,-140.205826,-1.314581,-6.342682
9020,0.116061,-6.095549,-7.623057,-42.212269,-9.936578,9.986084,-141.701370,-0.890116,-6.372829
9021,0.037476,-5.982940,-7.902262,-39.294769,-10.098044,8.253850,-143.059128,-0.440010,-6.409351
9022,-0.021459,-5.898044,-8.238164,-36.522964,-7.776890,6.018588,-144.322540,-0.059289,-6.424622
9023,-0.065190,-5.785436,-8.259224,-32.078945,-2.427071,3.731956,-145.465790,0.173219,-6.459976
9024,-0.056757,-5.620116,-8.189565,-28.957302,1.626764,1.086185,-146.483139,0.229303,-6.519459
9025,-0.007504,-5.355053,-8.199050,-29.187538,3.396776,-0.739392,-147.452301,0.162278,-6.570287
9026,0.020316,-5.126358,-8.207875,-30.784044,4.168412,-0.035857,-148.451828,0.048516,-6.626409
9027,0.040583,-5.009702,-8.308761,-32.072800,4.153008,2.276335,-149.499359,-0.051013,-6.729887
9028,0.032097,-4.916780,-8.480847,-32.920406,3.724081,3.895188,-150.582291,-0.113240,-6.884449
9029,0.029215,-4.802989,-8.663244,-32.011997,4.299548,4.559619,-151.663940,-0.162196,-7.072306
9030,0.028492,-4.683547,-8.791631,-30.176676,5.908360,4.418960,-152.699585,-0.242745,-7.284049
9031,0.059947,-4.624143,-8.854823,-28.065001,7.504488,3.672137,-153.668961,-0.381331,-7.505351
9032,0.115744,-4.418986,-8.945630,-29.181438,8.389870,1.307516,-154.621368,-0.583474,-7.695696
9033,0.167204,-4.217481,-8.963000,-30.282766,9.504761,-0.648169,-155.610611,-0.849519,-7.831267
9034,0.183724,-3.964702,-8.823146,-32.026772,9.776610,-1.481231,-156.647247,-1.157823,-7.928971
9035,0.225926,-3.801681,-8.927838,-35.895298,7.778376,-1.169753,-157.777512,-1.444710,-8.001573
9036,0.264583,-3.601706,-9.013642,-40.174191,6.311068,-0.948458,-159.043732,-1.676071,-8.054917
9037,0.286445,-3.424868,-9.032578,-40.319023,5.634643,-0.313650,-160.383575,-1.870118,-8.104025
9038,0.315536,-3.186187,-9.082132,-39.584057,4.143046,0.257865,-161.713333,-2.024482,-8.156006
9039,0.348367,-3.080670,-9.246991,-37.869606,1.878216,1.110311,-163.002167,-2.113178,-8.208033
9040,0.345923,-2.906099,-9.274195,-34.357548,0.425562,0.814702,-164.204269,-2.140927,-8.249455
9041,0.298362,-2.585853,-9.282673,-30.031691,-1.769606,0.222915,-165.276901,-2.114814,-8.260140
9042,0.249189,-2.389527,-9.350419,-27.878963,-5.210939,0.977279,-166.242340,-1.997219,-8.250740
9043,0.202026,-2.321862,-9.500134,-26.864567,-8.695856,2.193477,-167.154724,-1.759522,-8.248575
9044,0.161235,-2.167220,-9.644753,-26.495543,-10.300889,2.368565,-168.043823,-1.433964,-8.254585
9045,0.089754,-1.945297,-9.600897,-26.277254,-10.688700,2.590459,-168.923065,-1.074718,-8.265617
9046,0.056488,-1.887009,-9.629592,-27.264057,-11.810793,3.779415,-169.814819,-0.686600,-8.300748
9047,0.028928,-1.728892,-9.644319,-29.681446,-12.847881,3.856919,-170.763351,-0.260022,-8.356814
9048,-0.070081,-1.510341,-9.557453,-32.607441,-14.384513,3.988046,-171.801392,0.208357,-8.417257
9049,-0.155618,-1.406230,-9.614799,-35.391422,-17.391697,4.811275,-172.935211,0.752655,-8.492255
9050,-0.242298,-1.270673,-9.716223,-35.218227,-19.090618,4.729587,-174.113556,1.374673,-8.581535
9051,-0.368671,-1.118580,-9.807681,-33.574280,-19.461924,3.592699,-175.262283,2.027173,-8.660027
9052,-0.509660,-0.999430,-9.994645,-30.809889,-18.840952,2.136666,-176.337265,2.670650,-8.708434
9053,-0.613770,-0.776963,-10.017900,-25.330637,-15.445900,0.561879,-177.273560,3.243542,-8.721435
9054,-0.694185,-0.578059,-9.878111,-19.234631,-11.411009,-0.613296,-178.015152,3.690614,-8.702154
9055,-0.722007,-0.545990,-9.943763,-16.312572,-9.241270,-0.988091,-178.605118,4.033798,-8.665264
9056,-0.730914,-0.427143,-9.949745,-14.420211,-6.734494,-1.839360,-179.113525,4.299038,-8.612732
9057,-0.754860,-0.245318,-9.793347,-13.198795,-4.370330,-2.491023,-179.568146,4.483233,-8.538275
9058,-0.754412,-0.176986,-9.859896,-13.728926,-3.828538,-2.204866,179.989304,4.619561,-8.459324
9059,-0.762304,-0.153111,-9.987706,-14.304252,-2.789914,-1.976759,179.527756,4.730171,-8.389889
9060,-0.798552,0.009262,-9.985609,-15.042982,-0.528314,-2.004158,179.044098,4.786307,-8.324051
9061,-0.802953,0.069966,-9.912564,-14.853212,1.794369,-1.345380,178.550522,4.766383,-8.267683
9062,-0.776417,0.155812,-9.891075,-14.857166,3.269923,-0.790604,178.058487,4.683091,-8.229558
9063,-0.748615,0.193680,-9.877403,-14.631936,4.719922,-0.565702,177.569244,4.550908,-8.201855
9064,-0.723694,0.301430,-9.814180,-15.294975,5.718766,-0.785769,177.072845,4.378181,-8.171185
9065,-0.694787,0.424499,-9.734411,-15.962035,5.918987,-1.441755,176.555496,4.186578,-8.123232
9066,-0.668365,0.550331,-9.770617,-17.698265,5.569338,-2.259941,175.999817,3.999498,-8.049047
9067,-0.640468,0.649473,-9.782633,-19.937433,5.918546,-2.368893,175.378815,3.814358,-7.957476
9068,-0.609486,0.777185,-9.744290,-22.085461,6.180915,-2.539533,174.684891,3.620560,-7.858293
9069,-0.563394,0.930316,-9.791651,-24.648071,6.739780,-3.152872,173.913162,3.415722,-7.742268
9070,-0.521308,1.087444,-9.771250,-28.550751,7.847646,-3.367221,173.034393,3.186525,-7.606445
9071,-0.502176,1.289187,-9.765950,-32.012230,9.000002,-2.738008,172.032410,2.921375,-7.468886
9072,-0.475242,1.439751,-9.761113,-34.814594,9.913756,-2.089404,170.924820,2.621651,-7.342499
9073,-0.438599,1.638122,-9.753078,-39.095940,10.418083,-1.881157,169.698349,2.298867,-7.220165
9074,-0.417924,1.924920,-9.687217,-43.022976,10.145945,-0.931865,168.334045,1.971451,-7.108730
9075,-0.400740,2.089999,-9.677047,-44.609051,8.301997,-0.202651,166.876434,1.675403,-7.024142
9076,-0.398158,2.362113,-9.665223,-46.077370,4.236298,-1.259842,165.367294,1.478557,-6.950140
9077,-0.370680,2.596058,-9.586702,-45.945915,-0.411976,-2.756087,163.835983,1.434909,-6.868196
9078,-0.379139,2.839653,-9.528257,-43.978516,-4.020638,-3.205549,162.339478,1.534469,-6.794072
9079,-0.401926,3.047348,-9.454805,-41.677959,-6.664776,-3.287460,160.913498,1.737623,-6.747096
9080,-0.417650,3.311819,-9.403650,-39.650467,-8.005766,-3.121576,159.558853,2.003879,-6.728949
9081,-0.409406,3.472548,-9.307353,-37.327988,-7.394888,-1.946070,158.275589,2.273773,-6.742324
9082,-0.446097,3.750257,-9.236124,-37.316116,-6.094862,0.060863,157.029358,2.493712,-6.798840
9083,-0.468067,3.946772,-9.064542,-39.854649,-4.495263,2.726923,155.738281,2.636914,-6.912398
9084,-0.496106,4.120955,-8.924830,-41.963589,-2.092223,5.385924,154.367035,2.679562,-7.081726
9085,-0.496496,4.237833,-8.767132,-44.130596,0.978301,7.895433,152.922882,2.598047,-7.288835
9086,-0.512632,4.456495,-8.640564,-45.226856,3.398434,9.782489,151.423996,2.396090,-7.515907
9087,-0.460779,4.631011,-8.505188,-46.136673,7.305785,11.775056,149.892807,2.064615,-7.742119
9088,-0.568850,4.975176,-8.556634,-45.004128,7.804894,10.364512,148.368073,1.659169,-7.930138
9089,-0.494552,5.176395,-8.526955,-43.663609,5.954624,7.780652,146.887192,1.303497,-8.062781
9090,-0.413977,5.490707,-8.383671,-41.904259,2.644407,5.798116,145.459091,1.058401,-8.170715
9091,-0.294269,5.740894,-8.179759,-42.645512,0.982489,3.841840,144.048477,0.916390,-8.266671
9092,-0.297024,5.932206,-8.056620,-42.526234,-1.284465,0.452903,142.628235,0.877636,-8.326826
9093,-0.143161,5.981867,-7.812458,-41.781631,-1.670524,-0.878538,141.222946,0.920645,-8.351212
9094,-0.155362,6.159931,-7.626436,-40.516060,-0.924442,-1.629663,139.851608,0.980517,-8.346307
9095,-0.189582,6.321428,-7.520428,-40.589775,0.969536,-2.179379,138.500900,1.021337,-8.297776
9096,-0.269253,6.475942,-7.474274,-40.000259,1.713453,-2.032197,137.159393,1.035150,-8.215834
9097,-0.276388,6.659227,-7.338421,-38.246506,0.736036,-1.790080,135.856812,1.049332,-8.141581
9098,-0.271768,6.822446,-7.191464,-37.374580,0.174968,-1.675559,134.597610,1.079301,-8.089831
9099,-0.275090,6.988827,-7.002844,-37.350304,-0.022168,-1.456229,133.353073,1.115131,-8.051723
9100,-0.281021,7.139365,-6.825923,-36.372368,-0.762193,-1.672409,132.125031,1.162320,-8.025938
9101,-0.249945,7.262420,-6.635976,-34.786327,-1.109564,-1.613688,130.939484,1.224030,-8.012916
9102,-0.261990,7.400012,-6.463112,-33.530396,-0.990026,-1.439533,129.801132,1.285482,-8.006592
9103,-0.259691,7.532231,-6.316005,-33.508972,-0.357752,-1.062426,128.684128,1.331983,-7.997620
9104,-0.260920,7.643254,-6.178070,-34.111378,0.600052,-0.799114,127.557762,1.353874,-7.975342
9105,-0.288643,7.726381,-6.028982,-35.293568,1.398364,-0.351561,126.402031,1.349110,-7.937257
9106,-0.306517,7.828645,-5.832283,-36.991951,1.639038,0.876269,125.198242,1.312379,-7.901380
9107,-0.267940,7.937416,-5.675545,-37.597282,2.950655,2.059890,123.956017,1.228734,-7.866261
9108,-0.269366,8.095460,-5.519647,-37.846550,3.460553,3.575075,122.699539,1.091536,-7.828731
9109,-0.221303,8.218911,-5.336140,-35.531765,2.477231,4.025760,121.477013,0.931694,-7.812322
9111,-0.187933,8.307441,-5.146793,-33.818909,2.091363,5.193919,120.321091,0.760855,-7.825910
9112,-0.138771,8.465810,-4.982749,-32.600662,1.852007,5.401654,119.213852,0.575034,-7.856624
9113,-0.134588,8.610507,-4.820212,-32.061066,0.812813,4.591361,118.135918,0.407646,-7.897593
9114,-0.096532,8.727383,-4.617471,-32.363316,0.370828,3.752205,117.061996,0.275330,-7.944444
9115,-0.097420,8.837442,-4.417469,-35.593040,1.072450,3.569885,115.929375,0.155396,-7.977278
9116,-0.064791,8.994224,-4.218413,-37.852406,0.950111,2.107254,114.705406,0.055398,-7.987249
9117,-0.066339,8.996632,-3.982624,-39.915901,1.526010,1.083986,113.409447,-0.010026,-7.971109
9118,-0.054219,9.054435,-3.717433,-43.794575,2.703938,2.046282,112.014442,-0.085444,-7.926149
9119,-0.053698,9.114891,-3.508132,-45.188148,3.952514,2.269887,110.531464,-0.192770,-7.848993
9120,-0.054106,9.196411,-3.296486,-42.452290,4.393255,1.409079,109.070580,-0.297668,-7.738970
9121,-0.016502,9.297143,-3.036838,-39.622292,4.636714,0.834742,107.702156,-0.380707,-7.607921
9122,-0.001134,9.400541,-2.835320,-37.602573,4.656225,0.159586,106.414223,-0.442040,-7.464703
9123,0.009246,9.461804,-2.654521,-35.664963,3.635636,-1.651916,105.192184,-0.455781,-7.324921
9124,0.001897,9.472216,-2.423435,-34.915905,1.554673,-3.769451,104.015213,-0.390134,-7.218264
9125,0.003526,9.514239,-2.274442,-34.808582,-0.255235,-4.704042,102.852989,-0.257696,-7.164175
9126,-0.065583,9.601448,-2.144432,-34.439041,-1.129087,-5.800766,101.698967,-0.081603,-7.149386
9127,-0.114989,9.672600,-1.967271,-33.129826,-2.053414,-7.181545,100.572952,0.140967,-7.159531
9128,-0.142120,9.649172,-1.778761,-31.445786,-2.852097,-7.345160,99.496635,0.393647,-7.197701
9129,-0.171974,9.666941,-1.582925,-29.844408,-2.800329,-6.645794,98.474739,0.638720,-7.254276
9130,-0.224776,9.767752,-1.432767,-30.813103,-2.581111,-6.541527,97.463089,0.868807,-7.312650
9131,-0.254857,9.770249,-1.290764,-31.398409,-2.818580,-5.743145,96.425217,1.082888,-7.377259
9132,-0.287739,9.777395,-1.158825,-30.700605,-2.659046,-4.642504,95.388855,1.264461,-7.450329
9133,-0.304674,9.821948,-1.013548,-29.003628,-1.654940,-4.097710,94.392479,1.415713,-7.509634
9134,-0.320357,9.853434,-0.910154,-26.559883,-0.457170,-3.823038,93.465813,1.549752,-7.535738
9135,-0.321805,9.793085,-0.729286,-23.711138,1.210052,-3.129413,92.628540,1.664713,-7.517042
9136,-0.388910,9.799673,-0.515784,-23.885559,3.282466,-3.376287,91.837662,1.770031,-7.437989
9137,-0.401484,9.721413,-0.420873,-27.466228,3.707834,-2.398057,90.985596,1.863245,-7.319086
9138,-0.399278,9.743173,-0.241456,-29.810413,4.012380,-2.702832,90.035339,1.947109,-7.189686
9139,-0.385075,9.800586,-0.038768,-31.701973,4.074447,-2.178165,89.014870,2.029565,-7.055510
9140,-0.399630,9.794106,0.193192,-34.843922,3.763038,-1.652999,87.910522,2.096905,-6.926627
9141,-0.338400,9.722758,0.326539,-35.111183,2.839484,-0.541877,86.748718,2.138620,-6.818408
9142,-0.327498,9.855854,0.594183,-32.467339,3.318005,-1.015332,85.626305,2.171409,-6.717777
9143,-0.336581,9.904805,0.764897,-32.330151,3.179576,0.633641,84.550560,2.186962,-6.610314
9144,-0.324965,9.827017,0.895191,-34.189846,2.656028,1.704822,83.445808,2.158370,-6.509580
9145,-0.309653,9.874783,1.062735,-34.920921,2.875315,2.281471,82.297775,2.103936,-6.409890
9146,-0.383386,10.008883,1.457658,-36.648327,2.732619,3.099320,81.108887,2.028671,-6.304449
9147,-0.401398,9.916904,1.603594,-33.807152,0.584360,6.853827,79.937569,1.874185,-6.222636
9148,-0.342052,9.571725,1.643073,-31.913832,-0.019530,8.471283,78.844002,1.625000,-6.166719
9149,-0.324232,9.516390,1.957675,-34.067009,0.844508,6.262356,77.746071,1.387374,-6.103594
9150,-0.248379,9.412837,2.072324,-34.163273,0.261797,4.885643,76.610397,1.210303,-6.044151
9151,-0.137344,9.250796,2.113639,-34.805462,1.100528,2.677699,75.462082,1.093543,-5.991593
9152,-0.111479,9.152665,2.427643,-39.296471,4.042665,-1.958747,74.228859,1.104371,-5.905516
9153,-0.208056,9.386061,2.821438,-41.493401,5.785367,-6.053265,72.885056,1.278676,-5.785735
9154,-0.297393,9.407740,2.989554,-38.759468,6.137140,-6.017706,71.550896,1.530869,-5.657539
9155,-0.405570,9.376544,3.289041,-37.527084,6.828853,-5.185039,70.283775,1.777874,-5.514262
9156,-0.460325,9.225817,3.489879,-35.594593,6.280712,-3.686321,69.070267,1.992278,-5.360690
9157,-0.479370,9.196560,3.637699,-33.854633,4.940704,-3.275715,67.917686,2.168748,-5.229269
9158,-0.460511,9.249964,3.786014,-31.843819,3.543467,-2.028241,66.826591,2.304802,-5.132753
9159,-0.457476,9.103216,3.948005,-30.203716,2.151048,-0.166731,65.795517,2.376473,-5.060603
9160,-0.390664,9.045341,3.977670,-27.924110,0.864997,0.655679,64.828819,2.390090,-5.011651
9161,-0.375870,8.969728,4.178149,-27.742836,1.080393,1.337088,63.902912,2.374223,-4.968106
9162,-0.380747,8.846522,4.299453,-27.530933,1.225231,1.188050,62.983940,2.353725,-4.914912
9163,-0.431614,8.659316,4.465018,-27.685406,1.470189,-0.085303,62.065716,2.358140,-4.866525
9164,-0.406685,8.656849,4.544647,-26.019037,1.682910,-0.861356,61.172325,2.397024,-4.827677
9165,-0.445400,8.608157,4.763975,-28.076477,2.510091,-2.607027,60.272190,2.481625,-4.794908
9166,-0.487112,8.637768,4.836294,-28.038485,1.922583,-5.098518,59.336979,2.629786,-4.795533
9167,-0.536785,8.609176,5.030432,-28.775555,2.090490,-6.210888,58.388256,2.825811,-4.835669
9168,-0.556193,8.482294,5.097496,-29.055773,2.921136,-6.554212,57.422310,3.050436,-4.877938
9169,-0.598890,8.411398,5.230041,-30.132883,4.806600,-8.692568,56.434196,3.333600,-4.908672
9170,-0.641997,8.397338,5.488251,-30.576796,6.585009,-9.765938,55.421524,3.694731,-4.923603
9171,-0.695071,8.308887,5.703074,-32.498047,7.597198,-9.595813,54.370888,4.094553,-4.915648
9172,-0.745612,8.272138,5.813586,-32.972790,7.798552,-9.373606,53.281338,4.501097,-4.895090
9173,-0.797478,8.171974,6.048100,-34.051270,7.283947,-8.146273,52.166279,4.885621,-4.871858
9174,-0.850016,7.960690,6.220319,-35.474548,5.634066,-5.098231,51.010403,5.192284,-4.840321
9175,-0.921028,7.742234,6.264126,-35.589561,3.448800,-1.181991,49.830719,5.369330,-4.790449
9176,-0.928705,7.657373,6.401075,-34.030865,1.895633,0.786569,48.676414,5.432373,-4.727375
9177,-0.901903,7.494011,6.568959,-33.137028,0.806508,2.347916,47.563541,5.423520,-4.658873
9178,-0.870671,7.295244,6.636265,-32.206383,-0.415063,4.603108,46.482456,5.343189,-4.574916
9179,-0.852263,7.244711,6.767704,-32.300087,-1.303531,5.428051,45.416260,5.203067,-4.479067
9180,-0.811290,7.059354,6.930232,-32.985222,-1.423433,4.348380,44.335747,5.055914,-4.395438
9181,-0.773439,6.829781,7.001104,-35.058254,-1.859428,5.164835,43.208473,4.906807,-4.318456
9182,-0.777574,6.718948,7.142396,-39.633797,-2.992437,5.995496,41.970673,4.721407,-4.236010
9183,-0.797844,6.625703,7.296730,-43.352238,-4.142213,4.695961,40.592236,4.514560,-4.180452
9184,-0.787003,6.333276,7.390877,-49.069698,-7.207288,3.239321,39.050602,4.284819,-4.200015
9185,-0.722883,6.124611,7.704146,-56.327553,-10.057650,3.317760,37.287663,3.991469,-4.292213
9186,-0.655071,5.914641,8.054480,-57.363354,-8.913739,1.320874,35.384926,3.691218,-4.417672
9187,-0.575750,5.617435,8.210976,-53.002655,-4.870255,-1.617260,33.537601,3.504793,-4.551651
9188,-0.517318,5.394405,8.431508,-50.031132,-0.769617,-2.974818,31.813797,3.467089,-4.666392
9189,-0.510457,5.266522,8.669080,-42.162159,3.442075,-2.944919,30.273823,3.556021,-4.727534
9190,-0.590814,5.072037,8.603125,-32.015324,6.552211,-3.106527,29.037413,3.750447,-4.732316
9191,-0.637174,4.922146,8.563951,-28.516844,4.625274,-0.229618,28.031359,3.940534,-4.691691
9192,-0.668505,4.767732,8.688222,-28.604879,0.356012,2.532637,27.084389,3.996242,-4.619259
9193,-0.654253,4.601046,8.762979,-28.135973,-3.022215,4.400957,26.144485,3.904712,-4.536009
9194,-0.603104,4.460042,8.881846,-30.380533,-4.831592,6.108742,25.175980,3.710871,-4.434858
9195,-0.525475,4.339258,9.075135,-32.449440,-6.206692,6.888168,24.136406,3.453292,-4.314653
9196,-0.493333,4.128743,9.157789,-32.732742,-5.311784,5.024614,23.056232,3.197928,-4.209470
9197,-0.466617,3.962927,9.172157,-32.975853,-3.796394,4.941536,21.966354,2.994232,-4.113888
9198,-0.460688,3.804255,9.233970,-32.422543,-3.367923,4.834928,20.882002,2.823545,-4.005577
9199,-0.458961,3.614700,9.250470,-30.311470,-2.343519,2.969933,19.840820,2.689050,-3.916624
9200,-0.469086,3.444100,9.263940,-29.556334,-1.453323,2.039971,18.845785,2.601788,-3.858644
9201,-0.463135,3.292525,9.291393,-28.508362,-1.418469,1.815324,17.880184,2.536166,-3.812619
9202,-0.429708,3.149439,9.376926,-26.565819,-2.325971,1.592913,16.963898,2.459631,-3.777074
9203,-0.389542,3.019182,9.447610,-24.629732,-1.997652,0.915195,16.111513,2.378686,-3.757562
9204,-0.384077,2.930311,9.523471,-23.163486,-2.067997,1.033844,15.315533,2.304696,-3.744614
9205,-0.366121,2.807335,9.597711,-23.096363,-2.479089,0.731971,14.544929,2.223885,-3.735710
9206,-0.347359,2.648036,9.634090,-23.270750,-2.199713,0.059066,13.771936,2.145076,-3.742023
9208,-0.335932,2.491327,9.712147,-25.602325,-1.246195,-0.652375,12.956578,2.091521,-3.764908
9209,-0.333878,2.291391,9.741450,-26.599794,-1.328906,-1.126452,12.085206,2.056078,-3.803103
9210,-0.313997,2.071122,9.793659,-27.746685,-1.808438,-1.566773,11.177552,2.013944,-3.857638
9211,-0.316032,1.871228,9.789750,-26.870222,-1.589660,-1.875607,10.265005,1.969005,-3.924603
9212,-0.309252,1.737476,9.834168,-26.505278,-1.845031,-1.461186,9.373280,1.922108,-3.989181
9213,-0.307008,1.592527,9.820207,-24.815413,-1.888094,-1.611889,8.515997,1.868591,-4.049500
9214,-0.304344,1.444903,9.855906,-24.757572,-1.486558,-1.819980,7.687750,1.820989,-4.114092
9215,-0.291223,1.288964,9.838192,-24.122431,-0.531392,-2.217183,6.870885,1.796165,-4.185102
9216,-0.272724,1.154348,9.859929,-24.159880,-0.077733,-2.191670,6.063897,1.794375,-4.259234
9217,-0.276220,1.009459,9.870567,-23.608835,0.270446,-2.422863,5.265399,1.805158,-4.335457
9218,-0.283152,0.866624,9.884752,-23.245333,0.318679,-2.692105,4.481871,1.822197,-4.419579
9219,-0.288000,0.767266,9.868990,-22.646860,0.434731,-2.722022,3.714189,1.841187,-4.508722
9220,-0.298214,0.653116,9.917272,-23.843397,0.542134,-2.640805,2.936534,1.862629,-4.597042
9221,-0.313324,0.526610,9.925488,-23.493404,1.145806,-3.236753,2.144458,1.895061,-4.693700
9222,-0.300323,0.375641,9.936920,-23.143728,1.416131,-3.671825,1.363400,1.941298,-4.807503
9223,-0.310312,0.266238,9.913256,-21.347107,1.715541,-3.680328,0.617743,1.995627,-4.929166
9224,-0.321571,0.139451,9.937689,-19.553097,1.935966,-3.619142,-0.068193,2.057082,-5.050579
9225,-0.339845,0.045561,9.925043,-15.909426,1.877607,-3.526186,-0.663572,2.119890,-5.170126
9226,-0.338861,-0.044187,9.936718,-13.044318,1.325277,-2.978599,-1.150215,2.171575,-5.279430
9227,-0.367776,-0.091711,9.926544,-10.051040,1.174116,-2.164934,-1.538446,2.211211,-5.366180
9228,-0.382849,-0.155239,9.937022,-7.575100,0.803895,-1.615856,-1.834700,2.242305,-5.430178
9229,-0.367404,-0.208745,9.915376,-4.602859,-0.051569,-1.367409,-2.039631,2.253155,-5.480335
9230,-0.358035,-0.265561,9.920016,-2.465252,-0.353125,-1.039029,-2.158995,2.244953,-5.520210
9231,-0.362112,-0.283495,9.929625,-0.394669,-0.307872,-0.708282,-2.207780,2.232838,-5.548916
9232,-0.352816,-0.273237,9.923141,2.559621,-0.635420,-0.801188,-2.172651,2.216170,-5.573475
9233,-0.340319,-0.256543,9.929836,4.344325,-0.855536,-0.816049,-2.058586,2.190347,-5.599514
9234,-0.353384,-0.224309,9.948564,5.849370,-0.529707,-0.845711,-1.889713,2.166322,-5.626420
9235,-0.356879,-0.162122,9.947029,7.273881,-0.408478,-0.973156,-1.672118,2.149755,-5.656262
9236,-0.358274,-0.097152,9.938296,8.037597,-0.246908,-1.119811,-1.418222,2.137896,-5.690865
9237,-0.369240,-0.068665,9.947912,7.378909,0.216795,-1.230885,-1.162744,2.136511,-5.730052
9238,-0.365652,-0.046921,9.935154,6.707986,0.629690,-1.268675,-0.929534,2.149852,-5.772001
9239,-0.373317,0.019336,9.927751,5.144095,0.934366,-1.153556,-0.733540,2.175328,-5.812781
9240,-0.376386,0.024398,9.927804,2.816936,1.079197,-1.121244,-0.602324,2.208440,-5.851119
9241,-0.364728,-0.007298,9.923390,1.092691,0.738661,-1.065615,-0.538591,2.238367,-5.887901
9242,-0.346650,-0.015035,9.932774,-0.101547,-0.066007,-0.880486,-0.523346,2.249273,-5.920466
9243,-0.363138,-0.004162,9.934979,-0.542229,-0.486318,-0.940546,-0.535260,2.239785,-5.950755
9244,-0.365855,-0.049428,9.926480,-0.431295,-0.626285,-0.988741,-0.552730,2.220936,-5.982755
9245,-0.355254,-0.040757,9.922555,0.910493,-0.904558,-0.677846,-0.545805,2.195157,-6.010307
9246,-0.365208,-0.016323,9.932440,2.042413,-0.988109,-0.548767,-0.497355,2.163431,-6.030479
9247,-0.384256,0.013535,9.910093,2.366386,-0.602131,-0.567736,-0.424566,2.136780,-6.048889
9248,-0.378203,0.020441,9.898980,2.353135,-0.206327,-0.604502,-0.346631,2.123175,-6.068351
9249,-0.372290,0.036659,9.905437,1.779109,-0.125094,-0.486492,-0.278433,2.117552,-6.086518
9250,-0.387691,0.035123,9.911065,0.909396,-0.083398,-0.624215,-0.234308,2.113994,-6.105027
9251,-0.389432,0.023733,9.884309,0.274080,0.099482,-0.842955,-0.215486,2.114165,-6.129497
9252,-0.373298,0.003029,9.925741,-0.425878,0.005765,-0.858631,-0.219064,2.115810,-6.157882
9253,-0.358127,-0.026305,9.950426,-1.038404,-0.400887,-0.862379,-0.244525,2.109107,-6.186560
9254,-0.345563,-0.058536,9.950367,-1.046957,-0.766992,-1.266943,-0.280578,2.089478,-6.221982
9255,-0.338097,-0.063903,9.927740,-1.168085,-1.027587,-1.660593,-0.319257,2.059315,-6.270651
9256,-0.332070,-0.075016,9.936552,-1.865199,-0.982216,-2.034886,-0.372001,2.025448,-6.332079
9257,-0.332336,-0.080616,9.918485,-1.623119,-0.898406,-2.515323,-0.432793,1.993571,-6.407738
9258,-0.328033,-0.073476,9.929271,-0.734767,-0.972412,-2.962969,-0.475237,1.961671,-6.498847
9259,-0.325651,-0.066141,9.940022,-0.149528,-1.396439,-2.902100,-0.493278,1.921373,-6.596320
9260,-0.311301,-0.068914,9.953785,0.539339,-1.847743,-2.622110,-0.489807,1.866520,-6.687975
9261,-0.302056,-0.048287,9.949085,1.677352,-2.405833,-2.265302,-0.455443,1.794962,-6.768888
9262,-0.298621,-0.041153,9.910690,2.641211,-2.693319,-1.982086,-0.385609,1.709466,-6.839089
9263,-0.304809,-0.035574,9.859231,3.040137,-2.362250,-1.774062,-0.292724,1.624844,-6.901223
9264,-0.310382,-0.021032,9.823186,2.821147,-1.745724,-1.416958,-0.196505,1.556155,-6.954139
9265,-0.312761,0.000008,9.809236,2.681906,-0.575855,-1.260318,-0.105983,1.517346,-6.998677
9266,-0.295906,-0.018719,9.848507,3.095139,0.625033,-1.508759,-0.010925,1.518119,-7.044853
9267,-0.282231,0.002863,9.851718,4.144886,1.366850,-2.330324,0.108024,1.551371,-7.108840
9268,-0.276899,0.121651,9.932998,4.626220,2.957716,-2.148801,0.252145,1.623679,-7.183297
9269,-0.283710,0.205549,10.000642,6.534323,3.965095,-1.397433,0.436429,1.739416,-7.241747
9270,-0.302921,0.189999,9.992858,7.425838,3.867687,-0.572434,0.668091,1.870291,-7.273330
9271,-0.335374,0.341836,10.110850,7.281986,3.297906,-0.011216,0.912941,1.989855,-7.281404
9272,-0.354956,0.346338,10.092289,3.826729,1.421396,2.812666,1.099784,2.067688,-7.233300
9273,-0.351422,0.330905,10.342672,2.298677,-1.904437,4.917440,1.206484,2.057095,-7.104565
9274,-0.317628,0.306345,10.214525,2.351245,-7.477629,6.113735,1.290181,1.896789,-6.924028
9275,-0.297761,0.314420,10.148952,0.774627,-10.669572,6.899169,1.348605,1.589429,-6.714043
9276,-0.266105,0.187564,9.908938,-0.846112,-11.641128,7.539429,1.353050,1.212046,-6.482118
9277,-0.240199,0.139101,9.965314,-0.269216,-9.872330,6.215629,1.338432,0.848236,-6.261276
9278,-0.198647,0.003494,9.609939,-0.972029,-8.547286,4.304717,1.319772,0.537254,-6.093108
9279,-0.167363,0.003457,9.669914,-3.348689,-3.291585,1.242427,1.248407,0.337931,-6.005080
9280,-0.099424,0.044820,9.792517,-3.954743,0.265826,-1.389654,1.126656,0.287594,-6.008517
9281,-0.064711,0.080592,9.905251,-4.136978,2.066820,-3.344361,0.991365,0.327946,-6.086652
9282,-0.057356,0.135441,9.889711,-4.149811,2.909251,-4.627771,0.852396,0.413025,-6.218154
9283,-0.056328,0.175252,9.955673,-4.147477,3.881076,-4.530332,0.712868,0.528283,-6.369226
9284,-0.061983,0.119385,9.987754,-5.216090,3.275386,-3.377844,0.555457,0.649008,-6.499695
9285,-0.093278,0.090010,9.932548,-6.010746,2.323081,-2.714991,0.367114,0.743106,-6.600513
9286,-0.099791,0.053321,9.929623,-6.809427,1.171177,-1.369853,0.152534,0.801637,-6.668354
9287,-0.077374,-0.000407,9.923888,-6.586789,-0.333300,0.528404,-0.070934,0.815587,-6.682389
9288,-0.083946,-0.029091,9.934199,-5.619309,-1.215721,1.047611,-0.273999,0.789818,-6.656066
9289,-0.085238,-0.053287,9.939534,-4.164429,-2.019699,1.483832,-0.436496,0.736148,-6.613553
9290,-0.085478,-0.080742,9.958633,-1.393775,-2.607404,2.041646,-0.528410,0.659517,-6.554160
9291,-0.105533,-0.113531,9.917376,0.526869,-2.691466,1.788932,-0.542163,0.571787,-6.489510
9292,-0.127555,-0.112810,9.914203,0.966616,-2.137537,0.734731,-0.516877,0.491687,-6.446718
9293,-0.129598,-0.085281,9.878312,0.551533,-1.459913,0.267354,-0.491440,0.431876,-6.429492
9294,-0.118941,-0.058024,9.902904,-0.025329,-0.437214,-0.173491,-0.482657,0.400271,-6.427659
9295,-0.099710,-0.068432,9.909783,-1.954153,0.013143,-0.420198,-0.515718,0.393117,-6.437490
9296,-0.086732,-0.071727,9.902314,-2.772089,0.427534,-0.765901,-0.594626,0.400269,-6.457328
9297,-0.061998,-0.061049,9.880204,-2.042096,0.591001,-0.815554,-0.675052,0.416952,-6.483871
9298,-0.044459,-0.079921,9.896473,-0.928120,0.505945,-0.776013,-0.724755,0.434911,-6.510617
9299,-0.069230,-0.122891,9.893954,0.043758,0.677632,-1.120864,-0.739741,0.454234,-6.542480
9300,-0.103767,-0.090190,9.938802,1.864046,1.186098,-1.343415,-0.708284,0.484777,-6.583941
9301,-0.104668,-0.060064,9.972696,3.737838,0.876526,-0.862448,-0.615246,0.518732,-6.621099
9302,-0.098442,-0.085197,9.989979,3.861445,0.120234,-0.585901,-0.488815,0.535120,-6.645391
9303,-0.114094,-0.096095,9.988757,3.004359,-0.501892,-0.594411,-0.374566,0.528614,-6.665008
9304,-0.110864,-0.060546,9.970536,2.410242,-0.999629,-0.025727,-0.284414,0.503528,-6.675194
9305,-0.082408,-0.063500,9.919003,1.742095,-1.407448,0.692210,-0.215112,0.463462,-6.663908
9306,-0.068920,-0.074254,9.925419,0.327845,-1.297397,1.066187,-0.180384,0.418487,-6.634439
9307,-0.084437,-0.037706,9.952166,0.056916,-0.355521,1.166941,-0.173707,0.391058,-6.597132
9308,-0.088868,-0.028950,9.951582,-1.089671,0.106664,1.623542,-0.190600,0.387059,-6.550609
9309,-0.088544,-0.040775,9.940409,-2.603192,0.158768,1.950402,-0.251742,0.391716,-6.491058
9311,-0.072408,-0.078590,9.947659,-3.963147,-0.075864,2.028838,-0.360726,0.393457,-6.424744
9312,-0.076352,-0.116238,9.916464,-5.262152,-0.135981,1.747304,-0.514051,0.390413,-6.361784
9313,-0.078215,-0.155890,9.909775,-6.612989,-0.091755,1.380083,-0.711616,0.387184,-6.309624
9314,-0.065205,-0.181451,9.896815,-6.103603,-0.086269,0.945415,-0.923297,0.384780,-6.270824
9315,-0.041376,-0.208034,9.891285,-5.246476,-0.311989,0.553600,-1.112298,0.378593,-6.245728
9316,-0.065336,-0.231268,9.879457,-5.335733,0.533363,-0.048932,-1.288613,0.382462,-6.237399
9317,-0.073610,-0.244079,9.901027,-4.819163,1.188107,-0.350538,-1.457911,0.410993,-6.244731
9318,-0.069340,-0.261083,9.904277,-3.652946,1.197395,-0.324663,-1.599204,0.450441,-6.257032
9319,-0.076056,-0.268201,9.920198,-2.883842,1.304926,-0.417960,-1.708262,0.491773,-6.270605
9320,-0.093798,-0.288534,9.923659,-2.552989,1.653624,-0.455157,-1.799021,0.540615,-6.286657
9321,-0.098776,-0.301428,9.924081,-1.904250,1.615732,-0.310119,-1.873452,0.594668,-6.301149
9322,-0.102753,-0.301725,9.925817,-0.925468,1.467972,-0.113950,-1.920709,0.645801,-6.309911
9323,-0.116581,-0.298672,9.934356,-0.356366,1.541938,-0.004493,-1.942116,0.695871,-6.313572
9324,-0.127857,-0.310903,9.947194,0.163242,1.492467,0.098100,-1.945338,0.746468,-6.313726
9325,-0.128449,-0.317854,9.936595,0.569979,1.081123,0.171201,-1.933077,0.789489,-6.310689
9326,-0.134709,-0.306286,9.926814,1.088812,0.833617,0.179720,-1.905363,0.821579,-6.305911
9327,-0.138545,-0.296360,9.925396,1.642440,0.705761,0.230843,-1.859756,0.847446,-6.299912
9328,-0.132861,-0.306333,9.914798,1.842089,0.299098,0.328939,-1.801549,0.864483,-6.291119
9329,-0.139908,-0.303532,9.901649,1.335116,0.309525,0.222990,-1.748461,0.874907,-6.282237
9330,-0.152353,-0.289446,9.902957,1.119799,0.652839,0.156177,-1.707456,0.891130,-6.276403
9331,-0.151686,-0.286172,9.903443,0.662597,0.619761,0.216568,-1.677661,0.912514,-6.270821
9332,-0.158102,-0.304642,9.909395,-0.739896,0.723156,0.081641,-1.678880,0.935032,-6.266508
9333,-0.166133,-0.293063,9.906210,-1.495167,0.746649,-0.109614,-1.716151,0.959505,-6.267703
9334,-0.165950,-0.290836,9.908015,-1.706957,0.465274,0.025005,-1.769553,0.979652,-6.269729
9335,-0.171370,-0.287631,9.915139,-1.548821,0.458162,0.032870,-1.823808,0.995065,-6.269248
9336,-0.179194,-0.290885,9.920669,-1.490156,0.562545,0.004172,-1.874457,1.012088,-6.269180
9337,-0.176716,-0.306771,9.905327,-1.344604,0.379432,0.134829,-1.921670,1.027856,-6.267384
9338,-0.173859,-0.314625,9.906119,-0.765948,0.408639,0.228429,-1.956745,1.041187,-6.261777
9339,-0.178743,-0.318777,9.925200,0.047936,0.603581,0.042078,-1.968640,1.058201,-6.257847
9340,-0.178660,-0.337020,9.929101,0.245593,0.464849,-0.084587,-1.963772,1.075974,-6.259165
9341,-0.180014,-0.346160,9.923795,0.215684,0.396702,-0.152804,-1.956168,1.090189,-6.263611
9342,-0.184463,-0.343118,9.921659,0.381879,0.284681,-0.147448,-1.946312,1.101369,-6.269001
9343,-0.186942,-0.354165,9.912964,-0.082781,0.093436,-0.100812,-1.941411,1.107527,-6.273350
9344,-0.187839,-0.360629,9.889465,-0.723107,0.038792,-0.040192,-1.954889,1.109649,-6.275775
9345,-0.188270,-0.352453,9.894861,-1.147090,0.050060,-0.006476,-1.986075,1.111102,-6.276603
9346,-0.183975,-0.365596,9.900994,-1.402009,-0.109683,0.080960,-2.028535,1.110152,-6.275327
9347,-0.186627,-0.364252,9.900702,-1.315932,-0.030879,0.085495,-2.073779,1.107910,-6.272470
9348,-0.198548,-0.362776,9.911568,-1.279445,0.303347,-0.011531,-2.117015,1.112494,-6.271404
9349,-0.192694,-0.358610,9.908772,-1.199003,0.199748,0.022970,-2.158325,1.120880,-6.271526
9350,-0.183639,-0.368352,9.905465,-1.182987,0.121817,0.075810,-2.197996,1.126298,-6.270083
9351,-0.191362,-0.373097,9.913892,-1.131907,0.227218,-0.056587,-2.236576,1.132123,-6.269990
9352,-0.191798,-0.372259,9.918462,-0.856944,0.242410,-0.102455,-2.269782,1.139840,-6.272945
9353,-0.184115,-0.393041,9.904430,-0.830617,0.155073,-0.038326,-2.297960,1.146366,-6.275554
9354,-0.192422,-0.403064,9.908521,-0.807570,0.364424,-0.200532,-2.325350,1.154857,-6.279882
9355,-0.199274,-0.399890,9.915257,-0.259930,0.586140,-0.260556,-2.343311,1.170374,-6.288207
9356,-0.198221,-0.400321,9.900455,0.127703,0.500321,-0.210083,-2.345691,1.188146,-6.296786
9357,-0.204566,-0.402757,9.902274,0.112816,0.613947,-0.228841,-2.341851,1.206403,-6.304857
9358,-0.210595,-0.387364,9.923457,0.268063,0.719725,-0.306300,-2.335712,1.228248,-6.314678
9359,-0.205488,-0.390308,9.921268,0.294145,0.303402,-0.174060,-2.326529,1.244960,-6.323372
9360,-0.211473,-0.409672,9.897465,-0.070144,0.236520,-0.219014,-2.322947,1.253686,-6.330285
9361,-0.211129,-0.399486,9.905400,-0.288585,0.289445,-0.287664,-2.329119,1.262102,-6.339081
9362,-0.208514,-0.401101,9.917140,-0.422161,0.262451,-0.314129,-2.341195,1.270884,-6.349480
9363,-0.199951,-0.418419,9.896730,-0.581716,0.102056,-0.263317,-2.358145,1.276559,-6.359348
9364,-0.206043,-0.427619,9.895918,-0.840710,0.109361,-0.247329,-2.382045,1.279728,-6.367998
9365,-0.212110,-0.408337,9.907331,-0.578939,0.107477,-0.211728,-2.405880,1.283019,-6.375796
9366,-0.208748,-0.405155,9.903770,-0.263987,0.090040,-0.103511,-2.420050,1.286087,-6.381186
9367,-0.204825,-0.414428,9.898320,-0.403805,-0.082014,-0.077900,-2.431248,1.286093,-6.384212
9368,-0.218788,-0.401487,9.906471,-0.400296,0.256130,-0.132864,-2.444731,1.288842,-6.387847
9369,-0.224322,-0.404357,9.893724,-0.626027,0.583970,-0.115936,-2.461944,1.302654,-6.392589
9370,-0.219378,-0.425951,9.887719,-1.243822,0.385477,0.016631,-2.493162,1.318724,-6.394942
9371,-0.234996,-0.444667,9.900494,-1.689581,0.734757,-0.026449,-2.542075,1.337369,-6.395927
9372,-0.238689,-0.438910,9.901618,-1.382870,0.680637,0.067181,-2.593291,1.360966,-6.396305
9373,-0.235114,-0.459871,9.890043,-1.398266,0.334472,0.276984,-2.639525,1.378128,-6.391346
9374,-0.236983,-0.460218,9.895432,-1.114979,0.337948,0.220469,-2.681226,1.389707,-6.383584
9375,-0.238763,-0.456792,9.907804,-0.566037,0.351660,0.198679,-2.709086,1.401517,-6.377143
9376,-0.231770,-0.471880,9.894470,-0.603732,-0.022201,0.305079,-2.728383,1.407399,-6.369013
9377,-0.241984,-0.481772,9.889126,-0.602390,0.327403,0.233557,-2.748271,1.412909,-6.360287
9378,-0.245822,-0.471439,9.913013,-0.083920,0.484059,0.174377,-2.759557,1.426744,-6.354145
9379,-0.241602,-0.467845,9.916214,0.258137,0.201457,0.309100,-2.756465,1.438544,-6.346643
9380,-0.245086,-0.479409,9.902802,0.083360,0.280401,0.367822,-2.750500,1.447108,-6.335756
9381,-0.250900,-0.461343,9.905909,0.771227,0.474687,0.500059,-2.735906,1.460371,-6.321906
9382,-0.252305,-0.448671,9.907902,1.202730,0.260738,0.737068,-2.702494,1.473591,-6.301884
9383,-0.247058,-0.423997,9.876488,2.071334,0.164640,1.025633,-2.647178,1.482044,-6.272858
9384,-0.240595,-0.411851,9.847898,3.085044,0.319611,1.533298,-2.560142,1.492043,-6.230606
9385,-0.256940,-0.424739,9.863898,2.566931,0.925957,1.980915,-2.464430,1.515350,-6.172981
9386,-0.270920,-0.398843,9.894312,1.431435,1.344527,2.138136,-2.395993,1.556074,-6.105978
9387,-0.269575,-0.392413,9.928665,0.214306,1.504034,2.274375,-2.366589,1.606571,-6.034452
9388,-0.278381,-0.456412,9.988424,-1.581306,1.000160,2.536215,-2.387143,1.651603,-5.956048
9389,-0.302932,-0.472897,10.011876,-2.979629,-0.004261,2.716548,-2.460646,1.671898,-5.869253
9390,-0.283031,-0.451599,9.990376,-2.715340,-1.673598,3.128380,-2.552712,1.648229,-5.770673
9391,-0.240218,-0.494433,9.955344,-2.884025,-3.305929,3.212552,-2.642975,1.570107,-5.661306
9392,-0.203977,-0.550871,9.855755,-3.231309,-4.919893,2.681489,-2.742164,1.437776,-5.556714
9393,-0.148416,-0.486849,9.855409,-0.857331,-5.476360,1.736459,-2.808389,1.268281,-5.474766
9394,-0.127448,-0.452751,9.864507,0.383525,-4.144733,0.954289,-2.815208,1.110313,-5.422129
9395,-0.119362,-0.453373,9.903938,-0.031596,-2.619745,0.516595,-2.808796,0.998906,-5.392122
9396,-0.143610,-0.476299,9.903793,-0.664355,-0.937392,0.426705,-2.820081,0.940465,-5.373503
9397,-0.174383,-0.465690,9.873566,-1.603536,1.193583,-0.106766,-2.857793,0.944994,-5.368384
9398,-0.316186,-0.487534,9.579186,-1.204939,7.255525,-1.581343,-2.905223,1.084222,-5.403563
9399,-0.316913,-0.550762,9.711633,-0.039559,9.536667,-4.373508,-2.928378,1.358685,-5.516923
9400,-0.384290,-0.526671,9.628171,-0.021941,12.303316,-6.686633,-2.934796,1.712792,-5.719679
9401,-0.462841,-0.445091,9.693555,3.553437,15.428051,-8.066922,-2.885015,2.161897,-5.988866
9402,-0.510496,-0.382782,9.900051,8.469281,15.100046,-8.008006,-2.696947,2.657100,-6.281384
9403,-0.473565,-0.350975,10.174549,6.518788,9.309368,-6.334016,-2.459959,3.052851,-6.538607
9404,-0.514743,-0.295909,10.004005,5.716980,4.995955,-2.974924,-2.265105,3.284669,-6.703653
9405,-0.482935,-0.274053,10.064422,4.411535,1.364795,-0.640967,-2.100050,3.388351,-6.767972
9406,-0.450668,-0.309633,10.013394,3.276435,-4.358453,0.930488,-1.971530,3.338684,-6.761332
9407,-0.454700,-0.334358,9.898661,-0.036711,-6.356535,1.903662,-1.914503,3.161822,-6.707925
9408,-0.440720,-0.356034,9.872455,-0.844025,-6.422677,2.175927,-1.925163,2.951250,-6.632678
9409,-0.444764,-0.365719,9.896986,-0.910138,-5.320979,1.708625,-1.950839,2.757829,-6.561253
9410,-0.451065,-0.382683,9.884740,-0.735705,-4.057146,1.283734,-1.975686,2.603329,-6.505990
9411,-0.430941,-0.370331,9.864832,-0.126125,-3.365989,1.069421,-1.988120,2.481041,-6.462473
9412,-0.405493,-0.373217,9.865300,-0.488021,-2.736242,0.915502,-1.996803,2.380548,-6.425847
9414,-0.383590,-0.375789,9.887394,-0.693603,-2.390391,0.727422,-2.015257,2.296116,-6.395463
9415,-0.364246,-0.368680,9.902671,-0.152716,-2.432402,0.726390,-2.028296,2.216641,-6.368387
9416,-0.342378,-0.385859,9.899251,0.061196,-2.627618,0.493237,-2.028937,2.133079,-6.345075
9417,-0.337099,-0.369925,9.917024,0.726035,-2.473922,0.105326,-2.015345,2.048458,-6.332097
9418,-0.322303,-0.348170,9.908566,1.492863,-2.635358,-0.064149,-1.978238,1.963378,-6.328446
9419,-0.313535,-0.345297,9.878833,1.740919,-2.504759,-0.121316,-1.924349,1.877653,-6.328623
