seq,ax,ay,az,wroll,wpitch,wyaw,roll,pitch,yaw
2890,0.034246,-0.140067,9.918044,0.007711,-0.116922,-0.075863,-0.565717,-0.254281,0.001255
2891,0.027684,-0.146910,9.922762,0.010290,-0.062975,-0.073674,-0.565406,-0.257304,-0.001207
2892,0.028920,-0.142686,9.924341,0.007150,-0.062944,-0.073673,-0.565104,-0.259427,-0.003642
2893,0.026944,-0.139459,9.925261,-0.003616,-0.067490,-0.075198,-0.565034,-0.261625,-0.006102
2894,0.023867,-0.139074,9.922071,-0.008274,-0.065926,-0.066043,-0.565221,-0.263872,-0.008434
2895,0.020936,-0.134133,9.920922,0.000808,-0.067408,-0.062990,-0.565336,-0.266115,-0.010562
2896,0.023756,-0.135613,9.917964,0.011418,-0.070414,-0.067567,-0.565122,-0.268434,-0.012716
2897,0.019980,-0.137563,9.915611,0.009816,-0.062737,-0.082825,-0.564757,-0.270677,-0.015200
2898,0.022950,-0.144487,9.915922,0.032622,-0.059637,-0.084350,-0.564036,-0.272744,-0.017966
2899,0.027673,-0.147195,9.915291,0.037108,-0.059595,-0.084349,-0.562861,-0.274759,-0.020758
2900,0.026936,-0.148587,9.917932,0.038536,-0.067186,-0.091979,-0.561586,-0.276901,-0.023676
2901,0.027515,-0.150243,9.912523,0.021650,-0.064095,-0.084348,-0.560569,-0.279118,-0.026593
2902,0.035294,-0.145985,9.917715,0.023078,-0.074745,-0.073665,-0.559810,-0.281457,-0.029204
2903,0.037506,-0.141288,9.917624,0.009255,-0.074721,-0.073664,-0.559260,-0.283972,-0.031635
2904,0.032968,-0.132135,9.924268,0.015283,-0.074695,-0.067561,-0.558839,-0.286485,-0.033965
2905,0.035304,-0.135817,9.923837,-0.003100,-0.062457,-0.053826,-0.558626,-0.288791,-0.035965
2906,0.035511,-0.131116,9.929976,0.007511,-0.048697,-0.052299,-0.558544,-0.290660,-0.037716
2907,0.026456,-0.132586,9.927526,0.008969,-0.042556,-0.056876,-0.558260,-0.292199,-0.039521
2908,0.026062,-0.129456,9.926787,0.002800,-0.036405,-0.061454,-0.558054,-0.293534,-0.041480
2909,0.028944,-0.132583,9.921063,0.007312,-0.036361,-0.072134,-0.557873,-0.294768,-0.043695
2910,0.027291,-0.126674,9.921864,0.011826,-0.040894,-0.085867,-0.557541,-0.296082,-0.046315
2911,0.024856,-0.124737,9.922538,0.019400,-0.056105,-0.098073,-0.557005,-0.297728,-0.049365
2912,0.028028,-0.129674,9.923571,0.026971,-0.062161,-0.102650,-0.556215,-0.299732,-0.052691
2913,0.023857,-0.138954,9.922673,0.034527,-0.069742,-0.096546,-0.555172,-0.301962,-0.055990
2914,0.019521,-0.139835,9.925007,0.017659,-0.060527,-0.102648,-0.554285,-0.304165,-0.059289
2915,0.029047,-0.141184,9.922411,0.016048,-0.051317,-0.091965,-0.553706,-0.306061,-0.062514
2916,0.027581,-0.144262,9.918897,-0.003879,-0.039062,-0.085862,-0.553488,-0.307595,-0.065463
2917,0.028199,-0.150039,9.923381,-0.010082,-0.035962,-0.081282,-0.553705,-0.308873,-0.068237
2918,0.033535,-0.143667,9.921173,-0.010180,-0.031341,-0.078230,-0.554029,-0.310020,-0.070884
2919,0.031358,-0.142544,9.921372,-0.004167,-0.038930,-0.070599,-0.554254,-0.311215,-0.073353
2920,0.023190,-0.143153,9.923154,0.001847,-0.048034,-0.066021,-0.554281,-0.312687,-0.075616
2921,0.027332,-0.146111,9.921428,0.029220,-0.057135,-0.070597,-0.553751,-0.314461,-0.077876
2922,0.028470,-0.142073,9.913125,0.013868,-0.061662,-0.067545,-0.553020,-0.316463,-0.080159
2923,0.023357,-0.132596,9.917709,0.016840,-0.061606,-0.069068,-0.552496,-0.318540,-0.082416
2924,0.025995,-0.140118,9.916690,0.015236,-0.064600,-0.075171,-0.551948,-0.320666,-0.084800
2925,0.029365,-0.142372,9.917961,0.015148,-0.061495,-0.087378,-0.551426,-0.322794,-0.087489
2926,0.028632,-0.140992,9.917583,0.007430,-0.059918,-0.082799,-0.551034,-0.324845,-0.090306
2927,0.027874,-0.139717,9.919013,0.014973,-0.047657,-0.085850,-0.550645,-0.326665,-0.093099
2928,0.030586,-0.153052,9.918612,0.020978,-0.052182,-0.098056,-0.550028,-0.328358,-0.096148
2929,0.030562,-0.150382,9.917641,0.014766,-0.044502,-0.091952,-0.549414,-0.330000,-0.099299
2930,0.029047,-0.151010,9.915204,-0.002127,-0.049027,-0.073639,-0.549188,-0.331585,-0.102044
2931,0.031106,-0.147340,9.918487,-0.012913,-0.058131,-0.076690,-0.549424,-0.333395,-0.104533
2932,0.032359,-0.144626,9.920431,-0.019114,-0.064185,-0.072111,-0.549944,-0.335457,-0.106993
2933,0.031685,-0.132754,9.922319,-0.039035,-0.067187,-0.058377,-0.550900,-0.337667,-0.109147
2934,0.035379,-0.132674,9.923832,-0.020796,-0.061036,-0.059902,-0.551886,-0.339823,-0.111097
2935,0.035794,-0.136854,9.924090,-0.023924,-0.059465,-0.079738,-0.552617,-0.341854,-0.113405
2936,0.037168,-0.137663,9.920984,-0.014848,-0.060948,-0.067530,-0.553249,-0.343884,-0.115840
2937,0.037300,-0.145354,9.919317,-0.014935,-0.059379,-0.079736,-0.553731,-0.345914,-0.118275
2938,0.038449,-0.149989,9.918987,-0.004354,-0.066967,-0.079735,-0.554036,-0.348045,-0.120913
2939,0.035669,-0.148412,9.919053,-0.013613,-0.071501,-0.075156,-0.554320,-0.350378,-0.123472
2940,0.032631,-0.149143,9.922736,-0.009136,-0.072976,-0.067526,-0.554685,-0.352808,-0.125827
2941,0.025153,-0.150188,9.927062,-0.000084,-0.053077,-0.070577,-0.554824,-0.354932,-0.128108
2942,0.023868,-0.149246,9.932219,0.008968,-0.062162,-0.069049,-0.554662,-0.356875,-0.130416
2943,0.022113,-0.144850,9.933261,0.005818,-0.052932,-0.078203,-0.554400,-0.358817,-0.132852
2944,0.022611,-0.142017,9.937601,0.002677,-0.052855,-0.073624,-0.554243,-0.360604,-0.135365
2945,0.022572,-0.135873,9.934212,0.007172,-0.045150,-0.075149,-0.554063,-0.362261,-0.137829
2946,0.025476,-0.128144,9.933042,0.005576,-0.049653,-0.081252,-0.553834,-0.363867,-0.140420
2947,0.029517,-0.125739,9.933108,-0.005164,-0.041955,-0.081251,-0.553810,-0.365419,-0.143114
2948,0.029944,-0.135531,9.929645,-0.005231,-0.047995,-0.076672,-0.553967,-0.366944,-0.145731
2949,0.030028,-0.139616,9.927728,-0.058718,-0.055560,-0.093456,-0.555014,-0.368697,-0.148550
2950,0.033354,-0.145144,9.926958,-0.133578,-0.060076,-0.090402,-0.558200,-0.370654,-0.151595
2951,0.031856,-0.156702,9.925753,-0.161148,-0.066119,-0.091928,-0.563092,-0.372787,-0.154614
2952,0.025595,-0.147446,9.918386,-0.094115,-0.067577,-0.087349,-0.567327,-0.375045,-0.157579
2953,0.026675,-0.138699,9.918025,-0.071313,-0.061398,-0.091926,-0.570065,-0.377224,-0.160546
2954,0.024869,-0.134221,9.914125,-0.011874,-0.059797,-0.065983,-0.571434,-0.379270,-0.163158
2955,0.025383,-0.135962,9.913415,0.046040,-0.056667,-0.069034,-0.570850,-0.381233,-0.165388
2956,0.031918,-0.135810,9.917390,-0.016594,-0.055069,-0.059877,-0.570345,-0.383117,-0.167518
2957,0.034545,-0.150261,9.924099,-0.106708,-0.053480,-0.055298,-0.572387,-0.384945,-0.169420
2958,0.031422,-0.149739,9.924041,-0.048821,-0.044260,-0.062926,-0.574966,-0.386594,-0.171374
2959,0.034310,-0.152117,9.925665,-0.076388,-0.042669,-0.085814,-0.577037,-0.388067,-0.173838
2960,0.033763,-0.147934,9.926248,-0.119210,-0.048709,-0.082761,-0.580278,-0.389619,-0.176632
2961,0.029042,-0.149157,9.930744,-0.137614,-0.053217,-0.096492,-0.584538,-0.391348,-0.179603
2962,0.029259,-0.138219,9.929879,-0.036985,-0.056195,-0.099543,-0.587425,-0.393205,-0.182851
2963,0.031849,-0.137800,9.932817,-0.064521,-0.063753,-0.093438,-0.589095,-0.395237,-0.186047
2964,0.032096,-0.137567,9.932098,-0.108842,-0.066735,-0.093437,-0.591963,-0.397443,-0.189139
2965,0.031883,-0.140821,9.933428,-0.089076,-0.060561,-0.105643,-0.595239,-0.399599,-0.192435
2966,0.031322,-0.138076,9.927989,-0.170020,-0.055911,-0.101064,-0.599533,-0.401576,-0.195860
2967,0.034402,-0.138058,9.922019,-0.287584,-0.051262,-0.096485,-0.607137,-0.403397,-0.199133
2968,0.036613,-0.146769,9.918465,-0.359375,-0.057300,-0.104113,-0.617896,-0.405242,-0.202457
2969,0.036554,-0.142003,9.917850,-0.278574,-0.057236,-0.099534,-0.628505,-0.407188,-0.205830
2970,0.036658,-0.153553,9.913541,-0.240503,-0.052593,-0.096481,-0.637133,-0.409054,-0.209077
2971,0.037371,-0.143653,9.912566,-0.147497,-0.047950,-0.093428,-0.643577,-0.410765,-0.212223
2973,0.038085,-0.154676,9.915497,-0.168933,-0.073828,-0.104108,-0.648827,-0.412832,-0.215492
2974,0.043439,-0.169118,9.915869,-0.066793,-0.067665,-0.099529,-0.652732,-0.415228,-0.218859
2975,0.042075,-0.179121,9.920568,-0.108111,-0.063032,-0.099527,-0.655623,-0.417444,-0.222152
2976,0.040365,-0.163880,9.924598,-0.315749,-0.081284,-0.079689,-0.662666,-0.419884,-0.225111
2977,0.041474,-0.183870,9.925508,-0.502027,-0.134630,-0.043066,-0.676281,-0.423506,-0.227115
2978,0.038153,-0.183142,9.922193,-0.554038,-0.129988,-0.006442,-0.693876,-0.427926,-0.227887
2979,0.028467,-0.175766,9.921638,-0.718954,-0.142118,0.027131,-0.715096,-0.432457,-0.227487
2980,0.030985,-0.174678,9.920476,-0.769413,-0.158817,0.028659,-0.739909,-0.437460,-0.226493
2981,0.037327,-0.191081,9.920750,-0.662708,-0.178575,0.001194,-0.763782,-0.443076,-0.225922
2982,0.033936,-0.179628,9.920180,-0.192829,-0.085416,-0.053737,-0.778035,-0.447488,-0.226738
2983,0.038894,-0.180711,9.918223,0.040548,-0.034981,-0.090358,-0.780554,-0.449526,-0.229113
2984,0.041716,-0.181209,9.922614,0.173214,-0.007442,-0.128505,-0.776963,-0.450283,-0.232751
2985,0.039413,-0.178350,9.921601,0.517988,0.052140,-0.143762,-0.765407,-0.449599,-0.237298
2986,0.032947,-0.154492,9.922634,0.934502,0.113258,-0.143761,-0.741161,-0.446906,-0.242126
2987,0.035671,-0.155176,9.917141,0.934455,0.085874,-0.128500,-0.709976,-0.443645,-0.246706
2988,0.030337,-0.155363,9.921624,0.920665,0.067648,-0.111714,-0.679026,-0.441134,-0.250740
2989,0.027400,-0.147993,9.918421,0.934337,0.054007,-0.093400,-0.648083,-0.439147,-0.254182
2990,0.030761,-0.146198,9.916308,0.734379,0.011372,-0.076614,-0.620250,-0.438088,-0.257027
2991,0.035305,-0.153099,9.915564,0.436747,-0.002280,-0.058301,-0.600714,-0.437961,-0.259277
2992,0.032125,-0.145557,9.921031,0.332900,-0.012879,-0.065930,-0.587870,-0.438235,-0.261345
2993,0.030378,-0.132323,9.921089,0.305363,-0.015846,-0.087291,-0.577213,-0.438740,-0.263894
2994,0.031138,-0.124641,9.919036,0.297681,-0.014233,-0.105601,-0.567138,-0.439273,-0.267104
2995,0.027176,-0.123673,9.918480,0.233544,-0.017194,-0.120859,-0.558255,-0.439834,-0.270873
2996,0.025100,-0.128838,9.917852,0.236540,-0.024728,-0.157479,-0.550385,-0.440577,-0.275505
2997,0.030804,-0.131191,9.915190,0.309718,-0.021583,-0.209360,-0.541233,-0.441407,-0.281612
2998,0.033290,-0.128470,9.914746,0.334065,-0.033705,-0.239876,-0.530446,-0.442399,-0.289090
2999,0.033215,-0.128551,9.920168,0.164620,-0.024466,-0.258186,-0.522071,-0.443445,-0.297382
3000,0.038226,-0.120757,9.922530,0.130984,-0.013706,-0.293282,-0.517073,-0.444164,-0.306567
3001,0.034314,-0.097677,9.921803,0.018028,-0.018206,-0.320747,-0.514510,-0.444788,-0.316796
3002,0.033856,-0.102089,9.924697,-0.561844,-0.051693,-0.349739,-0.523487,-0.446055,-0.327960
3003,0.059246,-0.270124,9.924706,-0.989288,-0.013486,-1.889396,-0.549048,-0.447491,-0.365269
3004,0.047451,-0.214554,9.914843,-0.182360,0.230708,-8.395939,-0.567239,-0.445538,-0.536723
3005,0.040952,-0.234835,9.911519,-0.464904,0.300964,-10.901505,-0.575543,-0.439866,-0.858427
3006,0.044376,-0.254915,9.909821,-0.422459,0.345282,-12.552553,-0.587354,-0.433067,-1.249425
3007,0.041101,-0.256519,9.905667,0.088427,0.406382,-13.913677,-0.589617,-0.425068,-1.690640
3008,0.014695,-0.100497,9.904704,0.332427,0.444619,-14.873481,-0.579082,-0.415761,-2.170550
3009,0.030026,-0.158688,9.912951,-0.517568,0.304331,-11.913184,-0.578959,-0.407783,-2.617101
3010,0.037329,-0.154441,9.917893,-0.517677,0.353233,-13.631376,-0.593204,-0.401208,-3.042938
3011,0.039478,-0.174970,9.922077,-0.742109,0.463160,-17.043343,-0.610657,-0.392971,-3.554302
3012,0.043959,-0.169994,9.922388,-0.928405,0.646323,-22.049902,-0.634094,-0.381561,-4.206016
3013,0.040332,-0.169933,9.924491,-0.975827,0.795911,-26.046301,-0.660597,-0.366581,-5.007823
3014,0.032930,-0.194304,9.921280,-1.154495,0.904307,-29.337721,-0.690337,-0.349122,-5.931123
3015,0.033514,-0.183940,9.920423,-0.892175,1.003547,-32.055389,-0.718381,-0.329910,-6.954596
3016,0.030060,-0.168297,9.920203,-0.370412,1.057007,-32.952637,-0.733379,-0.309271,-8.038330
3017,0.021813,-0.172395,9.922594,-0.066839,1.041804,-32.360573,-0.734991,-0.288201,-9.127148
3018,0.027337,-0.156690,9.923140,0.558719,0.948775,-30.183075,-0.721730,-0.268256,-10.169793
3019,0.034851,-0.108849,9.920393,1.295727,0.791638,-25.718218,-0.686602,-0.250654,-11.101698
3020,0.030928,-0.134658,9.918454,1.007327,0.658905,-21.877464,-0.644851,-0.235637,-11.895141
3021,0.032213,-0.122885,9.917485,0.383199,0.611621,-21.112974,-0.618811,-0.222371,-12.611812
3022,0.040317,-0.113519,9.920021,-0.114271,0.573480,-20.574326,-0.611705,-0.210112,-13.306746
3023,0.040843,-0.135377,9.921647,-0.952038,0.599414,-21.126709,-0.626999,-0.198103,-14.001915
3024,0.035680,-0.173384,9.926342,-1.876839,0.686387,-23.971035,-0.671632,-0.185235,-14.753708
3025,0.037690,-0.168363,9.923234,-1.849485,0.761150,-25.921167,-0.731147,-0.171331,-15.585443
3026,0.043761,-0.182444,9.923377,-1.379603,0.756553,-25.661760,-0.782498,-0.157384,-16.445370
3027,0.040593,-0.194039,9.921659,-1.304943,0.759579,-25.826559,-0.824980,-0.144127,-17.303730
3028,0.041759,-0.206022,9.918937,-1.390512,0.793120,-26.342319,-0.867813,-0.131091,-18.173447
3029,0.048250,-0.212323,9.915455,-1.088499,0.832753,-26.530010,-0.907216,-0.117650,-19.054914
3030,0.048073,-0.208138,9.915321,-0.841408,0.843384,-26.945065,-0.937657,-0.104047,-19.946442
3031,0.045792,-0.201649,9.917555,-1.128369,0.895211,-27.726336,-0.968939,-0.090218,-20.857927
3032,0.051707,-0.204908,9.917911,-1.035362,0.945506,-27.512709,-1.003670,-0.075409,-21.778908
3033,0.048769,-0.200658,9.917968,-0.396060,0.928652,-27.013731,-1.026453,-0.060272,-22.688028
3034,0.046459,-0.176123,9.921242,0.311944,0.873650,-26.244665,-1.027031,-0.046104,-23.576008
3035,0.046764,-0.175051,9.924016,0.434023,0.846111,-25.553421,-1.014002,-0.032776,-24.439625
3036,0.046584,-0.219412,9.921706,0.163894,0.853664,-25.925751,-1.003645,-0.019549,-25.297924
3037,0.046759,-0.210823,9.917714,0.433906,0.815434,-26.273664,-0.993481,-0.006915,-26.168215
3038,0.051282,-0.184772,9.919422,0.731414,0.778722,-25.211622,-0.974042,0.004935,-27.026579
3039,0.051913,-0.206333,9.913218,0.446017,0.728268,-23.166882,-0.954569,0.016497,-27.833147
3040,0.049113,-0.217231,9.910180,-0.013374,0.705278,-23.525476,-0.947658,0.027455,-28.611609
3041,0.042155,-0.211813,9.905101,-0.434625,0.804368,-25.509178,-0.955597,0.039012,-29.429113
3042,0.035572,-0.232286,9.907921,-0.649892,0.819541,-26.215689,-0.974355,0.051531,-30.291475
3043,0.032129,-0.253058,9.909353,-1.178008,0.865238,-28.496944,-1.005737,0.063837,-31.203644
3044,0.041771,-0.222673,9.917771,-0.837855,0.947548,-30.947586,-1.040544,0.076324,-32.194698
3045,0.045468,-0.211150,9.924560,0.671208,0.907767,-27.196863,-1.044726,0.089637,-33.164101
3046,0.053512,-0.162918,9.926400,1.896515,0.608563,-19.938036,-1.003245,0.100971,-33.949951
3047,0.056345,-0.153769,9.928841,1.632566,0.461937,-15.447241,-0.945505,0.108873,-34.539898
3048,0.082113,-0.147383,9.922786,0.231802,0.415991,-15.055080,-0.915427,0.115256,-35.048428
3049,0.075522,-0.176984,9.918276,-2.113549,0.527194,-16.082033,-0.947865,0.122484,-35.567558
3050,0.065163,-0.292109,9.926672,-4.109600,0.600264,-18.445694,-1.052860,0.131139,-36.143250
3051,0.067339,-0.338255,9.929109,-5.406908,0.624509,-22.832733,-1.213081,0.137879,-36.831470
3052,0.071936,-0.355757,9.926702,-5.608619,0.697574,-26.098219,-1.398650,0.141308,-37.647247
3053,0.055652,-0.372142,9.924758,-4.407981,0.758442,-25.120102,-1.567707,0.143504,-38.501175
3054,0.056508,-0.376064,9.927554,-2.767836,0.704880,-23.922255,-1.689361,0.144716,-39.318859
3055,0.069516,-0.290486,9.913854,-1.968350,0.758118,-25.037712,-1.770353,0.144542,-40.135181
3056,0.068570,-0.249186,9.914102,-1.098516,0.936470,-24.673021,-1.823574,0.146845,-40.964123
3057,0.065965,-0.218505,9.915067,-0.687893,1.041581,-24.427355,-1.855505,0.153577,-41.783054
3058,0.068121,-0.238460,9.918164,-0.590061,1.158899,-26.465996,-1.879152,0.162617,-42.631981
3059,0.074041,-0.254437,9.913851,-0.512091,1.235005,-28.431391,-1.900199,0.172331,-43.547703
3060,0.077843,-0.250650,9.912466,-0.444807,1.277529,-29.195889,-1.919120,0.182185,-44.508957
3061,0.078150,-0.272638,9.912764,-0.347015,1.236120,-28.257450,-1.935445,0.191857,-45.467304
3062,0.082586,-0.281744,9.913348,-0.313337,1.203858,-27.499071,-1.949639,0.201005,-46.397366
3063,0.084293,-0.250978,9.914513,-0.337616,1.136492,-26.029613,-1.963687,0.209529,-47.290272
3064,0.081571,-0.253243,9.914227,-0.578546,1.160678,-26.229517,-1.982206,0.217803,-48.162006
3065,0.055942,-0.253972,9.913281,-0.628733,1.271868,-28.526041,-2.005869,0.226552,-49.075397
3066,0.063550,-0.281885,9.911798,-0.562969,1.366285,-30.398355,-2.029698,0.235914,-50.058350
3067,0.060443,-0.315354,9.910614,-0.523198,1.338623,-30.082499,-2.052035,0.245077,-51.067257
3068,0.056298,-0.344413,9.910606,-0.475849,1.265186,-28.565733,-2.072939,0.253269,-52.045586
3069,0.054980,-0.343108,9.917809,-0.187423,1.120033,-25.474215,-2.088033,0.260301,-52.947048
3070,0.081464,-0.339075,9.922860,-0.207223,0.936705,-21.604477,-2.098216,0.265915,-53.732380
3071,0.077300,-0.332986,9.923012,-0.422328,0.927310,-21.439686,-2.112069,0.270605,-54.450409
3072,0.077792,-0.323100,9.920708,-0.449724,1.033886,-23.598879,-2.130183,0.275475,-55.201721
3073,0.081129,-0.321062,9.920041,-0.359607,1.039745,-23.951378,-2.147520,0.280434,-55.994930
3074,0.083720,-0.330007,9.915289,-0.278647,1.028813,-23.899504,-2.162094,0.284905,-56.793156
3076,0.082052,-0.317560,9.919086,-0.101546,0.987360,-23.133497,-2.172359,0.288845,-57.577713
3077,0.083645,-0.302173,9.918235,0.197663,0.855875,-19.930590,-2.174399,0.292334,-58.296066
3078,0.085690,-0.289076,9.921616,0.780721,0.771689,-15.676318,-2.161149,0.297009,-58.890102
3079,0.077715,-0.258103,9.929111,1.353055,0.748638,-12.520709,-2.128062,0.304774,-59.360664
3080,0.075725,-0.229613,9.931177,1.707131,0.658547,-9.181988,-2.079024,0.314962,-59.722992
3081,0.074017,-0.221540,9.925223,1.963554,0.513523,-5.986701,-2.019266,0.325466,-59.976349
3082,0.071294,-0.206697,9.924898,2.134526,0.376128,-3.612364,-1.951890,0.334760,-60.136738
3083,0.068539,-0.183691,9.927204,1.849249,0.183800,-1.971996,-1.886045,0.340984,-60.230076
3084,0.072145,-0.191719,9.917528,1.350342,0.031145,-0.961834,-1.833012,0.342984,-60.279072
3085,0.071530,-0.196982,9.915359,1.245114,-0.063525,-0.403347,-1.789889,0.341728,-60.301785
3086,0.071873,-0.196736,9.916329,1.159719,-0.080373,-0.305690,-1.749878,0.338967,-60.313530
3087,0.076848,-0.184071,9.916389,1.168930,-0.088067,-0.241603,-1.711120,0.335886,-60.322556
3088,0.086111,-0.208243,9.912758,1.536728,-0.077453,-0.224819,-1.666071,0.332899,-60.330250
3089,0.084634,-0.223567,9.922407,1.944186,-0.059211,-0.252288,-1.608102,0.330396,-60.338127
3090,0.084820,-0.207240,9.926831,1.994575,-0.028761,-0.253816,-1.542504,0.328698,-60.346527
3091,0.085562,-0.184292,9.927755,1.948834,-0.010518,-0.223299,-1.476826,0.327835,-60.354454
3092,0.081571,-0.183542,9.929488,1.669628,-0.002956,-0.215671,-1.416560,0.327425,-60.361763
3093,0.072572,-0.158221,9.930230,1.033355,-0.016753,-0.194310,-1.371549,0.326931,-60.368591
3094,0.076643,-0.114334,9.920561,0.598517,-0.033602,-0.145481,-1.344384,0.325957,-60.374237
3095,0.078182,-0.117822,9.916862,0.026352,-0.062659,-0.114964,-1.333994,0.324252,-60.378540
3096,0.081197,-0.133955,9.914785,-0.245211,-0.077984,-0.098179,-1.337661,0.321825,-60.382023
3097,0.080647,-0.137457,9.914783,-0.234484,-0.079575,-0.085974,-1.345673,0.319128,-60.385036
3098,0.084462,-0.143096,9.913420,-0.116943,-0.073539,-0.076819,-1.351544,0.316513,-60.387691
3099,0.080906,-0.150465,9.917952,-0.080279,-0.075131,-0.089028,-1.354846,0.313971,-60.390400
3100,0.080117,-0.133513,9.914403,0.032684,-0.076722,-0.076822,-1.355655,0.311375,-60.393108
3101,0.075424,-0.127409,9.918038,0.131919,-0.052371,-0.078349,-1.352925,0.309163,-60.395634
3102,0.074744,-0.120101,9.916443,0.118239,-0.047855,-0.081402,-1.348770,0.307430,-60.398270
3103,0.075304,-0.127989,9.918641,0.040469,-0.052494,-0.063092,-1.346137,0.305702,-60.400635
3104,0.071811,-0.115622,9.915897,0.058834,-0.044925,-0.053937,-1.344492,0.304033,-60.402546
3105,0.072807,-0.122671,9.920390,0.164177,-0.028201,-0.069198,-1.340786,0.302766,-60.404575
3106,0.074250,-0.127212,9.916089,0.148971,-0.034365,-0.079881,-1.335580,0.301666,-60.407036
3107,0.070448,-0.128572,9.915059,0.133761,-0.028321,-0.081408,-1.330882,0.300559,-60.409695
3108,0.067817,-0.128857,9.914892,0.072773,-0.028380,-0.082935,-1.327454,0.299550,-60.412407
3109,0.071362,-0.143097,9.915833,0.002625,-0.046749,-0.087513,-1.326212,0.298233,-60.415226
3110,0.069929,-0.146017,9.918344,0.008770,-0.055963,-0.081411,-1.326037,0.296456,-60.417999
3111,0.070011,-0.138195,9.921702,0.056116,-0.057547,-0.063101,-1.324967,0.294509,-60.420364
3112,0.073879,-0.135767,9.925502,0.092782,-0.059133,-0.056998,-1.322496,0.292519,-60.422325
3113,0.074898,-0.129939,9.923940,0.163022,-0.059193,-0.070733,-1.318243,0.290498,-60.424397
3114,0.076472,-0.139222,9.923629,0.256149,-0.050099,-0.070734,-1.311268,0.288623,-60.426720
3115,0.073535,-0.154565,9.917706,0.198202,-0.048633,-0.069209,-1.303707,0.286925,-60.429016
3116,0.073553,-0.153533,9.915415,0.176874,-0.051744,-0.081418,-1.297469,0.285195,-60.431492
3117,0.071681,-0.143939,9.911020,0.102141,-0.054854,-0.075315,-1.292831,0.283360,-60.434067
3118,0.070296,-0.144049,9.915816,-0.054992,-0.057964,-0.069213,-1.292057,0.281426,-60.436436
3119,0.068732,-0.135696,9.916370,-0.392180,-0.064125,-0.067688,-1.299521,0.279340,-60.438671
3120,0.070660,-0.118788,9.915764,-0.645437,-0.073338,-0.063111,-1.316824,0.276999,-60.440788
3121,0.070984,-0.131190,9.922185,-1.097063,-0.113069,-0.044801,-1.345875,0.273852,-60.442524
3122,0.079021,-0.178663,9.918344,-1.388478,-0.148224,-0.024965,-1.387305,0.269470,-60.443577
3123,0.079229,-0.188931,9.913914,-0.802497,-0.114715,-0.041751,-1.423826,0.265062,-60.444584
3124,0.076877,-0.166169,9.913336,-0.160052,-0.085782,-0.050908,-1.439876,0.261683,-60.446053
3125,0.081753,-0.169641,9.919578,-0.428576,-0.120938,-0.046332,-1.449693,0.258198,-60.447582
3126,0.068421,-0.179648,9.922975,-1.174717,-0.056906,-0.040229,-1.476421,0.255198,-60.448944
3127,0.055163,-0.267481,9.931133,-2.267265,0.049857,-0.063119,-1.533795,0.255035,-60.450665
3128,0.056161,-0.260835,9.930171,-2.929520,-0.008177,-0.003610,-1.620413,0.255699,-60.451790
3129,0.060591,-0.304383,9.931678,-3.356782,-0.078418,1.001974,-1.725110,0.254741,-60.435120
3130,0.054287,-0.324292,9.931129,-2.894439,-0.093727,1.931261,-1.829080,0.253383,-60.386173
3131,0.069929,-0.334427,9.920109,-2.123857,-0.209748,2.483644,-1.912393,0.250721,-60.312454
3132,0.080973,-0.260710,9.913148,-0.974821,-0.337983,2.637761,-1.963669,0.244476,-60.226852
3133,0.077667,-0.275073,9.915411,-0.442241,-0.249538,2.590456,-1.986919,0.237686,-60.139427
3134,0.074520,-0.279800,9.913799,-0.219425,-0.167194,1.626069,-1.997656,0.233184,-60.068939
3135,0.077490,-0.282793,9.910245,0.043065,-0.077221,0.678467,-2.000440,0.230453,-60.030422
3136,0.070357,-0.270704,9.910931,0.622950,0.043272,0.090984,-1.989289,0.230333,-60.017593
3137,0.069911,-0.245183,9.917009,0.873244,0.101205,-0.060084,-1.964350,0.232756,-60.017155
3138,0.074917,-0.250565,9.915908,0.517748,0.032484,-0.061612,-1.941175,0.234914,-60.019260
3139,0.078069,-0.243298,9.914622,0.330103,0.001909,-0.098236,-1.927056,0.235397,-60.021942
3140,0.080958,-0.238105,9.917072,0.159245,-0.033246,-0.086031,-1.918912,0.234771,-60.024990
3141,0.087330,-0.241923,9.919607,-0.100118,-0.066876,-0.067722,-1.917937,0.233018,-60.027496
3142,0.085389,-0.241487,9.920775,-0.212992,-0.092878,-0.055516,-1.923164,0.230288,-60.029457
3143,0.088068,-0.258101,9.917489,-0.138182,-0.083783,-0.031102,-1.929022,0.227297,-60.030800
3144,0.084116,-0.271182,9.921785,0.275377,-0.059428,-0.060097,-1.926741,0.224860,-60.032234
3145,0.080658,-0.256229,9.922531,0.913247,-0.090006,-0.090617,-1.906940,0.222287,-60.034664
3146,0.075305,-0.235603,9.924435,1.155911,-0.105321,-0.078412,-1.872465,0.218941,-60.037376
3147,0.076887,-0.214663,9.918751,0.858404,-0.079435,-0.072310,-1.838902,0.215782,-60.039780
3148,0.066757,-0.184310,9.926691,0.098552,-0.065754,-0.082993,-1.822962,0.213281,-60.042294
3149,0.070583,-0.188336,9.922914,-0.833726,-0.200087,0.032976,-1.835217,0.208825,-60.042984
3150,0.069031,-0.210966,9.919564,-1.737017,-0.218449,0.109271,-1.878054,0.201930,-60.040382
3151,0.076708,-0.249372,9.915215,-1.894143,-0.212398,0.364098,-1.938545,0.195016,-60.032265
3152,0.074200,-0.285257,9.916457,-1.118943,-0.126998,0.391564,-1.988720,0.189793,-60.019482
3153,0.079452,-0.281217,9.914013,0.059099,-0.049229,0.351888,-2.006343,0.187289,-60.006992
3154,0.077623,-0.264245,9.916230,0.471133,0.057532,0.284745,-1.997471,0.187797,-59.996395
3155,0.081577,-0.267520,9.919683,0.684802,0.087996,0.307633,-1.978173,0.190563,-59.986614
3156,0.076994,-0.246210,9.917260,0.788676,0.122960,0.042117,-1.953596,0.194277,-59.980911
3157,0.077990,-0.233263,9.918694,0.393655,0.035769,0.000911,-1.933888,0.196945,-59.980274
3158,0.077962,-0.252958,9.914884,-0.103617,-0.065158,0.031422,-1.929052,0.196473,-59.979725
3159,0.081544,-0.261264,9.915690,0.021659,-0.062325,0.010052,-1.930415,0.194373,-59.978962
3160,0.081468,-0.246837,9.915174,0.149990,-0.022872,-0.072355,-1.927558,0.192919,-59.979950
3161,0.077466,-0.247815,9.919441,0.011298,-0.047505,-0.090672,-1.924879,0.191655,-59.982632
3162,0.076453,-0.244110,9.919536,-0.031260,-0.059924,-0.107464,-1.925222,0.189755,-59.985870
3163,0.076482,-0.237824,9.919641,-0.008193,-0.052506,-0.113573,-1.925892,0.187758,-59.989491
3164,0.073451,-0.233126,9.917406,-0.003426,-0.054239,-0.095269,-1.926096,0.185863,-59.992908
3165,0.072327,-0.239772,9.918727,-0.087166,-0.077329,-0.098327,-1.927617,0.183563,-59.996063
3166,0.079790,-0.239299,9.916090,-0.149547,-0.101952,-0.093756,-1.931572,0.180469,-59.999157
3167,0.080259,-0.248012,9.917083,-0.085284,-0.085382,-0.087659,-1.935495,0.177247,-60.002075
3168,0.082281,-0.251838,9.913513,0.038479,-0.071865,-0.084614,-1.936283,0.174530,-60.004856
3169,0.081166,-0.250917,9.915177,0.227854,-0.064451,-0.133451,-1.931855,0.172137,-60.008411
3170,0.079530,-0.236404,9.914632,0.446237,-0.055508,-0.134983,-1.920634,0.169989,-60.012817
3171,0.073523,-0.237090,9.916211,0.371653,-0.025193,-0.122782,-1.907014,0.168501,-60.017063
3172,0.074943,-0.235320,9.915751,0.178043,-0.028445,-0.092269,-1.897863,0.167488,-60.020611
3173,0.078286,-0.236175,9.917622,0.097349,-0.040856,-0.086172,-1.893282,0.166236,-60.023544
3174,0.077664,-0.234095,9.917123,-0.111523,-0.048691,-0.058711,-1.893525,0.164664,-60.025913
3175,0.079218,-0.248396,9.914775,-0.308201,-0.051949,-0.048036,-1.900525,0.162929,-60.027630
3176,0.080578,-0.251396,9.914806,0.152779,-0.049105,-0.063302,-1.903121,0.161184,-60.029438
3177,0.077290,-0.278829,9.911919,0.792266,-0.070674,-0.086198,-1.887377,0.159107,-60.031868
3179,0.078379,-0.262283,9.911659,0.938865,-0.081558,-0.098411,-1.858533,0.156470,-60.034851
3180,0.079902,-0.249349,9.909728,1.128212,-0.098549,-0.101469,-1.824091,0.153363,-60.038094
3181,0.080791,-0.236064,9.909834,1.284002,-0.109436,-0.115210,-1.783896,0.149785,-60.041592
3182,0.084793,-0.214106,9.910096,1.006451,-0.115750,-0.104534,-1.745731,0.145920,-60.045139
3183,0.090597,-0.161253,9.913091,0.500070,-0.099184,-0.103014,-1.720631,0.142235,-60.048481
3184,0.080266,-0.165021,9.918455,-0.093252,-0.065825,-0.099968,-1.713859,0.139385,-60.051785
3185,0.076518,-0.180566,9.919268,-0.878863,-0.027875,-0.074032,-1.730068,0.137737,-60.054638
3186,0.076254,-0.191656,9.915071,-1.308958,-0.000602,-0.055727,-1.766536,0.137196,-60.056770
3187,0.073788,-0.210569,9.913383,-1.380481,0.000734,-0.057258,-1.811365,0.137139,-60.058670
3188,0.067230,-0.228511,9.911860,-1.387938,0.009708,-0.058789,-1.857510,0.137251,-60.060608
3189,0.076177,-0.230343,9.908291,-1.135990,0.001895,-0.051165,-1.899580,0.137385,-60.062447
3190,0.080402,-0.232127,9.908010,-0.681084,-0.024242,-0.042016,-1.929868,0.136961,-60.063980
3191,0.080303,-0.228267,9.911132,-0.387912,-0.038176,-0.048126,-1.947689,0.135870,-60.065453
3192,0.079860,-0.230142,9.910406,-0.340404,-0.044480,-0.038976,-1.959830,0.134444,-60.066845
3193,0.076559,-0.243120,9.910978,-0.190668,-0.047727,-0.055767,-1.968685,0.132854,-60.068378
3194,0.072569,-0.249132,9.910920,0.438194,-0.095219,-0.064929,-1.964564,0.130404,-60.070309
3195,0.070329,-0.218330,9.911410,1.259347,-0.125919,-0.096979,-1.936277,0.126629,-60.072884
3196,0.071492,-0.210835,9.914909,1.654799,-0.147460,-0.110719,-1.887715,0.121960,-60.076195
3197,0.075168,-0.204331,9.919781,1.726755,-0.149169,-0.125983,-1.831364,0.116890,-60.079979
3198,0.081843,-0.188697,9.923842,1.780405,-0.158516,-0.115307,-1.772919,0.111638,-60.083832
3199,0.085794,-0.173708,9.926168,1.556345,-0.114463,-0.119891,-1.717314,0.106972,-60.087612
3200,0.090217,-0.192690,9.929065,0.866856,-0.087202,-0.112267,-1.676934,0.103497,-60.091381
3201,0.088979,-0.191539,9.930726,0.516089,-0.072150,-0.109221,-1.653892,0.100735,-60.095001
3202,0.085720,-0.177430,9.926658,0.577327,-0.063197,-0.113804,-1.635674,0.098374,-60.098640
3203,0.084562,-0.170594,9.925415,0.420371,-0.066445,-0.106180,-1.619052,0.096110,-60.102245
3204,0.078931,-0.175153,9.921227,0.246625,-0.075790,-0.092451,-1.607941,0.093647,-60.105488
3205,0.076907,-0.173234,9.918294,0.252931,-0.072920,-0.093982,-1.599620,0.091082,-60.108532
3206,0.075882,-0.173395,9.914660,0.158524,-0.060891,-0.095513,-1.592767,0.088765,-60.111618
3207,0.072543,-0.174507,9.914482,0.056484,-0.067166,-0.084836,-1.589188,0.086548,-60.114571
3208,0.074121,-0.172522,9.911132,0.251998,-0.039871,-0.098573,-1.584051,0.084680,-60.117577
3209,0.075499,-0.159925,9.911247,0.398696,-0.033939,-0.097052,-1.573211,0.083361,-60.120804
3210,0.074768,-0.156466,9.908575,0.353140,-0.037164,-0.087901,-1.560685,0.082092,-60.123848
3211,0.077380,-0.154092,9.908014,0.257229,-0.054123,-0.075698,-1.550516,0.080497,-60.126534
3212,0.079776,-0.165894,9.911459,0.216240,-0.058880,-0.078754,-1.542628,0.078545,-60.129059
3213,0.076407,-0.153814,9.917274,0.314106,-0.060583,-0.072655,-1.533792,0.076487,-60.131519
3214,0.078670,-0.153418,9.917917,0.125108,-0.071439,-0.078763,-1.526475,0.074220,-60.133995
3215,0.076775,-0.160169,9.923081,-0.021173,-0.079243,-0.066560,-1.524746,0.071644,-60.136353
3216,0.078164,-0.155957,9.922374,0.093475,-0.074839,-0.075720,-1.523544,0.069014,-60.138649
3217,0.082080,-0.150547,9.919781,0.002134,-0.078068,-0.066569,-1.521953,0.066404,-60.140949
3218,0.083083,-0.159044,9.916686,-0.261642,-0.096561,-0.057418,-1.526281,0.063439,-60.142948
3219,0.081900,-0.171269,9.919343,-0.298075,-0.105897,-0.060474,-1.535611,0.060014,-60.144821
3220,0.084512,-0.168202,9.918057,-0.119357,-0.086241,-0.083368,-1.542571,0.056748,-60.147133
3221,0.080456,-0.167364,9.915813,-0.062708,-0.074211,-0.077269,-1.545608,0.054003,-60.149738
3222,0.078158,-0.165433,9.915285,-0.015210,-0.066753,-0.072695,-1.546909,0.051587,-60.152176
3223,0.077280,-0.175834,9.911438,-0.045542,-0.065394,-0.066597,-1.547923,0.049323,-60.154434
3224,0.074141,-0.164729,9.910391,-0.010258,-0.054875,-0.063549,-1.548855,0.047260,-60.156551
3225,0.072625,-0.171134,9.913873,-0.245058,-0.068765,-0.040664,-1.553112,0.045153,-60.158234
3226,0.073656,-0.192013,9.921170,-0.350180,-0.067396,-0.042194,-1.563034,0.042847,-60.159554
3227,0.076388,-0.180333,9.919747,-0.188271,-0.056874,-0.057457,-1.572009,0.040731,-60.161148
3228,0.075722,-0.161357,9.922462,-0.093469,-0.049404,-0.080351,-1.576706,0.038897,-60.163406
3229,0.078455,-0.175280,9.921098,-0.007816,-0.044989,-0.083407,-1.578396,0.037250,-60.166088
3230,0.079070,-0.166549,9.919764,0.491357,-0.029893,-0.097144,-1.570339,0.035919,-60.169075
3231,0.073148,-0.143174,9.916710,0.915792,-0.014792,-0.094097,-1.546888,0.035088,-60.172234
3232,0.071996,-0.149460,9.919716,0.862622,-0.021048,-0.095627,-1.517250,0.034407,-60.175381
3233,0.074376,-0.156861,9.919896,0.745341,-0.031881,-0.072742,-1.490453,0.033451,-60.178165
3234,0.073482,-0.143964,9.919368,0.498353,-0.038139,-0.063590,-1.469725,0.032226,-60.180397
3235,0.074158,-0.148611,9.918548,0.005691,-0.055077,-0.054438,-1.461326,0.030622,-60.182331
3236,0.078569,-0.154353,9.917556,-0.291668,-0.068968,-0.042235,-1.466093,0.028514,-60.183887
3237,0.074749,-0.147903,9.918436,-0.305204,-0.070652,-0.042239,-1.476041,0.026152,-60.185234
3238,0.074109,-0.159974,9.924959,-0.239395,-0.069278,-0.039191,-1.485119,0.023785,-60.186539
3239,0.074287,-0.161327,9.930751,0.200256,-0.052644,-0.045298,-1.485772,0.021718,-60.187893
3240,0.071890,-0.142417,9.928735,0.713170,-0.036006,-0.055984,-1.470549,0.020197,-60.189537
3241,0.075161,-0.135841,9.928177,0.708817,-0.046837,-0.063617,-1.446849,0.018766,-60.191498
3242,0.076330,-0.142912,9.928937,0.634265,-0.045463,-0.039206,-1.424465,0.017185,-60.193176
3243,0.074450,-0.123779,9.924038,0.504784,-0.053243,-0.040736,-1.405481,0.015508,-60.194458
3244,0.074649,-0.128668,9.923329,-0.041268,-0.079333,-0.033109,-1.397756,0.013269,-60.195641
3245,0.075570,-0.150652,9.922555,-0.395085,-0.099319,-0.036165,-1.405029,0.010264,-60.196720
3246,0.071704,-0.149439,9.923446,-0.298773,-0.097939,-0.045324,-1.416594,0.006944,-60.197990
3247,0.072930,-0.150932,9.922989,-0.205511,-0.096555,-0.060587,-1.424999,0.003660,-60.199680
3248,0.074186,-0.154981,9.923021,0.044920,-0.081439,-0.068221,-1.427675,0.000641,-60.201756
3249,0.072853,-0.156214,9.916735,0.310607,-0.066322,-0.078905,-1.421750,-0.001882,-60.204144
3250,0.070732,-0.143441,9.918353,0.406926,-0.063408,-0.081961,-1.409791,-0.004110,-60.206772
3251,0.068522,-0.141608,9.920237,0.356769,-0.057437,-0.085016,-1.397062,-0.006192,-60.209507
3252,0.062735,-0.135576,9.916502,0.253207,-0.054509,-0.089597,-1.386895,-0.008128,-60.212364
3253,0.060130,-0.137607,9.916219,0.047408,-0.063781,-0.094177,-1.381885,-0.010173,-60.215385
3254,0.059437,-0.134454,9.919693,-0.068363,-0.069997,-0.086551,-1.382233,-0.012474,-60.218342
3255,0.058145,-0.134722,9.918104,-0.292472,-0.083840,-0.078923,-1.388247,-0.015104,-60.221039
3256,0.062446,-0.139431,9.915301,-0.356363,-0.087003,-0.075874,-1.399060,-0.018014,-60.223549
3257,0.065493,-0.138067,9.918968,-0.267662,-0.088647,-0.068247,-1.409460,-0.020999,-60.225883
3258,0.073883,-0.138254,9.919242,-0.284246,-0.090301,-0.042310,-1.418658,-0.024026,-60.227657
3259,0.077731,-0.131309,9.919898,-0.216893,-0.091965,-0.024003,-1.427009,-0.027091,-60.228687
3260,0.081660,-0.133071,9.923589,-0.103754,-0.086006,0.006513,-1.432353,-0.030063,-60.228901
3261,0.084890,-0.143121,9.925599,-0.224091,-0.096839,0.076701,-1.437818,-0.033075,-60.227440
3262,0.087793,-0.154117,9.926280,-0.199485,-0.098520,0.154520,-1.444880,-0.036233,-60.223503
3263,0.082676,-0.152961,9.922448,0.125722,-0.084938,0.223182,-1.446113,-0.039131,-60.217133
3264,0.083958,-0.156444,9.920070,0.466188,-0.059145,0.325415,-1.436255,-0.041302,-60.207935
3265,0.085438,-0.145398,9.914527,0.786822,-0.037932,0.435278,-1.415381,-0.042604,-60.195221
3266,0.080394,-0.136300,9.914535,0.976241,-0.027397,0.626015,-1.386009,-0.043260,-60.177502
3267,0.078830,-0.133437,9.912089,0.910833,-0.042794,1.117359,-1.354581,-0.043734,-60.148438
3268,0.074662,-0.128848,9.914052,0.813378,-0.085654,2.200762,-1.325886,-0.044580,-60.093102
3269,0.072713,-0.117022,9.912904,0.650314,-0.159025,4.100537,-1.301574,-0.046246,-59.988007
3270,0.066149,-0.105833,9.916615,0.539145,-0.243069,6.757170,-1.281900,-0.048862,-59.806931
3271,0.066269,-0.106177,9.916980,0.757578,-0.325581,9.415328,-1.260526,-0.052352,-59.537254
3272,0.060230,-0.076044,9.915475,1.137782,-0.398931,11.827815,-1.229274,-0.056732,-59.183018
3273,0.063048,-0.071108,9.914671,1.142633,-0.450913,13.581100,-1.191706,-0.061951,-58.759338
3274,0.060203,-0.075223,9.916557,1.251237,-0.451011,13.860343,-1.152326,-0.067621,-58.301781
3276,0.063597,-0.074252,9.912881,1.108047,-0.458739,14.281495,-1.113583,-0.073509,-57.832546
3277,0.062099,-0.069050,9.911878,0.790893,-0.464940,14.701124,-1.082580,-0.079638,-57.349304
3278,0.067825,-0.076730,9.913084,0.733133,-0.474195,15.136009,-1.057898,-0.085987,-56.851822
3279,0.067578,-0.070084,9.915474,0.419007,-0.457513,15.714334,-1.039496,-0.092099,-56.337460
3280,0.068045,-0.070994,9.917292,-0.156053,-0.506443,17.806374,-1.036039,-0.098031,-55.778595
3281,0.063893,-0.075602,9.918794,-0.010885,-0.559946,19.941143,-1.039933,-0.104380,-55.149273
3282,0.063853,-0.080380,9.917960,0.186155,-0.587502,21.338888,-1.038305,-0.111031,-54.461052
3283,0.053643,-0.079119,9.926689,0.091741,-0.598261,21.798189,-1.035109,-0.117792,-53.741898
3284,0.052916,-0.081902,9.930057,0.722140,-0.630369,22.013344,-1.023093,-0.125147,-53.011482
3285,0.050213,-0.078223,9.930964,1.521913,-0.606014,20.949772,-0.987310,-0.133221,-52.295216
3286,0.054701,-0.067645,9.933671,1.604508,-0.537404,18.578480,-0.936783,-0.141258,-51.636200
3287,0.056943,-0.045565,9.939565,1.615401,-0.494740,16.977785,-0.884620,-0.149052,-51.043419
3288,0.062702,-0.039795,9.933390,1.707179,-0.453607,16.425398,-0.830731,-0.156529,-50.486538
3289,0.062337,-0.027258,9.929739,1.783697,-0.424683,16.312479,-0.774073,-0.163531,-49.940765
3290,0.068880,-0.020580,9.918033,1.556555,-0.420179,16.545942,-0.719999,-0.170474,-49.393002
3291,0.064947,-0.016099,9.920482,0.879258,-0.388207,16.768726,-0.681087,-0.177147,-48.837639
3292,0.060869,-0.003288,9.916281,0.102776,-0.366907,17.003717,-0.666489,-0.183084,-48.274666
3293,0.064157,-0.019086,9.911436,-0.411257,-0.371545,17.711744,-0.673506,-0.188593,-47.695984
3294,0.060026,-0.026940,9.914753,-1.105375,-0.391440,18.639507,-0.700806,-0.194021,-47.090042
3295,0.049531,-0.029419,9.921920,-1.050267,-0.418949,20.054039,-0.738947,-0.199395,-46.445042
3296,0.057682,-0.047989,9.923556,-0.848679,-0.480023,22.013327,-0.773071,-0.205132,-45.743805
3297,0.060466,-0.074072,9.930778,-0.651701,-0.528898,23.342405,-0.800827,-0.211578,-44.987736
3298,0.060148,-0.065197,9.935933,-0.692772,-0.579301,24.047384,-0.826202,-0.218845,-44.197765
3299,0.065026,-0.065723,9.930600,-0.567500,-0.597661,24.154196,-0.850332,-0.226705,-43.394238
3300,0.065587,-0.074189,9.933281,-0.896956,-0.599238,23.369869,-0.877930,-0.234712,-42.601990
3301,0.052391,-0.074377,9.925692,-0.706070,-0.599274,21.903454,-0.907793,-0.242907,-41.847252
3302,0.049416,-0.077161,9.918414,-0.408362,-0.594715,21.027571,-0.929456,-0.251340,-41.131535
3303,0.039172,-0.077676,9.922809,-0.093864,-0.602348,20.833780,-0.940940,-0.259915,-40.433636
3304,0.042121,-0.075516,9.924062,0.522773,-0.658799,21.601316,-0.937060,-0.269356,-39.726158
3305,0.042725,-0.064699,9.921396,1.177575,-0.686260,22.385643,-0.912239,-0.279972,-38.992798
3306,0.055643,-0.070047,9.920197,1.370019,-0.640485,22.023998,-0.873467,-0.290581,-38.252403
3307,0.053977,-0.059624,9.917372,1.174872,-0.582511,20.794102,-0.834733,-0.300335,-37.538567
3308,0.061548,-0.080238,9.911170,0.616535,-0.497071,18.781404,-0.808383,-0.308862,-36.878803
3309,0.056340,-0.105914,9.915233,-0.266882,-0.387216,15.860785,-0.805701,-0.315444,-36.301292
3310,0.057698,-0.120760,9.918787,-0.695616,-0.323133,13.417776,-0.824449,-0.320304,-35.813206
3311,0.045646,-0.108763,9.919866,-0.503300,-0.338387,12.735688,-0.846885,-0.324953,-35.377197
3312,0.042521,-0.106390,9.918117,-0.062235,-0.373460,13.286546,-0.858793,-0.330366,-34.943371
3313,0.044856,-0.100074,9.916216,0.581791,-0.394798,14.211257,-0.852801,-0.336338,-34.484928
3314,0.037276,-0.086739,9.913276,0.931333,-0.417655,15.482352,-0.830516,-0.342628,-33.989891
3315,0.041437,-0.083985,9.912983,0.685776,-0.452714,17.345507,-0.806869,-0.349326,-33.442616
3316,0.046267,-0.073969,9.917506,0.258637,-0.495409,19.306320,-0.794892,-0.356574,-32.831589
3317,0.057463,-0.074993,9.923616,0.154997,-0.539643,20.774261,-0.792203,-0.364550,-32.163410
3318,0.058063,-0.079259,9.927855,-0.027997,-0.560997,21.297651,-0.794602,-0.373177,-31.462038
3319,0.066940,-0.081289,9.929467,0.068246,-0.564046,21.254927,-0.798607,-0.382056,-30.752651
3320,0.064843,-0.085172,9.929076,0.236202,-0.559469,20.641504,-0.798245,-0.391054,-30.054193
3321,0.053166,-0.106293,9.919634,0.391930,-0.521305,19.472643,-0.792393,-0.399793,-29.385447
3322,0.046893,-0.104428,9.920601,0.152422,-0.493803,18.744778,-0.787811,-0.407935,-28.748329
3323,0.041303,-0.091493,9.921554,0.033474,-0.483072,18.172556,-0.789136,-0.415737,-28.132881
3324,0.039233,-0.086200,9.918490,-0.201427,-0.476909,18.039801,-0.796356,-0.423380,-27.529177
3325,0.037296,-0.077963,9.920124,-0.338654,-0.472264,17.903994,-0.809824,-0.430791,-26.929953
3326,0.047145,-0.074145,9.923427,-0.326325,-0.475255,17.852112,-0.825426,-0.438071,-26.333851
3327,0.049703,-0.079838,9.917703,-0.130882,-0.475204,17.496572,-0.837590,-0.445361,-25.744539
3328,0.051885,-0.077727,9.913881,-0.002579,-0.487362,17.783445,-0.844424,-0.452779,-25.156363
3329,0.043968,-0.086256,9.914240,-0.023820,-0.502564,17.986393,-0.849617,-0.460469,-24.560020
3330,0.043405,-0.094895,9.911839,0.055636,-0.519281,18.581505,-0.854029,-0.468436,-23.950373
3331,0.040792,-0.099233,9.914454,0.183911,-0.558881,19.666437,-0.855297,-0.476898,-23.312702
3332,0.034743,-0.094929,9.914092,0.295402,-0.593892,20.986362,-0.853005,-0.486014,-22.634947
3333,0.034904,-0.089571,9.914324,0.303138,-0.627370,22.025518,-0.849173,-0.495722,-21.917862
3334,0.040357,-0.084005,9.913084,0.431433,-0.636434,22.757963,-0.843455,-0.505758,-21.171246
3335,0.040890,-0.065816,9.916547,0.503288,-0.625664,22.643520,-0.834624,-0.515716,-20.414328
3336,0.043795,-0.054562,9.920308,0.389008,-0.608790,22.242199,-0.826551,-0.525448,-19.666019
3337,0.044952,-0.079775,9.923039,0.224356,-0.590390,22.083504,-0.823166,-0.534791,-18.927048
3338,0.042957,-0.095785,9.919065,0.250403,-0.588772,22.350542,-0.822225,-0.543799,-18.186270
3339,0.043794,-0.097964,9.921374,0.276432,-0.585624,22.434469,-0.820588,-0.552671,-17.439651
3340,0.039634,-0.124935,9.920398,0.181883,-0.580944,22.330704,-0.820205,-0.561430,-16.693363
3341,0.037173,-0.143041,9.917503,0.122388,-0.593040,22.750338,-0.822556,-0.570218,-15.941805
3342,0.036141,-0.129559,9.917693,0.172755,-0.606654,23.002115,-0.825288,-0.579243,-15.179052
3343,0.031622,-0.136135,9.921723,0.154462,-0.597373,22.828163,-0.827620,-0.588292,-14.415003
3344,0.025812,-0.126336,9.924367,0.227730,-0.614019,23.017380,-0.829159,-0.597432,-13.650696
3345,0.026851,-0.101849,9.928185,0.214053,-0.633709,23.617067,-0.829968,-0.606976,-12.873230
3346,0.028220,-0.095548,9.926749,0.209561,-0.633561,23.350033,-0.831270,-0.616746,-12.090215
3347,0.026144,-0.089559,9.923444,0.308807,-0.616683,22.518406,-0.830928,-0.626492,-11.325512
3348,0.021478,-0.063240,9.921972,0.557565,-0.595279,21.215263,-0.824523,-0.636165,-10.596393
3349,0.025514,-0.062162,9.915174,0.803278,-0.564720,19.971636,-0.809525,-0.645723,-9.909723
3350,0.021093,-0.066588,9.910043,0.971166,-0.532633,18.737162,-0.787277,-0.655035,-9.264369
3351,0.017464,-0.065600,9.911421,1.036815,-0.505122,18.474703,-0.760953,-0.663960,-8.643974
3352,0.018493,-0.068099,9.917471,0.638582,-0.503550,18.546421,-0.740228,-0.672690,-8.026765
3353,0.028833,-0.079303,9.918046,0.132001,-0.503505,18.760052,-0.734735,-0.681452,-7.404804
3354,0.029938,-0.091605,9.920023,-0.495133,-0.512618,19.046926,-0.748332,-0.690208,-6.774494
3355,0.035076,-0.088841,9.918422,-0.894907,-0.540044,19.698496,-0.779331,-0.699113,-6.128535
3356,0.036555,-0.093109,9.919785,-1.294679,-0.582729,20.122704,-0.823979,-0.708521,-5.464624
3357,0.033579,-0.117507,9.917256,-1.157330,-0.611679,20.464512,-0.873272,-0.718388,-4.787922
3358,0.029652,-0.143777,9.916041,-0.803307,-0.625369,20.501135,-0.914573,-0.728359,-4.104895
3359,0.027753,-0.137060,9.916473,-0.343997,-0.610063,19.962482,-0.942328,-0.738036,-3.430226
3360,0.028662,-0.150543,9.916521,-0.105945,-0.576445,18.621197,-0.958165,-0.747166,-2.786896
3361,0.029470,-0.159123,9.918845,0.220607,-0.498575,16.223969,-0.963872,-0.755350,-2.205894
3362,0.034528,-0.152970,9.919525,0.554791,-0.400868,12.978324,-0.957397,-0.762193,-1.718975
3363,0.033067,-0.126344,9.919919,0.795899,-0.326051,9.824238,-0.939963,-0.768029,-1.338757
3364,0.033769,-0.115630,9.918943,0.745565,-0.268018,6.693039,-0.917978,-0.773477,-1.063322
3365,0.031324,-0.105309,9.920442,0.515175,-0.199303,4.004359,-0.899383,-0.778442,-0.884916
3366,0.029007,-0.093024,9.919407,0.194758,-0.159579,1.971827,-0.888909,-0.782870,-0.785222
3367,0.028700,-0.080051,9.911177,-0.179060,-0.147320,0.656480,-0.889250,-0.787304,-0.741339
3368,0.031905,-0.083674,9.917027,-0.676478,-0.139640,-0.017979,-0.903657,-0.791918,-0.730623
3369,0.031650,-0.109389,9.918408,-0.943486,-0.136537,-0.230083,-0.930600,-0.796586,-0.734683
3370,0.030174,-0.123501,9.918174,-0.627599,-0.134960,-0.266704,-0.956671,-0.801246,-0.742888
3371,0.034226,-0.120870,9.917276,-0.124023,-0.127280,-0.242288,-0.969080,-0.805758,-0.751297
3372,0.033365,-0.128851,9.926800,0.358189,-0.115021,-0.252970,-0.965062,-0.809935,-0.759483
3373,0.028071,-0.123163,9.922472,1.221883,-0.137858,-0.306376,-0.938596,-0.814304,-0.768735
3374,0.028163,-0.087893,9.923115,1.978770,-0.160692,-0.384199,-0.885089,-0.819462,-0.780166
3375,0.029094,-0.066535,9.929227,2.058157,-0.183527,-0.471176,-0.817603,-0.825410,-0.794337
3376,0.022363,-0.049431,9.930390,1.902555,-0.186523,-0.553575,-0.751346,-0.831811,-0.811332
3377,0.024549,-0.044144,9.931623,1.286125,-0.172732,-0.555101,-0.697933,-0.838032,-0.829734
3379,0.027912,-0.051596,9.938691,0.280577,-0.131475,-0.491012,-0.671566,-0.843311,-0.847109
3380,0.028415,-0.091013,9.942527,-0.435059,-0.090219,-0.404033,-0.673921,-0.847182,-0.861984
3381,0.031200,-0.086467,9.935940,-0.418261,-0.062696,-0.349100,-0.687958,-0.849880,-0.874506
3382,0.035861,-0.108044,9.933062,-0.409095,-0.064167,-0.304848,-0.701586,-0.852127,-0.885380
3383,0.035303,-0.090044,9.929033,0.164662,-0.088528,-0.272803,-0.705517,-0.854790,-0.894976
3384,0.035755,-0.084127,9.925051,0.341687,-0.094578,-0.245336,-0.696949,-0.857947,-0.903575
3385,0.030849,-0.059951,9.917193,0.302036,-0.103678,-0.234653,-0.686101,-0.861347,-0.911535
3386,0.029674,-0.064146,9.919713,0.083857,-0.105147,-0.184298,-0.679565,-0.864910,-0.918476
3387,0.031166,-0.042355,9.919569,-0.035134,-0.089830,-0.140046,-0.678671,-0.868224,-0.923844
3388,0.025999,-0.049440,9.919009,-0.563069,-0.068409,-0.129365,-0.688574,-0.870915,-0.928303
3389,0.024703,-0.030635,9.915567,-0.701891,-0.077504,-0.106475,-0.709597,-0.873395,-0.932204
3390,0.031409,-0.045473,9.922472,-0.901747,-0.071341,-0.069853,-0.736280,-0.875912,-0.935111
3391,0.033578,-0.061851,9.921103,-0.979535,-0.081965,-0.054593,-0.767603,-0.878494,-0.937152
3392,0.032081,-0.083177,9.921126,-0.878796,-0.104797,-0.051541,-0.798549,-0.881631,-0.938879
3393,0.031255,-0.095972,9.924516,-0.462196,-0.119998,-0.031704,-0.820879,-0.885397,-0.940213
3394,0.030957,-0.140971,9.931243,-0.501859,-0.104680,-0.036280,-0.836929,-0.889158,-0.941292
3395,0.029832,-0.135537,9.929041,-0.323324,-0.096991,-0.051539,-0.850660,-0.892540,-0.942706
3396,0.026363,-0.134798,9.927771,-0.279067,-0.092353,-0.062220,-0.860671,-0.895724,-0.944555
3397,0.025921,-0.142221,9.932600,-0.373669,-0.069402,-0.063745,-0.871518,-0.898451,-0.946614
3398,0.032214,-0.122481,9.925559,-0.523202,-0.051030,-0.069847,-0.886432,-0.900492,-0.948810
3399,0.031815,-0.105767,9.920090,-0.240887,-0.047919,-0.074425,-0.899129,-0.902178,-0.951189
3400,0.028991,-0.107580,9.918114,-0.103530,-0.052436,-0.066795,-0.904833,-0.903888,-0.953516
3401,0.028413,-0.112918,9.921972,-0.065361,-0.040167,-0.065268,-0.907613,-0.905466,-0.955693
3402,0.029731,-0.104340,9.913421,-0.007352,-0.052314,-0.065268,-0.908791,-0.907042,-0.957844
3403,0.027389,-0.117356,9.922566,-0.028694,-0.050726,-0.079000,-0.909354,-0.908797,-0.960221
3404,0.032218,-0.118553,9.921331,-0.046986,-0.056768,-0.085103,-0.910572,-0.910632,-0.962928
3405,0.033253,-0.119783,9.925691,-0.066804,-0.056707,-0.092733,-0.912422,-0.912570,-0.965861
3406,0.032133,-0.120305,9.920610,-0.068312,-0.065803,-0.104939,-0.914622,-0.914664,-0.969123
3407,0.030303,-0.121017,9.923593,-0.066767,-0.068794,-0.103412,-0.916818,-0.916962,-0.972560
3408,0.028787,-0.122569,9.922122,-0.042336,-0.080939,-0.086627,-0.918587,-0.919508,-0.975688
3409,0.024439,-0.122520,9.924453,-0.031636,-0.082401,-0.077470,-0.919776,-0.922274,-0.978379
3410,0.022388,-0.119895,9.922723,-0.028567,-0.093018,-0.080521,-0.920738,-0.925240,-0.980965
3411,0.025928,-0.118760,9.925556,-0.036177,-0.092952,-0.069840,-0.921777,-0.928379,-0.983421
3412,0.026517,-0.119091,9.926652,-0.031579,-0.085258,-0.063735,-0.922871,-0.931385,-0.985600
3413,0.026248,-0.122607,9.923763,-0.048345,-0.083667,-0.066786,-0.924169,-0.934235,-0.987730
3414,0.028984,-0.120580,9.923206,-0.045276,-0.085129,-0.069837,-0.925693,-0.937084,-0.989961
3415,0.031634,-0.121808,9.923498,-0.034575,-0.082013,-0.063733,-0.926988,-0.939906,-0.992142
3416,0.028250,-0.119547,9.923190,-0.023874,-0.081949,-0.051524,-0.927931,-0.942669,-0.994019
3417,0.029521,-0.116032,9.923084,-0.020803,-0.083411,-0.063732,-0.928645,-0.945456,-0.995896
3418,0.032852,-0.115494,9.924348,-0.000944,-0.089451,-0.057627,-0.928975,-0.948370,-0.997871
3419,0.031394,-0.114472,9.924681,0.003656,-0.084810,-0.060678,-0.928898,-0.951306,-0.999796
3420,0.031481,-0.118558,9.922643,0.000626,-0.075590,-0.053049,-0.928795,-0.954009,-1.001648
3421,0.033635,-0.119093,9.923407,0.002172,-0.077052,-0.072885,-0.928714,-0.956587,-1.003706
3422,0.033508,-0.127704,9.924026,0.003716,-0.089197,-0.083566,-0.928574,-0.959400,-1.006269
3423,0.032323,-0.129235,9.924611,-0.008477,-0.084554,-0.097298,-0.928603,-0.962344,-1.009236
3424,0.033590,-0.133521,9.924042,-0.013040,-0.095171,-0.103401,-0.928906,-0.965393,-1.012533
3425,0.031610,-0.127634,9.922546,-0.013025,-0.096633,-0.118659,-0.929279,-0.968650,-1.016182
3426,0.029110,-0.119194,9.921397,-0.013007,-0.095041,-0.106451,-0.929650,-0.971905,-1.019882
3427,0.030730,-0.114742,9.921055,-0.008409,-0.091923,-0.095768,-0.929951,-0.975075,-1.023202
3428,0.031186,-0.112296,9.920214,0.000770,-0.093383,-0.095768,-0.930025,-0.978215,-1.026344
3429,0.029890,-0.110366,9.916692,0.005372,-0.085686,-0.094241,-0.929869,-0.981250,-1.029462
3430,0.032466,-0.115547,9.917714,-0.006813,-0.091724,-0.088137,-0.929842,-0.984256,-1.032454
3431,0.039994,-0.117357,9.921229,-0.002214,-0.090133,-0.095767,-0.929940,-0.987337,-1.035470
3432,0.035332,-0.114678,9.917644,-0.003717,-0.082439,-0.094239,-0.929985,-0.990264,-1.038590
3433,0.031437,-0.111024,9.918167,-0.000643,-0.076269,-0.095766,-0.930004,-0.992960,-1.041714
3434,0.034141,-0.106035,9.925435,-0.005194,-0.065521,-0.092713,-0.930047,-0.995374,-1.044817
3435,0.026740,-0.101047,9.926735,0.003988,-0.066979,-0.083556,-0.930017,-0.997629,-1.047719
3436,0.019899,-0.106663,9.924455,0.013172,-0.059277,-0.086608,-0.929682,-0.999780,-1.050521
3437,0.025266,-0.111749,9.931553,0.014722,-0.050049,-0.082029,-0.929169,-1.001647,-1.053302
3438,0.025432,-0.112809,9.929269,-0.008110,-0.054449,-0.082027,-0.929011,-1.003433,-1.056008
3439,0.022190,-0.116162,9.924518,0.001136,-0.058738,-0.074394,-0.929082,-1.005361,-1.058585
3440,0.031139,-0.119845,9.922641,0.008848,-0.038618,-0.080495,-0.928871,-1.007025,-1.061140
3441,0.033916,-0.120611,9.921969,-0.012436,-0.042923,-0.082018,-0.928883,-1.008428,-1.063826
3442,0.027857,-0.121792,9.919332,-0.007783,-0.059432,-0.085067,-0.929172,-1.010179,-1.066583
3443,0.031199,-0.128253,9.918323,0.001442,-0.056100,-0.075907,-0.929231,-1.012148,-1.069235
3444,0.034044,-0.130379,9.922717,0.015236,-0.063456,-0.082008,-0.928907,-1.014183,-1.071835
3445,0.028184,-0.127896,9.927787,0.022926,-0.078437,-0.085056,-0.928222,-1.016592,-1.074581
3446,0.025915,-0.125863,9.925090,0.042829,-0.084255,-0.072845,-0.927080,-1.019346,-1.077169
3447,0.031841,-0.114910,9.927462,0.047485,-0.080919,-0.066739,-0.925534,-1.022136,-1.079451
3448,0.028017,-0.115335,9.927032,0.050624,-0.085214,-0.069788,-0.923859,-1.024942,-1.081682
3449,0.025701,-0.107501,9.921910,0.038510,-0.086451,-0.063681,-0.922335,-1.027838,-1.083860
3450,0.032895,-0.105862,9.920109,0.037086,-0.087691,-0.063678,-0.921037,-1.030774,-1.085936
3451,0.033271,-0.104880,9.926500,0.044821,-0.091989,-0.078934,-0.919630,-1.033807,-1.088265
3452,0.028893,-0.112678,9.921740,0.051022,-0.088653,-0.086562,-0.917984,-1.036861,-1.090975
3453,0.033781,-0.109914,9.920858,0.054165,-0.089894,-0.080455,-0.916181,-1.039881,-1.093711
3454,0.032561,-0.111083,9.923491,0.037473,-0.086560,-0.086556,-0.914604,-1.042866,-1.096448
3455,0.029201,-0.123282,9.918999,0.031450,-0.084747,-0.075871,-0.913407,-1.045764,-1.099109
3456,0.036069,-0.121088,9.914298,0.023889,-0.082936,-0.075867,-0.912439,-1.048599,-1.101594
3457,0.037706,-0.120112,9.916253,0.025487,-0.087235,-0.066709,-0.911574,-1.051473,-1.103925
3458,0.036136,-0.120945,9.917913,0.019455,-0.083905,-0.069758,-0.910784,-1.054361,-1.106155
3459,0.040338,-0.126128,9.914145,0.027150,-0.066842,-0.066703,-0.909966,-1.056909,-1.108389
3460,0.034572,-0.117274,9.914623,0.016538,-0.075718,-0.091114,-0.909190,-1.059326,-1.110982
3461,0.022412,-0.124588,9.917192,0.008979,-0.063213,-0.080429,-0.908712,-1.061687,-1.113804
3462,0.024443,-0.123621,9.916744,-0.016898,-0.053749,-0.080426,-0.908795,-1.063679,-1.116454
3463,0.027063,-0.120558,9.914856,-0.007674,-0.053444,-0.081948,-0.909155,-1.065508,-1.119132
3464,0.027385,-0.127989,9.916446,0.001544,-0.074505,-0.077366,-0.909208,-1.067682,-1.121754
3465,0.035921,-0.134543,9.921315,0.013803,-0.063529,-0.065156,-0.908909,-1.070020,-1.124093
3466,0.044211,-0.130927,9.916276,0.015376,-0.070879,-0.063626,-0.908383,-1.072294,-1.126204
3467,0.045975,-0.138968,9.926810,0.019996,-0.073661,-0.069726,-0.907753,-1.074738,-1.128388
3468,0.043596,-0.135843,9.930857,0.018509,-0.064233,-0.078878,-0.907065,-1.077075,-1.130829
3469,0.042623,-0.126665,9.931179,0.010930,-0.047172,-0.080400,-0.906525,-1.078974,-1.133454
3470,0.035132,-0.119613,9.928255,0.009469,-0.045362,-0.088027,-0.906133,-1.080560,-1.136237
3471,0.031371,-0.124344,9.927716,0.008010,-0.049644,-0.092602,-0.905785,-1.082191,-1.139223
3472,0.025361,-0.118498,9.914459,0.023338,-0.058494,-0.091072,-0.905205,-1.084041,-1.142256
3473,0.026359,-0.119076,9.912310,0.011204,-0.067338,-0.074284,-0.904578,-1.086182,-1.144979
3474,0.022534,-0.121927,9.914416,0.011273,-0.088386,-0.080383,-0.904155,-1.088818,-1.147516
3475,0.026617,-0.118849,9.910748,0.022024,-0.095701,-0.066646,-0.903555,-1.091924,-1.149918
3476,0.026828,-0.118368,9.912316,0.023623,-0.092337,-0.063591,-0.902753,-1.095092,-1.152039
3477,0.023768,-0.119205,9.917685,0.017592,-0.076762,-0.065113,-0.902026,-1.097943,-1.154140
3478,0.025535,-0.127883,9.920026,0.039016,-0.067288,-0.059005,-0.901043,-1.100376,-1.156171
3479,0.029861,-0.125726,9.917088,0.043651,-0.059346,-0.055949,-0.899630,-1.102517,-1.158054
3480,0.030502,-0.130473,9.918918,0.022341,-0.055985,-0.077309,-0.898488,-1.104474,-1.160245
3482,0.029081,-0.129006,9.916238,0.020865,-0.051097,-0.065098,-0.897722,-1.106296,-1.162590
3483,0.034703,-0.130280,9.918391,0.022441,-0.066049,-0.066620,-0.896959,-1.108282,-1.164755
3484,0.030299,-0.124657,9.919022,0.020968,-0.077950,-0.087979,-0.896186,-1.110722,-1.167295
3485,0.028949,-0.126517,9.923099,0.019499,-0.070008,-0.083397,-0.895457,-1.113232,-1.170112
3486,0.026475,-0.123059,9.925094,0.027188,-0.066638,-0.066607,-0.894631,-1.115549,-1.172577
3487,0.029837,-0.117507,9.927672,0.033359,-0.063269,-0.077286,-0.893576,-1.117751,-1.174942
3488,0.030496,-0.113998,9.928399,0.038012,-0.049222,-0.069652,-0.892339,-1.119664,-1.177361
3489,0.030013,-0.111463,9.926095,0.022833,-0.041277,-0.074227,-0.891278,-1.121209,-1.179736
3490,0.029070,-0.110680,9.924148,0.022917,-0.054693,-0.084906,-0.890464,-1.122850,-1.182364
3491,0.032177,-0.113159,9.927343,0.032154,-0.051327,-0.084902,-0.889492,-1.124660,-1.185167
3492,0.030309,-0.116802,9.927438,0.029178,-0.061694,-0.077269,-0.888417,-1.126586,-1.187841
3493,0.024560,-0.113561,9.923832,0.024675,-0.069002,-0.089473,-0.887465,-1.128807,-1.190586
3494,0.028872,-0.113477,9.924030,0.035435,-0.073255,-0.083366,-0.886407,-1.131222,-1.193430
3495,0.028119,-0.114053,9.927031,0.037038,-0.060725,-0.074207,-0.885148,-1.133495,-1.196022
3496,0.027113,-0.115032,9.922797,0.032534,-0.060401,-0.078781,-0.883939,-1.135553,-1.198541
3497,0.033595,-0.118034,9.925211,0.032604,-0.057029,-0.084881,-0.882800,-1.137552,-1.201239
3498,0.039422,-0.118999,9.920981,0.034195,-0.056721,-0.072670,-0.881635,-1.139488,-1.203835
3499,0.035798,-0.119864,9.923810,0.032735,-0.053363,-0.072666,-0.880472,-1.141360,-1.206230
3500,0.037771,-0.117079,9.917091,0.040429,-0.063734,-0.066560,-0.879207,-1.143347,-1.208520
3501,0.035798,-0.114316,9.918254,0.045078,-0.066477,-0.071135,-0.877736,-1.145552,-1.210782
3502,0.029898,-0.113606,9.919351,0.051255,-0.050898,-0.075708,-0.876082,-1.147546,-1.213200
3503,0.031721,-0.117398,9.921441,0.048274,-0.049050,-0.081809,-0.874371,-1.149251,-1.215800
3504,0.031791,-0.121996,9.912536,0.040704,-0.054832,-0.084857,-0.872833,-1.151025,-1.218552
3505,0.032113,-0.119544,9.912777,0.039237,-0.036199,-0.090957,-0.871443,-1.152587,-1.221459
3506,0.033071,-0.121722,9.914968,0.027088,-0.038930,-0.086376,-0.870278,-1.153883,-1.224396
3507,0.032904,-0.119275,9.915923,0.030198,-0.050817,-0.078742,-0.869268,-1.155421,-1.227125
3508,0.027447,-0.121834,9.914384,0.025678,-0.045912,-0.077212,-0.868285,-1.157072,-1.229700
3509,0.030868,-0.121510,9.918060,0.036415,-0.037953,-0.081786,-0.867197,-1.158510,-1.232329
3510,0.026685,-0.131363,9.918489,0.031883,-0.040675,-0.084834,-0.866003,-1.159862,-1.235087
3511,0.026463,-0.130683,9.916556,0.030393,-0.028131,-0.089408,-0.864906,-1.161053,-1.237974
3512,0.028817,-0.132640,9.913109,0.021272,-0.023221,-0.101611,-0.863981,-1.161957,-1.241145
3513,0.032272,-0.132796,9.914739,0.015202,-0.024418,-0.110763,-0.863302,-1.162804,-1.244673
3514,0.029668,-0.122805,9.919368,0.012192,-0.017987,-0.090920,-0.862777,-1.163561,-1.248024
3515,0.034443,-0.121086,9.919088,0.003089,-0.017661,-0.100073,-0.862458,-1.164203,-1.251198
3516,0.037359,-0.124517,9.919752,0.009244,-0.018868,-0.086336,-0.862189,-1.164859,-1.254296
3517,0.036686,-0.120102,9.920573,0.007770,-0.020077,-0.072598,-0.861852,-1.165547,-1.256936
3518,0.032948,-0.118197,9.920259,0.012406,-0.028911,-0.061914,-0.861470,-1.166398,-1.259166
3519,0.033576,-0.128198,9.919692,0.017034,-0.036216,-0.072591,-0.860934,-1.167517,-1.261391
3520,0.033369,-0.126772,9.924505,0.017075,-0.037418,-0.066484,-0.860319,-1.168779,-1.263691
3521,0.034634,-0.123948,9.925486,0.012544,-0.037094,-0.068006,-0.859780,-1.170054,-1.265914
3522,0.034000,-0.124117,9.919569,0.012591,-0.035244,-0.077157,-0.859312,-1.171296,-1.268315
3523,0.035722,-0.125262,9.917555,0.024845,-0.022714,-0.087835,-0.858632,-1.172303,-1.271051
3524,0.034914,-0.125639,9.915733,0.035570,-0.030021,-0.090882,-0.857565,-1.173226,-1.274017
3525,0.032911,-0.125579,9.913166,0.041718,-0.031221,-0.087827,-0.856216,-1.174291,-1.276980
3526,0.029136,-0.127529,9.910812,0.050916,-0.035468,-0.084771,-0.854613,-1.175446,-1.279841
3527,0.030141,-0.130017,9.918549,0.052478,-0.032081,-0.077137,-0.852835,-1.176612,-1.282523
3528,0.031855,-0.126014,9.920499,0.054043,-0.042431,-0.072555,-0.851009,-1.177891,-1.284999
3529,0.031909,-0.122282,9.921454,0.035777,-0.028366,-0.063395,-0.849465,-1.179104,-1.287248
3530,0.033875,-0.127122,9.922948,0.038873,-0.029562,-0.058813,-0.848179,-1.180099,-1.289271
3531,0.031408,-0.125517,9.926273,0.057224,-0.023128,-0.072542,-0.846533,-1.181010,-1.291447
3532,0.035325,-0.129065,9.924063,0.078624,-0.031955,-0.086273,-0.844214,-1.181967,-1.294081
3533,0.030923,-0.135060,9.927732,0.100015,-0.028573,-0.074060,-0.841182,-1.183015,-1.296738
3534,0.028274,-0.138861,9.923838,0.113765,-0.035866,-0.078633,-0.837567,-1.184126,-1.299268
3535,0.027530,-0.136320,9.923096,0.078684,-0.033999,-0.081681,-0.834305,-1.185329,-1.301923
3536,0.028931,-0.135872,9.916733,0.049708,-0.048917,-0.074047,-0.832112,-1.186749,-1.304499
3537,0.025086,-0.134438,9.915937,0.000897,-0.045522,-0.074042,-0.831217,-1.188359,-1.306944
3538,0.028382,-0.125793,9.911518,-0.006707,-0.051282,-0.084719,-0.831260,-1.190010,-1.309567
3539,0.031199,-0.115943,9.914439,-0.005136,-0.047891,-0.092345,-0.831396,-1.191706,-1.312495
3540,0.029054,-0.108419,9.914503,-0.031016,-0.053656,-0.093866,-0.831935,-1.193443,-1.315574
3541,0.028489,-0.106192,9.918344,-0.098087,-0.042632,-0.087760,-0.834024,-1.195092,-1.318578
3542,0.027847,-0.098901,9.914097,-0.242970,-0.040762,-0.063340,-0.839656,-1.196518,-1.321076
3543,0.029066,-0.095940,9.918209,-0.375633,-0.029737,-0.032819,-0.849933,-1.197717,-1.322662
3544,0.026338,-0.088782,9.917420,-0.378582,-0.020236,0.008384,-0.862495,-1.198556,-1.323057
3545,0.028769,-0.102218,9.920026,-0.366273,-0.013785,0.035854,-0.874925,-1.199112,-1.322311
3546,0.026188,-0.105530,9.919384,-0.099147,-0.014965,-0.000766,-0.882694,-1.199582,-1.321718
3547,0.025369,-0.112490,9.924929,0.370922,-0.020719,-0.055695,-0.878145,-1.200191,-1.322650
3548,0.025667,-0.117483,9.925790,0.717379,-0.041731,-0.119780,-0.859946,-1.201276,-1.325559
3549,0.028033,-0.127884,9.929955,0.851715,-0.058167,-0.208280,-0.833680,-1.203022,-1.331003
3550,0.027150,-0.119557,9.924737,1.022663,-0.057820,-0.310513,-0.802259,-1.205078,-1.339623
3551,0.028496,-0.104172,9.924364,0.966260,-0.069680,-0.380701,-0.768869,-1.207361,-1.351116
3552,0.029473,-0.095435,9.922795,0.461249,-0.076962,-0.463098,-0.744781,-1.209991,-1.365148
3553,0.026390,-0.101694,9.918175,-0.089548,-0.062880,-0.577539,-0.738220,-1.212547,-1.382465
3554,0.028074,-0.116345,9.915467,-0.417585,-0.051848,-0.777432,-0.746194,-1.214752,-1.405026
3555,0.027486,-0.109599,9.916405,-0.663229,-0.065230,-1.088717,-0.763548,-1.217113,-1.436107
3556,0.036334,-0.138318,9.912776,-1.249171,-0.000797,-2.860311,-0.794022,-1.219108,-1.501918
3557,0.040471,-0.150811,9.912398,-1.282761,0.171964,-7.720379,-0.832469,-1.218757,-1.678325
3558,0.040977,-0.138908,9.915633,-0.821939,0.288262,-10.955337,-0.860933,-1.215673,-1.989735
3559,0.041851,-0.107236,9.915455,-0.641835,0.404558,-14.525998,-0.876334,-1.210547,-2.414641
3560,0.042016,-0.147133,9.918202,-0.676886,0.534586,-18.201948,-0.886818,-1.203277,-2.960393
3561,0.038205,-0.137970,9.924257,-0.068022,0.565429,-19.070196,-0.886229,-1.194552,-3.581924
3562,0.036207,-0.125659,9.926121,0.505767,0.472676,-16.032072,-0.866774,-1.186174,-4.167266
3563,0.036804,-0.137553,9.921218,0.519539,0.425698,-14.673995,-0.839119,-1.178795,-4.679295
3564,0.035533,-0.171121,9.917418,0.638549,0.363460,-13.242671,-0.810267,-1.172339,-5.144803
3565,0.035394,-0.141812,9.914936,0.931500,0.292065,-11.455807,-0.775692,-1.167106,-5.556635
3566,0.034887,-0.132851,9.916352,0.608004,0.289336,-12.098218,-0.742049,-1.162604,-5.949373
3567,0.033051,-0.132520,9.918729,0.153275,0.327806,-13.849976,-0.720600,-1.157849,-6.382021
3568,0.032839,-0.126238,9.918951,0.017464,0.335760,-14.777735,-0.708130,-1.152755,-6.859341
3569,0.034954,-0.111959,9.924740,0.012894,0.348286,-15.374368,-0.697533,-1.147525,-7.362070
3570,0.034369,-0.100650,9.929403,-0.034378,0.389803,-16.297550,-0.687343,-1.141604,-7.890139
3571,0.031771,-0.119559,9.928556,0.221996,0.411484,-16.585945,-0.673325,-1.134759,-8.438411
3572,0.034393,-0.122681,9.924273,0.763693,0.396541,-16.672920,-0.645951,-1.127665,-8.992939
3573,0.036626,-0.109035,9.922234,1.158904,0.421264,-17.634247,-0.602687,-1.120244,-9.564933
3574,0.030455,-0.102421,9.919696,1.271828,0.436833,-18.334646,-0.550495,-1.111962,-10.164626
3575,0.034721,-0.089312,9.918538,1.689939,0.408150,-18.565056,-0.489240,-1.103457,-10.779820
3576,0.040225,-0.033720,9.914532,1.993652,0.367247,-18.073709,-0.416126,-1.095340,-11.390642
3577,0.039393,-0.029174,9.918000,1.593950,0.340071,-17.631189,-0.344995,-1.087489,-11.985879
3578,0.043094,-0.034182,9.924105,1.114875,0.331199,-17.513691,-0.288769,-1.079556,-12.571768
3579,0.050779,-0.025778,9.923260,0.873827,0.342151,-18.456715,-0.244370,-1.071144,-13.171409
3580,0.049874,-0.027439,9.921079,0.268072,0.389716,-19.683556,-0.213507,-1.061499,-13.807216
3581,0.046821,-0.060644,9.924355,-0.333151,0.438809,-21.333082,-0.201993,-1.050199,-14.490964
3582,0.043684,-0.043702,9.925824,-0.334708,0.483326,-23.039064,-0.199649,-1.037452,-15.230640
3583,0.037787,-0.036694,9.928954,-0.461370,0.497328,-24.099581,-0.198783,-1.023839,-16.016426
3585,0.036041,-0.029297,9.926375,-0.996967,0.551008,-25.582779,-0.208394,-1.009315,-16.844608
3586,0.034519,-0.043965,9.929996,-1.161770,0.589428,-26.805046,-0.229109,-0.993672,-17.717888
3587,0.034388,-0.051186,9.929528,-1.006144,0.589695,-26.689072,-0.249899,-0.977755,-18.609606
3588,0.038744,-0.086147,9.927641,-1.222877,0.605213,-26.971365,-0.271908,-0.961904,-19.504101
3589,0.044146,-0.091539,9.924015,-1.110042,0.651234,-28.363010,-0.295435,-0.945543,-20.426500
3590,0.044753,-0.111990,9.926966,-0.663048,0.660621,-28.791790,-0.309404,-0.928697,-21.379234
3591,0.047764,-0.111477,9.925452,-0.258792,0.650164,-28.816204,-0.309342,-0.912004,-22.339523
3592,0.049528,-0.089119,9.922420,0.069193,0.648851,-29.446405,-0.297182,-0.895466,-23.310715
3593,0.055471,-0.069794,9.923688,0.293453,0.649051,-29.295341,-0.275977,-0.878709,-24.289879
3594,0.053292,-0.069363,9.924732,0.684050,0.612620,-27.836552,-0.245221,-0.861997,-25.242201
3595,0.058394,-0.030750,9.923771,1.022797,0.531929,-25.224167,-0.203589,-0.846357,-26.126646
3596,0.058199,-0.017598,9.924459,0.880914,0.486323,-23.284716,-0.160018,-0.831925,-26.935217
3597,0.062920,-0.018340,9.921896,0.723769,0.452915,-21.508539,-0.122523,-0.818116,-27.681849
3598,0.055555,-0.018974,9.917788,0.412491,0.411876,-20.380878,-0.093697,-0.805026,-28.380070
3599,0.055776,-0.016187,9.916339,-0.461862,0.413566,-20.061960,-0.085122,-0.792335,-29.054178
3600,0.046795,-0.040462,9.914425,-1.440004,0.461037,-20.959204,-0.107444,-0.778951,-29.737930
3601,0.047504,-0.076796,9.909100,-2.436514,0.554289,-22.949011,-0.162200,-0.763797,-30.469805
3602,0.031098,-0.104684,9.910313,-4.232658,0.763523,-30.795321,-0.261555,-0.745191,-31.365652
3603,0.031517,-0.149495,9.908497,-7.075631,1.209284,-40.129398,-0.434907,-0.719550,-32.547901
3604,0.042410,-0.211468,9.903658,-8.366796,1.206405,-44.093750,-0.674967,-0.693005,-33.951847
3605,0.045946,-0.267953,9.905058,-7.878777,1.301163,-44.804825,-0.928029,-0.672002,-35.433777
3606,0.046269,-0.285036,9.907755,-6.972643,1.400486,-45.137470,-1.158174,-0.654207,-36.933201
3607,0.064260,-0.320763,9.908888,-5.370658,1.429594,-40.889286,-1.347698,-0.638299,-38.367493
3608,0.065384,-0.318972,9.912399,-2.338841,1.229788,-34.846622,-1.462270,-0.624837,-39.630333
3609,0.055866,-0.304912,9.918701,-0.370530,1.335170,-32.740841,-1.495266,-0.610951,-40.757458
3610,0.061403,-0.297131,9.917819,0.177190,1.208612,-32.083164,-1.487110,-0.596531,-41.838535
3611,0.064270,-0.279502,9.917830,0.341932,1.123240,-31.005857,-1.467604,-0.584747,-42.890629
3612,0.070525,-0.264945,9.918754,0.199989,1.028699,-28.956537,-1.448456,-0.574309,-43.890556
3613,0.079451,-0.270523,9.928929,-0.228825,1.127933,-27.157469,-1.439655,-0.561955,-44.826366
3614,0.084388,-0.269746,9.926607,-0.381456,1.198158,-26.492163,-1.441188,-0.545706,-45.721214
3615,0.082369,-0.273955,9.929473,-0.524935,1.337041,-26.255648,-1.448074,-0.525641,-46.601116
3616,0.083381,-0.271591,9.931895,-0.703512,1.337060,-25.828386,-1.460756,-0.503130,-47.470005
3617,0.079250,-0.275169,9.930864,-0.724915,1.306558,-25.314150,-1.477237,-0.480949,-48.323212
3618,0.076110,-0.256666,9.922450,-0.317515,1.077683,-24.387911,-1.487782,-0.462659,-49.152309
3619,0.067907,-0.266795,9.927748,-0.349570,0.999880,-23.208370,-1.492575,-0.448651,-49.946194
3620,0.073616,-0.241293,9.930924,-0.569295,0.958696,-22.929125,-1.501946,-0.436115,-50.715729
3621,0.073264,-0.255637,9.927698,-0.540280,0.938865,-22.048666,-1.514804,-0.424246,-51.465912
3622,0.070876,-0.257189,9.928622,-0.351055,0.915981,-21.249083,-1.524387,-0.412479,-52.188091
3623,0.070691,-0.284325,9.926393,-0.256463,0.900725,-20.875229,-1.529525,-0.400911,-52.890713
3624,0.078598,-0.260593,9.919974,-0.195441,0.912924,-21.349791,-1.532198,-0.389491,-53.595005
3625,0.075477,-0.280705,9.914903,-0.148148,0.929693,-21.804520,-1.533103,-0.378026,-54.314804
3626,0.077535,-0.279404,9.912166,-0.116132,0.958666,-22.588844,-1.532698,-0.366355,-55.055248
3627,0.078844,-0.271919,9.913859,-0.081055,0.975425,-23.118340,-1.531188,-0.354496,-55.817608
3628,0.082411,-0.252071,9.913034,-0.119199,0.966234,-22.845201,-1.529861,-0.342606,-56.584229
3629,0.081492,-0.267713,9.908836,-0.245841,0.929570,-21.926596,-1.531556,-0.330956,-57.330982
3630,0.084310,-0.296760,9.908112,-0.256556,0.909686,-21.389471,-1.535827,-0.319642,-58.053448
3631,0.085949,-0.311505,9.908658,-0.235267,0.950830,-22.198212,-1.540041,-0.308143,-58.780464
3632,0.082334,-0.326475,9.908025,-0.313148,1.054556,-24.448954,-1.545082,-0.295660,-59.558506
3633,0.081664,-0.343619,9.904678,-0.369641,1.176616,-27.125425,-1.552127,-0.281721,-60.418736
3634,0.083491,-0.351920,9.910996,-0.311694,1.294096,-29.780539,-1.558943,-0.266305,-61.367882
3635,0.082443,-0.314331,9.913661,-0.313250,1.416153,-32.234222,-1.564704,-0.249317,-62.402241
3636,0.076068,-0.270922,9.914167,-0.290371,1.484804,-33.125362,-1.570198,-0.230782,-63.492397
3637,0.080913,-0.260798,9.917485,-0.381925,1.429853,-32.357830,-1.577182,-0.212194,-64.584610
3638,0.081639,-0.252754,9.917480,-0.275102,1.374898,-30.975340,-1.584380,-0.194594,-65.640961
3639,0.078331,-0.230011,9.916764,0.237624,1.385559,-28.901606,-1.581773,-0.176168,-66.639702
3640,0.071811,-0.211040,9.918048,0.376509,1.315345,-26.751575,-1.568850,-0.156633,-67.568085
3641,0.076342,-0.231806,9.915046,0.352118,1.188672,-24.575609,-1.554506,-0.138218,-68.424301
3642,0.072578,-0.223995,9.910621,0.605443,1.171863,-23.135138,-1.536750,-0.120339,-69.220215
3643,0.074368,-0.215115,9.910753,0.811466,1.170312,-22.388960,-1.511668,-0.101483,-69.979675
3644,0.066575,-0.208616,9.912887,0.780972,1.107724,-22.123447,-1.483936,-0.082908,-70.722260
3645,0.071592,-0.226833,9.906874,0.959526,0.988677,-21.273510,-1.453982,-0.066523,-71.446167
3646,0.068834,-0.230122,9.910206,1.455463,0.906249,-20.472399,-1.413006,-0.052345,-72.142471
3647,0.070054,-0.222538,9.909608,1.817118,0.802458,-19.974947,-1.357918,-0.040147,-72.817055
3648,0.062404,-0.186225,9.914205,1.928528,0.697142,-19.619406,-1.295082,-0.030418,-73.477348
3649,0.070084,-0.184349,9.911689,1.595897,0.585720,-18.835085,-1.236038,-0.023191,-74.118546
3650,0.066980,-0.184241,9.919224,0.640685,0.619259,-19.369158,-1.198537,-0.016652,-74.755531
3651,0.070543,-0.183925,9.921336,-0.155835,0.669584,-20.286238,-1.190310,-0.008998,-75.416748
3652,0.073519,-0.183743,9.922595,-0.586135,0.727535,-20.478506,-1.202624,0.000056,-76.096481
3653,0.077575,-0.204867,9.919704,-0.805862,0.756491,-20.312181,-1.225887,0.010356,-76.776657
3654,0.082745,-0.213041,9.918251,-0.909624,0.771712,-20.852360,-1.254668,0.020959,-77.463097
3655,0.083561,-0.216656,9.915020,-0.454900,0.759463,-20.840153,-1.277725,0.031113,-78.158348
3656,0.083216,-0.208636,9.914392,0.160053,0.760946,-20.702822,-1.283074,0.040998,-78.851097
3657,0.087190,-0.184123,9.914046,0.929131,0.730385,-20.834051,-1.265474,0.050483,-79.543732
3658,0.086994,-0.156175,9.916990,1.710429,0.715080,-20.455624,-1.222143,0.059668,-80.232231
3659,0.086112,-0.123690,9.921477,2.545146,0.664678,-18.822886,-1.151954,0.069138,-80.887177
3660,0.090681,-0.106965,9.920798,3.245589,0.595964,-16.483639,-1.056205,0.078854,-81.475906
3661,0.092574,-0.081314,9.922339,3.051843,0.513513,-14.971451,-0.952015,0.088201,-82.000381
3662,0.078013,-0.097514,9.925608,2.101233,0.438694,-13.152548,-0.866887,0.096634,-82.469292
3663,0.077374,-0.111147,9.925025,1.141451,0.342516,-11.736490,-0.813567,0.103548,-82.884254
3664,0.077301,-0.115217,9.925756,0.268637,0.302797,-11.309232,-0.790777,0.108902,-83.268456
3665,0.074250,-0.120739,9.926678,-0.619440,0.270706,-11.399261,-0.797356,0.113190,-83.647026
3666,0.071451,-0.148051,9.922956,-1.338151,0.218781,-11.756329,-0.830753,0.115840,-84.033020
3667,0.081070,-0.164181,9.920034,-1.527372,0.227890,-12.964863,-0.879348,0.117116,-84.445099
3668,0.078849,-0.161649,9.922037,-1.379364,0.311768,-14.011648,-0.928719,0.119014,-84.894791
3669,0.080140,-0.172245,9.917626,-1.403785,0.336135,-14.936357,-0.976121,0.121800,-85.377373
3670,0.087729,-0.164202,9.915456,-1.046719,0.375758,-15.816816,-1.018065,0.124746,-85.890030
3671,0.088938,-0.146209,9.922184,-0.283749,0.455053,-15.455175,-1.041396,0.129240,-86.411400
3672,0.081425,-0.148277,9.930005,0.084014,0.482469,-14.483161,-1.045882,0.135803,-86.910561
3673,0.093196,-0.163901,9.927002,0.027567,0.432060,-13.884998,-1.045173,0.142428,-87.383545
3674,0.093364,-0.168660,9.928342,0.521974,0.448788,-13.270054,-1.037164,0.148881,-87.836327
3675,0.085891,-0.155952,9.935527,0.842427,0.422793,-12.066099,-1.015549,0.155857,-88.258766
3676,0.090913,-0.147528,9.928007,0.744780,0.358649,-10.950648,-0.990161,0.162177,-88.642548
3677,0.100206,-0.120392,9.921846,0.723437,0.318916,-10.311289,-0.966710,0.167417,-88.997055
3678,0.097029,-0.100773,9.923430,0.752457,0.283759,-9.613940,-0.943095,0.171926,-89.329262
3679,0.093513,-0.133301,9.924889,0.117696,0.244025,-9.197363,-0.929544,0.175600,-89.642883
3680,0.096416,-0.151059,9.923778,-0.655938,0.248542,-11.153600,-0.939561,0.178262,-89.982155
3682,0.091866,-0.152189,9.924541,-0.701711,0.263742,-11.356549,-0.963363,0.180551,-90.357407
3683,0.092922,-0.160884,9.926388,-0.485026,0.234689,-10.144965,-0.984278,0.182766,-90.715843
3684,0.087723,-0.157378,9.926044,-0.170681,0.214794,-8.739589,-0.996216,0.184820,-91.030685
3685,0.089290,-0.129670,9.923116,-0.042489,0.193373,-7.933901,-1.000671,0.186786,-91.308647
3686,0.087119,-0.117163,9.920035,0.339016,0.181107,-6.215711,-0.996502,0.188919,-91.544548
3687,0.087596,-0.110737,9.922318,0.525207,0.145953,-5.423756,-0.982743,0.191026,-91.738602
3688,0.085844,-0.103800,9.920584,0.532868,0.126059,-4.723357,-0.965674,0.192687,-91.907776
3689,0.085860,-0.096814,9.920929,0.259760,0.100061,-4.222854,-0.952967,0.193959,-92.056923
3690,0.086256,-0.081914,9.920419,0.052271,0.055752,-3.144026,-0.948183,0.194516,-92.179733
3691,0.083701,-0.126734,9.925538,-0.475670,-0.019076,-1.865301,-0.955522,0.193739,-92.263214
3692,0.079699,-0.257055,9.957461,-0.532142,0.058691,-2.957865,-0.972590,0.193043,-92.343590
3693,0.076713,-0.219897,9.953465,-0.088132,0.116623,-3.923777,-0.983316,0.194008,-92.458328
3694,0.074471,-0.234809,9.957436,-0.306367,0.108940,-4.218282,-0.990352,0.195434,-92.594063
3695,0.073904,-0.229692,9.958498,-0.034781,0.099732,-3.993972,-0.996506,0.196536,-92.730980
3696,0.072736,-0.146217,9.949123,0.918914,0.124096,-3.186758,-0.982183,0.198203,-92.850716
3697,0.080413,-0.029041,9.924769,0.294852,0.005021,-1.035203,-0.962198,0.199169,-92.921104
3698,0.099204,-0.143566,9.922606,-1.691863,-0.327691,0.193165,-0.985529,0.193554,-92.935051
3699,0.066961,-0.046101,9.935289,0.288823,-0.063762,0.559386,-1.008870,0.187245,-92.922394
3700,0.053604,-0.018935,9.945708,0.322461,-0.043969,0.428156,-0.998628,0.185735,-92.905907
3701,0.058739,0.048270,9.939259,-0.145908,-0.039435,0.289296,-0.995647,0.184553,-92.893921
3702,0.057115,0.058847,9.924744,0.203637,-0.019641,0.206896,-0.994658,0.183713,-92.885628
3703,0.039564,0.133381,9.930036,1.523693,0.245832,0.010052,-0.965858,0.187544,-92.882080
3704,0.072162,0.039855,9.913734,-0.310347,-0.005988,-0.011312,-0.945635,0.191540,-92.882172
3705,0.086950,-0.003694,9.903258,-0.322466,-0.015198,-0.040305,-0.956185,0.191172,-92.883026
3706,0.087221,-0.109293,9.913391,-0.156088,-0.015256,-0.057091,-0.964166,0.190638,-92.884636
3707,0.082607,-0.121777,9.921651,-0.008048,-0.018365,-0.061670,-0.966908,0.190044,-92.886604
3708,0.080711,-0.123442,9.921741,-0.001924,-0.026049,-0.060145,-0.967081,0.189270,-92.888618
3709,0.078677,-0.124754,9.922791,-0.004954,-0.038311,-0.069302,-0.967203,0.188161,-92.890762
3710,0.078771,-0.115782,9.924097,0.014906,-0.038365,-0.072355,-0.967045,0.186843,-92.893089
3711,0.078922,-0.116025,9.922173,0.019509,-0.032314,-0.084562,-0.966480,0.185621,-92.895699
3712,0.078601,-0.108132,9.919979,0.027165,-0.018634,-0.081511,-0.965711,0.184726,-92.898438
3713,0.084378,-0.099422,9.918136,0.047032,-0.009533,-0.076934,-0.964483,0.184212,-92.901085
3714,0.087097,-0.103340,9.916266,0.045538,-0.006538,-0.069306,-0.962948,0.183903,-92.903511
3715,0.086163,-0.107531,9.918669,0.036412,-0.014225,-0.067781,-0.961589,0.183519,-92.905792
3716,0.087383,-0.106189,9.924352,0.041018,-0.020385,-0.061678,-0.960305,0.182906,-92.907928
3717,0.091483,-0.110977,9.927450,0.025787,-0.034177,-0.067783,-0.959199,0.181960,-92.910072
3718,0.086133,-0.115493,9.928809,0.012078,-0.041865,-0.069308,-0.958575,0.180655,-92.912338
3719,0.088685,-0.115808,9.926688,0.022784,-0.044974,-0.063206,-0.958001,0.179171,-92.914520
3720,0.092229,-0.110283,9.924811,0.024336,-0.035877,-0.064733,-0.957222,0.177788,-92.916626
3721,0.090646,-0.107180,9.923450,0.001475,-0.037461,-0.052526,-0.956798,0.176533,-92.918556
3722,0.086283,-0.101577,9.921188,0.012185,-0.034467,-0.061683,-0.956576,0.175303,-92.920441
3723,0.090544,-0.097308,9.920774,0.010691,-0.025369,-0.069313,-0.956201,0.174269,-92.922607
3724,0.093094,-0.100743,9.921912,0.003095,-0.023902,-0.072365,-0.955979,0.173409,-92.924950
3725,0.090020,-0.103827,9.921985,0.000073,-0.023960,-0.070841,-0.955933,0.172571,-92.927322
3726,0.089847,-0.105828,9.919214,0.021465,-0.024018,-0.069316,-0.955581,0.171733,-92.929642
3727,0.096285,-0.110832,9.918259,0.015388,-0.017973,-0.055583,-0.954973,0.170998,-92.931709
3728,0.092777,-0.112039,9.921692,0.026095,-0.021085,-0.047955,-0.954287,0.170319,-92.933426
3729,0.089175,-0.102684,9.921244,0.039857,-0.021143,-0.058637,-0.953192,0.169585,-92.935196
3730,0.091269,-0.099146,9.922236,0.041413,-0.007466,-0.063216,-0.951844,0.169075,-92.937218
3731,0.091772,-0.101806,9.923216,0.029237,-0.001421,-0.073898,-0.950673,0.168889,-92.939507
3732,0.088835,-0.099868,9.925569,0.027742,-0.009108,-0.076950,-0.949731,0.168672,-92.942009
3733,0.091176,-0.105287,9.926467,0.014039,-0.013743,-0.084581,-0.949043,0.168246,-92.944710
3734,0.092460,-0.111199,9.926384,-0.001194,-0.007697,-0.089160,-0.948837,0.167841,-92.947594
3735,0.092565,-0.109456,9.925659,0.001885,-0.023016,-0.078479,-0.948834,0.167283,-92.950378
3736,0.094798,-0.116270,9.927161,0.003435,-0.023075,-0.083058,-0.948753,0.166470,-92.953064
3737,0.092523,-0.119378,9.921584,0.000406,-0.020082,-0.083059,-0.948697,0.165705,-92.955818
3738,0.090095,-0.117675,9.922018,0.006531,-0.017088,-0.080008,-0.948589,0.165041,-92.958534
3739,0.089095,-0.108369,9.924148,0.006555,-0.021722,-0.070852,-0.948378,0.164353,-92.961014
3740,0.087526,-0.115271,9.923292,0.008107,-0.021779,-0.064750,-0.948140,0.163590,-92.963272
3741,0.083179,-0.111871,9.922121,0.015761,-0.026410,-0.058647,-0.947748,0.162753,-92.965309
3742,0.085670,-0.106320,9.926973,0.017313,-0.032569,-0.063226,-0.947203,0.161737,-92.967323
3743,0.086994,-0.109361,9.921100,0.008184,-0.038728,-0.054071,-0.946783,0.160516,-92.969269
3744,0.085550,-0.116032,9.919642,0.009735,-0.037257,-0.061702,-0.946490,0.159218,-92.971176
3745,0.083678,-0.110715,9.919597,0.005182,-0.035785,-0.069332,-0.946247,0.157965,-92.973335
3746,0.084509,-0.099541,9.917417,-0.000893,-0.035838,-0.066281,-0.946182,0.156734,-92.975578
3747,0.088528,-0.104813,9.918223,0.003714,-0.031315,-0.069334,-0.946141,0.155577,-92.977821
3748,0.087365,-0.101326,9.920726,0.020528,-0.025267,-0.086120,-0.945744,0.154592,-92.980400
3749,0.089240,-0.097455,9.919907,0.028188,-0.023797,-0.080017,-0.944939,0.153728,-92.983154
3750,0.090890,-0.102554,9.918503,0.032797,-0.026905,-0.086122,-0.943930,0.152838,-92.985909
3751,0.086628,-0.108902,9.921091,0.043505,-0.031537,-0.087648,-0.942666,0.151816,-92.988785
3752,0.083664,-0.099207,9.917521,0.040483,-0.023962,-0.086124,-0.941274,0.150844,-92.991669
3753,0.089030,-0.095509,9.915802,0.040515,-0.031645,-0.080020,-0.939931,0.149872,-92.994423
3754,0.088204,-0.097958,9.917358,0.045124,-0.028649,-0.081547,-0.938511,0.148823,-92.997101
3755,0.091087,-0.094380,9.921862,0.051260,-0.022601,-0.084600,-0.936912,0.147923,-92.999855
3756,0.096818,-0.093336,9.922445,0.037560,-0.021133,-0.086127,-0.935439,0.147148,-93.002693
3757,0.095832,-0.102184,9.924737,0.034539,-0.024243,-0.086128,-0.934244,0.146345,-93.005547
3758,0.090702,-0.106801,9.927668,0.028463,-0.018196,-0.083077,-0.933201,0.145592,-93.008362
3759,0.090566,-0.107143,9.929112,0.016282,-0.027407,-0.081551,-0.932463,0.144787,-93.011086
3760,0.088283,-0.106952,9.929311,0.017834,-0.035092,-0.063241,-0.931900,0.143706,-93.013481
3761,0.088922,-0.102740,9.930758,0.028543,-0.035147,-0.061716,-0.931132,0.142502,-93.015541
3762,0.084722,-0.102587,9.930923,0.033192,-0.041383,-0.063244,-0.930108,0.141193,-93.017601
3763,0.082693,-0.098699,9.926418,0.030256,-0.041591,-0.063247,-0.929056,0.139776,-93.019691
3764,0.079524,-0.097058,9.919971,0.038008,-0.041794,-0.064776,-0.927923,0.138352,-93.021797
3765,0.079874,-0.098088,9.921666,0.035078,-0.037416,-0.080038,-0.926711,0.136993,-93.024193
3766,0.079214,-0.107434,9.918302,0.026033,-0.046771,-0.089197,-0.925699,0.135544,-93.026993
3767,0.080889,-0.104627,9.915675,0.015457,-0.046971,-0.087674,-0.925014,0.133934,-93.029915
3768,0.082580,-0.108877,9.919090,0.021664,-0.048699,-0.095306,-0.924403,0.132291,-93.032936
3769,0.085175,-0.111812,9.925049,0.008025,-0.044327,-0.095309,-0.923915,0.130689,-93.036087
3770,0.079744,-0.110685,9.917958,0.006593,-0.036899,-0.090734,-0.923679,0.129286,-93.039169
3771,0.078766,-0.109769,9.918421,0.005164,-0.024888,-0.084634,-0.923489,0.128209,-93.042076
3772,0.078013,-0.115489,9.918059,0.011358,-0.029659,-0.086163,-0.923220,0.127254,-93.044907
3773,0.080418,-0.114638,9.916655,0.014496,-0.028328,-0.080062,-0.922795,0.126243,-93.047661
3774,0.078954,-0.115405,9.910725,0.022213,-0.026998,-0.081591,-0.922189,0.125278,-93.050331
3775,0.082617,-0.115194,9.914285,0.011616,-0.028721,-0.083120,-0.921631,0.124305,-93.053055
3776,0.079090,-0.110845,9.913487,0.031542,-0.035023,-0.072442,-0.920918,0.123201,-93.055634
3777,0.081912,-0.108799,9.915341,0.049949,-0.035219,-0.075496,-0.919565,0.121991,-93.058083
3778,0.083162,-0.114464,9.917426,0.051567,-0.041523,-0.081603,-0.917878,0.120670,-93.060677
3779,0.083552,-0.112679,9.922008,0.050128,-0.049354,-0.081606,-0.916189,0.119112,-93.063377
3780,0.085957,-0.114256,9.923019,0.062422,-0.051083,-0.073980,-0.914319,0.117397,-93.065941
3781,0.088140,-0.119081,9.926083,0.048770,-0.049764,-0.083138,-0.912471,0.115675,-93.068527
3782,0.087780,-0.114637,9.930162,0.047324,-0.037764,-0.077037,-0.910874,0.114174,-93.071175
3783,0.086995,-0.108494,9.928688,0.053518,-0.028815,-0.084671,-0.909199,0.113022,-93.073853
3785,0.085294,-0.115740,9.929036,0.050553,-0.027493,-0.080096,-0.907470,0.112040,-93.076584
3786,0.080537,-0.116888,9.927506,0.047580,-0.026164,-0.089255,-0.905840,0.111101,-93.079391
3787,0.084216,-0.116338,9.929621,0.044606,-0.023307,-0.084680,-0.904309,0.110231,-93.082275
3788,0.082726,-0.117787,9.926223,0.032475,-0.025031,-0.078579,-0.903029,0.109382,-93.084984
3789,0.080551,-0.116779,9.926422,0.024922,-0.028276,-0.069427,-0.902077,0.108455,-93.087448
3790,0.081982,-0.116633,9.926809,0.024998,-0.019313,-0.070955,-0.901250,0.107625,-93.089783
3791,0.081903,-0.113534,9.920775,0.025077,-0.036292,-0.061803,-0.900419,0.106664,-93.091965
3792,0.084606,-0.115132,9.917695,0.032786,-0.031910,-0.051124,-0.899458,0.105498,-93.093834
3793,0.087879,-0.120751,9.920780,0.040489,-0.030586,-0.055705,-0.898240,0.104428,-93.095604
3794,0.091653,-0.117645,9.922047,0.023775,-0.035371,-0.055708,-0.897172,0.103300,-93.097443
3795,0.095824,-0.109058,9.923668,0.029958,-0.037112,-0.060289,-0.896280,0.102062,-93.099358
3796,0.096116,-0.110984,9.930427,0.030046,-0.025123,-0.055714,-0.895284,0.100994,-93.101273
3797,0.090614,-0.109592,9.928154,0.025555,-0.034492,-0.080132,-0.894361,0.099966,-93.103523
3798,0.091123,-0.108095,9.924545,0.024117,-0.043856,-0.078609,-0.893538,0.098619,-93.106140
3799,0.089117,-0.111038,9.925239,0.037938,-0.034907,-0.074035,-0.892508,0.097266,-93.108665
3800,0.087923,-0.117247,9.922581,0.034964,-0.042740,-0.070986,-0.891297,0.095935,-93.111069
3801,0.091917,-0.119617,9.922297,0.038086,-0.039893,-0.074041,-0.890083,0.094520,-93.113457
3802,0.092417,-0.113433,9.923135,0.044262,-0.029421,-0.058785,-0.888714,0.093331,-93.115654
3803,0.090844,-0.111953,9.922741,0.032133,-0.029629,-0.055736,-0.887444,0.092317,-93.117546
3804,0.089048,-0.115398,9.917535,0.033736,-0.032884,-0.055739,-0.886349,0.091247,-93.119392
3805,0.089608,-0.110514,9.915365,0.046022,-0.033087,-0.042009,-0.885022,0.090122,-93.120995
3806,0.088868,-0.106126,9.912449,0.040005,-0.039392,-0.043538,-0.883591,0.088892,-93.122406
3807,0.088547,-0.118577,9.913677,0.021772,-0.050275,-0.051170,-0.882564,0.087374,-93.123962
3808,0.083456,-0.117374,9.916474,0.038625,-0.051996,-0.054225,-0.881560,0.085642,-93.125694
3809,0.083261,-0.109424,9.922358,0.041752,-0.061340,-0.060331,-0.880223,0.083724,-93.127579
3810,0.085778,-0.114230,9.927234,0.026572,-0.067635,-0.080171,-0.879087,0.081539,-93.129883
3811,0.086474,-0.115477,9.930141,0.028169,-0.070880,-0.089330,-0.878179,0.079187,-93.132675
3812,0.085418,-0.107821,9.929381,0.048084,-0.069546,-0.089333,-0.876912,0.076802,-93.135620
3813,0.091130,-0.103647,9.928150,0.046647,-0.060586,-0.095440,-0.875337,0.074586,-93.138664
3814,0.091961,-0.110505,9.927096,0.040629,-0.050106,-0.087812,-0.873887,0.072695,-93.141685
3815,0.085576,-0.107953,9.926734,0.054445,-0.045724,-0.080185,-0.872305,0.071055,-93.144455
3816,0.079842,-0.113562,9.922425,0.049945,-0.035226,-0.071033,-0.870569,0.069668,-93.146965
3817,0.083118,-0.116986,9.923095,0.039332,-0.032354,-0.061880,-0.869083,0.068508,-93.149147
3818,0.078717,-0.124658,9.919779,0.034811,-0.031007,-0.051200,-0.867850,0.067423,-93.151031
3819,0.079422,-0.125274,9.912925,0.021127,-0.041863,-0.055781,-0.866920,0.066182,-93.152786
3820,0.082261,-0.126300,9.908158,0.002863,-0.049671,-0.052731,-0.866522,0.064629,-93.154572
3821,0.087479,-0.115366,9.909674,0.022756,-0.065115,-0.064942,-0.866097,0.062687,-93.156509
3822,0.090416,-0.109502,9.908027,0.038087,-0.065308,-0.078678,-0.865086,0.060477,-93.158867
3823,0.091957,-0.104089,9.912380,0.029013,-0.067030,-0.078681,-0.863970,0.058232,-93.161453
3824,0.089133,-0.115495,9.920068,-0.060939,-0.064172,-0.068002,-0.864505,0.056009,-93.163864
3825,0.090573,-0.112405,9.925388,-0.222618,-0.056735,-0.060375,-0.869232,0.053962,-93.165970
3826,0.087106,-0.125826,9.929695,-0.246973,-0.041664,-0.052748,-0.877061,0.052293,-93.167831
3827,0.084389,-0.149939,9.934040,-0.249999,-0.032692,-0.039018,-0.885345,0.051030,-93.169342
3828,0.084817,-0.137712,9.933898,-0.043982,-0.031346,-0.058857,-0.890246,0.049938,-93.170959
3829,0.086868,-0.125023,9.928724,0.085765,-0.028476,-0.066489,-0.889551,0.048909,-93.173035
3830,0.085729,-0.125767,9.925211,0.271984,-0.021028,-0.080226,-0.883591,0.048046,-93.175468
3831,0.088680,-0.120487,9.923203,0.294930,-0.024264,-0.074125,-0.874145,0.047251,-93.178032
3832,0.086340,-0.101603,9.917212,0.287380,-0.033604,-0.075654,-0.864442,0.046249,-93.180511
3833,0.084489,-0.113749,9.916122,0.099774,-0.041414,-0.081760,-0.857991,0.044960,-93.183113
3834,0.083695,-0.107717,9.915372,0.080010,-0.037014,-0.084815,-0.854997,0.043611,-93.185875
3835,0.081594,-0.111599,9.915222,0.072455,-0.041766,-0.089395,-0.852458,0.042255,-93.188751
3836,0.079187,-0.109907,9.914210,0.077104,-0.051090,-0.097027,-0.849967,0.040661,-93.191841
3837,0.077470,-0.102234,9.917776,0.087864,-0.057358,-0.103133,-0.847220,0.038805,-93.195152
3838,0.079249,-0.106295,9.914685,0.072687,-0.046841,-0.087876,-0.844546,0.037021,-93.198296
3839,0.079677,-0.115104,9.918690,0.074282,-0.050058,-0.078723,-0.842099,0.035366,-93.201050
3840,0.081508,-0.112715,9.922453,0.085025,-0.045647,-0.069570,-0.839445,0.033734,-93.203499
3841,0.087064,-0.122744,9.921011,0.118649,-0.044295,-0.080254,-0.836052,0.032199,-93.205971
3842,0.090593,-0.126517,9.921083,0.368941,-0.033796,-0.080256,-0.827927,0.030859,-93.208641
3843,0.090931,-0.116617,9.921187,0.753517,-0.049240,-0.069578,-0.809220,0.029439,-93.211121
3844,0.093488,-0.097631,9.916368,0.938221,-0.054006,-0.066528,-0.781026,0.027687,-93.213356
3845,0.090531,-0.090482,9.914852,0.936778,-0.061822,-0.066531,-0.749777,0.025728,-93.215546
3846,0.085883,-0.070529,9.918457,0.863634,-0.058949,-0.054325,-0.719771,0.023689,-93.217537
3847,0.084571,-0.072868,9.920367,0.447163,-0.066751,-0.040595,-0.697925,0.021575,-93.219086
3848,0.087836,-0.085014,9.922021,-0.041048,-0.059295,-0.039071,-0.691157,0.019458,-93.220398
3849,0.087246,-0.096647,9.924448,-0.193584,-0.048788,-0.043651,-0.695068,0.017640,-93.221756
3850,0.089961,-0.093570,9.924370,-0.120292,-0.041336,-0.046705,-0.700300,0.016120,-93.223236
3851,0.093684,-0.090613,9.920936,-0.004267,-0.041518,-0.040603,-0.702376,0.014721,-93.224663
3852,0.093941,-0.090385,9.919494,-0.036251,-0.029496,-0.043658,-0.703051,0.013520,-93.226059
3853,0.089090,-0.090219,9.923262,-0.364264,-0.034255,-0.032977,-0.709727,0.012442,-93.227325
3854,0.092587,-0.102011,9.925160,-0.759429,-0.052745,-0.031454,-0.728455,0.010979,-93.228386
3855,0.089010,-0.101625,9.923408,-1.177487,-0.074287,-0.017723,-0.760737,0.008851,-93.229172
3856,0.089464,-0.106401,9.921499,-1.851899,-0.161440,0.017371,-0.811227,0.004923,-93.229134
3857,0.089617,-0.115720,9.919957,-2.111258,-0.256221,0.060095,-0.877280,-0.002019,-93.227745
3858,0.100761,-0.139549,9.910092,-2.030349,-0.294553,0.066196,-0.946307,-0.011164,-93.225494
3859,0.095768,-0.117876,9.910914,-1.981463,-0.310000,0.105867,-1.013171,-0.021189,-93.222450
3860,0.041345,-0.122258,9.949462,-2.762641,-0.120912,0.473613,-1.092244,-0.028193,-93.212662
3861,0.087101,-0.212688,9.940621,-4.174094,-0.264464,1.315921,-1.207872,-0.034017,-93.182709
3862,0.092252,-0.232990,9.935701,-4.160405,-0.202063,1.363221,-1.346809,-0.040799,-93.137901
3863,0.088542,-0.231849,9.942620,-3.624826,-0.170180,1.425781,-1.476598,-0.045857,-93.091278
3864,0.082166,-0.260914,9.947875,-1.953941,0.113494,0.903911,-1.569608,-0.045772,-93.052437
3865,0.144914,-0.259289,9.908280,1.046037,-0.046932,0.131787,-1.584752,-0.044189,-93.035210
3866,0.095945,-0.159684,9.923307,4.281120,0.198525,-0.818870,-1.495958,-0.041974,-93.046722
3867,0.096041,-0.138229,9.929043,4.810843,0.218192,-0.892119,-1.344406,-0.035741,-93.075417
3868,0.090500,-0.119827,9.929502,4.634061,0.218025,-0.915012,-1.186974,-0.029137,-93.105690
3869,0.096214,-0.076932,9.923360,3.550888,-0.007980,-0.406883,-1.050548,-0.026068,-93.127769
3870,0.090738,-0.077459,9.929648,1.547571,-0.032565,0.067676,-0.965571,-0.026840,-93.133430
3871,0.091800,-0.086041,9.931013,-0.101775,-0.105977,0.433895,-0.941478,-0.029007,-93.125031
3872,0.092145,-0.079902,9.925823,-0.509039,-0.209907,2.052899,-0.951681,-0.033585,-93.083504
3873,0.089637,-0.070071,9.923827,-0.768275,-0.306205,5.672391,-0.973052,-0.040023,-92.954613
3874,0.083819,-0.095869,9.928722,-1.711136,-0.582551,10.088416,-1.014581,-0.050281,-92.691719
3875,0.103841,-0.114448,9.913102,-2.156577,-1.125947,15.004945,-1.079487,-0.071104,-92.273048
3876,0.124761,-0.134599,9.886295,-1.352305,-1.260428,21.570999,-1.138880,-0.099078,-91.662811
3877,0.112113,-0.064820,9.897230,-0.372484,-0.984436,27.934105,-1.169191,-0.119930,-90.837166
3878,0.134833,-0.045638,9.881932,0.412120,-1.265408,32.371490,-1.170751,-0.136969,-89.831589
3879,0.136065,-0.048347,9.873766,1.230315,-1.245790,36.607456,-1.146323,-0.155625,-88.681435
3880,0.113118,-0.063148,9.883747,1.848593,-0.980471,39.882088,-1.098596,-0.167808,-87.406265
3881,0.088185,-0.081016,9.910209,1.548221,-1.104212,40.405476,-1.045988,-0.177549,-86.067909
3882,0.100938,-0.176851,9.900903,0.738063,-1.665876,37.741207,-1.012194,-0.200284,-84.765030
3883,0.078484,-0.195232,9.913552,0.133781,-1.562224,33.515915,-1.002222,-0.233129,-83.576782
3884,0.087958,-0.223835,9.924998,0.576233,-1.246445,28.619219,-0.994872,-0.261836,-82.540642
3885,0.090369,-0.212815,9.929957,0.545627,-0.990178,24.070436,-0.980354,-0.284008,-81.662033
3886,0.088987,-0.172239,9.927789,0.373157,-0.785786,20.765280,-0.968854,-0.300896,-80.914406
3888,0.076991,-0.161135,9.934294,0.396050,-0.624100,21.494669,-0.959802,-0.312531,-80.209808
3889,0.079395,-0.170744,9.934962,0.440304,-0.576845,24.044491,-0.950044,-0.319895,-79.450615
3890,0.073782,-0.159765,9.922423,-0.339443,-0.859183,27.413733,-0.953219,-0.329581,-78.592728
3891,0.072875,-0.161426,9.920362,-0.833835,-1.031644,30.801287,-0.978496,-0.344686,-77.622139
3892,0.079675,-0.169604,9.913877,-1.341964,-1.153753,33.567787,-1.021384,-0.362350,-76.548920
3893,0.081861,-0.178187,9.912007,-1.198529,-1.231614,34.999107,-1.071143,-0.381199,-75.405701
3894,0.077877,-0.188825,9.916178,-1.222949,-1.300310,35.347015,-1.119507,-0.400993,-74.232758
3895,0.079516,-0.197386,9.918999,-1.236689,-1.430035,34.872456,-1.168923,-0.423117,-73.061867
3896,0.081443,-0.217178,9.912694,-0.836915,-1.513978,34.069817,-1.212236,-0.448294,-71.912148
3897,0.081405,-0.242994,9.915767,-0.084680,-1.481945,32.696484,-1.236571,-0.474466,-70.798653
3898,0.082784,-0.247274,9.915801,0.112101,-1.353772,30.430485,-1.245060,-0.498991,-69.745834
3899,0.087122,-0.261304,9.911213,0.205106,-1.242380,28.407108,-1.248506,-0.520927,-68.764534
3900,0.083733,-0.280599,9.907340,0.714658,-1.060790,26.260134,-1.241612,-0.539513,-67.852837
3901,0.081496,-0.271066,9.911977,0.909861,-0.895973,23.295261,-1.222421,-0.554395,-67.026421
3902,0.077791,-0.272414,9.912516,0.839555,-0.822700,20.905664,-1.200479,-0.567475,-66.289299
3903,0.078689,-0.257398,9.910328,0.966101,-0.808929,19.439251,-1.177128,-0.580714,-65.616455
3904,0.076431,-0.251960,9.911962,1.660302,-0.831777,19.321758,-1.139991,-0.595000,-64.970009
3905,0.077177,-0.215953,9.916470,2.089023,-0.875980,19.326338,-1.084288,-0.610988,-64.325432
3906,0.076187,-0.188967,9.917112,2.102737,-0.888135,19.819214,-1.021490,-0.628416,-63.672558
3907,0.076735,-0.183384,9.915180,1.976077,-0.935379,21.334457,-0.961150,-0.646934,-62.986214
3908,0.076568,-0.194577,9.912673,1.649496,-0.933788,22.408710,-0.909083,-0.666170,-62.256741
3909,0.075859,-0.206443,9.915339,1.074147,-0.846738,22.063852,-0.872428,-0.684297,-61.515133
3910,0.074728,-0.203088,9.915672,0.524717,-0.756629,20.774450,-0.854408,-0.700227,-60.800838
3911,0.070803,-0.220400,9.913834,0.571901,-0.722967,20.161028,-0.844558,-0.714743,-60.118256
3912,0.067833,-0.227519,9.919099,0.846420,-0.638940,18.549654,-0.829046,-0.728019,-59.472782
3913,0.064539,-0.201488,9.922594,1.137737,-0.548797,16.344696,-0.803427,-0.739543,-58.890953
3914,0.063623,-0.144021,9.921479,1.076640,-0.525787,15.413885,-0.773405,-0.750186,-58.361423
3915,0.064203,-0.136776,9.924124,0.835536,-0.589750,16.834524,-0.748630,-0.761638,-57.823719
3916,0.063490,-0.133382,9.928802,0.873677,-0.644554,19.304998,-0.728221,-0.774432,-57.221138
3917,0.066085,-0.110080,9.925421,0.942356,-0.717668,22.063871,-0.707361,-0.788493,-56.531376
3918,0.069697,-0.095570,9.926778,0.768441,-0.827404,25.742880,-0.689928,-0.804524,-55.734303
3919,0.068857,-0.122229,9.928030,0.753206,-0.960028,30.181799,-0.677812,-0.823169,-54.801903
3920,0.061155,-0.133111,9.924060,1.098048,-1.034652,33.802822,-0.662478,-0.843928,-53.735146
3921,0.063429,-0.137169,9.919893,1.374204,-1.063487,35.235668,-0.638447,-0.865850,-52.584175
3922,0.060057,-0.163406,9.921821,1.438221,-1.055691,35.600368,-0.609653,-0.888326,-51.403263
3923,0.055473,-0.173421,9.916821,1.921822,-1.043302,36.009319,-0.572399,-0.910998,-50.209450
3924,0.047137,-0.150315,9.915290,2.440522,-1.070568,37.870953,-0.519533,-0.934533,-48.977825
3925,0.049654,-0.114839,9.922242,2.739530,-1.023050,36.724979,-0.453751,-0.958901,-47.734299
3926,0.044250,-0.102511,9.919103,3.159113,-0.955684,34.314022,-0.375518,-0.983343,-46.550087
3927,0.043407,-0.063919,9.914660,3.508528,-0.908140,33.451881,-0.284029,-1.007957,-45.420452
3928,0.044547,-0.011969,9.917812,2.722712,-0.820916,32.310490,-0.199697,-1.032181,-44.324238
3929,0.046680,0.015479,9.926102,1.370827,-0.651286,28.755081,-0.149998,-1.053556,-43.306339
3930,0.045561,-0.022437,9.915927,0.569767,-0.655605,30.079584,-0.135849,-1.072808,-42.325623
3931,0.057002,-0.030972,9.912178,-0.235925,-0.727068,34.051567,-0.150489,-1.093120,-41.256607
3932,0.057263,-0.019418,9.916132,-0.957689,-0.829054,37.973198,-0.193519,-1.115386,-40.056026
3933,0.049118,-0.076157,9.912984,-0.631175,-0.966121,41.633892,-0.246118,-1.140156,-38.729046
3934,0.054623,-0.124942,9.911510,0.203386,-1.046720,43.419231,-0.281799,-1.167208,-37.311279
3935,0.050014,-0.086339,9.919169,0.563388,-1.026599,42.399918,-0.298509,-1.194603,-35.880749
3936,0.027786,-0.078240,9.923206,0.651849,-1.021832,42.129826,-0.307964,-1.221322,-34.471680
3937,0.027297,-0.110725,9.922429,0.712866,-0.986649,40.652733,-0.314948,-1.247303,-33.091717
3938,0.028606,-0.116186,9.920055,0.567830,-0.934542,38.952854,-0.322779,-1.271945,-31.764673
3939,0.022623,-0.104226,9.915822,0.741680,-0.929593,39.126820,-0.330118,-1.295585,-30.463043
3940,0.032622,-0.128739,9.911361,0.746143,-0.944479,40.170555,-0.335485,-1.319157,-29.141109
3941,0.047080,-0.123529,9.917998,0.277552,-0.945646,40.446751,-0.349641,-1.342621,-27.797155
3942,0.042941,-0.099245,9.923650,-0.126919,-0.954444,40.941154,-0.379196,-1.365612,-26.440338
3943,0.045737,-0.086265,9.924876,-0.410799,-1.001382,41.815514,-0.421314,-1.388531,-25.060675
3944,0.043672,-0.080165,9.920727,-0.897596,-1.069675,42.593739,-0.477512,-1.411983,-23.653435
3945,0.032832,-0.085605,9.921267,-1.326390,-1.156260,43.687832,-0.550331,-1.436130,-22.214926
3946,0.025326,-0.088081,9.920533,-1.279082,-1.255026,44.604916,-0.630974,-1.461102,-20.742832
3947,0.027764,-0.146023,9.916134,-0.885422,-1.362935,46.127792,-0.705973,-1.487094,-19.229990
3948,0.028957,-0.200208,9.919896,-0.427756,-1.356395,45.279388,-0.767762,-1.512864,-17.705845
3949,0.026865,-0.184271,9.924762,0.008572,-1.273718,42.100891,-0.813521,-1.536645,-16.248800
3950,0.030442,-0.154602,9.930422,0.118422,-1.215620,39.573963,-0.848190,-1.558433,-14.886827
3951,0.031815,-0.123856,9.929772,0.007031,-1.226188,39.036835,-0.881994,-1.579353,-13.575884
3952,0.032937,-0.141772,9.927665,-0.176070,-1.245910,38.849152,-0.920850,-1.600115,-12.276978
3953,0.030421,-0.134943,9.929171,0.055878,-1.216799,38.022099,-0.958880,-1.620120,-10.994960
3954,0.038756,-0.179953,9.927258,0.370222,-1.135808,36.334427,-0.987037,-1.638301,-9.754861
3955,0.031701,-0.191250,9.928843,0.991264,-0.976993,32.354816,-0.997252,-1.653714,-8.609269
3956,0.027804,-0.202737,9.927714,1.308645,-0.780025,27.275013,-0.987726,-1.665836,-7.614762
3957,0.028417,-0.159676,9.926058,1.436819,-0.584583,22.196737,-0.966016,-1.674556,-6.789676
3958,0.026731,-0.107689,9.925545,1.043147,-0.499005,19.085377,-0.944841,-1.681164,-6.101173
3959,0.017601,-0.072482,9.925659,0.397716,-0.541602,19.198296,-0.939598,-1.688003,-5.462661
3960,0.025416,-0.088528,9.923066,-0.322480,-0.671176,21.619938,-0.958454,-1.696915,-4.781841
3961,0.033305,-0.121310,9.923527,-0.124081,-0.725982,23.019215,-0.988017,-1.707524,-4.037268
3962,0.023304,-0.104599,9.927403,0.184183,-0.707542,22.643839,-1.009782,-1.718156,-3.275612
3963,0.017903,-0.120072,9.926378,0.695397,-0.690625,22.083826,-1.017558,-1.728284,-2.529553
3964,0.027216,-0.142821,9.926358,1.707107,-0.624877,20.409887,-0.998953,-1.737772,-1.820756
3965,0.026163,-0.122973,9.921594,2.428889,-0.487412,17.156616,-0.949066,-1.745721,-1.194159
3966,0.025193,-0.101718,9.918032,2.216813,-0.377413,13.808737,-0.887399,-1.751911,-0.677680
3967,0.029846,-0.115374,9.916341,1.786526,-0.294880,10.715689,-0.833201,-1.756988,-0.268634
3968,0.035233,-0.094347,9.912774,1.412696,-0.242868,7.851527,-0.789389,-1.761570,0.041058
3969,0.026989,-0.066949,9.908825,0.176726,-0.186277,5.394789,-0.769699,-1.765721,0.262010
3970,0.027911,-0.081824,9.909358,-1.111127,-0.140366,3.089116,-0.789638,-1.769226,0.403536
3971,0.024119,-0.092840,9.908833,-1.729103,-0.123446,1.052007,-0.839112,-1.772625,0.472644
3972,0.025189,-0.084204,9.909314,-1.870990,-0.124836,0.136452,-0.899729,-1.776452,0.492522
3973,0.022853,-0.111788,9.915603,-2.179201,-0.095708,-0.086332,-0.967260,-1.780109,0.493417
3974,0.025222,-0.147562,9.919464,-2.014387,-0.094045,-0.071071,-1.037074,-1.783316,0.490849
3975,0.026175,-0.156037,9.919863,-1.317028,-0.101538,-0.035972,-1.092544,-1.786609,0.489124
3976,0.028612,-0.162598,9.923658,-0.573890,-0.060203,-0.104636,-1.123987,-1.789349,0.486832
3977,0.025232,-0.155484,9.918158,0.172303,-0.034127,-0.240441,-1.130502,-1.791033,0.481110
3978,0.028430,-0.139859,9.913721,0.585852,-0.037042,-0.287743,-1.117591,-1.792392,0.472328
3979,0.027788,-0.119391,9.913300,0.804090,-0.046062,-0.328942,-1.094105,-1.793975,0.462073
3980,0.025493,-0.118964,9.914101,0.848376,-0.038295,-0.331992,-1.066219,-1.795588,0.451081
3981,0.027169,-0.100322,9.912521,0.666828,-0.036633,-0.281635,-1.040646,-1.797025,0.440873
3982,0.031117,-0.105675,9.918511,-0.135771,-0.041075,-0.232804,-1.031527,-1.798475,0.432320
3983,0.032766,-0.111929,9.918315,-0.566048,-0.039414,-0.200758,-1.042997,-1.799947,0.425116
3985,0.027311,-0.071778,9.916434,-0.439354,-0.025546,-0.150402,-1.059571,-1.801137,0.419281
3986,0.028237,-0.062902,9.918359,-0.236350,-0.020831,-0.110726,-1.070696,-1.801991,0.414942
3987,0.023256,-0.074639,9.917813,-0.132533,-0.022219,-0.095466,-1.076736,-1.802773,0.411518
3988,0.015398,-0.072791,9.920678,0.195596,-0.025131,-0.078681,-1.075595,-1.803616,0.408629
3989,0.014587,-0.074207,9.920065,0.357399,-0.020410,-0.055791,-1.066308,-1.804417,0.406401
3990,0.023531,-0.125221,9.923479,0.209425,-0.014165,-0.049685,-1.056806,-1.805026,0.404654
3991,0.023935,-0.134771,9.921460,0.093480,-0.003345,-0.058840,-1.051700,-1.805351,0.402850
3992,0.024857,-0.135891,9.925216,0.075192,-0.021517,-0.066467,-1.048824,-1.805804,0.400768
3993,0.027559,-0.133386,9.926584,0.072163,-0.022905,-0.055784,-1.046304,-1.806581,0.398743
3994,0.026590,-0.137560,9.931517,0.047770,-0.018190,-0.049678,-1.044250,-1.807298,0.396998
3995,0.022002,-0.132893,9.929132,0.032533,-0.033311,-0.051202,-1.042859,-1.808186,0.395331
3996,0.019512,-0.129543,9.932333,0.029505,-0.042325,-0.064934,-1.041765,-1.809482,0.393418
3997,0.019285,-0.128051,9.929915,0.028004,-0.033029,-0.071037,-1.040735,-1.810779,0.391174
3998,0.022831,-0.127556,9.924436,0.031082,-0.023732,-0.080190,-1.039672,-1.811771,0.388670
3999,0.018247,-0.123583,9.922536,0.049419,-0.038850,-0.084766,-1.038244,-1.812864,0.385939
4000,0.018990,-0.132076,9.920881,0.058599,-0.035656,-0.093920,-1.036350,-1.814159,0.382982
4001,0.021339,-0.135650,9.919366,0.069303,-0.033989,-0.100021,-1.034116,-1.815378,0.379770
4002,0.023384,-0.135961,9.919163,0.063221,-0.032323,-0.095442,-1.031805,-1.816542,0.376531
4003,0.020503,-0.145550,9.920579,0.049506,-0.030656,-0.095440,-1.029826,-1.817649,0.373367
4004,0.027360,-0.138323,9.920084,0.044945,-0.013731,-0.104594,-1.028146,-1.818448,0.370045
4005,0.033126,-0.133884,9.923312,0.043440,-0.002913,-0.100014,-1.026565,-1.818787,0.366639
4006,0.033156,-0.134592,9.921868,0.041934,-0.001251,-0.090857,-1.025041,-1.818913,0.363458
4007,0.032174,-0.131132,9.920035,0.041956,-0.011797,-0.093907,-1.023545,-1.819185,0.360381
4008,0.037470,-0.122834,9.927221,0.046558,-0.019291,-0.089328,-1.021973,-1.819758,0.357336
4009,0.034543,-0.128703,9.928145,0.067946,-0.023735,-0.087800,-1.019971,-1.820527,0.354395
4010,0.029035,-0.129850,9.928892,0.069494,-0.034280,-0.096953,-1.017584,-1.821549,0.351332
4011,0.028262,-0.123251,9.926091,0.057311,-0.031090,-0.100004,-1.015367,-1.822696,0.348068
4012,0.027848,-0.120689,9.927403,0.052759,-0.012641,-0.098476,-1.013427,-1.823484,0.344772
4013,0.021261,-0.123881,9.921628,0.048207,-0.012500,-0.092371,-1.011643,-1.823959,0.341597
4014,0.023905,-0.123025,9.920228,0.029921,-0.004730,-0.092370,-1.010243,-1.824300,0.338522
4015,0.029655,-0.133837,9.922888,0.028417,0.015246,-0.083212,-1.009178,-1.824177,0.335592
4016,0.026592,-0.137967,9.923203,0.023859,0.018436,-0.083210,-1.008218,-1.823664,0.332807
4017,0.025763,-0.141339,9.925847,0.028453,0.020102,-0.086260,-1.007255,-1.823071,0.329970
4018,0.031353,-0.139016,9.926665,0.022366,0.026344,-0.084732,-1.006318,-1.822348,0.327106
4019,0.029582,-0.137270,9.931570,0.017806,0.020377,-0.070997,-1.005565,-1.821615,0.324496
4020,0.021130,-0.131853,9.930440,0.002566,0.020517,-0.069469,-1.005151,-1.820975,0.322142
4021,0.022002,-0.130754,9.935514,0.001060,0.026762,-0.061837,-1.005020,-1.820225,0.319939
4022,0.021775,-0.132036,9.935875,0.004133,0.026903,-0.046576,-1.004876,-1.819363,0.318116
4023,0.019694,-0.128472,9.935348,0.020939,0.025519,-0.052678,-1.004405,-1.818518,0.316445
4024,0.020458,-0.136050,9.931282,0.019434,0.022609,-0.055728,-1.003674,-1.817748,0.314624
4025,0.024397,-0.127877,9.924224,0.034712,0.005964,-0.048097,-1.002717,-1.817302,0.312885
4026,0.026111,-0.126821,9.920638,0.049995,-0.007629,-0.048095,-1.001254,-1.817357,0.311281
4027,0.023430,-0.123036,9.919978,0.042388,-0.016646,-0.058774,-0.999658,-1.817793,0.309507
4028,0.024554,-0.123499,9.917228,0.033256,-0.016506,-0.052670,-0.998339,-1.818378,0.307658
4029,0.023963,-0.120972,9.914078,0.039384,-0.019418,-0.058771,-0.997069,-1.819009,0.305811
4030,0.025408,-0.126380,9.919058,0.040934,-0.016227,-0.070977,-0.995663,-1.819641,0.303658
4031,0.029144,-0.130710,9.922028,0.031800,-0.031348,-0.080131,-0.994371,-1.820477,0.301152
4032,0.034838,-0.132481,9.919484,0.039449,-0.032737,-0.084707,-0.993096,-1.821593,0.298422
4033,0.030605,-0.127688,9.917347,0.057780,-0.026498,-0.096913,-0.991380,-1.822633,0.295411
4034,0.026380,-0.124402,9.916179,0.066958,-0.018730,-0.096911,-0.989199,-1.823442,0.292193
4035,0.023955,-0.123395,9.917096,0.068507,-0.020116,-0.098436,-0.986838,-1.824146,0.288947
4036,0.016309,-0.117946,9.918270,0.073109,0.005967,-0.090804,-0.984377,-1.824436,0.285796
4037,0.017259,-0.123761,9.916252,0.068555,0.007637,-0.086225,-0.981922,-1.824259,0.282841
4038,0.022219,-0.132242,9.921544,0.050265,-0.004428,-0.074016,-0.979856,-1.824252,0.280168
4039,0.020999,-0.134220,9.925020,0.053333,-0.007339,-0.084695,-0.978046,-1.824493,0.277525
4040,0.017885,-0.136361,9.927017,0.042669,-0.019403,-0.089271,-0.976353,-1.824988,0.274632
4041,0.023265,-0.137466,9.920610,0.033529,-0.042150,-0.084691,-0.974992,-1.826063,0.271749
4042,0.019303,-0.132510,9.924623,0.027468,-0.041794,-0.084686,-0.973886,-1.827510,0.268949
4043,0.023358,-0.128955,9.922521,0.026015,-0.036648,-0.090783,-0.972902,-1.828867,0.266046
4044,0.024852,-0.128607,9.918209,0.016935,-0.037611,-0.081620,-0.972095,-1.830153,0.263193
4045,0.028389,-0.129264,9.914538,0.012435,-0.017216,-0.075509,-0.971522,-1.831111,0.260588
4046,0.027461,-0.124615,9.916199,0.023194,-0.009029,-0.087710,-0.970841,-1.831594,0.257874
4047,0.030664,-0.123151,9.917097,0.030909,-0.010001,-0.101436,-0.969839,-1.831965,0.254726
4048,0.024686,-0.124890,9.917715,0.050832,-0.009444,-0.106008,-0.968366,-1.832347,0.251273
4049,0.025821,-0.122063,9.919416,0.053967,-0.013460,-0.090741,-0.966515,-1.832785,0.247999
4050,0.023684,-0.121882,9.917810,0.057107,-0.020526,-0.087683,-0.964569,-1.833401,0.245034
4051,0.022843,-0.122360,9.918399,0.057194,-0.016909,-0.073942,-0.962578,-1.834070,0.242350
4052,0.019236,-0.123694,9.920506,0.043545,-0.023967,-0.063254,-0.960826,-1.834790,0.240074
4053,0.015517,-0.129023,9.917559,0.023785,-0.026441,-0.051039,-0.959643,-1.835662,0.238182
4054,0.019185,-0.128468,9.920396,0.037592,-0.025863,-0.055610,-0.958564,-1.836563,0.236418
4055,0.023688,-0.126276,9.921918,0.036139,-0.032922,-0.054077,-0.957277,-1.837573,0.234606
4056,0.026857,-0.130287,9.922226,0.033160,-0.030833,-0.066277,-0.956058,-1.838669,0.232617
4057,0.026055,-0.137198,9.918010,0.048481,-0.022641,-0.064744,-0.954628,-1.839597,0.230448
4058,0.035445,-0.137096,9.923602,0.051587,-0.009880,-0.081522,-0.952882,-1.840179,0.228018
4059,0.035312,-0.140097,9.927584,0.044008,0.001347,-0.084566,-0.951200,-1.840368,0.225251
4060,0.025987,-0.142830,9.928505,0.037949,0.011056,-0.087610,-0.949742,-1.840208,0.222377
4061,0.021281,-0.149319,9.928676,0.016622,0.016202,-0.083024,-0.948741,-1.839801,0.219524
4062,0.029142,-0.139956,9.931448,0.028868,0.024397,-0.079964,-0.947895,-1.839170,0.216796
4063,0.019735,-0.142824,9.929838,0.028912,0.018859,-0.084534,-0.946843,-1.838494,0.214041
4064,0.020969,-0.149580,9.925538,0.016739,0.010277,-0.098258,-0.945984,-1.838059,0.210985
4065,0.034932,-0.142696,9.923124,0.041188,0.012361,-0.096725,-0.944914,-1.837736,0.207728
4066,0.038411,-0.142516,9.922705,0.048859,0.000696,-0.102821,-0.943307,-1.837573,0.204398
4067,0.024284,-0.143139,9.922089,0.042795,-0.006382,-0.102813,-0.941669,-1.837724,0.200971
4068,0.029820,-0.135705,9.921570,0.044366,-0.016502,-0.090598,-0.940113,-1.838158,0.197752
4069,0.022583,-0.125129,9.922619,0.038325,-0.012888,-0.079909,-0.938644,-1.838694,0.194917
4070,0.012939,-0.130083,9.922937,0.029237,-0.018414,-0.087532,-0.937429,-1.839262,0.192134
4071,0.012292,-0.124062,9.920260,0.029304,-0.011721,-0.082946,-0.936362,-1.839810,0.189300
4072,0.020877,-0.123357,9.914268,0.027853,-0.014192,-0.092095,-0.935316,-1.840290,0.186389
4073,0.013490,-0.130744,9.909934,0.029446,-0.007509,-0.092088,-0.934263,-1.840702,0.183324
4074,0.018266,-0.134747,9.906775,0.035606,-0.023711,-0.089028,-0.933082,-1.841271,0.180312
4075,0.023176,-0.130548,9.911434,0.049395,-0.038397,-0.084443,-0.931573,-1.842353,0.177437
4076,0.026665,-0.136788,9.908258,0.072336,-0.071402,-0.076805,-0.929459,-1.844227,0.174778
4077,0.025629,-0.141105,9.909575,0.076957,-0.086097,-0.070694,-0.926892,-1.846891,0.172361
4078,0.030063,-0.136339,9.913380,0.081577,-0.103846,-0.060005,-0.924182,-1.850092,0.170233
4079,0.035100,-0.137515,9.914438,0.077044,-0.088034,-0.070678,-0.921469,-1.853324,0.168106
4080,0.030542,-0.139162,9.907732,0.074032,-0.066117,-0.067620,-0.918878,-1.855930,0.165841
4081,0.026045,-0.130837,9.912331,0.060346,-0.036561,-0.067612,-0.916566,-1.857677,0.163614
4082,0.030667,-0.132572,9.917841,0.045139,-0.011582,-0.058449,-0.914740,-1.858513,0.161525
4083,0.028677,-0.125756,9.916101,0.045195,0.021025,-0.075227,-0.913162,-1.858391,0.159294
4084,0.025218,-0.128488,9.917612,0.052885,0.021592,-0.067589,-0.911450,-1.857719,0.156901
4085,0.029214,-0.126409,9.921175,0.049892,0.026737,-0.073687,-0.909660,-1.856951,0.154533
4086,0.028817,-0.132813,9.921785,0.051472,0.028826,-0.073679,-0.907891,-1.856064,0.152061
4088,0.029660,-0.124939,9.913589,0.065260,0.020233,-0.066042,-0.905869,-1.855284,0.149718
4089,0.032514,-0.131636,9.913415,0.042426,-0.000572,-0.061458,-0.904006,-1.854990,0.147587
4090,0.029384,-0.123193,9.914423,0.056215,-0.000013,-0.059925,-0.902296,-1.855031,0.145564
4091,0.029011,-0.131112,9.914796,0.042538,-0.011658,-0.046185,-0.900593,-1.855253,0.143798
4092,0.024831,-0.133395,9.915931,0.041059,-0.006514,-0.050755,-0.899148,-1.855582,0.142186
4093,0.018137,-0.138154,9.919436,0.031941,0.000167,-0.067533,-0.897867,-1.855718,0.140215
4094,0.017851,-0.143975,9.920046,0.044176,-0.005353,-0.061420,-0.896529,-1.855838,0.138067
4095,0.021949,-0.142059,9.916501,0.035044,-0.009351,-0.064464,-0.895141,-1.856116,0.135972
4096,0.017936,-0.136327,9.914847,0.042704,0.001911,-0.078189,-0.893768,-1.856277,0.133595
4097,0.026335,-0.129410,9.915827,0.050376,-0.006669,-0.076655,-0.892133,-1.856397,0.131014
4098,0.030460,-0.126639,9.918064,0.064161,-0.010683,-0.069019,-0.890146,-1.856724,0.128590
4099,0.031787,-0.118468,9.917829,0.077956,0.002084,-0.072064,-0.887701,-1.856903,0.126240
4100,0.027400,-0.129614,9.917052,0.065805,0.013327,-0.059850,-0.885233,-1.856681,0.124036
4101,0.034112,-0.124920,9.920898,0.058226,-0.004425,-0.050687,-0.883106,-1.856561,0.122191
4102,0.029313,-0.132118,9.919865,0.049118,0.009867,-0.050680,-0.881263,-1.856496,0.120500
4103,0.023557,-0.133729,9.921692,0.032370,0.021116,-0.053724,-0.879848,-1.856007,0.118751
4104,0.023103,-0.142939,9.920620,0.023242,0.023215,-0.064398,-0.878857,-1.855298,0.116770
4105,0.025185,-0.140898,9.923906,0.032418,0.020735,-0.070493,-0.877856,-1.854600,0.114510
4106,0.024454,-0.141253,9.925099,0.040068,0.033513,-0.075063,-0.876569,-1.853733,0.112069
4107,0.026531,-0.135973,9.925607,0.043146,0.024927,-0.072003,-0.875102,-1.852797,0.109602
4108,0.032483,-0.139365,9.923433,0.049277,0.004124,-0.059788,-0.873491,-1.852346,0.107397
4109,0.028667,-0.129565,9.920691,0.047784,0.003157,-0.064358,-0.871806,-1.852256,0.105325
4110,0.028977,-0.126183,9.920810,0.046302,-0.008488,-0.067403,-0.870167,-1.852379,0.103130
4111,0.024112,-0.125953,9.916985,0.058557,-0.017078,-0.065870,-0.868348,-1.852839,0.100914
4112,0.022167,-0.124821,9.917790,0.055553,-0.013453,-0.073493,-0.866371,-1.853383,0.098598
4113,0.020328,-0.117381,9.921717,0.057135,-0.000670,-0.087220,-0.864406,-1.853658,0.095922
4114,0.025755,-0.121223,9.923269,0.055668,0.006008,-0.076531,-0.862438,-1.853611,0.093190
4115,0.023557,-0.119858,9.924792,0.060302,0.012682,-0.082629,-0.860419,-1.853339,0.090532
4116,0.026074,-0.120388,9.925322,0.051203,0.030037,-0.087200,-0.858469,-1.852669,0.087690
4117,0.031020,-0.121119,9.923846,0.051257,0.039755,-0.090244,-0.856665,-1.851551,0.084714
4118,0.029522,-0.122217,9.920688,0.048257,0.040314,-0.087186,-0.854910,-1.850260,0.081735
4119,0.030761,-0.116376,9.920455,0.049837,0.034770,-0.079550,-0.853185,-1.849051,0.078937
4120,0.035641,-0.117711,9.915727,0.045319,0.036848,-0.068862,-0.851519,-1.847894,0.076444
4121,0.032237,-0.117637,9.919040,0.043851,0.026717,-0.070382,-0.849957,-1.846869,0.074107
4122,0.029381,-0.120475,9.920441,0.050009,0.021169,-0.073427,-0.848315,-1.846107,0.071697
4123,0.035212,-0.125950,9.920439,0.053107,0.024774,-0.081050,-0.846513,-1.845379,0.069110
4124,0.034983,-0.129080,9.922853,0.053144,0.029900,-0.088673,-0.844651,-1.844510,0.066267
4125,0.032437,-0.130502,9.926305,0.062331,0.022820,-0.096295,-0.842626,-1.843676,0.063170
4126,0.036039,-0.136967,9.923854,0.062355,0.032525,-0.091710,-0.840447,-1.842800,0.060022
4127,0.035828,-0.135829,9.920714,0.057794,0.028492,-0.085600,-0.838349,-1.841827,0.057050
4128,0.029791,-0.138408,9.917840,0.044077,0.027517,-0.085592,-0.836559,-1.840935,0.054182
4129,0.027905,-0.140655,9.917811,0.053244,0.021971,-0.093213,-0.834841,-1.840154,0.051189
4130,0.027365,-0.145087,9.918053,0.044091,0.036265,-0.091679,-0.833119,-1.839228,0.048092
4131,0.024687,-0.140379,9.916185,0.042569,0.030724,-0.096249,-0.831574,-1.838157,0.044942
4132,0.023689,-0.140957,9.919542,0.047153,0.028238,-0.099293,-0.829974,-1.837222,0.041668
4133,0.025224,-0.136466,9.925223,0.054793,0.031855,-0.100811,-0.828167,-1.836269,0.038317
4134,0.023750,-0.133241,9.924465,0.045654,0.041576,-0.096225,-0.826387,-1.835092,0.035014
4135,0.025305,-0.132747,9.924252,0.042622,0.034511,-0.096218,-0.824813,-1.833871,0.031787
4136,0.030014,-0.134754,9.923860,0.038061,0.032017,-0.088581,-0.823369,-1.832806,0.028690
4137,0.028715,-0.133748,9.921424,0.036553,0.034097,-0.080944,-0.822034,-1.831745,0.025847
4138,0.029178,-0.137604,9.917947,0.048773,0.039230,-0.064151,-0.820534,-1.830558,0.023411
4139,0.028061,-0.137838,9.920940,0.045729,0.023001,-0.065669,-0.818890,-1.829552,0.021231
4140,0.027874,-0.132492,9.920321,0.050321,0.023557,-0.067188,-0.817218,-1.828808,0.019005
4141,0.023457,-0.123858,9.918896,0.161739,0.025643,-0.070233,-0.813610,-1.828020,0.016702
4142,0.022279,-0.113314,9.915355,0.297590,0.024682,-0.088537,-0.805870,-1.827219,0.014043
4143,0.021438,-0.106104,9.916770,0.349529,0.014567,-0.096160,-0.794986,-1.826608,0.010954
4144,0.021760,-0.102497,9.915803,0.343493,0.024290,-0.093102,-0.783335,-1.826004,0.007790
4145,0.020889,-0.101805,9.917352,0.252003,0.024858,-0.093097,-0.773310,-1.825227,0.004674
4146,0.031163,-0.110667,9.920210,0.216962,0.022364,-0.094617,-0.765394,-1.824482,0.001533
4147,0.037102,-0.114919,9.928401,0.125445,0.029011,-0.083930,-0.759592,-1.823665,-0.001455
4148,0.037974,-0.124570,9.927235,-0.057642,0.032598,-0.074767,-0.758378,-1.822674,-0.004115
4149,0.044330,-0.133640,9.927611,-0.135459,0.027023,-0.071708,-0.761518,-1.821713,-0.006570
4150,0.041295,-0.139979,9.928174,-0.054595,0.024496,-0.068649,-0.764611,-1.820885,-0.008922
4151,0.035087,-0.143345,9.929756,-0.140065,0.025029,-0.062538,-0.767785,-1.820089,-0.011120
4152,0.032678,-0.150956,9.929729,-0.196552,0.031674,-0.061004,-0.773330,-1.819172,-0.013193
4153,0.031246,-0.141566,9.928356,-0.080605,0.030694,-0.071677,-0.777879,-1.818163,-0.015419
4154,0.021174,-0.133839,9.929240,0.007891,0.049560,-0.059463,-0.779020,-1.816854,-0.017624
4155,0.022475,-0.128027,9.924671,0.007899,0.051650,-0.067084,-0.778690,-1.815197,-0.019757
4156,0.019755,-0.125322,9.919313,0.012493,0.047637,-0.070129,-0.778277,-1.813573,-0.022067
4157,0.026568,-0.121947,9.917381,0.007936,0.031412,-0.054863,-0.777870,-1.812284,-0.024169
4158,0.027614,-0.124454,9.922225,0.018640,0.022808,-0.060960,-0.777365,-1.811407,-0.026113
4159,0.032975,-0.129596,9.921250,0.020180,0.009620,-0.079264,-0.776644,-1.810898,-0.028458
4160,0.033598,-0.126878,9.925352,0.018667,0.016264,-0.067050,-0.775919,-1.810500,-0.030903
4161,0.031115,-0.132374,9.928452,0.020202,0.019856,-0.067043,-0.775201,-1.809928,-0.033147
4162,0.022010,-0.127811,9.923457,0.033943,0.026512,-0.079243,-0.774221,-1.809188,-0.035597
4163,0.022830,-0.130734,9.919261,0.030901,0.049961,-0.074658,-0.773059,-1.807949,-0.038180
4164,0.024920,-0.124304,9.917597,0.024810,0.050518,-0.071600,-0.772053,-1.806307,-0.040642
4165,0.025834,-0.121953,9.918451,0.032460,0.049545,-0.073118,-0.771021,-1.804672,-0.043077
4166,0.030115,-0.117926,9.916833,0.034012,0.050093,-0.070059,-0.769838,-1.803044,-0.045487
4167,0.033209,-0.126236,9.918235,0.041664,0.061314,-0.070053,-0.768502,-1.801218,-0.047848
4168,0.033232,-0.122606,9.921480,0.035577,0.049644,-0.062417,-0.767145,-1.799399,-0.050081
4169,0.030469,-0.127625,9.926985,0.043221,0.062390,-0.054780,-0.765769,-1.797558,-0.052060
4170,0.030617,-0.133358,9.922181,0.052381,0.070560,-0.059351,-0.764115,-1.795368,-0.053993
4171,0.033653,-0.131412,9.925966,0.050855,0.075675,-0.054766,-0.762334,-1.792956,-0.055928
4172,0.027038,-0.125920,9.930533,0.047810,0.068585,-0.053233,-0.760632,-1.790576,-0.057761
4173,0.024417,-0.127249,9.930730,0.053925,0.078289,-0.054752,-0.758879,-1.788152,-0.059594
4174,0.023016,-0.130820,9.923121,0.053930,0.071209,-0.060849,-0.757021,-1.785686,-0.061554
4175,0.020370,-0.130981,9.923917,0.052405,0.076341,-0.060842,-0.755184,-1.783254,-0.063615
4176,0.014638,-0.133644,9.925024,0.052402,0.076902,-0.066937,-0.753370,-1.780728,-0.065780
4177,0.022187,-0.137718,9.920833,0.055444,0.085091,-0.066929,-0.751502,-1.778058,-0.068047
4178,0.029707,-0.138080,9.914945,0.056955,0.074952,-0.069974,-0.749557,-1.775421,-0.070365
4179,0.029403,-0.136090,9.917465,0.053890,0.072435,-0.066915,-0.747638,-1.772994,-0.072679
4180,0.029617,-0.136074,9.919277,0.053878,0.057710,-0.060804,-0.745775,-1.770853,-0.074837
4181,0.034195,-0.138830,9.911896,0.063017,0.062817,-0.066900,-0.743761,-1.768872,-0.076992
4182,0.033831,-0.142187,9.915632,0.062995,0.058764,-0.072997,-0.741588,-1.766876,-0.079351
4183,0.026133,-0.134749,9.918488,0.452086,0.062347,-0.109612,-0.732908,-1.764897,-0.082422
4184,0.028267,-0.178158,9.929713,1.182949,0.056779,-0.182847,-0.705507,-1.762973,-0.087323
4185,0.026538,-0.055412,9.912284,3.702267,-0.015930,-0.297286,-0.623840,-1.762385,-0.095336
4186,0.026597,-0.054861,9.924575,3.285805,-0.004712,-0.327801,-0.507052,-1.762831,-0.105755
4187,0.025162,-0.076620,9.929179,1.787409,0.033973,-0.350686,-0.422150,-1.762436,-0.117072
4188,0.028050,-0.097492,9.932293,0.646003,0.043666,-0.402563,-0.381207,-1.761231,-0.129641
4189,0.029885,-0.065862,9.923456,-0.538138,0.051827,-0.510899,-0.378941,-1.759742,-0.144883
4191,0.032418,-0.176496,9.939787,-3.059072,0.183583,-2.239765,-0.437487,-1.756146,-0.190776
4192,0.028292,-0.172332,9.930665,-2.456531,0.251251,-4.978792,-0.525729,-1.749911,-0.311198
4193,0.028237,-0.138497,9.926126,-0.759841,0.271618,-7.298189,-0.573093,-1.743136,-0.515983
4194,0.032204,-0.147039,9.925374,0.201401,0.327075,-9.703040,-0.573791,-1.735960,-0.799551
4195,0.031711,-0.139008,9.926793,1.197747,0.426778,-13.804719,-0.538624,-1.727178,-1.191625
4196,0.033093,-0.134216,9.925963,1.806514,0.482227,-17.427259,-0.472901,-1.716602,-1.712498
4197,0.035979,-0.142545,9.925192,2.110075,0.499519,-20.024378,-0.388978,-1.704925,-2.337059
4198,0.036865,-0.099263,9.921010,1.504194,0.577842,-23.622501,-0.307170,-1.691387,-3.064895
4199,0.039792,-0.107092,9.925299,0.588557,0.650053,-25.786261,-0.248092,-1.674961,-3.888780
4200,0.040497,-0.093663,9.929859,0.232916,0.700891,-27.567009,-0.208545,-1.656050,-4.778409
4201,0.038125,-0.100943,9.943932,0.084790,0.722734,-28.613789,-0.176347,-1.635494,-5.715152
4202,0.034281,-0.044028,9.938427,0.623367,0.735421,-30.125978,-0.136776,-1.613878,-6.694533
4203,0.034260,-0.087652,9.941180,1.200091,0.691645,-29.979485,-0.078353,-1.591939,-7.696643
4204,0.038727,-0.023374,9.934002,2.260539,0.660064,-31.261259,0.007494,-1.570000,-8.717639
4205,0.029163,0.016888,9.925780,2.213241,0.610170,-31.711409,0.110616,-1.547676,-9.767456
4206,0.030750,0.030138,9.918910,1.349592,0.581639,-30.724133,0.197904,-1.525018,-10.808270
4207,0.034379,0.019095,9.927678,0.159368,0.574460,-29.489660,0.249563,-1.501894,-11.812015
4208,0.037941,0.029871,9.927837,0.282941,0.558109,-28.859457,0.282229,-1.478591,-12.784655
4209,0.024575,0.035426,9.926497,0.298173,0.534131,-28.506968,0.316395,-1.455385,-13.740891
4210,0.030913,0.015614,9.921960,-0.423640,0.533041,-27.225193,0.337713,-1.432297,-14.669868
4211,0.028524,-0.017493,9.920547,-1.459855,0.563983,-27.042082,0.328746,-1.408803,-15.574420
4212,0.025686,-0.032072,9.923903,-2.137524,0.625441,-27.777575,0.291059,-1.384108,-16.488169
4213,0.017583,-0.040629,9.920523,-2.775534,0.693006,-28.876238,0.231769,-1.357869,-17.432493
4214,0.023083,-0.078893,9.925894,-3.656195,0.765143,-28.961687,0.147191,-1.330417,-18.396564
4215,0.027450,-0.113685,9.931597,-3.412295,0.831156,-29.515593,0.051777,-1.302183,-19.371323
4216,0.028056,-0.096454,9.930845,-2.106339,0.872741,-30.609678,-0.017673,-1.273466,-20.373575
4217,0.032152,-0.124070,9.931586,-1.487030,0.902106,-31.474873,-0.054820,-1.244439,-21.408495
4218,0.034476,-0.112720,9.933891,-1.458253,0.910091,-31.039980,-0.081536,-1.215427,-22.450588
4219,0.035191,-0.124726,9.929233,-1.376058,0.924167,-31.490124,-0.106925,-1.186571,-23.492937
4220,0.033226,-0.131271,9.930658,-1.263355,0.961124,-32.898552,-0.128959,-1.157352,-24.566271
4221,0.037420,-0.122117,9.930110,-1.159796,0.976705,-33.385315,-0.147309,-1.127708,-25.671188
4222,0.034623,-0.145385,9.922160,-1.071505,0.928188,-31.871588,-0.163359,-1.098900,-26.758982
4223,0.043928,-0.190729,9.919785,-1.065673,0.969683,-33.121315,-0.178466,-1.070499,-27.842373
4224,0.037325,-0.127449,9.916625,-0.142736,1.031004,-35.007355,-0.177683,-1.040682,-28.978035
4225,0.041227,-0.125384,9.918378,-0.033054,0.944302,-32.259159,-0.160538,-1.010993,-30.099287
4226,0.051520,-0.172572,9.915783,-0.466647,0.914035,-31.377167,-0.150408,-0.982892,-31.160032
4227,0.059322,-0.076895,9.912688,-0.660628,1.135521,-36.577518,-0.150072,-0.951739,-32.292747
4228,0.075041,-0.082904,9.909132,-2.859591,1.070099,-41.753452,-0.187431,-0.918835,-33.598385
4229,0.102880,-0.106258,9.904992,-5.040264,1.227409,-44.812939,-0.296327,-0.886825,-35.041271
4230,0.205356,-0.128582,9.860389,-6.874573,1.456301,-47.835793,-0.471450,-0.852647,-36.585575
4231,0.203269,-0.197200,9.856052,-6.600092,1.450091,-45.197464,-0.673378,-0.819867,-38.136383
4232,0.193213,-0.313390,9.861082,-6.154826,1.344697,-40.013889,-0.865953,-0.792384,-39.556934
4233,0.177535,-0.332888,9.861807,-3.832737,1.568918,-35.509354,-1.015289,-0.764531,-40.816200
4234,0.157754,-0.388283,9.866397,-2.252262,1.579535,-32.933590,-1.101816,-0.732984,-41.957645
4235,0.055278,-0.339547,9.910094,-0.233813,1.605519,-32.060753,-1.129692,-0.700893,-43.041687
4236,0.050153,-0.284581,9.912404,-0.230990,1.619390,-32.924423,-1.124492,-0.668305,-44.125587
4237,0.060956,-0.252134,9.912886,-0.676701,1.544741,-32.085155,-1.127266,-0.636871,-45.209873
4238,0.065595,-0.243532,9.915360,-0.594404,1.376984,-28.435141,-1.137480,-0.608157,-46.219273
4239,0.074763,-0.400590,9.864438,-0.518352,1.180211,-23.897036,-1.146953,-0.582933,-47.092133
4240,0.040183,-0.128083,9.867393,1.723101,1.514477,-22.142220,-1.119261,-0.553207,-47.860191
4241,-0.045506,-0.559305,9.864433,3.048844,1.401753,-21.649338,-1.032924,-0.518192,-48.590824
4242,-0.053384,-0.433364,9.854838,13.394017,0.938145,-20.747505,-0.752657,-0.490136,-49.297943
4243,0.003661,-0.801735,10.149674,6.621556,0.968821,-16.561884,-0.413875,-0.464136,-49.920017
4244,-0.126034,-0.864186,10.228927,0.688418,0.949052,-21.034369,-0.287132,-0.436210,-50.546818
4245,-0.102679,-1.133343,10.236606,-1.262149,0.857587,-27.592791,-0.290694,-0.410498,-51.357418
4246,-0.023678,-0.713356,10.231998,-3.713190,1.114006,-35.169010,-0.366343,-0.383747,-52.403576
4247,-0.014523,-0.830642,10.244368,-14.040985,1.838863,-40.773735,-0.654169,-0.345950,-53.669567
4248,-0.071551,-0.468520,9.954608,-7.312173,1.991601,-48.766521,-1.001587,-0.304512,-55.162468
4249,0.047040,-0.226210,9.930286,-1.591869,2.191629,-48.299587,-1.141915,-0.264131,-56.780910
4250,0.063279,-0.277425,9.918048,-2.068085,1.939840,-44.545811,-1.196300,-0.226198,-58.329082
4251,0.084287,-0.250396,9.931380,-0.859670,1.977928,-40.673012,-1.239898,-0.191185,-59.750210
4252,0.095691,-0.342370,9.928909,-0.507345,1.861854,-38.091145,-1.258725,-0.155718,-61.063828
4253,0.087493,-0.338169,9.919473,-0.484695,1.883099,-38.498569,-1.272168,-0.121482,-62.341225
4254,0.093786,-0.405004,9.914200,-0.275937,1.895178,-39.018913,-1.282488,-0.087327,-63.634087
4255,0.089427,-0.372875,9.910552,-0.291518,1.957599,-40.412086,-1.290323,-0.052834,-64.958855
4256,0.079629,-0.394171,9.904158,-0.148392,2.016972,-41.681656,-1.296813,-0.017500,-66.328026
4257,0.069112,-0.325727,9.901277,-0.237158,2.058040,-42.696400,-1.303250,0.018505,-67.735283
4258,0.073125,-0.304987,9.910459,-0.241911,1.998392,-41.529072,-1.312122,0.054046,-69.139999
4259,0.069183,-0.242304,9.914700,-0.301514,1.940257,-40.239670,-1.322872,0.088333,-70.503731
4260,0.081938,-0.267399,9.919448,-0.179491,1.843955,-38.280380,-1.333282,0.121045,-71.813324
4261,0.089072,-0.234061,9.924199,-0.307708,1.813236,-37.651707,-1.344423,0.152419,-73.079765
4262,0.085694,-0.205969,9.923108,-0.445019,1.819127,-37.593727,-1.360645,0.183325,-74.334770
4263,0.088878,-0.214668,9.918487,-0.383936,1.843318,-38.094238,-1.378839,0.214179,-75.597168
4264,0.094778,-0.226763,9.920309,-0.336600,1.855282,-38.461987,-1.395963,0.244914,-76.874077
4265,0.082233,-0.211070,9.918599,-0.354892,1.867333,-38.648151,-1.413327,0.275437,-78.160225
4266,0.072577,-0.228618,9.915332,-0.336570,1.826074,-38.037785,-1.431332,0.305246,-79.439293
4267,0.073759,-0.247890,9.918892,-0.011544,1.822963,-37.251934,-1.444144,0.334558,-80.695107
4268,0.063874,-0.209560,9.918383,0.272288,1.838162,-36.522545,-1.447310,0.364561,-81.925690
4269,0.057297,-0.211427,9.919111,0.258574,1.809111,-35.848087,-1.446468,0.394897,-83.132896
4270,0.065603,-0.201750,9.915383,-0.202235,1.680873,-35.166000,-1.453986,0.423087,-84.317459
4271,0.071519,-0.208883,9.911049,-0.304450,1.528212,-32.260643,-1.470970,0.447831,-85.442131
4272,0.073686,-0.260284,9.910847,0.116714,1.468630,-29.169117,-1.482317,0.471367,-86.466850
4273,0.080793,-0.291316,9.914061,-0.327341,1.349533,-28.908186,-1.493990,0.493212,-87.435646
4274,0.093640,-0.370030,9.906404,-0.350264,1.346399,-29.169125,-1.513779,0.512692,-88.404411
4275,0.085442,-0.278211,9.928333,1.079498,1.913958,-34.842514,-1.511424,0.538848,-89.472305
4276,0.083374,-0.160854,9.940434,1.673103,2.244999,-40.076443,-1.477729,0.575676,-90.722244
4277,0.091948,-0.167773,9.942895,2.156867,2.080111,-39.908588,-1.427759,0.613974,-92.056625
4278,0.105480,-0.062843,9.949283,4.059762,1.956414,-38.822132,-1.338624,0.649600,-93.369926
4279,0.106965,0.101531,9.951337,5.799442,1.716740,-36.443218,-1.188915,0.683324,-94.625298
4280,0.102166,0.026828,9.932866,6.368748,1.000976,-27.576065,-0.999084,0.708424,-95.692886
4281,0.098871,-0.035162,9.931144,7.342377,0.504943,-20.199745,-0.780491,0.721328,-96.489433
4282,0.088384,0.100541,9.926781,7.484377,0.358350,-18.356426,-0.541503,0.728481,-97.132164
4283,0.073542,0.049505,9.925305,6.320188,0.228548,-14.152503,-0.318345,0.734236,-97.674065
4284,0.068445,0.029788,9.932488,5.305503,0.135370,-10.235453,-0.129810,0.738736,-98.080566
4285,0.077499,0.068594,9.931599,4.281650,0.058978,-8.067112,0.026034,0.741724,-98.385635
4286,0.078907,0.089441,9.929888,2.847322,0.049723,-6.794489,0.141639,0.743901,-98.633339
4288,0.080629,0.078183,9.929584,1.785310,0.052674,-6.390119,0.215992,0.746279,-98.853096
4289,0.077287,0.103195,9.920426,1.481680,0.064782,-7.139348,0.267498,0.749173,-99.078590
4290,0.074107,0.109060,9.919030,0.750792,0.104358,-8.334146,0.301325,0.753264,-99.336487
4291,0.074540,0.056036,9.924463,-0.233413,0.160718,-9.487745,0.306027,0.759239,-99.633530
4292,0.083941,0.061159,9.915705,-0.755276,0.186558,-11.328011,0.284928,0.766794,-99.980438
4293,0.099868,0.030664,9.904859,-2.598596,0.281057,-13.590958,0.223438,0.776419,-100.395760
4294,0.086099,-0.009367,9.926875,-5.708448,0.459481,-17.207401,0.077970,0.790065,-100.909065
4295,0.087531,-0.060773,9.927864,-6.483648,0.618070,-22.091887,-0.134364,0.807622,-101.564117
4296,0.086239,-0.062776,9.927966,-6.444002,0.762925,-27.116762,-0.361522,0.827124,-102.384399
4297,0.079705,-0.112399,9.939531,-6.125105,0.912358,-31.116209,-0.585181,0.847106,-103.355179
4298,0.058904,-0.105943,9.954563,-4.484747,0.980922,-33.476818,-0.778101,0.865934,-104.432037
4299,0.080777,-0.081109,9.934175,-1.754856,0.977765,-34.415268,-0.899353,0.882169,-105.563942
4300,0.076075,-0.049803,9.930161,-1.098670,0.966972,-33.357800,-0.964443,0.896437,-106.693893
4301,0.078530,-0.024528,9.926291,-0.848357,0.950076,-31.934111,-1.014049,0.909645,-107.782501
4302,0.076475,-0.024502,9.918902,-0.746050,0.899608,-29.703207,-1.057048,0.921918,-108.810226
4303,0.080023,-0.053077,9.916985,-0.958086,0.905597,-29.614708,-1.101463,0.933381,-109.799294
4304,0.087453,-0.048369,9.920964,-0.857310,0.942103,-30.200663,-1.148064,0.944584,-110.796677
4305,0.087933,-0.061942,9.926065,-0.661924,0.945034,-29.771877,-1.189967,0.955646,-111.796715
4306,0.089814,-0.110205,9.925971,-0.523010,0.922024,-28.746458,-1.226081,0.966207,-112.772514
4307,0.090513,-0.084578,9.927250,-0.315430,0.947841,-29.066904,-1.256399,0.976500,-113.736588
4308,0.091308,-0.047669,9.927420,-0.069684,0.926354,-28.355825,-1.279222,0.986568,-114.694168
4309,0.096187,-0.091193,9.931104,-0.162694,0.851456,-26.288198,-1.298858,0.995719,-115.605408
4310,0.098791,-0.111183,9.927944,-0.277079,0.820808,-25.877724,-1.321364,1.003697,-116.475319
4311,0.095232,-0.125486,9.922611,-0.364005,0.840515,-26.732246,-1.347471,1.010951,-117.352638
4312,0.100444,-0.123161,9.924749,-0.727124,0.890739,-29.086752,-1.382133,1.017633,-118.283463
4313,0.092085,-0.189509,9.929451,-1.149766,0.979112,-32.150810,-1.431602,1.023708,-119.304626
4314,0.074535,-0.196928,9.931802,-2.344541,1.236868,-39.406590,-1.511222,1.029980,-120.497887
4315,0.081418,-0.189828,9.929620,-3.456911,1.383234,-48.171509,-1.634204,1.033498,-121.958199
4316,0.097703,-0.130329,9.922306,-3.084531,1.468557,-54.133301,-1.773921,1.030246,-123.663872
4317,0.101013,-0.153709,9.914949,-2.103287,1.840750,-58.181583,-1.893954,1.025561,-125.536407
4318,0.109018,0.031744,9.918036,-0.632172,2.240405,-60.977077,-1.975152,1.026658,-127.523262
4319,0.109442,0.059173,9.911472,1.081625,2.005275,-52.376965,-2.001663,1.032046,-129.413498
4320,0.102262,0.038919,9.913920,2.162169,1.803717,-41.632923,-1.975990,1.041354,-130.981430
4321,0.093021,0.013435,9.923211,1.825118,1.669301,-33.864445,-1.932627,1.056457,-132.240952
4322,0.084213,-0.006470,9.930207,0.740349,1.248016,-27.916386,-1.909025,1.070544,-133.271744
4323,0.081379,-0.137854,9.922750,-0.136933,0.774851,-21.951548,-1.914544,1.076449,-134.103622
4324,0.084809,-0.163600,9.926368,-0.280284,0.715211,-21.480040,-1.935095,1.076908,-134.828003
4325,0.083886,-0.134275,9.928452,-0.048254,0.731865,-21.557861,-1.954058,1.076664,-135.545807
4326,0.072109,-0.152863,9.932137,0.124270,0.702745,-20.170799,-1.965870,1.076786,-136.241791
4327,0.071813,-0.145328,9.928620,0.641649,0.644636,-18.380892,-1.965192,1.077201,-136.884796
4328,0.076040,-0.120585,9.927073,0.566979,0.613993,-17.811724,-1.956400,1.077552,-137.488449
4329,0.073568,-0.152094,9.921437,0.152025,0.653541,-19.731340,-1.956190,1.077303,-138.114624
4330,0.079992,-0.135594,9.916816,0.074297,0.752599,-23.263861,-1.965892,1.076182,-138.831696
4331,0.088722,-0.095886,9.912543,0.271249,0.787565,-24.660084,-1.975131,1.074367,-139.630936
4332,0.091800,-0.067605,9.920968,0.167611,0.781328,-24.086338,-1.983046,1.072453,-140.443893
4333,0.090030,-0.103832,9.921261,0.030401,0.762884,-23.291334,-1.994524,1.070766,-141.234039
4334,0.097203,-0.087850,9.923643,0.152595,0.767328,-23.268446,-2.005975,1.069161,-142.010544
4335,0.088287,-0.098111,9.928687,0.171027,0.753461,-22.804569,-2.014910,1.067560,-142.778946
4336,0.089255,-0.091335,9.929774,-0.130983,0.797580,-24.510555,-2.028931,1.065573,-143.568039
4337,0.086846,-0.086521,9.925742,-0.259034,0.850857,-26.285208,-2.051164,1.062875,-144.415192
4338,0.089451,-0.094836,9.927857,-0.141412,0.858355,-26.660589,-2.074192,1.059576,-145.298157
4339,0.081302,-0.086959,9.928294,0.093709,0.832285,-26.450016,-2.091335,1.055572,-146.183868
4340,0.080573,-0.038132,9.922503,0.000770,0.882513,-29.012043,-2.106755,1.050291,-147.108765
4341,0.072092,-0.099396,9.922252,-0.337843,0.973945,-32.961143,-2.131248,1.043014,-148.142181
4342,0.067427,-0.109082,9.931349,-0.850428,1.222550,-42.115170,-2.173724,1.032576,-149.394028
4343,0.078220,-0.019587,9.934831,-0.268902,1.436058,-48.321110,-2.219373,1.019052,-150.901901
4344,0.081904,0.033322,9.935135,0.216528,1.440512,-48.214298,-2.248668,1.004315,-152.511398
4345,0.074507,-0.007060,9.939072,0.550898,1.304583,-43.514446,-2.262495,0.989920,-154.040741
4346,0.074107,0.026358,9.942481,0.668587,1.122878,-36.573017,-2.265101,0.977665,-155.376038
4347,0.079166,0.013899,9.927659,0.874785,0.816048,-25.925108,-2.257085,0.968881,-156.418152
4348,0.067711,-0.044715,9.931684,0.466018,0.590095,-19.581839,-2.247531,0.962528,-157.176987
4349,0.069850,-0.070384,9.933229,0.557734,0.504531,-17.424183,-2.240801,0.956594,-157.794067
4350,0.075347,-0.066688,9.930790,0.975992,0.414386,-15.533562,-2.224384,0.950506,-158.343597
4351,0.074868,-0.080164,9.935753,1.676542,0.345603,-14.659209,-2.188495,0.943810,-158.846985
4352,0.075110,-0.051032,9.940390,3.008827,0.258511,-13.401848,-2.118080,0.936327,-159.314774
4353,0.072790,-0.023661,9.932933,3.608677,0.153109,-12.065139,-2.014693,0.927931,-159.739243
4354,0.070914,-0.004298,9.927551,3.401317,0.125529,-12.352014,-1.904415,0.918687,-160.146164
4355,0.070996,0.048661,9.928152,3.299254,0.133048,-13.479673,-1.799605,0.909072,-160.576660
4356,0.083375,0.145224,9.922608,3.142285,0.160402,-14.276207,-1.699549,0.899824,-161.039230
4357,0.075070,0.182186,9.922010,1.914140,0.213696,-15.178030,-1.622953,0.891814,-161.530167
4358,0.071102,0.168246,9.919802,0.568496,0.251734,-15.399289,-1.589481,0.885234,-162.039856
4359,0.061960,0.155316,9.926535,-0.194255,0.269939,-14.813334,-1.591003,0.879901,-162.543503
4360,0.068033,0.097367,9.927985,-0.505351,0.246945,-13.205009,-1.609819,0.875443,-163.010574
4361,0.058583,0.039903,9.924573,-0.518917,0.202590,-12.629734,-1.633453,0.870735,-163.441238
4362,0.069150,-0.014578,9.926940,0.000038,0.161287,-12.719765,-1.648498,0.864697,-163.863770
4363,0.071060,0.015978,9.930881,1.124782,0.135240,-13.665840,-1.636357,0.857049,-164.303528
4364,0.076191,0.073996,9.925416,1.884851,0.112244,-14.857587,-1.593268,0.847811,-164.778885
4365,0.077201,0.107512,9.922223,1.302126,0.145706,-16.809244,-1.547914,0.837664,-165.306641
4366,0.080578,0.129817,9.923920,0.632432,0.197480,-18.348906,-1.524187,0.827645,-165.892593
4367,0.073625,0.152918,9.917715,-0.559120,0.246202,-19.717663,-1.532079,0.818086,-166.527054
4368,0.071250,0.109458,9.917170,-2.736424,0.362070,-21.605228,-1.596787,0.809363,-167.215836
4369,0.073283,0.104183,9.922883,-4.312523,0.496249,-23.689644,-1.724887,0.801681,-167.970886
4370,0.079774,0.119035,9.932244,-3.860657,0.595331,-25.053822,-1.872424,0.794298,-168.783478
4371,0.072645,0.095405,9.934460,-2.839612,0.641004,-26.649942,-1.995981,0.785847,-169.645447
4372,0.084144,0.116029,9.939922,-1.162408,0.640901,-26.984119,-2.074861,0.775528,-170.539566
4373,0.088400,0.138216,9.938864,0.954282,0.569076,-25.746593,-2.090137,0.763856,-171.418594
4374,0.077076,0.115488,9.931602,2.457552,0.465210,-24.072655,-2.044251,0.751267,-172.249023
4375,0.059078,0.081575,9.924244,2.421149,0.361351,-22.235441,-1.972970,0.738082,-173.020859
4376,0.062324,0.108275,9.922313,1.398992,0.312430,-19.888569,-1.918265,0.725478,-173.722916
4377,0.053628,0.084619,9.925102,0.108268,0.304711,-17.910969,-1.901062,0.714723,-174.352936
4378,0.055244,0.056245,9.923993,-1.113805,0.319885,-17.480658,-1.925133,0.705380,-174.942841
4379,0.063464,0.054693,9.929207,-2.624285,0.405248,-18.374853,-1.994748,0.696968,-175.540512
4380,0.059224,0.036718,9.933390,-4.002011,0.534864,-20.784288,-2.113084,0.689174,-176.193344
4381,0.055272,-0.009999,9.937403,-4.218514,0.699579,-25.815266,-2.259376,0.680060,-176.970245
4382,0.063920,0.033329,9.935289,-3.455365,0.842930,-31.227722,-2.398451,0.667152,-177.921219
4383,0.062145,0.088709,9.937659,-2.278652,0.884044,-32.112762,-2.506157,0.650843,-178.977142
4384,0.051930,0.073039,9.938233,-1.017996,0.858020,-31.267395,-2.572937,0.633141,179.966293
4385,0.055972,0.062035,9.934597,0.547847,0.737393,-28.587875,-2.591637,0.614854,178.968552
4386,0.054673,0.110259,9.927352,1.443823,0.541996,-22.269020,-2.567413,0.598120,178.120850
4387,0.037709,0.080954,9.927113,1.018351,0.369494,-14.871332,-2.532773,0.585827,177.501785
4388,0.038866,0.026495,9.925092,0.383804,0.242774,-10.005157,-2.513614,0.577772,177.087112
4389,0.051698,0.018356,9.924379,0.434380,0.135890,-6.036226,-2.502662,0.572366,176.819733
4391,0.057858,0.062432,9.919447,-0.506887,0.132763,-3.370437,-2.505433,0.569994,176.662903
4392,0.063831,0.034294,9.923597,-1.725870,0.160153,-1.943697,-2.543530,0.570960,176.574203
4393,0.072030,0.007841,9.912722,-1.953012,0.138709,-1.032721,-2.605342,0.573696,176.524414
4394,0.069145,0.032872,9.905140,-2.290019,0.166095,-0.681760,-2.676349,0.577449,176.495636
4395,0.058912,0.085696,9.897841,-3.161072,0.324713,-0.745850,-2.767447,0.584487,176.471481
4396,0.052264,0.074905,9.904013,-2.667934,0.347526,-0.606991,-2.864834,0.594569,176.448410
4397,0.049116,0.051685,9.904009,-1.904706,0.208593,-0.426932,-2.941230,0.602953,176.430725
4398,0.039884,0.078618,9.936796,-1.355099,0.065085,-0.362844,-2.995701,0.606826,176.417343
4399,0.045724,0.035921,9.956523,-0.678839,0.032970,-0.300282,-3.029717,0.607878,176.406219
4400,0.052020,-0.029875,9.967033,0.371249,-0.138008,0.014056,-3.034893,0.605877,176.401550
4401,0.063122,-0.051546,9.966562,0.649201,-0.211331,0.157492,-3.017852,0.600214,176.404709
4402,0.068470,-0.029230,9.964438,0.771508,-0.119857,0.159016,-2.994116,0.594979,176.410263
4403,0.074668,-0.053833,9.940508,0.675605,0.008237,0.169696,-2.969939,0.593406,176.415833
4404,0.070243,-0.026412,9.929277,0.509509,0.003575,0.145279,-2.950133,0.593874,176.421066
4405,0.074821,-0.024256,9.925499,0.022973,0.014173,0.093395,-2.941217,0.594374,176.425034
4406,0.068673,-0.024818,9.928522,-0.101920,0.035451,0.055245,-2.942508,0.595327,176.427460
4407,0.066036,-0.029029,9.932702,-0.066591,0.035369,0.029302,-2.945302,0.596578,176.428802
4408,0.065975,-0.026111,9.934140,-0.031263,0.041391,0.020146,-2.946925,0.597898,176.429565
4409,0.060844,-0.037027,9.934916,-0.017300,0.055045,0.001833,-2.947732,0.599522,176.429840
4410,0.060311,-0.051113,9.935783,0.088213,0.058017,0.000305,-2.946551,0.601406,176.429779
4411,0.059649,-0.019194,9.925212,0.123538,0.056412,-0.005800,-2.943023,0.603306,176.429596
4412,0.055849,-0.005990,9.926438,0.206177,0.059386,-0.001224,-2.937530,0.605227,176.429382
4413,0.051868,-0.034430,9.931252,0.159109,0.057784,-0.011907,-2.931446,0.607166,176.429062
4414,0.055106,-0.042519,9.930727,0.182223,0.043975,-0.022590,-2.925764,0.608831,176.428406
4415,0.049530,-0.028204,9.929268,0.116836,0.050003,-0.028695,-2.920789,0.610351,176.427460
4416,0.051246,-0.060959,9.933954,0.057546,0.045350,-0.025645,-2.917893,0.611892,176.426483
4417,0.052831,-0.076200,9.930284,-0.010910,0.059007,-0.030225,-2.917128,0.613582,176.425461
4418,0.057643,-0.054849,9.924658,-0.022905,0.054353,-0.033277,-2.917703,0.615415,176.424316
4419,0.056033,-0.048150,9.921600,-0.132555,0.063429,-0.033279,-2.920308,0.617319,176.423096
4420,0.059164,-0.045670,9.918157,-0.147593,0.057246,-0.030230,-2.924989,0.619274,176.421936
4421,0.056633,-0.050220,9.923664,-0.127536,0.061745,-0.034808,-2.929587,0.621199,176.420761
4422,0.057619,-0.045185,9.925237,-0.101375,0.047933,-0.033284,-2.933416,0.622966,176.419525
4423,0.057320,-0.038228,9.922443,-0.049268,0.057008,-0.031760,-2.935940,0.624658,176.418365
4424,0.059819,-0.036148,9.930196,-0.006316,0.052350,-0.031761,-2.936878,0.626424,176.417206
4425,0.061780,-0.034108,9.933601,-0.001511,0.055321,-0.034815,-2.937022,0.628159,176.416016
4426,0.069332,-0.034311,9.933859,0.010925,0.050659,-0.042447,-2.936880,0.629857,176.414627
4427,0.069218,-0.032352,9.931442,-0.004105,0.053625,-0.056182,-2.936785,0.631509,176.412903
4428,0.068058,-0.011762,9.899440,0.022070,0.055066,-0.057710,-2.936508,0.633221,176.410919
4429,0.069948,0.010190,9.887855,0.019262,0.051928,-0.059237,-2.935842,0.634902,176.408875
4430,0.070220,0.012665,9.891589,0.028668,0.048790,-0.065343,-2.935067,0.636472,176.406708
4431,0.060827,0.017941,9.889358,0.045705,0.053283,-0.059240,-2.933851,0.638064,176.404556
4432,0.060774,0.011781,9.890818,0.045956,0.051674,-0.048560,-2.932345,0.639719,176.402664
4433,0.060107,0.017929,9.923568,0.098089,0.040911,-0.042459,-2.929962,0.641183,176.401077
4434,0.055548,0.010447,9.931335,0.083081,0.049985,-0.025674,-2.926956,0.642638,176.399872
4435,0.052096,0.001759,9.929847,0.077224,0.046854,-0.016520,-2.924293,0.644214,176.399078
4436,0.061554,-0.007130,9.931124,0.053051,0.043722,-0.016521,-2.922128,0.645693,176.398453
4437,0.059984,-0.006923,9.931697,0.054817,0.049743,-0.037886,-2.920342,0.647203,176.397461
4438,0.057730,-0.038359,9.936068,-0.041084,0.052713,-0.043990,-2.920129,0.648839,176.396011
4439,0.066831,-0.059392,9.932305,-0.025605,0.049577,-0.056200,-2.921260,0.650456,176.394257
4440,0.065238,-0.055129,9.930459,-0.028441,0.047965,-0.069935,-2.922186,0.651973,176.392075
4441,0.060067,-0.053023,9.929516,-0.052639,0.050933,-0.072989,-2.923565,0.653497,176.389618
4442,0.065831,-0.053266,9.929019,-0.028006,0.038640,-0.071466,-2.924938,0.654866,176.387131
4443,0.073126,-0.050114,9.927095,0.011888,0.029397,-0.071468,-2.925235,0.655876,176.384705
4444,0.064598,-0.040269,9.926917,0.042628,0.029309,-0.077573,-2.924355,0.656727,176.382172
4445,0.069585,-0.036914,9.927000,0.055059,0.026171,-0.074523,-2.922756,0.657521,176.379593
4446,0.068352,-0.031373,9.923831,0.088856,0.023031,-0.068422,-2.920385,0.658218,176.377167
4447,0.062321,-0.027656,9.922750,0.095190,0.041255,-0.042482,-2.917340,0.659194,176.375275
4448,0.056923,-0.022265,9.926134,0.077110,0.044224,-0.036380,-2.914484,0.660550,176.373886
4449,0.059251,-0.026638,9.926909,0.040719,0.056348,-0.027225,-2.912534,0.662171,176.372742
4450,0.053220,-0.030723,9.925123,0.025689,0.065422,-0.024176,-2.911438,0.664154,176.371780
4451,0.058979,-0.033447,9.936079,0.019812,0.069918,-0.030280,-2.910691,0.666361,176.370758
4452,0.066847,-0.030156,9.935852,0.004779,0.065254,-0.039438,-2.910296,0.668551,176.369476
4453,0.067261,-0.030405,9.932245,0.003482,0.074322,-0.037914,-2.910175,0.670809,176.368073
4454,0.067346,-0.028422,9.932725,0.014392,0.058974,-0.040967,-2.909894,0.672961,176.366653
4455,0.072679,-0.028522,9.937160,0.040561,0.052780,-0.042496,-2.908996,0.674751,176.365173
4456,0.069404,-0.024578,9.927451,0.051473,0.040483,-0.036393,-2.907478,0.676237,176.363770
4457,0.066617,-0.032882,9.929348,0.042545,0.035816,-0.050128,-2.905929,0.677433,176.362274
4458,0.070378,-0.040691,9.934013,0.042769,0.041831,-0.056234,-2.904529,0.678636,176.360428
4459,0.069729,-0.044321,9.932684,0.052147,0.047845,-0.063866,-2.902971,0.680027,176.358353
4460,0.066696,-0.038351,9.929241,0.061524,0.056911,-0.062342,-2.901103,0.681665,176.356171
4461,0.067028,-0.044168,9.928537,0.051065,0.075133,-0.073025,-2.899255,0.683748,176.353806
4462,0.063080,-0.035751,9.928084,0.049761,0.071993,-0.066924,-2.897604,0.686079,176.351349
4463,0.060225,-0.028881,9.919582,0.062194,0.061225,-0.068451,-2.895766,0.688183,176.348984
4464,0.060368,-0.031201,9.920313,0.054791,0.053509,-0.065401,-2.893844,0.689980,176.346664
4465,0.060208,-0.033555,9.916941,0.056880,0.044138,-0.063879,-2.892010,0.691497,176.344421
4466,0.057614,-0.030446,9.919296,0.076093,0.020905,-0.051678,-2.889818,0.692482,176.342453
4467,0.060418,-0.039605,9.916597,0.075464,0.028191,-0.063892,-2.887315,0.693202,176.340485
4468,0.062268,-0.040808,9.922659,0.070245,0.029368,-0.065425,-2.884913,0.694052,176.338287
4469,0.059824,-0.032683,9.926332,0.075714,0.039700,-0.080691,-2.882511,0.695079,176.335785
4470,0.064785,-0.031282,9.930154,0.073561,0.048505,-0.077646,-2.880056,0.696415,176.333084
4471,0.068582,-0.036334,9.929512,0.068352,0.063404,-0.079179,-2.877724,0.698146,176.330383
4472,0.067985,-0.030972,9.932501,0.076877,0.064567,-0.070030,-2.875335,0.700152,176.327789
4473,0.069745,-0.032249,9.927957,0.085405,0.068778,-0.071564,-2.872660,0.702253,176.325317
4474,0.072247,-0.038147,9.926449,0.078665,0.062305,-0.063943,-2.869955,0.704322,176.322952
4475,0.067089,-0.045352,9.925408,0.067333,0.061937,-0.076157,-2.867552,0.706273,176.320511
4476,0.068099,-0.045127,9.921571,0.080410,0.055468,-0.088373,-2.865124,0.708090,176.317673
4477,0.070082,-0.050900,9.922704,0.079746,0.047469,-0.096010,-2.862494,0.709650,176.314529
4478,0.067286,-0.057812,9.923875,0.072966,0.048627,-0.099069,-2.859990,0.711087,176.311203
4479,0.066953,-0.057369,9.921578,0.084491,0.051313,-0.099077,-2.857408,0.712586,176.307816
4480,0.067453,-0.057138,9.919900,0.086859,0.044843,-0.091455,-2.854592,0.714029,176.304565
4481,0.064598,-0.053908,9.923576,0.073970,0.041426,-0.085360,-2.851949,0.715318,176.301544
4482,0.056159,-0.051271,9.924381,0.077871,0.048702,-0.067056,-2.849451,0.716692,176.298935
4483,0.059485,-0.047495,9.922745,0.078726,0.046826,-0.064011,-2.846870,0.718174,176.296677
4484,0.062288,-0.047753,9.928219,0.076531,0.044944,-0.059440,-2.844309,0.719599,176.294540
4485,0.064387,-0.044332,9.928972,0.085021,0.035428,-0.065551,-2.841643,0.720834,176.292404
4486,0.064786,-0.046540,9.928382,0.085881,0.038116,-0.060980,-2.838822,0.721953,176.290222
4487,0.071023,-0.048447,9.921511,0.076053,0.033167,-0.074721,-2.836152,0.723028,176.287918
4488,0.069003,-0.043928,9.924235,0.079962,0.034317,-0.077781,-2.833585,0.724026,176.285324
4489,0.069670,-0.045681,9.921239,0.086925,0.036995,-0.068633,-2.830835,0.725092,176.282822
4490,0.067679,-0.045857,9.918070,0.081676,0.039672,-0.067115,-2.828054,0.726257,176.280502
4491,0.068171,-0.038514,9.918303,0.087116,0.045404,-0.062544,-2.825269,0.727566,176.278275
4492,0.063881,-0.030169,9.925195,0.080361,0.046561,-0.054922,-2.822503,0.729001,176.276230
4494,0.063014,-0.033467,9.921933,0.084293,0.038567,-0.056454,-2.819784,0.730326,176.274307
4495,0.063232,-0.032528,9.922537,0.085169,0.025994,-0.059513,-2.816985,0.731306,176.272324
4496,0.066300,-0.033024,9.926450,0.101305,0.028678,-0.051890,-2.813901,0.732125,176.270432
4497,0.064268,-0.048438,9.924520,0.094535,0.022205,-0.054950,-2.810660,0.732885,176.268616
4498,0.067430,-0.048979,9.921808,0.116741,0.024886,-0.056483,-2.807163,0.733578,176.266724
4499,0.068345,-0.048939,9.924958,0.116056,0.029089,-0.058016,-2.803308,0.734383,176.264771
4500,0.066014,-0.051328,9.922632,0.112318,0.053131,-0.065654,-2.799530,0.735651,176.262634
4501,0.062026,-0.056185,9.921246,0.103993,0.054288,-0.080920,-2.795957,0.737320,176.260117
4502,0.064625,-0.049124,9.925373,0.109401,0.053921,-0.088557,-2.792438,0.738983,176.257202
4503,0.067903,-0.054399,9.927734,0.110232,0.047444,-0.094668,-2.788818,0.740522,176.254074
4504,0.065467,-0.050034,9.926113,0.111062,0.044017,-0.088571,-2.785170,0.741896,176.250946
4505,0.065540,-0.050241,9.929609,0.096634,0.029911,-0.087054,-2.781747,0.742985,176.247955
4506,0.069963,-0.039921,9.928701,0.106630,0.023430,-0.074853,-2.778395,0.743742,176.245224
4507,0.066955,-0.035003,9.924539,0.110536,0.013895,-0.070283,-2.774808,0.744246,176.242783
4508,0.060994,-0.033398,9.920570,0.102241,0.022680,-0.067239,-2.771291,0.744744,176.240463
4509,0.061714,-0.034541,9.921671,0.107677,0.025365,-0.062667,-2.767821,0.745439,176.238251
4510,0.060055,-0.033195,9.918986,0.119216,0.031104,-0.064200,-2.764068,0.746277,176.236099
4511,0.058802,-0.038336,9.919457,0.123121,0.046000,-0.064206,-2.760057,0.747458,176.233902
4512,0.058377,-0.042994,9.920304,0.122437,0.065476,-0.079472,-2.755997,0.749198,176.231415
4513,0.061115,-0.044088,9.922767,0.126324,0.062059,-0.071848,-2.751885,0.751200,176.228790
4514,0.059454,-0.039100,9.925014,0.118005,0.054064,-0.076433,-2.747847,0.753015,176.226242
4515,0.065297,-0.045389,9.925014,0.109686,0.049116,-0.074914,-2.744086,0.754612,176.223633
4516,0.061859,-0.044259,9.929649,0.099832,0.044164,-0.082551,-2.740630,0.756039,176.220932
4517,0.059248,-0.040796,9.932847,0.099139,0.037692,-0.073401,-2.737349,0.757277,176.218277
4518,0.057317,-0.044121,9.928602,0.096918,0.029699,-0.071882,-2.734114,0.758284,176.215805
4519,0.057447,-0.049267,9.924520,0.103843,0.036965,-0.077992,-2.730802,0.759275,176.213257
4520,0.056281,-0.043930,9.925329,0.104664,0.039655,-0.068843,-2.727360,0.760434,176.210754
4521,0.058597,-0.043905,9.922600,0.123799,0.039291,-0.067324,-2.723583,0.761640,176.208420
4522,0.059383,-0.044616,9.918519,0.110889,0.041976,-0.064278,-2.719702,0.762889,176.206161
4523,0.060811,-0.046433,9.921080,0.116287,0.044659,-0.071915,-2.715946,0.764224,176.203827
4524,0.061854,-0.054083,9.922804,0.101836,0.050390,-0.053610,-2.712340,0.765707,176.201660
4525,0.057297,-0.050354,9.919218,0.104167,0.046969,-0.045988,-2.708930,0.767249,176.199936
4526,0.057011,-0.053400,9.917051,0.091236,0.038973,-0.047520,-2.705695,0.768606,176.198303
4527,0.058635,-0.053690,9.921178,0.107295,0.034028,-0.053630,-2.702409,0.769742,176.196564
4528,0.059635,-0.047622,9.920700,0.098942,0.038236,-0.055163,-2.698997,0.770860,176.194687
4529,0.059983,-0.038652,9.921047,0.104338,0.033286,-0.070428,-2.695638,0.771952,176.192551
4530,0.059076,-0.047247,9.925991,0.114309,0.031389,-0.090272,-2.692031,0.772903,176.189819
4531,0.059811,-0.045507,9.923108,0.109014,0.040173,-0.071967,-2.688346,0.773967,176.187057
4532,0.060118,-0.041546,9.922863,0.105249,0.042852,-0.061293,-2.684806,0.775245,176.184784
4533,0.061385,-0.043578,9.928555,0.113691,0.033321,-0.061299,-2.681186,0.776418,176.182678
4534,0.063442,-0.043432,9.927025,0.117554,0.031417,-0.062832,-2.677360,0.777399,176.180557
4535,0.062504,-0.035196,9.925784,0.115318,0.035615,-0.049106,-2.673505,0.778428,176.178650
4536,0.060313,-0.035568,9.928516,0.116142,0.029133,-0.072000,-2.669675,0.779412,176.176575
4537,0.061328,-0.035229,9.924196,0.120016,0.027231,-0.075059,-2.665773,0.780236,176.174088
4538,0.060655,-0.035842,9.921535,0.120837,0.031432,-0.078117,-2.661794,0.781094,176.171494
4539,0.064915,-0.045213,9.917898,0.123172,0.027999,-0.078124,-2.657764,0.781963,176.168839
4540,0.065845,-0.046511,9.912736,0.130074,0.021509,-0.079657,-2.653579,0.782665,176.166183
4541,0.067037,-0.044405,9.911066,0.140026,0.022646,-0.058301,-2.649109,0.783294,176.163849
4542,0.066318,-0.047886,9.914556,0.134718,0.017679,-0.070515,-2.644560,0.783866,176.161667
4543,0.064221,-0.045008,9.915836,0.137036,0.017292,-0.065945,-2.640062,0.784343,176.159378
4544,0.056918,-0.039776,9.918463,0.142412,0.013862,-0.065951,-2.635435,0.784761,176.157150
4545,0.062144,-0.039768,9.921932,0.135585,0.011961,-0.072061,-2.630834,0.785085,176.154831
4546,0.063777,-0.039022,9.924370,0.130283,0.011578,-0.081224,-2.626438,0.785360,176.152267
4547,0.063904,-0.037636,9.922441,0.147871,0.020349,-0.075126,-2.621838,0.785772,176.149643
4548,0.061670,-0.038509,9.920233,0.148672,0.021492,-0.075133,-2.616930,0.786354,176.147110
4549,0.064347,-0.036685,9.924133,0.143369,0.025687,-0.073613,-2.612098,0.787027,176.144592
4550,0.058077,-0.031932,9.921960,0.151803,0.026833,-0.078198,-2.607213,0.787786,176.142029
4551,0.055746,-0.028367,9.922151,0.141933,0.027987,-0.084307,-2.602355,0.788576,176.139282
4552,0.054886,-0.032130,9.918890,0.133587,0.015410,-0.084313,-2.597802,0.789171,176.136429
4553,0.052962,-0.032048,9.919217,0.135918,0.018096,-0.087370,-2.593350,0.789599,176.133545
4554,0.051474,-0.033844,9.916061,0.144349,0.017732,-0.088902,-2.588720,0.790063,176.130585
4555,0.055341,-0.039218,9.919276,0.142091,0.020418,-0.082803,-2.583986,0.790569,176.127701
4556,0.054262,-0.047041,9.918552,0.150498,0.020049,-0.079757,-2.579148,0.791120,176.124969
4557,0.056098,-0.035119,9.920968,0.090242,0.027310,-0.066030,-2.575169,0.791800,176.122498
4558,0.059586,-0.035058,9.920067,-0.130226,0.016253,-0.037043,-2.575860,0.792448,176.120758
4559,0.056211,-0.026155,9.920949,-0.426982,0.011300,-0.012635,-2.585159,0.792869,176.119904
4560,0.051063,-0.010073,9.921420,-0.629105,-0.002801,0.033138,-2.602756,0.793026,176.120239
4561,0.041737,0.051174,9.934846,-1.110394,-0.097762,0.236082,-2.631684,0.791557,176.124802
4562,0.047702,0.041997,9.937627,-1.609936,-0.316319,1.162317,-2.676698,0.785742,176.148407
4563,0.048042,0.111250,9.937592,0.206947,-0.334985,4.313351,-2.698829,0.779176,176.240082
4564,0.056592,0.080821,9.939866,1.669862,-0.234635,6.814340,-2.665023,0.778353,176.425797
4565,0.065157,0.061885,9.938018,1.683101,-0.222804,7.665803,-2.605849,0.781820,176.667252
4566,0.078625,0.000973,9.928041,2.044157,-0.125543,7.996923,-2.540152,0.787742,176.928314
4567,0.069488,0.010695,9.928696,2.385307,0.099890,7.322458,-2.462795,0.798453,177.183441
4568,0.069708,-0.055986,9.928856,0.574823,0.113226,4.719223,-2.410642,0.810525,177.383820
4569,0.069938,-0.027022,9.926021,-0.787096,0.001431,2.875898,-2.412382,0.817777,177.510223
4570,0.063967,-0.026510,9.932418,-0.710048,-0.024910,2.816381,-2.435980,0.821412,177.605026
4571,0.064108,-0.028251,9.932665,-0.349175,-0.052772,3.329085,-2.452163,0.824486,177.707428
4572,0.066220,-0.033911,9.933079,0.431328,-0.112684,4.168338,-2.448993,0.827070,177.832397
4573,0.068624,-0.026413,9.933586,1.805420,-0.189385,5.213591,-2.409453,0.828661,177.988861
4574,0.058664,-0.013304,9.938195,3.411465,-0.255398,6.402281,-2.319703,0.829229,178.182617
4575,0.052378,0.017637,9.936442,5.118242,-0.312240,7.574188,-2.174168,0.828893,178.415771
4576,0.050334,0.053549,9.934875,6.916598,-0.370600,9.174881,-1.969550,0.827595,178.695175
4577,0.046557,0.111995,9.931658,8.048160,-0.386228,10.836611,-1.715323,0.825698,179.028961
4578,0.043934,0.156382,9.928616,8.529696,-0.345390,12.536492,-1.433416,0.824214,179.418747
4579,0.049386,0.193792,9.921035,8.970025,-0.293874,14.359977,-1.135308,0.823631,179.867172
4580,0.055342,0.245649,9.914274,8.865587,-0.205745,16.523743,-0.830647,0.824160,-179.617996
4581,0.061354,0.306958,9.910987,7.267276,-0.090162,18.199213,-0.553432,0.826269,-179.039215
4582,0.069341,0.347818,9.907181,5.250864,0.011674,18.856895,-0.335870,0.829854,-178.421585
4583,0.068426,0.359455,9.909426,2.805635,0.125711,19.017128,-0.192423,0.835154,-177.790329
4584,0.068495,0.369248,9.911694,-0.069945,0.226012,18.998825,-0.137546,0.842954,-177.156693
4585,0.075859,0.324861,9.918559,-3.147014,0.269846,18.229769,-0.181973,0.853081,-176.536209
4586,0.068812,0.248543,9.925237,-4.649445,0.264846,17.063969,-0.303092,0.864624,-175.947968
4587,0.068051,0.184686,9.932722,-4.514667,0.218650,17.015144,-0.447194,0.876476,-175.380005
4588,0.068796,0.171338,9.935780,-3.652051,0.119044,17.012098,-0.574578,0.887155,-174.812912
4589,0.071434,0.143820,9.937819,-2.543756,0.024008,17.237938,-0.668963,0.895698,-174.242081
4591,0.062896,0.164361,9.936171,-0.492410,-0.064922,17.338654,-0.710528,0.901906,-173.665787
4592,0.075144,0.205154,9.927742,0.738072,-0.105028,17.886465,-0.697173,0.906199,-173.078644
4593,0.070472,0.214485,9.926671,0.377064,-0.088684,17.630112,-0.669207,0.909976,-172.486649
4594,0.064917,0.207406,9.928154,-0.064820,-0.063176,17.143349,-0.654776,0.914156,-171.907043
4595,0.062999,0.196331,9.930796,-0.239694,-0.063603,16.502464,-0.650882,0.918451,-171.346237
4596,0.060754,0.200780,9.923997,-0.178057,-0.065553,16.655062,-0.648966,0.922574,-170.793564
4597,0.047579,0.188561,9.926919,-0.107274,-0.075120,17.028917,-0.644662,0.926565,-170.232117
4598,0.045435,0.182504,9.932076,0.271729,-0.090777,18.057396,-0.632445,0.930314,-169.647293
4599,0.048688,0.215211,9.923623,1.088694,-0.132377,19.957178,-0.599467,0.933390,-169.013641
4600,0.071216,0.189057,9.916381,0.434667,-0.103810,19.249153,-0.563418,0.936051,-168.360138
4601,0.080342,0.154951,9.923977,-1.310467,-0.049334,15.881440,-0.568431,0.939311,-167.774567
4602,0.065352,0.259336,9.930330,-3.035702,-0.007061,12.120039,-0.633196,0.943343,-167.307846
4603,0.042076,0.297220,9.919216,-3.228760,-0.050204,11.897262,-0.730998,0.947232,-166.907532
4604,0.040452,0.163541,9.896241,-2.587199,-0.120791,14.004571,-0.820782,0.950236,-166.475784
4605,0.029415,0.164954,9.895435,-1.826713,-0.188316,17.286840,-0.885686,0.952815,-165.954178
4606,0.005362,0.170083,9.895830,-1.044833,-0.228340,20.955172,-0.922928,0.955885,-165.316696
4607,0.027510,0.032793,9.890888,-0.006706,-0.301934,24.594505,-0.927763,0.959259,-164.557419
4608,0.054750,-0.033456,9.895754,-0.146783,-0.287074,24.869169,-0.916495,0.962649,-163.732895
4609,0.059216,0.038512,9.923624,-1.620515,-0.229519,22.154547,-0.932751,0.966695,-162.949066
4610,0.048552,0.056513,9.930739,-2.088574,-0.234521,20.720179,-0.982481,0.970995,-162.234390
4611,0.070224,0.036998,9.926599,-2.318581,-0.283788,21.649467,-1.043940,0.974875,-161.528122
4612,0.073970,0.018272,9.934784,-2.547077,-0.336132,23.352396,-1.112246,0.978664,-160.777954
4613,0.064144,0.005368,9.930419,-1.966845,-0.454087,25.236912,-1.173620,0.981652,-159.967957
4614,0.059508,-0.001963,9.926496,-1.215706,-0.587287,28.249084,-1.211380,0.982807,-159.076263
4615,0.069797,-0.000198,9.917641,-0.688866,-0.697606,31.137663,-1.226147,0.982389,-158.086182
4616,0.065571,-0.020145,9.922791,-0.047591,-0.789619,33.280056,-1.220027,0.980480,-157.012207
4617,0.060611,-0.007041,9.912790,0.760005,-0.848054,34.221550,-1.188936,0.976788,-155.886795
4618,0.057240,-0.014033,9.920818,0.676461,-0.840863,34.360405,-1.145555,0.971865,-154.743393
4619,0.062544,-0.026372,9.922630,0.341107,-0.795525,33.243423,-1.109528,0.966777,-153.616302
4620,0.045012,-0.054720,9.927680,0.385657,-0.766960,32.376698,-1.079004,0.961652,-152.522293
4621,0.055893,-0.047450,9.922318,0.619391,-0.759748,32.149330,-1.044251,0.956133,-151.446533
4622,0.047379,-0.053042,9.928202,0.744773,-0.760167,32.495712,-1.003588,0.950040,-150.368774
4623,0.074126,-0.060228,9.925812,1.102072,-0.774335,33.115234,-0.954737,0.943147,-149.274948
4624,0.084898,-0.042909,9.926690,1.302196,-0.771751,32.813099,-0.896654,0.935108,-148.175827
4625,0.083682,-0.050667,9.935723,1.137614,-0.729501,31.426027,-0.838597,0.926286,-147.104874
4626,0.082809,-0.060955,9.931394,1.711543,-0.707081,30.406702,-0.774534,0.916861,-146.074066
4627,0.098573,-0.052595,9.918646,1.742222,-0.670941,29.839056,-0.700991,0.906779,-145.069717
4628,0.101277,-0.036278,9.914560,1.008412,-0.619556,29.846682,-0.639487,0.896905,-144.074722
4629,0.087585,-0.040512,9.929263,0.422606,-0.627668,32.367508,-0.599486,0.887383,-143.037613
4630,0.113412,-0.003812,9.914103,0.969051,-0.782277,38.402538,-0.558138,0.875850,-141.857910
4631,0.134348,0.043189,9.921000,0.160542,-0.849951,42.095280,-0.518977,0.861223,-140.516098
4632,0.138578,0.029729,9.932074,-0.467891,-0.873392,42.746845,-0.503039,0.845198,-139.101929
4633,0.124830,0.030664,9.937004,-0.438668,-0.892240,41.419289,-0.497662,0.828089,-137.699036
4634,0.130760,0.020923,9.925687,-0.067652,-0.880557,38.710770,-0.487012,0.810019,-136.363403
4635,0.124108,-0.007666,9.933104,-0.600023,-0.771209,33.576027,-0.481291,0.792638,-135.158478
4636,0.102359,-0.043020,9.929659,-0.577022,-0.704553,29.771894,-0.486444,0.777012,-134.102539
4637,0.088094,-0.025606,9.929238,-0.279371,-0.703471,28.352781,-0.487707,0.761785,-133.133621
4638,0.087999,-0.034809,9.928174,-0.076320,-0.723734,28.650333,-0.481134,0.746013,-132.183395
4639,0.090899,-0.050196,9.916453,-0.135751,-0.742469,28.548094,-0.472392,0.729496,-131.229904
4640,0.084475,-0.045083,9.916325,-0.370676,-0.765772,29.098951,-0.468743,0.712255,-130.268951
4641,0.084568,-0.036110,9.917750,-0.387382,-0.825686,30.214399,-0.469245,0.693841,-129.280212
4642,0.079799,-0.047136,9.918413,-0.253024,-0.910005,32.161480,-0.467514,0.673413,-128.240417
4643,0.084285,-0.042973,9.902096,0.662600,-1.014154,34.374065,-0.447879,0.650193,-127.131302
4644,0.098434,-0.044960,9.912359,0.519230,-1.086269,37.235176,-0.414912,0.624102,-125.937630
4645,0.104801,-0.070506,9.920005,0.673381,-1.118721,38.487961,-0.381594,0.596144,-124.675446
4646,0.095502,-0.078798,9.924676,1.140303,-1.119118,38.117157,-0.338409,0.566860,-123.398582
4647,0.100889,-0.088518,9.917929,1.599566,-1.055411,36.238743,-0.280808,0.537274,-122.159248
4648,0.101914,-0.090610,9.932412,0.909779,-0.939821,33.962055,-0.228303,0.509173,-120.989197
4649,0.090567,-0.095815,9.934750,1.098898,-0.859306,31.624338,-0.185357,0.483188,-119.896065
4650,0.084153,-0.097758,9.923913,1.387181,-0.775713,29.105032,-0.135604,0.458753,-118.883904
4651,0.077344,-0.101539,9.917532,1.005562,-0.687522,27.438719,-0.088366,0.436181,-117.941498
4652,0.076500,-0.096178,9.920999,0.626980,-0.637464,26.611664,-0.054462,0.415243,-117.040672
4653,0.070009,-0.068725,9.920214,0.489554,-0.645273,26.591827,-0.029586,0.394538,-116.153976
4654,0.071131,-0.075718,9.915671,0.312514,-0.666704,27.670656,-0.010162,0.372996,-115.249634
4655,0.069116,-0.039472,9.911695,0.144637,-0.666770,27.786625,0.003296,0.350840,-114.325394
4656,0.081758,0.010040,9.917713,-0.041532,-0.701933,28.595366,0.010580,0.327927,-113.385742
4657,0.070403,0.055987,9.928848,-0.471828,-0.813390,32.144672,0.007592,0.302525,-112.373482
4658,0.079747,0.036691,9.923158,-0.448918,-0.952312,36.723976,-0.001989,0.273072,-111.225761
4659,0.066940,0.039327,9.919064,-0.622855,-1.100386,40.674595,-0.014088,0.239037,-109.935921
4660,0.063885,0.039644,9.922863,-1.118761,-1.340008,46.625702,-0.037554,0.199034,-108.481117
4661,0.082821,0.037232,9.925622,-1.663496,-1.654403,52.972027,-0.078860,0.150860,-106.821419
4662,0.084428,-0.132563,9.905200,-1.483454,-1.874191,58.279194,-0.127330,0.095439,-104.967575
4663,0.072660,-0.152021,9.917685,-1.301930,-1.924595,58.404316,-0.171501,0.037165,-103.023270
4664,0.068891,-0.166284,9.918735,-0.667208,-1.938368,57.378899,-0.204044,-0.020907,-101.093948
4665,0.079779,-0.296047,9.922729,0.226888,-1.877367,55.947575,-0.213012,-0.077702,-99.205544
4666,0.058318,-0.331419,9.915915,2.482072,-1.553900,50.841827,-0.171078,-0.129036,-97.426033
4667,0.070595,-0.195566,9.920762,3.199146,-1.254841,42.418724,-0.080478,-0.172736,-95.871979
4668,0.077581,-0.193254,9.916063,3.531714,-1.088538,38.059158,0.027201,-0.211303,-94.530907
4669,0.084908,-0.163531,9.919260,3.524001,-0.923761,34.743320,0.139941,-0.246675,-93.317749
4670,0.077738,-0.039246,9.920648,2.883057,-0.758981,31.215380,0.241686,-0.278407,-92.218643
4671,0.079641,-0.064344,9.921343,1.213654,-0.780360,30.789648,0.304669,-0.308963,-91.185440
4672,0.074796,-0.125384,9.926579,0.658148,-0.771218,30.753023,0.330050,-0.340378,-90.159958
4673,0.071837,-0.116732,9.923734,0.632124,-0.711715,28.267294,0.345450,-0.370849,-89.176514
4674,0.077733,-0.100910,9.923322,0.410783,-0.626269,24.661531,0.356908,-0.398556,-88.294571
4675,0.074288,-0.110181,9.921834,0.467162,-0.589652,22.493193,0.365901,-0.423767,-87.508820
4676,0.073404,-0.104165,9.919033,0.598310,-0.560660,21.096973,0.378134,-0.447660,-86.782486
4677,0.085787,-0.067595,9.922305,0.657749,-0.553033,20.301964,0.393537,-0.470876,-86.092644
4678,0.085204,-0.086224,9.922820,0.448628,-0.553036,20.593418,0.406238,-0.494070,-85.411201
4679,0.079986,-0.057395,9.915428,0.889553,-0.585079,22.120871,0.422253,-0.518174,-84.699463
4680,0.087935,-0.083790,9.913706,0.982566,-0.617122,24.055746,0.446322,-0.544063,-83.930023
4681,0.088188,-0.130141,9.925266,1.188478,-0.615594,23.752087,0.474754,-0.571012,-83.133415
4682,0.082083,-0.078883,9.915757,1.635486,-0.586596,23.472843,0.513792,-0.597850,-82.346550
4683,0.085940,-0.050616,9.919978,1.432465,-0.563699,23.793287,0.556524,-0.624404,-81.558983
4684,0.090988,-0.145482,9.937644,0.793011,-0.517913,22.661051,0.585007,-0.650129,-80.784950
4685,0.061397,-0.083577,9.933829,1.099619,-0.478222,20.422520,0.608254,-0.674173,-80.067085
4686,0.070634,-0.010988,9.937202,0.292332,-0.443103,20.865038,0.623221,-0.696943,-79.379150
4687,0.066232,-0.028425,9.952347,-0.414232,-0.523952,24.171721,0.611905,-0.721109,-78.628731
4688,0.083863,-0.067627,9.939864,-0.510440,-0.621589,26.915335,0.585573,-0.749058,-77.777489
4689,0.058198,-0.101688,9.915257,0.151722,-0.758895,30.820179,0.566741,-0.781737,-76.815491
4690,0.092389,-0.149540,9.935872,-0.069646,-0.844320,34.663986,0.552863,-0.819166,-75.724396
4691,0.080548,-0.183300,9.916697,0.630627,-0.929746,37.027645,0.544708,-0.860155,-74.529869
4692,0.081658,-0.227044,9.915854,1.535356,-0.986175,38.533737,0.561417,-0.904297,-73.270882
4694,0.093288,-0.139785,9.930322,2.255459,-0.963254,43.012329,0.602596,-0.950666,-71.912201
4695,0.113149,-0.007791,9.945316,1.194857,-0.839627,42.914665,0.635784,-0.996235,-70.480515
4696,0.108367,0.012743,9.932288,0.312821,-0.731258,41.715294,0.635889,-1.037952,-69.070396
4697,0.106930,0.041728,9.937135,-0.329632,-0.641195,40.004734,0.610502,-1.075546,-67.708717
4698,0.114148,0.031392,9.937170,-1.272690,-0.512983,36.884216,0.559393,-1.107797,-66.427452
4699,0.075299,-0.040139,9.933017,-2.108947,-0.459529,31.403091,0.480780,-1.134239,-65.289452
4700,0.079228,-0.081258,9.933665,-1.649716,-0.517458,30.650810,0.397448,-1.158355,-64.255272
4701,0.071043,-0.070359,9.933612,-0.940234,-0.570807,30.315109,0.333519,-1.183003,-63.239182
4702,0.084790,-0.077939,9.944001,-0.967767,-0.611946,30.515005,0.280561,-1.208198,-62.225330
4703,0.082028,-0.003550,9.937753,-1.149397,-0.643931,30.778990,0.223507,-1.233620,-61.203712
4704,0.077524,-0.018341,9.931922,-1.031928,-0.736950,32.346119,0.164255,-1.260180,-60.151566
4705,0.086086,0.013584,9.930315,-1.080775,-0.791818,33.482929,0.104640,-1.288246,-59.054306
4706,0.086050,-0.010904,9.923383,-0.911407,-0.909249,35.961033,0.045111,-1.318106,-57.896770
4707,0.065522,-0.056938,9.920587,-0.775623,-1.011414,38.426929,-0.011884,-1.350495,-56.656792
4708,0.064708,-0.025063,9.920859,-0.514710,-1.113571,41.033211,-0.065009,-1.385037,-55.332226
4709,0.067332,-0.071878,9.926198,-0.827546,-1.317963,45.723911,-0.122822,-1.423218,-53.886005
4710,0.047314,-0.117337,9.937750,-1.253316,-1.638318,50.851017,-0.198123,-1.467950,-52.276066
4711,0.043231,-0.128679,9.958187,-2.394754,-2.196708,53.156689,-0.304209,-1.524222,-50.542149
4712,0.104499,-0.112730,9.907205,-1.349532,-2.646767,54.655155,-0.415566,-1.593514,-48.744606
4713,0.039441,-0.263376,9.962409,0.925563,-1.874553,55.613438,-0.474794,-1.654719,-46.906033
4714,0.015187,-0.132855,9.970462,1.334453,-1.595187,50.152149,-0.488616,-1.698022,-45.142590
4715,-0.020815,-0.141438,9.956332,1.526694,-1.091490,43.599831,-0.487676,-1.729547,-43.579403
4716,-0.008636,-0.210539,9.926830,2.574960,-0.384837,38.397953,-0.460711,-1.742883,-42.212246
4717,-0.061205,-0.147292,9.978750,1.758544,0.126509,34.802876,-0.425499,-1.737884,-40.991852
4718,0.005581,-0.051773,9.924187,-0.225170,-0.735481,33.600449,-0.434505,-1.739424,-39.851368
4719,0.071942,-0.170645,9.919282,0.150190,-1.066479,38.469677,-0.472521,-1.759784,-38.649567
4720,0.121760,-0.212963,9.922694,0.055528,-1.125893,38.558182,-0.508846,-1.785359,-37.365055
4721,0.096684,-0.106970,9.937175,0.218767,-1.267708,39.012909,-0.544901,-1.813351,-36.071426
4722,0.088344,-0.156857,9.932441,1.102258,-1.513276,42.749901,-0.566443,-1.846495,-34.707829
4723,0.075133,-0.205759,9.932195,0.868750,-1.375830,41.469654,-0.579288,-1.880688,-33.303242
4724,0.025943,-0.150496,9.930812,0.636772,-1.140707,36.811005,-0.597361,-1.909208,-31.997686
4725,0.021540,-0.122564,9.943079,1.370725,-1.300782,38.184341,-0.605872,-1.936757,-30.746870
4726,0.037716,-0.188140,9.941236,1.793382,-1.329629,40.256554,-0.597715,-1.966924,-29.438551
4727,0.042210,-0.162075,9.944992,0.751141,-1.050241,34.302391,-0.598280,-1.993647,-28.194990
4728,0.045487,-0.144809,9.941877,0.175843,-1.051623,32.404144,-0.621757,-2.016761,-27.082350
4729,0.048250,-0.234977,9.938282,-0.399471,-1.094204,32.100487,-0.663578,-2.040418,-26.006367
4730,0.042418,-0.198756,9.924475,-0.518544,-0.997924,29.044060,-0.715399,-2.062974,-24.986382
4731,0.039651,-0.186147,9.921021,-1.006875,-0.892484,25.847252,-0.773944,-2.082575,-24.070669
4732,0.057783,-0.190962,9.915095,-0.825319,-0.942690,26.831476,-0.836557,-2.100780,-23.191818
4733,0.060299,-0.285292,9.916204,-0.077662,-0.962382,28.528309,-0.885608,-2.118675,-22.268215
4734,0.051979,-0.180240,9.916411,0.711201,-0.765388,24.948490,-0.908146,-2.133568,-21.376043
4735,0.050501,-0.170944,9.918411,0.798169,-0.736244,23.750641,-0.913320,-2.145744,-20.563580
4736,0.047930,-0.161199,9.920993,0.866832,-0.687259,22.319326,-0.914427,-2.157227,-19.794966
4737,0.024625,-0.177685,9.923983,1.100293,-0.616906,20.909374,-0.908855,-2.167503,-19.073750
4738,0.011508,-0.068331,9.919995,0.720354,-0.557222,18.506044,-0.903434,-2.176696,-18.416155
4739,0.026224,-0.127162,9.921484,0.363316,-0.673021,21.342741,-0.910684,-2.186670,-17.751307
4740,0.026439,-0.125296,9.921363,0.189376,-0.706422,22.191158,-0.929260,-2.197987,-17.024965
4741,0.019993,-0.099077,9.927211,-0.344675,-0.881732,25.481054,-0.962448,-2.211327,-16.229544
4742,0.032551,-0.214299,9.925659,-0.129517,-1.053991,31.111721,-1.006923,-2.227344,-15.285263
4743,0.042063,-0.252109,9.935078,0.775327,-0.957691,29.785696,-1.035786,-2.242792,-14.269179
4744,0.041842,-0.217214,9.932823,1.179669,-0.865969,27.513597,-1.040725,-2.255944,-13.313142
4745,0.055673,-0.237953,9.924808,1.439054,-0.864279,27.669247,-1.033423,-2.268163,-12.392405
4746,0.067721,-0.274164,9.922820,1.968513,-0.679483,24.481592,-1.011147,-2.278398,-11.522278
4747,0.050414,-0.160096,9.922240,1.620583,-0.528256,19.189686,-0.980340,-2.285921,-10.793647
4748,0.043395,-0.159330,9.917653,0.729448,-0.593703,20.118979,-0.967377,-2.293487,-10.137783
4749,0.040143,-0.095522,9.914311,0.218283,-0.601162,19.673409,-0.978205,-2.302094,-9.473824
4750,0.020293,-0.122277,9.920642,-0.227258,-0.573518,18.280243,-1.003842,-2.310704,-8.840528
4751,0.018110,-0.131380,9.923034,-0.207400,-0.535187,16.836720,-1.034754,-2.318747,-8.254548
4752,0.025626,-0.141970,9.919218,0.055078,-0.428190,14.096160,-1.058206,-2.325385,-7.738381
4753,0.026388,-0.123251,9.914368,0.457945,-0.322720,10.757437,-1.066500,-2.330227,-7.323660
4754,0.026468,-0.192120,9.918266,0.697529,-0.243191,8.341902,-1.060210,-2.333764,-7.004957
4755,0.026423,-0.162105,9.916869,1.219398,-0.163661,6.324630,-1.038231,-2.336076,-6.760230
4756,0.006119,-0.130855,9.914259,1.455935,-0.181785,6.521478,-1.002383,-2.338034,-6.545882
4757,-0.004060,-0.160991,9.909686,2.180763,-0.335710,11.175555,-0.953828,-2.341626,-6.250584
4758,0.046940,-0.133636,9.921031,2.858285,-0.520163,17.955242,-0.889732,-2.348073,-5.764502
4759,0.063284,-0.091561,9.918458,3.662470,-0.651223,22.404842,-0.808701,-2.357607,-5.091069
4760,0.061906,-0.060754,9.917276,3.058238,-0.661739,23.428740,-0.728229,-2.369247,-4.326334
4761,0.076264,-0.058734,9.917171,1.895518,-0.579175,21.384001,-0.676652,-2.380728,-3.578651
4762,0.085891,-0.021580,9.928346,0.297913,-0.395905,15.687721,-0.665837,-2.389689,-2.960131
4763,0.037292,-0.053168,9.921030,-0.831233,-0.197366,8.210687,-0.691368,-2.394802,-2.561397
4764,0.023419,-0.065179,9.922253,-1.723871,-0.058321,2.946245,-0.741733,-2.396700,-2.375248
4765,0.028935,-0.080333,9.920339,-1.534632,-0.024564,0.745863,-0.798618,-2.397226,-2.313646
4766,0.028769,-0.074534,9.917792,-0.727390,-0.035061,0.277404,-0.837033,-2.397968,-2.296564
4767,0.026763,-0.070889,9.911842,-0.101728,-0.034874,0.013420,-0.851055,-2.399062,-2.291696
4768,0.030820,-0.062307,9.913101,0.153141,-0.030110,-0.174267,-0.850087,-2.400185,-2.294363
4769,0.026085,-0.079822,9.917876,0.055517,-0.016191,-0.137643,-0.846392,-2.401033,-2.299554
4770,0.022719,-0.097277,9.927617,0.064702,-0.012951,-0.111702,-0.844214,-2.401580,-2.303706
4771,0.021377,-0.110353,9.925333,0.098292,-0.012761,-0.105596,-0.841346,-2.402062,-2.307324
4772,0.022540,-0.116092,9.933682,0.104412,-0.012572,-0.099489,-0.837824,-2.402534,-2.310739
4773,0.016519,-0.113073,9.932603,0.095271,-0.003225,-0.090331,-0.834364,-2.402843,-2.313901
4774,0.017962,-0.117845,9.928543,0.104441,-0.004559,-0.090329,-0.830909,-2.403017,-2.316912
4775,0.022948,-0.120096,9.925747,0.101401,0.007838,-0.107113,-0.827340,-2.403010,-2.320207
4776,0.020753,-0.115554,9.932324,0.099887,0.004977,-0.102533,-0.823839,-2.402846,-2.323706
4777,0.020426,-0.113842,9.928337,0.112108,0.006693,-0.101004,-0.820163,-2.402701,-2.327104
4778,0.023553,-0.115521,9.929242,0.130433,0.000779,-0.111684,-0.815972,-2.402627,-2.330654
4779,0.022990,-0.110752,9.930426,0.133499,-0.011240,-0.114734,-0.811415,-2.402855,-2.334428
4780,0.020620,-0.111504,9.929179,0.145721,-0.026310,-0.094894,-0.806615,-2.403530,-2.337915
4781,0.023912,-0.109735,9.923450,0.153365,-0.013912,-0.096418,-0.801497,-2.404245,-2.341097
4782,0.024758,-0.108336,9.921535,0.157956,-0.027458,-0.096416,-0.796174,-2.404979,-2.344304
4783,0.022724,-0.107451,9.920410,0.159497,-0.021165,-0.091837,-0.790751,-2.405833,-2.347432
4784,0.024923,-0.105291,9.923820,0.154933,-0.008769,-0.087257,-0.785385,-2.406373,-2.350412
4785,0.020360,-0.102138,9.921199,0.161053,0.000577,-0.090307,-0.779995,-2.406550,-2.353372
4786,0.019300,-0.100837,9.927081,0.145811,-0.009913,-0.094882,-0.774751,-2.406747,-2.356459
4787,0.021078,-0.107325,9.926526,0.141247,-0.011248,-0.090302,-0.769837,-2.407142,-2.359543
4788,0.021009,-0.105790,9.929895,0.138208,-0.011058,-0.079620,-0.765061,-2.407551,-2.362373
4789,0.017681,-0.110143,9.932255,0.139747,-0.018497,-0.075039,-0.760320,-2.408078,-2.364946
4790,0.024732,-0.108323,9.940453,0.135179,-0.024410,-0.078089,-0.755631,-2.408827,-2.367491
4791,0.025987,-0.111678,9.939880,0.153502,-0.016592,-0.065880,-0.750719,-2.409542,-2.369883
4792,0.022071,-0.108246,9.942091,0.159615,-0.004196,-0.068929,-0.745406,-2.409918,-2.372127
4793,0.024120,-0.107288,9.940318,0.162677,-0.008584,-0.068927,-0.739938,-2.410161,-2.374424
4794,0.023841,-0.106755,9.934046,0.167265,-0.011446,-0.073503,-0.734339,-2.410525,-2.376795
4795,0.021872,-0.102953,9.933881,0.168803,-0.006679,-0.075027,-0.728634,-2.410858,-2.379269
4797,0.020924,-0.093440,9.932034,0.159661,-0.021748,-0.079603,-0.723051,-2.411365,-2.381842
4798,0.020857,-0.088670,9.932021,0.179514,-0.027661,-0.090282,-0.717279,-2.412224,-2.384666
4799,0.023541,-0.090260,9.930266,0.178006,-0.033574,-0.097910,-0.711189,-2.413284,-2.387793
4800,0.025985,-0.087057,9.932231,0.190231,-0.027281,-0.096383,-0.704916,-2.414338,-2.391021
4801,0.026938,-0.094029,9.931180,0.202453,-0.019463,-0.084174,-0.698245,-2.415154,-2.394023
4802,0.025760,-0.102096,9.929250,0.207042,-0.004016,-0.088750,-0.691299,-2.415580,-2.396903
4803,0.028346,-0.106125,9.928462,0.178057,-0.011456,-0.079592,-0.684762,-2.415872,-2.399708
4804,0.021759,-0.109721,9.931604,0.179588,-0.014319,-0.068909,-0.678697,-2.416331,-2.402179
4805,0.024397,-0.112098,9.933948,0.179591,-0.014129,-0.064329,-0.672617,-2.416831,-2.404396
4806,0.022948,-0.106341,9.928967,0.185699,-0.026147,-0.065853,-0.666438,-2.417528,-2.406560
4807,0.021556,-0.107487,9.935331,0.207067,-0.033585,-0.059747,-0.659804,-2.418547,-2.408643
4808,0.022623,-0.107114,9.935832,0.214701,-0.019661,-0.067375,-0.652685,-2.419459,-2.410753
4809,0.025898,-0.099847,9.934308,0.225387,-0.011842,-0.079580,-0.645247,-2.420011,-2.413199
4810,0.020649,-0.098803,9.931438,0.220815,-0.013177,-0.076526,-0.637701,-2.420457,-2.415798
4811,0.016378,-0.105032,9.934508,0.214716,-0.003829,-0.082628,-0.630330,-2.420770,-2.418450
4812,0.022089,-0.100626,9.933156,0.200986,0.011623,-0.081100,-0.623286,-2.420670,-2.421183
4813,0.019801,-0.100433,9.933717,0.202516,0.007237,-0.081098,-0.616447,-2.420385,-2.423891
4814,0.017799,-0.105227,9.935981,0.199465,0.007429,-0.079570,-0.609634,-2.420170,-2.426574
4815,0.022590,-0.104441,9.935464,0.199466,0.004569,-0.082620,-0.602871,-2.419998,-2.429282
4816,0.025769,-0.108919,9.935532,0.199465,0.001707,-0.085670,-0.596103,-2.419923,-2.432090
4817,0.022055,-0.103211,9.929667,0.182680,-0.008784,-0.084142,-0.589615,-2.420070,-2.434922
4818,0.022103,-0.107972,9.931005,0.182679,-0.000964,-0.073458,-0.583414,-2.420260,-2.437549
4819,0.019383,-0.109082,9.929512,0.175045,-0.002297,-0.078034,-0.577345,-2.420340,-2.440075
4820,0.017222,-0.109122,9.929714,0.182671,-0.000579,-0.093291,-0.571263,-2.420417,-2.442933
4821,0.010025,-0.100760,9.930166,0.193349,0.001142,-0.099392,-0.564860,-2.420439,-2.446147
4822,0.006059,-0.076615,9.932207,0.147577,-0.000187,-0.120754,-0.559023,-2.420459,-2.449819
4823,0.002522,-0.073416,9.933340,0.170477,-0.007616,-0.120752,-0.553552,-2.420628,-2.453846
4824,0.002288,-0.066430,9.934404,0.095719,-0.013519,-0.125329,-0.548942,-2.421020,-2.457948
4825,0.004235,-0.062534,9.936961,0.066741,-0.014845,-0.107016,-0.546071,-2.421530,-2.461819
4826,0.011434,-0.065753,9.939751,0.121689,-0.017699,-0.100911,-0.542784,-2.422105,-2.465282
4827,0.016809,-0.098353,9.939803,0.178154,-0.012926,-0.085651,-0.537655,-2.422645,-2.468390
4828,0.022019,-0.098050,9.935559,0.152208,-0.003291,-0.087172,-0.532027,-2.422942,-2.471270
4829,0.024875,-0.104517,9.935023,0.240695,-0.004055,-0.078008,-0.525363,-2.423090,-2.474024
4830,0.021662,-0.112738,9.933056,0.260500,0.002811,-0.077999,-0.516899,-2.423134,-2.476626
4831,0.023833,-0.116460,9.927320,0.194839,0.008153,-0.079517,-0.509199,-2.422975,-2.479255
4832,0.023973,-0.109358,9.927306,0.184112,0.008914,-0.081034,-0.502770,-2.422714,-2.481936
4833,0.019877,-0.107114,9.926504,0.184086,0.004813,-0.079503,-0.496520,-2.422509,-2.484616
4834,0.019427,-0.101416,9.927205,0.168818,0.021792,-0.084078,-0.490523,-2.422088,-2.487348
4835,0.018074,-0.103389,9.931644,0.164233,0.023510,-0.077972,-0.484858,-2.421357,-2.490058
4836,0.014345,-0.099235,9.936869,0.155068,0.019126,-0.073393,-0.479429,-2.420667,-2.492589
4837,0.013509,-0.103876,9.941323,0.167268,0.019321,-0.065761,-0.473958,-2.420046,-2.494915
4838,0.016626,-0.106359,9.943795,0.174869,0.015228,-0.056600,-0.468170,-2.419487,-2.496961
4839,0.017537,-0.114237,9.946602,0.183970,0.011423,-0.048963,-0.462115,-2.419057,-2.498726
4840,0.023183,-0.109281,9.940788,0.183911,0.012191,-0.061161,-0.455906,-2.418678,-2.500566
4841,0.028295,-0.111880,9.937875,0.188430,0.006843,-0.068782,-0.449608,-2.418378,-2.502736
4842,0.027740,-0.115611,9.938476,0.177681,-0.001560,-0.076403,-0.443404,-2.418309,-2.505159
4843,0.025457,-0.112993,9.936259,0.169980,-0.000805,-0.087076,-0.437495,-2.418369,-2.507885
4844,0.028169,-0.113209,9.931128,0.172960,-0.004629,-0.087067,-0.431657,-2.418482,-2.510790
4845,0.024849,-0.118260,9.933609,0.178987,-0.003874,-0.082480,-0.425672,-2.418645,-2.513617
4846,0.021593,-0.124265,9.932480,0.177371,0.006043,-0.073314,-0.419623,-2.418628,-2.516216
4847,0.023138,-0.117294,9.926466,0.183384,0.015961,-0.067202,-0.413511,-2.418278,-2.518562
4848,0.024060,-0.116912,9.928651,0.186348,0.016722,-0.071770,-0.407251,-2.417750,-2.520885
4849,0.018982,-0.114445,9.929276,0.183212,0.008331,-0.071761,-0.400990,-2.417349,-2.523282
4850,0.020687,-0.109281,9.930741,0.161768,0.013676,-0.077856,-0.395135,-2.417000,-2.525780
4851,0.022904,-0.105627,9.931376,0.157117,0.008336,-0.082426,-0.389708,-2.416651,-2.528456
4852,0.020138,-0.109027,9.935431,0.157041,0.012152,-0.088521,-0.384352,-2.416329,-2.531310
4853,0.022413,-0.108636,9.935230,0.156961,0.015968,-0.082409,-0.378998,-2.415879,-2.534164
4854,0.028984,-0.108731,9.936915,0.153827,0.031983,-0.077822,-0.373705,-2.415097,-2.536843
4855,0.025372,-0.109023,9.938296,0.169003,0.031210,-0.079340,-0.368214,-2.414061,-2.539471
4856,0.022258,-0.102091,9.939671,0.162821,0.036546,-0.083909,-0.362568,-2.412949,-2.542201
4857,0.026754,-0.104578,9.937829,0.164269,0.038829,-0.082375,-0.357000,-2.411710,-2.544983
4858,0.022291,-0.108521,9.935226,0.164185,0.033483,-0.086945,-0.351407,-2.410523,-2.547815
4859,0.022180,-0.108990,9.935105,0.168672,0.025088,-0.093039,-0.345732,-2.409565,-2.550823
4860,0.026002,-0.114401,9.933019,0.177728,0.030422,-0.094556,-0.339827,-2.408658,-2.553958
4861,0.028065,-0.117842,9.934630,0.185249,0.029647,-0.091496,-0.333647,-2.407675,-2.557068
4862,0.027243,-0.119368,9.934980,0.191236,0.030396,-0.091487,-0.327244,-2.406693,-2.560126
4863,0.035003,-0.120130,9.938015,0.189591,0.035717,-0.091478,-0.320768,-2.405607,-2.563184
4864,0.030488,-0.127344,9.933853,0.187936,0.041033,-0.086890,-0.314351,-2.404345,-2.566167
4865,0.027618,-0.124281,9.930299,0.177118,0.029571,-0.085355,-0.308146,-2.403184,-2.569046
4866,0.028212,-0.119875,9.926202,0.187669,0.033370,-0.091449,-0.301942,-2.402150,-2.572001
4867,0.026898,-0.111638,9.926159,0.186022,0.029540,-0.085336,-0.295590,-2.401117,-2.574956
4868,0.019886,-0.105732,9.924452,0.185913,0.027243,-0.086853,-0.289271,-2.400186,-2.577833
4869,0.018440,-0.099918,9.927665,0.191917,0.037162,-0.092948,-0.282848,-2.399127,-2.580838
4870,0.019735,-0.095201,9.933101,0.202505,0.042503,-0.085312,-0.276150,-2.397814,-2.583818
4871,0.017377,-0.100119,9.935239,0.194781,0.034111,-0.074622,-0.269416,-2.396550,-2.586492
4872,0.019673,-0.106962,9.932283,0.183992,0.030296,-0.066985,-0.263005,-2.395487,-2.588859
4873,0.021195,-0.104142,9.932064,0.185404,0.029529,-0.060872,-0.256759,-2.394500,-2.590996
4874,0.021989,-0.106937,9.929555,0.191391,0.013501,-0.048656,-0.250402,-2.393790,-2.592826
4875,0.018592,-0.111779,9.928782,0.179059,0.014260,-0.057803,-0.244154,-2.393336,-2.594604
4876,0.019723,-0.108835,9.930602,0.185032,0.024176,-0.063899,-0.238001,-2.392704,-2.596637
4877,0.015478,-0.109585,9.934865,0.189480,0.018836,-0.079149,-0.231659,-2.391996,-2.599025
4878,0.015887,-0.119079,9.940920,0.193917,0.004344,-0.089821,-0.225151,-2.391622,-2.601846
4879,0.017863,-0.115659,9.941912,0.189189,0.000530,-0.105072,-0.218631,-2.391553,-2.605098
4880,0.020942,-0.118993,9.939445,0.185988,-0.001762,-0.097433,-0.212237,-2.391586,-2.608475
4881,0.021643,-0.121572,9.934764,0.179724,-0.002532,-0.091320,-0.206010,-2.391669,-2.611624
4882,0.023225,-0.120860,9.932381,0.178035,0.005852,-0.083681,-0.199926,-2.391624,-2.614543
4883,0.021678,-0.116734,9.927402,0.171771,0.035599,-0.065360,-0.193992,-2.390942,-2.617032
4884,0.018533,-0.119323,9.932052,0.159403,0.059246,-0.054669,-0.188389,-2.389368,-2.619040
4885,0.019128,-0.113703,9.935182,0.169923,0.064583,-0.057712,-0.182821,-2.387310,-2.620921
4886,0.020851,-0.112594,9.939428,0.160613,0.062289,-0.060755,-0.177230,-2.385201,-2.622903
4887,0.023756,-0.103594,9.936929,0.171146,0.067619,-0.068375,-0.171611,-2.383043,-2.625065
4888,0.027485,-0.107343,9.939777,0.180157,0.062261,-0.069893,-0.165660,-2.380885,-2.627377
4889,0.033466,-0.111096,9.935918,0.176952,0.055366,-0.072937,-0.159609,-2.378932,-2.629766
4890,0.027814,-0.114143,9.931726,0.166109,0.053048,-0.063773,-0.153796,-2.377131,-2.632051
4891,0.024451,-0.111660,9.929731,0.170521,0.056842,-0.062238,-0.148098,-2.375305,-2.634158
4892,0.018499,-0.118035,9.933132,0.158144,0.054541,-0.065281,-0.142532,-2.373454,-2.636290
4893,0.015942,-0.112170,9.930059,0.154919,0.047669,-0.066798,-0.137223,-2.371756,-2.638497
4894,0.014249,-0.104161,9.931577,0.160862,0.053009,-0.059159,-0.131873,-2.370083,-2.640602
4895,0.019755,-0.098909,9.935399,0.171392,0.049188,-0.068306,-0.126247,-2.368384,-2.642732
4896,0.020215,-0.096117,9.933955,0.177352,0.045361,-0.069825,-0.120339,-2.366813,-2.645040
4897,0.022279,-0.099905,9.935929,0.187887,0.040006,-0.068291,-0.114157,-2.365396,-2.647346
4898,0.023464,-0.099991,9.937036,0.178578,0.037699,-0.074387,-0.107951,-2.364105,-2.649729
4900,0.018882,-0.100758,9.939726,0.166215,0.036920,-0.085061,-0.102095,-2.362866,-2.652391
4901,0.017779,-0.106143,9.938272,0.166052,0.040724,-0.089630,-0.096437,-2.361577,-2.655307
4902,0.017823,-0.114254,9.943354,0.162821,0.041477,-0.095725,-0.090828,-2.360212,-2.658401
4903,0.021436,-0.116505,9.944388,0.159579,0.040700,-0.089612,-0.085327,-2.358848,-2.661495
4904,0.019718,-0.116865,9.947612,0.163962,0.044499,-0.077396,-0.079820,-2.357432,-2.664283
4905,0.022171,-0.121065,9.939352,0.175969,0.037615,-0.060602,-0.074060,-2.356066,-2.666586
4906,0.024051,-0.120201,9.941192,0.186444,0.036830,-0.054488,-0.067941,-2.354828,-2.668508
4907,0.023573,-0.118246,9.939130,0.184712,0.039095,-0.043798,-0.061687,-2.353564,-2.670149
4908,0.022331,-0.111545,9.935476,0.164676,0.048991,-0.040737,-0.055806,-2.352098,-2.671560
4909,0.021181,-0.112400,9.932806,0.169059,0.052786,-0.055987,-0.050178,-2.350403,-2.673175
4910,0.018695,-0.109745,9.936490,0.158182,0.047427,-0.069711,-0.044638,-2.348734,-2.675273
4911,0.020356,-0.116005,9.935450,0.151877,0.051224,-0.066650,-0.039377,-2.347092,-2.677549
4912,0.020681,-0.115001,9.928344,0.148618,0.056544,-0.071219,-0.034274,-2.345298,-2.679850
4913,0.021708,-0.118250,9.926804,0.152983,0.051182,-0.077314,-0.029146,-2.343503,-2.682329
4914,0.024939,-0.117955,9.926861,0.154294,0.062600,-0.066624,-0.023927,-2.341608,-2.684731
4915,0.029238,-0.111103,9.929694,0.163237,0.070958,-0.065089,-0.018545,-2.339383,-2.686928
4916,0.028415,-0.101822,9.927731,0.158462,0.073209,-0.075762,-0.013087,-2.336981,-2.689279
4917,0.031475,-0.102546,9.932487,0.165900,0.075456,-0.066599,-0.007585,-2.334503,-2.691654
4918,0.027490,-0.101336,9.933376,0.182492,0.083807,-0.060487,-0.001692,-2.331849,-2.693774
4919,0.026089,-0.105657,9.935048,0.176191,0.070800,-0.068109,0.004374,-2.329273,-2.695919
4920,0.025123,-0.111278,9.932633,0.174457,0.068475,-0.069627,0.010311,-2.326951,-2.698216
4921,0.021583,-0.116227,9.933665,0.177288,0.066154,-0.065039,0.016265,-2.324707,-2.700462
4922,0.018644,-0.118391,9.931688,0.177058,0.071469,-0.063504,0.022257,-2.322412,-2.702605
4923,0.018577,-0.113737,9.931797,0.172252,0.075259,-0.068073,0.028168,-2.319966,-2.704799
4924,0.018980,-0.111785,9.926739,0.168975,0.083626,-0.068065,0.033947,-2.317316,-2.707068
4925,0.017408,-0.117993,9.925400,0.174847,0.093519,-0.068056,0.039769,-2.314363,-2.709337
4926,0.018214,-0.113454,9.923235,0.173086,0.095783,-0.072624,0.045662,-2.311206,-2.711681
4927,0.019136,-0.114228,9.926627,0.180483,0.084310,-0.092452,0.051666,-2.308202,-2.714432
4928,0.020211,-0.116517,9.929183,0.181772,0.080464,-0.086340,0.057824,-2.305453,-2.717412
4929,0.021657,-0.112505,9.933176,0.192214,0.088823,-0.081753,0.064169,-2.302629,-2.720213
4930,0.024414,-0.111238,9.940454,0.208764,0.092597,-0.086322,0.070965,-2.299601,-2.723013
4931,0.024462,-0.120391,9.946259,0.184105,0.096369,-0.071053,0.077618,-2.296448,-2.725634
4932,0.022962,-0.113224,9.943444,0.173175,0.098615,-0.058837,0.083659,-2.293195,-2.727796
4933,0.023275,-0.110768,9.944287,0.182088,0.100862,-0.069509,0.089665,-2.289868,-2.729932
4934,0.020124,-0.121677,9.940641,0.177258,0.086325,-0.067974,0.095746,-2.286744,-2.732220
4935,0.018133,-0.118617,9.934211,0.158685,0.073317,-0.066440,0.101434,-2.284080,-2.734457
4936,0.017502,-0.112256,9.930088,0.211839,0.074044,-0.074060,0.107703,-2.281619,-2.736796
4937,0.015294,-0.112043,9.933421,0.249737,0.083929,-0.069473,0.115491,-2.278982,-2.739185
4938,0.014921,-0.111524,9.925340,0.214389,0.090764,-0.067939,0.123317,-2.276065,-2.741471
4939,0.014016,-0.099546,9.926500,0.186680,0.099124,-0.061828,0.130087,-2.272896,-2.743628
4940,0.014790,-0.095570,9.927107,0.183398,0.093751,-0.063346,0.136337,-2.269676,-2.745708
4941,0.017262,-0.095501,9.930285,0.158755,0.096003,-0.063339,0.142123,-2.266509,-2.747814
4942,0.018837,-0.095248,9.928867,0.117326,0.089094,-0.069435,0.146812,-2.263418,-2.750021
4943,0.018027,-0.094988,9.934998,0.139983,0.086762,-0.072480,0.151193,-2.260481,-2.752380
4944,0.019490,-0.105779,9.935652,0.170259,0.085953,-0.077050,0.156462,-2.257596,-2.754866
4945,0.019562,-0.105639,9.938906,0.170004,0.098877,-0.075516,0.162233,-2.254508,-2.757403
4946,0.017269,-0.110125,9.935983,0.160589,0.095015,-0.080085,0.167845,-2.251269,-2.759989
4947,0.018700,-0.120555,9.938443,0.183202,0.095731,-0.084655,0.173682,-2.248082,-2.762727
4948,0.020326,-0.116107,9.937739,0.173762,0.096443,-0.067861,0.179731,-2.244871,-2.765261
4949,0.020655,-0.109670,9.941948,0.110923,0.094101,-0.057170,0.184557,-2.241689,-2.767336
4950,0.022055,-0.121300,9.939350,0.113692,0.094807,-0.057161,0.188374,-2.238534,-2.769233
4951,0.022029,-0.102100,9.938943,0.073742,0.098563,-0.057153,0.191572,-2.235306,-2.771129
4952,0.023949,-0.101487,9.938132,-0.147776,0.093161,-0.063249,0.190416,-2.232104,-2.773126
4953,0.024909,-0.108520,9.945156,-0.328100,0.078599,-0.063241,0.182567,-2.229234,-2.775227
4954,0.043092,-0.177048,9.931425,-1.672776,-0.247271,0.258740,0.149092,-2.232055,-2.771975
4955,0.058847,-0.089101,9.916082,-2.271250,-0.387011,0.502899,0.082863,-2.242652,-2.759293
4956,0.074077,-0.254627,9.903008,-2.888094,-0.529830,0.969845,-0.004090,-2.257950,-2.734739
4957,0.065502,-0.265047,9.900948,-1.469496,-0.164519,-0.374476,-0.077109,-2.269518,-2.724801
4958,0.054476,-0.180358,9.892356,0.059064,0.185556,-2.463450,-0.098742,-2.269233,-2.772135
4959,0.046864,-0.138110,9.896819,1.200179,0.517341,-3.403409,-0.073890,-2.257657,-2.870010
4960,0.022850,-0.217840,9.911511,1.312784,0.690457,-6.395735,-0.025599,-2.237662,-3.033472
4961,0.020571,-0.117840,9.921962,0.940151,0.697268,-9.002003,0.021928,-2.214550,-3.290295
4962,0.040062,-0.135651,9.917778,-0.882047,0.276795,-10.283772,0.035285,-2.198169,-3.611953
4963,0.049750,-0.231223,9.921551,-2.049743,0.196570,-12.159120,0.000764,-2.190204,-3.986272
4964,0.045377,-0.229775,9.924239,-1.752637,0.439832,-15.571072,-0.044971,-2.179802,-4.448777
4965,0.051308,-0.260032,9.925020,-1.154938,0.647993,-17.129023,-0.072775,-2.162205,-4.994175
4966,0.038953,-0.210791,9.927212,0.555193,1.042318,-19.774961,-0.059701,-2.134716,-5.609689
4967,0.029477,-0.184382,9.935172,1.590938,1.226079,-20.653879,0.000950,-2.097177,-6.283955
4968,0.032056,-0.185750,9.932210,1.424266,1.074133,-20.371569,0.076001,-2.058333,-6.968107
4969,0.031218,-0.165018,9.936847,1.516998,0.951165,-20.469217,0.149279,-2.023249,-7.649127
4970,0.036082,-0.134212,9.935056,1.505992,0.811395,-19.677252,0.223117,-1.991695,-8.318519
4971,0.039138,-0.139384,9.936087,0.687771,0.667029,-18.793732,0.281823,-1.964228,-8.959947
4972,0.038916,-0.139050,9.934516,0.014487,0.740857,-20.884237,0.316051,-1.937349,-9.621476
4973,0.037927,-0.126398,9.932420,-0.213231,0.869611,-23.890305,0.337772,-1.906286,-10.367947
4974,0.030665,-0.129680,9.932175,-0.770549,0.998364,-26.328726,0.348961,-1.870150,-11.205139
4975,0.023313,-0.153323,9.933181,-1.013557,1.105755,-28.671009,0.348822,-1.829533,-12.121993
4976,0.020593,-0.153162,9.930360,-0.693524,1.147529,-30.601295,0.351540,-1.785955,-13.110035
4977,0.014284,-0.153187,9.927232,-0.164439,1.114528,-31.083479,0.368893,-1.741766,-14.138257
4978,0.018061,-0.172795,9.925539,0.457706,1.011322,-30.253365,0.404484,-1.699400,-15.160649
4979,0.017043,-0.174347,9.922752,1.093554,0.943195,-30.998007,0.460260,-1.659077,-16.181576
4980,0.012042,-0.096378,9.918744,1.625698,0.942200,-32.969494,0.536075,-1.618343,-17.247730
4981,0.007218,-0.069928,9.919800,1.465150,0.883217,-33.372334,0.618416,-1.576749,-18.353386
4982,0.043996,-0.156606,9.889218,-1.358223,0.671597,-37.245125,0.652188,-1.537804,-19.530293
4983,0.055792,-0.188422,9.900714,-3.594249,1.624197,-45.948994,0.606241,-1.484563,-20.916672
4984,0.057413,-0.202003,9.901378,-3.785575,1.798547,-48.576626,0.522998,-1.412177,-22.491684
4985,0.070248,-0.270308,9.901167,-4.242470,1.875203,-49.205296,0.428299,-1.337430,-24.120935
4986,0.079304,-0.315421,9.899267,-5.138912,2.144079,-51.713905,0.310070,-1.259665,-25.802517
4987,0.045249,-0.237633,9.932691,-3.047523,2.542659,-49.919403,0.209598,-1.173967,-27.496004
4988,0.035811,-0.187720,9.922883,-1.082626,1.709831,-41.819782,0.171021,-1.097787,-29.024681
4989,0.044742,-0.189545,9.920399,-1.321098,1.600266,-37.812695,0.155757,-1.038664,-30.351719
4990,0.051400,-0.176157,9.919403,-2.253844,1.493714,-36.927650,0.118163,-0.984160,-31.597286
4991,0.054941,-0.198083,9.919760,-1.952118,1.269638,-33.799496,0.067830,-0.936283,-32.776016
4992,0.063268,-0.222977,9.915270,-1.694672,1.126407,-30.625563,0.024227,-0.895480,-33.849758
4993,0.062990,-0.271511,9.915619,-1.911844,1.112857,-29.401764,-0.020566,-0.858123,-34.850243
4994,0.059467,-0.304036,9.917559,-1.723185,1.143550,-29.462791,-0.066769,-0.821288,-35.831371
4995,0.055576,-0.343210,9.918182,-0.536623,1.305467,-28.420574,-0.090936,-0.781787,-36.796165
4997,0.055580,-0.311541,9.920157,0.428684,1.572664,-30.070093,-0.079842,-0.735193,-37.771088
4998,0.053070,-0.296334,9.921402,0.937787,1.647582,-31.446468,-0.044396,-0.682568,-38.796417
4999,0.044613,-0.288198,9.926411,0.914357,1.643147,-32.404743,-0.001357,-0.628115,-39.860592
5000,0.045549,-0.250545,9.932847,0.111210,1.565456,-33.677361,0.027296,-0.574396,-40.961906
5001,0.046030,-0.232099,9.939802,-0.731568,1.362620,-33.382851,0.027692,-0.525128,-42.079498
5002,0.044471,-0.215021,9.939734,-1.636880,1.117043,-31.153467,-0.002297,-0.483634,-43.155025
5003,0.046432,-0.206220,9.944930,-2.500963,0.946221,-26.885452,-0.063364,-0.449880,-44.122307
5004,0.067185,-0.386269,9.920180,-3.233965,0.818089,-22.611332,-0.152663,-0.422114,-44.947269
5005,0.083702,-0.420678,9.913933,-1.891891,0.854711,-20.471977,-0.232961,-0.396725,-45.665401
5006,0.095065,-0.455185,9.907712,-0.908448,0.959964,-19.383989,-0.275196,-0.369370,-46.329777
5007,0.100322,-0.481720,9.910038,-0.211916,0.998052,-18.825497,-0.289934,-0.339835,-46.966740
5008,0.099588,-0.475601,9.904949,0.327433,1.017814,-19.382452,-0.284402,-0.309398,-47.603687
5009,0.091947,-0.292320,9.923182,1.214879,0.947546,-18.283783,-0.255470,-0.279576,-48.231594
5010,0.077014,-0.278526,9.922758,0.715441,0.741482,-13.802138,-0.220809,-0.253606,-48.766453
5011,0.068488,-0.326419,9.920788,0.434169,0.559845,-9.796581,-0.199979,-0.233371,-49.159847
5012,0.058748,-0.340286,9.928355,0.268797,0.553700,-10.428312,-0.186942,-0.215953,-49.496983
5013,0.092274,-0.451292,9.906207,0.844899,0.448341,-15.038131,-0.166837,-0.200567,-49.921478
5014,0.063978,-0.326352,9.943119,3.952522,1.095252,-21.694214,-0.084859,-0.176174,-50.533726
5015,0.038466,-0.320661,9.961442,3.777987,1.185246,-25.072613,0.046103,-0.138331,-51.313152
5016,-0.188561,-0.226726,9.968309,2.068434,1.820227,-33.820744,0.145471,-0.086642,-52.294571
5017,-0.203938,-0.071362,9.959475,3.618456,1.956448,-42.507835,0.241412,-0.019591,-53.566383
5018,-0.247084,0.163156,9.995982,3.783279,2.251401,-43.434071,0.364306,0.058186,-54.998123
5019,-0.222051,0.083710,9.966496,1.425859,1.592643,-36.712376,0.448875,0.131730,-56.333195
5020,-0.190007,0.149201,9.940535,1.558702,1.478563,-32.891460,0.495367,0.192282,-57.492657
5021,0.033819,0.004214,9.948428,3.118188,0.820985,-23.888500,0.569741,0.239423,-58.438503
5022,0.062973,-0.240407,9.970857,4.271385,0.457650,-11.444578,0.690313,0.267364,-59.027077
5023,0.084871,-0.275633,9.949285,10.188219,-0.020191,-4.880048,0.930003,0.278662,-59.299019
5024,0.080612,-0.102591,9.924824,14.919478,-0.202026,-7.217764,1.347485,0.279198,-59.500668
5025,0.073037,-0.076657,9.943063,16.605076,-0.301451,-9.830148,1.871501,0.278789,-59.784916
5026,0.071045,0.196824,9.929255,18.322845,-0.420705,-11.171432,2.451909,0.279899,-60.135124
5027,0.060787,0.434253,9.908631,16.108614,-0.474333,-12.589008,3.023798,0.283902,-60.531391
5028,0.055330,0.454697,9.918125,8.839049,-0.382982,-14.018792,3.437339,0.294503,-60.974949
5029,0.059381,0.365553,9.941302,2.251342,-0.280951,-14.209521,3.619680,0.312136,-61.445210
5030,0.061864,0.425086,9.926506,-0.279058,-0.220132,-14.450606,3.649856,0.333856,-61.922459
5031,0.066495,0.383469,9.937412,-3.157388,-0.170007,-15.761364,3.589538,0.359068,-62.425388
5032,0.077020,0.330452,9.949777,-4.467155,-0.130586,-17.464283,3.458857,0.388007,-62.978432
5033,0.078452,0.341868,9.947246,-3.358335,-0.133911,-19.287752,3.324119,0.419805,-63.590134
5034,0.086241,0.309711,9.954210,-1.713893,-0.157092,-21.007456,3.234473,0.453446,-64.260902
5035,0.082976,0.303535,9.945368,0.026869,-0.253417,-24.738335,3.200090,0.489494,-65.022499
5036,0.088686,0.343369,9.934052,2.404148,-0.361838,-28.118258,3.232789,0.528787,-65.902618
5037,0.078781,0.374079,9.925607,3.992540,-0.418380,-27.903095,3.330461,0.569393,-66.835495
5038,0.075766,0.381717,9.927703,4.186242,-0.432196,-26.497715,3.457455,0.609025,-67.741394
5039,0.067542,0.406332,9.925207,3.752785,-0.444487,-25.133533,3.580342,0.647283,-68.601181
5040,0.068142,0.410273,9.938223,2.959207,-0.397268,-20.923500,3.683310,0.681891,-69.368156
5041,0.061629,0.387630,9.946834,1.904681,-0.310377,-15.941352,3.756917,0.709975,-69.982063
5042,0.065516,0.424436,9.940311,1.455944,-0.278421,-14.139229,3.806618,0.733232,-70.482986
5043,0.064854,0.422893,9.937772,0.845462,-0.287667,-13.382364,3.839025,0.754390,-70.941315
5044,0.070779,0.472568,9.935353,0.776691,-0.283183,-12.932210,3.860214,0.774324,-71.379570
5045,0.071119,0.446115,9.929276,0.537021,-0.327533,-14.882339,3.875763,0.795439,-71.842819
5046,0.063399,0.465698,9.921498,-1.564281,-0.399350,-18.082201,3.850901,0.820358,-72.391838
5047,0.056418,0.424546,9.930746,-4.481958,-0.376557,-20.239853,3.740831,0.849657,-73.030037
5048,0.062319,0.360609,9.941969,-6.462738,-0.297307,-21.597923,3.547889,0.882650,-73.726685
5049,0.061841,0.294598,9.939945,-7.498987,-0.208905,-21.706259,3.303870,0.917274,-74.447693
5050,0.069756,0.280646,9.953738,-8.194957,-0.077782,-20.102507,3.030961,0.950951,-75.143776
5051,0.080731,0.208522,9.961818,-6.594408,0.059438,-17.216978,2.773994,0.982074,-75.765045
5052,0.085861,0.175861,9.953793,-4.424691,0.105095,-14.905198,2.581046,1.009843,-76.299759
5053,0.083349,0.145468,9.941285,-3.674083,0.126334,-13.461669,2.437643,1.034448,-76.771973
5054,0.092179,0.138257,9.934352,-4.830874,0.171985,-13.423517,2.287723,1.057900,-77.219551
5055,0.098018,0.060883,9.937893,-6.633141,0.296978,-14.386375,2.088006,1.083366,-77.682480
5056,0.101369,0.033785,9.931389,-8.310292,0.435700,-16.736298,1.829019,1.113250,-78.200554
5057,0.094725,-0.050175,9.942671,-9.808918,0.615621,-20.219982,1.514891,1.148714,-78.815826
5058,0.087498,-0.052492,9.947485,-9.476429,0.812327,-25.740780,1.177852,1.190514,-79.581184
5059,0.067877,-0.085651,9.952509,-7.802637,0.996830,-30.782438,0.869930,1.237641,-80.522682
5060,0.061586,-0.080716,9.943105,-5.387221,1.079097,-34.388199,0.626195,1.286635,-81.608475
5061,0.054827,-0.089895,9.947101,-3.771369,1.173571,-38.817963,0.445652,1.335835,-82.828346
5062,0.065844,-0.041770,9.942127,-2.388957,1.225315,-41.857605,0.311074,1.384882,-84.172836
5063,0.063684,-0.071978,9.938543,-1.732868,1.219067,-40.328629,0.208720,1.431988,-85.542603
5064,0.069965,-0.083268,9.937961,-1.316350,1.212813,-39.361195,0.124192,1.476430,-86.870872
5065,0.067880,-0.083689,9.933225,-1.188226,1.234022,-39.870850,0.047927,1.519227,-88.191589
5066,0.070245,-0.089813,9.933161,-0.873935,1.236916,-39.527519,-0.022011,1.560718,-89.515190
5067,0.071774,-0.119707,9.931211,0.183481,1.204710,-36.725922,-0.068583,1.600433,-90.786407
5068,0.080729,-0.108712,9.931227,0.584748,1.167918,-35.875980,-0.089993,1.638394,-91.996819
5069,0.079910,-0.104519,9.934094,0.706778,1.114338,-34.884132,-0.102571,1.674482,-93.176559
5070,0.075434,-0.071757,9.938154,1.100432,1.008873,-32.410610,-0.105565,1.707841,-94.298561
5071,0.090557,-0.129793,9.935431,1.600896,0.886619,-29.378599,-0.091517,1.737697,-95.328804
5072,0.088107,-0.102767,9.929057,1.489455,0.811662,-29.068836,-0.069794,1.764676,-96.303345
5073,0.089038,-0.092275,9.929049,1.530615,0.793163,-29.158869,-0.049573,1.790404,-97.274216
5074,0.083067,-0.059919,9.928987,1.529058,0.757877,-28.731609,-0.028951,1.815595,-98.239487
5075,0.086768,-0.086659,9.922850,1.294034,0.725641,-27.996117,-0.012070,1.839982,-99.185356
5076,0.065957,-0.023734,9.924494,0.225861,0.730030,-27.603954,-0.016702,1.863996,-100.112457
5077,0.049958,0.015579,9.931583,-1.100169,0.786307,-28.122765,-0.061699,1.888560,-101.041695
5078,0.049247,0.025156,9.938416,-1.470955,0.801386,-27.933552,-0.135561,1.913323,-101.976456
5079,0.073462,-0.080322,9.933559,-1.141361,0.750843,-25.438665,-0.208996,1.936492,-102.866501
5080,0.069492,-0.057792,9.937531,-1.022358,0.765907,-25.728590,-0.274055,1.958189,-103.719849
5081,0.071076,-0.045638,9.940544,-0.764481,0.819120,-27.370487,-0.334264,1.979915,-104.605423
5082,0.079710,-0.043048,9.937682,-0.074759,0.820444,-28.546978,-0.380648,2.001445,-105.538033
5083,0.078221,-0.062529,9.935290,-0.151051,0.817190,-28.954403,-0.418076,2.022105,-106.497086
5084,0.072718,-0.033857,9.939823,-0.308211,0.871919,-31.218874,-0.461322,2.042553,-107.500702
5085,0.076999,-0.055489,9.946940,-0.003011,0.909862,-32.743275,-0.504726,2.063251,-108.567551
5086,0.094327,-0.098943,9.943260,0.982740,0.877605,-32.808895,-0.527953,2.083218,-109.660912
5087,0.102751,-0.174510,9.931660,1.205503,0.872807,-34.108982,-0.532241,2.102149,-110.777061
5088,0.071475,-0.132399,9.931114,0.889606,0.965672,-39.263561,-0.542419,2.121334,-112.000877
5089,0.047847,-0.035515,9.936967,0.839255,1.009719,-42.255901,-0.564170,2.141092,-113.360550
5090,0.048602,-0.035172,9.934088,1.040707,1.007993,-42.754879,-0.586053,2.160484,-114.778450
5091,0.043199,-0.005506,9.930426,1.016330,0.975748,-43.328632,-0.606129,2.178636,-116.214226
5092,0.042038,0.033870,9.939350,1.294105,0.938923,-42.707584,-0.622383,2.195166,-117.649223
5093,0.071794,0.042455,9.937340,2.542381,0.776966,-38.308338,-0.610372,2.209266,-119.000496
5094,0.080812,-0.015240,9.933661,2.948335,0.654672,-35.930946,-0.566720,2.220558,-120.238739
5095,0.077164,0.034881,9.921066,3.297826,0.540005,-35.094738,-0.508613,2.229411,-121.423386
5096,0.062116,0.131085,9.922738,2.336578,0.478749,-33.567284,-0.459329,2.236760,-122.568604
5097,0.058794,0.127364,9.915457,0.290415,0.425127,-30.513910,-0.457323,2.243210,-123.637413
5098,0.049884,0.045031,9.932839,-2.718630,0.493580,-29.468645,-0.537009,2.249697,-124.637901
5100,0.059288,0.043912,9.930120,-3.478480,0.508626,-26.726559,-0.677145,2.256254,-125.575256
5101,0.071316,-0.044709,9.939583,-4.604562,0.549607,-24.076027,-0.845273,2.262568,-126.422722
5102,0.086782,-0.157867,9.942296,-4.456532,0.613470,-23.656399,-1.027773,2.268852,-127.219055
5103,0.079579,-0.134474,9.962234,-3.154910,0.710901,-25.662996,-1.187251,2.275037,-128.041916
5104,0.088386,-0.056081,9.947631,-0.852242,0.715249,-26.381708,-1.288547,2.280157,-128.910278
5105,0.080242,-0.064735,9.947263,-0.475264,0.786738,-29.009352,-1.347471,2.284098,-129.834457
5106,0.066404,0.003283,9.959385,0.162668,0.832290,-31.408112,-1.392882,2.287025,-130.842514
5107,0.061502,0.101896,9.944606,1.804703,0.758824,-29.943220,-1.400955,2.288656,-131.866089
5108,0.085166,0.052907,9.930689,2.158871,0.624318,-26.433590,-1.372461,2.289088,-132.806656
5109,0.089104,-0.004227,9.921133,1.638657,0.553892,-24.433104,-1.343061,2.288672,-133.655289
5110,0.077682,0.017882,9.935455,0.404301,0.536876,-24.393433,-1.341536,2.287761,-134.469879
5111,0.089018,-0.262876,9.914384,-1.561039,0.565639,-25.698099,-1.394161,2.286129,-135.305557
5112,0.083005,-0.300661,9.936656,-5.485740,0.806503,-39.877007,-1.555191,2.280746,-136.399475
5113,0.116010,-0.301787,9.952080,-9.764457,1.427317,-59.241009,-1.874962,2.268328,-138.052887
5114,0.111271,-0.289536,9.952808,-10.095582,2.508954,-74.393456,-2.293864,2.252727,-140.282089
5115,0.125315,-0.347479,9.932954,-8.725279,3.123657,-82.436607,-2.709946,2.232733,-142.898254
5116,0.108673,-0.096687,9.943756,-6.099060,3.691058,-88.866867,-3.067571,2.202739,-145.755798
5117,0.112966,-0.136185,9.925368,-3.036344,3.924287,-85.552567,-3.330779,2.167912,-148.665436
5118,0.031331,-0.131781,9.929540,1.967367,3.744012,-80.378151,-3.452530,2.132512,-151.433746
5119,0.080248,-0.106006,9.903013,-0.035947,3.226517,-80.558220,-3.519197,2.086404,-154.118317
5120,0.115822,-0.004176,9.922099,1.004997,3.603197,-78.341049,-3.598264,2.035258,-156.768723
5121,0.094301,0.128141,9.912966,3.535307,2.826279,-73.374161,-3.611452,1.983440,-159.299194
5122,0.102371,0.118856,9.928076,3.476156,2.357605,-60.519768,-3.570784,1.930406,-161.531982
5123,0.145776,0.154063,9.917575,4.028905,1.927072,-46.026535,-3.505009,1.892210,-163.309128
5124,0.089280,0.138907,9.952374,8.611623,1.322590,-31.276941,-3.336718,1.869604,-164.598877
5125,0.054860,0.100348,9.941115,9.617550,0.185584,-24.088305,-3.062834,1.843853,-165.521973
5126,0.074320,0.024756,9.945983,8.822839,0.191502,-20.677864,-2.779236,1.812338,-166.267746
5127,0.065080,0.104053,9.943702,10.896846,0.061613,-22.512028,-2.473165,1.783603,-166.987335
5128,0.070134,0.118587,9.927732,11.600569,-0.071326,-23.360441,-2.121798,1.752859,-167.751572
5129,0.100768,0.168436,9.932631,10.448756,-0.202743,-24.025743,-1.778251,1.721437,-168.541031
5130,0.105755,0.260215,9.929013,9.293896,-0.311278,-26.229179,-1.474132,1.689022,-169.378357
5131,0.106526,0.339151,9.931253,7.760620,-0.409130,-28.470758,-1.216498,1.655493,-170.289795
5132,0.086631,0.415522,9.922400,5.674973,-0.477983,-30.994635,-1.020913,1.621214,-171.280731
5133,0.071741,0.459523,9.931185,2.844684,-0.487312,-31.083138,-0.907891,1.587525,-172.315247
5134,0.044730,0.476946,9.933546,0.604931,-0.473741,-29.764727,-0.878213,1.555492,-173.329300
5135,0.038440,0.446512,9.942540,-1.128226,-0.409802,-27.005852,-0.912372,1.525825,-174.275391
5136,0.051031,0.431493,9.957384,-2.693540,-0.318397,-24.155416,-0.998574,1.499352,-175.127991
5137,0.075759,0.373516,9.970621,-2.102734,-0.275827,-23.607605,-1.099169,1.474769,-175.923935
5138,0.096229,0.301850,9.985017,0.555676,-0.387384,-27.472769,-1.146655,1.447065,-176.775131
5139,0.083824,0.232404,9.973627,3.458209,-0.692734,-36.146126,-1.106168,1.408396,-177.835144
5140,0.068423,0.284557,9.950812,4.221388,-0.961452,-43.891724,-1.010342,1.356379,-179.168625
5141,0.042252,0.330314,9.941675,2.924588,-1.149283,-49.717701,-0.927324,1.294834,179.271896
5142,0.036681,0.304342,9.920668,2.334287,-1.227234,-50.711075,-0.876525,1.228695,177.598877
5143,0.004034,0.420487,9.909200,-0.689847,-1.190727,-50.239563,-0.884211,1.162482,175.917206
5144,0.032460,0.471356,9.882484,-2.735825,-0.934480,-42.945637,-0.971970,1.101551,174.364960
5145,0.043217,0.489724,9.900351,-4.571204,-0.669081,-37.269188,-1.118842,1.050184,173.028778
5146,0.076034,0.312411,9.884489,-3.470732,-0.484562,-31.202106,-1.273351,1.006915,171.888214
5147,0.074258,0.339588,9.898252,-4.595082,-0.379396,-31.542381,-1.425792,0.967926,170.843063
5148,0.093266,0.203924,9.867702,-3.096380,-0.344422,-31.459986,-1.571347,0.928326,169.793655
5149,0.079874,0.206777,9.896614,-2.781815,-0.310973,-34.745300,-1.686774,0.886155,168.690948
5150,0.087882,0.108168,9.886506,-0.776538,-0.388911,-38.074871,-1.764327,0.838001,167.478180
5151,0.084354,0.160834,9.871377,1.694145,-0.529409,-43.295063,-1.768175,0.781099,166.123154
5152,0.081018,0.188213,9.884990,3.877975,-0.737042,-48.280258,-1.695203,0.714124,164.598343
5153,0.054598,0.317139,9.920842,4.763278,-1.075893,-55.702358,-1.571564,0.634741,162.867111
5154,0.041516,0.409195,9.906171,5.874462,-1.314017,-57.325947,-1.413660,0.545903,160.985397
5155,0.034359,0.508276,9.914968,5.877858,-1.387328,-55.030949,-1.234186,0.457776,159.114807
5156,-0.017708,0.695315,9.943110,4.987117,-1.457567,-52.822933,-1.066163,0.374338,157.319016
5157,0.002003,0.592615,9.931777,3.908693,-1.501850,-47.630207,-0.927694,0.295819,155.646317
5158,0.053821,0.465913,9.894814,2.859193,-1.244009,-38.219826,-0.821429,0.228157,154.216644
5159,0.047408,0.491656,9.915846,0.842222,-1.152500,-34.240211,-0.763951,0.171485,153.009827
5160,0.023077,0.524251,9.916895,0.094829,-1.114386,-32.381630,-0.751144,0.118872,151.900192
5161,0.117300,0.241456,9.876968,-0.486301,-1.015246,-28.675161,-0.759342,0.069913,150.883240
5162,0.074050,0.455560,9.873154,-1.033877,-0.839819,-28.722464,-0.785476,0.026060,149.927185
5163,0.020224,0.605039,9.910751,-1.885023,-0.856631,-30.104952,-0.834220,-0.016105,148.947311
5164,0.051455,0.499143,9.893248,-0.699046,-0.810871,-29.532732,-0.876637,-0.058787,147.953949
5165,0.045110,0.508209,9.909139,-1.800451,-0.794107,-30.397930,-0.916903,-0.101079,146.955719
5166,0.009444,0.630551,9.944237,-2.825524,-0.762068,-30.861813,-0.991818,-0.144093,145.935394
5167,0.067085,0.411225,9.927237,-3.212780,-0.752921,-29.078005,-1.089565,-0.187553,144.937103
5168,0.128854,0.225473,9.906858,-3.111829,-0.679710,-28.740778,-1.191453,-0.230645,143.974182
5169,0.104261,0.269055,9.915589,-4.762666,-0.652281,-32.348068,-1.318202,-0.275129,142.956848
5170,0.127396,0.163324,9.893962,-4.364192,-0.675205,-36.700008,-1.464290,-0.325273,141.807022
5171,0.112035,0.196736,9.904210,-4.666122,-0.696601,-43.761990,-1.606496,-0.383974,140.467224
5172,0.074790,0.250513,9.924376,-4.105872,-0.722557,-49.122570,-1.741395,-0.452783,138.920715
5173,0.014360,0.427438,9.943593,-4.494680,-0.695077,-53.694244,-1.870038,-0.530265,137.209000
5174,0.006242,0.365371,9.943953,-3.413986,-0.655368,-54.753239,-1.983814,-0.613521,135.403687
5175,0.007714,0.425258,9.949624,-2.816997,-0.580553,-54.365654,-2.066857,-0.698212,133.587280
5176,0.027949,0.339019,9.944167,-1.513506,-0.527099,-51.692238,-2.116233,-0.781081,131.821823
5177,0.015475,0.374734,9.942893,-1.508582,-0.505685,-52.343811,-2.141754,-0.862529,130.089966
5178,0.022454,0.322318,9.933984,-0.498076,-0.501048,-51.013206,-2.148072,-0.943752,128.369415
5179,0.019743,0.364723,9.930703,0.626876,-0.514716,-48.751785,-2.117427,-1.022412,126.708588
5180,0.011045,0.335405,9.939410,0.843902,-0.523797,-46.282837,-2.063645,-1.097340,125.126434
5181,-0.020441,0.408359,9.939874,0.394106,-0.500818,-43.186745,-2.013570,-1.167411,123.636826
5182,0.000325,0.388686,9.949214,0.617251,-0.424422,-37.174599,-1.968728,-1.229395,122.298752
5183,0.006335,0.386192,9.959089,1.647602,-0.448739,-35.146648,-1.904564,-1.284639,121.094452
5184,0.014137,0.425462,9.961550,2.255276,-0.505099,-34.838417,-1.812842,-1.338261,119.928993
5185,0.006917,0.437012,9.951872,3.039963,-0.543143,-33.631413,-1.697435,-1.390618,118.788689
5186,0.008160,0.438286,9.947433,3.440111,-0.579655,-32.772327,-1.562113,-1.440724,117.682724
5187,-0.008482,0.464313,9.936828,3.692241,-0.623789,-31.514969,-1.415873,-1.488574,116.611908
5188,-0.004474,0.484303,9.921550,2.419971,-0.611456,-28.606558,-1.287601,-1.532760,115.610390
5189,-0.002292,0.503231,9.926366,0.262662,-0.536558,-26.291737,-1.218112,-1.571963,114.695801
5190,0.008674,0.490003,9.918522,-1.162209,-0.476920,-24.071522,-1.209832,-1.606768,113.856697
5191,0.013177,0.469308,9.926003,-2.413137,-0.398971,-22.743973,-1.247335,-1.638181,113.076675
5192,0.027925,0.439939,9.929712,-3.061334,-0.365275,-23.658009,-1.316270,-1.668291,112.303505
5193,0.019326,0.458775,9.934092,-2.914524,-0.368200,-26.531334,-1.391286,-1.700304,111.467216
5194,0.008373,0.411081,9.934004,-2.311461,-0.354334,-27.581173,-1.451360,-1.734681,110.565575
5195,0.005877,0.348490,9.944226,-1.798450,-0.312994,-27.156975,-1.491972,-1.769183,109.653496
5196,0.008201,0.356661,9.941236,-0.940589,-0.305222,-26.633585,-1.509687,-1.802930,108.757187
5197,-0.008870,0.356418,9.936469,-1.102041,-0.279132,-25.307562,-1.516252,-1.835467,107.891670
5198,-0.019679,0.320390,9.939972,-2.172952,-0.191997,-22.211466,-1.545270,-1.864485,107.099808
5199,-0.016825,0.292657,9.943945,-2.975315,-0.118589,-19.356461,-1.608390,-1.888797,106.407082
5200,-0.017977,0.296426,9.936806,-4.095071,-0.065017,-19.119949,-1.704973,-1.910453,105.765831
5201,0.047916,0.302319,9.950640,-6.247870,0.009904,-21.535494,-1.854634,-1.932470,105.088242
5203,0.067559,0.287906,9.966333,-8.168721,0.202303,-23.798445,-2.069278,-1.954878,104.332596
5204,0.073006,0.206205,9.967949,-7.617580,0.353499,-24.877279,-2.304548,-1.976643,103.521141
5205,0.078728,0.118655,9.964400,-6.579691,0.472648,-26.624468,-2.511384,-1.998896,102.662498
5206,0.081998,0.091595,9.963679,-5.035205,0.562805,-28.994236,-2.672416,-2.023479,101.735168
5207,0.016264,0.030434,9.951423,-3.200798,0.633141,-30.416395,-2.774468,-2.050479,100.744614
5208,-0.004257,-0.001442,9.942449,-0.580550,0.599738,-31.644770,-2.800199,-2.080107,99.709908
5209,-0.014261,0.104620,9.942019,1.556002,0.532773,-33.082195,-2.744457,-2.113227,98.630829
5210,-0.014935,0.171280,9.940044,3.698698,0.435296,-32.770905,-2.616059,-2.148266,97.533066
5211,-0.001899,0.160851,9.944161,5.049445,0.311878,-31.699709,-2.429646,-2.182948,96.458389
5212,0.005281,0.188850,9.950974,6.183501,0.174723,-30.155476,-2.202858,-2.216390,95.427307
5213,-0.015077,0.232955,9.939295,8.719883,-0.020409,-29.064444,-1.916015,-2.249181,94.440193
5214,-0.007961,0.237057,9.940619,9.457189,-0.189596,-27.727737,-1.575649,-2.281312,93.493538
5215,-0.004187,0.267269,9.940257,9.953381,-0.328263,-26.961727,-1.215611,-2.312059,92.581879
5216,-0.002974,0.323114,9.934243,10.860038,-0.502026,-27.535480,-0.831838,-2.342071,91.673302
5217,-0.021348,0.404386,9.923117,10.886239,-0.771914,-30.483576,-0.429606,-2.373899,90.705872
5218,-0.002464,0.510535,9.922729,8.220719,-0.970084,-32.418461,-0.067403,-2.407553,89.656837
5219,0.005038,0.555261,9.923966,5.784093,-1.085855,-33.649887,0.212618,-2.440669,88.554794
5220,0.009229,0.586610,9.918427,4.179088,-1.189420,-35.351307,0.428004,-2.472374,87.403648
5221,0.001616,0.644232,9.924541,1.806542,-1.297558,-38.012531,0.580893,-2.503209,86.179588
5222,-0.008392,0.663720,9.926121,1.196443,-1.326343,-38.531364,0.687055,-2.533051,84.902390
5223,-0.010514,0.595986,9.932025,1.962708,-1.361225,-37.838604,0.796343,-2.561419,83.627991
5224,-0.015504,0.577317,9.921976,1.746245,-1.466296,-38.404739,0.915336,-2.589482,82.355591
5225,-0.026299,0.648029,9.928123,-1.093278,-1.556102,-41.038498,0.986459,-2.617895,81.029694
5226,-0.036554,0.614287,9.924039,-2.617453,-1.510093,-41.395580,0.987793,-2.645594,79.653877
5227,-0.028268,0.588545,9.914729,-3.935647,-1.410673,-40.580746,0.942041,-2.671407,78.285728
5228,-0.021926,0.586937,9.917137,-6.853014,-1.286840,-41.497845,0.826372,-2.695385,76.915947
5229,-0.019350,0.583086,9.925386,-7.464703,-1.098918,-41.944954,0.653505,-2.717460,75.523499
5230,-0.013345,0.515459,9.924328,-5.709687,-0.914048,-40.425140,0.499340,-2.737248,74.149063
5231,-0.009174,0.477175,9.930518,-4.761898,-0.791742,-39.456196,0.388681,-2.755207,72.816216
5232,-0.005102,0.443792,9.938744,-4.238320,-0.692325,-39.143387,0.301919,-2.771965,71.504761
5233,-0.013142,0.454797,9.936765,-3.049438,-0.608164,-38.661209,0.243419,-2.787421,70.206589
5234,-0.016335,0.403048,9.934539,-2.679981,-0.540785,-37.780754,0.210115,-2.801418,68.931152
5235,-0.024717,0.361445,9.933038,-3.194054,-0.462721,-36.787388,0.173166,-2.813956,67.686966
5236,-0.030477,0.360818,9.925584,-4.129289,-0.361763,-35.926777,0.110793,-2.824747,66.473724
5237,-0.033805,0.316472,9.934062,-5.571137,-0.240964,-35.815388,0.008209,-2.833640,65.276703
5238,-0.030225,0.264359,9.927862,-5.865506,-0.104906,-33.250317,-0.125355,-2.840708,64.124344
5239,-0.016941,0.192492,9.899350,-7.598843,0.055564,-30.752382,-0.296785,-2.845520,63.056446
5240,-0.051159,0.035249,9.941874,-12.811331,0.411357,-34.109421,-0.583209,-2.846214,61.974159
5241,-0.005424,-0.064938,9.935827,-15.158176,0.494008,-41.761932,-0.986462,-2.848774,60.708153
5242,-0.008519,-0.119393,9.929271,-13.600184,1.202278,-41.389606,-1.396738,-2.849284,59.320518
5243,-0.008658,-0.248441,9.932461,-11.981167,1.374949,-42.012177,-1.753965,-2.844416,57.928387
5244,-0.015161,-0.314839,9.958647,-9.384047,1.625443,-47.015678,-2.036279,-2.843323,56.442192
5245,0.028821,-0.209623,9.921964,-2.766077,1.746225,-47.716080,-2.160285,-2.844564,54.860703
5246,-0.010163,-0.162092,9.935606,2.293979,1.976872,-41.380428,-2.094419,-2.836907,53.372948
5247,0.023810,-0.103675,9.958741,4.190816,1.378943,-40.532013,-1.918804,-2.828272,52.005180
5248,0.032358,-0.042327,9.954174,5.220949,1.235728,-40.197834,-1.695415,-2.826951,50.657555
5249,0.031605,0.032519,9.958082,5.317229,1.008585,-36.263996,-1.456862,-2.824507,49.381275
5250,0.029399,0.029147,9.947807,4.552888,0.715829,-31.577885,-1.236590,-2.822290,48.248989
5251,0.032374,0.031757,9.946772,2.529637,0.593976,-29.882578,-1.068048,-2.821071,47.223274
5252,0.003516,0.002873,9.922335,0.840542,0.606409,-29.232534,-0.963339,-2.818669,46.236717
5253,0.001634,0.027788,9.928870,-1.194951,0.682939,-28.919724,-0.921568,-2.813244,45.266197
5254,0.007385,0.058183,9.932639,-1.861681,0.733527,-28.742718,-0.925347,-2.805271,44.303810
5255,0.015641,-0.037129,9.927227,-0.897214,0.736808,-29.009754,-0.924230,-2.796352,43.339920
5256,0.019058,-0.121589,9.922545,0.062632,0.762973,-31.619081,-0.888852,-2.787278,42.328053
5257,0.030826,-0.081440,9.923388,0.351058,0.860852,-36.647003,-0.826652,-2.777178,41.188770
5258,0.004925,-0.112153,9.929256,0.612016,0.955683,-42.769016,-0.746524,-2.765055,39.863483
5259,0.011767,-0.131563,9.914001,1.861756,0.905554,-44.195755,-0.635458,-2.751500,38.412350
5260,0.023524,-0.081410,9.914098,0.587614,0.937820,-45.746090,-0.522793,-2.735805,36.911633
5261,0.001565,0.046603,9.923403,-0.816197,1.026546,-47.801510,-0.452361,-2.716480,35.350811
5262,-0.013870,-0.023866,9.924010,-1.467721,1.026776,-46.457172,-0.416195,-2.694328,33.778191
5263,0.015418,0.002158,9.920625,-1.898001,1.023949,-44.207958,-0.401484,-2.671014,32.265541
5264,-0.003248,-0.026415,9.929873,-3.014951,1.210333,-48.549217,-0.411594,-2.644805,30.717991
5265,-0.022595,-0.032423,9.939296,-2.557154,1.291434,-49.832520,-0.429138,-2.615244,29.076643
5266,-0.033473,-0.170312,9.922189,-1.687389,1.288615,-49.107700,-0.424998,-2.584477,27.426039
5267,-0.032889,-0.130878,9.917769,-1.408183,1.317840,-49.887444,-0.402565,-2.552856,25.774557
5268,-0.043808,-0.143043,9.922178,-1.138125,1.316547,-49.632610,-0.371520,-2.520125,24.114382
5269,-0.036386,-0.130241,9.918548,-1.408248,1.307622,-48.518688,-0.342435,-2.486555,22.477097
5270,-0.033775,-0.057877,9.924451,-1.808056,1.341418,-49.664654,-0.325469,-2.451983,20.839317
5271,-0.004463,-0.011520,9.933069,-1.437244,1.279070,-46.637215,-0.311308,-2.417277,19.232973
5272,0.007006,-0.031916,9.930794,-1.222073,1.251806,-44.151485,-0.292203,-2.383039,17.718609
5273,0.020307,-0.086739,9.926584,-1.005394,1.261154,-43.881390,-0.268713,-2.348327,16.250223
5274,0.027302,-0.125350,9.928247,-0.356904,1.238451,-42.453129,-0.232853,-2.312947,14.810209
5275,0.006507,-0.085839,9.926693,0.287007,1.244741,-41.914467,-0.177674,-2.276537,13.403050
5276,0.003014,-0.013307,9.923207,0.125252,1.321226,-44.851879,-0.113815,-2.237388,11.955960
5277,-0.003705,-0.029556,9.931437,-0.521739,1.350407,-46.565491,-0.061459,-2.195215,10.431403
5278,-0.008502,-0.011845,9.930827,-0.489696,1.304816,-44.711487,-0.020577,-2.152128,8.909288
5279,-0.015426,0.006446,9.935961,-0.730790,1.274485,-43.487698,0.013766,-2.109231,7.438556
5280,0.008308,-0.085747,9.934919,-1.077195,1.231938,-41.706944,0.035398,-2.066880,6.017966
5281,0.012419,-0.149549,9.936831,-0.701876,1.140551,-37.600677,0.052977,-2.026364,4.695570
5282,0.015639,-0.148960,9.928935,0.152566,1.058315,-33.915562,0.085590,-1.988251,3.503107
5283,0.016030,-0.094583,9.931707,0.115880,1.073734,-34.651054,0.129351,-1.950505,2.359854
5284,0.013669,-0.081180,9.924162,-0.030659,1.051002,-34.521355,0.169641,-1.912091,1.206547
5285,0.013370,-0.073991,9.921127,0.127987,0.968756,-31.791470,0.207795,-1.874803,0.100965
5286,0.013932,-0.052173,9.927474,-0.313052,0.920079,-30.492907,0.238362,-1.839271,-0.937423
5287,0.011672,-0.064650,9.930233,-0.780031,0.882079,-29.673485,0.252040,-1.804979,-1.940480
5288,0.017125,-0.094224,9.930160,-0.664119,0.790668,-26.115025,0.257009,-1.773007,-2.870536
5289,0.024035,-0.098869,9.929332,-0.227773,0.709933,-22.518417,0.267026,-1.744290,-3.681300
5290,0.027010,-0.108453,9.932058,-0.227844,0.702437,-21.482311,0.281585,-1.717219,-4.414822
5291,0.029541,-0.125172,9.930819,0.025381,0.716302,-21.315983,0.299421,-1.689959,-5.128283
5292,0.029545,-0.113499,9.935852,0.437299,0.716430,-20.768175,0.327650,-1.662230,-5.829814
5293,0.026408,-0.124530,9.931362,0.553186,0.711978,-20.852100,0.364112,-1.634215,-6.523588
5294,0.011695,-0.089743,9.936798,0.444765,0.719736,-21.068779,0.400499,-1.605687,-7.222346
5295,0.004190,-0.102797,9.938019,0.386701,0.660356,-19.695448,0.433230,-1.577750,-7.901799
5296,0.002011,-0.074451,9.936587,0.681127,0.529257,-16.364349,0.467446,-1.553201,-8.502823
5297,0.001950,-0.046392,9.938328,0.699372,0.405787,-12.998158,0.503636,-1.533455,-8.992214
5298,0.000773,-0.026023,9.941875,0.673374,0.297574,-9.055165,0.536303,-1.518390,-9.359771
5300,0.012321,-0.062118,9.941204,0.912879,0.171046,-4.829878,0.568852,-1.508343,-9.591181
5301,0.016802,-0.039689,9.940992,1.391950,0.114706,-1.890945,0.610208,-1.502416,-9.703177
5302,0.015559,-0.046453,9.942431,1.324739,0.116350,-0.456575,0.656509,-1.498121,-9.742270
5303,0.018625,-0.061108,9.935170,1.095772,0.128675,0.378108,0.696883,-1.494017,-9.743533
5304,0.017083,-0.053343,9.934763,0.877481,0.130317,0.396420,0.729433,-1.489859,-9.730567
5305,0.021194,-0.039643,9.935529,0.274659,0.141113,0.271294,0.748345,-1.485479,-9.719378
5306,0.026520,-0.096089,9.937444,-0.502132,0.122914,0.228569,0.744336,-1.481187,-9.710986
5307,0.026247,-0.093767,9.937433,-0.886772,0.129129,0.211786,0.720997,-1.477080,-9.703593
5308,0.032018,-0.094475,9.936937,-1.144759,0.106349,0.210261,0.686956,-1.473242,-9.696507
5309,0.036989,-0.120704,9.933714,-1.196751,0.114085,0.208737,0.647750,-1.469650,-9.689482
5310,0.030666,-0.139332,9.933281,-0.896263,0.112665,0.205686,0.612689,-1.465947,-9.682533
5311,0.028436,-0.090966,9.932405,-0.559141,0.106670,0.161436,0.588275,-1.462355,-9.676373
5312,0.030681,-0.103391,9.930185,-0.470734,0.080837,0.144652,0.570979,-1.459282,-9.671238
5313,0.028250,-0.119430,9.940181,-0.237369,0.094678,0.129395,0.559061,-1.456402,-9.666642
5314,0.027405,-0.112450,9.942077,-0.094035,0.088683,0.126344,0.553428,-1.453388,-9.662350
5315,0.029273,-0.107477,9.949209,-0.054461,0.085738,0.114138,0.550851,-1.450520,-9.658312
5316,0.027140,-0.110073,9.950020,-0.030144,0.098053,0.100406,0.549350,-1.447491,-9.654706
5317,0.031384,-0.115101,9.951674,-0.007354,0.107315,0.094304,0.548642,-1.444099,-9.651425
5318,0.031184,-0.110386,9.944069,0.018486,0.110472,0.089728,0.548749,-1.440499,-9.648323
5319,0.028547,-0.117891,9.943074,0.032119,0.122786,0.072944,0.549524,-1.436638,-9.645575
5320,0.032079,-0.122996,9.935678,0.053379,0.132046,0.065316,0.550890,-1.432413,-9.643229
5321,0.033038,-0.116967,9.929657,0.060905,0.124521,0.057687,0.552743,-1.428156,-9.641137
5322,0.027762,-0.114293,9.927025,0.062330,0.120048,0.062267,0.554746,-1.424100,-9.639098
5323,0.029817,-0.124953,9.928051,0.060700,0.120153,0.048535,0.556750,-1.420115,-9.637211
5324,0.029847,-0.120633,9.930090,0.069751,0.124835,0.039381,0.558886,-1.416046,-9.635706
5325,0.028648,-0.122389,9.931880,0.055912,0.120361,0.022598,0.560954,-1.411970,-9.634633
5326,0.024462,-0.130275,9.930617,0.057330,0.125044,0.007340,0.562828,-1.407885,-9.634093
5327,0.024336,-0.139349,9.931600,0.072478,0.117519,-0.007917,0.564991,-1.403842,-9.634063
5328,0.024557,-0.135868,9.929427,0.084572,0.117625,-0.006390,0.567614,-1.399921,-9.634263
5329,0.026326,-0.134433,9.930058,0.101246,0.107048,-0.007914,0.570715,-1.396174,-9.634464
5330,0.024487,-0.127282,9.925791,0.116393,0.111730,-0.006387,0.574348,-1.392526,-9.634665
5331,0.026405,-0.122911,9.929913,0.125442,0.113360,-0.007910,0.578383,-1.388772,-9.634867
5332,0.025156,-0.116900,9.927465,0.131440,0.130249,-0.014013,0.582672,-1.384708,-9.635191
5333,0.021463,-0.118830,9.927765,0.125231,0.136457,-0.015537,0.586961,-1.380258,-9.635636
5334,0.024842,-0.117275,9.924569,0.120549,0.135035,-0.003329,0.591064,-1.375731,-9.635906
5335,0.024934,-0.123444,9.924223,0.112812,0.133612,-0.014008,0.594959,-1.371250,-9.636148
5336,0.025058,-0.123559,9.924106,0.109651,0.144396,-0.003326,0.598672,-1.366614,-9.636390
5337,0.027440,-0.127551,9.929219,0.106489,0.142971,0.007358,0.602272,-1.361826,-9.636271
5338,0.027459,-0.120798,9.929565,0.109431,0.129339,0.013462,0.605861,-1.357291,-9.635878
5339,0.029720,-0.124908,9.934917,0.118478,0.132490,0.005835,0.609651,-1.352931,-9.635509
5340,0.028887,-0.123250,9.941285,0.136678,0.123433,0.019569,0.613892,-1.348670,-9.635040
5341,0.028213,-0.129180,9.944058,0.142671,0.114377,0.010415,0.618536,-1.344712,-9.634497
5342,0.029271,-0.125682,9.942021,0.144084,0.117526,0.004313,0.623308,-1.340850,-9.634210
5343,0.034244,-0.129199,9.941397,0.147022,0.126779,-0.004841,0.628159,-1.336779,-9.634174
5344,0.027478,-0.131441,9.938869,0.142331,0.129928,-0.007892,0.632985,-1.332498,-9.634339
5345,0.029219,-0.136813,9.931321,0.136110,0.143758,-0.003312,0.637629,-1.327935,-9.634476
5346,0.035101,-0.127169,9.929598,0.139044,0.140802,0.002794,0.642214,-1.323192,-9.634432
5347,0.033095,-0.120692,9.929306,0.138932,0.131741,0.005847,0.646843,-1.318652,-9.634236
5348,0.026674,-0.120665,9.934130,0.140345,0.128784,-0.003306,0.651495,-1.314311,-9.634145
5349,0.028643,-0.113660,9.931980,0.143288,0.121251,0.004324,0.656221,-1.310144,-9.634080
5350,0.026266,-0.107069,9.932405,0.138602,0.112191,-0.017037,0.660923,-1.306251,-9.634247
5351,0.021399,-0.117414,9.930894,0.143072,0.110763,-0.023140,0.665632,-1.302528,-9.634874
5352,0.024811,-0.121883,9.931449,0.141433,0.110861,-0.030768,0.670393,-1.298824,-9.635730
5353,0.027648,-0.129671,9.925011,0.138265,0.112483,-0.030766,0.675077,-1.295089,-9.636710
5354,0.028957,-0.130450,9.926482,0.136620,0.121732,-0.042973,0.679685,-1.291171,-9.637895
5355,0.034695,-0.132067,9.929241,0.153286,0.130981,-0.033815,0.684544,-1.286945,-9.639125
5356,0.037472,-0.125840,9.930120,0.154693,0.140226,-0.030761,0.689700,-1.282412,-9.640147
5357,0.036906,-0.127601,9.929511,0.160679,0.143367,-0.018553,0.694974,-1.277676,-9.640911
5358,0.039713,-0.121503,9.928343,0.160562,0.149559,-0.015499,0.700339,-1.272787,-9.641419
5359,0.041124,-0.125682,9.925968,0.165021,0.145068,-0.013972,0.705775,-1.267871,-9.641850
5360,0.036420,-0.123908,9.926240,0.154221,0.148207,-0.013970,0.711105,-1.262978,-9.642257
5361,0.034141,-0.123026,9.925473,0.149525,0.140666,-0.024651,0.716180,-1.258156,-9.642839
5362,0.032068,-0.127267,9.923759,0.143301,0.136177,-0.046012,0.721085,-1.253527,-9.643959
5363,0.026099,-0.125601,9.928828,0.146233,0.133215,-0.047537,0.725943,-1.249018,-9.645462
5364,0.021921,-0.126382,9.928392,0.136957,0.133308,-0.047535,0.730696,-1.244556,-9.646991
5365,0.021488,-0.128956,9.927669,0.144464,0.121194,-0.044482,0.735419,-1.240295,-9.648469
5366,0.021532,-0.135970,9.922985,0.133658,0.121288,-0.038376,0.740083,-1.236236,-9.649798
5367,0.022923,-0.131991,9.922399,0.148791,0.125958,-0.026168,0.744812,-1.232102,-9.650822
5368,0.027313,-0.138185,9.923337,0.144086,0.127575,-0.013958,0.749707,-1.227868,-9.651435
5369,0.025396,-0.137875,9.922940,0.148536,0.127665,-0.017009,0.754593,-1.223607,-9.651895
5370,0.029065,-0.133506,9.921911,0.148408,0.136909,-0.023111,0.759556,-1.219190,-9.652505
5371,0.026418,-0.126674,9.924257,0.160489,0.130894,-0.018532,0.764717,-1.214717,-9.653141
5372,0.023501,-0.124745,9.925164,0.148158,0.127932,-0.024634,0.769876,-1.210394,-9.653804
5373,0.022320,-0.122348,9.921522,0.151087,0.124970,-0.039892,0.774885,-1.206165,-9.654822
5374,0.023730,-0.125082,9.926253,0.140095,0.129771,-0.035310,0.779763,-1.201903,-9.656018
5375,0.022417,-0.130716,9.922990,0.135012,0.117920,-0.033778,0.784371,-1.197760,-9.657113
5376,0.025714,-0.140912,9.920423,0.128386,0.130481,-0.032246,0.788783,-1.193605,-9.658158
5377,0.025928,-0.148583,9.921409,0.132424,0.120148,-0.016981,0.793145,-1.189417,-9.658920
5378,0.019501,-0.151501,9.921058,0.128819,0.122027,-0.007818,0.797507,-1.185375,-9.659278
5379,0.023848,-0.150047,9.917397,0.138945,0.120855,-0.004761,0.801973,-1.181325,-9.659431
5380,0.019408,-0.155735,9.914920,0.124651,0.141046,0.001350,0.806366,-1.176959,-9.659427
5381,0.015791,-0.150303,9.919421,0.133244,0.141405,0.001356,0.810662,-1.172253,-9.659314
5382,0.014428,-0.143141,9.915403,0.126588,0.161605,-0.015422,0.814996,-1.167200,-9.659477
5383,0.019087,-0.139115,9.912465,0.126046,0.171117,-0.018468,0.819216,-1.161647,-9.659963
5384,0.012786,-0.140069,9.909702,0.119401,0.168423,-0.019988,0.823318,-1.155979,-9.660522
5385,0.019625,-0.129655,9.915827,0.121919,0.167251,-0.021508,0.827352,-1.150375,-9.661135
5386,0.023421,-0.125055,9.914077,0.116821,0.163016,-0.029132,0.831347,-1.144859,-9.661899
5387,0.026802,-0.129511,9.916800,0.120878,0.152670,-0.030652,0.835327,-1.139584,-9.662818
5388,0.024674,-0.133842,9.919061,0.124925,0.133164,-0.041329,0.839446,-1.134803,-9.663948
5389,0.028604,-0.134101,9.921182,0.130492,0.131966,-0.047427,0.843731,-1.130363,-9.665364
5390,0.025400,-0.136259,9.921008,0.136054,0.124661,-0.047421,0.848203,-1.126063,-9.666881
5391,0.024153,-0.136374,9.924601,0.137036,0.121938,-0.044363,0.852783,-1.121931,-9.668350
5392,0.025283,-0.129962,9.923040,0.139548,0.122266,-0.039779,0.857419,-1.117840,-9.669692
5393,0.027845,-0.125023,9.923436,0.151225,0.128691,-0.032144,0.862288,-1.113640,-9.670828
5394,0.026182,-0.126449,9.923771,0.146120,0.124432,-0.024509,0.867261,-1.109408,-9.671709
5395,0.024868,-0.128556,9.925559,0.142534,0.123228,-0.027556,0.872087,-1.105267,-9.672514
5396,0.024449,-0.130443,9.923146,0.143521,0.125075,-0.030601,0.876872,-1.101115,-9.673421
5397,0.025461,-0.138656,9.927642,0.135341,0.129973,-0.029071,0.881538,-1.096849,-9.674350
5398,0.022626,-0.141967,9.927960,0.127149,0.136397,-0.038220,0.885932,-1.092393,-9.675403
5399,0.027558,-0.143731,9.928535,0.137261,0.145869,-0.048895,0.890366,-1.087667,-9.676782
5400,0.030478,-0.145430,9.927147,0.141265,0.149228,-0.047363,0.895037,-1.082724,-9.678309
5401,0.033799,-0.141651,9.925873,0.134587,0.155632,-0.042779,0.899661,-1.077620,-9.679731
5403,0.033547,-0.140032,9.925141,0.144698,0.155927,-0.047351,0.904342,-1.072404,-9.681152
5404,0.037226,-0.134974,9.922667,0.144133,0.151639,-0.036663,0.909181,-1.067257,-9.682471
5405,0.032371,-0.133361,9.916790,0.142048,0.154981,-0.036657,0.913972,-1.062127,-9.683612
5406,0.031327,-0.133745,9.914723,0.144537,0.147644,-0.036651,0.918769,-1.057065,-9.684753
5407,0.028206,-0.141142,9.913961,0.133287,0.149466,-0.044275,0.923423,-1.052092,-9.686023
5408,0.021988,-0.137453,9.909141,0.117451,0.149769,-0.048847,0.927629,-1.047080,-9.687494
5409,0.024059,-0.142516,9.911840,0.109245,0.168387,-0.051893,0.931436,-1.041751,-9.689087
5410,0.024653,-0.139670,9.917871,0.111715,0.171739,-0.050361,0.935148,-1.036055,-9.690701
5411,0.028081,-0.147268,9.920481,0.097394,0.179664,-0.059511,0.938665,-1.030170,-9.692435
5412,0.027329,-0.144261,9.919737,0.096801,0.178429,-0.065608,0.941937,-1.024168,-9.694423
5413,0.028496,-0.145957,9.923738,0.039750,0.184822,-0.051870,0.944246,-1.018082,-9.696281
5414,0.026086,-0.160098,9.921800,-0.058518,0.163747,-0.015241,0.943951,-1.012255,-9.697304
5415,0.025097,-0.120803,9.918556,0.075179,0.156406,-0.039651,0.944243,-1.006905,-9.698130
5416,0.017986,-0.113637,9.914072,0.082268,0.153649,-0.047276,0.946891,-1.001714,-9.699494
5417,0.019215,-0.127326,9.917139,0.095455,0.143267,-0.042693,0.949878,-0.996741,-9.700912
5418,0.020227,-0.128142,9.914146,0.247485,0.135932,-0.067103,0.955624,-0.992058,-9.702664
5419,0.020200,-0.108479,9.913377,0.372066,0.142329,-0.128136,0.966005,-0.987367,-9.705842
5420,0.019636,-0.149540,9.918042,0.231112,0.133464,-0.106768,0.976124,-0.982705,-9.709677
5421,0.022015,-0.147001,9.925310,0.244236,0.121545,-0.102184,0.984105,-0.978395,-9.713088
5422,0.023326,-0.126860,9.922636,0.248224,0.127932,-0.100653,0.992369,-0.974180,-9.716397
5423,0.026782,-0.127940,9.925232,0.148465,0.126684,-0.089967,0.999033,-0.969882,-9.719500
5424,0.023185,-0.129511,9.926857,0.126522,0.126959,-0.071650,1.003660,-0.965608,-9.722119
5425,0.025616,-0.130637,9.925578,0.116783,0.139442,-0.088431,1.007759,-0.961122,-9.724709
5426,0.023864,-0.128843,9.920482,0.100939,0.147346,-0.089951,1.011436,-0.956290,-9.727598
5427,0.023318,-0.135005,9.922895,0.104926,0.147620,-0.094524,1.014917,-0.951321,-9.730586
5428,0.023846,-0.136753,9.921222,0.116535,0.149418,-0.092992,1.018658,-0.946315,-9.733624
5429,0.025490,-0.138785,9.925715,0.111352,0.139005,-0.091461,1.022505,-0.941454,-9.736613
5430,0.019030,-0.138452,9.924392,0.129057,0.128596,-0.065516,1.026554,-0.936948,-9.739150
5431,0.027781,-0.134413,9.928880,0.139135,0.119708,-0.059407,1.031056,-0.932773,-9.741157
5432,0.021771,-0.132092,9.927680,0.132432,0.115395,-0.053298,1.035612,-0.928822,-9.742965
5433,0.013056,-0.126553,9.928112,0.130314,0.112619,-0.059397,1.040020,-0.924988,-9.744774
5434,0.017955,-0.128822,9.923024,0.129722,0.123579,-0.063970,1.044386,-0.921015,-9.746758
5435,0.025314,-0.125584,9.933514,0.110819,0.140630,-0.074647,1.048431,-0.916570,-9.748988
5436,0.012692,-0.134129,9.927520,0.111747,0.183626,-0.065486,1.052176,-0.911124,-9.751224
5437,0.021085,-0.129232,9.922480,0.115721,0.217468,-0.062430,1.055999,-0.904400,-9.753232
5438,0.029161,-0.130372,9.920461,0.087653,0.208568,-0.056322,1.059418,-0.897265,-9.755082
5439,0.024742,-0.124395,9.921813,0.099263,0.208816,-0.045635,1.062558,-0.890278,-9.756653
5440,0.027043,-0.121994,9.909196,0.107828,0.210590,-0.057838,1.066034,-0.883257,-9.758247
5441,0.032663,-0.115811,9.912537,0.102667,0.180309,-0.066988,1.069572,-0.876704,-9.760204
5442,0.017683,-0.124998,9.921445,0.082243,0.151562,-0.082244,1.072690,-0.871128,-9.762590
5443,0.018995,-0.126241,9.923158,0.121317,0.167077,-0.074610,1.076121,-0.865769,-9.765103
5444,0.019681,-0.135979,9.926808,0.103921,0.165803,-0.085287,1.079914,-0.860172,-9.767665
5445,0.010386,-0.140228,9.927132,0.107874,0.153855,-0.070024,1.083480,-0.854796,-9.770150
5446,0.013075,-0.145693,9.920445,0.110291,0.155644,-0.066967,1.087149,-0.849596,-9.772338
5447,0.025652,-0.141288,9.916686,0.121860,0.163520,-0.062384,1.091049,-0.844236,-9.774393
5448,0.017907,-0.138395,9.918949,0.118176,0.163760,-0.054749,1.095077,-0.838745,-9.776240
5449,0.019194,-0.140609,9.914880,0.129750,0.165531,-0.041012,1.099230,-0.833228,-9.777731
5450,0.027154,-0.136378,9.915737,0.130645,0.171869,-0.041007,1.103589,-0.827579,-9.778990
5451,0.022746,-0.135723,9.921680,0.131543,0.165994,-0.047106,1.107978,-0.821921,-9.780350
5452,0.021633,-0.134340,9.922742,0.146173,0.164700,-0.047102,1.112627,-0.816379,-9.781811
5453,0.028641,-0.139088,9.923603,0.144014,0.164924,-0.065408,1.117489,-0.810850,-9.783580
5454,0.027293,-0.137366,9.923937,0.131170,0.163617,-0.071506,1.122106,-0.805331,-9.785754
5455,0.023159,-0.137994,9.928683,0.130532,0.150104,-0.071502,1.126500,-0.800057,-9.788034
5456,0.027610,-0.136993,9.926594,0.128367,0.141167,-0.071497,1.130847,-0.795156,-9.790321
5457,0.026697,-0.138188,9.924531,0.110941,0.127647,-0.065389,1.134865,-0.790632,-9.792515
5458,0.020248,-0.136704,9.921278,0.101143,0.112607,-0.068436,1.138430,-0.786584,-9.794665
5459,0.019837,-0.131717,9.919932,0.112713,0.118935,-0.080640,1.142027,-0.782676,-9.797073
5460,0.024685,-0.133038,9.917493,0.110552,0.131361,-0.082161,1.145784,-0.778451,-9.799704
5461,0.023164,-0.131986,9.922283,0.120598,0.140731,-0.076053,1.149671,-0.773865,-9.802249
5462,0.024571,-0.132753,9.925323,0.126065,0.142469,-0.077575,1.153815,-0.769094,-9.804712
5463,0.028946,-0.137323,9.925653,0.119317,0.142675,-0.077570,1.157938,-0.764290,-9.807204
5464,0.028186,-0.134543,9.925754,0.121722,0.127616,-0.063831,1.161986,-0.759739,-9.809470
5465,0.024794,-0.139619,9.924861,0.110391,0.121716,-0.063827,1.165881,-0.755541,-9.811513
5466,0.026506,-0.138101,9.920912,0.091424,0.115815,-0.076030,1.169274,-0.751535,-9.813762
5467,0.022433,-0.137832,9.920476,0.087718,0.122123,-0.080604,1.172293,-0.747517,-9.816291
5468,0.021076,-0.134719,9.920082,0.090119,0.142168,-0.076021,1.175290,-0.743060,-9.818811
5469,0.026102,-0.131093,9.925588,0.080316,0.153052,-0.072965,1.178161,-0.738090,-9.821193
5470,0.020855,-0.124560,9.925598,0.087306,0.162410,-0.079065,1.180986,-0.732781,-9.823618
5471,0.018266,-0.128446,9.926043,0.095826,0.174824,-0.071431,1.184069,-0.727110,-9.826010
5472,0.027038,-0.127366,9.923428,0.108919,0.173498,-0.077531,1.187511,-0.721254,-9.828373
5473,0.031713,-0.129242,9.925324,0.118959,0.175209,-0.079053,1.191340,-0.715389,-9.830861
5474,0.026872,-0.135438,9.917780,0.115256,0.179970,-0.086678,1.195277,-0.709414,-9.833500
5475,0.033014,-0.145449,9.917312,0.119165,0.167942,-0.074466,1.199215,-0.703560,-9.836065
5476,0.032949,-0.143223,9.919716,0.120014,0.162010,-0.080566,1.203232,-0.698008,-9.838533
5477,0.024559,-0.143960,9.920408,0.105605,0.162188,-0.074457,1.207022,-0.692552,-9.841002
5478,0.020036,-0.138861,9.912964,0.109509,0.148644,-0.066824,1.210634,-0.687323,-9.843248
5479,0.022143,-0.138450,9.916134,0.114943,0.138152,-0.063768,1.214400,-0.682498,-9.845325
5480,0.024535,-0.129443,9.916036,0.112755,0.153594,-0.066816,1.218220,-0.677590,-9.847397
5481,0.024965,-0.130625,9.912189,0.102943,0.155299,-0.057656,1.221838,-0.672399,-9.849361
5482,0.026547,-0.124191,9.912565,0.097713,0.152423,-0.053074,1.225202,-0.667232,-9.851097
5483,0.023727,-0.120920,9.922267,0.090967,0.152598,-0.060700,1.228367,-0.662109,-9.852882
5484,0.024611,-0.119538,9.917702,0.088800,0.158877,-0.060696,1.231386,-0.656875,-9.854795
5485,0.027593,-0.118549,9.917753,0.088161,0.155994,-0.071374,1.234359,-0.651581,-9.856881
5486,0.026688,-0.125875,9.921248,0.102775,0.150056,-0.063741,1.237565,-0.646433,-9.859023
5487,0.029796,-0.131649,9.919150,0.103641,0.151744,-0.065263,1.241028,-0.641358,-9.861064
5488,0.035337,-0.136469,9.913598,0.104496,0.159526,-0.049999,1.244518,-0.636130,-9.862873
5489,0.032669,-0.132864,9.920650,0.099244,0.167303,-0.049994,1.247931,-0.630647,-9.864422
5490,0.025052,-0.137311,9.921246,0.090939,0.161355,-0.045413,1.251116,-0.625136,-9.865891
5491,0.030968,-0.129995,9.919408,0.076533,0.167613,-0.056090,1.253924,-0.619618,-9.867463
5492,0.029879,-0.131975,9.922164,0.077389,0.163185,-0.057612,1.256509,-0.614065,-9.869238
5493,0.025875,-0.183580,9.926309,0.098031,0.167914,-0.077445,1.259455,-0.608498,-9.871367
5494,0.027497,-0.177975,9.924639,0.315471,0.161963,-0.107959,1.266379,-0.602933,-9.874335
5495,0.028572,-0.168532,9.923912,0.499353,0.175844,-0.146102,1.280002,-0.597211,-9.878445
5496,0.021063,-0.156443,9.925797,0.553551,0.183627,-0.156779,1.297601,-0.591107,-9.883354
5497,0.021929,-0.158289,9.925696,0.436847,0.185309,-0.141516,1.314157,-0.584847,-9.888186
5498,0.027171,-0.103847,9.924459,0.430057,0.173250,-0.126253,1.328650,-0.578769,-9.892510
5499,0.024264,-0.099264,9.921986,0.299718,0.159662,-0.110991,1.340851,-0.573130,-9.896335
5500,0.025162,-0.111817,9.921911,0.010669,0.147599,-0.060632,1.346052,-0.567944,-9.899075
5501,0.029112,-0.120697,9.922727,-0.092239,0.143159,-0.039265,1.344707,-0.563060,-9.900625
5502,0.027390,-0.123830,9.928968,0.067300,0.149397,-0.056047,1.344306,-0.558148,-9.902100
5503,0.020742,-0.109886,9.927369,0.037635,0.164797,-0.051465,1.346071,-0.552871,-9.903768
5504,0.024170,-0.135862,9.931348,-0.225510,0.190880,0.014152,1.342944,-0.546930,-9.904250
5506,0.019095,-0.125825,9.932678,-0.146862,0.195598,0.023311,1.336731,-0.540505,-9.903477
5507,0.018723,-0.131548,9.930758,-0.115510,0.200321,0.037047,1.332347,-0.533932,-9.902318
5508,0.022665,-0.125340,9.925512,-0.085684,0.197408,0.079777,1.328974,-0.527350,-9.900217
5509,0.017985,-0.163455,9.930096,0.006677,0.185339,0.110299,1.327627,-0.521046,-9.896902
5510,0.018444,-0.158754,9.935395,0.312636,0.164116,0.099621,1.332916,-0.515305,-9.893270
5511,0.027496,-0.141506,9.930699,0.433978,0.155088,0.145402,1.345322,-0.510081,-9.889061
5512,0.025610,-0.128033,9.931959,0.485154,0.149105,0.189658,1.360591,-0.505145,-9.883359
5513,0.020790,-0.116611,9.930760,0.380705,0.155333,0.204920,1.374963,-0.500229,-9.876663
5514,0.021844,-0.125999,9.933453,0.819483,0.166141,0.298005,1.394892,-0.495075,-9.868155
5515,0.020930,-0.094541,9.924204,2.381357,0.131169,0.523845,1.448120,-0.490462,-9.854336
5516,0.016774,-0.056090,9.925364,3.889879,0.088571,0.758839,1.552458,-0.487361,-9.832868
5517,0.019236,-0.044747,9.926467,4.919281,0.061233,1.283759,1.698987,-0.485832,-9.798767
5518,-0.013067,0.022286,9.914277,4.830215,0.023242,4.681994,1.860634,-0.487509,-9.699337
5519,0.000672,0.051293,9.913977,2.554537,-0.043725,10.616317,1.981524,-0.496357,-9.444510
5520,-0.001776,0.069534,9.916300,0.489436,-0.074078,14.626448,2.028553,-0.512944,-9.024109
5521,0.017848,0.044610,9.926836,-2.236425,-0.127333,20.402075,1.994093,-0.536710,-8.440761
5522,0.004170,0.017887,9.937495,-3.520337,-0.267565,26.226534,1.890652,-0.569525,-7.664276
5523,0.027288,-0.024085,9.963921,-2.637480,-0.433736,28.907585,1.778565,-0.610592,-6.746223
5524,0.024161,-0.136317,9.966656,0.135887,-0.509885,28.194983,1.726361,-0.655493,-5.795455
5525,0.020963,-0.136397,9.963946,1.125368,-0.494458,26.962038,1.736511,-0.700188,-4.877109
5526,-0.006116,-0.119868,9.954982,2.430737,-0.468305,25.068369,1.784868,-0.742936,-4.010831
5527,0.004254,-0.062312,9.935394,2.684805,-0.388715,23.510401,1.859353,-0.783045,-3.202029
5528,0.008248,-0.107451,9.926896,1.533487,-0.272503,22.834417,1.918867,-0.819545,-2.430366
5529,-0.003780,0.064394,9.919047,0.652357,-0.234092,22.542967,1.944270,-0.853412,-1.674743
5530,-0.003438,0.061808,9.914360,-0.491083,-0.313154,26.864386,1.934441,-0.890346,-0.852011
5531,0.054509,-0.172979,9.848477,0.979154,-0.679135,38.827644,1.925067,-0.943672,0.241746
5532,0.045512,-0.245100,9.861737,0.158685,-0.625519,39.747787,1.921718,-1.009464,1.549897
5533,0.045703,-0.214327,9.851305,0.835110,-0.619178,38.910065,1.914478,-1.073990,2.859466
5534,0.055307,-0.254665,9.848200,0.289261,-0.635714,40.135395,1.907800,-1.138888,4.175516
5535,0.057949,-0.292934,9.860748,0.750451,-0.620196,38.736134,1.898287,-1.203401,5.488709
5536,0.003528,-0.087059,9.926641,-0.663558,-0.284161,27.502281,1.876072,-1.254861,6.591691
5537,0.012379,-0.060528,9.918426,0.255804,-0.338701,26.043499,1.849457,-1.294132,7.483465
5538,0.017045,-0.060377,9.927427,0.450386,-0.348986,25.283592,1.841623,-1.333194,8.338270
5539,0.009438,-0.020848,9.925752,1.659752,-0.325684,22.744453,1.857921,-1.370282,9.138134
5540,0.007683,0.017242,9.918521,2.368687,-0.280998,21.027790,1.907409,-1.404431,9.867118
5541,0.011176,0.031691,9.911321,2.557322,-0.237828,20.632572,1.972308,-1.436622,10.560949
5542,-0.006037,0.080061,9.901858,1.885377,-0.173270,21.140705,2.028719,-1.467784,11.256699
5543,-0.002709,0.206072,9.905119,-0.585487,-0.162097,24.996710,2.030482,-1.500565,12.025203
5544,0.011390,0.291146,9.899633,-2.796750,-0.442382,36.938591,1.946688,-1.546308,13.056794
5545,-0.062857,0.272016,9.913514,-4.962157,-0.975898,54.085403,1.775498,-1.619081,14.572688
5546,-0.214375,0.232855,10.089200,-6.294373,-1.784202,73.476845,1.525875,-1.726213,16.696871
5547,-0.110414,0.131241,10.018661,-5.623114,-2.459677,88.717781,1.242669,-1.862249,19.397676
5548,-0.126451,-0.075344,10.011259,-3.543686,-3.005134,98.810234,0.984262,-2.014333,22.520403
5549,-0.133868,-0.247431,10.004055,-1.987921,-3.165988,98.334152,0.772241,-2.168033,25.803543
5550,-0.069310,-0.349401,9.991004,-0.290428,-2.977409,89.421249,0.612091,-2.308499,28.930965
5551,0.074590,-0.405424,9.821910,0.805754,-2.434965,75.727615,0.506982,-2.425876,31.682707
5552,-0.017941,-0.401980,9.902887,0.896344,-1.981034,63.775078,0.435045,-2.518775,34.007919
5553,-0.009949,-0.353667,9.899787,0.953445,-1.548347,52.007175,0.379817,-2.591336,35.938309
5554,-0.014250,-0.339190,9.918352,0.967903,-1.181250,42.082588,0.340142,-2.646704,37.507378
5555,-0.009623,-0.235049,9.919398,0.944342,-0.902636,34.466717,0.312590,-2.688722,38.784138
5556,-0.010406,-0.184289,9.924086,0.791237,-0.743032,29.922531,0.290825,-2.721812,39.858204
5557,-0.010412,-0.135739,9.926865,0.726740,-0.674971,27.984619,0.270014,-2.750165,40.824211
5558,-0.011362,-0.139229,9.929748,0.749273,-0.680141,28.530912,0.249155,-2.777014,41.767048
5559,-0.019237,-0.164652,9.927134,1.008301,-0.695976,29.631117,0.231205,-2.804012,42.737389
5560,-0.028053,-0.182184,9.940872,2.039414,-0.666009,29.591461,0.233432,-2.830729,43.725452
5561,-0.027297,-0.148898,9.938880,4.121908,-0.643654,27.616930,0.288761,-2.856974,44.679916
5562,-0.034871,-0.088231,9.930647,5.716185,-0.575506,25.137312,0.408653,-2.882802,45.560043
5563,-0.035143,-0.021526,9.934102,6.474349,-0.461565,23.049850,0.571219,-2.907084,46.363964
5564,-0.036530,0.083897,9.935277,6.539859,-0.361345,21.848944,0.749983,-2.929500,47.112999
5565,-0.021261,0.116529,9.916319,5.616647,-0.320643,22.674459,0.914484,-2.951665,47.855755
5566,-0.024000,0.165016,9.917481,3.286553,-0.225013,24.417051,1.022262,-2.973959,48.641361
5567,-0.024104,0.158765,9.922676,0.649743,-0.161417,27.185062,1.043040,-2.995746,49.502258
5568,-0.023650,0.112435,9.919900,-1.167718,-0.164955,30.278101,0.984120,-3.017947,50.460995
5569,-0.012710,0.073847,9.913801,-2.759417,-0.191384,32.675320,0.863160,-3.040672,51.511368
5570,-0.005893,0.076354,9.920908,-4.596794,-0.271231,35.466228,0.680022,-3.063565,52.648365
5571,-0.004950,-0.110758,9.922567,-5.129632,-0.633375,43.251503,0.447402,-3.091420,53.961849
5572,0.002880,-0.133284,9.925412,-3.720099,-0.917696,48.985939,0.216421,-3.126213,55.500969
5573,0.005176,-0.148853,9.922719,-2.890376,-1.134874,52.005760,0.013771,-3.164018,57.186279
5574,-0.004124,-0.176101,9.929482,-1.622683,-1.300154,54.558651,-0.160213,-3.202451,58.964699
5575,-0.016251,-0.183027,9.920723,0.113499,-1.418096,55.849602,-0.288937,-3.240714,60.807411
5576,-0.014189,-0.059089,9.913844,0.920556,-1.290341,52.181293,-0.374207,-3.275662,62.610573
5577,-0.017477,-0.055659,9.914017,0.375800,-1.199197,48.027733,-0.448618,-3.305266,64.283310
5578,-0.020428,-0.059552,9.914696,0.262908,-1.146182,45.383312,-0.528239,-3.331019,65.842712
5579,-0.023774,-0.140821,9.918921,0.107234,-1.065686,41.537987,-0.606682,-3.353520,67.293884
5580,-0.023114,-0.186611,9.926512,0.058279,-0.893625,35.155060,-0.679038,-3.371815,68.574387
5581,-0.028535,-0.209934,9.934782,0.666956,-0.665092,27.963398,-0.729059,-3.384861,69.628326
5582,-0.022167,-0.244150,9.934013,1.907333,-0.480806,21.771219,-0.735248,-3.393418,70.458794
5583,-0.018741,-0.185920,9.930204,3.362896,-0.302631,15.585142,-0.684364,-3.398855,71.082573
5584,-0.013254,-0.069578,9.926056,3.925954,-0.145825,10.995173,-0.589207,-3.401511,71.526413
5585,-0.012524,-0.027090,9.925247,4.208369,-0.072949,9.974335,-0.474408,-3.401972,71.876534
5586,-0.005278,-0.002532,9.922309,3.793466,-0.050435,10.516041,-0.361344,-3.401555,72.218643
5587,-0.009563,-0.043833,9.953176,2.629279,-0.040133,11.988561,-0.276590,-3.400960,72.594368
5588,-0.007548,-0.056903,9.959389,1.501630,-0.025250,13.282552,-0.232769,-3.400136,73.016304
5589,-0.008731,-0.077623,9.962067,1.526001,-0.042413,13.706767,-0.209031,-3.399488,73.466911
5590,-0.004256,-0.157544,9.971372,1.480159,-0.066110,13.946344,-0.186308,-3.399706,73.928604
5591,0.000424,-0.137923,9.968398,2.742044,-0.105500,13.499252,-0.143119,-3.401249,74.386833
5592,-0.002835,-0.033484,9.933149,4.112299,-0.114372,11.829892,-0.053984,-3.404232,74.809723
5593,-0.025047,-0.013834,9.941498,4.547181,-0.075491,10.378738,0.068310,-3.407498,75.180511
5594,-0.018209,-0.003881,9.948226,4.455617,-0.032027,8.932162,0.199186,-3.410068,75.502930
5595,-0.019634,0.093238,9.943394,4.849317,0.000311,6.808072,0.338633,-3.411842,75.765724
5596,-0.025863,0.127794,9.942477,3.413451,0.079954,5.018158,0.464594,-3.411917,75.963173
5597,-0.028400,0.081405,9.956398,1.828031,0.147391,4.523756,0.542473,-3.409523,76.122513
5598,-0.008005,0.063291,9.956449,2.604720,0.147684,4.931176,0.606967,-3.406171,76.280418
5599,-0.008144,0.145133,9.943724,4.507551,0.117453,6.551705,0.714115,-3.403965,76.472183
5600,-0.014043,0.224385,9.942588,6.233407,0.136053,8.486573,0.878221,-3.403236,76.723305
5601,-0.015017,0.264830,9.954165,8.735975,0.153129,10.892951,1.108497,-3.404022,77.046883
5602,-0.010448,0.366859,9.952925,12.004576,0.214455,13.624349,1.429850,-3.406964,77.456268
5603,-0.015364,0.505473,9.950103,14.069257,0.367338,16.192469,1.834797,-3.411455,77.954147
5604,-0.013145,0.550450,9.951725,16.016455,0.620931,19.439621,2.300775,-3.416415,78.549240
5605,0.002584,0.641067,9.935532,17.975855,0.888254,21.968063,2.826038,-3.422119,79.241005
5606,0.006355,0.771668,9.911195,16.361551,1.218136,23.342903,3.353064,-3.427759,79.998268
5607,0.016342,0.858589,9.897919,13.181658,1.464089,23.823545,3.798250,-3.432022,80.786987
5609,0.014929,0.898427,9.890208,9.449369,1.693255,24.302660,4.127201,-3.434756,81.592186
5610,0.008931,0.948134,9.891670,5.219618,1.850704,24.458281,4.322775,-3.435492,82.408417
5611,-0.020646,0.950159,9.895948,1.192805,2.000532,25.126608,4.379902,-3.433938,83.238754
5612,-0.037888,0.904224,9.915144,0.410088,2.083231,26.582314,4.354768,-3.431453,84.104759
5613,-0.030332,0.834722,9.907971,0.686334,2.251384,28.904745,4.317439,-3.429285,85.033966
5614,-0.012005,0.816526,9.918710,1.026650,2.332553,29.916409,4.287086,-3.426660,86.018974
5615,-0.006671,0.794000,9.911509,0.697080,2.258072,27.902164,4.257973,-3.422177,86.987289
5616,0.017135,0.775404,9.916683,-0.732691,2.093554,25.181416,4.204362,-3.415105,87.876480
5617,0.027657,0.806016,9.904873,-2.817079,1.915293,22.520182,4.097663,-3.405922,88.675629
5618,-0.000585,0.882843,9.900928,-6.639462,1.810281,21.297890,3.896518,-3.394754,89.409729
5619,-0.017743,0.835941,9.880963,-11.667305,1.804464,23.109138,3.547454,-3.382463,90.153442
5620,-0.043024,0.847475,9.868427,-15.587311,1.806286,27.306934,3.043527,-3.370456,90.997192
5621,-0.048267,0.706054,9.880472,-19.174662,1.802010,33.122211,2.404874,-3.358154,92.007713
5622,-0.045788,0.548572,9.887994,-21.283417,1.697024,38.237099,1.660921,-3.342047,93.200218
5623,-0.032921,0.368422,9.904192,-21.239111,1.369247,41.223320,0.875148,-3.320333,94.527351
5624,0.007772,0.153828,9.945437,-19.389669,0.891916,41.855045,0.118034,-3.294811,95.914291
5625,0.025934,-0.040969,9.966346,-15.783922,0.452717,40.785370,-0.547098,-3.267466,97.293510
5626,0.026735,-0.070931,9.956549,-11.120704,0.068445,38.028023,-1.070144,-3.240563,98.608696
5627,0.030772,-0.113315,9.959250,-7.046460,-0.198335,34.696934,-1.441278,-3.216524,99.822266
5628,0.034334,-0.126870,9.958262,-3.439124,-0.353727,31.060652,-1.677425,-3.196185,100.919662
5629,0.004894,-0.017414,9.929998,-0.233061,-0.397721,26.647680,-1.792200,-3.179829,101.882820
5630,0.010212,0.012488,9.930990,0.191289,-0.333370,23.341000,-1.839082,-3.165816,102.717148
5631,0.012800,0.035737,9.936646,-0.072534,-0.273600,21.256586,-1.878117,-3.151845,103.461472
5632,0.010016,0.041361,9.932968,-0.528611,-0.293180,21.573977,-1.927348,-3.137572,104.176277
5633,0.008576,0.088148,9.937171,-0.781725,-0.341751,22.793186,-1.989620,-3.122854,104.916748
5634,-0.030229,0.346780,9.998887,-1.336896,-0.550538,27.609001,-2.070651,-3.107946,105.757973
5635,0.081053,0.360371,9.939779,-2.366558,-1.299520,40.315376,-2.193754,-3.096619,106.891991
5636,0.093464,0.396582,9.941486,-3.527429,-1.132978,50.644356,-2.373778,-3.076693,108.410400
5637,-0.051067,0.261416,9.980873,-5.423807,-1.740049,61.632530,-2.622927,-3.042911,110.284233
5638,0.049640,0.234420,9.921789,-6.354295,-2.760639,70.516464,-2.935727,-3.010905,112.490089
5639,0.100764,-0.049743,9.836617,-3.943058,-3.112911,72.585609,-3.232282,-2.980329,114.879158
5640,0.003403,-0.136302,9.891207,-0.982550,-2.201710,65.410713,-3.433256,-2.935509,117.182350
5641,-0.013211,-0.267720,9.883379,1.498783,-2.520379,57.192085,-3.528539,-2.890467,119.228569
5642,0.132739,-0.148873,9.853214,4.877371,-1.828922,45.297497,-3.508189,-2.858372,120.939590
5643,0.035870,-0.191448,9.905300,6.955893,-0.736160,35.304214,-3.377600,-2.820890,122.284477
5644,0.016543,-0.143600,9.927372,5.277581,-0.218647,29.902443,-3.226712,-2.774529,123.371506
5645,0.010312,-0.042810,9.928228,3.429915,-0.506820,28.246817,-3.128133,-2.732833,124.340866
5646,0.015948,0.080803,9.931778,2.301003,-0.523383,31.033154,-3.079462,-2.696371,125.329376
5647,0.022914,0.077634,9.925526,0.293183,-0.797833,38.725342,-3.090542,-2.655692,126.492676
5648,0.023500,0.068231,9.927366,-1.919119,-0.979206,45.028938,-3.181798,-2.608706,127.889389
5649,0.022949,-0.004623,9.928971,-2.143152,-1.134642,49.200813,-3.320281,-2.554610,129.460678
5650,0.014237,-0.077281,9.931031,-2.042190,-1.229044,50.394089,-3.463202,-2.495735,131.121262
5651,0.017765,-0.170346,9.927094,-2.801879,-1.122026,50.575676,-3.616283,-2.430974,132.804474
5652,0.026552,-0.171353,9.925570,-1.591607,-1.149299,47.000439,-3.757521,-2.364094,134.430847
5653,0.038840,-0.084284,9.927517,0.262637,-1.274240,44.481136,-3.841782,-2.303493,135.955826
5654,0.080018,-0.025796,9.924031,-0.112450,-1.391570,44.342278,-3.898111,-2.248116,137.436737
5655,0.078618,0.000224,9.920691,-0.521082,-1.383789,44.758854,-3.966234,-2.192394,138.922272
5656,0.022669,-0.020733,9.939487,0.042307,-1.665924,45.346329,-4.030982,-2.138341,140.424713
5657,0.013477,-0.064330,9.937976,-0.561648,-1.841234,48.430225,-4.097309,-2.085945,141.988632
5658,-0.007768,-0.156671,9.938890,-1.122903,-2.002808,51.422569,-4.185184,-2.029604,143.653854
5659,-0.026742,-0.265033,9.922291,-0.824773,-2.115273,52.654003,-4.278216,-1.970003,145.389435
5660,-0.001185,-0.184111,9.907502,-0.994699,-2.415189,51.179974,-4.367253,-1.914906,147.121338
5661,0.049100,-0.239419,9.899265,-0.557253,-2.384069,50.354465,-4.449022,-1.864575,148.815231
5662,0.065881,-0.229506,9.889424,0.641225,-1.959528,44.027977,-4.498158,-1.814112,150.389572
5663,0.097822,-0.290305,9.878457,2.414597,-1.577933,36.140469,-4.489012,-1.768349,151.726639
5664,0.085014,-0.220566,9.900837,3.482996,-1.011709,26.116667,-4.422425,-1.730974,152.764832
5665,0.069632,-0.283257,9.915405,4.978652,-0.367660,19.246950,-4.303998,-1.696530,153.520737
5666,0.076001,-0.160042,9.909811,5.502301,0.041396,11.078673,-4.144098,-1.664879,154.025391
5667,0.060077,-0.116486,9.924363,5.210042,0.150009,6.343726,-3.973903,-1.641267,154.314926
5668,0.037944,-0.010701,9.934319,4.106502,0.303059,3.322391,-3.823189,-1.622835,154.475204
5669,0.038791,0.008846,9.931155,3.454702,0.240966,3.699289,-3.700441,-1.606131,154.591431
5670,0.032336,0.041079,9.931565,2.564861,0.155984,4.860514,-3.604077,-1.590432,154.733444
5671,0.024850,0.069340,9.932569,1.398350,0.055570,7.999337,-3.543926,-1.573534,154.947205
5672,0.019996,0.088349,9.934726,0.045696,-0.166912,13.718502,-3.529724,-1.553024,155.308731
5673,0.026538,0.133924,9.926664,-1.259105,-0.433472,21.200106,-3.565585,-1.526954,155.890411
5674,-0.057503,0.118117,9.960243,-2.714941,-0.898337,32.073845,-3.655221,-1.493151,156.778214
5675,-0.052656,-0.046587,9.960113,-3.549877,-1.253269,42.604263,-3.791585,-1.448070,158.022842
5676,-0.056049,-0.121709,9.961432,-2.857555,-1.290823,46.448078,-3.935125,-1.390383,159.506760
5677,-0.061036,-0.098536,9.960323,-2.039004,-1.298085,45.648502,-4.053095,-1.326625,161.041122
5678,-0.060679,-0.168516,9.971217,-1.117075,-1.163662,42.869797,-4.139004,-1.262266,162.515686
5679,0.034489,-0.215138,9.933648,0.583054,-0.817163,36.253384,-4.176206,-1.199681,163.833420
5680,0.035510,-0.097768,9.939178,2.675369,-0.455432,28.320099,-4.143860,-1.142927,164.908447
5681,0.034576,-0.024803,9.940798,4.302322,-0.473663,25.175165,-4.044945,-1.094911,165.798965
5682,0.059337,-0.021592,9.932804,6.034577,-0.363725,24.700603,-3.888227,-1.051465,166.629303
5683,0.061764,0.031842,9.928144,6.733783,-0.291946,23.583622,-3.689878,-1.009302,167.433090
5684,0.040043,0.109926,9.936606,6.909614,-0.217114,22.216389,-3.475662,-0.970128,168.195526
5685,0.039608,0.142608,9.934714,6.244670,-0.236888,22.274374,-3.268738,-0.934099,168.936264
5686,0.051037,0.131477,9.925910,4.302514,-0.119334,22.455957,-3.104869,-0.898547,169.681015
5687,0.038824,0.111069,9.936943,1.778957,-0.007887,21.779968,-3.014817,-0.861204,170.417389
5688,0.036642,0.101329,9.931382,0.566151,0.027264,21.946291,-2.986422,-0.822604,171.145172
5689,0.051644,0.109408,9.930552,-0.733636,0.045624,23.177711,-2.999729,-0.782058,171.896194
5690,0.053099,0.090009,9.931828,-2.137191,0.060926,23.365400,-3.057857,-0.739228,172.670761
5691,0.047398,0.088719,9.929317,-2.188777,0.024343,23.398968,-3.139697,-0.695599,173.448975
5692,0.044001,0.101041,9.919827,-1.581155,-0.053442,24.735678,-3.211947,-0.651638,174.250015
5693,0.049204,0.083548,9.933941,-2.374328,-0.085452,26.511854,-3.287231,-0.605575,175.102905
5694,0.048357,0.035856,9.939821,-2.592237,-0.180030,28.571850,-3.379303,-0.556575,176.019669
5695,0.050322,0.025872,9.937953,-1.944951,-0.306658,31.397861,-3.464172,-0.505017,177.017822
5696,0.056565,-0.001120,9.938852,-2.028587,-0.404298,33.409031,-3.539402,-0.450937,178.096588
5697,0.062048,-0.041168,9.938684,-2.104601,-0.508050,35.305756,-3.616730,-0.394647,179.240479
5698,0.048599,-0.072333,9.928993,-1.075857,-0.625537,36.421207,-3.677368,-0.337467,-179.565414
5699,0.057993,-0.089284,9.908837,-0.218022,-0.665206,35.688759,-3.705426,-0.281656,-178.364807
5700,0.063248,-0.110271,9.888618,0.738993,-0.689625,35.467499,-3.702014,-0.227660,-177.180008
5701,0.066594,-0.124651,9.886784,1.758563,-0.706421,35.960365,-3.664567,-0.174489,-175.990631
5702,0.062632,-0.112182,9.883187,3.220649,-0.695753,35.771152,-3.584681,-0.122322,-174.796158
5703,0.079712,-0.119052,9.886044,3.196480,-0.617953,34.718262,-3.479726,-0.071928,-173.622345
5704,0.062437,-0.047419,9.891709,2.629090,-0.538631,33.575344,-3.383578,-0.023048,-172.485138
5706,0.052126,0.013881,9.915480,1.857249,-0.474566,33.355606,-3.308786,0.025241,-171.370651
5707,0.046462,0.056325,9.926123,1.054909,-0.427286,33.872894,-3.259274,0.074480,-170.251282
5708,0.065475,-0.029404,9.930403,0.128952,-0.402902,34.423752,-3.237559,0.125230,-169.114166
5709,0.049681,-0.004866,9.937772,0.675495,-0.430405,35.192818,-3.221095,0.176798,-167.955078
5710,0.056960,-0.025518,9.943856,2.229148,-0.489953,36.882015,-3.168445,0.228380,-166.754959
5711,0.075656,-0.058856,9.934995,2.757365,-0.465587,36.489853,-3.079937,0.278990,-165.533188
5712,0.080677,-0.063089,9.931722,2.653834,-0.401558,34.666367,-2.983487,0.327227,-164.348267
5713,0.067384,0.063800,9.922629,2.100175,-0.307011,32.398842,-2.897434,0.372765,-163.231491
5714,0.074008,0.096564,9.913033,0.885822,-0.221622,30.404455,-2.840463,0.416385,-162.185715
5715,0.060207,0.105904,9.921799,-0.273594,-0.160650,28.918203,-2.822711,0.458947,-161.197968
5716,0.046262,0.097683,9.932892,0.816202,-0.217172,29.433964,-2.805528,0.500485,-160.226334
5717,0.044193,0.114882,9.934863,3.102324,-0.263011,31.268126,-2.731036,0.541274,-159.215454
5718,0.054710,0.125963,9.943101,4.366078,-0.232560,32.891708,-2.596093,0.582555,-158.146942
5719,0.046539,0.141480,9.954485,5.364318,-0.180749,34.033104,-2.422186,0.624418,-157.032333
5720,0.073283,0.144178,9.950867,6.473944,-0.101480,35.224846,-2.211898,0.666315,-155.878845
5721,0.068886,0.204586,9.947151,5.447273,0.060180,34.706032,-1.999248,0.708369,-154.714142
5722,0.059142,0.236147,9.943406,4.191718,0.186744,34.568699,-1.823903,0.751072,-153.560379
5723,0.045375,0.254372,9.957935,4.544482,0.266006,36.694317,-1.662288,0.794843,-152.373474
5724,0.055404,0.320063,9.954471,6.673432,0.372732,41.531498,-1.456733,0.840955,-151.070511
5725,0.037856,0.393960,9.951690,8.677273,0.595427,47.072136,-1.178601,0.890904,-149.594620
5726,0.046108,0.464288,9.950590,11.625676,0.920357,53.636673,-0.813362,0.945220,-147.916946
5727,0.056003,0.497677,9.955030,14.621382,1.379559,59.291756,-0.343981,1.002350,-146.035522
5728,0.053032,0.584067,9.934531,18.428873,1.994400,64.043488,0.243776,1.060138,-143.980362
5729,0.011678,0.883746,9.812098,19.808668,2.792358,67.424950,0.922610,1.117218,-141.789017
5730,0.027894,0.979283,9.816025,17.024254,3.768850,71.512909,1.582771,1.175842,-139.472168
5731,0.021152,1.050486,9.797662,13.559267,4.488980,72.837418,2.143139,1.235823,-137.063812
5732,0.028744,1.116900,9.787763,9.818069,4.955801,72.857277,2.586408,1.293548,-134.631805
5733,0.020566,1.169351,9.788095,4.773716,5.161685,70.788124,2.884894,1.348361,-132.232971
5734,0.109115,0.811634,9.903205,1.047657,5.015056,66.701721,3.037025,1.400206,-129.936203
5735,0.149563,0.844684,9.891932,0.763987,4.357205,57.302025,3.118685,1.445797,-127.864296
5736,0.178469,0.823090,9.903955,0.721406,3.830564,50.076782,3.189311,1.483600,-126.069839
5737,0.155505,0.949894,9.926379,0.553717,3.439726,44.549896,3.251960,1.515963,-124.488251
5738,0.187150,0.915530,9.935469,0.479125,3.174009,40.716789,3.307243,1.544719,-123.062935
5739,0.153154,1.018371,9.922441,0.445745,2.900660,36.869946,3.357918,1.570621,-121.765846
5740,0.102430,0.966442,9.924654,0.548179,2.850114,36.395401,3.408313,1.594238,-120.540924
5741,0.076792,0.989817,9.925701,0.483037,2.814590,36.122299,3.459461,1.616075,-119.328484
5742,0.084273,0.893591,9.908107,0.514218,2.835267,36.479424,3.510530,1.636515,-118.114624
5743,0.057918,0.840490,9.909078,0.621371,2.963014,38.356346,3.565401,1.655996,-116.863396
5744,0.027276,0.898605,9.915616,0.676427,3.228368,41.986538,3.626071,1.674994,-115.520134
5745,0.022741,0.937521,9.917733,0.693575,3.528600,46.121834,3.692201,1.693660,-114.047066
5746,0.035529,0.919404,9.921622,0.730760,3.865215,50.623363,3.763998,1.711790,-112.429642
5747,0.037429,0.898122,9.918694,0.740241,4.040302,53.179329,3.840605,1.728533,-110.694275
5748,0.038549,0.975048,9.915160,0.685441,4.105755,54.201710,3.918738,1.742898,-108.899147
5749,0.067418,0.908333,9.915479,0.732874,4.261230,56.487568,3.998845,1.754657,-107.048737
5750,0.061398,0.909850,9.915848,0.716195,4.229011,55.991653,4.080718,1.763737,-105.168427
5751,0.043150,0.885359,9.925335,0.679667,4.213579,55.843658,4.161629,1.770131,-103.298866
5752,0.131819,0.745868,9.923292,0.756011,4.390399,58.048626,4.244435,1.774028,-101.394913
5753,0.101760,0.731875,9.918200,0.665987,4.313900,56.934719,4.327668,1.775464,-99.472702
5754,0.094158,0.773368,9.931220,0.502716,4.066506,53.734871,4.404452,1.774324,-97.622589
5755,0.111360,0.744421,9.938951,0.389798,3.867938,51.166752,4.473574,1.770867,-95.868874
5756,0.101836,0.805643,9.915378,0.376068,3.643429,48.156116,4.537577,1.765642,-94.208397
5757,0.028799,0.998346,9.911675,0.247947,3.234303,42.752831,4.594723,1.759285,-92.688538
5758,0.053910,1.146864,9.911785,0.246555,3.060182,40.692848,4.645705,1.751837,-91.293434
5759,0.058583,1.114647,9.901702,0.307750,3.217180,43.044319,4.697624,1.742445,-89.893494
5760,0.063145,1.059131,9.888781,0.294150,3.250576,43.482281,4.751495,1.731090,-88.446983
5761,0.090107,1.070281,9.878278,-0.647228,3.064234,40.663910,4.787964,1.719361,-87.040260
5762,0.077677,0.974436,9.886711,-4.687784,2.861102,37.171085,4.738001,1.710159,-85.738922
5763,0.093542,0.734292,9.886353,-8.418656,2.603037,34.151299,4.555121,1.705037,-84.546356
5764,0.079589,0.681456,9.857544,-13.431367,2.055047,26.602558,4.221209,1.705342,-83.530495
5765,0.070023,0.501119,9.875143,-23.041725,1.844291,26.167679,3.639658,1.710462,-82.648300
5766,0.057876,0.214309,9.953074,-30.355640,1.607600,29.074574,2.777362,1.717007,-81.725533
5767,0.049562,0.122684,9.954463,-26.942331,1.004691,37.558723,1.855784,1.715923,-80.613853
5768,0.062419,-0.064860,9.961761,-23.677029,0.420092,44.207180,1.052857,1.704212,-79.250633
5769,0.073721,-0.166378,9.993172,-19.006348,-0.076009,49.819534,0.387939,1.689513,-77.683281
5770,0.079415,-0.170115,9.975570,-9.496922,-0.692661,51.260006,-0.037672,1.670733,-75.998398
5771,0.083004,-0.094277,9.925449,-1.577447,-1.097210,51.331722,-0.172825,1.642832,-74.288216
5772,0.094967,-0.156457,9.921474,-0.964077,-1.097390,49.106918,-0.167688,1.610249,-72.613892
5773,0.077038,-0.114113,9.917796,-0.649787,-1.056367,45.992508,-0.150465,1.578691,-71.028557
5774,0.056935,-0.193170,9.917977,0.139055,-1.012280,43.326710,-0.118357,1.547680,-69.539558
5775,0.049143,-0.146214,9.930500,-0.207400,-0.952925,39.455437,-0.082590,1.517266,-68.159546
5776,0.046416,-0.101721,9.926250,0.276267,-0.943921,39.344048,-0.047006,1.487176,-66.845932
5777,0.045155,-0.132519,9.936060,-0.137309,-0.927282,37.326771,-0.011859,1.456602,-65.567825
5778,0.049340,-0.081922,9.937102,0.247175,-0.886229,37.154335,0.021203,1.426316,-64.326241
5779,0.059648,0.012711,9.944419,-0.700442,-0.961145,37.451893,0.044267,1.394785,-63.082607
5780,0.054185,-0.025273,9.936335,-0.486819,-1.164238,43.583061,0.056926,1.358258,-61.731846
5781,0.059785,-0.110860,9.930972,0.092996,-1.193373,45.380600,0.084977,1.317103,-60.249004
5782,0.067288,-0.086536,9.927074,0.723150,-1.097381,43.053562,0.131934,1.276076,-58.775082
5783,0.061770,-0.108254,9.932086,0.283628,-1.074631,40.558670,0.179264,1.236026,-57.381554
5784,0.060749,-0.165114,9.925452,0.631460,-1.035091,40.155827,0.223061,1.196187,-56.036339
5785,0.061007,-0.191529,9.925158,1.356173,-0.801756,34.917324,0.281913,1.160029,-54.785191
5786,0.060951,-0.141973,9.939019,1.050887,-0.667602,29.561323,0.343507,1.129599,-53.710609
5787,0.060384,-0.161534,9.939296,0.734921,-0.623474,28.522169,0.392119,1.101877,-52.742611
5788,0.060610,-0.172620,9.934384,1.044573,-0.535093,26.581190,0.439229,1.075927,-51.824284
5789,0.061180,-0.147685,9.936988,1.320655,-0.384145,22.648878,0.493900,1.053902,-51.003857
5790,0.046738,-0.057773,9.935913,0.846002,-0.317120,19.793871,0.542912,1.035787,-50.296528
5791,0.044491,-0.104297,9.929354,0.270647,-0.401154,21.478491,0.573845,1.017130,-49.608719
5792,0.062430,-0.131216,9.925282,0.365151,-0.466880,23.532387,0.597609,0.995026,-48.858631
5793,0.065187,-0.147056,9.932720,0.270428,-0.508195,25.111719,0.622101,0.970144,-48.048042
5794,0.063536,-0.167560,9.934305,-0.051669,-0.622752,28.439762,0.640631,0.941469,-47.155704
5795,0.081838,-0.208517,9.935575,0.058055,-0.726629,32.056202,0.657000,0.907587,-46.147694
5796,0.074494,-0.193904,9.931673,0.089948,-0.691648,31.671671,0.675951,0.871590,-45.085880
5797,0.043342,-0.139077,9.935198,0.144746,-0.676491,31.294764,0.695499,0.836229,-44.036762
5798,0.034993,-0.160351,9.927986,-0.078168,-0.754403,32.423950,0.711762,0.799340,-42.975151
5799,0.033775,-0.148171,9.925647,0.225358,-0.737703,32.019577,0.728830,0.760991,-41.901482
5800,0.032241,-0.172774,9.923025,0.196229,-0.746940,31.778479,0.749617,0.722509,-40.838604
5801,0.023387,-0.236178,9.917349,0.257106,-0.718022,33.266258,0.770469,0.683720,-39.754971
5802,-0.019085,-0.273955,9.906785,-1.197287,-0.699770,32.735229,0.767558,0.645327,-38.655392
5803,-0.026366,-0.188108,9.937662,-1.647610,-0.911918,34.822697,0.732416,0.603849,-37.529915
5804,0.032783,-0.246193,9.924170,0.313037,-1.146964,42.327198,0.723139,0.553238,-36.244705
5805,0.094183,-0.250528,9.952406,-0.909408,-1.302687,44.284958,0.726381,0.493965,-34.801964
5806,0.076940,-0.188619,9.965566,-0.036745,-1.659839,50.468006,0.723259,0.424751,-33.223732
5807,0.108473,-0.101735,9.988710,1.524147,-1.884232,56.922672,0.760002,0.342426,-31.435169
5809,0.123635,-0.151759,9.949578,1.450780,-1.829387,57.531521,0.819497,0.254071,-29.529160
5810,0.074736,-0.140670,9.954811,-1.186155,-1.905755,52.834721,0.830643,0.165369,-27.691343
5811,0.009056,-0.123025,9.927670,-0.374495,-1.930207,51.372887,0.808276,0.076971,-25.956078
5812,0.038752,-0.150997,9.906945,-1.865458,-1.808155,44.666443,0.771906,-0.007486,-24.356829
5813,0.058353,-0.190130,9.882207,-1.096540,-1.701367,41.503201,0.721379,-0.084486,-22.921818
5814,0.056271,-0.207312,9.894139,-0.286432,-1.664768,41.626801,0.695403,-0.157774,-21.537348
5815,0.056729,-0.186371,9.908679,-0.025652,-1.576281,41.758030,0.685524,-0.228608,-20.148571
5816,0.056749,-0.201003,9.896422,1.385679,-1.370293,43.927895,0.701677,-0.295021,-18.721386
5817,0.001771,-0.225183,9.934645,3.527917,-0.822478,46.628784,0.775085,-0.351150,-17.212954
5818,-0.004683,-0.197804,9.939886,2.053710,-0.762939,44.240711,0.858252,-0.399369,-15.699257
5819,-0.014587,-0.226276,9.939652,1.917733,-0.682030,41.838905,0.913866,-0.445482,-14.265361
5820,-0.022440,-0.248127,9.931849,2.373797,-0.343229,35.391872,0.974953,-0.483775,-12.978805
5821,-0.023506,-0.224688,9.941535,1.831901,-0.135654,26.475889,1.036127,-0.509925,-11.948064
5822,0.022883,-0.176359,9.918646,0.578936,-0.291257,16.655035,1.069793,-0.530252,-11.229492
5823,0.021993,-0.223280,9.918258,1.199804,-0.054706,9.893661,1.095277,-0.544340,-10.787193
5824,0.024143,-0.162494,9.917432,1.254554,0.218468,2.869828,1.134163,-0.545784,-10.574450
5825,0.017579,-0.120962,9.916252,1.016349,0.287170,0.443607,1.171493,-0.538491,-10.519069
5826,0.019322,-0.135929,9.918126,0.465332,0.270422,-0.012644,1.196121,-0.529354,-10.511696
5827,0.019341,-0.139406,9.920303,0.245434,0.275035,-0.024851,1.207971,-0.520252,-10.512131
5828,0.015770,-0.149079,9.928214,0.210168,0.258284,-0.020272,1.215570,-0.511350,-10.512695
5829,0.014910,-0.152611,9.924712,0.298498,0.252217,0.010248,1.224048,-0.502840,-10.512681
5830,0.016604,-0.150275,9.921243,0.209820,0.241569,0.046870,1.232510,-0.494632,-10.511551
5831,0.012820,-0.141760,9.917540,0.028063,0.224819,0.059078,1.236458,-0.486899,-10.509619
5832,0.019128,-0.150866,9.912855,-0.284926,0.186704,0.129272,1.232149,-0.480109,-10.506333
5833,0.024101,-0.145021,9.902809,-0.394966,0.194363,0.199465,1.220771,-0.473877,-10.500719
5834,0.024691,-0.155466,9.905496,-0.399718,0.195917,0.155215,1.207476,-0.467499,-10.494672
5835,0.031543,-0.148468,9.905603,-0.206100,0.209677,0.066712,1.197348,-0.460818,-10.490830
5836,0.031472,-0.139245,9.909919,-0.023158,0.217329,0.002624,1.193517,-0.453727,-10.489529
5837,0.026644,-0.147816,9.912382,0.153680,0.241768,-0.087404,1.195702,-0.446048,-10.490781
5838,0.023673,-0.147249,9.918472,0.266429,0.238742,-0.146915,1.202733,-0.437959,-10.494518
5839,0.031222,-0.148029,9.919455,0.153339,0.241817,-0.136233,1.209764,-0.429852,-10.499070
5840,0.025976,-0.151495,9.920934,0.081447,0.231159,-0.104188,1.213705,-0.421886,-10.502909
5841,0.027018,-0.166137,9.921227,0.058382,0.237284,-0.081298,1.216057,-0.414015,-10.505836
5842,0.027610,-0.157164,9.921218,0.113136,0.234255,-0.070615,1.218933,-0.406104,-10.508199
5843,0.032289,-0.155343,9.919129,0.058026,0.237327,-0.066036,1.221800,-0.398198,-10.510309
5844,0.026480,-0.152768,9.920464,0.027331,0.220560,-0.069087,1.223237,-0.390520,-10.512398
5845,0.023435,-0.158178,9.920783,0.034784,0.212952,-0.070613,1.224287,-0.383247,-10.514571
5846,0.028248,-0.153645,9.923511,0.089541,0.205342,-0.078242,1.226375,-0.376224,-10.516903
5847,0.030342,-0.149760,9.924142,0.090891,0.209937,-0.081293,1.229398,-0.369247,-10.519414
5848,0.029582,-0.147211,9.924483,0.092244,0.214532,-0.081292,1.232467,-0.362116,-10.521971
5849,0.033535,-0.145401,9.922864,0.096649,0.223702,-0.081291,1.235631,-0.354755,-10.524521
5850,0.033926,-0.147374,9.922634,0.075113,0.228294,-0.081290,1.238510,-0.347165,-10.527068
5851,0.034564,-0.146456,9.918908,0.061205,0.234411,-0.072133,1.240796,-0.339400,-10.529459
5852,0.030381,-0.147466,9.919076,0.047297,0.232898,-0.069081,1.242617,-0.331562,-10.531643
5853,0.029370,-0.146651,9.921948,0.050175,0.231385,-0.062977,1.244253,-0.323778,-10.533675
5854,0.027090,-0.151952,9.918907,0.045422,0.216139,-0.064501,1.245857,-0.316275,-10.535638
5855,0.028538,-0.146554,9.921330,0.036092,0.211575,-0.062975,1.247227,-0.309102,-10.537606
5856,0.021895,-0.150066,9.919892,0.048124,0.208537,-0.061449,1.248641,-0.302057,-10.539528
5857,0.022574,-0.154022,9.918227,0.052524,0.203974,-0.059922,1.250328,-0.295139,-10.541401
5858,0.020272,-0.158851,9.916268,0.052345,0.200936,-0.073655,1.252086,-0.288344,-10.543480
5859,0.022001,-0.158785,9.921120,0.061320,0.222313,-0.070602,1.253992,-0.281239,-10.545729
5860,0.020262,-0.163932,9.922064,0.058086,0.231483,-0.062972,1.255992,-0.273628,-10.547790
5861,0.021440,-0.162975,9.922565,0.060955,0.234548,-0.050764,1.257984,-0.265821,-10.549515
5862,0.023377,-0.159422,9.926207,0.063824,0.237611,-0.056867,1.260071,-0.257915,-10.551134
5863,0.022942,-0.164769,9.928381,0.063642,0.240674,-0.058393,1.262203,-0.249903,-10.552880
5864,0.020308,-0.161584,9.924952,0.071087,0.236106,-0.059918,1.264457,-0.241915,-10.554676
5865,0.024715,-0.165359,9.922269,0.077007,0.228487,-0.064495,1.266933,-0.234128,-10.556579
5866,0.025799,-0.163723,9.920236,0.078349,0.230021,-0.079754,1.269531,-0.226435,-10.558811
5867,0.023967,-0.163799,9.914178,0.081216,0.231554,-0.073649,1.272199,-0.218687,-10.561196
5868,0.025320,-0.157491,9.913947,0.073403,0.226983,-0.067545,1.274785,-0.210994,-10.563380
5869,0.024737,-0.153291,9.917060,0.068645,0.225463,-0.075174,1.277160,-0.203402,-10.565591
5870,0.021641,-0.150932,9.913262,0.068465,0.228521,-0.084329,1.279454,-0.195779,-10.568080
5871,0.017703,-0.155523,9.916575,0.060655,0.230054,-0.078225,1.281614,-0.188077,-10.570618
5872,0.017900,-0.155730,9.919833,0.057423,0.228535,-0.085854,1.283591,-0.180375,-10.573181
5873,0.021245,-0.161961,9.918342,0.066395,0.228541,-0.091957,1.285663,-0.172692,-10.575974
5874,0.019962,-0.164083,9.917962,0.067735,0.230072,-0.082802,1.287907,-0.164985,-10.578713
5875,0.022428,-0.159676,9.925709,0.067550,0.233128,-0.075171,1.290168,-0.157208,-10.581171
5876,0.022968,-0.156516,9.926795,0.070419,0.231604,-0.075171,1.292474,-0.149408,-10.583501
5877,0.022770,-0.150356,9.926175,0.073288,0.225502,-0.078222,1.294875,-0.141734,-10.585886
5878,0.017976,-0.144957,9.929208,0.063954,0.225505,-0.082800,1.297168,-0.134158,-10.588401
5879,0.018129,-0.146472,9.928371,0.063776,0.230085,-0.085851,1.299303,-0.126503,-10.591038
5880,0.013327,-0.143902,9.926229,0.071227,0.228563,-0.081273,1.301559,-0.118798,-10.593650
5881,0.020327,-0.141827,9.920809,0.060369,0.231617,-0.091954,1.303758,-0.111064,-10.596361
5882,0.017156,-0.143884,9.918226,0.058666,0.236195,-0.075168,1.305747,-0.103206,-10.598969
5883,0.015545,-0.146028,9.915551,0.063066,0.231618,-0.070590,1.307779,-0.095356,-10.601220
5884,0.017838,-0.144027,9.912455,0.067465,0.237722,-0.078220,1.309958,-0.087479,-10.603521
5885,0.020967,-0.147787,9.915412,0.050500,0.240772,-0.069063,1.311928,-0.079450,-10.605790
5886,0.014376,-0.150687,9.918191,0.057948,0.230089,-0.059908,1.313738,-0.071555,-10.607762
5887,0.019154,-0.154056,9.922744,0.056241,0.231614,-0.072115,1.315644,-0.063812,-10.609785
5888,0.021746,-0.162365,9.925822,0.057580,0.231609,-0.066012,1.317542,-0.056040,-10.611908
5889,0.022811,-0.164072,9.928497,0.051289,0.222448,-0.053803,1.319358,-0.048429,-10.613729
5890,0.023362,-0.161033,9.928862,0.058730,0.225493,-0.059907,1.321193,-0.040921,-10.615453
5891,0.026210,-0.162814,9.932773,0.057016,0.225485,-0.070587,1.323124,-0.033357,-10.617454
5892,0.024376,-0.165664,9.929614,0.058353,0.225476,-0.069061,1.325048,-0.025789,-10.619607
5893,0.025316,-0.160551,9.925883,0.042905,0.230044,-0.073639,1.326736,-0.018144,-10.621809
5894,0.027018,-0.160993,9.924589,0.048821,0.231559,-0.078216,1.328266,-0.010394,-10.624162
5895,0.023699,-0.161767,9.922724,0.045581,0.217814,-0.081268,1.329840,-0.002845,-10.626645
5896,0.023441,-0.160723,9.922957,0.039289,0.217804,-0.081268,1.331254,0.004476,-10.629186
5897,0.025594,-0.161951,9.924566,0.060180,0.213196,-0.067534,1.332911,0.011715,-10.631497
5898,0.025241,-0.156933,9.927561,0.059430,0.214670,-0.061429,1.334904,0.018894,-10.633478
5899,0.021566,-0.150839,9.926998,0.046482,0.210042,-0.061428,1.336669,0.026019,-10.635360
5900,0.025318,-0.151363,9.925018,0.059479,0.219144,-0.064479,1.338434,0.033219,-10.637293
5901,0.023485,-0.152710,9.920289,0.060267,0.226718,-0.049219,1.340429,0.040692,-10.639014
5902,0.022403,-0.148106,9.915920,0.058004,0.229713,-0.056847,1.342399,0.048339,-10.640602
5903,0.025607,-0.147336,9.917422,0.063377,0.229652,-0.059899,1.344420,0.056038,-10.642369
5904,0.026618,-0.154161,9.920590,0.068743,0.225006,-0.062950,1.346620,0.063662,-10.644238
5905,0.032218,-0.159760,9.920102,0.057312,0.221878,-0.059897,1.348719,0.071156,-10.646111
5906,0.034334,-0.159584,9.922912,0.053503,0.221791,-0.066000,1.350563,0.078598,-10.648034
5907,0.031380,-0.156366,9.925140,0.029860,0.221703,-0.073628,1.351949,0.086042,-10.650187
5908,0.028641,-0.163536,9.922577,0.018421,0.223144,-0.072101,1.352751,0.093512,-10.652439
5909,0.024529,-0.158280,9.919839,0.019187,0.220011,-0.072100,1.353373,0.100952,-10.654668
5910,0.021139,-0.158212,9.922188,0.029112,0.230617,-0.070574,1.354175,0.108517,-10.656868
5912,0.024117,-0.158146,9.923447,0.025305,0.224434,-0.069047,1.355077,0.116154,-10.659015
5913,0.030275,-0.161981,9.924170,0.029123,0.216715,-0.065996,1.355980,0.123558,-10.661092
5914,0.034802,-0.151074,9.923744,0.051259,0.213561,-0.065995,1.357315,0.130779,-10.663118
5915,0.048044,-0.156109,9.916284,0.042881,0.227172,-0.070571,1.358879,0.138176,-10.665222
5916,0.044430,-0.152239,9.913678,0.133688,0.223986,-0.073621,1.361817,0.145751,-10.667446
5917,0.043905,-0.144946,9.909555,0.219925,0.226906,-0.079724,1.367704,0.153324,-10.669822
5918,0.040254,-0.135105,9.912117,0.229883,0.231353,-0.085826,1.375194,0.161026,-10.672398
5919,0.035997,-0.129146,9.910460,0.224593,0.238856,-0.078195,1.382761,0.168926,-10.674941
5920,0.028030,-0.126092,9.919827,0.217784,0.235687,-0.072091,1.390127,0.176894,-10.677253
5921,0.027617,-0.121104,9.918604,0.088907,0.226421,-0.070565,1.395232,0.184651,-10.679443
5922,0.026653,-0.125627,9.923537,-0.014031,0.229361,-0.072089,1.396472,0.192303,-10.681635
5923,0.028376,-0.138388,9.924683,-0.132247,0.236874,-0.064460,1.394027,0.200127,-10.683722
5924,0.026616,-0.152484,9.927576,-0.367984,0.215393,-0.079719,1.385682,0.207720,-10.685940
5925,0.025982,-0.156583,9.925646,-0.506077,0.193912,-0.079719,1.371105,0.214604,-10.688435
5926,0.027049,-0.154823,9.924697,-0.515993,0.183109,-0.073614,1.354062,0.220947,-10.690841
5927,0.024481,-0.166753,9.923232,-0.629673,0.166201,-0.069036,1.334959,0.226823,-10.693081
5928,0.029239,-0.166241,9.916810,-0.491583,0.166075,-0.073614,1.316262,0.232414,-10.695332
5929,0.036045,-0.168353,9.912359,-0.181058,0.181195,-0.070562,1.305042,0.238255,-10.697599
5930,0.031439,-0.173444,9.912529,0.057746,0.206992,-0.075140,1.302977,0.244779,-10.699880
5931,0.029744,-0.182773,9.914568,0.238554,0.235845,-0.088873,1.307904,0.252220,-10.702445
5932,0.032440,-0.169110,9.913741,0.526180,0.264695,-0.082770,1.320638,0.260626,-10.705115
5933,0.024717,-0.150738,9.915968,0.559005,0.275236,-0.079718,1.338713,0.269685,-10.707615
5934,0.018931,-0.149560,9.917066,0.321754,0.264424,-0.067512,1.353381,0.278735,-10.709854
5935,0.024456,-0.143855,9.919081,0.049409,0.238350,-0.055304,1.359558,0.287160,-10.711703
5936,0.027606,-0.139361,9.920694,-0.227508,0.207688,-0.049200,1.356582,0.294633,-10.713268
5937,0.028136,-0.148796,9.918075,-0.377779,0.190752,-0.046149,1.346486,0.301310,-10.714701
5938,0.030946,-0.163390,9.920449,-0.375479,0.187544,-0.043097,1.333925,0.307648,-10.716041
5939,0.033588,-0.165191,9.921947,-0.144300,0.201114,-0.053779,1.325254,0.314161,-10.717504
5940,0.033666,-0.162743,9.922425,0.006008,0.223834,-0.062935,1.322939,0.321286,-10.719284
5941,0.028532,-0.170883,9.920664,0.052549,0.231298,-0.055305,1.323905,0.328915,-10.721079
5942,0.027948,-0.173676,9.922347,0.096028,0.234187,-0.064462,1.326371,0.336718,-10.722897
5943,0.028990,-0.171095,9.922359,0.066262,0.227918,-0.070566,1.329063,0.344470,-10.724969
5944,0.025200,-0.172692,9.920729,0.015133,0.214018,-0.078196,1.330406,0.351891,-10.727276
5945,0.024116,-0.163811,9.912132,0.115077,0.215381,-0.073619,1.332561,0.359104,-10.729639
5946,0.027622,-0.162256,9.908457,0.236394,0.227421,-0.082776,1.338403,0.366543,-10.732072
5947,0.028398,-0.163425,9.905581,0.136450,0.211986,-0.084303,1.344601,0.373930,-10.734686
5948,0.029499,-0.173297,9.905384,0.080745,0.207230,-0.079726,1.348204,0.380979,-10.737255
5949,0.030074,-0.163276,9.905612,0.192891,0.219253,-0.084304,1.352747,0.388149,-10.739821
5950,0.027006,-0.164571,9.911946,0.262317,0.232803,-0.094986,1.360315,0.395752,-10.742630
5951,0.027400,-0.164638,9.918099,0.238659,0.234146,-0.098039,1.368643,0.403609,-10.745662
5952,0.027090,-0.155420,9.922409,0.234845,0.241591,-0.093462,1.376514,0.411612,-10.748663
5953,0.020736,-0.150281,9.925776,0.200523,0.230727,-0.102619,1.383748,0.419561,-10.751740
5954,0.020413,-0.153194,9.926139,0.050230,0.216816,-0.091938,1.387904,0.427096,-10.754802
5955,0.023119,-0.164850,9.932962,-0.121440,0.195270,-0.085836,1.386696,0.434034,-10.757598
5956,0.016936,-0.160426,9.933442,-0.105430,0.190510,-0.070578,1.382897,0.440525,-10.760050
5957,0.013687,-0.158632,9.932536,-0.020746,0.191861,-0.067529,1.380777,0.446951,-10.762197
5958,0.018512,-0.160983,9.932750,0.004426,0.214571,-0.073633,1.380488,0.453780,-10.764386
5959,0.019967,-0.161078,9.931692,0.049435,0.228117,-0.078213,1.381367,0.461217,-10.766739
5960,0.022153,-0.156081,9.924611,0.147855,0.237080,-0.087369,1.384634,0.469034,-10.769307
5961,0.027760,-0.153072,9.923500,0.070801,0.233825,-0.093475,1.388255,0.476953,-10.772131
5962,0.032463,-0.162648,9.922644,-0.000157,0.235135,-0.084321,1.389409,0.484839,-10.774902
5963,0.030663,-0.158635,9.918746,0.185233,0.222706,-0.070588,1.392473,0.492530,-10.777299
5964,0.031991,-0.153933,9.921892,0.254662,0.220958,-0.067537,1.399786,0.499978,-10.779421
5965,0.030077,-0.155243,9.922945,0.183706,0.220733,-0.049227,1.407077,0.507385,-10.781186
5966,0.030625,-0.160582,9.923450,0.228713,0.229662,-0.049228,1.413938,0.514930,-10.782641
5967,0.027480,-0.149821,9.923126,0.356122,0.227909,-0.059911,1.423670,0.522599,-10.784271
5968,0.025270,-0.144983,9.921990,0.301959,0.233790,-0.062965,1.434621,0.530342,-10.786127
5969,0.027708,-0.148425,9.922524,0.206592,0.245771,-0.067543,1.443079,0.538387,-10.788102
5970,0.024672,-0.150948,9.919342,0.187514,0.239439,-0.073649,1.449627,0.546531,-10.790251
5971,0.023138,-0.143880,9.919057,0.165386,0.236160,-0.075176,1.455486,0.554518,-10.792527
5972,0.024855,-0.147912,9.920302,-0.091735,0.243560,-0.067548,1.456693,0.562571,-10.794702
5973,0.029581,-0.162469,9.922832,-0.412963,0.218907,-0.052290,1.448263,0.570327,-10.796504
5974,0.026446,-0.168819,9.921947,-0.421395,0.207982,-0.037033,1.434344,0.577477,-10.797813
5975,0.030069,-0.170150,9.921412,-0.371847,0.216892,-0.038561,1.421113,0.584587,-10.798897
5976,0.029348,-0.170163,9.921520,-0.410798,0.213590,-0.041614,1.408056,0.591793,-10.800054
5977,0.023867,-0.172017,9.921063,-0.240694,0.216394,-0.058402,1.397183,0.598998,-10.801546
5978,0.022560,-0.165401,9.922109,0.101847,0.239040,-0.079767,1.394847,0.606642,-10.803664
5979,0.020876,-0.153467,9.919038,0.227727,0.246426,-0.090450,1.400311,0.614800,-10.806303
5980,0.018248,-0.149302,9.922716,0.130836,0.241608,-0.082824,1.406258,0.623002,-10.808990
5981,0.019757,-0.150232,9.918649,0.055310,0.224580,-0.081300,1.409333,0.630837,-10.811536
5982,0.024301,-0.150141,9.919333,-0.067522,0.210595,-0.085880,1.409101,0.638156,-10.814141
5983,0.024166,-0.146668,9.916913,-0.309373,0.202707,-0.067571,1.402792,0.645105,-10.816530
5984,0.019870,-0.150574,9.919495,-0.662616,0.174985,-0.046210,1.386573,0.651444,-10.818274
5985,0.024297,-0.157941,9.918990,-1.095215,0.136578,-0.018745,1.357264,0.656662,-10.819230
5986,0.025112,-0.182245,9.919543,-1.361511,0.121053,0.004141,1.316317,0.660960,-10.819373
5987,0.025755,-0.182023,9.916181,-1.151729,0.120784,0.010243,1.274434,0.664984,-10.819041
5988,0.023180,-0.185570,9.915298,-0.922100,0.129672,0.004135,1.239874,0.669152,-10.818712
5989,0.029244,-0.200342,9.916648,-0.874061,0.124821,-0.012653,1.209937,0.673396,-10.818762
5990,0.026354,-0.208076,9.916855,-0.612403,0.141329,-0.035545,1.185155,0.677847,-10.819473
5991,0.029144,-0.200294,9.923757,-0.121846,0.177673,-0.061490,1.172899,0.683196,-10.820983
5992,0.028109,-0.199353,9.928193,0.174932,0.204858,-0.076752,1.173758,0.689618,-10.823153
5993,0.026424,-0.190192,9.928021,0.213840,0.210680,-0.087436,1.180206,0.696598,-10.825747
5994,0.027135,-0.187979,9.926342,0.312269,0.224131,-0.088966,1.188941,0.703904,-10.828537
5995,0.032431,-0.182051,9.927388,0.561771,0.237574,-0.110332,1.203469,0.711667,-10.831697
5996,0.029451,-0.171540,9.924176,0.528989,0.243382,-0.108810,1.221605,0.719759,-10.835180
5997,0.028343,-0.169235,9.923910,0.024701,0.218673,-0.075242,1.230796,0.727523,-10.838079
5998,0.038644,-0.187067,9.925344,-0.279709,0.201582,-0.050830,1.226521,0.734571,-10.840031
5999,0.035882,-0.180702,9.927810,-0.150770,0.218052,-0.040152,1.219329,0.741596,-10.841400
6000,0.027874,-0.174451,9.928372,-0.236969,0.216220,-0.015740,1.212856,0.748852,-10.842177
6001,0.031262,-0.187463,9.922198,-0.367427,0.199129,0.004094,1.202783,0.755777,-10.842225
6002,0.033038,-0.193719,9.921521,-0.090478,0.212550,-0.009643,1.195152,0.762638,-10.842175
6003,0.026231,-0.178950,9.921845,0.227683,0.225973,-0.027959,1.197432,0.769958,-10.842646
6004,0.027199,-0.185697,9.919469,0.063659,0.213459,-0.035591,1.202275,0.777303,-10.843552
6005,0.032357,-0.195715,9.920791,-0.033240,0.211618,-0.038647,1.202768,0.784412,-10.844641
6006,0.029780,-0.186892,9.924700,-0.072158,0.215875,-0.038651,1.200995,0.791562,-10.845779
6007,0.027246,-0.193694,9.924188,-0.361325,0.209454,-0.026448,1.193758,0.798672,-10.846717
6009,0.030756,-0.213756,9.924901,-0.600159,0.212186,-0.015770,1.177725,0.805713,-10.847275
6010,0.035797,-0.212855,9.923544,-0.404121,0.228639,-0.018826,1.160981,0.813070,-10.847702
6011,0.036329,-0.204375,9.919799,-0.090571,0.252715,-0.029512,1.152727,0.821107,-10.848344
6012,0.035306,-0.201242,9.921219,-0.114235,0.261529,-0.034094,1.149301,0.829698,-10.849233
6013,0.037595,-0.199933,9.919088,-0.345421,0.250503,-0.018839,1.141630,0.838247,-10.849944
6014,0.035059,-0.196851,9.917348,-0.497250,0.236421,-0.006636,1.127581,0.846369,-10.850205
6015,0.034615,-0.205835,9.915313,-0.464446,0.225392,-0.003588,1.111552,0.854068,-10.850226
6016,0.034159,-0.207473,9.915308,-0.306521,0.217413,0.002511,1.098705,0.861447,-10.850102
6017,0.032399,-0.210414,9.915524,-0.009735,0.221641,0.004032,1.093438,0.868761,-10.849854
6018,0.033734,-0.208605,9.921087,0.386237,0.230445,-0.009706,1.099714,0.876297,-10.849805
6019,0.037490,-0.205027,9.923196,0.641829,0.234662,-0.006659,1.116846,0.884052,-10.849929
6020,0.031647,-0.188219,9.929678,0.422874,0.243459,0.017751,1.134596,0.892016,-10.849585
6021,0.035016,-0.193015,9.933606,-0.166875,0.243099,0.061999,1.138886,0.900097,-10.848096
6022,0.039536,-0.207708,9.933843,-0.561326,0.248833,0.126083,1.126802,0.908232,-10.844799
6023,0.040469,-0.220855,9.931842,-1.163331,0.272868,0.238996,1.098157,0.916808,-10.838547
6024,0.036018,-0.240409,9.926987,-1.849285,0.353365,0.362591,1.048111,0.927055,-10.828326
6025,0.037196,-0.294299,9.922916,-1.726556,0.389610,0.429725,0.988733,0.939202,-10.814898
6026,0.036484,-0.272817,9.917912,-0.355636,0.377020,0.400725,0.954261,0.951742,-10.800842
6027,0.034931,-0.219157,9.923303,0.160857,0.433096,0.370199,0.951234,0.965027,-10.787769
6028,0.028466,-0.288406,9.924069,-0.848585,0.539530,0.390029,0.939991,0.981026,-10.774829
6029,0.027914,-0.289942,9.922255,-0.513754,0.557463,0.470895,0.917539,0.999075,-10.760186
6030,0.024114,-0.251021,9.923180,-0.519161,0.595231,0.592960,0.900641,1.018002,-10.742149
6031,0.021688,-0.286076,9.926351,-1.598809,0.674200,0.583797,0.865699,1.038854,-10.722210
6032,0.029309,-0.335206,9.919615,-1.808753,0.695171,0.345742,0.809197,1.061450,-10.706386
6033,0.033884,-0.258089,9.917469,-0.253159,0.626094,-0.295155,0.774853,1.083459,-10.705237
6034,0.034755,-0.239073,9.921659,0.246602,0.581418,-1.019979,0.774332,1.103880,-10.726885
6035,0.043996,-0.233297,9.923620,0.245890,0.489423,-1.355690,0.781777,1.122264,-10.766240
6036,0.048310,-0.224487,9.923437,0.130745,0.411140,-1.433520,0.787142,1.137908,-10.812525
6037,0.035723,-0.243741,9.917229,-0.187358,0.299291,-1.279408,0.785299,1.150367,-10.857580
6038,0.033714,-0.243503,9.923458,-0.017185,0.217969,-0.839951,0.781180,1.159469,-10.892791
6039,0.040522,-0.244287,9.925994,0.040070,0.139691,-0.397440,0.781145,1.165712,-10.913336
6040,0.031866,-0.267846,9.925892,0.173598,0.110241,-0.316575,0.784465,1.170039,-10.925180
6041,-0.002613,-0.258059,9.955490,0.615350,0.028949,-0.231133,0.797428,1.172485,-10.934276
6042,0.009908,-0.221148,9.957197,1.099873,0.005663,-0.138061,0.825889,1.173149,-10.940422
6043,0.006005,-0.269449,9.950851,0.682554,0.038827,-0.067878,0.855526,1.173942,-10.943846
6044,-0.000257,-0.267473,9.950854,0.777893,0.099468,-0.049578,0.879827,1.176276,-10.945766
6045,0.008705,-0.240993,9.951919,1.086879,0.169261,-0.046536,0.910876,1.180780,-10.947301
6046,0.036013,-0.240581,9.919034,1.162415,0.281744,-0.089271,0.948319,1.188332,-10.949442
6047,0.024030,-0.230060,9.925179,1.303564,0.363692,-0.162523,0.989335,1.199158,-10.953453
6048,0.031827,-0.179055,9.924719,1.501217,0.335773,-0.157953,1.035974,1.210909,-10.958590
6049,0.047635,-0.171756,9.909925,0.845920,0.248317,-0.103025,1.075004,1.220722,-10.962759
6050,0.107959,-0.301357,9.867701,0.562815,0.304221,-0.121343,1.098407,1.230000,-10.966327
6051,0.114497,-0.345708,9.865030,0.606080,0.311227,-0.109146,1.117810,1.240330,-10.969968
6052,0.119831,-0.344075,9.867655,0.354792,0.275493,-0.098473,1.133754,1.250175,-10.973237
6053,0.112392,-0.325026,9.866029,0.456007,0.294691,-0.116794,1.147192,1.259747,-10.976634
6054,0.098534,-0.322537,9.877219,0.792231,0.347476,-0.133590,1.167909,1.270532,-10.980592
6055,0.040760,-0.194521,9.918772,0.643332,0.264520,-0.077138,1.191761,1.280802,-10.983892
6056,0.034196,-0.142933,9.924558,0.204674,0.212142,-0.054255,1.205849,1.288791,-10.985917
