seq,ax,ay,az,wroll,wpitch,wyaw,roll,pitch,yaw,q0,q1,q2,q3
62,0.081671,-0.328412,9.917795,0.146145,-0.671835,0.109437,-1.896567,-0.471550,0.015614,0.999855,-0.016549,-0.004117,0.000068
63,0.050085,-0.275878,9.942628,-0.586299,-0.316294,-0.047734,-1.866190,-0.451497,0.014877,0.999860,-0.016284,-0.003942,0.000066
64,0.071465,-0.275494,9.922168,-1.158521,-0.137761,0.219303,-1.817569,-0.429366,0.017377,0.999867,-0.015860,-0.003749,0.000092
65,0.081863,-0.289961,9.921908,-1.257707,-0.134709,0.568740,-1.802024,-0.434045,0.030222,0.999869,-0.015724,-0.003791,0.000204
66,0.082840,-0.316190,9.929941,-1.280595,0.083498,0.568740,-1.828231,-0.445875,0.049078,0.999865,-0.015952,-0.003897,0.000366
67,0.074694,-0.358479,9.929410,-1.292802,0.057557,0.579422,-1.906093,-0.446705,0.068405,0.999854,-0.016631,-0.003908,0.000532
68,0.074167,-0.364709,9.921944,-1.048655,-0.639791,0.841881,-2.003762,-0.451077,0.092863,0.999839,-0.017482,-0.003950,0.000741
69,0.070871,-0.374857,9.910821,-0.737365,-1.356976,0.954799,-2.081959,-0.475221,0.124339,0.999826,-0.018163,-0.004166,0.001010
70,0.075446,-0.398592,9.899150,-0.751100,-1.482102,0.899866,-2.158533,-0.510623,0.157379,0.999812,-0.018829,-0.004481,0.001289
71,0.087923,-0.389691,9.889475,-0.831974,-1.430220,0.814414,-2.228113,-0.552625,0.188143,0.999798,-0.019435,-0.004854,0.001548
72,0.100500,-0.363730,9.889643,-0.685485,-1.424117,0.796103,-2.250525,-0.602790,0.216781,0.999792,-0.019628,-0.005296,0.001788
73,0.106515,-0.370444,9.911940,-0.575618,-1.106724,0.805259,-2.240924,-0.649453,0.244787,0.999791,-0.019542,-0.005708,0.002025
74,0.115676,-0.387748,9.925763,-0.632076,-0.696250,0.696918,-2.246158,-0.682527,0.270821,0.999788,-0.019586,-0.006001,0.002246
75,0.116880,-0.375821,9.930457,-0.592403,-0.726769,0.580948,-2.255817,-0.706596,0.292908,0.999784,-0.019668,-0.006215,0.002434
76,0.109934,-0.379135,9.924795,-0.506951,-0.847317,0.617570,-2.254807,-0.721210,0.313663,0.999783,-0.019658,-0.006346,0.002613
77,0.111115,-0.405402,9.909816,-0.593928,-0.691672,0.693866,-2.276066,-0.725740,0.336551,0.999779,-0.019842,-0.006390,0.002811
78,0.113896,-0.417441,9.894590,-0.683959,-0.445998,0.548903,-2.327976,-0.724363,0.358382,0.999769,-0.020294,-0.006383,0.002998
79,0.109269,-0.412235,9.885939,-0.639707,-0.050784,0.307807,-2.376829,-0.710918,0.373309,0.999761,-0.020720,-0.006270,0.003128
80,0.103665,-0.419810,9.899953,-0.508476,0.442090,0.098755,-2.410867,-0.677029,0.379978,0.999756,-0.021017,-0.005977,0.003191
81,0.104925,-0.419063,9.920460,-0.429129,0.582476,0.005674,-2.434419,-0.635479,0.381081,0.999754,-0.021224,-0.005615,0.003207
82,0.116400,-0.408483,9.937755,-0.232285,0.359691,0.013303,-2.435752,-0.614901,0.380620,0.999755,-0.021236,-0.005435,0.003207
83,0.115826,-0.409778,9.937265,0.010338,0.239143,-0.145393,-2.418749,-0.616669,0.377771,0.999758,-0.021088,-0.005450,0.003182
84,0.115573,-0.402669,9.922543,0.225493,-0.020265,-0.249156,-2.392171,-0.626958,0.370800,0.999762,-0.020856,-0.005538,0.003121
85,0.110585,-0.391749,9.899652,0.333834,-0.162176,-0.221689,-2.353306,-0.638674,0.362759,0.999769,-0.020517,-0.005637,0.003050
86,0.106003,-0.391938,9.901737,0.353671,0.268135,-0.468889,-2.313371,-0.635611,0.350872,0.999777,-0.020169,-0.005607,0.002949
87,0.104179,-0.391325,9.894472,0.173612,0.718283,-0.766445,-2.286343,-0.612193,0.329441,0.999783,-0.019935,-0.005399,0.002768
88,0.106259,-0.391074,9.908247,0.205656,0.797631,-0.693200,-2.269813,-0.583773,0.304019,0.999788,-0.019793,-0.005146,0.002552
89,0.091417,-0.405698,9.921387,0.228545,0.947172,-0.893096,-2.268397,-0.548492,0.276509,0.999790,-0.019782,-0.004833,0.002318
90,0.087352,-0.403757,9.927214,0.231597,1.050935,-1.015170,-2.278081,-0.503005,0.243579,0.999791,-0.019869,-0.004431,0.002038
91,0.089472,-0.406763,9.924368,0.416233,0.773216,-0.636741,-2.284317,-0.469499,0.215015,0.999791,-0.019925,-0.004134,0.001794
92,0.077038,-0.391005,9.931817,0.484900,0.654194,-0.536030,-2.274353,-0.444861,0.194586,0.999794,-0.019839,-0.003915,0.001621
93,0.069129,-0.386995,9.927567,0.469642,0.773216,-0.641319,-2.248718,-0.412312,0.173968,0.999800,-0.019617,-0.003627,0.001447
94,0.075123,-0.383012,9.897903,0.576456,0.831201,-0.529926,-2.221184,-0.383155,0.153347,0.999806,-0.019378,-0.003369,0.001273
95,0.065246,-0.387625,9.914485,0.570352,1.131809,-0.729822,-2.199936,-0.353383,0.131088,0.999810,-0.019193,-0.003105,0.001085
96,0.053405,-0.379829,9.913287,0.462011,1.661305,-1.179970,-2.184145,-0.301238,0.097511,0.999815,-0.019057,-0.002645,0.000801
97,0.051126,-0.386403,9.911454,0.686323,2.059571,-1.183022,-2.170507,-0.233983,0.055831,0.999818,-0.018939,-0.002051,0.000448
98,0.037300,-0.386068,9.913974,0.523048,2.235053,-0.906829,-2.164621,-0.160509,0.018383,0.999821,-0.018889,-0.001403,0.000134
99,0.017753,-0.377243,9.948303,0.364353,2.300668,-0.590963,-2.158653,-0.075654,-0.009379,0.999822,-0.018837,-0.000659,-0.000094
100,0.022030,-0.385006,9.907669,0.474219,2.160282,-0.224741,-2.154498,-0.000977,-0.025746,0.999823,-0.018800,-0.000004,-0.000225
101,0.016305,-0.380334,9.875259,0.516945,2.282356,0.091126,-2.153688,0.053571,-0.030745,0.999823,-0.018793,0.000472,-0.000259
102,-0.007592,-0.377591,9.849875,0.626811,2.857630,0.336800,-2.146986,0.125712,-0.026837,0.999824,-0.018735,0.001101,-0.000214
103,-0.010897,-0.388948,9.849119,0.935049,3.822015,0.405466,-2.141748,0.227849,-0.018680,0.999823,-0.018689,0.001991,-0.000126
104,-0.032719,-0.371846,9.874953,0.913685,5.076326,0.274237,-2.128135,0.363072,-0.012930,0.999822,-0.018570,0.003170,-0.000054
105,-0.085230,-0.358619,9.930365,0.736679,5.926265,0.234562,-2.094592,0.558664,-0.011160,0.999821,-0.018277,0.004876,-0.000008
106,-0.133591,-0.360723,9.961787,0.657330,6.289437,0.164370,-2.060610,0.807364,-0.011795,0.999814,-0.017980,0.007046,0.000024
107,-0.174044,-0.373311,9.986870,0.503211,6.290963,-0.096563,-2.049283,1.070207,-0.018296,0.999797,-0.017880,0.009341,0.000007
108,-0.287677,-0.359925,9.981403,0.616130,7.676503,0.069763,-2.043612,1.405490,-0.027256,0.999766,-0.017829,0.012267,-0.000019
109,-0.333787,-0.371400,9.930223,-0.285691,10.409435,0.255926,-2.046931,1.818754,-0.032773,0.999715,-0.017855,0.015874,-0.000002
110,-0.406667,-0.380299,9.904821,-1.558314,13.963315,0.663348,-2.094322,2.295177,-0.032687,0.999632,-0.018266,0.020030,0.000081
112,-0.499710,-0.396447,9.896904,-1.811617,17.736927,1.751333,-2.172999,2.899539,-0.013094,0.999500,-0.018953,0.025298,0.000366
113,-0.666192,-0.411523,9.910427,-2.191572,22.300972,2.967495,-2.263684,3.671737,0.038395,0.999291,-0.019754,0.032024,0.000968
114,-0.774429,-0.399021,9.863005,-2.685973,24.124453,2.998014,-2.357302,4.565948,0.105623,0.998994,-0.020590,0.039807,0.001740
115,-0.954370,-0.424393,9.855100,-2.020668,23.587326,3.023955,-2.440624,5.482874,0.171909,0.998626,-0.021344,0.047786,0.002517
116,-1.090612,-0.472317,9.848160,-0.845707,22.877769,3.042266,-2.508957,6.380173,0.237183,0.998206,-0.021974,0.055590,0.003284
117,-1.261282,-0.484531,9.815569,-0.256699,23.135653,2.094666,-2.562644,7.267546,0.284755,0.997733,-0.022474,0.063307,0.003897
118,-1.389132,-0.478086,9.788050,0.176663,22.972378,1.429362,-2.597374,8.153412,0.304679,0.997206,-0.022796,0.071013,0.004263
119,-1.485312,-0.475037,9.787864,0.559671,22.798424,1.186740,-2.611392,9.001796,0.309990,0.996649,-0.022929,0.078393,0.004484
120,-1.621107,-0.455260,9.774871,0.744307,23.552231,1.073821,-2.605013,9.833181,0.310245,0.996054,-0.022879,0.085622,0.004645
121,-1.765409,-0.419350,9.728306,1.029655,23.460674,0.381051,-2.572026,10.673493,0.299941,0.995406,-0.022589,0.092927,0.004693
122,-1.900685,-0.395708,9.734231,1.237181,22.586319,0.835777,-2.511473,11.494987,0.290593,0.994725,-0.022059,0.100065,0.004717
123,-1.997054,-0.380901,9.684488,1.665966,20.884912,0.803733,-2.430320,12.254249,0.293134,0.994055,-0.021359,0.106656,0.004806
124,-2.114073,-0.358376,9.663394,1.983359,20.021238,1.044829,-2.331155,12.951736,0.303523,0.993404,-0.020511,0.112707,0.004926
125,-2.251126,-0.376795,9.667457,2.253448,19.281164,1.176059,-2.230854,13.622676,0.320629,0.992744,-0.019661,0.118523,0.005086
126,-2.336323,-0.354270,9.659472,2.657818,17.544661,1.514814,-2.128336,14.245160,0.346290,0.992101,-0.018803,0.123915,0.005301
127,-2.395032,-0.373953,9.634473,2.598307,15.347330,1.221836,-2.031691,14.772665,0.373341,0.991533,-0.018000,0.128481,0.005510
128,-2.459426,-0.345922,9.607813,2.749374,13.786308,0.805259,-1.946398,15.211215,0.388690,0.991046,-0.017284,0.132276,0.005610
129,-2.572452,-0.363275,9.598573,2.686811,13.183567,0.141481,-1.872377,15.618207,0.385075,0.990581,-0.016644,0.135800,0.005549
130,-2.566911,-0.353825,9.518879,2.799729,12.837182,-0.499407,-1.818516,16.001150,0.355795,0.990130,-0.016146,0.139116,0.005283
131,-2.637371,-0.339515,9.477078,2.891285,15.223729,-1.125037,-1.768560,16.401392,0.303389,0.989647,-0.015653,0.142583,0.004822
132,-2.753689,-0.323790,9.429984,2.853136,18.620438,-1.669793,-1.720761,16.924374,0.228767,0.988995,-0.015146,0.147110,0.004184
133,-2.837689,-0.333842,9.369557,2.642559,21.673815,-1.941407,-1.688701,17.579416,0.134856,0.988145,-0.014743,0.152774,0.003415
134,-2.959787,-0.335091,9.307214,2.392307,24.992702,-2.402237,-1.682063,18.352476,0.020915,0.987096,-0.014519,0.159452,0.002521
135,-3.141637,-0.301323,9.307450,1.759048,27.867546,-2.277111,-1.684772,19.253523,-0.099990,0.985813,-0.014349,0.167224,0.001598
136,-3.321080,-0.354959,9.266844,1.005241,29.175264,-1.558400,-1.717319,20.251232,-0.212705,0.984317,-0.014426,0.175814,0.000808
137,-3.473589,-0.349289,9.212007,1.035759,29.031826,-1.591970,-1.778959,21.275606,-0.322422,0.982700,-0.014738,0.184620,0.000101
138,-3.647712,-0.336325,9.177968,0.808396,28.076599,-1.997867,-1.835940,22.277100,-0.437473,0.981042,-0.014982,0.193216,-0.000650
139,-3.815545,-0.312863,9.163542,0.881641,26.817711,-1.265422,-1.872425,23.236589,-0.539355,0.979385,-0.015057,0.201437,-0.001319
140,-3.938858,-0.326150,9.080358,1.629344,24.675312,-0.723719,-1.877831,24.127687,-0.614063,0.977788,-0.014904,0.209056,-0.001815
141,-4.051756,-0.269994,9.013710,1.804826,22.775532,-1.218118,-1.848670,24.934841,-0.678301,0.976295,-0.014474,0.215946,-0.002296
142,-4.155115,-0.276336,8.987869,1.159359,20.807091,-1.126563,-1.811875,25.655123,-0.740128,0.974923,-0.013982,0.222085,-0.002787
143,-4.225606,-0.278485,8.922127,1.206663,19.745047,-0.517718,-1.788633,26.299292,-0.791079,0.973662,-0.013628,0.227567,-0.003171
144,-4.279249,-0.297222,8.851305,1.540841,19.778616,-0.183541,-1.766367,26.901772,-0.830318,0.972455,-0.013305,0.232687,-0.003461
145,-4.399916,-0.311848,8.802998,1.580516,20.799461,-0.830533,-1.760431,27.519279,-0.884728,0.971187,-0.013085,0.237929,-0.003844
146,-4.510967,-0.282438,8.751146,2.155789,21.476971,-1.157082,-1.750649,28.181141,-0.957358,0.969796,-0.012783,0.243542,-0.004383
147,-4.636125,-0.240776,8.658643,2.888233,22.351324,-1.477526,-1.697767,28.890884,-1.030047,0.968273,-0.012104,0.249550,-0.005008
148,-4.796869,-0.252096,8.643943,2.634929,22.319283,-1.614859,-1.634238,29.640369,-1.107933,0.966625,-0.011313,0.255882,-0.005698
149,-4.892457,-0.252504,8.579548,2.186307,20.413401,-1.842222,-1.600358,30.361902,-1.198495,0.964995,-0.010739,0.261969,-0.006436
150,-4.947045,-0.212489,8.508332,1.951315,18.409861,-1.379867,-1.565933,30.997095,-1.277690,0.963528,-0.010188,0.267319,-0.007092
151,-5.036613,-0.242499,8.471831,1.099849,16.317818,-1.015170,-1.542356,31.543270,-1.339471,0.962243,-0.009775,0.271912,-0.007590
152,-5.067051,-0.259151,8.436613,0.890796,14.680500,-0.633689,-1.554423,32.002880,-1.398460,0.961140,-0.009674,0.275775,-0.007991
153,-5.117382,-0.228507,8.344891,1.200559,15.502975,-0.824430,-1.559100,32.434399,-1.451510,0.960092,-0.009526,0.279397,-0.008362
154,-5.241716,-0.187166,8.287951,1.093745,17.936825,-0.482623,-1.527651,32.949348,-1.486173,0.958828,-0.009105,0.283708,-0.008655
155,-5.371464,-0.154472,8.224064,1.292115,21.205357,0.776266,-1.447786,33.606102,-1.474575,0.957196,-0.008374,0.289191,-0.008665
156,-5.480271,-0.165231,8.129689,1.546944,24.240421,1.537703,-1.337604,34.402176,-1.423199,0.955177,-0.007477,0.295822,-0.008412
157,-5.605656,-0.157909,8.036779,1.885700,26.715473,2.146547,-1.217573,35.309940,-1.352830,0.952818,-0.006544,0.303366,-0.008027
158,-5.781386,-0.181651,8.000508,1.815507,27.273962,3.045317,-1.097789,36.279549,-1.263555,0.950231,-0.005670,0.311403,-0.007496
159,-5.860775,-0.176502,7.903738,2.139003,25.618334,2.817954,-0.988623,37.216496,-1.171998,0.947666,-0.004912,0.319151,-0.006940
160,-5.958162,-0.188849,7.851389,1.948263,22.828941,1.430888,-0.914574,38.041058,-1.122507,0.945352,-0.004353,0.325955,-0.006659
161,-6.054388,-0.179309,7.796721,1.963522,20.845238,1.163851,-0.877511,38.753040,-1.114543,0.943311,-0.003997,0.331819,-0.006634
162,-6.148574,-0.167883,7.723045,1.392826,19.123995,0.602310,-0.857894,39.389427,-1.121943,0.941455,-0.003749,0.337052,-0.006695
163,-6.177392,-0.150439,7.632105,1.286011,17.830009,-0.046208,-0.856391,39.962543,-1.149100,0.939757,-0.003597,0.341757,-0.006870
164,-6.254587,-0.176530,7.572683,0.808396,17.225742,-0.893096,-0.892893,40.491642,-1.213652,0.938164,-0.003645,0.346096,-0.007240
165,-6.319237,-0.172485,7.494500,0.579508,17.202854,-1.178444,-0.968611,41.013046,-1.310973,0.936571,-0.003909,0.350369,-0.007754
166,-6.412874,-0.158423,7.430227,0.066798,17.491253,-1.649955,-1.053965,41.551407,-1.417082,0.934906,-0.004213,0.354775,-0.008299
167,-6.501893,-0.154187,7.362808,-0.102581,17.744558,-1.637748,-1.140534,42.115273,-1.523374,0.933138,-0.004511,0.359381,-0.008829
168,-6.591157,-0.141457,7.295846,0.402501,18.858482,-1.396652,-1.200977,42.715038,-1.613918,0.931236,-0.004631,0.364268,-0.009299
169,-6.661472,-0.132534,7.214898,0.715315,19.803032,-0.964815,-1.219814,43.356461,-1.678208,0.929178,-0.004481,0.369478,-0.009676
170,-6.744622,-0.149858,7.126909,0.718367,20.688068,-0.627585,-1.223945,44.034237,-1.727245,0.926974,-0.004251,0.374969,-0.009969
171,-6.803716,-0.134921,7.026267,1.205137,21.173313,-0.293408,-1.212112,44.737904,-1.763013,0.924653,-0.003926,0.380653,-0.010201
172,-6.879119,-0.153233,6.942397,1.476752,21.686024,0.612992,-1.172081,45.454243,-1.773098,0.922258,-0.003455,0.386422,-0.010319
173,-6.985260,-0.159330,6.875414,1.327211,21.693653,1.379007,-1.120098,46.176735,-1.756169,0.919808,-0.002981,0.392223,-0.010264
174,-7.097197,-0.141186,6.795617,1.340944,21.686024,2.025999,-1.045488,46.904186,-1.704492,0.917308,-0.002450,0.398046,-0.010014
175,-7.162966,-0.136624,6.694155,1.792618,21.553268,2.882043,-0.931271,47.632000,-1.611754,0.914772,-0.001755,0.403852,-0.009585
176,-7.251528,-0.126763,6.614199,2.186307,21.631090,3.092621,-0.786001,48.354630,-1.493472,0.912220,-0.000919,0.409599,-0.009080
177,-7.317748,-0.083327,6.514325,2.227507,21.946955,2.228947,-0.629420,49.079418,-1.378356,0.909622,-0.000001,0.415348,-0.008660
178,-7.379161,-0.043679,6.391772,1.691907,21.679920,1.002103,-0.489844,49.806202,-1.291668,0.906976,0.000869,0.421098,-0.008424
179,-7.455845,-0.051804,6.303518,1.232604,21.959164,0.187259,-0.406642,50.533691,-1.256394,0.904286,0.001471,0.426841,-0.008400
180,-7.575061,-0.066584,6.228847,-0.041544,21.782156,-1.640800,-0.435706,51.263496,-1.313051,0.901546,0.001529,0.432593,-0.008686
181,-7.649986,-0.077200,6.128820,-1.524744,21.473919,-2.617392,-0.592835,51.988331,-1.463752,0.898782,0.000948,0.438297,-0.009214
182,-7.739580,-0.092926,6.054207,-1.402669,20.640764,-2.135200,-0.794078,52.689758,-1.637828,0.896070,0.000133,0.443806,-0.009733
183,-7.789854,-0.148536,5.976905,-1.352314,19.804556,-1.640800,-0.999573,53.348022,-1.809108,0.893492,-0.000707,0.448964,-0.010191
184,-7.832961,-0.125515,5.873522,-1.160048,18.975979,-2.020755,-1.199391,53.965397,-1.979332,0.891044,-0.001489,0.453790,-0.010643
185,-7.854023,-0.114899,5.766471,-0.275011,18.864586,-1.477526,-1.335019,54.562901,-2.111986,0.888653,-0.001906,0.458444,-0.011039
186,-7.876910,-0.136209,5.659220,1.363833,19.488689,-0.438371,-1.382647,55.166260,-2.192797,0.886220,-0.001833,0.463121,-0.011373
187,-7.917896,-0.137521,5.531711,1.511848,21.336586,-0.734400,-1.392831,55.820629,-2.260972,0.883556,-0.001504,0.468175,-0.011745
188,-8.025876,-0.098441,5.405181,1.653759,23.901667,-0.905304,-1.387648,56.580521,-2.325944,0.880428,-0.001042,0.474023,-0.012133
189,-8.154620,-0.134296,5.321711,1.893329,26.216496,0.213200,-1.357091,57.448524,-2.367276,0.876812,-0.000456,0.480673,-0.012423
190,-8.330044,-0.131306,5.262366,1.737685,25.653429,0.693866,-1.313443,58.349369,-2.384150,0.873008,0.000135,0.487545,-0.012578
191,-8.473355,-0.136601,5.195310,0.864856,21.649401,0.258977,-1.291358,59.163826,-2.403273,0.869521,0.000554,0.493733,-0.012674
192,-8.555903,-0.146804,5.142622,-0.152936,15.535019,-0.215585,-1.338891,59.779781,-2.461151,0.866851,0.000574,0.498403,-0.012797
193,-8.533522,-0.158156,5.088226,-0.641233,8.587481,-0.278148,-1.436835,60.129494,-2.543296,0.865318,0.000268,0.501056,-0.012925
194,-8.504015,-0.154718,5.032359,-1.123425,1.974120,-0.642845,-1.575176,60.164318,-2.647531,0.865154,-0.000312,0.501335,-0.013100
195,-8.416147,-0.171895,4.981334,-1.152418,-1.773553,-0.615378,-1.747470,59.959568,-2.774326,0.866032,-0.001110,0.499810,-0.013349
196,-8.362354,-0.142426,4.970914,-0.918951,-2.583820,-0.644370,-1.853117,59.686543,-2.845127,0.867209,-0.001670,0.497759,-0.013486
197,-8.367220,-0.141038,4.983114,-0.627499,-2.386975,-0.421585,-1.858708,59.447010,-2.835229,0.868247,-0.001817,0.495946,-0.013442
198,-8.374841,-0.158082,4.996632,-0.340625,-1.945983,-0.233896,-1.852028,59.274048,-2.819892,0.868996,-0.001877,0.494635,-0.013394
199,-8.373590,-0.157331,5.017740,-0.102581,-1.746087,0.005674,-1.848736,59.145893,-2.811627,0.869548,-0.001920,0.493663,-0.013375
200,-8.367575,-0.165722,5.033173,0.053063,-1.874264,0.190311,-1.838355,59.031715,-2.799336,0.870041,-0.001923,0.492795,-0.013353
201,-8.357802,-0.164931,5.036481,0.167508,-2.037538,0.260503,-1.828663,58.926041,-2.789248,0.870496,-0.001920,0.491992,-0.013342
202,-8.338823,-0.146384,5.040638,0.339938,-2.122990,0.307807,-1.783836,58.829357,-2.752095,0.870915,-0.001763,0.491251,-0.013273
203,-8.363116,-0.155186,5.063596,0.364353,-2.098575,0.315436,-1.725655,58.742886,-2.705865,0.871291,-0.001540,0.490587,-0.013190
204,-8.355555,-0.137073,5.070318,0.428442,-1.865109,0.159792,-1.668842,58.672115,-2.663469,0.871599,-0.001307,0.490042,-0.013126
205,-8.376111,-0.115183,5.095079,0.318574,-1.634694,0.126222,-1.572537,58.615002,-2.588494,0.871852,-0.000908,0.489596,-0.012979
206,-8.368073,-0.120754,5.108734,0.167508,-1.915464,0.437510,-1.467658,58.553925,-2.500145,0.872124,-0.000501,0.489119,-0.012766
207,-8.341725,-0.124981,5.114765,0.008811,-1.837642,0.655718,-1.394313,58.478157,-2.429748,0.872454,-0.000259,0.488534,-0.012557
209,-8.327276,-0.113294,5.115482,-0.033914,-1.485153,0.916651,-1.324179,58.406982,-2.355225,0.872766,-0.000058,0.487985,-0.012301
210,-8.313685,-0.132014,5.114085,0.030175,-1.437850,1.044829,-1.273256,58.351063,-2.294095,0.873010,0.000059,0.487553,-0.012062
211,-8.296193,-0.107520,5.107115,0.098841,-1.121983,0.756429,-1.232557,58.310966,-2.245049,0.873186,0.000152,0.487244,-0.011868
212,-8.327211,-0.101013,5.124131,0.112575,-0.763391,0.608414,-1.168456,58.294029,-2.181204,0.873264,0.000366,0.487108,-0.011657
213,-8.349125,-0.101612,5.148679,0.323152,-0.539080,0.571792,-1.109867,58.288448,-2.126964,0.873293,0.000581,0.487060,-0.011494
214,-8.352268,-0.095763,5.161743,0.088160,-0.584857,0.025511,-1.075014,58.274029,-2.097723,0.873357,0.000720,0.486947,-0.011421
215,-8.343087,-0.084758,5.162727,-0.267381,-0.743554,-0.487200,-1.065573,58.246944,-2.090978,0.873472,0.000758,0.486740,-0.011414
216,-8.325054,-0.101721,5.167552,-0.325366,-1.143346,-0.035527,-1.078943,58.201027,-2.098216,0.873667,0.000679,0.486391,-0.011419
217,-8.283949,-0.116020,5.157125,-0.278062,-1.201331,0.220829,-1.119121,58.136375,-2.121790,0.873938,0.000461,0.485902,-0.011438
218,-8.290973,-0.114673,5.169406,-0.322314,-1.068576,0.037718,-1.169196,58.072296,-2.153151,0.874207,0.000200,0.485418,-0.011475
219,-8.289080,-0.118901,5.175475,-0.113263,-1.009065,0.262029,-1.207091,58.018467,-2.176134,0.874432,-0.000002,0.485011,-0.011499
220,-8.296245,-0.124656,5.187770,0.092737,-0.902250,0.669451,-1.223680,57.973270,-2.181343,0.874623,-0.000115,0.484668,-0.011475
221,-8.318154,-0.127396,5.205696,0.057641,-0.845791,0.277289,-1.241301,57.935883,-2.189717,0.874780,-0.000222,0.484384,-0.011471
222,-8.321761,-0.112721,5.217285,0.065271,-1.050265,0.052978,-1.252632,57.898067,-2.197775,0.874939,-0.000281,0.484097,-0.011491
223,-8.286652,-0.111645,5.191529,-0.090374,-1.247109,0.046874,-1.245840,57.860077,-2.190341,0.875100,-0.000268,0.483806,-0.011469
224,-8.285213,-0.097112,5.185496,-0.229233,-1.207435,0.150637,-1.218782,57.835678,-2.160697,0.875206,-0.000191,0.483617,-0.011361
225,-8.288693,-0.095499,5.192660,-0.242966,-1.154028,0.324592,-1.167792,57.821548,-2.106206,0.875271,-0.000034,0.483504,-0.011162
226,-8.263382,-0.088844,5.193224,-0.209396,-1.109776,0.493970,-1.105493,57.800220,-2.039420,0.875367,0.000156,0.483335,-0.010918
227,-8.278855,-0.085491,5.199081,-0.340625,-0.941924,0.355111,-1.044438,57.778912,-1.972106,0.875463,0.000335,0.483167,-0.010664
228,-8.298570,-0.087283,5.213309,-0.271958,-0.912932,0.315436,-1.002942,57.767853,-1.922098,0.875514,0.000439,0.483079,-0.010459
229,-8.278522,-0.091828,5.224408,-0.223129,-1.173865,0.457348,-0.979014,57.740330,-1.887682,0.875633,0.000472,0.482866,-0.010300
230,-8.263451,-0.097711,5.224092,-0.278062,-1.334087,0.411570,-0.976204,57.689091,-1.870132,0.875850,0.000412,0.482475,-0.010185
231,-8.272490,-0.089941,5.228248,-0.349781,-1.247109,0.301704,-0.980303,57.642082,-1.858011,0.876049,0.000322,0.482116,-0.010081
232,-8.256701,-0.083324,5.232616,-0.322314,-1.274576,0.490918,-0.961729,57.600872,-1.825410,0.876225,0.000320,0.481799,-0.009915
233,-8.259009,-0.073181,5.241709,-0.366566,-1.273050,1.072296,-0.900487,57.556889,-1.749678,0.876416,0.000463,0.481458,-0.009599
234,-8.271096,-0.078332,5.253913,-0.323840,-1.028902,1.363747,-0.819551,57.520554,-1.649569,0.876577,0.000657,0.481174,-0.009178
235,-8.262087,-0.064182,5.272480,-0.268907,-1.057894,1.130281,-0.740979,57.479580,-1.552379,0.876756,0.000844,0.480855,-0.008769
236,-8.236680,-0.059710,5.259917,0.016441,-1.241005,0.941066,-0.662035,57.427021,-1.463460,0.876982,0.001069,0.480448,-0.008425
237,-8.233863,-0.048358,5.261267,0.277374,-0.943450,0.869348,-0.579237,57.384361,-1.381357,0.877166,0.001353,0.480116,-0.008147
238,-8.218224,-0.056410,5.265426,0.538309,-0.594013,0.851037,-0.507071,57.353741,-1.316434,0.877298,0.001631,0.479878,-0.007955
239,-8.217913,-0.045631,5.258056,0.471167,-0.787805,0.757955,-0.451414,57.330887,-1.269171,0.877396,0.001856,0.479699,-0.007828
240,-8.242327,-0.045536,5.255082,0.417759,-0.748131,0.838829,-0.399448,57.329571,-1.223422,0.877404,0.002063,0.479687,-0.007696
241,-8.245795,-0.018326,5.261343,0.294159,-0.363598,0.933436,-0.320676,57.348236,-1.151072,0.877329,0.002365,0.479826,-0.007470
242,-8.236045,-0.023940,5.264062,0.336885,-0.218635,1.243199,-0.218807,57.364914,-1.054538,0.877263,0.002742,0.479949,-0.007157
243,-8.242822,-0.038949,5.266625,0.248382,-0.177435,1.197422,-0.164727,57.375179,-0.995251,0.877222,0.002908,0.480026,-0.006929
244,-8.249068,-0.030738,5.276374,0.220915,0.175054,0.664874,-0.158218,57.385761,-0.979616,0.877179,0.002893,0.480107,-0.006836
245,-8.241201,-0.021609,5.278905,0.336885,0.413098,0.515333,-0.150937,57.394634,-0.970725,0.877142,0.002912,0.480175,-0.006798
246,-8.243229,-0.049104,5.280258,0.306367,0.321542,0.358162,-0.178665,57.398285,-0.995286,0.877126,0.002803,0.480204,-0.006870
247,-8.264050,-0.045241,5.290717,-0.055277,0.100283,-0.429215,-0.268863,57.396782,-1.075445,0.877129,0.002449,0.480196,-0.007105
248,-8.262045,-0.020912,5.285756,-0.175826,-0.182013,-0.893097,-0.343044,57.390835,-1.146558,0.877151,0.002178,0.480153,-0.007339
249,-8.247319,-0.022243,5.271325,-0.072063,-0.415480,-0.842741,-0.373173,57.383030,-1.184015,0.877182,0.002104,0.480095,-0.007500
250,-8.244628,-0.032679,5.269470,-0.149885,-0.505509,-0.941926,-0.407318,57.374992,-1.225637,0.877214,0.002016,0.480035,-0.007676
251,-8.242947,-0.040798,5.268917,-0.139203,-0.571124,-0.740504,-0.458190,57.366104,-1.279471,0.877248,0.001851,0.479969,-0.007876
252,-8.234102,-0.054893,5.259350,0.066798,-0.656576,-0.316297,-0.510085,57.359165,-1.331569,0.877274,0.001671,0.479919,-0.008058
253,-8.230546,-0.052841,5.260133,0.152249,-0.427687,-0.236948,-0.547906,57.357254,-1.371382,0.877280,0.001548,0.479907,-0.008205
254,-8.246848,-0.056733,5.281054,0.289582,-0.055361,0.188785,-0.559407,57.357708,-1.387662,0.877277,0.001529,0.479911,-0.008281
255,-8.255536,-0.057390,5.294274,0.346041,0.002624,0.300177,-0.553317,57.353657,-1.387053,0.877294,0.001572,0.479879,-0.008302
256,-8.257309,-0.042697,5.303366,0.135464,-0.224739,-0.005008,-0.533498,57.337086,-1.374453,0.877364,0.001669,0.479751,-0.008290
257,-8.251718,-0.038468,5.293576,-0.125470,-0.400220,-0.117926,-0.508480,57.315437,-1.354586,0.877455,0.001775,0.479584,-0.008245
258,-8.240625,-0.033722,5.292802,-0.160565,-0.505509,-0.107245,-0.484146,57.294167,-1.332047,0.877546,0.001865,0.479420,-0.008176
259,-8.237459,-0.025653,5.289708,-0.310106,-0.571124,-0.581808,-0.463020,57.272289,-1.313792,0.877638,0.001948,0.479251,-0.008126
260,-8.239428,-0.022256,5.281350,-0.345202,-0.479568,-0.641318,-0.448466,57.263588,-1.303300,0.877675,0.002015,0.479183,-0.008107
261,-8.246873,-0.037996,5.281010,-0.195662,-0.359020,-0.473467,-0.451908,57.272152,-1.308597,0.877639,0.002012,0.479249,-0.008133
262,-8.245742,-0.025111,5.289918,0.056116,-0.136235,-0.458208,-0.449515,57.283485,-1.312988,0.877591,0.002049,0.479336,-0.008175
263,-8.244053,-0.031500,5.287071,0.094264,-0.160650,-0.262889,-0.427280,57.290371,-1.302865,0.877563,0.002178,0.479387,-0.008190
264,-8.228670,-0.040243,5.276043,0.088160,-0.247628,-0.203378,-0.423147,57.294823,-1.306117,0.877544,0.002224,0.479421,-0.008232
265,-8.225144,-0.054244,5.278068,0.136989,-0.224739,-0.188119,-0.452842,57.294563,-1.337756,0.877543,0.002129,0.479420,-0.008350
266,-8.229605,-0.037268,5.271320,0.042383,-0.157598,-0.204904,-0.475702,57.298759,-1.363020,0.877524,0.002060,0.479454,-0.008448
267,-8.221473,-0.059008,5.268988,0.060693,-0.110295,-0.091986,-0.497384,57.308735,-1.385367,0.877481,0.001988,0.479531,-0.008527
268,-8.211419,-0.076667,5.279334,0.220915,-0.030946,-0.035526,-0.562746,57.305752,-1.445461,0.877490,0.001739,0.479512,-0.008714
269,-8.219388,-0.070953,5.286165,0.207182,-0.070620,-0.011112,-0.628967,57.290215,-1.507600,0.877551,0.001490,0.479398,-0.008915
270,-8.240926,-0.050864,5.288740,0.138515,-0.041628,-0.098089,-0.643133,57.283421,-1.525339,0.877579,0.001455,0.479346,-0.008992
271,-8.245337,-0.051998,5.305292,0.304841,0.149113,0.008726,-0.616818,57.281811,-1.510232,0.877586,0.001593,0.479332,-0.008986
272,-8.259491,-0.045501,5.307912,0.240753,0.106387,-0.030948,-0.580728,57.279087,-1.487745,0.877599,0.001775,0.479309,-0.008965
273,-8.264903,-0.023576,5.295592,0.147672,-0.066043,-0.104193,-0.517663,57.288078,-1.441352,0.877564,0.002065,0.479374,-0.008873
274,-8.256270,-0.032949,5.296373,0.182767,-0.307139,0.179629,-0.445256,57.295631,-1.384350,0.877535,0.002382,0.479427,-0.008739
275,-8.233933,-0.031274,5.291833,0.217864,-0.415480,0.384103,-0.388097,57.284611,-1.336745,0.877584,0.002619,0.479339,-0.008614
276,-8.231345,-0.038252,5.285269,0.091212,-0.610798,0.171999,-0.357675,57.265717,-1.310413,0.877664,0.002740,0.479193,-0.008541
277,-8.214875,-0.041083,5.284731,0.039330,-0.728294,-0.067571,-0.367811,57.242142,-1.319751,0.877762,0.002699,0.479013,-0.008572
278,-8.222461,-0.047106,5.293163,-0.113263,-0.716087,-0.149971,-0.405054,57.213440,-1.351909,0.877880,0.002545,0.478795,-0.008665
279,-8.214783,-0.033497,5.287607,-0.116314,-0.601642,-0.328504,-0.434327,57.191883,-1.377536,0.877969,0.002426,0.478632,-0.008741
280,-8.208910,-0.050665,5.296430,-0.064433,-0.677939,-0.172860,-0.459605,57.169773,-1.400688,0.878060,0.002327,0.478464,-0.008814
281,-8.192203,-0.051988,5.294567,-0.055277,-0.693198,0.193363,-0.489672,57.137775,-1.423989,0.878192,0.002190,0.478220,-0.008870
282,-8.192685,-0.027202,5.295465,-0.250596,-0.731346,0.141481,-0.473505,57.106007,-1.402995,0.878326,0.002223,0.477976,-0.008779
283,-8.190812,-0.028590,5.291525,-0.300950,-0.699302,-0.047733,-0.432128,57.084137,-1.359577,0.878420,0.002356,0.477806,-0.008621
284,-8.198490,-0.047227,5.293598,-0.246017,-0.410902,0.028563,-0.430208,57.078335,-1.350404,0.878445,0.002332,0.477762,-0.008559
285,-8.209931,-0.036148,5.294811,-0.264329,-0.157599,-0.040104,-0.444227,57.091164,-1.355099,0.878391,0.002246,0.477861,-0.008535
286,-8.217495,-0.027847,5.304295,-0.235336,-0.110295,-0.238474,-0.435391,57.109177,-1.343194,0.878317,0.002266,0.477999,-0.008479
287,-8.236388,-0.048457,5.304603,0.079004,-0.024843,0.181155,-0.432040,57.130016,-1.338704,0.878230,0.002275,0.478158,-0.008457
288,-8.239344,-0.047724,5.300932,0.292633,0.187261,0.394785,-0.433864,57.162041,-1.340237,0.878096,0.002271,0.478404,-0.008459
289,-8.237366,-0.024597,5.307542,0.347567,0.280342,0.263555,-0.394984,57.190739,-1.310608,0.877978,0.002448,0.478621,-0.008392
290,-8.232817,-0.024855,5.308228,0.478796,0.136905,0.443614,-0.323642,57.203041,-1.255860,0.877929,0.002767,0.478712,-0.008270
291,-8.229275,-0.020427,5.299123,0.391819,0.176579,0.240666,-0.260870,57.210224,-1.209128,0.877901,0.003053,0.478763,-0.008174
292,-8.217999,-0.005769,5.300860,0.297212,0.266609,0.088074,-0.200728,57.215553,-1.165273,0.877880,0.003331,0.478801,-0.008089
293,-8.217835,-0.000584,5.309647,0.159878,0.083498,0.048400,-0.137155,57.205929,-1.117016,0.877921,0.003616,0.478724,-0.007985
294,-8.230008,-0.023266,5.311528,-0.032387,-0.206428,-0.061467,-0.124604,57.187061,-1.108371,0.878001,0.003674,0.478579,-0.007972
295,-8.232546,-0.028101,5.309324,-0.357410,-0.427687,-0.510089,-0.184821,57.169811,-1.158666,0.878071,0.003422,0.478450,-0.008107
296,-8.221229,-0.026176,5.303861,-0.355885,-0.647421,-0.529926,-0.260317,57.151283,-1.221476,0.878146,0.003104,0.478311,-0.008274
297,-8.201826,-0.034469,5.296400,-0.262803,-0.755761,-0.693200,-0.330054,57.127460,-1.282395,0.878243,0.002821,0.478132,-0.008452
298,-8.209901,-0.040034,5.305063,-0.137678,-0.558917,-0.639793,-0.399506,57.105087,-1.347106,0.878333,0.002557,0.477965,-0.008659
299,-8.208695,-0.030998,5.312535,0.004233,-0.526872,-0.430741,-0.434036,57.085030,-1.383853,0.878414,0.002443,0.477813,-0.008799
300,-8.212153,-0.033846,5.314166,0.104945,-0.464309,-0.331556,-0.433739,57.067265,-1.391966,0.878488,0.002477,0.477676,-0.008864
301,-8.225385,-0.049968,5.325050,0.100367,-0.247628,-0.125556,-0.446572,57.058014,-1.409700,0.878525,0.002452,0.477606,-0.008947
302,-8.241979,-0.040721,5.344972,-0.154463,-0.220161,-0.062993,-0.464725,57.048927,-1.425854,0.878562,0.002379,0.477537,-0.008996
303,-8.223741,-0.052867,5.338944,-0.398611,-0.639791,-0.200326,-0.492871,57.025940,-1.444057,0.878657,0.002236,0.477363,-0.009020
304,-8.208291,-0.051412,5.321387,-0.638180,-0.882413,-0.476519,-0.548931,56.997196,-1.482605,0.878775,0.001964,0.477146,-0.009085
305,-8.201189,-0.053603,5.321521,-0.659544,-0.700828,-0.285778,-0.601543,56.976116,-1.515368,0.878861,0.001694,0.476988,-0.009119
306,-8.190056,-0.045351,5.322789,-0.580195,-0.757287,-0.064519,-0.619429,56.955215,-1.516084,0.878948,0.001557,0.476829,-0.009052
307,-8.161877,-0.069731,5.304076,-0.203292,-0.743553,0.049926,-0.635157,56.933811,-1.518304,0.879037,0.001443,0.476666,-0.009005
308,-8.187836,-0.055396,5.311404,-0.006448,-0.241524,-0.095037,-0.652343,56.933109,-1.530090,0.879039,0.001360,0.476662,-0.009024
309,-8.219114,-0.050387,5.331310,0.260589,0.291024,0.191836,-0.625889,56.959263,-1.510593,0.878931,0.001485,0.476861,-0.008982
310,-8.224178,-0.047868,5.339406,0.420812,0.240668,0.167422,-0.575733,56.987286,-1.474850,0.878817,0.001725,0.477073,-0.008914
312,-8.212248,-0.051429,5.329991,0.411656,0.188787,-0.058415,-0.541141,57.004242,-1.456524,0.878747,0.001915,0.477200,-0.008916
313,-8.236308,-0.034043,5.335660,0.155301,0.255928,-0.207956,-0.512194,57.023094,-1.442624,0.878669,0.002082,0.477343,-0.008929
314,-8.219273,-0.026850,5.318961,0.162930,0.002624,0.190311,-0.454306,57.044418,-1.398688,0.878583,0.002345,0.477503,-0.008831
315,-8.186045,-0.025595,5.307511,0.304841,-0.136235,0.544326,-0.374142,57.051079,-1.331292,0.878559,0.002679,0.477549,-0.008648
316,-8.175518,-0.017697,5.309732,0.420812,0.178105,0.620622,-0.283918,57.044407,-1.255174,0.878590,0.003053,0.477493,-0.008441
317,-8.216143,-0.004544,5.338246,0.480323,0.417676,0.619096,-0.181279,57.039635,-1.170446,0.878613,0.003487,0.477451,-0.008219
318,-8.216154,-0.006677,5.349699,0.495582,0.335276,0.651140,-0.086396,57.030109,-1.092997,0.878655,0.003891,0.477374,-0.008021
319,-8.208765,-0.017092,5.354677,0.356723,0.133853,0.316963,-0.045640,57.003857,-1.061963,0.878765,0.004072,0.477171,-0.007954
320,-8.210382,-0.006692,5.348478,0.106472,-0.101139,-0.230845,-0.052112,56.973434,-1.073091,0.878891,0.004067,0.476938,-0.008014
321,-8.210223,-0.018383,5.340314,0.016441,-0.308665,-0.226267,-0.084588,56.953190,-1.106182,0.878974,0.003954,0.476784,-0.008133
322,-8.196783,-0.035300,5.330716,-0.035440,-0.395643,-0.197274,-0.154349,56.940548,-1.168230,0.879025,0.003676,0.476690,-0.008320
323,-8.214211,-0.039307,5.338121,0.007287,-0.415480,-0.091985,-0.237075,56.933586,-1.239782,0.879051,0.003338,0.476640,-0.008525
324,-8.214540,-0.031699,5.345328,0.053063,-0.442946,0.002622,-0.287583,56.926426,-1.283737,0.879079,0.003133,0.476588,-0.008652
325,-8.205476,-0.040693,5.349128,0.013390,-0.528398,-0.088933,-0.322015,56.908356,-1.314259,0.879153,0.002994,0.476451,-0.008745
326,-8.201487,-0.025144,5.348201,-0.110210,-0.581805,-0.261363,-0.345162,56.883888,-1.335429,0.879253,0.002902,0.476264,-0.008812
327,-8.193635,-0.022308,5.349662,-0.082744,-0.629109,-0.146919,-0.337433,56.858093,-1.329914,0.879361,0.002936,0.476066,-0.008804
328,-8.182622,-0.016659,5.345028,-0.140729,-0.592487,-0.195748,-0.314384,56.832874,-1.310553,0.879466,0.003030,0.475871,-0.008753
329,-8.178405,-0.011965,5.355819,-0.084270,-0.436843,-0.110297,-0.279760,56.807182,-1.281169,0.879574,0.003171,0.475672,-0.008673
330,-8.186702,-0.033610,5.362346,-0.117840,-0.687094,0.226933,-0.265757,56.777069,-1.265517,0.879700,0.003210,0.475440,-0.008613
331,-8.182996,-0.025097,5.354561,-0.262803,-0.978546,-0.052312,-0.278408,56.748135,-1.269127,0.879820,0.003126,0.475219,-0.008590
332,-8.181668,-0.012130,5.357929,-0.242966,-0.848843,-0.220163,-0.274106,56.725147,-1.260890,0.879916,0.003122,0.475042,-0.008546
333,-8.171411,-0.015609,5.365112,-0.177351,-0.862576,0.072815,-0.250539,56.699177,-1.236602,0.880025,0.003200,0.474842,-0.008459
334,-8.169707,-0.027610,5.358302,-0.258225,-0.845791,0.008726,-0.247182,56.674408,-1.226911,0.880128,0.003184,0.474652,-0.008400
335,-8.170440,-0.011493,5.368615,-0.108685,-0.372754,-0.330030,-0.250659,56.661823,-1.227600,0.880180,0.003159,0.474555,-0.008391
336,-8.164496,-0.027769,5.371532,0.007287,-0.140813,0.039244,-0.249143,56.655113,-1.227563,0.880208,0.003169,0.474504,-0.008398
337,-8.168087,-0.030209,5.365086,-0.009500,-0.241524,0.150637,-0.260182,56.654430,-1.235000,0.880210,0.003115,0.474499,-0.008409
338,-8.168956,-0.033969,5.362428,0.004234,-0.114872,-0.162178,-0.283991,56.662991,-1.254908,0.880174,0.003016,0.474566,-0.008463
339,-8.162393,-0.031980,5.362543,0.086635,-0.108769,0.013303,-0.307599,56.671917,-1.277252,0.880136,0.002928,0.474636,-0.008536
340,-8.164083,-0.028482,5.351297,0.053063,-0.221687,0.271185,-0.305352,56.681950,-1.274699,0.880095,0.002935,0.474713,-0.008525
341,-8.168122,-0.019039,5.364819,0.144619,-0.047732,0.010251,-0.280932,56.691513,-1.254454,0.880056,0.003040,0.474785,-0.008470
342,-8.174511,-0.037001,5.376915,0.136989,-0.038576,0.016355,-0.277075,56.689194,-1.254907,0.880065,0.003071,0.474767,-0.008490
343,-8.171148,-0.026133,5.374059,0.060693,-0.287302,0.034666,-0.287771,56.677162,-1.266117,0.880115,0.003034,0.474675,-0.008533
344,-8.177544,-0.017565,5.368380,0.007287,-0.317821,-0.232371,-0.278419,56.669300,-1.261032,0.880147,0.003084,0.474614,-0.008533
345,-8.172585,-0.024253,5.380535,0.080530,-0.085880,-0.264415,-0.273448,56.663818,-1.262631,0.880170,0.003129,0.474571,-0.008566
346,-8.165174,-0.020866,5.378613,0.053063,-0.169806,-0.064519,-0.270006,56.650608,-1.264618,0.880224,0.003162,0.474470,-0.008596
347,-8.163623,-0.010950,5.377775,-0.006448,-0.221687,-0.136237,-0.246988,56.635616,-1.247863,0.880287,0.003268,0.474353,-0.008564
348,-8.164578,-0.016749,5.383314,-0.038492,-0.090458,-0.212533,-0.226916,56.622391,-1.233657,0.880342,0.003362,0.474251,-0.008539
349,-8.165119,-0.015400,5.394870,-0.053751,-0.098087,-0.091985,-0.218510,56.604481,-1.228140,0.880416,0.003403,0.474112,-0.008532
350,-8.165075,-0.014264,5.390650,-0.192610,-0.308665,-0.226267,-0.213237,56.582504,-1.223214,0.880507,0.003421,0.473943,-0.008517
351,-8.169681,-0.025656,5.388545,-0.273485,-0.424635,-0.357496,-0.234689,56.566452,-1.239966,0.880573,0.003324,0.473821,-0.008558
352,-8.159162,-0.016773,5.381725,-0.242966,-0.409376,-0.293408,-0.260094,56.557064,-1.259929,0.880611,0.003210,0.473750,-0.008607
353,-8.161782,-0.010821,5.374554,-0.131574,-0.326976,-0.136238,-0.250362,56.558453,-1.250515,0.880606,0.003246,0.473761,-0.008575
354,-8.161722,-0.017090,5.376618,0.043908,-0.059939,-0.015689,-0.227262,56.571205,-1.231397,0.880554,0.003346,0.473857,-0.008523
355,-8.163110,-0.018644,5.374548,0.143093,0.164372,0.216251,-0.206195,56.590839,-1.214577,0.880473,0.003440,0.474007,-0.008480
356,-8.166327,-0.007039,5.378560,0.263641,0.318490,0.318488,-0.164647,56.613213,-1.180656,0.880382,0.003621,0.474177,-0.008390
357,-8.177189,-0.024779,5.384550,0.205656,0.280342,0.260503,-0.137916,56.631397,-1.159571,0.880307,0.003740,0.474316,-0.008337
358,-8.171662,-0.025143,5.384049,0.069849,0.126224,0.251348,-0.150889,56.639675,-1.169556,0.880273,0.003683,0.474380,-0.008360
359,-8.181933,-0.025241,5.381453,-0.088848,-0.032472,0.022459,-0.177280,56.643246,-1.188826,0.880258,0.003560,0.474408,-0.008399
360,-8.176191,-0.023161,5.380227,-0.107159,-0.153021,-0.284252,-0.212114,56.644993,-1.217588,0.880249,0.003412,0.474424,-0.008475
361,-8.173576,-0.030151,5.388846,-0.122417,-0.200324,-0.287304,-0.254092,56.634769,-1.254679,0.880290,0.003242,0.474347,-0.008587
362,-8.170198,-0.028017,5.385167,-0.139203,-0.326976,-0.278149,-0.293023,56.616985,-1.288710,0.880362,0.003082,0.474212,-0.008688
363,-8.186107,-0.032150,5.386816,-0.091898,-0.467361,-0.499408,-0.328807,56.605125,-1.322465,0.880410,0.002945,0.474123,-0.008800
364,-8.181479,-0.016203,5.391201,-0.082744,-0.618428,-0.545185,-0.343609,56.593296,-1.341919,0.880457,0.002911,0.474033,-0.008890
365,-8.184394,-0.012540,5.407287,-0.038492,-0.764917,-0.130134,-0.313505,56.565739,-1.321226,0.880572,0.003054,0.473819,-0.008857
366,-8.185901,-0.020859,5.403422,-0.136150,-0.989228,-0.145393,-0.282741,56.531200,-1.295566,0.880716,0.003181,0.473552,-0.008789
367,-8.175039,-0.007857,5.402264,-0.220078,-1.176917,-0.346815,-0.261958,56.497318,-1.277699,0.880857,0.003264,0.473291,-0.008740
368,-8.152965,-0.002014,5.412170,-0.261278,-1.285257,-0.197274,-0.224741,56.447803,-1.244878,0.881063,0.003410,0.472908,-0.008644
369,-8.147845,-0.018949,5.406157,-0.279589,-1.443953,0.023985,-0.202593,56.390705,-1.220400,0.881299,0.003474,0.472468,-0.008551
370,-8.136347,-0.020172,5.399499,-0.340625,-1.375287,-0.305615,-0.218070,56.347317,-1.227179,0.881478,0.003379,0.472136,-0.008542
371,-8.128856,-0.033465,5.408704,-0.197188,-1.067050,-0.137763,-0.257579,56.313698,-1.256607,0.881615,0.003193,0.471879,-0.008607
372,-8.124041,-0.044076,5.409419,0.017968,-0.787806,0.085022,-0.307694,56.288307,-1.296233,0.881718,0.002968,0.471686,-0.008708
373,-8.130576,-0.040008,5.409773,0.107996,-0.587909,-0.079778,-0.348577,56.278767,-1.331876,0.881756,0.002799,0.471615,-0.008814
374,-8.129638,-0.045586,5.425348,0.175137,-0.404798,-0.001956,-0.378901,56.272312,-1.361726,0.881781,0.002688,0.471567,-0.008920
375,-8.141249,-0.055927,5.443116,0.092737,-0.661154,-0.020267,-0.420496,56.249668,-1.400172,0.881872,0.002524,0.471395,-0.009046
376,-8.153007,-0.027826,5.449706,-0.198714,-1.399702,-0.545185,-0.446871,56.208637,-1.425728,0.882039,0.002421,0.471081,-0.009138
377,-8.183016,-0.036522,5.486899,-0.496270,-2.315257,-0.572652,-0.459754,56.138348,-1.436893,0.882327,0.002360,0.470541,-0.009176
378,-8.192170,-0.036904,5.524571,-0.839603,-3.755730,-0.523822,-0.488925,56.012268,-1.452330,0.882844,0.002184,0.469572,-0.009186
379,-8.187772,-0.020560,5.553413,-1.399618,-5.943906,-0.764918,-0.527109,55.821999,-1.464231,0.883622,0.001917,0.468108,-0.009138
380,-8.194361,-0.039584,5.597803,-1.926062,-8.754661,-0.116400,-0.574071,55.555565,-1.464112,0.884708,0.001522,0.466056,-0.008969
381,-8.147680,-0.053109,5.650619,-2.095438,-11.733268,0.890710,-0.606828,55.183617,-1.426536,0.886219,0.001073,0.463185,-0.008580
382,-8.074888,-0.045033,5.708677,-2.414358,-14.737816,0.849511,-0.621172,54.693272,-1.357348,0.888198,0.000627,0.459391,-0.008031
383,-7.977214,-0.065935,5.765568,-2.469292,-17.345623,0.934962,-0.644826,54.092514,-1.289569,0.890598,0.000106,0.454730,-0.007464
384,-7.897181,-0.089358,5.843352,-2.571527,-19.309488,0.941066,-0.694183,53.405560,-1.238950,0.893310,-0.000553,0.449386,-0.006936
385,-7.795955,-0.068270,5.920815,-2.714965,-20.594318,0.172000,-0.759344,52.659637,-1.204483,0.896217,-0.001277,0.443566,-0.006481
386,-7.723122,-0.081362,6.031463,-2.876713,-21.625843,-0.430741,-0.843982,51.871120,-1.194243,0.899247,-0.002065,0.437393,-0.006151
387,-7.634216,-0.108546,6.130023,-2.818727,-22.520035,-0.531452,-0.956674,51.049282,-1.210866,0.902356,-0.002980,0.430940,-0.005938
388,-7.584377,-0.141271,6.275968,-3.133069,-23.928463,-1.273052,-1.108785,50.187958,-1.262108,0.905561,-0.004091,0.424155,-0.005870
389,-7.524017,-0.194878,6.419261,-3.160535,-26.498121,-2.849333,-1.337306,49.257385,-1.389531,0.908958,-0.005555,0.416806,-0.006159
390,-7.407712,-0.233767,6.550278,-2.837040,-29.794121,-4.610250,-1.639432,48.221039,-1.607973,0.912658,-0.007326,0.408599,-0.006963
391,-7.288864,-0.275627,6.665443,-2.675292,-33.151157,-6.307079,-1.988859,47.070377,-1.899224,0.916666,-0.009292,0.399461,-0.008263
392,-7.137905,-0.280921,6.779057,-2.324327,-35.961910,-7.431686,-2.339803,45.823753,-2.221627,0.920894,-0.011257,0.389525,-0.009906
393,-6.948015,-0.282922,6.874330,-1.521691,-37.452740,-7.648368,-2.628887,44.513187,-2.521153,0.925221,-0.012895,0.379031,-0.011669
394,-6.753923,-0.281089,6.973767,-0.531366,-37.609913,-7.044101,-2.820505,43.185749,-2.763469,0.929489,-0.014006,0.368342,-0.013360
395,-6.602468,-0.296901,7.079701,0.123256,-37.457317,-6.444413,-2.927048,41.881119,-2.949433,0.933573,-0.014651,0.357778,-0.014903
396,-6.453504,-0.263356,7.228013,0.724471,-37.120090,-5.916443,-2.954618,40.606461,-3.082581,0.937459,-0.014841,0.347398,-0.016275
397,-6.308427,-0.272050,7.388283,1.472174,-36.610432,-4.698755,-2.903027,39.352535,-3.158557,0.941185,-0.014566,0.337127,-0.017417
398,-6.171754,-0.292685,7.561563,1.948263,-35.932919,-2.823392,-2.797803,38.120144,-3.177516,0.944753,-0.014014,0.326976,-0.018228
399,-6.037464,-0.284708,7.739071,1.849078,-35.009735,-1.277629,-2.653213,36.914028,-3.136176,0.948153,-0.013291,0.316991,-0.018623
400,-5.887110,-0.268104,7.890821,2.103907,-33.228981,0.406992,-2.468567,35.751865,-3.035180,0.951344,-0.012366,0.307321,-0.018590
401,-5.723218,-0.279968,7.977934,2.488440,-31.207127,1.990903,-2.255926,34.659481,-2.886755,0.954266,-0.011284,0.298192,-0.018179
402,-5.604301,-0.269672,8.078397,2.500648,-29.990967,2.448681,-2.043810,33.640606,-2.720738,0.956918,-0.010198,0.289649,-0.017562
403,-5.479042,-0.220935,8.149484,2.422826,-29.824638,2.247259,-1.833613,32.669624,-2.556185,0.959373,-0.009078,0.281486,-0.016903
404,-5.312270,-0.203560,8.215491,3.181210,-29.820061,3.011747,-1.606730,31.710234,-2.384732,0.961733,-0.007800,0.273400,-0.016186
405,-5.184869,-0.191127,8.298632,3.440618,-30.146612,3.365762,-1.370009,30.746557,-2.205403,0.964033,-0.006424,0.265260,-0.015386
406,-5.047959,-0.158418,8.392742,3.777847,-30.430431,2.822532,-1.138659,29.776413,-2.040617,0.966273,-0.005026,0.257051,-0.014656
407,-4.902584,-0.111424,8.492877,4.079981,-30.151188,2.541762,-0.902932,28.801325,-1.894987,0.968450,-0.003518,0.248786,-0.014057
408,-4.783183,-0.096093,8.596470,4.646099,-29.604906,2.494458,-0.662167,27.840456,-1.763134,0.970522,-0.001907,0.240625,-0.013544
409,-4.658486,-0.030391,8.699079,4.199003,-29.974180,1.540755,-0.427224,26.889444,-1.654059,0.972499,-0.000270,0.232534,-0.013171
410,-4.499988,-0.007911,8.802762,2.926381,-30.399914,0.643510,-0.232302,25.917889,-1.581383,0.974442,0.001119,0.224258,-0.012994
411,-4.332200,0.025755,8.899478,1.688856,-30.595230,0.684710,-0.092390,24.916473,-1.530774,0.976368,0.002095,0.215719,-0.012870
412,-4.171378,0.000861,8.945112,0.893848,-30.143560,0.638933,-0.006200,23.912477,-1.491291,0.978223,0.002643,0.207148,-0.012720
413,-3.992228,0.002618,8.973424,0.011864,-29.850582,0.020933,0.021586,22.923067,-1.475973,0.979977,0.002744,0.198691,-0.012661
415,-3.797383,-0.029016,9.044394,-0.761780,-30.615072,-0.415482,-0.005848,21.910324,-1.487852,0.981694,0.002417,0.190025,-0.012737
416,-3.652783,-0.039517,9.129465,-0.830448,-31.748835,-1.123511,-0.071804,20.854265,-1.525791,0.983400,0.001794,0.180977,-0.012981
417,-3.403792,-0.025313,9.216736,-0.767884,-35.789482,-2.127570,-0.139395,19.682745,-1.589276,0.985192,0.001172,0.170921,-0.013457
418,-3.161655,0.001489,9.344099,-1.041025,-40.905910,-2.885955,-0.192789,18.299515,-1.672361,0.987173,0.000660,0.159023,-0.014140
419,-2.890829,-0.001584,9.481572,-0.972359,-44.558975,-3.334577,-0.235281,16.719519,-1.768262,0.989259,0.000212,0.145402,-0.014968
420,-2.650615,0.002813,9.554969,-0.349781,-44.775658,-3.488695,-0.258872,15.059952,-1.871063,0.991247,-0.000100,0.131064,-0.015891
421,-2.347497,0.029570,9.608005,0.692427,-44.385021,-3.001925,-0.233255,13.404241,-1.963808,0.993023,-0.000021,0.116725,-0.016782
422,-2.176816,-0.017285,9.665075,1.096796,-40.974579,-2.440385,-0.185013,11.845536,-2.042208,0.994506,0.000233,0.103200,-0.017559
423,-1.961550,0.003460,9.680380,1.459967,-36.853054,-1.912414,-0.133668,10.474979,-2.107661,0.995658,0.000517,0.091290,-0.018209
424,-1.795327,-0.008448,9.703909,1.137997,-33.334267,-1.590444,-0.080954,9.279669,-2.161003,0.996546,0.000821,0.080891,-0.018738
425,-1.628124,-0.028842,9.726029,0.681745,-32.041809,-1.770504,-0.059392,8.205464,-2.216215,0.997251,0.000867,0.071542,-0.019252
426,-1.450944,-0.025020,9.721765,0.100367,-30.865318,-1.772030,-0.065962,7.190803,-2.276331,0.997835,0.000671,0.062709,-0.019788
427,-1.282992,-0.010219,9.731887,-0.575618,-29.182224,-1.585867,-0.085771,6.230179,-2.332095,0.998316,0.000359,0.054346,-0.020279
428,-1.136966,-0.059238,9.779840,-1.889440,-27.058136,-2.315259,-0.150242,5.340795,-2.397351,0.998696,-0.000335,0.046608,-0.020836
429,-0.971452,-0.026724,9.732396,-3.245987,-23.846064,-3.181985,-0.261379,4.542796,-2.488092,0.998978,-0.001418,0.039673,-0.021604
430,-0.853870,-0.031014,9.763340,-4.889408,-18.268808,-3.374251,-0.399981,3.894613,-2.593285,0.999163,-0.002719,0.034050,-0.022497
431,-0.768282,-0.065274,9.840648,-6.276474,-12.430615,-3.937317,-0.587062,3.450253,-2.710529,0.999258,-0.004407,0.030217,-0.023486
432,-0.731010,-0.138769,9.864029,-6.711363,-7.245522,-5.135169,-0.825424,3.210951,-2.858895,0.999275,-0.006499,0.028187,-0.024734
433,-0.722935,-0.164528,9.869779,-6.125408,-2.556353,-5.266398,-1.072184,3.162432,-3.031497,0.999233,-0.008620,0.027830,-0.026182
434,-0.753917,-0.242992,9.952546,-4.756653,0.828150,-4.468339,-1.293096,3.273356,-3.195517,0.999149,-0.010479,0.028863,-0.027547
435,-0.773956,-0.254403,9.922807,-2.763794,2.386120,-3.612296,-1.459963,3.480545,-3.334005,0.999046,-0.011846,0.030724,-0.028688
436,-0.810830,-0.266743,9.906260,-0.870122,3.373393,-2.255748,-1.549641,3.812537,-3.436188,0.998919,-0.012512,0.033652,-0.029513
437,-0.826845,-0.238636,9.908676,0.692427,3.728934,-0.490252,-1.544461,4.216708,-3.484570,0.998785,-0.012344,0.037179,-0.029885
438,-0.842422,-0.222060,9.891484,1.928426,3.417645,0.934962,-1.443391,4.550132,-3.475908,0.998688,-0.011376,0.040057,-0.029802
439,-0.842177,-0.180909,9.866810,2.926381,2.685201,1.691821,-1.298488,4.761384,-3.429468,0.998639,-0.010073,0.041856,-0.029425
440,-0.852045,-0.167727,9.881905,3.008781,1.908505,1.453777,-1.147372,4.871960,-3.374471,0.998626,-0.008748,0.042777,-0.028990
441,-0.867323,-0.144931,9.871331,2.937062,1.214209,1.169955,-1.002452,4.945796,-3.327962,0.998620,-0.007483,0.043381,-0.028632
442,-0.872566,-0.123026,9.872630,2.549477,0.788476,0.849511,-0.849247,5.003581,-3.289609,0.998617,-0.006148,0.043844,-0.028352
443,-0.874559,-0.117769,9.864147,2.071863,0.609942,0.419200,-0.709893,5.049471,-3.263395,0.998613,-0.004932,0.044208,-0.028174
444,-0.878447,-0.116893,9.866966,1.360782,0.503127,-0.082830,-0.626019,5.081471,-3.255667,0.998606,-0.004196,0.044466,-0.028137
445,-0.875323,-0.101174,9.876266,1.586619,0.165898,0.254399,-0.567284,5.095427,-3.252080,0.998603,-0.003682,0.044573,-0.028128
446,-0.878725,-0.102835,9.881148,1.630871,-0.120976,0.429881,-0.511296,5.092192,-3.240520,0.998609,-0.003200,0.044531,-0.028049
447,-0.875817,-0.099790,9.875893,1.560678,-0.600116,0.719807,-0.469271,5.075225,-3.222326,0.998621,-0.002845,0.044372,-0.027907
448,-0.868297,-0.088938,9.892874,1.498115,-1.312724,1.180636,-0.430594,5.032394,-3.191622,0.998646,-0.002530,0.043989,-0.027657
449,-0.861016,-0.083526,9.898175,1.170041,-2.136724,1.397318,-0.395493,4.959149,-3.149245,0.998685,-0.002258,0.043341,-0.027304
450,-0.862670,-0.089232,9.902255,0.437596,-2.475479,1.047881,-0.388305,4.877034,-3.109827,0.998725,-0.002230,0.042623,-0.026966
451,-0.838453,-0.078545,9.882787,0.040856,-2.936309,0.907496,-0.402568,4.785972,-3.078641,0.998765,-0.002387,0.041832,-0.026693
452,-0.810223,-0.071566,9.871473,-0.136151,-3.397138,0.857140,-0.412312,4.664391,-3.049279,0.998815,-0.002511,0.040774,-0.026438
453,-0.789305,-0.084895,9.872124,-0.381825,-3.560412,0.645037,-0.431293,4.523653,-3.024318,0.998870,-0.002718,0.039551,-0.026220
454,-0.762430,-0.068965,9.880046,-0.339099,-3.717582,0.555007,-0.448216,4.375261,-3.003849,0.998924,-0.002907,0.038261,-0.026042
455,-0.732215,-0.065909,9.885046,-0.380300,-4.015138,0.606888,-0.445670,4.213192,-2.982426,0.998982,-0.002929,0.036847,-0.025863
456,-0.723142,-0.069532,9.891365,-0.517633,-4.010560,0.440562,-0.444752,4.056777,-2.962791,0.999035,-0.002962,0.035483,-0.025699
457,-0.705660,-0.084391,9.899188,-0.593928,-3.899168,0.300177,-0.462448,3.923525,-2.949358,0.999078,-0.003151,0.034325,-0.025582
458,-0.685837,-0.073113,9.893256,-0.532891,-3.732842,0.291022,-0.481113,3.804741,-2.938483,0.999115,-0.003344,0.033293,-0.025487
459,-0.669649,-0.102746,9.888557,-0.432180,-3.598560,0.318488,-0.506483,3.697465,-2.927912,0.999147,-0.003592,0.032363,-0.025392
460,-0.665979,-0.108086,9.897192,-0.261276,-3.209449,0.249822,-0.548483,3.613572,-2.919415,0.999171,-0.003979,0.031640,-0.025310
461,-0.641456,-0.104705,9.914500,0.033226,-2.922575,0.355110,-0.575025,3.543469,-2.909830,0.999191,-0.004229,0.031035,-0.025223
462,-0.620337,-0.102812,9.911142,0.173612,-2.504472,0.484814,-0.580781,3.469941,-2.895537,0.999214,-0.004299,0.030394,-0.025100
463,-0.600305,-0.103016,9.910422,0.220915,-2.333568,0.580948,-0.577633,3.394026,-2.877208,0.999237,-0.004294,0.029731,-0.024945
464,-0.585727,-0.087286,9.906432,0.176663,-2.220649,0.480237,-0.562187,3.316408,-2.858281,0.999262,-0.004181,0.029050,-0.024788
465,-0.559565,-0.079580,9.888090,0.199553,-2.434279,0.648088,-0.531616,3.227270,-2.837357,0.999290,-0.003939,0.028265,-0.024617
466,-0.549967,-0.082292,9.890199,0.156826,-2.417494,0.695392,-0.503598,3.130319,-2.813018,0.999319,-0.003721,0.027413,-0.024416
467,-0.551122,-0.087305,9.892118,0.280426,-2.356457,0.506177,-0.488147,3.052770,-2.791878,0.999342,-0.003608,0.026733,-0.024239
468,-0.541933,-0.094451,9.893746,0.198026,-2.263375,0.248296,-0.487590,2.994649,-2.779059,0.999358,-0.003619,0.026225,-0.024130
469,-0.540504,-0.102683,9.894154,0.165983,-2.005494,0.060607,-0.503332,2.952138,-2.774452,0.999368,-0.003766,0.025858,-0.024088
470,-0.534257,-0.105577,9.896081,0.191924,-1.521775,-0.258311,-0.526161,2.929319,-2.778718,0.999372,-0.003969,0.025664,-0.024121
471,-0.527489,-0.105301,9.900421,0.205656,-1.302042,-0.403274,-0.545557,2.916583,-2.790637,0.999371,-0.004138,0.025557,-0.024221
472,-0.519250,-0.093628,9.899579,0.021019,-1.173865,-0.363600,-0.553012,2.902679,-2.803588,0.999371,-0.004203,0.025438,-0.024333
473,-0.530037,-0.100250,9.880480,0.173612,-0.468887,-0.441422,-0.553718,2.908990,-2.816925,0.999367,-0.004205,0.025494,-0.024449
474,-0.528449,-0.089138,9.867227,0.492530,0.544327,-0.326978,-0.542229,2.953370,-2.829703,0.999355,-0.004093,0.025879,-0.024561
475,-0.528622,-0.078884,9.903351,0.628337,1.321024,-0.035526,-0.507614,3.018865,-2.835187,0.999340,-0.003775,0.026443,-0.024614
476,-0.529934,-0.073479,9.914520,0.730575,1.658253,0.057555,-0.462456,3.087534,-2.834051,0.999326,-0.003367,0.027032,-0.024611
477,-0.541135,-0.079154,9.949517,0.600871,1.879512,0.019407,-0.428269,3.155321,-2.832587,0.999311,-0.003054,0.027616,-0.024604
478,-0.535897,-0.070193,9.968752,0.532204,1.487349,0.352059,-0.404865,3.204444,-2.826568,0.999301,-0.002841,0.028039,-0.024555
479,-0.537776,-0.075622,9.979938,0.297211,0.588579,0.472607,-0.390878,3.212690,-2.813085,0.999302,-0.002721,0.028107,-0.024441
480,-0.543253,-0.081063,9.948641,0.033226,-0.252206,0.312385,-0.398677,3.190745,-2.800807,0.999310,-0.002796,0.027917,-0.024333
481,-0.548649,-0.080530,9.922633,-0.244492,-0.572650,0.291022,-0.420606,3.161971,-2.791691,0.999318,-0.002996,0.027671,-0.024249
482,-0.545179,-0.077342,9.902806,-0.191084,-0.810694,0.529066,-0.439528,3.134088,-2.778516,0.999327,-0.003170,0.027431,-0.024131
483,-0.548650,-0.077352,9.910937,-0.337574,-0.978546,0.397837,-0.452085,3.107510,-2.763067,0.999337,-0.003289,0.027202,-0.023994
484,-0.542213,-0.065423,9.901506,-0.479485,-0.883939,0.185733,-0.456381,3.084709,-2.752606,0.999344,-0.003334,0.027004,-0.023903
485,-0.538439,-0.074915,9.898464,-0.471855,-0.763391,0.266607,-0.458984,3.064735,-2.744143,0.999350,-0.003362,0.026830,-0.023829
486,-0.532086,-0.083175,9.898237,-0.418448,-0.755761,0.371896,-0.473205,3.044966,-2.733278,0.999357,-0.003493,0.026660,-0.023732
487,-0.522909,-0.077312,9.896100,-0.351306,-0.651998,0.301703,-0.485010,3.020505,-2.721818,0.999364,-0.003604,0.026449,-0.023630
488,-0.514678,-0.081414,9.886017,-0.183455,-0.464309,0.060607,-0.488428,2.993848,-2.715339,0.999372,-0.003641,0.026217,-0.023574
489,-0.523686,-0.082903,9.914415,-0.116314,-0.394117,-0.050786,-0.490408,2.978107,-2.714895,0.999375,-0.003661,0.026080,-0.023570
490,-0.518812,-0.078689,9.904492,0.021019,-0.430739,-0.024845,-0.486115,2.971007,-2.715731,0.999377,-0.003625,0.026017,-0.023579
491,-0.517527,-0.085930,9.914173,0.083581,-0.398695,0.028562,-0.481064,2.962164,-2.715380,0.999379,-0.003583,0.025939,-0.023577
492,-0.520382,-0.097380,9.915594,0.167508,-0.386487,-0.073674,-0.489191,2.956930,-2.716657,0.999380,-0.003655,0.025895,-0.023587
493,-0.518546,-0.080371,9.929927,0.101893,-0.352917,-0.005008,-0.492250,2.954484,-2.718252,0.999380,-0.003682,0.025874,-0.023600
494,-0.511441,-0.077940,9.925230,0.118678,-0.394117,0.114015,-0.479436,2.945717,-2.715862,0.999383,-0.003572,0.025795,-0.023583
495,-0.512377,-0.082708,9.928357,0.053063,-0.415480,0.065185,-0.470484,2.932739,-2.712453,0.999387,-0.003498,0.025680,-0.023555
496,-0.509274,-0.077095,9.906590,0.048487,-0.461257,0.031615,-0.465136,2.920604,-2.710536,0.999390,-0.003454,0.025573,-0.023540
497,-0.506167,-0.059983,9.898653,0.045434,-0.449050,0.066711,-0.444475,2.907663,-2.707805,0.999394,-0.003277,0.025456,-0.023522
498,-0.513241,-0.061850,9.900578,0.246857,-0.404798,0.123170,-0.412173,2.902313,-2.703140,0.999397,-0.002997,0.025402,-0.023488
499,-0.504778,-0.083512,9.908735,0.222441,-0.449050,0.303229,-0.401875,2.897956,-2.695811,0.999400,-0.002910,0.025362,-0.023427
500,-0.498046,-0.082122,9.905962,0.133937,-0.493302,0.425303,-0.414492,2.881548,-2.684511,0.999405,-0.003026,0.025221,-0.023326
501,-0.495617,-0.068336,9.906939,0.152249,-0.485672,0.442088,-0.416168,2.860344,-2.670281,0.999413,-0.003048,0.025036,-0.023202
502,-0.496179,-0.085472,9.904437,0.201078,-0.529924,0.539748,-0.417322,2.842180,-2.654167,0.999420,-0.003065,0.024878,-0.023062
503,-0.493439,-0.090267,9.893413,0.037804,-0.627583,0.551955,-0.436924,2.825755,-2.637023,0.999426,-0.003243,0.024738,-0.022909
504,-0.503276,-0.063576,9.892690,0.050012,-0.583331,0.616044,-0.439388,2.818991,-2.617625,0.999431,-0.003270,0.024679,-0.022740
505,-0.504312,-0.052056,9.912165,0.185820,-0.563494,0.861718,-0.406611,2.824068,-2.591460,0.999436,-0.002989,0.024716,-0.022518
506,-0.497767,-0.059017,9.914107,0.187345,-0.490250,1.073821,-0.371591,2.825889,-2.557691,0.999444,-0.002691,0.024724,-0.022231
507,-0.491464,-0.052400,9.928064,0.080530,-0.415480,1.186740,-0.347301,2.818794,-2.518984,0.999453,-0.002488,0.024657,-0.021899
508,-0.481130,-0.056088,9.921513,0.021019,-0.479569,1.255406,-0.331262,2.799519,-2.477536,0.999465,-0.002361,0.024485,-0.021542
509,-0.474934,-0.064912,9.907426,0.011864,-0.563494,1.105866,-0.331560,2.769349,-2.438169,0.999479,-0.002378,0.024221,-0.021199
510,-0.473693,-0.067047,9.898054,0.036279,-0.587909,0.899866,-0.342567,2.739082,-2.405239,0.999491,-0.002486,0.023958,-0.020911
512,-0.477446,-0.077792,9.902952,-0.053751,-0.549761,0.457347,-0.363647,2.719139,-2.383524,0.999499,-0.002678,0.023787,-0.020717
513,-0.477287,-0.066597,9.888949,0.014915,-0.505509,0.062133,-0.381173,2.710287,-2.375568,0.999502,-0.002834,0.023713,-0.020645
514,-0.486664,-0.055838,9.905625,0.095789,-0.357494,0.051452,-0.374435,2.715433,-2.373353,0.999501,-0.002775,0.023757,-0.020627
515,-0.478787,-0.069020,9.929899,0.178189,-0.172857,0.202518,-0.365079,2.726265,-2.368838,0.999500,-0.002693,0.023850,-0.020589
516,-0.468477,-0.072062,9.932865,0.043908,-0.047732,0.103333,-0.371053,2.725149,-2.364182,0.999501,-0.002746,0.023841,-0.020547
517,-0.460156,-0.061236,9.926966,-0.012550,-0.107243,0.127748,-0.374743,2.709629,-2.360518,0.999505,-0.002782,0.023706,-0.020515
518,-0.468030,-0.068108,9.931178,-0.201766,0.017883,0.127748,-0.378189,2.697142,-2.356248,0.999508,-0.002815,0.023598,-0.020477
519,-0.464295,-0.077119,9.930423,-0.366566,0.127750,-0.023319,-0.398905,2.695340,-2.355054,0.999508,-0.002996,0.023586,-0.020463
520,-0.457154,-0.103315,9.909164,-0.471855,-0.093510,-0.008059,-0.448266,2.685993,-2.357240,0.999508,-0.003428,0.023513,-0.020472
521,-0.468420,-0.108212,9.888365,-0.517633,-0.207954,-0.009585,-0.515058,2.677224,-2.359846,0.999507,-0.004011,0.023448,-0.020481
522,-0.478918,-0.109648,9.911796,-0.546626,-0.059939,0.062133,-0.572413,2.688080,-2.360792,0.999503,-0.004510,0.023553,-0.020477
523,-0.471332,-0.108652,9.933983,-0.421499,-0.174384,0.326118,-0.611305,2.699851,-2.355367,0.999500,-0.004848,0.023663,-0.020421
524,-0.466416,-0.121044,9.929281,-0.390981,-0.340709,0.461925,-0.643072,2.693752,-2.343015,0.999502,-0.005129,0.023615,-0.020307
525,-0.474641,-0.092673,9.914485,-0.339099,-0.319346,0.379525,-0.651856,2.687759,-2.328726,0.999505,-0.005209,0.023563,-0.020181
526,-0.466849,-0.084895,9.923766,-0.195662,-0.343761,0.406992,-0.624248,2.683859,-2.313795,0.999510,-0.004972,0.023524,-0.020057
527,-0.464078,-0.094213,9.915041,-0.038492,-0.229317,0.321540,-0.595371,2.674620,-2.300029,0.999515,-0.004725,0.023438,-0.019943
528,-0.460081,-0.098261,9.907652,-0.014077,-0.195746,0.211674,-0.581565,2.664935,-2.290393,0.999519,-0.004608,0.023350,-0.019862
529,-0.456735,-0.093684,9.903847,0.175137,-0.401746,0.179629,-0.569673,2.649624,-2.283350,0.999524,-0.004508,0.023214,-0.019804
530,-0.464211,-0.083054,9.913326,0.042383,-0.326976,-0.101141,-0.548748,2.638385,-2.281124,0.999528,-0.004328,0.023113,-0.019790
531,-0.462926,-0.084342,9.925524,0.001182,-0.186591,-0.117926,-0.527981,2.638214,-2.283764,0.999528,-0.004147,0.023108,-0.019817
532,-0.452165,-0.094009,9.911642,0.169034,-0.508561,0.144533,-0.518925,2.627368,-2.282928,0.999531,-0.004070,0.023012,-0.019812
533,-0.453015,-0.086853,9.905224,0.101893,-0.680991,0.239140,-0.513961,2.602907,-2.276341,0.999537,-0.004032,0.022797,-0.019756
534,-0.449899,-0.074483,9.918386,0.147672,-0.548235,0.419200,-0.495931,2.580559,-2.264571,0.999544,-0.003881,0.022599,-0.019658
535,-0.431394,-0.084441,9.925252,0.428442,-0.723716,0.788474,-0.473128,2.546503,-2.243690,0.999555,-0.003692,0.022297,-0.019482
536,-0.430542,-0.089921,9.921304,0.324678,-0.963287,0.844933,-0.464389,2.498122,-2.216438,0.999569,-0.003629,0.021873,-0.019248
537,-0.429420,-0.084487,9.929867,0.181241,-0.896147,0.768636,-0.464016,2.456184,-2.189676,0.999581,-0.003638,0.021506,-0.019016
538,-0.427926,-0.078245,9.919637,0.167508,-0.775598,0.632829,-0.458665,2.427434,-2.166139,0.999591,-0.003601,0.021253,-0.018813
539,-0.424535,-0.086520,9.908390,0.109522,-0.737450,0.597733,-0.457113,2.407684,-2.145576,0.999598,-0.003594,0.021080,-0.018635
540,-0.429895,-0.087793,9.924323,0.005760,-0.426161,0.460399,-0.466624,2.401559,-2.128284,0.999601,-0.003681,0.021028,-0.018482
541,-0.422212,-0.081758,9.917459,0.184293,-0.214058,0.394785,-0.470244,2.405498,-2.114243,0.999603,-0.003715,0.021062,-0.018359
542,-0.422039,-0.067332,9.916224,0.150722,-0.189643,0.403940,-0.454032,2.407893,-2.100441,0.999605,-0.003576,0.021080,-0.018241
543,-0.413519,-0.080640,9.920506,0.277374,-0.250680,0.442088,-0.437034,2.402055,-2.085882,0.999609,-0.003431,0.021026,-0.018118
544,-0.415553,-0.074439,9.913948,0.230071,-0.195747,0.271185,-0.428725,2.391639,-2.073955,0.999613,-0.003362,0.020934,-0.018016
545,-0.413547,-0.057395,9.899123,0.217863,-0.265939,0.257451,-0.407108,2.383823,-2.064506,0.999617,-0.003177,0.020862,-0.017937
546,-0.414458,-0.068415,9.923835,0.213285,-0.288828,0.240666,-0.385088,2.375721,-2.055529,0.999620,-0.002987,0.020787,-0.017863
547,-0.416087,-0.074770,9.918158,0.234649,-0.244576,0.030089,-0.382063,2.371409,-2.051144,0.999621,-0.002962,0.020749,-0.017826
548,-0.421319,-0.067782,9.899609,0.210234,-0.224739,-0.119452,-0.382317,2.375844,-2.052897,0.999620,-0.002964,0.020788,-0.017841
549,-0.424516,-0.078380,9.907408,0.326204,-0.114873,-0.244578,-0.384452,2.389228,-2.059381,0.999617,-0.002979,0.020905,-0.017897
550,-0.425963,-0.085858,9.907039,0.410130,-0.172858,-0.197274,-0.396890,2.404418,-2.067736,0.999612,-0.003084,0.021040,-0.017967
551,-0.427299,-0.080443,9.902783,-0.268907,-0.127080,0.315437,-0.418532,2.417953,-2.066741,0.999609,-0.003270,0.021161,-0.017954
552,-0.425860,-0.060476,9.908306,-0.586300,-0.136235,0.716755,-0.432017,2.428266,-2.049492,0.999610,-0.003390,0.021253,-0.017800
553,-0.430059,-0.064657,9.921254,-0.569513,-0.214057,0.641985,-0.433325,2.435506,-2.026066,0.999612,-0.003404,0.021316,-0.017595
554,-0.428775,-0.088370,9.921935,-0.798403,-0.522294,0.506178,-0.457751,2.435734,-2.006925,0.999614,-0.003621,0.021321,-0.017424
555,-0.431077,-0.092215,9.927566,-0.838077,-0.671835,0.559585,-0.504453,2.427903,-1.989846,0.999617,-0.004033,0.021259,-0.017266
556,-0.421386,-0.093062,9.929792,-0.252121,-0.719139,0.306281,-0.536264,2.411849,-1.975805,0.999621,-0.004315,0.021123,-0.017139
557,-0.410715,-0.112800,9.923886,-0.023232,-0.653524,-0.003482,-0.560296,2.383672,-1.971364,0.999626,-0.004530,0.020881,-0.017097
558,-0.408055,-0.120505,9.929977,-0.249070,-0.389539,-0.082830,-0.598213,2.356571,-1.974016,0.999628,-0.004864,0.020650,-0.017114
559,-0.406661,-0.100749,9.921883,-0.139203,-0.224739,0.127748,-0.620455,2.340961,-1.973811,0.999630,-0.005061,0.020517,-0.017109
560,-0.400709,-0.100733,9.907771,-0.122417,-0.145391,0.063659,-0.617431,2.330194,-1.970255,0.999633,-0.005037,0.020423,-0.017080
561,-0.404043,-0.087111,9.900931,-0.084270,-0.200324,-0.175912,-0.600778,2.321947,-1.971246,0.999635,-0.004892,0.020348,-0.017092
562,-0.403170,-0.096761,9.916755,0.054589,-0.217109,-0.154549,-0.580815,2.316617,-1.975847,0.999636,-0.004718,0.020299,-0.017135
563,-0.395443,-0.093231,9.917851,0.013389,-0.037050,-0.133186,-0.568678,2.308680,-1.980149,0.999637,-0.004613,0.020228,-0.017176
564,-0.401937,-0.091436,9.926044,0.065270,-0.047731,-0.212534,-0.556514,2.304091,-1.985456,0.999638,-0.004506,0.020187,-0.017224
565,-0.405493,-0.086958,9.927174,0.063745,-0.113346,-0.186593,-0.541892,2.307331,-1.991574,0.999637,-0.004377,0.020213,-0.017280
566,-0.400908,-0.103588,9.916209,0.132411,0.092654,-0.299511,-0.539214,2.312589,-1.999689,0.999635,-0.004352,0.020259,-0.017351
567,-0.402539,-0.099597,9.908820,0.143093,0.265083,-0.470415,-0.547581,2.321275,-2.013089,0.999631,-0.004421,0.020336,-0.017466
568,-0.402157,-0.088042,9.895665,0.230071,-0.005006,-0.233897,-0.541684,2.328091,-2.024871,0.999628,-0.004366,0.020395,-0.017570
569,-0.394635,-0.083261,9.910010,0.147672,-0.044680,-0.137763,-0.522553,2.321618,-2.030532,0.999629,-0.004200,0.020336,-0.017623
570,-0.390453,-0.086353,9.922626,0.091211,0.075868,-0.410904,-0.507707,2.306584,-2.039235,0.999631,-0.004071,0.020203,-0.017702
571,-0.399112,-0.084769,9.923068,0.048485,-0.128606,-0.409378,-0.500301,2.296020,-2.052685,0.999631,-0.004005,0.020110,-0.017821
572,-0.399409,-0.084113,9.900888,0.068322,-0.517717,-0.186593,-0.494506,2.286570,-2.062361,0.999631,-0.003955,0.020027,-0.017907
573,-0.405718,-0.097836,9.902975,0.294159,-0.607747,-0.261363,-0.496484,2.277531,-2.069979,0.999632,-0.003972,0.019949,-0.017973
574,-0.400750,-0.088115,9.897981,0.400974,-0.572650,-0.273570,-0.496592,2.271152,-2.079183,0.999631,-0.003972,0.019893,-0.018054
575,-0.388386,-0.086907,9.886995,0.469642,-0.645895,0.059081,-0.484961,2.253378,-2.082695,0.999634,-0.003873,0.019737,-0.018087
576,-0.383266,-0.084539,9.895638,0.423863,-0.594013,0.179629,-0.471445,2.225130,-2.078603,0.999640,-0.003760,0.019488,-0.018055
577,-0.385256,-0.071073,9.929914,0.288055,-0.380383,0.013304,-0.451870,2.203740,-2.074962,0.999645,-0.003594,0.019298,-0.018027
578,-0.375792,-0.072625,9.931897,0.199553,-0.490250,0.165896,-0.431055,2.183879,-2.071378,0.999649,-0.003416,0.019122,-0.018000
579,-0.379115,-0.076231,9.907504,0.193448,-0.452102,0.100281,-0.421248,2.164273,-2.066703,0.999654,-0.003334,0.018949,-0.017962
580,-0.383328,-0.078730,9.911288,0.217863,-0.212531,-0.229319,-0.420292,2.160908,-2.068994,0.999654,-0.003326,0.018919,-0.017982
581,-0.378831,-0.081043,9.917763,0.333834,-0.261361,-0.272045,-0.422311,2.163217,-2.077709,0.999652,-0.003342,0.018940,-0.018058
582,-0.381959,-0.082196,9.911201,0.442174,-0.246102,-0.348341,-0.423197,2.164041,-2.088500,0.999650,-0.003348,0.018948,-0.018151
583,-0.381217,-0.064912,9.917802,0.480322,-0.078250,-0.474993,-0.408959,2.169314,-2.102215,0.999647,-0.003220,0.018992,-0.018273
584,-0.369474,-0.061507,9.940300,0.404026,-0.053835,-0.386489,-0.381077,2.166541,-2.116049,0.999646,-0.002975,0.018964,-0.018399
585,-0.369970,-0.059370,9.930767,0.344515,-0.142339,-0.224741,-0.356587,2.153379,-2.125757,0.999648,-0.002762,0.018845,-0.018488
586,-0.376268,-0.049114,9.916530,0.248382,-0.087406,-0.175912,-0.332107,2.147716,-2.131859,0.999648,-0.002549,0.018792,-0.018545
587,-0.376398,-0.053331,9.912922,0.140041,-0.125554,0.005673,-0.312849,2.150325,-2.134193,0.999648,-0.002380,0.018812,-0.018569
588,-0.378426,-0.063199,9.922187,0.033226,-0.059939,0.077392,-0.313672,2.155315,-2.132931,0.999647,-0.002386,0.018855,-0.018557
589,-0.378164,-0.067655,9.916538,0.028648,0.086550,0.062133,-0.329794,2.164082,-2.131255,0.999646,-0.002526,0.018934,-0.018540
590,-0.378756,-0.070444,9.918824,-0.061381,0.072816,-0.049260,-0.350910,2.173567,-2.131835,0.999644,-0.002708,0.019020,-0.018541
591,-0.384448,-0.063473,9.915933,-0.111735,0.028565,-0.056889,-0.366257,2.184492,-2.134086,0.999641,-0.002840,0.019118,-0.018558
592,-0.384565,-0.069892,9.913656,-0.061381,0.023987,0.068237,-0.376271,2.196516,-2.134176,0.999639,-0.002925,0.019225,-0.018557
593,-0.379040,-0.062280,9.905184,-0.036965,0.056031,0.011777,-0.380747,2.202101,-2.132961,0.999638,-0.002964,0.019274,-0.018545
594,-0.376656,-0.045930,9.906754,-0.075113,-0.081302,0.136903,-0.365035,2.197713,-2.129808,0.999640,-0.002828,0.019233,-0.018520
595,-0.379651,-0.048067,9.925865,0.065271,-0.256784,0.349007,-0.337862,2.187849,-2.120633,0.999643,-0.002594,0.019143,-0.018445
596,-0.371700,-0.056141,9.931211,0.097315,-0.374280,0.393259,-0.321139,2.170500,-2.107675,0.999649,-0.002453,0.018988,-0.018335
597,-0.363932,-0.050840,9.919047,0.051537,-0.438369,0.347481,-0.312665,2.141862,-2.095037,0.999655,-0.002386,0.018737,-0.018227
598,-0.363522,-0.061838,9.909440,0.112575,-0.560443,0.442088,-0.311758,2.110586,-2.081865,0.999663,-0.002385,0.018464,-0.018113
599,-0.368302,-0.076847,9.906376,0.111049,-0.531450,0.358163,-0.331214,2.089470,-2.069290,0.999668,-0.002560,0.018282,-0.018001
600,-0.361852,-0.069778,9.900932,-0.017129,-0.333080,0.284918,-0.356624,2.078071,-2.059482,0.999670,-0.002785,0.018187,-0.017912
601,-0.362103,-0.069605,9.892975,0.033226,-0.056887,0.153689,-0.371965,2.074503,-2.052705,0.999672,-0.002921,0.018158,-0.017850
602,-0.368953,-0.063946,9.905610,0.071374,0.010253,0.081970,-0.375998,2.083970,-2.048985,0.999671,-0.002955,0.018241,-0.017817
603,-0.367543,-0.056450,9.908630,0.057641,-0.053835,0.153689,-0.366814,2.096451,-2.044799,0.999669,-0.002874,0.018348,-0.017782
604,-0.361971,-0.054812,9.911380,0.107997,-0.033998,0.139955,-0.350601,2.099735,-2.039407,0.999670,-0.002732,0.018374,-0.017737
605,-0.367749,-0.055834,9.914169,0.193449,-0.040102,0.011777,-0.335099,2.101131,-2.036488,0.999671,-0.002598,0.018384,-0.017714
606,-0.370279,-0.050500,9.935320,0.106472,-0.223213,0.056029,-0.320484,2.104450,-2.034979,0.999671,-0.002470,0.018410,-0.017703
607,-0.361929,-0.065869,9.928036,0.138515,-0.229317,0.031614,-0.318449,2.099118,-2.033551,0.999672,-0.002453,0.018364,-0.017691
608,-0.358877,-0.070346,9.911592,0.202604,-0.069095,-0.287304,-0.332631,2.088493,-2.038509,0.999672,-0.002578,0.018273,-0.017732
609,-0.371297,-0.068293,9.906180,0.190397,0.126224,-0.600119,-0.346694,2.093685,-2.054048,0.999669,-0.002697,0.018321,-0.017866
610,-0.373956,-0.057873,9.905746,0.263641,0.248298,-0.548237,-0.346553,2.116642,-2.073483,0.999662,-0.002689,0.018522,-0.018035
611,-0.372910,-0.072979,9.906283,0.414709,0.222357,-0.471941,-0.344358,2.138699,-2.090858,0.999656,-0.002664,0.018714,-0.018186
612,-0.378464,-0.051738,9.913363,0.399449,0.263557,-0.540608,-0.335450,2.158259,-2.107940,0.999650,-0.002580,0.018884,-0.018336
613,-0.386018,-0.043846,9.931163,0.277376,0.307809,-0.439897,-0.307748,2.183058,-2.123700,0.999644,-0.002332,0.019096,-0.018477
615,-0.382023,-0.033329,9.926270,0.164456,0.130802,-0.203378,-0.274415,2.202125,-2.133458,0.999640,-0.002036,0.019257,-0.018567
616,-0.380627,-0.027213,9.931704,-0.070537,-0.073672,-0.105719,-0.242009,2.204862,-2.137427,0.999640,-0.001752,0.019276,-0.018607
617,-0.379772,-0.013047,9.907826,-0.174300,0.005676,-0.053837,-0.208327,2.201435,-2.138628,0.999640,-0.001459,0.019241,-0.018624
618,-0.383037,-0.028584,9.908405,-0.203292,0.159794,-0.035526,-0.186731,2.204537,-2.139054,0.999640,-0.001270,0.019264,-0.018631
619,-0.384033,-0.031127,9.913575,-0.244492,0.161320,-0.038578,-0.187593,2.213385,-2.140052,0.999638,-0.001276,0.019341,-0.018639
620,-0.375791,-0.043960,9.920021,-0.079692,-0.040102,0.132325,-0.200866,2.211399,-2.138802,0.999639,-0.001392,0.019326,-0.018626
621,-0.372237,-0.057340,9.893847,0.175137,-0.227791,0.059081,-0.225486,2.193511,-2.136605,0.999642,-0.001610,0.019174,-0.018603
622,-0.354509,-0.062950,9.891892,-0.078167,-0.400220,-0.503985,-0.260193,2.156634,-2.145355,0.999646,-0.001918,0.018858,-0.018675
623,-0.361942,-0.058061,9.912593,-0.186506,-0.615376,-0.746607,-0.293984,2.112064,-2.167201,0.999649,-0.002216,0.018475,-0.018861
624,-0.368091,-0.055618,9.912717,-0.192610,-0.648946,-0.818326,-0.314973,2.084050,-2.193696,0.999649,-0.002400,0.018235,-0.019089
625,-0.372872,-0.059471,9.924088,-0.293322,-0.455154,-0.981600,-0.331607,2.076433,-2.223885,0.999644,-0.002541,0.018172,-0.019350
626,-0.365063,-0.062105,9.942551,-0.453544,-0.185065,-1.056371,-0.352573,2.078089,-2.258078,0.999638,-0.002718,0.018191,-0.019645
627,-0.382142,-0.068180,9.952739,-0.226181,0.100283,-0.821378,-0.373868,2.096079,-2.289710,0.999629,-0.002896,0.018352,-0.019917
628,-0.380263,-0.063099,9.924805,-0.166669,0.200994,-0.566548,-0.385315,2.130113,-2.313043,0.999619,-0.002986,0.018652,-0.020118
629,-0.374844,-0.063297,9.931772,-0.200240,0.054505,-0.250682,-0.387972,2.151523,-2.326557,0.999613,-0.003003,0.018839,-0.020234
630,-0.371356,-0.057110,9.924711,-0.122417,-0.119450,-0.146919,-0.383140,2.153405,-2.332789,0.999612,-0.002960,0.018855,-0.020290
631,-0.367848,-0.068619,9.916968,-0.180402,-0.301035,-0.114874,-0.382352,2.141319,-2.336884,0.999613,-0.002954,0.018749,-0.020326
632,-0.351528,-0.054735,9.910364,-0.381825,-0.482620,0.074340,-0.384729,2.109714,-2.337210,0.999618,-0.002981,0.018474,-0.020329
633,-0.347097,-0.071350,9.935909,-0.424552,-0.258309,-0.137763,-0.392976,2.068171,-2.337985,0.999624,-0.003060,0.018113,-0.020336
634,-0.358250,-0.083638,9.940073,-0.377248,0.312387,-0.696252,-0.422283,2.053884,-2.352452,0.999623,-0.003316,0.017994,-0.020458
635,-0.367969,-0.102081,9.942229,-0.349781,0.776268,-0.844267,-0.469345,2.080023,-2.379506,0.999613,-0.003717,0.018232,-0.020686
636,-0.391499,-0.112626,9.929656,-0.171248,1.165379,-0.833585,-0.525267,2.144577,-2.409456,0.999595,-0.004189,0.018806,-0.020935
637,-0.409876,-0.117697,9.920298,0.190397,1.658253,-0.774074,-0.570655,2.244562,-2.438402,0.999572,-0.004561,0.019688,-0.021176
638,-0.411353,-0.096324,9.901543,0.452856,1.844416,-0.357496,-0.579541,2.350145,-2.458584,0.999549,-0.004615,0.020611,-0.021345
639,-0.400056,-0.095488,9.907168,0.579508,1.621631,0.153689,-0.557087,2.420730,-2.462327,0.999536,-0.004405,0.021223,-0.021378
640,-0.409590,-0.086103,9.893718,0.414709,1.679616,0.262030,-0.528806,2.464073,-2.455436,0.999531,-0.004152,0.021595,-0.021322
641,-0.410666,-0.055435,9.905316,0.375034,1.699453,0.341378,-0.479678,2.501783,-2.444355,0.999527,-0.003718,0.021915,-0.021233
642,-0.417237,-0.079439,9.902361,0.420812,1.304238,0.605363,-0.435310,2.528081,-2.427666,0.999527,-0.003330,0.022135,-0.021095
643,-0.439946,-0.080017,9.915205,0.259064,1.047883,0.434459,-0.424159,2.557189,-2.410668,0.999525,-0.003230,0.022387,-0.020948
644,-0.453660,-0.070256,9.917344,0.317049,0.957853,0.434459,-0.415087,2.600630,-2.396468,0.999519,-0.003146,0.022763,-0.020824
645,-0.450709,-0.058444,9.934361,0.463538,0.754905,0.431407,-0.388587,2.637122,-2.381638,0.999515,-0.002911,0.023077,-0.020699
646,-0.452369,-0.058948,9.916498,0.362826,0.822046,0.309333,-0.357448,2.659711,-2.368682,0.999514,-0.002638,0.023268,-0.020591
647,-0.466940,-0.044397,9.923671,-0.017129,1.223364,-0.091986,-0.331645,2.695017,-2.364343,0.999508,-0.002408,0.023571,-0.020557
648,-0.468174,-0.046139,9.893767,-0.198715,1.615527,-0.217111,-0.313422,2.748754,-2.368735,0.999496,-0.002238,0.024036,-0.020598
649,-0.482522,-0.055273,9.874730,-0.532891,2.276253,-0.471941,-0.318568,2.821935,-2.380235,0.999479,-0.002267,0.024676,-0.020695
650,-0.504303,-0.064776,9.890264,-0.923529,3.153660,-0.899200,-0.352545,2.931721,-2.404076,0.999450,-0.002538,0.025640,-0.020892
651,-0.518430,-0.075802,9.900034,-1.228714,3.744193,-1.228800,-0.409359,3.068154,-2.441337,0.999410,-0.003000,0.026841,-0.021200
652,-0.531108,-0.086460,9.891635,-1.617825,4.162297,-1.154030,-0.482713,3.209078,-2.483396,0.999367,-0.003603,0.028085,-0.021543
653,-0.532800,-0.120872,9.918676,-1.869603,4.557512,-0.783230,-0.583689,3.336851,-2.519341,0.999325,-0.004450,0.029220,-0.021826
654,-0.567999,-0.148839,9.943649,-1.381307,5.334208,-0.395645,-0.704408,3.474485,-2.544570,0.999279,-0.005470,0.030444,-0.022007
655,-0.608093,-0.165931,9.905124,-0.697691,6.106325,0.301703,-0.809888,3.661144,-2.552818,0.999222,-0.006351,0.032093,-0.022038
656,-0.652082,-0.163417,9.885160,-0.148359,7.293496,1.046355,-0.875078,3.904846,-2.536824,0.999151,-0.006876,0.034229,-0.021863
657,-0.696953,-0.174886,9.865334,0.890797,9.391644,1.334755,-0.897240,4.216573,-2.503788,0.999060,-0.007019,0.036949,-0.021545
658,-0.767844,-0.158702,9.809543,1.159359,12.881434,0.875451,-0.881387,4.623624,-2.474022,0.998930,-0.006813,0.040493,-0.021260
659,-0.867526,-0.111437,9.800876,-0.508476,17.103668,0.054504,-0.856486,5.169741,-2.464935,0.998731,-0.006495,0.045248,-0.021149
660,-0.992306,-0.108837,9.831744,-0.868596,20.190617,0.120118,-0.849866,5.859776,-2.468757,0.998442,-0.006304,0.051260,-0.021135
661,-1.103744,-0.114152,9.842388,-0.712951,22.290289,0.153689,-0.849698,6.643181,-2.472148,0.998070,-0.006151,0.058085,-0.021106
662,-1.223341,-0.102396,9.836454,-1.161573,23.808584,0.101807,-0.852570,7.477044,-2.476142,0.997622,-0.006014,0.065347,-0.021075
663,-1.363152,-0.117630,9.854439,-1.239395,24.580704,0.257451,-0.865276,8.339746,-2.478902,0.997103,-0.005956,0.072858,-0.021024
664,-1.507737,-0.154813,9.824789,0.559671,24.481518,0.970059,-0.866597,9.209743,-2.469636,0.996525,-0.005806,0.080425,-0.020873
665,-1.632396,-0.111357,9.754704,1.530159,25.244482,0.481762,-0.818080,10.083632,-2.455467,0.995890,-0.005227,0.088013,-0.020716
666,-1.807172,-0.081274,9.690247,2.145107,27.592880,0.399362,-0.719526,11.015632,-2.446149,0.995150,-0.004200,0.096091,-0.020644
667,-1.999889,-0.066805,9.655747,2.407566,30.232731,0.999051,-0.597018,12.057227,-2.425405,0.994245,-0.002957,0.105110,-0.020500
668,-2.213983,-0.024925,9.622002,3.353640,32.648273,2.219791,-0.439620,13.211349,-2.369547,0.993151,-0.001432,0.115089,-0.020098
669,-2.381090,0.013571,9.574896,3.271240,34.110107,2.524976,-0.246696,14.434612,-2.280337,0.991883,0.000365,0.125650,-0.019470
670,-2.582057,0.011169,9.547276,2.624248,36.006832,2.972073,-0.068813,15.700159,-2.175283,0.990452,0.001998,0.136568,-0.018722
671,-2.780172,-0.030003,9.526303,1.286011,37.827263,3.092621,0.039514,17.015125,-2.066979,0.988834,0.003009,0.147910,-0.017889
672,-2.993698,-0.023815,9.479516,0.637494,39.609543,2.285406,0.080842,18.377512,-1.977297,0.987019,0.003452,0.159652,-0.017146
673,-3.208972,-0.043115,9.403595,-0.299425,40.187866,1.093658,0.071368,19.772259,-1.926766,0.985010,0.003500,0.171656,-0.016671
674,-3.407128,-0.037404,9.278640,-0.242966,39.421856,0.957851,0.032303,21.155901,-1.903309,0.982870,0.003326,0.183543,-0.016378
675,-3.608972,-0.069108,9.189375,-0.490166,38.687881,0.294074,-0.022838,22.502634,-1.898809,0.980647,0.003037,0.195089,-0.016212
676,-3.830757,-0.079845,9.107532,-0.918951,37.367954,-1.080785,-0.115831,23.809687,-1.938423,0.978355,0.002500,0.206274,-0.016343
677,-4.031975,-0.053988,9.026699,-0.821292,34.653339,-1.546193,-0.213701,25.047630,-2.008927,0.976061,0.001981,0.216844,-0.016709
678,-4.184737,-0.074673,8.948059,-0.146833,32.283573,-1.085363,-0.286166,26.181221,-2.076597,0.973860,0.001672,0.226498,-0.017084
679,-4.344218,-0.105017,8.888119,-0.653439,31.375650,-1.347822,-0.367010,27.233944,-2.147839,0.971730,0.001300,0.235446,-0.017462
680,-4.455860,-0.090942,8.774354,-0.857914,31.001797,-1.207437,-0.460178,28.243330,-2.223107,0.969609,0.000839,0.244009,-0.017833
681,-4.567894,-0.074721,8.652143,-0.510003,31.197117,-0.482622,-0.520963,29.231291,-2.273395,0.967463,0.000607,0.252369,-0.018049
682,-4.684783,-0.137740,8.545692,-0.854861,32.425484,0.135377,-0.582285,30.230513,-2.306006,0.965222,0.000342,0.260804,-0.018101
683,-4.837167,-0.131727,8.438920,-1.811617,33.443275,-0.140815,-0.682354,31.267202,-2.344162,0.962819,-0.000221,0.269541,-0.018094
684,-5.055179,-0.165017,8.367200,-2.244979,34.722004,-0.162178,-0.813531,32.366692,-2.393785,0.960182,-0.000995,0.278787,-0.018082
685,-5.285198,-0.188353,8.303914,-2.489129,35.343056,-0.494830,-0.974305,33.531990,-2.461789,0.957288,-0.001943,0.288561,-0.018116
686,-5.478127,-0.210893,8.236359,-2.608151,35.050076,-1.154030,-1.158686,34.717064,-2.557324,0.954237,-0.002991,0.298476,-0.018282
687,-5.665782,-0.210908,8.163304,-1.747529,33.493633,-1.057897,-1.329920,35.866573,-2.663692,0.951178,-0.003882,0.308062,-0.018540
688,-5.821747,-0.244211,8.086443,-0.825870,31.105560,-0.854948,-1.464344,36.936001,-2.763974,0.948245,-0.004478,0.316949,-0.018827
689,-5.962471,-0.236142,7.992409,-0.590877,28.514540,-1.436326,-1.579856,37.904789,-2.870342,0.945514,-0.004901,0.324976,-0.019210
690,-6.061868,-0.233807,7.880582,0.121730,25.508467,-0.565022,-1.657626,38.765587,-2.959430,0.943033,-0.005071,0.332085,-0.019558
691,-6.135559,-0.195868,7.797456,1.585092,22.293341,1.455303,-1.629068,39.500675,-2.965424,0.940888,-0.004632,0.338121,-0.019548
692,-6.176381,-0.210894,7.689141,2.471655,20.300484,2.720295,-1.500927,40.124592,-2.888245,0.939055,-0.003654,0.343213,-0.019179
693,-6.211281,-0.228373,7.596967,2.198515,19.787771,2.566177,-1.373620,40.687714,-2.801970,0.937377,-0.002736,0.347799,-0.018757
694,-6.248240,-0.226402,7.512422,0.417760,19.598557,1.226414,-1.327791,41.224373,-2.764399,0.935748,-0.002351,0.352176,-0.018498
695,-6.362816,-0.189986,7.456996,-1.022714,19.816765,0.014829,-1.366305,41.767635,-2.779136,0.934067,-0.002492,0.356614,-0.018406
696,-6.490785,-0.202040,7.379750,-1.774994,21.022245,-0.929719,-1.464384,42.367310,-2.837222,0.932179,-0.002966,0.361513,-0.018466
697,-6.621437,-0.192625,7.301200,-2.154950,22.703815,-2.177925,-1.612533,43.053196,-2.945493,0.929981,-0.003656,0.367112,-0.018745
698,-6.723970,-0.117000,7.159742,-2.080180,24.725666,-3.119421,-1.746491,43.839073,-3.070134,0.927421,-0.004134,0.373506,-0.019162
699,-6.816262,-0.085073,6.998809,-0.152936,28.369577,-1.872740,-1.775391,44.757969,-3.144337,0.924389,-0.003876,0.380935,-0.019470
700,-6.924292,-0.113362,6.824115,1.051019,32.930569,-0.803067,-1.710750,45.848713,-3.163643,0.920727,-0.002993,0.389703,-0.019609
701,-7.050685,-0.120026,6.663377,1.742263,37.561752,0.022459,-1.612562,47.117485,-3.159976,0.916367,-0.001875,0.399853,-0.019650
702,-7.217955,-0.146480,6.513993,2.117640,40.949303,1.298133,-1.495094,48.530960,-3.130739,0.911380,-0.000664,0.411102,-0.019542
703,-7.431451,-0.154643,6.394216,2.442663,42.525589,2.962917,-1.347031,50.027351,-3.052775,0.905955,0.000614,0.422939,-0.019169
704,-7.606346,-0.159937,6.262840,3.417729,41.577984,4.853539,-1.126938,51.514462,-2.894579,0.900420,0.002121,0.434623,-0.018475
705,-7.720269,-0.169137,6.138605,4.141018,39.011383,5.770620,-0.840828,52.892509,-2.672970,0.895161,0.003819,0.445378,-0.017616
706,-7.841039,-0.171932,5.983262,3.574899,35.817619,5.369301,-0.568314,54.124443,-2.454925,0.890346,0.005330,0.454942,-0.016820
707,-7.896775,-0.102725,5.810855,2.781418,33.426495,4.351509,-0.333550,55.231632,-2.260405,0.885926,0.006564,0.463499,-0.016128
708,-7.952315,-0.112035,5.660807,2.079493,32.311043,3.860161,-0.144858,56.250877,-2.096319,0.881780,0.007509,0.471345,-0.015537
709,-8.021178,-0.103907,5.477339,0.385715,31.899040,2.437999,-0.068082,57.237381,-2.009102,0.877697,0.007876,0.478914,-0.015105
710,-8.137475,-0.136863,5.289973,-1.610195,32.416328,1.519392,-0.149923,58.253033,-2.025742,0.873421,0.007461,0.486683,-0.014805
712,-8.306766,-0.085922,5.095666,-3.502343,34.493111,1.055511,-0.326113,59.365040,-2.082245,0.868661,0.006526,0.495155,-0.014377
713,-8.469386,-0.104648,4.906222,-4.300401,35.799309,1.601792,-0.511369,60.587799,-2.111041,0.863336,0.005440,0.504416,-0.013655
714,-8.614604,-0.132882,4.673614,-4.341601,36.038879,2.468517,-0.691326,61.883747,-2.114685,0.857585,0.004314,0.514167,-0.012725
715,-8.746293,-0.153047,4.476781,-3.674772,35.565842,3.347451,-0.830068,63.206573,-2.080331,0.851603,0.003344,0.524047,-0.011665
716,-8.847071,-0.075350,4.276545,-3.090344,33.756092,3.139925,-0.856682,64.496063,-1.961498,0.845667,0.002811,0.533601,-0.010487
717,-8.877999,-0.095136,4.091661,-2.125957,29.996216,2.651628,-0.812848,65.676140,-1.808271,0.840141,0.002597,0.542280,-0.009412
718,-8.940643,-0.039087,3.903736,-1.872655,26.691057,2.761495,-0.720277,66.721321,-1.630958,0.835174,0.002577,0.549916,-0.008431
719,-8.973927,0.000188,3.750364,-1.210402,25.032377,3.590073,-0.476256,67.673294,-1.321224,0.830593,0.002968,0.556825,-0.007263
720,-9.010314,0.035930,3.599595,-0.288744,25.365028,4.319465,-0.062018,68.590355,-0.866353,0.826124,0.003813,0.563444,-0.005941
721,-9.035333,0.036064,3.451886,0.948781,27.560837,4.884057,0.476466,69.541672,-0.318218,0.821423,0.004999,0.570279,-0.004652
722,-9.091725,0.066507,3.296911,1.516426,31.029264,5.022917,1.103239,70.583725,0.292911,0.816193,0.006381,0.577733,-0.003476
723,-9.174122,0.080500,3.140779,1.823137,35.497169,4.060058,1.758473,71.757065,0.917844,0.810212,0.007739,0.586080,-0.002504
724,-9.275226,0.111940,2.950526,2.306855,39.675159,3.104828,2.403909,73.077576,1.516986,0.803372,0.008973,0.595407,-0.001854
725,-9.400373,0.137119,2.745873,2.239714,42.568310,2.746236,3.105552,74.521996,2.163237,0.795762,0.010138,0.605524,-0.001385
726,-9.506248,0.141409,2.547161,2.222929,43.760056,3.495465,3.954105,76.023041,2.960680,0.787704,0.011273,0.615950,-0.000896
727,-9.582735,0.124227,2.326017,2.613566,43.306858,4.473583,5.028462,77.510643,3.984655,0.779559,0.012446,0.626205,-0.000359
728,-9.592238,0.104167,2.092599,2.555581,41.750412,4.116517,6.248929,78.940735,5.153617,0.771584,0.013496,0.635984,0.000042
729,-9.623913,0.131016,1.854210,1.430974,39.505779,2.988858,7.518933,80.292969,6.389263,0.763924,0.014189,0.645150,0.000298
730,-9.637009,0.146604,1.635827,0.642070,37.505291,2.079406,8.878041,81.564384,7.740435,0.756617,0.014516,0.653697,0.000515
731,-9.655047,0.166156,1.415417,-0.098003,36.211308,0.983792,10.396508,82.774254,9.271600,0.749571,0.014538,0.661764,0.000683
732,-9.699676,0.175946,1.203223,-0.479485,35.303383,0.455822,12.270432,83.948029,11.173016,0.742637,0.014346,0.669540,0.000821
733,-9.740830,0.182164,1.003392,-0.378774,34.224548,0.730488,14.979829,85.081955,13.912702,0.735804,0.014147,0.677046,0.000990
734,-9.744671,0.190115,0.833516,-0.261276,33.022121,0.608414,19.205313,86.147964,18.163645,0.729191,0.014037,0.684165,0.001189
735,-9.761872,0.172640,0.642007,-0.163618,31.584702,0.695392,26.051384,87.129692,25.030678,0.722837,0.013932,0.690877,0.001340
736,-9.744416,0.198989,0.448133,-0.181929,30.482983,0.591629,38.954227,87.998360,37.952084,0.716644,0.013864,0.697299,0.001498
737,-9.707134,0.250774,0.259380,-0.416922,29.939753,0.336799,66.712524,88.604507,65.731682,0.710502,0.013935,0.703555,0.001831
738,-9.711023,0.285046,0.092213,-0.543572,30.641678,0.567214,108.943726,88.584732,107.989761,0.704262,0.014169,0.709795,0.002398
739,-9.714458,0.236518,-0.083790,-0.201766,31.752554,0.939540,137.120621,87.950821,136.190872,0.697775,0.014415,0.716166,0.002943
740,-9.693079,0.197997,-0.244304,-0.246017,31.986017,0.507703,151.209320,87.076782,150.299408,0.691117,0.014425,0.722592,0.003199
741,-9.775915,0.187747,-0.404484,-0.268907,29.662035,0.071288,158.836838,86.169624,157.947495,0.684719,0.014187,0.728662,0.003218
742,-9.798720,0.154205,-0.513754,-0.442862,24.736347,0.243718,163.199020,85.375343,162.331589,0.679262,0.013801,0.733760,0.003105
743,-9.788586,0.146441,-0.621523,-0.874699,17.408854,0.304755,165.702667,84.800919,164.864090,0.675341,0.013316,0.737379,0.002978
744,-9.769769,0.193261,-0.702509,-1.430135,10.224798,0.443614,166.846954,84.471924,166.051208,0.673118,0.012894,0.739416,0.003085
745,-9.741686,0.232961,-0.744750,-1.504906,4.600237,1.038725,166.624222,84.416298,165.881409,0.672797,0.012763,0.739708,0.003607
746,-9.678316,0.228577,-0.762870,-1.359943,1.354594,1.536177,165.520630,84.555000,164.828552,0.673827,0.012860,0.738764,0.004328
747,-9.678383,0.270507,-0.791769,-0.769411,0.585527,1.192844,164.137955,84.697510,163.483749,0.674928,0.013152,0.737749,0.005087
748,-9.694842,0.252471,-0.779493,-0.204817,1.710134,1.180636,162.991425,84.780083,162.355606,0.675624,0.013509,0.737100,0.005670
749,-9.725198,0.259075,-0.767166,0.143093,2.407482,0.927333,162.364807,84.828499,161.731293,0.676028,0.013738,0.736724,0.005928
750,-9.769100,0.265189,-0.788341,0.265168,2.093142,0.356636,162.065765,84.852577,161.426849,0.676228,0.013884,0.736537,0.006007
751,-9.762502,0.292070,-0.807203,0.117153,1.366801,-0.081304,161.842972,84.853645,161.199799,0.676274,0.014027,0.736492,0.006097
752,-9.705427,0.272397,-0.814075,-0.346729,0.632831,0.384103,161.600906,84.849304,160.963013,0.676289,0.014129,0.736474,0.006264
753,-9.679933,0.304916,-0.844055,-0.825870,-0.346813,0.538221,161.191406,84.832787,160.573456,0.676261,0.014249,0.736495,0.006630
754,-9.675164,0.313110,-0.850374,-1.025765,-0.905302,0.814414,160.462021,84.801102,159.875275,0.676202,0.014496,0.736537,0.007263
755,-9.679774,0.337266,-0.828101,-1.076121,-1.080783,1.581955,159.351120,84.783875,158.799438,0.676312,0.014892,0.736420,0.008091
756,-9.693766,0.323809,-0.799884,-0.746522,-1.424116,2.102295,157.991821,84.806801,157.469467,0.676728,0.015360,0.736018,0.008920
757,-9.715307,0.322748,-0.775811,-0.210921,-2.185553,1.884088,156.771652,84.886948,156.262497,0.677468,0.015707,0.735324,0.009429
758,-9.722321,0.315653,-0.755798,0.462011,-2.933256,1.572799,155.770767,85.014847,155.253586,0.678444,0.015935,0.734417,0.009558
759,-9.723169,0.305471,-0.727833,1.099849,-3.250649,1.603318,154.978760,85.172531,154.430588,0.679546,0.016104,0.733396,0.009345
760,-9.691150,0.297116,-0.711808,1.466070,-3.575671,0.745747,154.490692,85.342552,153.894455,0.680647,0.016184,0.732379,0.008832
761,-9.709560,0.323616,-0.716422,1.824663,-4.112797,-0.403275,154.259445,85.497368,153.604309,0.681598,0.016246,0.731501,0.008167
762,-9.717192,0.315072,-0.719191,2.413670,-4.265390,-0.885467,154.253738,85.621315,153.524902,0.682320,0.016383,0.730833,0.007395
763,-9.721066,0.302883,-0.670068,3.268188,-3.789301,-1.466844,154.535309,85.751259,153.709457,0.683019,0.016533,0.730186,0.006348
764,-9.728465,0.267878,-0.645779,4.057092,-3.378827,-2.495318,155.370056,85.913467,154.420868,0.683803,0.016550,0.729463,0.004843
765,-9.742374,0.219474,-0.622421,4.887195,-3.224708,-3.201822,157.221527,86.100319,156.122009,0.684572,0.016309,0.728758,0.002747
766,-9.728197,0.195052,-0.591619,5.529610,-2.573138,-3.659599,159.785431,86.291809,158.511551,0.685313,0.016000,0.728072,0.000287
767,-9.757810,0.179987,-0.567660,5.579965,-1.611805,-4.236400,162.574860,86.459335,161.117050,0.685955,0.015797,0.727470,-0.002185
768,-9.778910,0.163289,-0.567762,4.992484,-1.648427,-4.707910,165.438370,86.591301,163.807251,0.686444,0.015637,0.727001,-0.004483
769,-9.769533,0.179925,-0.577874,3.974692,-2.371716,-4.439347,167.659042,86.685303,165.882706,0.686817,0.015637,0.726635,-0.006276
770,-9.761804,0.218362,-0.577944,3.140011,-2.725731,-3.377303,168.053574,86.743576,166.164505,0.687139,0.016134,0.726311,-0.007169
771,-9.751343,0.180518,-0.559229,2.055078,-2.834071,-1.620963,167.144669,86.792465,165.174194,0.687510,0.016888,0.725941,-0.007420
772,-9.711107,0.168936,-0.527503,1.292115,-3.253701,-0.275096,165.806946,86.867683,163.783325,0.688082,0.017551,0.725382,-0.007413
773,-9.695726,0.184931,-0.512078,0.877064,-3.336101,0.580948,163.751007,86.955154,161.692596,0.688805,0.018276,0.724682,-0.007117
774,-9.686812,0.182596,-0.487207,0.768722,-2.896635,1.052459,161.311234,87.031395,159.225906,0.689512,0.019046,0.723993,-0.006679
775,-9.700203,0.159439,-0.466429,0.686323,-2.353405,1.087555,159.483551,87.105446,157.373276,0.690152,0.019584,0.723371,-0.006450
776,-9.712481,0.148886,-0.460722,0.674115,-2.078739,0.857140,158.687103,87.176445,156.552353,0.690661,0.019801,0.722878,-0.006535
777,-9.740711,0.169878,-0.460560,0.657330,-1.805598,0.527540,158.283920,87.226318,156.125229,0.690997,0.019947,0.722551,-0.006685
778,-9.759250,0.158815,-0.443880,0.579508,-1.729302,0.626725,157.898605,87.266983,155.717819,0.691278,0.020093,0.722277,-0.006812
779,-9.784103,0.152930,-0.435159,0.404026,-2.293894,0.715229,157.579163,87.327019,155.380188,0.691662,0.020146,0.721906,-0.006983
780,-9.768014,0.190271,-0.414831,0.248382,-2.820338,0.580947,156.507446,87.401955,154.296295,0.692219,0.020312,0.721368,-0.006968
781,-9.764086,0.207525,-0.387566,0.080530,-2.884427,0.567214,154.298813,87.483315,152.081833,0.692945,0.020680,0.720663,-0.006672
782,-9.753373,0.203953,-0.361455,-0.043069,-2.847805,0.611466,151.740326,87.572472,149.522476,0.693763,0.021027,0.719869,-0.006336
783,-9.760679,0.203869,-0.353273,-0.181929,-2.586872,0.529066,149.514420,87.656906,147.299866,0.694511,0.021236,0.719142,-0.006087
784,-9.758148,0.190735,-0.341026,-0.239914,-2.103153,0.071288,148.212738,87.729790,146.004211,0.695073,0.021232,0.718600,-0.006017
785,-9.775899,0.199013,-0.340162,-0.332996,-1.944457,-0.366652,147.764496,87.791229,145.564682,0.695460,0.021060,0.718231,-0.006082
786,-9.764925,0.197457,-0.326222,-0.297898,-1.987183,-0.264415,147.415985,87.843689,145.225830,0.695781,0.020889,0.717924,-0.006133
787,-9.756854,0.174532,-0.314454,-0.275011,-1.982605,-0.091986,147.195999,87.905663,145.014404,0.696134,0.020665,0.717587,-0.006252
788,-9.737330,0.172021,-0.310841,-0.206344,-1.730828,-0.600119,147.534256,87.971748,145.359634,0.696440,0.020333,0.717298,-0.006499
789,-9.728641,0.189727,-0.315785,-0.096478,-1.274576,-0.665733,148.018478,88.008163,145.848251,0.696572,0.020096,0.717174,-0.006682
790,-9.718596,0.169470,-0.310736,0.164456,-0.455154,-0.243052,148.629715,88.009735,146.457947,0.696510,0.019990,0.717237,-0.006808
791,-9.730083,0.185135,-0.319416,0.307893,-0.099613,-0.409378,149.410080,87.986664,147.229950,0.696297,0.019974,0.717443,-0.006925
792,-9.707610,0.185014,-0.331781,0.474219,-0.128606,-0.114874,149.957611,87.939957,147.764389,0.695981,0.020105,0.717745,-0.006956
793,-9.700464,0.213260,-0.322800,0.620708,-0.278146,0.643510,149.383774,87.881508,147.172348,0.695734,0.020517,0.717974,-0.006769
794,-9.703126,0.233855,-0.316148,0.803819,-0.603169,1.560592,147.080383,87.818695,144.845337,0.695691,0.021322,0.717997,-0.006255
795,-9.716582,0.223789,-0.320948,0.925893,-1.230324,2.122132,144.306046,87.765503,142.041656,0.695797,0.022234,0.717871,-0.005704
796,-9.742421,0.207957,-0.317403,1.055596,-1.150976,2.355599,142.295654,87.736694,139.996643,0.695950,0.022945,0.717703,-0.005421
797,-9.794445,0.225002,-0.300553,0.988456,-0.807642,2.025999,140.805603,87.727203,138.470596,0.696136,0.023486,0.717506,-0.005323
798,-9.816275,0.216213,-0.299362,0.814500,-0.829005,1.722340,139.709885,87.734108,137.343216,0.696342,0.023860,0.717294,-0.005341
799,-9.822551,0.236922,-0.283015,0.608500,-0.690146,0.817466,138.958405,87.757896,136.566574,0.696574,0.024056,0.717061,-0.005454
800,-9.815471,0.235782,-0.265290,0.356722,-0.474991,0.184207,138.282516,87.799393,135.874191,0.696876,0.024105,0.716764,-0.005610
801,-9.768435,0.249194,-0.273506,0.107996,-0.511613,-0.481096,137.932404,87.841782,135.516281,0.697129,0.024034,0.716520,-0.005777
802,-9.740095,0.286812,-0.280671,0.068323,-0.497880,-0.815274,137.459839,87.846779,135.041214,0.697227,0.024108,0.716422,-0.005733
803,-9.715643,0.273233,-0.275375,0.117153,-0.510087,-0.461260,136.754166,87.829666,134.333252,0.697262,0.024315,0.716382,-0.005555
804,-9.713105,0.242871,-0.280440,-0.055277,-0.597065,0.109437,136.542130,87.827324,134.120010,0.697287,0.024368,0.716356,-0.005518
805,-9.725986,0.253864,-0.287689,-0.186506,-0.441420,0.388681,136.662628,87.820938,134.243713,0.697239,0.024355,0.716404,-0.005490
806,-9.759004,0.261183,-0.265650,-0.160565,-0.415479,0.728963,136.169312,87.806252,133.755554,0.697255,0.024468,0.716386,-0.005312
807,-9.761439,0.265258,-0.258594,-0.154462,-0.468887,0.626725,135.067047,87.802864,132.658539,0.697426,0.024635,0.716216,-0.005084
808,-9.770872,0.265349,-0.269852,-0.317737,-0.305613,0.210148,134.368652,87.802063,131.967758,0.697542,0.024705,0.716101,-0.004919
809,-9.760309,0.270167,-0.258585,-0.261276,-0.143865,-0.232371,134.199615,87.805092,131.808197,0.697586,0.024657,0.716060,-0.004848
810,-9.752865,0.298391,-0.253696,-0.268907,-0.337657,-0.604696,133.676376,87.807953,131.294357,0.697689,0.024670,0.715960,-0.004720
811,-9.733837,0.295416,-0.248403,-0.294848,-0.600117,-0.558919,132.689987,87.809204,130.318146,0.697867,0.024757,0.715785,-0.004507
812,-9.729788,0.241930,-0.252423,-0.452018,-1.039583,-0.111823,132.290451,87.843597,129.930954,0.698084,0.024581,0.715580,-0.004532
813,-9.717950,0.262398,-0.236831,-0.406240,-1.176916,0.036192,131.981979,87.897736,129.636032,0.698362,0.024292,0.715318,-0.004655
815,-9.728423,0.261412,-0.232681,-0.383350,-1.120457,0.336799,130.991898,87.933792,128.658401,0.698680,0.024188,0.715011,-0.004604
816,-9.723582,0.253275,-0.227754,-0.380300,-0.911405,0.493970,130.090012,87.959145,127.768532,0.698936,0.024119,0.714764,-0.004524
817,-9.720338,0.250616,-0.234196,-0.332996,-0.545183,0.536696,129.760056,87.972809,127.449615,0.699047,0.024030,0.714658,-0.004477
818,-9.728250,0.291096,-0.232265,-0.206344,-0.043154,0.315437,129.509277,87.949097,127.207436,0.698997,0.024124,0.714704,-0.004277
819,-9.732849,0.281089,-0.236061,-0.119366,0.320016,0.341377,129.320999,87.901558,127.024643,0.698843,0.024348,0.714850,-0.003986
820,-9.743063,0.275995,-0.237681,-0.032389,0.408520,0.188785,129.679901,87.866501,127.385857,0.698642,0.024449,0.715043,-0.003855
821,-9.740545,0.257432,-0.236146,0.022545,0.287972,0.559585,130.256516,87.854881,127.962326,0.698492,0.024424,0.715191,-0.003883
822,-9.749246,0.283944,-0.232268,0.036279,0.175053,0.715229,130.284454,87.843323,127.988953,0.698440,0.024484,0.715240,-0.003839
823,-9.756833,0.269022,-0.231769,0.045434,0.016357,0.960903,129.803909,87.828316,127.506714,0.698467,0.024636,0.715208,-0.003706
824,-9.757461,0.268965,-0.238287,0.005760,-0.375806,1.246251,129.345306,87.821831,127.046600,0.698526,0.024743,0.715147,-0.003619
825,-9.759841,0.308558,-0.245171,-0.180402,-0.598591,1.580429,128.341583,87.786186,126.044899,0.698575,0.025050,0.715091,-0.003286
826,-9.771320,0.324798,-0.237946,-0.287218,-0.525346,1.722340,126.707344,87.716553,124.417877,0.698631,0.025586,0.715020,-0.002662
827,-9.762351,0.316715,-0.236800,-0.348255,-0.552813,1.842888,125.217735,87.654480,122.937965,0.698709,0.026051,0.714928,-0.002076
828,-9.750825,0.329639,-0.234090,-0.389454,-0.410902,1.902399,124.066338,87.603790,121.797882,0.698775,0.026404,0.714852,-0.001583
829,-9.759119,0.349027,-0.234888,-0.448966,-0.214058,1.748281,123.061638,87.545044,120.806374,0.698796,0.026767,0.714819,-0.001059
830,-9.736787,0.339609,-0.227954,-0.247544,-0.064517,1.687244,122.337654,87.496651,120.093117,0.698797,0.027057,0.714808,-0.000636
831,-9.730931,0.342677,-0.221227,-0.055277,-0.145391,1.423258,121.802094,87.475166,119.561737,0.698850,0.027219,0.714750,-0.000421
832,-9.734787,0.365443,-0.217133,0.075953,-0.352917,1.046355,121.072731,87.461403,118.831436,0.698977,0.027398,0.714619,-0.000254
833,-9.753619,0.387342,-0.212706,0.107997,-0.554339,0.783896,119.981812,87.438911,117.737274,0.699167,0.027687,0.714422,-0.000005
834,-9.746111,0.372075,-0.202773,0.207182,-0.288828,0.809836,118.935966,87.424660,116.686241,0.699378,0.027934,0.714206,0.000177
835,-9.766288,0.369399,-0.197349,0.246857,-0.037050,0.539748,118.305908,87.433105,116.048347,0.699558,0.028016,0.714027,0.000165
836,-9.766294,0.394368,-0.204999,0.173612,-0.073672,0.271185,117.911087,87.432724,115.646782,0.699654,0.028111,0.713928,0.000173
837,-9.773634,0.392623,-0.218383,-0.050700,0.062135,0.312385,117.855904,87.410561,115.589142,0.699603,0.028253,0.713973,0.000289
838,-9.762688,0.389172,-0.209018,-0.072063,0.281868,0.249822,118.077675,87.390976,115.812798,0.699490,0.028322,0.714081,0.000381
839,-9.766315,0.394262,-0.203432,-0.081217,0.168950,0.066711,118.112473,87.383789,115.850410,0.699460,0.028341,0.714109,0.000433
840,-9.754124,0.415895,-0.205551,-0.143781,0.104861,-0.401748,117.899689,87.373482,115.641869,0.699484,0.028397,0.714083,0.000542
841,-9.751668,0.409498,-0.211757,-0.212448,0.388683,-0.749659,117.922302,87.361885,115.671097,0.699444,0.028417,0.714122,0.000643
842,-9.727859,0.360385,-0.210247,-0.108685,0.504653,-0.586385,118.649918,87.388206,116.404457,0.699340,0.028142,0.714235,0.000439
843,-9.730963,0.364596,-0.215374,-0.143781,0.271187,-0.697778,119.684547,87.440971,117.443253,0.699246,0.027694,0.714345,0.000041
844,-9.735090,0.384135,-0.222846,-0.311633,0.031617,-0.603171,120.336624,87.465958,118.102867,0.699167,0.027425,0.714432,-0.000134
845,-9.748096,0.369526,-0.229434,-0.400136,0.043824,-0.075200,120.737892,87.465569,118.515884,0.699070,0.027301,0.714532,-0.000113
846,-9.735769,0.350987,-0.217961,-0.288744,0.397839,0.194888,121.189209,87.471214,118.978447,0.698981,0.027139,0.714625,-0.000136
847,-9.742108,0.377387,-0.219945,-0.232285,0.582476,-0.070623,121.487076,87.469818,119.285255,0.698907,0.027050,0.714701,-0.000115
848,-9.735580,0.374537,-0.229460,-0.186506,0.649616,-0.049260,121.768715,87.448708,119.574425,0.698771,0.027076,0.714832,0.000005
849,-9.731166,0.369718,-0.231658,-0.149885,0.649616,0.051451,122.212776,87.428001,120.024490,0.698598,0.027085,0.715002,0.000088
850,-9.723804,0.366366,-0.231878,-0.079692,0.643513,-0.096563,122.677177,87.417450,120.493027,0.698453,0.027047,0.715145,0.000101
851,-9.747550,0.373028,-0.246303,-0.194137,0.304757,-0.076726,123.119392,87.408218,120.940086,0.698316,0.027002,0.715280,0.000115
852,-9.749427,0.388057,-0.255771,-0.258225,-0.058413,-0.024845,123.345490,87.383339,121.173676,0.698177,0.027051,0.715414,0.000257
853,-9.745345,0.369463,-0.263125,-0.230759,0.056031,0.144533,123.632477,87.357216,121.468498,0.698019,0.027095,0.715567,0.000397
854,-9.742589,0.376740,-0.261887,-0.229233,0.258979,0.176577,124.094368,87.336555,121.937546,0.697835,0.027086,0.715746,0.000477
855,-9.746322,0.366622,-0.250483,-0.294848,0.077394,0.541273,124.229721,87.323578,122.081474,0.697758,0.027078,0.715822,0.000573
856,-9.741453,0.361361,-0.250503,-0.250596,-0.172858,0.460399,124.088402,87.330391,121.948799,0.697816,0.027010,0.715768,0.000614
857,-9.750856,0.380050,-0.248427,-0.253648,0.118594,0.196414,123.874016,87.334648,121.742844,0.697882,0.026970,0.715704,0.000676
858,-9.744191,0.393955,-0.241952,-0.224655,0.370372,0.236088,123.490288,87.318024,121.367577,0.697918,0.027062,0.715666,0.000873
859,-9.737725,0.388879,-0.253391,-0.169722,0.442090,0.223881,123.270103,87.291298,121.154541,0.697880,0.027191,0.715698,0.001090
860,-9.729316,0.371575,-0.271394,-0.094951,0.565690,0.316963,123.783173,87.268845,121.671822,0.697675,0.027201,0.715897,0.001153
861,-9.735268,0.395426,-0.272763,-0.047648,0.706075,0.350533,124.503609,87.235367,122.394348,0.697379,0.027243,0.716183,0.001221
862,-9.751420,0.384703,-0.264114,0.001182,0.701498,0.666400,124.804161,87.199211,122.695770,0.697174,0.027376,0.716378,0.001364
863,-9.763084,0.371437,-0.265259,0.028648,0.474135,0.562637,124.982872,87.190971,122.874092,0.697100,0.027390,0.716449,0.001373
864,-9.769574,0.371900,-0.264534,0.097315,0.156742,-0.012638,125.204681,87.212029,123.093689,0.697121,0.027259,0.716434,0.001215
865,-9.754595,0.412816,-0.262671,0.098841,0.025513,-0.403274,125.022453,87.223007,122.908638,0.697206,0.027250,0.716352,0.001172
866,-9.737046,0.401279,-0.262928,0.136989,0.149113,-0.326978,124.602196,87.214836,122.485489,0.697281,0.027380,0.716273,0.001266
867,-9.750338,0.394489,-0.265684,0.169034,0.185735,-0.496356,124.535332,87.216248,122.414177,0.697303,0.027412,0.716251,0.001242
868,-9.752407,0.391922,-0.260895,0.121730,0.115542,-0.450578,124.606720,87.228081,122.481247,0.697328,0.027366,0.716229,0.001143
869,-9.758839,0.395305,-0.258730,0.069849,0.173527,-0.514667,124.576019,87.241394,122.448044,0.697383,0.027318,0.716177,0.001065
870,-9.768876,0.385563,-0.259733,0.037806,0.216253,-0.801541,124.679825,87.260544,122.550797,0.697425,0.027209,0.716140,0.000943
871,-9.775294,0.372122,-0.267169,0.010338,-0.012635,-1.024326,125.156425,87.295715,123.027023,0.697435,0.026954,0.716141,0.000683
872,-9.736862,0.374318,-0.274551,-0.053751,-0.111820,-1.117407,125.845474,87.330315,123.716995,0.697396,0.026661,0.716190,0.000400
873,-9.733819,0.375451,-0.287512,-0.038492,0.098757,-1.157082,126.691467,87.342590,124.564514,0.697243,0.026448,0.716346,0.000207
874,-9.724830,0.371691,-0.300716,0.053063,0.251350,-0.931244,127.776657,87.331123,125.649513,0.696948,0.026323,0.716638,0.000080
875,-9.719056,0.368265,-0.307231,0.111049,0.295602,-0.680993,128.879364,87.304558,126.749313,0.696593,0.026278,0.716985,-0.000001
876,-9.732865,0.364432,-0.301688,0.121730,0.216253,-0.503985,129.662613,87.282135,127.528671,0.696324,0.026270,0.717247,-0.000056
877,-9.739214,0.351074,-0.297073,0.111049,-0.108769,-0.388015,130.069305,87.282570,127.931541,0.696233,0.026218,0.717337,-0.000156
878,-9.735739,0.365590,-0.294513,0.079004,-0.467361,-0.500934,130.030243,87.296219,127.889496,0.696297,0.026178,0.717276,-0.000233
879,-9.741931,0.354068,-0.277367,0.040856,-0.418532,-0.366652,129.565704,87.319412,127.423386,0.696494,0.026161,0.717085,-0.000269
880,-9.746470,0.341549,-0.274408,-0.007974,-0.330028,-0.333082,129.154312,87.358765,127.011810,0.696743,0.026045,0.716848,-0.000388
881,-9.741644,0.348213,-0.283373,-0.036965,-0.180487,-0.474993,129.087585,87.389183,126.946045,0.696878,0.025903,0.716722,-0.000519
882,-9.739165,0.373708,-0.289172,-0.023232,0.005676,-0.406326,129.045853,87.380569,126.905640,0.696853,0.025943,0.716744,-0.000462
883,-9.747066,0.348933,-0.282148,0.001182,0.223883,-0.096563,129.023285,87.360474,126.883774,0.696779,0.026040,0.716813,-0.000355
884,-9.746674,0.334881,-0.278854,-0.043069,0.092654,-0.046208,129.231354,87.367455,127.092682,0.696760,0.025966,0.716834,-0.000421
885,-9.760333,0.348489,-0.275880,-0.029336,-0.099613,-0.357496,129.306458,87.386635,127.169128,0.696820,0.025850,0.716780,-0.000520
886,-9.749771,0.354059,-0.273894,-0.040018,-0.151495,-0.319348,129.062836,87.399544,126.927055,0.696924,0.025820,0.716679,-0.000530
887,-9.740819,0.337371,-0.271403,0.030175,0.019409,-0.330030,128.929199,87.414795,126.793976,0.697014,0.025766,0.716595,-0.000578
888,-9.748025,0.326780,-0.268376,0.019493,-0.113347,-0.391067,129.099213,87.446030,126.963249,0.697099,0.025590,0.716517,-0.000764
889,-9.740998,0.336991,-0.275382,0.027122,-0.406324,-0.484148,129.239456,87.475937,127.102646,0.697187,0.025427,0.716438,-0.000937
890,-9.729312,0.346084,-0.288687,0.048485,-0.511613,-0.284252,129.259766,87.477798,127.121460,0.697190,0.025422,0.716435,-0.000959
891,-9.732567,0.340195,-0.272947,0.150722,-0.323924,0.049926,129.088013,87.466728,126.946312,0.697184,0.025527,0.716438,-0.000898
892,-9.756893,0.328287,-0.261551,0.095789,-0.551287,0.202518,128.634674,87.476173,126.488541,0.697318,0.025583,0.716305,-0.000894
893,-9.741403,0.364516,-0.265693,0.057641,-0.716087,0.059081,127.771362,87.478340,125.622742,0.697513,0.025730,0.716109,-0.000779
894,-9.744617,0.370282,-0.264560,0.100367,-0.436843,-0.037052,126.768280,87.452393,124.617241,0.697637,0.026034,0.715978,-0.000503
895,-9.746712,0.361948,-0.252167,0.098841,-0.236947,-0.056889,126.034172,87.434479,123.880379,0.697734,0.026261,0.715875,-0.000312
896,-9.735624,0.350859,-0.253747,-0.030863,-0.313243,-0.012637,125.608704,87.437378,123.453865,0.697842,0.026319,0.715768,-0.000267
897,-9.731791,0.357175,-0.259958,-0.009500,-0.258310,-0.124030,125.502327,87.442429,123.347862,0.697885,0.026307,0.715727,-0.000273
898,-9.734736,0.349003,-0.255413,0.039330,0.104861,-0.171334,125.672501,87.445030,123.517464,0.697855,0.026272,0.715757,-0.000316
899,-9.734102,0.349634,-0.249981,0.057641,0.231513,-0.096563,125.913124,87.450859,123.756630,0.697822,0.026214,0.715792,-0.000392
900,-9.740730,0.343399,-0.258280,0.014915,0.072817,-0.032475,126.158043,87.456238,124.000374,0.697787,0.026155,0.715828,-0.000466
901,-9.743206,0.348070,-0.265928,0.043908,0.028565,-0.011112,126.501450,87.455086,124.342529,0.697705,0.026115,0.715909,-0.000522
902,-9.745397,0.353073,-0.260075,0.068323,0.168950,0.040770,126.702553,87.444572,124.541573,0.697621,0.026148,0.715989,-0.000513
903,-9.739285,0.345157,-0.260548,0.112575,0.156743,0.098755,126.800385,87.437073,124.636398,0.697571,0.026189,0.716037,-0.000509
904,-9.747823,0.334952,-0.265379,0.101893,0.120120,0.031614,127.111145,87.441513,124.943436,0.697518,0.026140,0.716090,-0.000604
905,-9.738612,0.324964,-0.253982,0.077478,0.080446,-0.046208,127.502869,87.464561,125.331909,0.697519,0.025982,0.716095,-0.000802
906,-9.730217,0.345060,-0.265927,0.010337,-0.163702,-0.502460,127.740479,87.486664,125.567963,0.697551,0.025843,0.716068,-0.000960
907,-9.724963,0.353202,-0.281154,-0.003396,-0.320872,-0.534504,127.961334,87.482384,125.788788,0.697487,0.025830,0.716131,-0.000975
908,-9.740208,0.343502,-0.278516,-0.114789,-0.470413,-0.049260,128.114090,87.467964,125.943092,0.697399,0.025865,0.716216,-0.000920
909,-9.741005,0.348322,-0.269263,-0.264329,-0.745080,0.233037,127.796234,87.459709,125.631134,0.697437,0.025921,0.716177,-0.000791
910,-9.747996,0.370864,-0.272093,-0.288744,-0.957183,0.187259,126.919266,87.442505,124.763023,0.697565,0.026094,0.716046,-0.000509
911,-9.756945,0.371483,-0.258640,-0.302477,-0.774072,0.544325,125.746605,87.415024,123.599937,0.697729,0.026359,0.715877,-0.000125
912,-9.765461,0.356355,-0.251650,-0.334521,-0.499406,0.612992,124.763535,87.401802,122.627205,0.697909,0.026516,0.715696,0.000160
913,-9.755627,0.363302,-0.250403,-0.346729,-0.473465,0.359688,124.160683,87.402481,122.035461,0.698051,0.026538,0.715556,0.000317
914,-9.751466,0.365941,-0.250575,-0.259750,-0.505509,0.280340,123.727814,87.402939,121.612099,0.698155,0.026540,0.715455,0.000439
915,-9.739348,0.357670,-0.251541,-0.172773,-0.319346,0.191837,123.587776,87.406860,121.478752,0.698201,0.026500,0.715411,0.000480
916,-9.739075,0.356619,-0.252859,-0.084270,-0.066043,0.062133,123.829033,87.413734,121.723740,0.698168,0.026405,0.715447,0.000430
918,-9.730378,0.354556,-0.255468,-0.064433,-0.493302,-0.125556,124.159538,87.425034,122.056053,0.698131,0.026285,0.715487,0.000332
919,-9.708672,0.367677,-0.269324,0.071374,-0.645895,-0.420059,124.470886,87.430519,122.366402,0.698078,0.026215,0.715542,0.000251
920,-9.725549,0.378673,-0.265077,0.330781,-0.439895,-0.688622,124.736771,87.420860,122.625160,0.697982,0.026268,0.715633,0.000216
921,-9.744595,0.359466,-0.229709,0.317049,-0.812220,-0.195748,124.342972,87.434631,122.220589,0.698122,0.026326,0.715495,0.000141
922,-9.762063,0.336060,-0.199966,0.088160,-2.039065,-0.075200,122.773796,87.510605,120.644539,0.698745,0.026202,0.714891,-0.000068
923,-9.784265,0.352471,-0.172089,-0.162091,-3.120946,-0.580282,119.813332,87.627518,117.684967,0.699792,0.025964,0.713874,-0.000295
924,-9.808207,0.382577,-0.127887,-0.572566,-4.459182,-1.111304,114.859032,87.740768,112.743210,0.701223,0.025808,0.712474,-0.000299
925,-9.809119,0.332315,-0.106216,-1.138684,-6.242989,-1.010592,108.783676,87.855156,106.694954,0.702833,0.025492,0.710898,-0.000278
926,-9.789881,0.364554,-0.108714,-1.239396,-7.913877,-1.486681,102.139252,87.965485,100.086815,0.704462,0.024982,0.709302,-0.000344
927,-9.782403,0.387621,-0.075373,-1.276018,-9.740409,-0.804593,93.749290,88.018997,91.733864,0.706307,0.024642,0.707476,-0.000225
928,-9.777017,0.378312,0.011387,-1.453025,-12.192571,1.142488,82.943268,87.967697,80.967430,0.708645,0.024606,0.705136,0.000226
929,-9.784383,0.358092,0.120837,-1.588832,-15.650321,2.680621,70.142052,87.765678,68.209610,0.711773,0.024806,0.701971,0.000963
930,-9.786824,0.410091,0.259370,-1.645291,-20.159428,3.043791,57.067474,87.354027,55.180000,0.715923,0.025199,0.697722,0.001911
931,-9.810887,0.420841,0.417007,-1.811617,-25.127842,3.829643,45.699913,86.689613,43.858738,0.721219,0.025743,0.692223,0.003031
932,-9.767348,0.410858,0.587368,-1.956580,-29.108980,4.501050,36.911522,85.798393,35.119915,0.727512,0.026290,0.685578,0.004195
933,-9.724106,0.454473,0.750608,-1.971838,-31.280373,3.753347,30.602316,84.756111,28.860792,0.734374,0.026777,0.678196,0.005308
934,-9.688204,0.446582,0.907931,-1.866551,-31.472643,2.718769,26.049755,83.669304,24.354822,0.741279,0.027068,0.670623,0.006183
935,-9.639054,0.470181,1.071928,-1.628506,-30.344982,1.545332,22.638041,82.611534,20.982391,0.747863,0.027122,0.663265,0.006732
936,-9.624279,0.457223,1.244906,-1.440816,-29.566761,0.503126,19.929585,81.597435,18.304876,0.754082,0.026964,0.656190,0.006967
937,-9.641775,0.451754,1.395109,-0.966255,-30.341928,-1.207437,17.512762,80.607567,15.905320,0.760112,0.026530,0.649215,0.006759
938,-9.628106,0.457455,1.559829,-0.184981,-32.882595,-1.680474,15.338799,79.580345,13.723280,0.766269,0.026037,0.641962,0.006183
939,-9.589484,0.459056,1.752848,0.463538,-36.474625,-0.716089,13.553163,78.438965,11.903314,0.772907,0.025820,0.633970,0.005563
940,-9.550985,0.486665,1.954119,0.516945,-39.686695,0.173526,12.213820,77.161713,10.516572,0.780102,0.025986,0.625092,0.005172
941,-9.492824,0.516091,2.178878,0.321626,-41.133274,0.867822,11.261578,75.788116,9.517584,0.787633,0.026453,0.615556,0.005096
942,-9.453404,0.539173,2.430185,0.217863,-40.872341,1.755910,10.610212,74.373970,8.824819,0.795203,0.027139,0.605712,0.005311
943,-9.400045,0.536842,2.670356,-0.188033,-39.976620,2.003110,10.121349,72.966553,8.305442,0.802592,0.027848,0.595851,0.005686
944,-9.354565,0.523190,2.894022,-0.503899,-39.038177,1.443095,9.636137,71.596268,7.803478,0.809687,0.028305,0.586149,0.005980
945,-9.333073,0.484816,3.126468,-0.810609,-39.015289,1.420207,9.093543,70.255775,7.257802,0.816548,0.028400,0.576546,0.006081
946,-9.260163,0.486434,3.361923,-0.734314,-40.022400,1.031096,8.528622,68.899719,6.695677,0.823392,0.028269,0.566737,0.006031
947,-9.165543,0.492327,3.583543,-1.070017,-41.749748,0.464977,7.973006,67.491646,6.143617,0.830376,0.028028,0.556467,0.005886
948,-9.051557,0.476942,3.787850,-1.370625,-42.859097,0.110962,7.419850,66.039909,5.601357,0.837447,0.027619,0.545791,0.005666
949,-8.928785,0.512044,3.981474,-1.594935,-42.877407,-0.531452,6.913155,64.582550,5.107995,0.844402,0.027155,0.534993,0.005423
950,-8.789631,0.545338,4.171303,-1.414877,-42.292976,-1.048741,6.501594,63.149063,4.699203,0.851091,0.026840,0.524306,0.005204
951,-8.681374,0.553295,4.367378,-1.471335,-42.003052,-1.340193,6.160986,61.744560,4.350760,0.857502,0.026642,0.513766,0.004978
952,-8.579276,0.522032,4.580543,-1.269914,-42.828575,-1.219644,5.838520,60.341129,4.017456,0.863778,0.026409,0.503159,0.004684
953,-8.495046,0.524878,4.811019,-1.082225,-44.873314,-1.215067,5.530071,58.890560,3.692178,0.870124,0.026169,0.492118,0.004319
954,-8.375936,0.544919,5.058597,-0.914373,-47.847343,-0.075200,5.292840,57.342827,3.431512,0.876720,0.026143,0.480272,0.004099
955,-8.222721,0.519979,5.304489,-0.763307,-50.330025,1.560592,5.136445,55.680946,3.256884,0.883601,0.026348,0.467480,0.004185
956,-8.050019,0.513059,5.527435,-0.889959,-51.106720,2.618058,5.025370,53.953663,3.142882,0.890544,0.026627,0.454095,0.004536
957,-7.875676,0.573403,5.745072,-0.958625,-48.828514,2.503614,4.969535,52.256248,3.087473,0.897156,0.027057,0.440855,0.005079
958,-7.695435,0.580443,5.946311,-0.944892,-44.298042,2.654681,4.959118,50.684490,3.075185,0.903093,0.027611,0.428519,0.005717
959,-7.571104,0.564021,6.123455,-1.166151,-38.819969,1.916133,4.930467,49.308193,3.053315,0.908157,0.027975,0.417647,0.006255
960,-7.470960,0.562904,6.291809,-1.169202,-33.317482,0.843407,4.858027,48.153755,2.991299,0.912319,0.028042,0.408467,0.006525
961,-7.372618,0.547593,6.449077,-0.885380,-29.142551,-0.117926,4.752432,47.185059,2.888183,0.915754,0.027906,0.400716,0.006487
962,-7.286106,0.528283,6.599150,-0.938788,-27.590685,-0.546711,4.616178,46.318504,2.750517,0.918785,0.027585,0.393745,0.006214
963,-7.197062,0.482948,6.731737,-0.929632,-27.984373,-0.771022,4.441879,45.468807,2.581153,0.921717,0.027035,0.386877,0.005785
964,-7.077790,0.499844,6.860028,-0.992195,-29.458420,-1.424118,4.249420,44.575138,2.389906,0.924748,0.026394,0.379628,0.005225
965,-6.943116,0.509027,6.974878,-1.361468,-32.183720,-1.874267,4.062114,43.592411,2.193567,0.928009,0.025799,0.371635,0.004605
966,-6.805251,0.521412,7.072668,-1.582728,-34.258980,-1.654533,3.891663,42.521477,2.011610,0.931475,0.025277,0.362903,0.004039
967,-6.654368,0.537883,7.169841,-1.807039,-35.408001,-1.332563,3.757041,41.399071,1.865139,0.935009,0.024911,0.353730,0.003632
968,-6.499311,0.561611,7.295391,-1.904698,-36.138920,-1.356977,3.658162,40.244167,1.749532,0.938542,0.024717,0.344264,0.003349
969,-6.385729,0.526816,7.436954,-1.871129,-37.226902,-1.057896,3.565687,39.063396,1.641538,0.942053,0.024531,0.334552,0.003093
970,-6.229445,0.514550,7.588157,-1.666655,-38.383556,-0.932770,3.465125,37.847363,1.530018,0.945566,0.024270,0.324513,0.002820
971,-6.053614,0.485718,7.763974,-1.593410,-39.624134,-1.152503,3.353577,36.571720,1.406768,0.949138,0.023932,0.313941,0.002471
972,-5.845608,0.471111,7.904914,-1.385883,-40.361156,-1.500414,3.227770,35.237194,1.264684,0.952751,0.023502,0.302837,0.001990
973,-5.648855,0.488647,8.029548,-1.472862,-39.399822,-1.666740,3.113739,33.893169,1.123402,0.956255,0.023132,0.291613,0.001455
974,-5.446833,0.494899,8.140325,-1.248550,-36.442577,-1.244059,3.033030,32.612812,1.007539,0.959466,0.022932,0.280888,0.001005
975,-5.301620,0.492902,8.258647,-1.210402,-31.992979,-0.885467,2.981660,31.468203,0.922085,0.962230,0.022860,0.271274,0.000688
976,-5.176775,0.497562,8.352362,-1.068492,-27.723442,-0.302563,2.954182,30.496557,0.867157,0.964498,0.022879,0.263095,0.000519
977,-5.078022,0.470729,8.440737,-0.993722,-23.859798,-0.275097,2.932391,29.690100,0.827574,0.966328,0.022883,0.256294,0.000423
978,-4.995513,0.468873,8.516950,-0.758729,-21.798273,-0.227793,2.906684,29.008005,0.788566,0.967840,0.022831,0.250530,0.000308
979,-4.900138,0.433490,8.589859,-0.589351,-22.024109,-0.246104,2.872890,28.367582,0.744076,0.969230,0.022713,0.245109,0.000151
980,-4.773376,0.418765,8.634851,-0.534418,-24.139042,-0.584860,2.818895,27.679947,0.681501,0.970692,0.022460,0.239276,-0.000111
981,-4.632327,0.416207,8.683208,-0.490166,-26.362316,-0.952608,2.756174,26.901186,0.601271,0.972306,0.022170,0.232659,-0.000492
982,-4.483954,0.409044,8.752434,-0.348255,-28.805321,-1.144874,2.692791,26.022587,0.508694,0.974071,0.021894,0.225180,-0.000966
983,-4.329345,0.389574,8.842287,-0.374196,-30.587601,-1.653007,2.619985,25.052176,0.398846,0.975954,0.021563,0.216904,-0.001561
984,-4.173092,0.422571,8.924578,-0.558833,-30.357187,-2.293896,2.548322,24.042278,0.273924,0.977837,0.021251,0.208272,-0.002294
985,-4.020988,0.414086,9.011106,-0.545099,-28.906033,-2.548726,2.487319,23.056934,0.143370,0.979599,0.021016,0.199834,-0.003112
986,-3.895689,0.402987,9.079802,-0.638180,-27.708181,-2.885955,2.422138,22.126675,0.005218,0.981197,0.020734,0.191852,-0.004011
987,-3.764240,0.411695,9.134585,-1.001351,-26.281441,-2.707422,2.356865,21.257795,-0.130048,0.982630,0.020422,0.184385,-0.004909
988,-3.642951,0.402741,9.170909,-0.941840,-23.830805,-2.055851,2.302209,20.469002,-0.243571,0.983880,0.020147,0.177599,-0.005661
989,-3.522217,0.375492,9.205337,-0.821292,-22.323191,-1.611807,2.251897,19.758917,-0.336661,0.984967,0.019863,0.171485,-0.006265
990,-3.405890,0.384728,9.226707,-0.897588,-20.568377,-1.060948,2.208952,19.108967,-0.409573,0.985927,0.019601,0.165886,-0.006723
991,-3.296225,0.382718,9.272804,-0.842655,-18.200142,-0.117927,2.184054,18.526098,-0.450138,0.986761,0.019442,0.160863,-0.006944
992,-3.216417,0.376274,9.315479,-0.320787,-15.961608,0.701495,2.179528,18.020308,-0.456683,0.987462,0.019408,0.156505,-0.006914
993,-3.145635,0.365977,9.364507,-0.444387,-14.769861,0.548903,2.179654,17.577194,-0.451374,0.988061,0.019398,0.152686,-0.006798
994,-3.078694,0.374912,9.411612,-1.457602,-14.278510,-0.215585,2.154574,17.163692,-0.461508,0.988610,0.019191,0.149120,-0.006787
995,-3.022545,0.344286,9.456082,-2.269395,-14.756126,-1.100622,2.082403,16.752560,-0.502492,0.989148,0.018616,0.145569,-0.006985
996,-2.937699,0.339900,9.479322,-3.125439,-16.553665,-2.315259,1.963576,16.300192,-0.583040,0.989730,0.017683,0.141658,-0.007465
997,-2.832268,0.325979,9.514526,-4.213424,-18.720482,-3.658073,1.805056,15.764117,-0.707380,0.990397,0.016449,0.137018,-0.008274
998,-2.728932,0.288179,9.552279,-5.107615,-21.744865,-4.585836,1.600965,15.123464,-0.872160,0.991164,0.014850,0.131472,-0.009382
999,-2.594179,0.233631,9.589074,-4.738341,-24.811974,-4.352369,1.373591,14.363882,-1.051969,0.992027,0.013040,0.124897,-0.010606
1000,-2.469645,0.234039,9.623869,-4.605587,-28.178165,-4.759790,1.163101,13.486656,-1.231807,0.992961,0.011341,0.117301,-0.011866
1001,-2.263253,0.187115,9.656281,-4.390430,-32.115051,-5.144325,0.968607,12.466868,-1.420920,0.993964,0.009748,0.108463,-0.013244
1002,-2.055097,0.168330,9.713967,-4.016579,-36.062622,-5.650932,0.785174,11.278831,-1.622867,0.995027,0.008210,0.098159,-0.014766
1003,-1.792462,0.126794,9.696777,-2.516595,-39.035126,-4.407302,0.641230,9.940918,-1.809233,0.996092,0.006942,0.086542,-0.016213
1004,-1.564648,0.138838,9.732093,-2.135114,-39.280800,-4.326428,0.547374,8.529794,-1.968759,0.997066,0.006040,0.074274,-0.017487
1005,-1.311873,0.090832,9.749083,-0.644284,-36.219795,-3.217081,0.492977,7.161250,-2.105270,0.997865,0.005440,0.062363,-0.018604
1006,-1.192667,0.118272,9.803238,0.672589,-28.753443,-2.194711,0.494338,6.006595,-2.203938,0.998428,0.005315,0.052300,-0.019431
1007,-1.084426,0.139575,9.807803,1.827714,-19.707754,-1.161659,0.564342,5.204689,-2.263943,0.998757,0.005816,0.045297,-0.019958
1008,-1.054888,0.159476,9.861073,1.707166,-11.466232,-1.837644,0.663867,4.765906,-2.315350,0.998910,0.006627,0.041452,-0.020427
1009,-1.019706,0.161733,9.854596,2.157314,-5.953063,-1.785763,0.765455,4.612453,-2.375715,0.998948,0.007507,0.040092,-0.020982
1010,-1.020401,0.211933,9.879169,2.035240,-2.785242,-1.376815,0.910927,4.714760,-2.423845,0.998892,0.008811,0.040954,-0.021459
1011,-1.014574,0.239806,9.854507,2.068811,-3.056857,-1.668267,1.100924,4.944295,-2.465338,0.998783,0.010524,0.042915,-0.021906
1012,-1.011992,0.240403,9.866362,2.839403,-4.953582,-1.443955,1.281601,5.088143,-2.510539,0.998701,0.012142,0.044130,-0.022380
1013,-0.957833,0.247109,9.912517,3.362795,-6.824367,-0.870207,1.430226,5.042802,-2.549038,0.998695,0.013444,0.043701,-0.022768
1015,-0.950260,0.326130,9.891262,3.420781,-4.581256,-2.089422,1.609387,4.941634,-2.597067,0.998702,0.015004,0.042777,-0.023244
1016,-0.909610,0.326838,9.881153,3.387210,-3.813716,-3.017185,1.814201,4.905236,-2.677723,0.998670,0.016812,0.042407,-0.024018
1017,-0.826983,0.313017,9.892686,2.721907,-2.750146,-3.178933,1.944679,4.824050,-2.781472,0.998659,0.017971,0.041655,-0.024960
1018,-0.772040,0.251103,9.909371,1.708693,-0.906828,-3.578724,1.942961,4.700339,-2.902048,0.998677,0.017973,0.040559,-0.025993
1019,-0.754914,0.237159,9.881879,1.496589,0.402417,-2.347303,1.846786,4.601393,-3.012982,0.998702,0.017152,0.039702,-0.026912
1020,-0.735809,0.220801,9.937816,1.076959,-2.193183,0.074340,1.734275,4.479312,-3.064069,0.998749,0.016162,0.038657,-0.027304
1021,-0.740155,0.221660,9.973282,-0.372670,-3.525316,0.172000,1.608128,4.303411,-3.073517,0.998823,0.015025,0.037152,-0.027323
1022,-0.763076,0.222453,9.999857,-2.217513,-5.406781,-0.192697,1.480930,4.127094,-3.084252,0.998894,0.013879,0.035644,-0.027357
1023,-0.752570,0.259080,9.948990,-4.686460,-7.868098,-0.017215,1.343705,3.923098,-3.094875,0.998970,0.012639,0.033897,-0.027388
1024,-0.725200,0.247961,9.897696,-7.895482,-8.431166,-1.381393,1.138872,3.682903,-3.123750,0.999054,0.010805,0.031850,-0.027560
1025,-0.675832,0.160419,9.825049,-10.462087,-8.446424,-2.179452,0.821425,3.437198,-3.188591,0.999132,0.007997,0.029779,-0.028024
1026,-0.636702,0.140388,9.798934,-11.904087,-8.020692,-1.498889,0.431314,3.198875,-3.254022,0.999197,0.004553,0.027794,-0.028487
1027,-0.612385,0.070466,9.819301,-10.457509,-6.218573,0.205570,0.056017,3.004945,-3.276939,0.999247,0.001238,0.026195,-0.028596
1028,-0.600226,0.020567,9.874346,-7.596401,-3.961730,1.243199,-0.240737,2.891485,-3.252609,0.999278,-0.001383,0.025280,-0.028318
1029,-0.572714,0.038862,9.902760,-4.672727,-2.391553,1.398844,-0.407737,2.845296,-3.206353,0.999297,-0.002861,0.024917,-0.027880
1030,-0.543063,0.013919,9.916369,-1.707853,-0.764916,1.813895,-0.415297,2.859554,-3.147653,0.999307,-0.002936,0.025042,-0.027366
1031,-0.524606,-0.033004,9.929707,0.501686,1.169957,1.569747,-0.337490,2.927200,-3.086464,0.999309,-0.002255,0.025612,-0.026847
1032,-0.518836,-0.029841,9.916790,0.674115,2.337290,0.641985,-0.263997,3.016829,-3.047196,0.999299,-0.001602,0.026376,-0.026519
1033,-0.539183,0.002645,9.941651,-0.210921,3.072786,-0.171334,-0.196625,3.127728,-3.036600,0.999276,-0.000992,0.027327,-0.026440
1034,-0.574751,-0.025669,10.001804,-0.224655,3.271156,-0.043156,-0.160249,3.266604,-3.038169,0.999242,-0.000642,0.028530,-0.026459
1035,-0.584237,-0.037859,10.066371,-0.723632,2.642475,-0.529926,-0.173699,3.390288,-3.047884,0.999209,-0.000728,0.029611,-0.026538
1036,-0.581978,-0.010874,10.074664,-0.609188,0.516861,-0.745081,-0.193410,3.440930,-3.069122,0.999191,-0.000882,0.030058,-0.026717
1037,-0.586362,0.053174,10.143121,-0.477959,-2.292368,-0.589437,-0.172468,3.396835,-3.088893,0.999198,-0.000705,0.029668,-0.026896
1038,-0.580079,0.027554,10.191013,-0.191084,-6.043093,0.632829,-0.128807,3.239825,-3.084544,0.999238,-0.000362,0.028289,-0.026872
1039,-0.547223,0.033662,10.175570,-0.232285,-10.039492,1.711658,-0.090664,2.951828,-3.042403,0.999316,-0.000107,0.025769,-0.026518
1040,-0.525344,0.084151,10.111861,0.516945,-13.330913,2.914088,-0.023146,2.553118,-2.961686,0.999418,0.000374,0.022276,-0.025832
1041,-0.443467,0.016226,9.975168,0.265168,-15.110142,4.693317,0.040598,2.080058,-2.832611,0.999530,0.000803,0.018137,-0.024719
1042,-0.339858,-0.106382,9.831285,-0.006448,-14.258674,5.221287,0.013950,1.583352,-2.668693,0.999633,0.000443,0.013810,-0.023286
1043,-0.232072,-0.086317,9.775594,0.408605,-11.629505,3.904413,-0.054391,1.130412,-2.518824,0.999710,-0.000258,0.009873,-0.021973
1044,-0.148734,-0.059670,9.695825,1.513374,-9.308573,2.825584,-0.075060,0.749908,-2.407597,0.999758,-0.000517,0.006556,-0.021004
1045,-0.067255,-0.107404,9.703681,0.993033,-6.578692,1.693347,-0.126947,0.421432,-2.333196,0.999785,-0.001033,0.003699,-0.020355
1046,-0.039238,-0.038940,9.816459,1.002189,-3.960205,-0.037052,-0.181487,0.173191,-2.306021,0.999795,-0.001553,0.001543,-0.020120
1047,-0.015065,0.067248,9.874731,1.287537,-2.896635,-0.471941,-0.080518,0.021799,-2.314170,0.999796,-0.000699,0.000204,-0.020193
1048,0.010026,0.008464,9.820254,0.709211,-2.585346,0.484814,0.046296,-0.091709,-2.313812,0.999796,0.000388,-0.000808,-0.020190
1049,-0.000632,-0.011737,9.873973,-1.053233,-1.183020,0.570266,0.042599,-0.152509,-2.296238,0.999798,0.000345,-0.001338,-0.020037
1050,-0.032411,0.068930,9.947317,-1.160048,-0.165228,0.591629,0.037672,-0.117047,-2.276976,0.999802,0.000308,-0.001028,-0.019869
1051,-0.049819,0.042315,9.950316,-0.610714,-0.406324,1.252355,0.082845,-0.027532,-2.246390,0.999808,0.000718,-0.000254,-0.019602
1052,-0.052930,-0.043577,9.857071,-0.123944,-0.746605,1.562118,0.053253,0.051746,-2.199528,0.999816,0.000473,0.000443,-0.019194
1053,-0.059355,-0.056263,9.874939,-0.452018,0.103335,0.832725,-0.051732,0.124746,-2.159761,0.999822,-0.000431,0.001097,-0.018846
1054,-0.069559,0.020070,9.867466,-0.203292,0.507705,0.040770,-0.090796,0.211191,-2.145310,0.999823,-0.000758,0.001858,-0.018719
1055,-0.059817,-0.034203,9.868613,-0.508476,0.574846,0.060607,-0.094581,0.284599,-2.143651,0.999822,-0.000779,0.002499,-0.018704
1056,-0.075109,-0.028618,9.944600,-0.961677,1.034150,-0.508563,-0.142870,0.349296,-2.151303,0.999818,-0.001189,0.003071,-0.018769
1057,-0.087413,-0.024534,10.014259,-1.480492,0.562639,-0.949556,-0.192773,0.415700,-2.175761,0.999812,-0.001613,0.003659,-0.018980
1058,-0.069426,0.005335,9.975232,-1.224136,-0.725243,-1.059422,-0.207973,0.430725,-2.209038,0.999806,-0.001742,0.003793,-0.019269
1059,-0.012881,-0.050043,9.922523,-0.937263,-1.605701,-0.641319,-0.225190,0.342004,-2.237094,0.999803,-0.001907,0.003022,-0.019515
1060,0.002646,-0.072610,9.881042,-0.732789,-1.796442,-0.417008,-0.290004,0.190060,-2.254637,0.999802,-0.002498,0.001708,-0.019670
1061,-0.003416,-0.094599,9.831217,-0.596981,-1.550768,-0.223215,-0.373138,0.063878,-2.265145,0.999799,-0.003245,0.000622,-0.019764
1062,-0.020339,-0.034222,9.891381,-0.560359,-0.493302,-0.442948,-0.403952,0.014239,-2.276054,0.999797,-0.003522,0.000194,-0.019860
1063,-0.058712,-0.019855,9.971750,-0.606136,0.020935,-0.288830,-0.361435,0.056560,-2.288154,0.999796,-0.003144,0.000556,-0.019965
1064,-0.089789,-0.085044,9.988209,-0.793825,-0.285776,0.091125,-0.362980,0.156335,-2.291403,0.999794,-0.003140,0.001427,-0.019990
1065,-0.091694,-0.107799,9.984612,-0.896061,-0.505509,-0.165230,-0.442081,0.253572,-2.292759,0.999790,-0.003813,0.002290,-0.019998
1066,-0.074160,-0.072921,9.981354,-0.943366,-0.734398,-0.467363,-0.503732,0.305075,-2.303330,0.999785,-0.004341,0.002750,-0.020087
1067,-0.056665,-0.094898,9.935691,-1.063913,-1.065524,-0.359023,-0.539921,0.300793,-2.316880,0.999781,-0.004658,0.002720,-0.020205
1068,-0.057275,-0.100048,9.933041,-1.417929,-0.899198,-0.514667,-0.592109,0.274736,-2.331183,0.999777,-0.005117,0.002502,-0.020329
1069,-0.077837,-0.080118,9.994318,-1.947424,-0.690146,-0.935822,-0.635559,0.274793,-2.355026,0.999771,-0.005496,0.002511,-0.020536
1070,-0.069422,-0.064711,10.011306,-1.958107,-1.347820,-1.221170,-0.647756,0.279626,-2.390357,0.999764,-0.005601,0.002558,-0.020844
1071,-0.024672,-0.104279,9.988711,-2.215988,-2.127568,-1.146400,-0.675511,0.219173,-2.428946,0.999756,-0.005853,0.002037,-0.021183
1072,0.000374,-0.129924,9.980910,-2.318225,-2.452590,-1.163185,-0.749249,0.109189,-2.466440,0.999747,-0.006516,0.001093,-0.021515
1073,0.048039,-0.125013,9.919464,-2.019143,-2.910368,-1.237955,-0.824440,-0.021267,-2.505191,0.999735,-0.007197,-0.000028,-0.021861
1074,0.108754,-0.143195,9.882409,-1.414877,-2.855435,-1.071629,-0.880540,-0.224920,-2.542173,0.999722,-0.007726,-0.001792,-0.022197
1075,0.140282,-0.148034,9.818885,-1.138683,-2.390027,-0.749659,-0.921435,-0.473164,-2.571042,0.999707,-0.008131,-0.003948,-0.022467
1076,0.135139,-0.155014,9.833630,-0.838077,-1.340190,-0.597067,-0.949486,-0.656702,-2.592419,0.999692,-0.008413,-0.005542,-0.022668
1077,0.142582,-0.183484,9.852991,-0.455070,-0.842739,-0.589437,-0.984011,-0.758252,-2.611377,0.999680,-0.008735,-0.006419,-0.022842
1078,0.147928,-0.190236,9.871782,-0.036965,-0.609272,-0.734400,-1.023561,-0.819145,-2.632589,0.999669,-0.009094,-0.006941,-0.023034
1079,0.153917,-0.179254,9.878131,0.341463,-0.423109,-0.957185,-1.036217,-0.859987,-2.660217,0.999660,-0.009214,-0.007293,-0.023279
1080,0.156212,-0.160376,9.909098,0.681745,-0.288828,-1.285259,-1.006207,-0.888041,-2.697570,0.999653,-0.008960,-0.007540,-0.023605
1081,0.156171,-0.141981,9.876398,1.093745,-0.525346,-1.372237,-0.937049,-0.910470,-2.742238,0.999647,-0.008365,-0.007747,-0.023992
1082,0.155099,-0.130736,9.856109,1.514900,-0.197272,-1.231851,-0.844921,-0.924355,-2.786210,0.999643,-0.007567,-0.007885,-0.024370
1083,0.132646,-0.131664,9.868114,1.817033,0.358165,-1.100622,-0.754424,-0.900440,-2.825657,0.999642,-0.006775,-0.007693,-0.024706
1084,0.101014,-0.094010,9.897458,2.039818,0.883083,-1.225748,-0.650799,-0.817560,-2.865222,0.999645,-0.005856,-0.006990,-0.025041
1085,0.068490,-0.070216,9.944531,1.810929,1.174535,-1.166237,-0.525233,-0.685184,-2.906172,0.999649,-0.004734,-0.005861,-0.025385
1086,0.057640,-0.066462,9.962160,1.948263,1.043305,-1.236430,-0.410252,-0.544994,-2.946997,0.999651,-0.003701,-0.004662,-0.025731
1087,0.057373,-0.067378,9.965049,1.852130,0.623676,-1.338667,-0.324427,-0.441648,-2.990201,0.999648,-0.002931,-0.003779,-0.026102
1088,0.050310,-0.049023,9.945959,1.658337,0.323069,-1.320356,-0.256946,-0.377169,-3.034598,0.999641,-0.002329,-0.003231,-0.026486
1089,0.042992,-0.053898,9.951261,1.282959,0.225409,-1.060948,-0.209191,-0.330660,-3.074277,0.999634,-0.001902,-0.002836,-0.026830
1090,0.053424,-0.071967,9.917993,0.996087,0.007202,-0.894622,-0.205683,-0.306679,-3.106667,0.999627,-0.001867,-0.002627,-0.027112
1091,0.051242,-0.070321,9.909514,0.428442,0.184209,-0.726770,-0.236122,-0.299270,-3.133403,0.999621,-0.002131,-0.002554,-0.027346
1092,0.010417,-0.043783,9.938837,-0.151411,0.593157,-0.667259,-0.260350,-0.253132,-3.156546,0.999615,-0.002332,-0.002146,-0.027547
1093,0.015257,-0.089774,9.939273,-0.452018,0.512283,-0.465837,-0.306795,-0.180880,-3.175387,0.999611,-0.002720,-0.001504,-0.027711
1094,0.062989,-0.112635,9.900908,-0.679381,0.283394,-0.418533,-0.405890,-0.170171,-3.189942,0.999605,-0.003582,-0.001386,-0.027839
1095,0.042046,-0.069241,9.905971,-0.528315,0.667927,-0.301037,-0.471253,-0.188625,-3.201873,0.999600,-0.004157,-0.001531,-0.027944
1096,-0.032545,-0.070753,9.977886,-0.958625,1.124179,-0.262889,-0.486626,-0.118503,-3.211545,0.999598,-0.004274,-0.000915,-0.028026
1097,0.011837,-0.103216,9.957317,-0.705322,0.608416,-0.296459,-0.519988,-0.032923,-3.221144,0.999595,-0.004544,-0.000160,-0.028107
1098,0.028240,-0.159883,9.913281,-0.496270,0.336802,-0.122504,-0.608178,-0.027891,-3.228232,0.999589,-0.005312,-0.000094,-0.028169
1099,-0.066075,-0.070598,9.975228,-0.946417,1.034150,-0.772548,-0.659066,0.031739,-3.243385,0.999583,-0.005741,0.000440,-0.028298
1100,-0.024386,-0.081928,10.005655,-0.882329,0.741172,-1.082311,-0.637244,0.129689,-3.274629,0.999576,-0.005526,0.001290,-0.028566
1101,0.094521,-0.200756,9.861197,-0.012550,-0.485672,-0.420059,-0.697401,0.057545,-3.299812,0.999567,-0.006069,0.000677,-0.028789
1102,0.057347,-0.151001,9.854743,0.077478,0.284920,-0.635215,-0.790890,-0.088660,-3.317335,0.999557,-0.006921,-0.000574,-0.028950
1103,0.038415,-0.016812,9.975192,-0.059855,1.209631,-1.216592,-0.722029,-0.133876,-3.348659,0.999552,-0.006332,-0.000984,-0.029225
1104,0.086259,-0.110289,9.974350,0.436070,0.112491,-0.409378,-0.611316,-0.177954,-3.376305,0.999550,-0.005378,-0.001395,-0.029467
1105,0.051505,-0.159793,9.912499,0.980826,-0.763391,-0.061467,-0.617492,-0.253060,-3.383987,0.999547,-0.005451,-0.002048,-0.029538
1106,0.020184,-0.052116,10.002900,0.788559,-0.262887,-0.993807,-0.587021,-0.267986,-3.401436,0.999543,-0.005190,-0.002186,-0.029690
1107,0.055841,-0.058633,9.988500,0.874011,-1.076205,-0.902252,-0.483210,-0.279244,-3.433162,0.999539,-0.004288,-0.002309,-0.029965
1108,0.060667,-0.113468,9.887855,1.025078,-2.005494,-0.484148,-0.441237,-0.347402,-3.455897,0.999533,-0.003940,-0.002914,-0.030165
1109,0.087668,-0.097542,9.827092,1.191404,-1.573657,-0.673363,-0.444390,-0.438668,-3.474498,0.999525,-0.003992,-0.003709,-0.030330
1110,0.105374,-0.083430,9.883656,0.770248,-0.587909,-0.882415,-0.433709,-0.519670,-3.500015,0.999516,-0.003921,-0.004417,-0.030555
1111,0.076556,-0.033152,9.896271,0.793138,-0.314768,-0.697778,-0.380407,-0.547660,-3.526511,0.999509,-0.003465,-0.004675,-0.030785
1112,0.058242,-0.091881,9.953434,0.686323,-0.139287,-0.359022,-0.343151,-0.516819,-3.544171,0.999507,-0.003133,-0.004415,-0.030937
1113,0.061641,-0.064964,9.931863,0.872486,-0.185065,-0.470415,-0.341067,-0.472492,-3.557727,0.999505,-0.003103,-0.004029,-0.031054
1114,0.036197,-0.058263,9.978502,0.613078,-0.082828,-0.586385,-0.319515,-0.420272,-3.575269,0.999502,-0.002901,-0.003579,-0.031205
1115,0.057890,-0.031900,9.977870,0.581034,-0.583331,-0.590963,-0.280428,-0.384476,-3.594946,0.999499,-0.002551,-0.003277,-0.031375
1116,0.100572,-0.086117,9.912495,0.968619,-1.292887,-0.284252,-0.265293,-0.430341,-3.609309,0.999494,-0.002432,-0.003681,-0.031500
1118,0.105251,-0.062621,9.948314,0.545937,0.190313,-0.420059,-0.281642,-0.498456,-3.620659,0.999488,-0.002594,-0.004270,-0.031601
1119,0.058219,-0.051289,10.119029,0.472693,1.075350,-0.551289,-0.277825,-0.489626,-3.636845,0.999484,-0.002559,-0.004194,-0.031742
1120,0.047220,-0.075554,10.124309,0.648174,0.295602,-0.220163,-0.269610,-0.440757,-3.649720,0.999482,-0.002474,-0.003769,-0.031853
1121,0.029247,-0.098439,10.112588,0.756515,-0.020265,-0.229319,-0.275334,-0.403040,-3.657000,0.999481,-0.002514,-0.003439,-0.031916
1122,0.027878,-0.050764,10.059672,0.677167,-0.008058,-0.496356,-0.271485,-0.368949,-3.668941,0.999479,-0.002471,-0.003142,-0.032019
1123,0.048372,0.021805,9.927322,1.173093,-0.951080,-0.482623,-0.188486,-0.356747,-3.685504,0.999476,-0.001744,-0.003059,-0.032161
1124,0.111786,-0.008556,9.804186,1.151730,-0.751183,0.265081,-0.078272,-0.412686,-3.689518,0.999475,-0.000799,-0.003578,-0.032194
1125,0.118325,0.005756,9.836324,1.012870,0.443616,0.655718,-0.008942,-0.494197,-3.674481,0.999477,-0.000216,-0.004308,-0.032060
1126,0.073640,0.012987,9.861163,1.388248,0.970061,0.715229,0.057042,-0.498666,-3.651891,0.999483,0.000359,-0.004365,-0.031861
1127,0.015914,-0.014828,9.970682,1.316530,1.411053,0.661821,0.094234,-0.395871,-3.628804,0.999492,0.000713,-0.003479,-0.031659
1128,-0.014891,-0.032462,9.996795,1.357731,0.902920,0.463451,0.082367,-0.238875,-3.609567,0.999502,0.000653,-0.002106,-0.031493
1129,-0.038607,-0.031649,10.011666,1.238708,0.361216,-0.198800,0.053128,-0.092341,-3.604783,0.999505,0.000438,-0.000820,-0.031452
1130,-0.017679,-0.002854,9.960645,1.301271,-0.189643,-0.896149,0.051079,-0.002284,-3.622903,0.999500,0.000445,-0.000034,-0.031611
1131,0.004463,0.020815,9.939301,1.002189,-0.130132,-0.989230,0.089390,0.015172,-3.654301,0.999491,0.000784,0.000107,-0.031884
1132,0.026279,0.056658,9.946000,0.730575,0.115542,-1.176918,0.159059,-0.010324,-3.690408,0.999481,0.001384,-0.000135,-0.032199
1133,0.041389,0.055442,9.980982,0.329257,0.165898,-1.179971,0.229574,-0.058007,-3.729725,0.999468,0.001986,-0.000571,-0.032541
1134,0.049947,0.056158,9.959806,0.501686,-0.012635,-1.511096,0.277184,-0.116135,-3.774638,0.999454,0.002384,-0.001093,-0.032931
1135,0.045947,0.103954,9.914916,0.977774,0.170476,-2.112311,0.357588,-0.163663,-3.835172,0.999434,0.003071,-0.001532,-0.033457
1136,0.068911,0.118861,9.886498,1.040337,0.405468,-2.193185,0.478745,-0.204871,-3.907167,0.999409,0.004114,-0.001929,-0.034082
1137,0.081745,0.114188,9.865051,1.194456,0.538224,-2.100104,0.585032,-0.255882,-3.978913,0.999382,0.005025,-0.002409,-0.034704
1138,0.063795,0.113775,9.871837,1.591196,1.075350,-2.255748,0.666426,-0.279430,-4.051444,0.999356,0.005726,-0.002642,-0.035333
1139,0.029599,0.122503,9.865291,1.415715,1.475142,-1.891052,0.732880,-0.236993,-4.120140,0.999332,0.006317,-0.002297,-0.035933
1140,-0.005902,0.099823,9.932060,0.858752,1.559068,-1.218119,0.756005,-0.135277,-4.171225,0.999315,0.006550,-0.001420,-0.036384
1141,-0.031366,0.109653,9.959894,0.591715,1.015838,-0.822904,0.742575,-0.013696,-4.204565,0.999306,0.006471,-0.000357,-0.036682
1142,-0.039294,0.106796,9.989521,0.234649,0.355112,-0.339185,0.722294,0.083366,-4.223619,0.999301,0.006326,0.000495,-0.036854
1143,-0.024860,0.116524,9.976264,-0.078167,-0.827480,0.406992,0.700481,0.115272,-4.222616,0.999302,0.006146,0.000780,-0.036846
1144,0.000855,0.152410,9.978455,-0.427602,-1.932250,0.971584,0.708281,0.060893,-4.200177,0.999309,0.006196,0.000305,-0.036648
1145,0.030830,0.119163,9.934610,-0.481010,-2.649435,1.467510,0.713603,-0.063818,-4.160442,0.999322,0.006203,-0.000783,-0.036295
1146,0.054714,0.064639,9.910588,-0.412344,-2.902738,1.848991,0.650449,-0.222490,-4.106176,0.999341,0.005603,-0.002144,-0.035814
1147,0.057843,0.074341,9.874351,-0.137677,-2.766931,1.806266,0.566443,-0.366367,-4.045998,0.999360,0.004827,-0.003370,-0.035284
1148,0.054753,0.052078,9.894832,-0.210921,-2.077213,1.545332,0.495711,-0.456129,-3.990527,0.999377,0.004185,-0.004129,-0.034799
1149,0.060853,0.024518,9.915010,-0.244492,-1.251687,1.150118,0.405236,-0.491452,-3.945448,0.999392,0.003387,-0.004408,-0.034408
1150,0.061666,0.052116,9.948822,-0.548152,-0.496354,0.750325,0.330542,-0.488676,-3.913497,0.999404,0.002737,-0.004360,-0.034132
1151,0.056511,0.062422,9.955573,-0.754151,0.017883,0.359689,0.298500,-0.456783,-3.894982,0.999411,0.002468,-0.004072,-0.033973
1152,0.066212,0.060473,9.966719,-1.089855,0.197942,0.086548,0.278090,-0.421275,-3.887625,0.999415,0.002301,-0.003756,-0.033910
1153,0.084262,0.071588,9.942077,-1.109692,0.016357,0.178104,0.265879,-0.416142,-3.883387,0.999417,0.002196,-0.003708,-0.033874
1154,0.085129,0.069916,9.950291,-1.109692,-0.272043,0.352059,0.264978,-0.438888,-3.874832,0.999419,0.002182,-0.003906,-0.033799
1155,0.093950,0.046467,9.917728,-0.819766,-0.792383,0.437511,0.251405,-0.480404,-3.861886,0.999421,0.002051,-0.004264,-0.033685
1156,0.098443,0.063343,9.922229,-0.696166,-0.894620,0.428355,0.241722,-0.534165,-3.847700,0.999424,0.001952,-0.004730,-0.033561
1157,0.097193,0.057508,9.940295,-0.627500,-1.012116,0.573318,0.246715,-0.581223,-3.831382,0.999426,0.001982,-0.005141,-0.033417
1158,0.090783,0.037822,9.938538,-0.584774,-1.256265,0.614518,0.234450,-0.614866,-3.811816,0.999431,0.001866,-0.005431,-0.033247
1159,0.095998,0.024943,9.912995,-0.249070,-1.364605,0.530592,0.204485,-0.642898,-3.792732,0.999435,0.001598,-0.005666,-0.033081
1160,0.098574,0.038546,9.903732,0.056116,-1.149450,0.342903,0.191535,-0.667158,-3.778223,0.999439,0.001479,-0.005874,-0.032955
1161,0.101803,0.039536,9.920297,-0.154462,-0.822902,0.242192,0.197158,-0.679818,-3.768670,0.999440,0.001524,-0.005986,-0.032871
1162,0.101976,0.020557,9.918537,0.059167,-0.459731,0.121644,0.189953,-0.678553,-3.762612,0.999442,0.001462,-0.005973,-0.032819
1163,0.101171,0.036940,9.933787,0.288056,0.236091,-0.308667,0.188403,-0.657495,-3.765655,0.999443,0.001455,-0.005789,-0.032846
1164,0.107683,0.075595,9.951891,0.220915,1.047883,-0.742029,0.233069,-0.618349,-3.783494,0.999439,0.001855,-0.005460,-0.033000
1165,0.094507,0.069216,9.974683,0.007287,1.499557,-0.713037,0.291963,-0.560701,-3.808152,0.999433,0.002384,-0.004975,-0.033213
1166,0.092952,0.027512,9.939566,0.329257,2.021423,-0.908356,0.301967,-0.488491,-3.834930,0.999428,0.002491,-0.004349,-0.033448
1167,0.098767,0.029961,9.907129,0.068323,3.057526,-1.334089,0.273942,-0.411364,-3.871567,0.999420,0.002268,-0.003669,-0.033770
1168,0.077604,0.030458,9.902767,0.210234,4.201971,-1.828489,0.248726,-0.306175,-3.923477,0.999408,0.002078,-0.002745,-0.034226
1169,0.047212,0.033091,9.913176,0.475745,5.515793,-2.425126,0.239742,-0.144486,-3.993537,0.999390,0.002047,-0.001333,-0.034840
1170,0.014324,0.033411,9.915832,0.550515,6.733480,-2.704370,0.243009,0.072700,-4.078104,0.999364,0.002142,0.000559,-0.035582
1171,-0.037018,0.069097,9.933736,0.079004,7.464400,-2.550251,0.257338,0.327327,-4.164613,0.999333,0.002348,0.002773,-0.036341
1172,-0.084648,0.075205,9.921892,-0.072063,8.030518,-2.000917,0.279002,0.606081,-4.239162,0.999298,0.002629,0.005195,-0.036997
1173,-0.143394,0.080505,9.874420,-0.178877,9.722771,-0.612326,0.298578,0.928006,-4.281023,0.999265,0.002906,0.007995,-0.037370
1174,-0.249594,0.069529,9.893366,0.246857,13.238501,0.968533,0.319312,1.360186,-4.272765,0.999229,0.003227,0.011757,-0.037309
1175,-0.326915,0.071587,9.882921,0.391819,16.320869,1.310340,0.344398,1.922704,-4.231628,0.999171,0.003622,0.016656,-0.036965
1176,-0.408799,0.060385,9.869290,0.487953,18.502943,1.302710,0.367696,2.568367,-4.184244,0.999075,0.004024,0.022279,-0.036569
1177,-0.528210,0.063909,9.918089,0.194974,19.282690,1.119599,0.381860,3.259776,-4.139676,0.998934,0.004356,0.028304,-0.036198
1178,-0.635662,0.078946,9.999973,-0.302477,17.955135,0.593155,0.386933,3.937335,-4.106638,0.998758,0.004603,0.034210,-0.035924
1179,-0.695323,0.061320,9.938319,-0.514580,14.675922,0.641985,0.377596,4.510484,-4.082256,0.998581,0.004692,0.039209,-0.035719
1180,-0.783337,0.043248,9.924232,-0.683959,12.803611,0.905970,0.349231,4.972779,-4.054310,0.998424,0.004577,0.043247,-0.035472
1181,-0.886561,0.043838,9.924527,-0.485589,12.599138,0.982266,0.317860,5.404924,-4.021488,0.998264,0.004423,0.047023,-0.035178
1182,-0.967538,0.015512,9.889142,0.144619,13.531478,1.050933,0.294132,5.861236,-3.987087,0.998080,0.004340,0.051006,-0.034872
1183,-1.053044,-0.017189,9.856336,0.579508,15.211520,0.841881,0.268352,6.368130,-3.957117,0.997854,0.004254,0.055430,-0.034602
1184,-1.135545,-0.002617,9.852154,0.532204,16.500929,0.013303,0.243626,6.926186,-3.945192,0.997576,0.004200,0.060297,-0.034487
1185,-1.239019,-0.015724,9.858381,0.750411,17.529402,0.168948,0.224451,7.522935,-3.944581,0.997248,0.004211,0.065497,-0.034470
1186,-1.348499,0.005332,9.839717,0.870960,18.975979,0.629777,0.218365,8.165821,-3.933161,0.996868,0.004343,0.071093,-0.034365
1187,-1.468943,0.017652,9.816656,1.389774,21.568527,1.517866,0.241193,8.883075,-3.896972,0.996413,0.004730,0.077326,-0.034062
1188,-1.597948,0.043295,9.723999,1.990989,25.133089,2.669940,0.302764,9.713955,-3.823380,0.995844,0.005456,0.084534,-0.033463
1189,-1.764858,0.062226,9.708154,1.333315,29.452984,4.176028,0.384881,10.692159,-3.700906,0.995115,0.006351,0.093014,-0.032463
1190,-1.950636,0.095905,9.689400,0.733626,32.504833,5.321998,0.468740,11.808756,-3.528638,0.994202,0.007234,0.102694,-0.031045
1191,-2.132889,0.082237,9.680702,0.886219,33.821709,6.043761,0.552909,12.999380,-3.322008,0.993128,0.008073,0.113010,-0.029345
1192,-2.315061,0.092110,9.642549,0.681745,33.447853,5.288427,0.628313,14.192825,-3.115613,0.991940,0.008797,0.123344,-0.027654
1193,-2.503402,0.086175,9.658305,-0.090374,31.711351,3.811332,0.673254,15.332775,-2.948008,0.990696,0.009252,0.133209,-0.026277
1194,-2.656790,0.082542,9.590098,-0.160565,29.785633,2.254888,0.681436,16.388971,-2.835517,0.989448,0.009411,0.142342,-0.025336
1195,-2.784568,0.074846,9.469224,-0.154463,28.516066,0.733540,0.667500,17.369846,-2.779061,0.988205,0.009418,0.150814,-0.024850
1196,-2.922022,0.097003,9.350032,0.106472,28.508436,-0.763392,0.649921,18.318897,-2.773915,0.986922,0.009451,0.158998,-0.024798
1197,-3.088763,0.115331,9.280085,0.371982,29.880241,-0.871733,0.651728,19.297102,-2.791126,0.985523,0.009687,0.167415,-0.024963
1198,-3.250000,0.125676,9.184831,0.802293,31.442791,-0.009586,0.683316,20.337601,-2.789789,0.983957,0.010165,0.176350,-0.025013
1199,-3.429007,0.136738,9.090818,1.664441,34.047546,0.773214,0.755275,21.463009,-2.754343,0.982176,0.010949,0.185993,-0.024840
1200,-3.630547,0.172052,9.049000,2.697492,38.603958,2.082458,0.888636,22.720995,-2.671746,0.980076,0.012193,0.196745,-0.024383
1201,-3.841383,0.172484,8.970100,3.335329,43.654774,4.194339,1.081445,24.146587,-2.518059,0.977558,0.013822,0.208900,-0.023459
1202,-4.070152,0.195094,8.899621,3.350588,47.938042,5.048858,1.305219,25.728134,-2.302653,0.974590,0.015575,0.222356,-0.022123
1203,-4.337659,0.213683,8.826037,3.591684,51.417156,5.273169,1.544867,27.436359,-2.056953,0.971172,0.017351,0.236852,-0.020632
1204,-4.647829,0.231802,8.751923,3.671032,52.970547,5.555465,1.794328,29.233959,-1.792678,0.967336,0.019096,0.252057,-0.019086
1205,-4.927697,0.223692,8.654920,3.306336,51.357639,5.138887,2.024835,31.028049,-1.530672,0.963266,0.020596,0.267181,-0.017594
1206,-5.194535,0.234282,8.550278,2.349581,47.811394,4.234013,2.202211,32.717381,-1.301302,0.959217,0.021635,0.281370,-0.016306
1207,-5.398086,0.252547,8.404229,1.887226,42.702595,3.451213,2.333540,34.234627,-1.109956,0.955403,0.022310,0.294066,-0.015248
1208,-5.549978,0.264917,8.239007,2.402988,37.538864,2.831688,2.450884,35.546455,-0.950900,0.951967,0.022897,0.305001,-0.014428
1209,-5.688650,0.259607,8.106119,2.616618,32.169132,1.917658,2.553902,36.651539,-0.833446,0.948972,0.023441,0.314179,-0.013909
1210,-5.795907,0.257316,7.952707,2.621196,27.533369,1.052459,2.623083,37.571453,-0.768004,0.946411,0.023827,0.321793,-0.013714
1211,-5.865606,0.268147,7.825974,2.628825,24.348763,-0.043156,2.662214,38.346909,-0.752074,0.944203,0.024096,0.328189,-0.013827
1212,-5.978995,0.309155,7.724166,2.505225,23.077667,-0.702356,2.697296,39.046371,-0.763743,0.942172,0.024409,0.333940,-0.014145
1213,-6.123869,0.333945,7.686775,1.580516,24.071045,-0.749659,2.736711,39.755402,-0.771434,0.940076,0.024745,0.339758,-0.014448
1214,-6.209127,0.347881,7.597952,0.887744,25.891474,-0.381911,2.773546,40.517525,-0.757810,0.937788,0.024993,0.346001,-0.014582
1215,-6.334399,0.361913,7.515754,0.761093,27.974361,0.133852,2.826375,41.350765,-0.711102,0.935239,0.025264,0.352816,-0.014511
1216,-6.500238,0.384042,7.437500,0.884693,29.312599,0.400889,2.911995,42.259781,-0.630102,0.932400,0.025682,0.360231,-0.014287
1217,-6.624231,0.355637,7.324092,1.633922,30.806477,0.667925,3.018221,43.232674,-0.535468,0.929294,0.026204,0.368143,-0.014044
1218,-6.680981,0.339026,7.148011,2.268707,30.931602,0.701496,3.128374,44.234577,-0.447703,0.926023,0.026758,0.376262,-0.013895
1219,-6.796382,0.352990,6.994775,2.306855,31.967709,0.591629,3.246843,45.260456,-0.360850,0.922598,0.027360,0.384544,-0.013806
1221,-6.983574,0.407485,6.825319,2.038292,34.393932,0.416148,3.397416,46.380272,-0.248203,0.918772,0.028101,0.393551,-0.013663
1222,-7.156567,0.416275,6.638273,2.111537,37.741810,0.782370,3.591064,47.649624,-0.093764,0.914325,0.028993,0.403720,-0.013405
1223,-7.341854,0.417236,6.446805,1.336367,39.627857,1.743703,3.810145,49.048172,0.110108,0.909297,0.029846,0.414875,-0.012925
1224,-7.561434,0.443441,6.247667,0.460485,40.602917,2.763021,4.061872,50.531475,0.387122,0.903816,0.030608,0.426655,-0.012073
1225,-7.745541,0.466741,6.035080,0.567300,40.352665,3.446636,4.373116,52.054279,0.743169,0.898022,0.031440,0.438690,-0.010918
1226,-7.857530,0.433637,5.831284,1.351627,39.597332,4.421701,4.734661,53.555202,1.148858,0.892142,0.032362,0.450491,-0.009666
1227,-7.959746,0.436291,5.655297,1.751418,38.434578,4.964931,5.130335,54.988052,1.585332,0.886371,0.033317,0.461699,-0.008400
1228,-8.072048,0.488753,5.455996,2.184781,37.470192,4.525465,5.577778,56.354198,2.057034,0.880719,0.034417,0.472333,-0.007168
1229,-8.228808,0.580880,5.292547,2.534218,37.755543,3.921198,6.115452,57.693031,2.588115,0.875026,0.035831,0.482710,-0.005976
1230,-8.381320,0.544587,5.143575,2.361789,38.509350,5.141939,6.715303,59.030136,3.182299,0.869199,0.037292,0.493032,-0.004721
1231,-8.450253,0.549107,4.977225,2.015404,37.572430,5.811820,7.331072,60.329449,3.821133,0.863407,0.038525,0.503024,-0.003341
1232,-8.512358,0.597625,4.792581,1.540841,34.734211,5.874382,7.982416,61.526089,4.511127,0.857943,0.039681,0.512207,-0.001837
1233,-8.572687,0.633591,4.656319,1.769730,32.037903,6.152101,8.683771,62.587902,5.250814,0.852968,0.040901,0.520358,-0.000254
1234,-8.604561,0.575753,4.491751,2.543374,29.509445,6.358101,9.365424,63.528923,5.961024,0.848470,0.042035,0.527571,0.001142
1235,-8.648025,0.661181,4.342425,4.031151,27.409769,4.333198,10.013847,64.381966,6.593222,0.844326,0.043219,0.534079,0.002061
1236,-8.766055,0.745255,4.203438,5.261047,26.520155,1.987851,10.683273,65.194061,7.171887,0.840316,0.044728,0.540243,0.002411
1237,-8.882977,0.771422,4.018092,6.178128,27.573044,0.371896,11.354147,66.053169,7.696098,0.836043,0.046353,0.546698,0.002197
1238,-8.947238,0.817353,3.801842,6.326143,30.682878,-0.580282,12.074821,67.039841,8.242849,0.831100,0.047991,0.554046,0.001654
1239,-9.028924,0.907533,3.586741,6.156765,35.683338,-1.065526,12.998611,68.201241,8.985092,0.825176,0.049807,0.562675,0.001179
1240,-9.113697,0.865812,3.374300,6.188810,41.390297,-0.412430,14.168684,69.559052,9.983238,0.818112,0.051660,0.572732,0.000837
1241,-9.176455,0.812679,3.133606,5.874469,45.894833,0.051452,15.525807,71.091827,11.194695,0.810008,0.053195,0.584000,0.000482
1242,-9.263529,0.759196,2.960194,5.624217,48.064693,0.022459,17.021973,72.705376,12.572001,0.801331,0.054293,0.595753,0.000012
1243,-9.382997,0.711410,2.774493,5.175595,46.605911,-0.404800,18.549530,74.277069,14.001194,0.792751,0.054901,0.607068,-0.000690
1244,-9.457059,0.672011,2.582244,4.450781,41.532211,-1.327985,19.942101,75.698547,15.312481,0.784922,0.054993,0.617147,-0.001683
1245,-9.548816,0.721141,2.382962,2.978263,34.525158,-2.699792,21.107344,76.892738,16.417379,0.778314,0.054701,0.625482,-0.002785
1246,-9.620101,0.749869,2.206150,1.749893,28.688498,-3.761836,22.059378,77.861130,17.333851,0.772936,0.054187,0.632155,-0.003789
1247,-9.634584,0.773612,1.993024,1.150204,25.162081,-3.937318,22.946177,78.682480,18.201202,0.768334,0.053630,0.637781,-0.004627
1248,-9.584803,0.748232,1.802749,1.026604,24.998806,-3.925110,23.987675,79.464302,19.228676,0.763872,0.053141,0.643155,-0.005326
1249,-9.546019,0.730259,1.637081,0.697004,27.598984,-4.340161,25.334936,80.299149,20.568975,0.759021,0.052611,0.648909,-0.005980
1250,-9.475933,0.708710,1.439815,0.056116,32.462109,-4.533954,27.329889,81.261223,22.575478,0.753289,0.051971,0.655601,-0.006517
1251,-9.474959,0.689809,1.227311,-0.635129,38.449841,-4.990205,30.548462,82.396919,25.832027,0.746274,0.051178,0.663633,-0.006884
1252,-9.553792,0.678624,0.987914,-1.196669,44.309391,-4.739954,36.075474,83.687080,31.423056,0.737826,0.050288,0.673078,-0.007026
1253,-9.722461,0.651138,0.759940,-1.314166,48.015869,-3.429184,45.913795,84.994881,41.343113,0.728219,0.049473,0.683522,-0.006867
1254,-9.836363,0.612214,0.527564,-1.030344,48.820026,-1.688104,62.822132,86.053055,58.336033,0.718107,0.048868,0.694185,-0.006449
1255,-9.920636,0.584593,0.299434,-0.729736,46.489941,-0.127082,86.936882,86.526894,82.527710,0.708226,0.048525,0.704292,-0.005852
1256,-9.962825,0.545400,0.082338,-0.564936,41.977776,1.435466,110.182610,86.314911,105.840454,0.699204,0.048394,0.713264,-0.005153
1257,-9.919670,0.523668,-0.100595,-0.754151,36.885769,1.198947,126.095436,85.726936,121.816566,0.691398,0.048245,0.720847,-0.004513
1258,-9.833981,0.584415,-0.288250,-1.398091,32.619278,-0.471941,136.100555,85.045441,131.895203,0.684740,0.047907,0.727201,-0.003934
1259,-9.790843,0.621410,-0.477827,-2.190047,29.739859,-0.919037,142.683563,84.346252,138.573471,0.678833,0.047448,0.732751,-0.003204
1260,-9.751919,0.602100,-0.652166,-2.980476,28.816673,-0.792385,147.444916,83.630127,143.454880,0.673230,0.046858,0.737944,-0.002298
1261,-9.686665,0.628505,-0.818301,-3.459617,29.376690,-0.540608,151.145798,82.864410,147.296738,0.667533,0.046218,0.743143,-0.001184
1262,-9.631760,0.677330,-1.012632,-3.925025,31.018581,-0.230845,154.032669,81.998322,150.342163,0.661381,0.045733,0.748654,0.000306
1263,-9.582032,0.625274,-1.206340,-4.083721,33.658436,0.402414,156.529526,81.013420,153.008682,0.654489,0.045269,0.754712,0.001958
1264,-9.514544,0.586316,-1.423134,-4.126446,36.328804,0.023985,158.967941,79.913712,155.619888,0.646728,0.044570,0.761410,0.003417
1265,-9.479526,0.647470,-1.647860,-3.767853,38.172123,-0.378859,161.135849,78.701675,157.958801,0.638184,0.043829,0.768620,0.004816
1266,-9.429665,0.678918,-1.917918,-3.632046,39.775871,-0.418533,162.886154,77.379288,159.876617,0.628927,0.043270,0.776233,0.006358
1267,-9.360681,0.708217,-2.130627,-3.259720,41.126316,1.050933,164.203400,75.967865,161.354507,0.619096,0.043017,0.784094,0.008125
1268,-9.314399,0.655214,-2.316924,-3.218520,40.778404,3.544295,165.102219,74.543663,162.400146,0.609201,0.043127,0.791778,0.010086
1269,-9.295185,0.633472,-2.519330,-3.480980,39.487465,3.930354,165.783951,73.176445,163.222183,0.599646,0.043274,0.799005,0.012001
1270,-9.252949,0.599159,-2.735147,-4.420949,38.280464,2.627214,166.468430,71.880943,164.062897,0.590452,0.042976,0.805812,0.013661
1271,-9.237457,0.623240,-2.914953,-4.738342,36.560745,2.273199,167.127213,70.662979,164.898560,0.581695,0.042260,0.812167,0.015148
1272,-9.291341,0.615878,-3.074013,-4.433157,34.422920,2.428843,167.662628,69.553375,165.608948,0.573666,0.041479,0.817871,0.016538
1273,-9.308570,0.649042,-3.297452,-4.030313,33.191502,0.847985,168.168167,68.526016,166.279449,0.566160,0.040582,0.823106,0.017682
1274,-9.226812,0.689822,-3.483807,-3.212418,33.032806,-0.716089,168.705017,67.512054,166.972214,0.558673,0.039533,0.828238,0.018559
1275,-9.152512,0.745961,-3.683828,-1.942846,32.675739,-1.509571,169.228348,66.483139,167.629562,0.551031,0.038562,0.833371,0.019246
1276,-9.016780,0.760301,-3.837209,-0.543572,32.796284,-1.933778,169.722519,65.436050,168.222748,0.543223,0.037814,0.838504,0.019729
1277,-8.862727,0.714370,-4.022411,-0.198714,32.706257,-2.654015,170.262054,64.366470,168.834625,0.535178,0.037044,0.843693,0.019867
1278,-8.767338,0.744735,-4.187285,0.144619,32.033321,-2.687585,170.790833,63.288383,169.426849,0.527022,0.036247,0.848846,0.019869
1279,-8.756556,0.750769,-4.355084,-0.099529,31.224581,-1.237956,171.177979,62.236919,169.875076,0.519078,0.035727,0.853743,0.020117
1280,-8.693622,0.700346,-4.466495,-0.332996,30.586746,1.385110,171.414078,61.233128,170.161667,0.511515,0.035606,0.858288,0.020634
1281,-8.670969,0.664010,-4.634461,-1.147840,29.755116,2.550917,171.561874,60.274738,170.353394,0.504291,0.035713,0.862532,0.021298
1282,-8.611274,0.767891,-4.824135,-1.556787,29.933651,2.778280,171.603745,59.315239,170.457840,0.497070,0.035987,0.866676,0.022349
1283,-8.470729,0.808899,-4.971465,-1.884861,31.816641,4.293524,171.509354,58.287514,170.443451,0.489364,0.036629,0.870980,0.023975
1284,-8.322742,0.763353,-5.117735,-1.861972,34.070435,5.540205,171.395233,57.163540,170.399704,0.480904,0.037511,0.875593,0.025726
1285,-8.199218,0.801085,-5.338752,-1.935217,36.885765,5.405924,171.332886,55.921600,170.398911,0.471472,0.038402,0.880619,0.027382
1286,-8.030700,0.916462,-5.529852,-1.704803,41.069855,6.051390,171.238953,54.517990,170.375931,0.460762,0.039493,0.886159,0.029349
1287,-7.868861,0.915995,-5.675012,-1.616299,45.499615,7.444561,171.107605,52.957928,170.313126,0.448799,0.040907,0.892136,0.031610
1288,-7.756390,0.953183,-5.876707,-1.192092,48.269165,7.562057,171.008286,51.300026,170.268326,0.435979,0.042419,0.898321,0.033803
1289,-7.607524,0.981089,-6.057115,-0.534418,50.094177,7.935907,170.947845,49.597153,170.244415,0.422698,0.043971,0.904494,0.035823
1290,-7.474939,1.006189,-6.244800,-0.004922,50.536697,6.733479,170.944580,47.901188,170.263016,0.409345,0.045389,0.910477,0.037539
1291,-7.351230,0.985986,-6.429166,0.425389,49.407509,4.885583,171.041931,46.276836,170.376358,0.396397,0.046321,0.916093,0.038697
1292,-7.205039,0.950687,-6.637189,0.751937,47.121670,2.962917,171.255859,44.759392,170.598785,0.384135,0.046629,0.921268,0.039143
1293,-6.987223,0.905680,-6.848229,0.344515,43.917229,1.472088,171.553207,43.338676,170.905350,0.372514,0.046372,0.926045,0.039030
1294,-6.806999,0.982345,-7.065657,-0.220078,40.906582,0.167422,171.831070,41.995354,171.224976,0.361460,0.045792,0.930447,0.038959
1295,-6.612976,0.994597,-7.210745,-0.537470,39.102932,0.460399,172.029236,40.712387,171.498276,0.350890,0.045216,0.934500,0.039260
1296,-6.465373,1.008639,-7.389697,-1.247025,37.918819,0.545851,172.167526,39.469982,171.729553,0.340640,0.044714,0.938285,0.039826
1297,-6.317463,1.008670,-7.542220,-1.932165,37.253513,1.084503,172.256714,38.254421,171.930542,0.330597,0.044255,0.941858,0.040633
1298,-6.195207,1.083176,-7.641639,-1.865024,37.206211,0.854088,172.290146,37.069160,172.096634,0.320797,0.043873,0.945210,0.041735
1299,-6.064492,1.122268,-7.735881,-1.411825,36.270817,0.587051,172.282928,35.935028,172.237137,0.311406,0.043534,0.948304,0.043031
1300,-5.896219,1.111484,-7.825228,-1.044077,33.910213,0.744222,172.278793,34.874771,172.367569,0.302596,0.043222,0.951112,0.044193
1301,-5.711030,1.090151,-7.887974,-0.194136,30.376169,0.243718,172.311874,33.915009,172.502365,0.294576,0.042888,0.953606,0.044962
1302,-5.522139,1.131716,-7.987311,0.628337,27.054230,-1.276104,172.380371,33.052158,172.656296,0.287320,0.042399,0.955819,0.045393
1303,-5.363211,1.149590,-8.114371,1.115107,25.104094,-2.058904,172.464264,32.239735,172.828186,0.280454,0.041746,0.957871,0.045679
1304,-5.214525,1.078350,-8.224900,1.359256,25.447430,-2.028385,172.590744,31.417589,173.023087,0.273467,0.040991,0.959923,0.045644
1305,-5.092231,1.117526,-8.334117,1.759048,27.386881,-2.592977,172.745178,30.533792,173.237503,0.265931,0.040154,0.962084,0.045430
1306,-4.972505,1.100214,-8.425654,1.936055,29.774954,-1.886474,172.891205,29.570255,173.446564,0.257714,0.039364,0.964356,0.045287
1307,-4.872740,1.056374,-8.477487,2.186307,31.100981,-1.257792,173.045990,28.565222,173.642090,0.249131,0.038703,0.966648,0.045027
1308,-4.741332,0.989500,-8.514471,2.218352,30.774433,-0.612326,173.223511,27.579317,173.827332,0.240687,0.038130,0.968832,0.044504
1309,-4.626707,0.991310,-8.620486,1.902485,28.757160,-0.795437,173.398972,26.654678,174.000259,0.232748,0.037587,0.970818,0.043902
1310,-4.526669,0.932952,-8.702766,1.789567,26.628494,-0.044682,173.565155,25.817850,174.153702,0.225549,0.037107,0.972563,0.043261
1311,-4.382414,0.935896,-8.743176,1.612559,24.919456,-0.221689,173.722351,25.055574,174.287643,0.218982,0.036707,0.974107,0.042593
1312,-4.271337,0.959404,-8.848824,1.698011,23.332497,-1.241006,173.856079,24.342339,174.422165,0.212830,0.036209,0.975511,0.042080
1313,-4.174109,0.967424,-8.917331,1.910115,22.888453,-1.883422,173.978485,23.661428,174.569611,0.206943,0.035545,0.976820,0.041651
1314,-4.041496,0.940680,-8.943904,2.506751,22.723652,-2.414443,174.114929,22.989475,174.732422,0.201117,0.034752,0.978087,0.041106
1315,-3.909929,0.954120,-9.030358,3.082025,22.210941,-3.281168,174.270630,22.310287,174.913666,0.195210,0.033820,0.979345,0.040411
1316,-3.817417,0.941494,-9.126377,3.608470,22.384897,-3.148414,174.434402,21.620365,175.099808,0.189202,0.032844,0.980588,0.039636
1318,-3.633146,0.908913,-9.180678,3.310914,23.478985,-1.344770,174.590652,20.877056,175.252075,0.182746,0.032149,0.981865,0.038871
1319,-3.441408,0.861431,-9.222398,2.946218,24.359444,0.007200,174.729782,20.043974,175.354477,0.175534,0.031874,0.983216,0.038191
1320,-3.271110,0.887163,-9.270823,3.223936,25.168184,0.835777,174.845947,19.141644,175.416290,0.167739,0.031923,0.984595,0.037659
1321,-3.089202,0.862962,-9.267707,3.422307,25.668688,1.491925,174.944931,18.196241,175.446869,0.159577,0.032218,0.985957,0.037235
1322,-2.937324,0.833765,-9.332003,3.384159,24.530348,1.749807,175.050003,17.253452,175.462082,0.151429,0.032634,0.987246,0.036728
1323,-2.826146,0.821515,-9.357673,3.169003,22.883875,1.496503,175.155411,16.374968,175.473633,0.143826,0.033038,0.988389,0.036182
1324,-2.751061,0.854584,-9.445318,3.188840,20.956631,0.844933,175.241608,15.596467,175.489273,0.137082,0.033328,0.989353,0.035762
1325,-2.644770,0.820149,-9.484762,2.436559,19.658068,1.098237,175.307968,14.901292,175.504242,0.131056,0.033555,0.990172,0.035476
1326,-2.566510,0.794012,-9.559560,1.644604,18.490736,1.214207,175.363510,14.264943,175.513733,0.125538,0.033787,0.990887,0.035250
1327,-2.455249,0.750574,-9.551293,1.252441,18.260321,1.169955,175.419998,13.663667,175.525040,0.120319,0.033984,0.991536,0.035003
1328,-2.374521,0.717169,-9.606749,1.795670,17.955135,0.802207,175.504547,13.078847,175.547684,0.115227,0.034098,0.992154,0.034515
1329,-2.257972,0.667524,-9.618737,2.251922,18.834068,0.428355,175.633728,12.484941,175.588058,0.110034,0.034097,0.992772,0.033657
1330,-2.136966,0.664304,-9.627862,2.708174,19.944942,-0.516193,175.789963,11.847387,175.652893,0.104446,0.033911,0.993418,0.032597
1331,-1.990374,0.674956,-9.586305,3.114070,21.193150,-1.157082,175.942749,11.155885,175.740234,0.098381,0.033527,0.994082,0.031597
1332,-1.881861,0.721156,-9.600592,2.991996,21.536482,-1.155556,176.057571,10.432049,175.829346,0.092044,0.033091,0.994724,0.030926
1333,-1.755078,0.694686,-9.621968,2.581522,20.987150,-0.836637,176.136612,9.712815,175.906738,0.085756,0.032713,0.995310,0.030544
1334,-1.652908,0.674932,-9.647422,2.233611,19.212498,-0.700830,176.206787,9.037069,175.974167,0.079849,0.032391,0.995823,0.030207
1335,-1.568479,0.661489,-9.670682,2.091700,17.138765,-0.398697,176.270615,8.443113,176.030075,0.074654,0.032131,0.996244,0.029883
1336,-1.491991,0.658945,-9.728455,1.894855,15.036041,-0.081304,176.325531,7.935904,176.070465,0.070219,0.031968,0.996580,0.029593
1337,-1.390738,0.635920,-9.719455,1.488959,13.597095,0.349007,176.371170,7.489143,176.094620,0.066315,0.031918,0.996856,0.029352
1338,-1.331546,0.647692,-9.678281,0.808397,12.400768,0.841881,176.392517,7.089947,176.099869,0.062835,0.032002,0.997081,0.029295
1339,-1.250372,0.689507,-9.661963,0.152248,11.045746,1.252355,176.362396,6.737272,176.084045,0.059779,0.032226,0.997250,0.029659
1340,-1.185049,0.712709,-9.718794,-0.769410,9.553391,1.784903,176.280151,6.422217,176.047134,0.057070,0.032599,0.997373,0.030455
1341,-1.099420,0.773036,-9.696896,-1.935217,9.641895,2.039732,176.137497,6.113647,175.993835,0.054440,0.033088,0.997463,0.031769
1342,-1.037954,0.760866,-9.708164,-1.532372,9.341288,2.114503,175.977707,5.793051,175.935654,0.051712,0.033621,0.997542,0.033236
1343,-0.978837,0.736721,-9.727881,-0.508476,8.558488,2.065673,175.856567,5.480106,175.878616,0.049041,0.034166,0.997620,0.034368
1344,-0.988219,0.710371,-9.827165,1.606455,7.479658,1.734547,175.830826,5.233447,175.830582,0.046916,0.034655,0.997696,0.034653
1345,-0.974994,0.660208,-9.813552,4.525551,6.768576,0.934963,175.974411,5.083434,175.807083,0.045573,0.034967,0.997789,0.033443
1346,-1.009105,0.522385,-9.857953,7.841387,4.488844,0.547378,176.354324,5.052083,175.811127,0.045183,0.035092,0.997907,0.030147
1347,-1.029757,0.470050,-9.896767,8.535683,3.457319,0.300178,176.882309,5.137006,175.828903,0.045757,0.035123,0.998009,0.025528
1348,-1.013392,0.463915,-9.903565,7.052484,4.252326,0.469555,177.323090,5.218715,175.840439,0.046331,0.035181,0.998071,0.021667
1349,-0.930512,0.442641,-9.842845,4.566751,5.680593,0.735067,177.587311,5.169122,175.835144,0.045818,0.035343,0.998136,0.019380
1350,-0.834878,0.488912,-9.844833,1.073908,7.087496,1.275244,177.635361,4.934929,175.806732,0.043768,0.035656,0.998224,0.019026
1351,-0.735599,0.579211,-9.834928,-2.869083,8.947598,1.891718,177.477539,4.577690,175.754547,0.040715,0.036123,0.998307,0.020499
1352,-0.646485,0.654332,-9.905306,-4.933662,10.771080,2.541762,177.192154,4.144946,175.683853,0.037049,0.036735,0.998371,0.023106
1353,-0.552853,0.708412,-9.849505,-6.638119,12.992826,3.298621,176.823227,3.624952,175.594879,0.032658,0.037522,0.998411,0.026470
1354,-0.530823,0.722598,-9.844801,-6.647274,13.548264,3.904413,176.441208,3.077217,175.491013,0.028038,0.038472,0.998417,0.029960
1355,-0.550481,0.661134,-9.876947,-6.229171,14.295968,4.421701,176.135147,2.575763,175.377472,0.023804,0.039538,0.998397,0.032779
1356,-0.499222,0.625950,-9.872320,-7.868014,16.560440,5.146516,175.892899,2.079627,175.253601,0.019604,0.040725,0.998363,0.035046
1357,-0.385961,0.636150,-9.753160,-9.645718,17.881891,5.183139,175.637726,1.527483,175.125656,0.014926,0.041982,0.998305,0.037455
1358,-0.268208,0.714077,-9.782898,-7.951941,16.214054,3.605332,175.379745,0.964211,175.025284,0.010149,0.043023,0.998225,0.039904
1359,-0.088242,0.838499,-9.756907,-6.848697,15.068085,2.692828,175.125443,0.408667,174.963852,0.005428,0.043743,0.998131,0.042328
1360,0.081587,0.982297,-9.711504,-5.263260,13.023346,2.436473,174.844009,-0.154233,174.919250,0.000650,0.044339,0.998003,0.044995
1361,0.193599,1.055431,-9.677588,-1.282121,9.069673,2.201481,174.603973,-0.652820,174.876480,-0.003581,0.044914,0.997865,0.047278
1362,0.184704,1.057465,-9.746200,2.573892,4.629230,2.204533,174.448883,-1.009626,174.826950,-0.006606,0.045500,0.997751,0.048770
1363,0.149648,0.951462,-9.815034,4.446203,2.114505,3.075836,174.462082,-1.177518,174.751556,-0.008041,0.046225,0.997710,0.048725
1364,0.044040,0.822131,-9.881358,4.769699,0.931912,3.728932,174.670929,-1.167884,174.642365,-0.007997,0.047157,0.997753,0.046911
1365,-0.032067,0.704223,-9.908734,4.664410,0.051453,3.496991,174.966797,-1.043371,174.521652,-0.006988,0.048141,0.997834,0.044292
1366,-0.076437,0.663393,-9.934750,3.884662,-0.146917,2.592117,175.276047,-0.861369,174.418137,-0.005495,0.048958,0.997922,0.041528
1367,-0.079384,0.654356,-9.920683,3.107966,-0.035524,1.432414,175.537674,-0.676928,174.349533,-0.003977,0.049481,0.997999,0.039174
1368,-0.065556,0.662693,-9.863815,2.479285,0.175053,0.504651,175.776932,-0.452866,174.316452,-0.002118,0.049689,0.998077,0.036995
1369,-0.012782,0.672526,-9.816005,1.678174,-0.200324,-0.125556,175.969223,-0.241675,174.309723,-0.000359,0.049680,0.998144,0.035229
1370,0.037090,0.724733,-9.826187,0.799241,-0.264413,-0.584860,176.025955,-0.159345,174.321060,0.000330,0.049556,0.998168,0.034699
1371,0.049353,0.731072,-9.869241,0.516945,-0.455154,-0.790859,175.987839,-0.159165,174.343292,0.000341,0.049362,0.998166,0.035031
1372,0.090223,0.753064,-9.848185,-0.029337,-0.067569,-0.652000,175.912827,-0.214187,174.366943,-0.000113,0.049173,0.998152,0.035708
1373,0.083534,0.791530,-9.871532,-0.073588,-0.316295,-0.601645,175.796646,-0.290733,174.387848,-0.000737,0.049016,0.998121,0.036753
1374,0.092377,0.806681,-9.859237,0.599346,-0.096561,-0.471941,175.675812,-0.350992,174.405914,-0.001216,0.048879,0.998087,0.037831
1375,0.071592,0.763949,-9.804324,0.732100,0.040772,-0.024845,175.617218,-0.390825,174.414612,-0.001541,0.048817,0.998070,0.038358
1376,0.061784,0.714224,-9.781490,0.939627,-0.456680,0.013303,175.655121,-0.388730,174.414200,-0.001539,0.048819,0.998082,0.038027
1377,0.008304,0.678189,-9.846483,1.496589,-1.076205,-0.154548,175.777237,-0.313691,174.414139,-0.000937,0.048794,0.998125,0.036932
1378,-0.003104,0.672665,-9.856559,1.313478,-0.981598,-0.285778,175.920502,-0.189324,174.418564,0.000084,0.048716,0.998177,0.035631
1379,-0.003465,0.636539,-9.828646,0.916737,-0.900724,-0.438370,176.050003,-0.085027,174.428192,0.000934,0.048601,0.998223,0.034459
1380,0.010708,0.655289,-9.815417,0.809923,-1.550768,-1.041111,176.146027,-0.011632,174.449921,0.001527,0.048391,0.998262,0.033591
1381,-0.008693,0.681669,-9.834750,1.212767,-2.303049,-1.544666,176.182358,0.066653,174.488602,0.002182,0.048031,0.998290,0.033243
1382,0.005752,0.701798,-9.808024,0.342989,-2.165716,-1.389022,176.156891,0.139169,174.532379,0.002812,0.047628,0.998301,0.033435
1383,0.008163,0.692128,-9.799282,-0.119366,-2.266427,-1.083837,176.097763,0.177401,174.568405,0.003159,0.047302,0.998299,0.033935
1384,-0.021586,0.719600,-9.851100,0.016441,-2.480057,-0.877837,176.033127,0.226705,174.595459,0.003607,0.047049,0.998291,0.034479
1385,-0.033376,0.708529,-9.888162,-0.230759,-1.538561,-0.229319,175.975311,0.283341,174.609039,0.004120,0.046912,0.998279,0.034960
1386,-0.032998,0.719973,-9.849741,-1.021188,-0.360546,0.405466,175.916077,0.297946,174.603714,0.004273,0.046951,0.998258,0.035469
1387,-0.045591,0.675120,-9.855409,0.265168,-0.461257,0.167422,175.904648,0.294207,174.593231,0.004248,0.047044,0.998250,0.035570
1388,-0.049336,0.672635,-9.867882,0.791613,-0.343761,-0.290356,175.970398,0.302147,174.594574,0.004290,0.047032,0.998271,0.034994
1389,-0.040088,0.668756,-9.865295,0.675641,0.104861,-0.569600,176.041245,0.296684,174.608826,0.004209,0.046912,0.998298,0.034380
1390,-0.026787,0.693806,-9.847399,0.837389,0.313913,-0.928193,176.077271,0.263296,174.634247,0.003896,0.046702,0.998320,0.034080
1391,-0.013827,0.683816,-9.846899,0.938100,0.283394,-0.858000,176.090836,0.212168,174.664536,0.003436,0.046454,0.998336,0.033984
1392,0.001669,0.690278,-9.847115,0.410130,0.605364,-0.618430,176.093323,0.145081,174.690018,0.002843,0.046252,0.998347,0.033990
1393,0.021935,0.679737,-9.828526,-0.241439,0.991424,-0.293407,176.076126,0.053636,174.706940,0.002048,0.046131,0.998348,0.034177
1394,0.030908,0.712049,-9.842659,-0.253647,0.831201,-0.368178,176.032745,-0.043341,174.720016,0.001217,0.046046,0.998339,0.034595
1395,0.017258,0.713111,-9.853393,0.010338,0.532120,-0.253733,175.977203,-0.103929,174.731995,0.000708,0.045959,0.998326,0.035103
1396,-0.020362,0.702272,-9.869595,0.402500,0.318490,-0.188119,175.954819,-0.095541,174.740372,0.000787,0.045884,0.998323,0.035295
1397,-0.041953,0.664651,-9.847846,0.620708,0.181157,-0.032474,175.990112,-0.028803,174.744614,0.001353,0.045827,0.998337,0.034960
1398,-0.056746,0.642430,-9.873248,1.147152,0.138431,-0.256786,176.082382,0.059079,174.749832,0.002080,0.045756,0.998368,0.034122
1399,-0.046508,0.647282,-9.873074,0.606975,0.623676,-0.214060,176.172119,0.122623,174.758667,0.002595,0.045662,0.998398,0.033314
1400,-0.028396,0.618087,-9.887137,0.823656,0.799157,-0.352919,176.251648,0.133166,174.769836,0.002652,0.045564,0.998425,0.032618
1401,-0.004416,0.646397,-9.881827,0.341463,1.203527,-0.551289,176.305298,0.092036,174.787125,0.002268,0.045426,0.998447,0.032167
1402,0.026641,0.675996,-9.861089,0.388768,1.215735,-0.969393,176.288010,0.006229,174.814972,0.001519,0.045207,0.998453,0.032352
1403,0.047114,0.687783,-9.845561,0.553567,1.026520,-1.118933,176.235565,-0.098950,174.852142,0.000613,0.044912,0.998450,0.032851
1404,0.075713,0.684133,-9.812619,0.442174,0.623675,-1.102148,176.184357,-0.206851,174.891022,-0.000319,0.044605,0.998448,0.033339
1405,0.054339,0.695129,-9.829661,0.526100,-0.033998,-1.088415,176.139908,-0.274368,174.928329,-0.000900,0.044300,0.998448,0.033752
1406,0.045223,0.686290,-9.837398,0.698530,-0.272043,-0.856474,176.112167,-0.280085,174.960541,-0.000949,0.044021,0.998452,0.033996
1407,0.020149,0.651723,-9.869464,0.764144,-0.427687,-0.395645,176.133698,-0.243709,174.980591,-0.000646,0.043835,0.998467,0.033794
1408,-0.005605,0.650011,-9.877640,0.611552,-0.526872,-0.044682,176.184753,-0.168746,174.986755,-0.000015,0.043760,0.998486,0.033321
1409,-0.035441,0.592799,-9.889254,0.875537,-0.346813,0.077392,176.274368,-0.067605,174.985138,0.000833,0.043745,0.998514,0.032501
1410,0.005320,0.616113,-9.844707,-0.235335,0.373424,0.152163,176.355621,-0.013573,174.981308,0.001274,0.043764,0.998536,0.031773
1411,0.046965,0.622892,-9.820830,-0.609188,0.347483,0.170474,176.362854,-0.055662,174.976700,0.000906,0.043816,0.998535,0.031726
1412,0.063832,0.674032,-9.810040,-0.885380,0.284920,0.202518,176.300873,-0.143398,174.971252,0.000166,0.043888,0.998514,0.032299
1413,0.063293,0.662721,-9.828581,-0.667172,-0.018739,0.352059,176.214783,-0.220561,174.962524,-0.000470,0.043986,0.998484,0.033079
1414,0.056277,0.669148,-9.839086,-0.703795,-0.201850,0.611466,176.156830,-0.262109,174.946426,-0.000806,0.044138,0.998460,0.033600
1415,0.017286,0.659927,-9.853147,-0.635129,-0.409376,0.812888,176.122086,-0.246152,174.922119,-0.000646,0.044346,0.998441,0.033897
1416,-0.015147,0.643217,-9.891294,-0.250596,-0.413954,0.619096,176.129913,-0.168002,174.897278,0.000039,0.044539,0.998436,0.033798
1417,-0.024456,0.637876,-9.897354,-0.625974,-0.043154,0.510755,176.160645,-0.075933,174.877853,0.000835,0.044681,0.998439,0.033495
1418,-0.023832,0.641114,-9.885300,-0.912847,0.345957,0.368844,176.176498,-0.012207,174.863495,0.001388,0.044788,0.998439,0.033331
1419,-0.009599,0.661050,-9.868941,-0.905218,0.669454,0.234562,176.162201,0.007780,174.854584,0.001571,0.044860,0.998432,0.033448
1421,0.015451,0.653668,-9.861239,-0.198714,0.638935,-0.009586,176.148712,-0.018169,174.852295,0.001351,0.044887,0.998427,0.033576
1422,0.031730,0.667457,-9.813740,-0.184981,0.616046,0.014829,176.143097,-0.074246,174.853622,0.000864,0.044892,0.998425,0.033647
1423,0.038445,0.657991,-9.804317,0.158352,0.406994,-0.035526,176.139694,-0.133444,174.855118,0.000349,0.044896,0.998423,0.033699
1424,0.061551,0.657519,-9.801727,-0.030861,0.306283,-0.143867,176.147141,-0.195165,174.858887,-0.000193,0.044881,0.998425,0.033659
1425,0.047896,0.681757,-9.843967,0.191924,-0.207954,-0.348341,176.138275,-0.237379,174.867218,-0.000560,0.044821,0.998425,0.033752
1426,0.022709,0.683884,-9.870699,0.245330,-0.322398,-0.229319,176.117462,-0.224851,174.876343,-0.000445,0.044738,0.998422,0.033929
1427,0.012619,0.638911,-9.883791,0.635967,-0.282724,-0.278148,176.143097,-0.179854,174.884064,-0.000065,0.044658,0.998434,0.033688
1428,0.028843,0.636599,-9.875779,0.555093,-0.108769,-0.494830,176.209930,-0.150524,174.896347,0.000161,0.044542,0.998459,0.033094
1429,0.029829,0.676656,-9.875373,0.548989,-0.069094,-0.604696,176.233475,-0.147594,174.914413,0.000172,0.044384,0.998473,0.032888
1430,0.048334,0.680918,-9.848657,0.332308,0.191839,-0.470415,176.205688,-0.169125,174.932541,-0.000010,0.044232,0.998471,0.033138
1431,0.081735,0.688626,-9.819148,0.167508,0.310861,-0.397170,176.159851,-0.235127,174.947708,-0.000572,0.044119,0.998462,0.033563
1432,0.093833,0.700417,-9.847394,-0.033914,0.147587,-0.186593,176.102615,-0.324235,174.958221,-0.001329,0.044054,0.998446,0.034096
1433,0.078660,0.729058,-9.871355,-0.491692,0.106387,0.272711,176.019882,-0.387291,174.957535,-0.001847,0.044080,0.998419,0.034841
1434,0.037002,0.694371,-9.891792,-0.142254,-0.032473,0.690814,175.961182,-0.383985,174.941910,-0.001791,0.044216,0.998395,0.035351
1435,0.009830,0.664765,-9.890409,0.091212,0.074342,0.718281,175.981567,-0.319572,174.918396,-0.001230,0.044401,0.998394,0.035149
1436,-0.016444,0.644106,-9.893729,-0.055277,0.159794,0.529066,176.047226,-0.226005,174.897614,-0.000434,0.044553,0.998410,0.034541
1437,-0.008009,0.665226,-9.875429,-0.241439,0.423779,0.185733,176.094666,-0.144928,174.886230,0.000257,0.044628,0.998422,0.034096
1438,0.007684,0.671078,-9.863469,0.027122,0.455824,-0.093511,176.106049,-0.109958,174.885666,0.000558,0.044623,0.998426,0.033984
1439,0.042052,0.661867,-9.826071,0.083582,0.460401,-0.294933,176.115021,-0.129326,174.893143,0.000383,0.044564,0.998431,0.033913
1440,0.062307,0.651909,-9.807243,0.069849,0.298653,-0.420059,176.133865,-0.190285,174.905838,-0.000159,0.044471,0.998440,0.033772
1441,0.085879,0.673587,-9.817471,-0.078166,0.226935,-0.433793,176.136749,-0.270546,174.920624,-0.000864,0.044366,0.998444,0.033778
1442,0.067505,0.675160,-9.842270,-0.058329,-0.041628,-0.264415,176.118439,-0.330337,174.932526,-0.001381,0.044280,0.998441,0.033961
1443,0.051368,0.640269,-9.861641,0.198027,-0.166754,-0.281200,176.134827,-0.338121,174.941269,-0.001458,0.044205,0.998449,0.033821
1444,0.045284,0.661175,-9.884816,0.086635,0.068239,-0.444474,176.166885,-0.321173,174.953079,-0.001326,0.044097,0.998463,0.033535
1445,0.049308,0.674223,-9.877182,0.112575,0.355113,-0.362074,176.165680,-0.312374,174.966995,-0.001253,0.043974,0.998469,0.033542
1446,0.054811,0.677802,-9.862871,0.431493,0.451246,-0.372756,176.152145,-0.320892,174.980225,-0.001326,0.043861,0.998469,0.033663
1447,0.062542,0.673761,-9.828860,0.513894,0.561113,-0.397171,176.145081,-0.343279,174.994293,-0.001522,0.043745,0.998472,0.033733
1448,0.082366,0.654352,-9.795438,0.559670,0.495498,-0.377334,176.157486,-0.384016,175.008377,-0.001886,0.043634,0.998479,0.033640
1449,0.096672,0.644316,-9.788286,0.500159,0.147587,-0.365126,176.189667,-0.436290,175.021332,-0.002358,0.043536,0.998491,0.033379
1450,0.092705,0.667593,-9.827938,0.085107,-0.314769,-0.374282,176.199432,-0.470495,175.033432,-0.002663,0.043440,0.998497,0.033307
1451,0.062289,0.665206,-9.870539,0.092737,-0.587909,-0.189645,176.184906,-0.453947,175.041946,-0.002516,0.043361,0.998497,0.033427
1452,0.054358,0.638536,-9.884960,0.109522,-0.500931,0.023985,176.196823,-0.402419,175.043442,-0.002072,0.043333,0.998503,0.033303
1453,0.045928,0.650993,-9.894782,0.053063,-0.198798,0.005674,176.220627,-0.353938,175.042023,-0.001658,0.043331,0.998512,0.033078
1454,0.041205,0.653529,-9.885354,-0.165144,0.123172,0.019407,176.223572,-0.319017,175.041504,-0.001355,0.043326,0.998514,0.033039
1455,0.049662,0.626727,-9.863086,0.002707,0.359690,-0.040104,176.239197,-0.307459,175.042267,-0.001260,0.043315,0.998519,0.032898
1456,0.078123,0.631867,-9.837758,-0.064433,0.513809,-0.209482,176.268326,-0.337112,175.047211,-0.001531,0.043280,0.998528,0.032656
1457,0.107144,0.654722,-9.827404,-0.096478,0.483290,-0.377333,176.266373,-0.410757,175.058044,-0.002175,0.043207,0.998528,0.032700
1458,0.100492,0.669303,-9.854913,0.021019,0.197942,-0.334608,176.234146,-0.482414,175.070862,-0.002791,0.043116,0.998521,0.033008
1459,0.094112,0.670466,-9.854188,0.126308,0.260505,-0.212534,176.199432,-0.520855,175.080780,-0.003116,0.043042,0.998513,0.033324
1460,0.072765,0.666136,-9.832151,0.053063,0.316965,-0.061467,176.175461,-0.525582,175.086212,-0.003149,0.042996,0.998507,0.033535
1461,0.061301,0.631512,-9.791911,-0.394033,0.271187,0.081970,176.177658,-0.499994,175.086456,-0.002927,0.042987,0.998509,0.033506
1462,0.045297,0.629733,-9.819912,-0.699217,0.005676,-0.038578,176.197784,-0.450795,175.085709,-0.002506,0.042979,0.998517,0.033312
1463,0.055669,0.651573,-9.820739,-1.430135,0.071291,0.020933,176.183548,-0.403659,175.085907,-0.002090,0.042964,0.998515,0.033419
1464,0.059339,0.658367,-9.841415,-1.334002,-0.229317,0.037718,176.136902,-0.376337,175.084732,-0.001834,0.042967,0.998502,0.033815
1465,0.073325,0.669169,-9.866491,-0.964728,-0.389539,-0.087408,176.094894,-0.364593,175.084885,-0.001716,0.042963,0.998491,0.034177
1466,0.080790,0.696052,-9.887385,-0.546625,-0.336132,-0.157600,176.051208,-0.372366,175.088257,-0.001768,0.042936,0.998478,0.034560
1467,0.090038,0.716969,-9.867023,-0.096477,-0.209480,-0.110297,175.996597,-0.396516,175.092377,-0.001960,0.042908,0.998462,0.035045
1468,0.094744,0.678554,-9.830577,0.654279,-0.359021,-0.113348,175.985550,-0.427261,175.095596,-0.002224,0.042890,0.998459,0.035153
1469,0.072933,0.679523,-9.849050,0.933522,-0.551287,-0.258311,176.028320,-0.431744,175.100586,-0.002281,0.042847,0.998473,0.034782
1470,0.058976,0.676739,-9.859660,0.747360,-0.453628,-0.175911,176.071335,-0.402025,175.106537,-0.002040,0.042785,0.998490,0.034396
1471,0.053049,0.670700,-9.858308,0.651226,-0.323924,-0.159126,176.105530,-0.364148,175.111160,-0.001724,0.042733,0.998504,0.034084
1472,0.060625,0.661297,-9.842001,0.260589,-0.133184,-0.021793,176.132309,-0.342151,175.113586,-0.001543,0.042705,0.998513,0.033842
1473,0.044304,0.671917,-9.877027,0.039330,-0.090458,-0.058415,176.140839,-0.325308,175.114655,-0.001400,0.042691,0.998517,0.033761
1474,0.056306,0.678901,-9.859472,-0.300952,0.233039,0.040770,176.122620,-0.316377,175.115189,-0.001315,0.042684,0.998512,0.033917
1475,0.058868,0.667716,-9.868438,-0.041544,0.149113,-0.024845,176.107132,-0.326182,175.115402,-0.001395,0.042685,0.998507,0.034055
1476,0.066239,0.672797,-9.877715,-0.186506,0.277290,-0.027897,176.103699,-0.344115,175.116760,-0.001550,0.042679,0.998506,0.034092
1477,0.054156,0.657585,-9.906819,0.024072,0.315438,-0.130134,176.113647,-0.357199,175.119980,-0.001669,0.042654,0.998510,0.034010
1478,0.077700,0.664715,-9.866282,0.022545,0.670979,-0.186593,176.131821,-0.381431,175.126251,-0.001889,0.042606,0.998516,0.033861
1479,0.091082,0.696488,-9.869488,-0.023232,0.739646,-0.240000,176.113556,-0.436273,175.135056,-0.002362,0.042546,0.998512,0.034040
1480,0.109544,0.707764,-9.821218,-0.700744,0.933438,0.074340,176.047592,-0.510186,175.140152,-0.002984,0.042525,0.998490,0.034642
1481,0.109855,0.685081,-9.803446,-0.700744,0.707602,0.210148,175.986862,-0.581982,175.137665,-0.003586,0.042570,0.998467,0.035197
1482,0.107008,0.716858,-9.794895,-0.928106,0.338328,0.246770,175.930756,-0.622912,175.131622,-0.003920,0.042637,0.998445,0.035702
1483,0.096170,0.717541,-9.834739,-1.063913,0.007202,0.339851,175.860809,-0.626440,175.122665,-0.003922,0.042719,0.998419,0.036313
1484,0.113384,0.717083,-9.813820,-1.384358,-0.053835,0.443614,175.801010,-0.622559,175.109787,-0.003861,0.042832,0.998396,0.036833
1485,0.103145,0.708299,-9.844111,-0.432180,-0.566546,0.269659,175.776688,-0.614446,175.097122,-0.003777,0.042940,0.998384,0.037042
1486,0.087472,0.718504,-9.873581,-0.017129,-0.713035,0.269659,175.788605,-0.576237,175.086380,-0.003446,0.043021,0.998386,0.036924
1487,0.099130,0.710388,-9.867566,-0.040018,-0.336132,0.417674,175.808426,-0.544924,175.073456,-0.003176,0.043123,0.998389,0.036740
1488,0.090643,0.712009,-9.845311,0.402500,-0.273569,0.385629,175.834442,-0.532971,175.059174,-0.003077,0.043243,0.998393,0.036509
1489,0.050084,0.672537,-9.836796,0.904530,-0.305613,0.435985,175.897629,-0.489566,175.044449,-0.002718,0.043356,0.998409,0.035943
1490,0.042897,0.675057,-9.839704,0.646648,-0.081302,0.243718,175.981186,-0.419628,175.032257,-0.002137,0.043439,0.998434,0.035189
1491,0.055083,0.666697,-9.836932,0.504737,0.117068,0.002622,176.042969,-0.375188,175.027939,-0.001772,0.043463,0.998453,0.034634
1492,0.045595,0.676002,-9.862070,0.727522,0.037720,-0.310193,176.087112,-0.349349,175.033081,-0.001565,0.043409,0.998469,0.034240
1493,0.045565,0.675842,-9.868337,0.779404,0.149113,-0.462785,176.116257,-0.325401,175.046143,-0.001371,0.043288,0.998484,0.033976
1494,0.081321,0.677141,-9.863473,0.846546,0.391735,-0.697778,176.136780,-0.341147,175.066086,-0.001522,0.043119,0.998497,0.033803
1495,0.123541,0.690647,-9.827552,0.588663,0.687764,-0.693200,176.133835,-0.427289,175.090591,-0.002279,0.042931,0.998502,0.033861
1496,0.118042,0.712150,-9.833244,0.761093,0.344431,-0.633689,176.098419,-0.527751,175.114258,-0.003148,0.042755,0.998495,0.034206
1497,0.114983,0.679816,-9.821898,0.996085,0.159794,-0.459733,176.083008,-0.588232,175.133392,-0.003675,0.042606,0.998494,0.034362
1498,0.113697,0.667292,-9.828640,0.840442,0.002624,-0.325452,176.110168,-0.618628,175.146652,-0.003954,0.042499,0.998505,0.034136
1499,0.087441,0.654251,-9.858006,0.764144,-0.290354,-0.207956,176.153595,-0.608107,175.155014,-0.003880,0.042421,0.998522,0.033754
1500,0.053659,0.633369,-9.889781,0.915212,-0.305613,-0.207956,176.218170,-0.543147,175.160919,-0.003340,0.042349,0.998547,0.033167
1501,0.076793,0.621733,-9.852341,0.568827,0.175054,-0.253733,176.289902,-0.487763,175.168045,-0.002886,0.042269,0.998573,0.032521
1502,0.073129,0.627302,-9.844587,0.513894,0.202520,-0.381911,176.339203,-0.471964,175.178772,-0.002769,0.042170,0.998591,0.032086
1503,0.081194,0.615996,-9.835617,0.556619,0.242194,-0.523822,176.375732,-0.470010,175.194168,-0.002770,0.042035,0.998607,0.031766
1504,0.113973,0.641908,-9.814236,0.120204,0.406994,-0.610800,176.381409,-0.505480,175.213760,-0.003087,0.041874,0.998614,0.031729
1505,0.122372,0.658709,-9.814605,0.097315,0.057557,-0.587912,176.339661,-0.565427,175.234604,-0.003600,0.041710,0.998607,0.032114
1506,0.097597,0.650474,-9.843232,0.295687,-0.302561,-0.441423,176.300491,-0.588074,175.251923,-0.003788,0.041566,0.998601,0.032463
1507,0.099699,0.651060,-9.848377,-0.139203,-0.183539,-0.268993,176.275909,-0.578168,175.263489,-0.003696,0.041464,0.998599,0.032673
1508,0.091550,0.665122,-9.845666,-0.566463,-0.207954,-0.146919,176.234299,-0.563743,175.270279,-0.003557,0.041402,0.998590,0.033031
1509,0.065880,0.639386,-9.861255,-0.223129,-0.439895,-0.175911,176.209793,-0.522160,175.275040,-0.003187,0.041349,0.998587,0.033229
1510,0.065565,0.642479,-9.867534,-0.456596,-0.227791,-0.238475,176.214539,-0.467395,175.281036,-0.002713,0.041281,0.998593,0.033168
1511,0.064278,0.689424,-9.891406,-0.844181,-0.087406,-0.346815,176.174561,-0.429741,175.290558,-0.002374,0.041188,0.998587,0.033503
1512,0.072421,0.669933,-9.888320,-0.387929,-0.117924,-0.496356,176.120331,-0.411107,175.304596,-0.002196,0.041061,0.998577,0.033968
1513,0.094605,0.664572,-9.866335,-0.406240,0.121646,-0.465837,176.103745,-0.426877,175.320618,-0.002332,0.040927,0.998577,0.034118
1514,0.091312,0.668815,-9.849535,-0.593928,0.103335,-0.287304,176.092010,-0.461775,175.333374,-0.002636,0.040826,0.998576,0.034232
1515,0.080081,0.647373,-9.856196,-0.288744,-0.163702,-0.307141,176.098785,-0.474203,175.343018,-0.002749,0.040745,0.998581,0.034178
1516,0.084435,0.620275,-9.831713,-0.400137,-0.142339,-0.307141,176.146072,-0.471037,175.352402,-0.002741,0.040662,0.998599,0.033764
1517,0.088526,0.647509,-9.826038,-0.722107,-0.211006,-0.351393,176.177277,-0.472547,175.362549,-0.002769,0.040573,0.998611,0.033492
1518,0.064146,0.666254,-9.858699,-0.552729,-0.558917,-0.490252,176.161301,-0.451262,175.375641,-0.002581,0.040453,0.998612,0.033624
1519,0.077732,0.675336,-9.845098,-0.567987,-0.444472,-0.577230,176.125305,-0.419972,175.392395,-0.002301,0.040299,0.998609,0.033926
1520,0.085914,0.676228,-9.839649,-0.424552,-0.534502,-0.662681,176.089661,-0.412845,175.412048,-0.002232,0.040126,0.998605,0.034234
1521,0.095403,0.673163,-9.837903,-0.314685,-0.651998,-0.706933,176.069077,-0.420966,175.433533,-0.002302,0.039942,0.998607,0.034416
1522,0.092998,0.698550,-9.845839,-0.484062,-0.691672,-0.699304,176.038086,-0.431721,175.455521,-0.002392,0.039754,0.998604,0.034689
1524,0.087971,0.687644,-9.826865,-0.891483,-0.674887,-0.394118,175.992599,-0.434235,175.472305,-0.002403,0.039609,0.998596,0.035086
1525,0.077124,0.679201,-9.839815,-0.833499,-0.745080,-0.375807,175.966156,-0.422221,175.483444,-0.002293,0.039509,0.998592,0.035312
1526,0.072328,0.699339,-9.842962,-1.300431,-0.531450,-0.287304,175.934341,-0.401752,175.492935,-0.002106,0.039421,0.998587,0.035582
1527,0.056590,0.713100,-9.845810,-1.184462,-0.603168,-0.407852,175.878586,-0.371987,175.503235,-0.001831,0.039323,0.998574,0.036058
1528,0.048149,0.686553,-9.824090,-0.700744,-0.700828,-0.464311,175.853348,-0.327241,175.516129,-0.001436,0.039197,0.998572,0.036262
1529,0.048927,0.727863,-9.827185,-0.122417,-0.684043,-0.822904,175.844131,-0.284720,175.535812,-0.001069,0.039012,0.998578,0.036328
1530,0.048570,0.731727,-9.822742,-0.142254,-0.720665,-0.839689,175.813766,-0.253359,175.561874,-0.000794,0.038775,0.998578,0.036582
1531,0.055384,0.760473,-9.824734,-0.009500,-0.867154,-0.903778,175.765213,-0.233695,175.589127,-0.000615,0.038532,0.998572,0.036998
1532,0.049037,0.776705,-9.832960,0.030175,-1.157080,-0.748134,175.695938,-0.213976,175.614380,-0.000428,0.038305,0.998559,0.037595
1533,0.025421,0.763483,-9.862279,0.005760,-1.208961,-0.565023,175.642578,-0.170923,175.633453,-0.000041,0.038125,0.998549,0.038046
1534,0.019553,0.724359,-9.848918,-0.421499,-1.173865,-0.316297,175.639404,-0.113647,175.645081,0.000455,0.038005,0.998553,0.038054
1535,0.002340,0.732849,-9.869494,-0.046122,-1.485153,-0.412430,175.666931,-0.047528,175.653748,0.001019,0.037908,0.998566,0.037793
1536,-0.017478,0.728736,-9.854059,-0.305529,-1.585864,-0.262889,175.690079,0.037555,175.661087,0.001751,0.037816,0.998577,0.037563
1537,-0.035346,0.702106,-9.835282,-0.690063,-1.590442,0.011777,175.717529,0.132886,175.661316,0.002572,0.037783,0.998587,0.037292
1538,-0.028684,0.740689,-9.844892,-0.413870,-2.295420,-0.203378,175.726669,0.224562,175.659698,0.003369,0.037768,0.998589,0.037182
1539,-0.034412,0.791887,-9.881145,-0.641233,-3.566516,-0.204904,175.665253,0.323552,175.658981,0.004252,0.037740,0.998568,0.037685
1540,-0.071342,0.812632,-9.875838,-2.450979,-4.770471,0.440563,175.547836,0.464301,175.644104,0.005522,0.037817,0.998521,0.038660
1541,-0.110137,0.771593,-9.863311,-3.931127,-6.271981,1.073822,175.415085,0.663283,175.604263,0.007313,0.038088,0.998457,0.039748
1542,-0.166321,0.813969,-9.874431,-4.938239,-8.167180,1.151644,175.256592,0.931590,175.547562,0.009724,0.038474,0.998369,0.041034
1543,-0.233164,0.810427,-9.831532,-6.313097,-10.010498,1.617051,175.061264,1.277623,175.475800,0.012831,0.038952,0.998250,0.042609
1544,-0.298896,0.821396,-9.796961,-6.415334,-12.149845,1.864251,174.858582,1.699512,175.385590,0.016609,0.039548,0.998101,0.044215
1545,-0.376778,0.867061,-9.794262,-5.551660,-14.464675,1.971066,174.670822,2.199318,175.281601,0.021068,0.040221,0.997925,0.045652
1546,-0.456905,0.898507,-9.788198,-4.024209,-17.028231,1.603318,174.517609,2.780050,175.172989,0.026222,0.040891,0.997725,0.046748
1547,-0.574947,0.890583,-9.850934,-2.100016,-19.332378,1.229466,174.436508,3.445946,175.068726,0.032091,0.041492,0.997509,0.047173
1548,-0.682730,0.912877,-9.829564,-1.150892,-21.212318,1.169955,174.413559,4.185071,174.965179,0.038574,0.042064,0.997261,0.047050
1549,-0.830849,0.868436,-9.771053,-0.386403,-24.213814,0.289496,174.431061,5.013966,174.870621,0.045817,0.042529,0.996959,0.046529
1550,-1.048168,0.844653,-9.799282,1.250915,-28.483353,-1.585867,174.515976,6.005234,174.813660,0.054429,0.042627,0.996576,0.045357
1551,-1.219078,0.826948,-9.766553,2.375522,-32.467541,-2.528889,174.658905,7.166527,174.794571,0.064478,0.042363,0.996065,0.043619
1552,-1.343741,0.850018,-9.619566,2.686811,-36.380013,-3.285748,174.804459,8.440541,174.792953,0.075493,0.041923,0.995387,0.041815
1553,-1.563377,0.847306,-9.640535,2.712751,-40.202457,-3.853392,174.926102,9.821649,174.801498,0.087433,0.041354,0.994500,0.040177
1554,-1.773818,0.901422,-9.682076,3.056085,-41.917599,-3.665703,175.018356,11.279290,174.805481,0.100038,0.040787,0.993392,0.038756
1555,-1.936771,0.904424,-9.605147,2.322114,-41.551376,-2.075689,175.059753,12.712506,174.771881,0.112446,0.040519,0.992114,0.037744
1556,-2.200542,0.904470,-9.593304,1.521004,-41.470505,-0.929719,175.050949,14.110084,174.688690,0.124562,0.040642,0.990684,0.037117
1557,-2.483473,0.857848,-9.595677,1.376041,-41.752800,0.229985,175.030075,15.525857,174.567383,0.136832,0.041062,0.989069,0.036516
1558,-2.710046,0.819979,-9.514143,1.261596,-42.276192,1.227940,175.023941,16.962915,174.414017,0.149267,0.041754,0.987270,0.035705
1559,-2.965941,0.779333,-9.467357,0.777878,-43.637318,2.302192,175.020706,18.430351,174.228226,0.161947,0.042703,0.985262,0.034769
1560,-3.231790,0.774393,-9.379382,0.118678,-45.617970,3.124665,174.994797,19.964079,174.006607,0.175185,0.043879,0.982973,0.033892
1561,-3.450851,0.748943,-9.239177,-0.120892,-47.287331,3.654162,174.942902,21.561472,173.754929,0.188952,0.045218,0.980386,0.033095
1562,-3.712246,0.776444,-9.133965,-0.325366,-48.683552,3.178073,174.868561,23.206905,173.492096,0.203100,0.046557,0.977515,0.032374
1563,-4.009272,0.782247,-9.004888,0.237700,-49.744072,2.412058,174.784042,24.911757,173.237625,0.217710,0.047734,0.974332,0.031646
1564,-4.247521,0.768633,-8.833366,0.671063,-50.687092,1.653673,174.719955,26.665188,173.003922,0.232664,0.048705,0.970852,0.030681
1565,-4.496832,0.746674,-8.710829,1.383670,-51.685047,0.713703,174.693390,28.442636,172.800507,0.247738,0.049447,0.967118,0.029377
1566,-4.741188,0.807722,-8.597915,1.586619,-52.348824,0.217777,174.665604,30.225788,172.608231,0.262794,0.050056,0.963144,0.028044
1567,-4.969276,0.817085,-8.447470,1.310426,-52.101624,0.873925,174.587631,31.986752,172.388123,0.277625,0.050757,0.958967,0.027018
1568,-5.175497,0.840766,-8.306543,0.677167,-51.056366,2.224369,174.443848,33.688278,172.111679,0.291934,0.051745,0.954674,0.026370
1569,-5.395552,0.853056,-8.125112,-0.136150,-49.321388,3.513776,174.219360,35.313999,171.765976,0.305600,0.053069,0.950319,0.026176
1570,-5.613646,0.889115,-7.945025,-0.622922,-48.186100,4.325569,173.918854,36.884266,171.357132,0.318795,0.054649,0.945879,0.026372
1571,-5.857606,0.853238,-7.762710,-1.239395,-48.372265,5.566145,173.571640,38.448948,170.896927,0.331917,0.056409,0.941242,0.026687
1572,-6.121409,0.853482,-7.586623,-1.700224,-50.888515,5.669909,173.202362,40.087811,170.403183,0.345597,0.058197,0.936191,0.026880
1573,-6.360203,0.848271,-7.393319,-2.435721,-55.289284,5.279272,172.806244,41.868687,169.888916,0.360370,0.059814,0.930500,0.026943
1574,-6.626300,0.896737,-7.238956,-3.133069,-59.564922,5.003080,172.352493,43.798687,169.336838,0.376286,0.061257,0.924081,0.027028
1575,-6.849428,0.932760,-7.033294,-3.509972,-61.745472,5.308265,171.811081,45.815434,168.714371,0.392840,0.062683,0.917062,0.027275
1576,-7.086141,1.021833,-6.792815,-3.523705,-61.492168,4.520886,171.178970,47.839748,168.020172,0.409387,0.064098,0.909684,0.027728
1577,-7.290910,1.051784,-6.539689,-3.358905,-59.040009,4.266058,170.485916,49.797424,167.280106,0.425316,0.065432,0.902233,0.028283
1578,-7.473198,1.099931,-6.292343,-2.766847,-55.029877,4.742146,169.755173,51.616264,166.494644,0.440063,0.066832,0.895012,0.028834
1579,-7.644255,1.104271,-6.032400,-2.083232,-51.372234,5.622604,168.991882,53.281750,165.652039,0.453542,0.068438,0.888119,0.029323
1580,-7.798366,1.149249,-5.799478,-1.825350,-49.058929,5.939998,168.187927,54.830444,164.749496,0.466062,0.070207,0.881460,0.029761
1581,-7.970521,1.194549,-5.604963,-1.794832,-47.528427,6.931849,167.295685,56.291176,163.752563,0.477899,0.072170,0.874920,0.030328
1582,-8.065947,1.142764,-5.356170,-2.119854,-46.254280,8.585952,166.325714,57.686298,162.663040,0.489228,0.074307,0.868435,0.030897
1583,-8.208798,1.168426,-5.137218,-2.531855,-45.387554,8.770588,165.293365,59.040691,161.506027,0.500226,0.076436,0.861943,0.031399
1584,-8.333338,1.232881,-4.929712,-2.574579,-43.739552,8.503552,164.172745,60.346046,160.273727,0.510857,0.078499,0.855476,0.031992
1585,-8.464874,1.261970,-4.717552,-2.415884,-41.111908,8.260930,162.994904,61.575188,158.992050,0.520903,0.080479,0.849188,0.032600
1586,-8.546481,1.264987,-4.509245,-2.246505,-38.803185,7.772634,161.827225,62.724163,157.720490,0.530284,0.082263,0.843173,0.033020
1587,-8.683640,1.375509,-4.354254,-2.164106,-37.214695,6.400827,160.641800,63.798969,156.442581,0.539077,0.083862,0.837405,0.033398
1588,-8.760102,1.430525,-4.180439,-1.839084,-36.152653,5.044280,159.415451,64.815437,155.138779,0.547425,0.085296,0.831810,0.033798
1589,-8.852350,1.474070,-3.989290,-1.689542,-36.232002,3.628221,158.171982,65.819000,153.824158,0.555623,0.086473,0.826226,0.034018
1590,-8.907001,1.463619,-3.800345,-1.770416,-37.464947,2.700458,156.898499,66.856621,152.483337,0.563994,0.087321,0.820447,0.033953
1591,-8.981468,1.509967,-3.623341,-1.622403,-38.528519,1.388162,155.557312,67.932266,151.077179,0.572584,0.087899,0.814426,0.033644
1592,-9.015946,1.542825,-3.420635,-1.317216,-38.589558,0.518385,154.099731,69.016212,149.556015,0.581230,0.088353,0.808245,0.033229
1593,-9.094093,1.555220,-3.212046,-1.156994,-38.647541,0.097229,152.503906,70.097054,147.894745,0.589866,0.088737,0.801943,0.032724
1594,-9.158915,1.515325,-2.994899,-0.963203,-38.946621,0.118592,150.765274,71.189331,146.083481,0.598573,0.089000,0.795465,0.032013
1595,-9.217855,1.499811,-2.785656,-0.871647,-39.190769,-0.395645,148.877838,72.294998,144.116119,0.607342,0.089090,0.788819,0.031041
1596,-9.312282,1.502408,-2.568904,-0.937262,-40.077332,-1.273052,146.768494,73.419594,141.928452,0.616247,0.088971,0.781941,0.029880
1597,-9.396750,1.501549,-2.357748,-0.943366,-41.201939,-1.285260,144.297623,74.561829,139.381409,0.625377,0.088735,0.774733,0.028630
1598,-9.452470,1.486046,-2.138926,-1.187513,-41.859612,-0.961763,141.341339,75.692352,136.350983,0.634634,0.088494,0.767240,0.027405
1599,-9.495013,1.493569,-1.925463,-1.442343,-41.839775,-1.408859,137.856506,76.779022,132.800385,0.643834,0.088211,0.759611,0.026247
1600,-9.546443,1.525032,-1.692333,-1.427083,-41.581894,-1.942933,133.766830,77.797806,128.653198,0.652889,0.087903,0.751915,0.025173
1601,-9.560411,1.495510,-1.461876,-1.288225,-41.168369,-1.826963,128.997253,78.735558,123.826073,0.661784,0.087594,0.744170,0.024104
1602,-9.618840,1.476524,-1.217308,-1.655972,-41.009674,-1.736933,123.443542,79.586914,118.218681,0.670571,0.087196,0.736344,0.023003
1603,-9.643618,1.464608,-0.986004,-1.361468,-41.429302,-2.284739,116.940681,80.341621,111.663834,0.679351,0.086688,0.728348,0.021818
1604,-9.668258,1.456328,-0.734099,-1.082225,-42.270088,-2.950044,109.322083,80.980209,103.983864,0.688219,0.086095,0.720086,0.020442
1605,-9.697574,1.426114,-0.477047,-1.144787,-43.178013,-3.278118,100.452644,81.465950,95.049171,0.697267,0.085370,0.711459,0.018893
1606,-9.703773,1.402069,-0.233448,-1.190565,-43.983700,-3.381881,90.526085,81.740295,85.057793,0.706430,0.084529,0.702506,0.017243
1607,-9.659870,1.372214,-0.009170,-0.850285,-43.721241,-3.453599,80.262756,81.758545,74.723709,0.715458,0.083684,0.693452,0.015528
1608,-9.663597,1.359682,0.260234,-0.986092,-43.063568,-3.493274,70.396858,81.519485,64.784988,0.724257,0.082855,0.684395,0.013814
1609,-9.684970,1.372776,0.514196,-1.511010,-43.693775,-3.246074,61.320885,81.023354,55.648201,0.733000,0.082056,0.675149,0.012291
1610,-9.653436,1.376564,0.740220,-1.330950,-44.970978,-2.896636,53.361729,80.285805,47.631069,0.741772,0.081416,0.665601,0.010975
1611,-9.616563,1.366670,1.009632,-1.048655,-46.429760,-2.119941,46.588890,79.334969,40.789291,0.750664,0.081010,0.655626,0.009775
1612,-9.589458,1.356041,1.283930,-1.376729,-49.976013,-1.947511,40.752296,78.174850,34.879761,0.759964,0.080689,0.644880,0.008631
1613,-9.581084,1.378189,1.570103,-1.926062,-53.670273,-2.112311,35.694786,76.803818,29.754606,0.769833,0.080319,0.633126,0.007528
1614,-9.495756,1.378218,1.844710,-1.353840,-55.228249,-0.468889,31.575020,75.257156,25.560524,0.779974,0.080173,0.620620,0.006593
1615,-9.438917,1.367633,2.161241,-1.890965,-56.522232,-0.227793,28.275579,73.594086,22.184175,0.790149,0.080190,0.607618,0.005818
1616,-9.359616,1.360804,2.453709,-3.123914,-58.150391,-0.938874,25.459764,71.852913,19.315565,0.800362,0.079893,0.594148,0.005050
1617,-9.262047,1.364413,2.757932,-3.494713,-58.141239,-1.065526,23.057783,70.067184,16.881540,0.810446,0.079314,0.580404,0.004277
1618,-9.127091,1.330246,3.032916,-4.098979,-56.734333,-0.815274,21.057817,68.290207,14.866266,0.820115,0.078570,0.566767,0.003562
1619,-9.050519,1.288504,3.366989,-5.603542,-54.399670,-2.167244,19.277569,66.568344,13.109615,0.829260,0.077293,0.553486,0.002794
1621,-8.933352,1.259341,3.674416,-6.261216,-50.658100,-2.600607,17.652054,64.927551,11.549451,0.837796,0.075432,0.540744,0.001948
1622,-8.822840,1.218870,3.997534,-6.149824,-46.528946,-2.971407,16.221540,63.382153,10.203568,0.845635,0.073326,0.528699,0.001084
1623,-8.718494,1.169232,4.291038,-5.592860,-43.300087,-3.151466,14.952309,61.921593,9.019586,0.852861,0.071122,0.517272,0.000123
1624,-8.624581,1.138701,4.582622,-4.864995,-41.726856,-2.647911,13.840878,60.503834,7.982784,0.859671,0.069017,0.506164,-0.000867
1625,-8.491419,1.121950,4.839698,-3.833467,-42.450146,-2.220652,12.890191,59.060219,7.082891,0.866364,0.067230,0.494864,-0.001814
1626,-8.371451,1.107785,5.086287,-3.426047,-45.181553,-1.677422,12.067578,57.530228,6.286325,0.873206,0.065766,0.482887,-0.002709
1627,-8.231738,1.103257,5.342610,-3.479453,-48.184574,-1.161659,11.338557,55.882942,5.574279,0.880316,0.064494,0.469969,-0.003486
1628,-8.053124,1.092731,5.549404,-3.662565,-51.756767,-1.439378,10.668303,54.121162,4.916153,0.887667,0.063284,0.456096,-0.004226
1629,-7.843595,1.065923,5.773426,-4.433157,-54.311165,-2.367141,10.001619,52.267097,4.263485,0.895162,0.061883,0.441396,-0.005101
1630,-7.652533,1.049286,5.987690,-5.544031,-55.066498,-2.641807,9.334567,50.373421,3.630476,0.902569,0.060160,0.426278,-0.006041
1631,-7.476951,1.019012,6.208333,-5.817172,-53.673328,-2.889007,8.703399,48.519676,3.051598,0.909571,0.058244,0.411388,-0.006960
1632,-7.281826,0.977026,6.380795,-6.110149,-51.767448,-3.090429,8.114623,46.761089,2.524336,0.915985,0.056210,0.397176,-0.007903
1633,-7.134305,0.953164,6.663935,-7.837496,-50.417004,-3.763361,7.528008,45.078224,2.030251,0.921927,0.053847,0.383501,-0.008832
1634,-6.966588,0.922374,6.915887,-8.617245,-50.868679,-4.175362,6.925637,43.405945,1.555640,0.927635,0.051103,0.369848,-0.009744
1635,-6.763988,0.880801,7.144518,-8.220505,-51.981079,-4.710962,6.339654,41.700130,1.095413,0.933231,0.048275,0.355857,-0.010761
1636,-6.543154,0.859566,7.385964,-7.033334,-54.135685,-4.735377,5.815086,39.922539,0.659231,0.938798,0.045715,0.341214,-0.011916
1637,-6.307398,0.863379,7.606655,-4.687987,-56.674824,-3.993777,5.419421,38.046978,0.281541,0.944363,0.043894,0.325700,-0.013090
1638,-6.036989,0.835997,7.764182,-1.788729,-57.942867,-2.394607,5.188618,36.104031,-0.015862,0.949799,0.043079,0.309557,-0.014158
1639,-5.753249,0.850811,7.894497,1.516426,-56.703819,-0.400223,5.140695,34.171829,-0.216962,0.954877,0.043422,0.293428,-0.014984
1640,-5.484202,0.850297,8.036633,3.222410,-55.138218,1.090607,5.237968,32.302914,-0.335569,0.959485,0.044704,0.277757,-0.015521
1641,-5.235456,0.890510,8.183485,4.742232,-52.344246,2.138917,5.423928,30.524685,-0.401153,0.963601,0.046566,0.262783,-0.015829
1642,-5.013928,0.910558,8.316877,6.048424,-48.978054,3.289465,5.679129,28.873299,-0.424542,0.967182,0.048897,0.248824,-0.015934
1643,-4.797942,0.961382,8.523725,5.924824,-45.798027,3.583969,5.957384,27.341068,-0.425608,0.970306,0.051369,0.235830,-0.015885
1644,-4.608797,1.002500,8.713960,6.999076,-43.796013,3.196384,6.238832,25.892920,-0.435015,0.973083,0.053883,0.223506,-0.015886
1645,-4.410046,1.065462,8.838403,8.883594,-42.543228,2.935451,6.557238,24.507591,-0.463364,0.975560,0.056745,0.211667,-0.016083
1646,-4.211558,1.098952,8.908805,7.824602,-42.778221,2.572280,6.875298,23.157293,-0.514255,0.977824,0.059641,0.200086,-0.016424
1647,-4.006923,1.142834,9.051716,4.788010,-42.900295,1.499555,7.093822,21.810524,-0.607504,0.979985,0.061749,0.188499,-0.016900
1648,-3.787543,1.159824,9.068069,2.860766,-41.562057,0.919703,7.202916,20.492010,-0.738769,0.982017,0.062957,0.177121,-0.017505
1649,-3.556069,1.151395,9.162184,-0.949470,-39.108372,0.243718,7.190976,19.240040,-0.893281,0.983886,0.063128,0.166297,-0.018150
1650,-3.341753,1.120974,9.253869,-3.708342,-36.027527,-0.436845,7.038486,18.068054,-1.067122,0.985600,0.062079,0.156154,-0.018818
1651,-3.144880,1.069157,9.345889,-4.340075,-33.293068,-0.508563,6.802764,16.983149,-1.246062,0.987142,0.060279,0.146757,-0.019496
1652,-2.956153,1.051335,9.377673,-5.070994,-31.979248,-0.742030,6.541680,15.960387,-1.417879,0.988529,0.058214,0.137895,-0.020154
1653,-2.776990,1.044765,9.430466,-4.427052,-32.290539,-0.809171,6.301722,14.949858,-1.580849,0.989810,0.056285,0.129131,-0.020807
1654,-2.604193,1.033223,9.472068,-2.995736,-33.695915,-0.409378,6.122557,13.904812,-1.730150,0.991020,0.054830,0.120058,-0.021429
1655,-2.430184,1.028807,9.497046,-2.583735,-37.481735,-0.038578,5.997041,12.773049,-1.867106,0.992207,0.053788,0.110221,-0.021988
1656,-2.238253,1.014471,9.519120,-3.671720,-42.474560,-0.970919,5.869262,11.499836,-2.023097,0.993419,0.052697,0.099140,-0.022670
1657,-1.989946,0.992522,9.597545,-4.189009,-44.385021,-1.624015,5.710122,10.100146,-2.213866,0.994611,0.051305,0.086942,-0.023603
1658,-1.748470,0.952411,9.677092,-5.026741,-42.418102,-1.756770,5.520185,8.682580,-2.414732,0.995676,0.049598,0.074581,-0.024630
1659,-1.543344,0.949072,9.704560,-5.844638,-39.338783,-1.634696,5.311391,7.358572,-2.601697,0.996543,0.047682,0.063036,-0.025604
1660,-1.348663,0.959011,9.779528,-7.066904,-34.126225,-1.842222,5.099719,6.195817,-2.768638,0.997201,0.045715,0.052900,-0.026503
1661,-1.132993,0.901029,9.836718,-7.420918,-26.672079,-1.268474,4.872335,5.244548,-2.905727,0.997680,0.043607,0.044619,-0.027249
1662,-1.016353,0.834235,9.835495,-5.682890,-20.356274,-0.346815,4.653385,4.531154,-2.997195,0.998011,0.041585,0.038424,-0.027715
1663,-0.946000,0.818472,9.869345,-3.210890,-17.191504,0.152162,4.505396,4.011594,-3.050467,0.998225,0.040200,0.033916,-0.027956
1664,-0.861598,0.788745,9.881429,-0.647337,-15.586231,0.170474,4.448302,3.591975,-3.087386,0.998361,0.039620,0.030261,-0.028122
1665,-0.766434,0.742763,9.886154,0.535256,-14.684407,0.117066,4.438170,3.207589,-3.122257,0.998458,0.039453,0.026902,-0.028296
1666,-0.704991,0.778230,9.931049,2.288544,-13.559800,0.472607,4.476556,2.848797,-3.149535,0.998524,0.039711,0.023757,-0.028422
1667,-0.639963,0.833764,9.939451,4.417210,-13.196630,0.515333,4.611490,2.513820,-3.167160,0.998544,0.040813,0.020798,-0.028488
1668,-0.572479,0.900064,9.915817,5.476203,-13.239355,0.168948,4.834878,2.180403,-3.189105,0.998520,0.042685,0.017829,-0.028599
1669,-0.489037,0.930362,9.824956,6.277314,-12.613727,0.089600,5.106186,1.846326,-3.218648,0.998464,0.044974,0.014838,-0.028770
1670,-0.419701,0.948815,9.760256,7.566720,-11.129002,0.225407,5.404015,1.535856,-3.246859,0.998380,0.047498,0.012047,-0.028928
1671,-0.396321,1.035598,9.706734,9.022454,-9.253639,-0.195748,5.755129,1.290607,-3.276774,0.998251,0.050500,0.009808,-0.029119
1672,-0.344362,1.095568,9.736457,7.768143,-7.831477,-0.418533,6.124134,1.109195,-3.313673,0.998093,0.053672,0.008117,-0.029387
1673,-0.283037,1.052605,9.783340,5.462469,-6.539017,-0.072148,6.390563,0.991939,-3.346296,0.997968,0.055966,0.007012,-0.029634
1674,-0.261050,1.042311,9.866910,3.138485,-4.611775,0.161318,6.487788,0.947581,-3.366011,0.997919,0.056803,0.006590,-0.029789
1675,-0.269955,1.107411,9.914797,2.111537,-2.812709,0.344429,6.511869,0.972694,-3.372576,0.997903,0.057019,0.006800,-0.029860
1676,-0.239401,1.086325,9.911425,0.201078,-2.310679,0.748799,6.501004,1.019810,-3.364963,0.997906,0.056936,0.007217,-0.029817
1677,-0.247593,1.065497,9.884090,-1.808566,-1.144872,0.979214,6.393910,1.067297,-3.344339,0.997960,0.056014,0.007668,-0.029653
1678,-0.269632,1.094427,9.836628,-2.339588,0.846461,0.699970,6.272832,1.179278,-3.318234,0.998014,0.054985,0.008687,-0.029471
1679,-0.292431,1.128565,9.820951,-3.065929,1.592638,0.330696,6.214841,1.352263,-3.296237,0.998029,0.054521,0.010219,-0.029356
1680,-0.292627,1.070862,9.824697,-4.416371,1.024994,0.020933,6.128438,1.486606,-3.285044,0.998056,0.053800,0.011417,-0.029313
1681,-0.298740,1.043124,9.886709,-5.083201,0.609942,-0.294934,5.963406,1.552745,-3.287035,0.998124,0.052379,0.012034,-0.029344
1682,-0.287833,1.019811,9.918775,-4.181379,0.318491,-0.590963,5.795392,1.592008,-3.300586,0.998191,0.050927,0.012413,-0.029461
1683,-0.274735,0.996062,9.948953,-3.943335,-1.273050,-0.566548,5.647989,1.583616,-3.321722,0.998251,0.049643,0.012369,-0.029626
1684,-0.232194,0.946249,9.965988,-3.789217,-3.334575,-0.503986,5.498286,1.490720,-3.347500,0.998320,0.048318,0.011587,-0.029796
1685,-0.201013,0.940072,9.962712,-3.389424,-4.269967,-0.320874,5.355883,1.326189,-3.373717,0.998392,0.047039,0.010180,-0.029943
1686,-0.180992,0.939236,9.937772,-2.827883,-4.863552,-0.192696,5.247470,1.133581,-3.396359,0.998451,0.046047,0.008521,-0.030055
1687,-0.149809,0.943518,9.915311,-2.751587,-5.588367,-0.180489,5.169520,0.923383,-3.418013,0.998495,0.045316,0.006701,-0.030155
1688,-0.110832,0.931475,9.900501,-2.576106,-5.090915,-0.308667,5.106621,0.709731,-3.441575,0.998529,0.044714,0.004847,-0.030274
1689,-0.104902,0.935261,9.926870,-2.054240,-3.714531,-0.468889,5.061222,0.538584,-3.467012,0.998550,0.044274,0.003358,-0.030428
1690,-0.092813,0.936021,9.952995,-1.173779,-2.408338,-0.734400,5.067054,0.430691,-3.495378,0.998546,0.044298,0.002405,-0.030634
1691,-0.065346,0.880935,9.921930,-0.903692,-1.692679,-0.645897,5.074632,0.356450,-3.523957,0.998538,0.044344,0.001745,-0.030855
1692,-0.077839,0.880248,9.924477,-0.215498,-1.761346,-0.066045,5.055971,0.304996,-3.540847,0.998543,0.044168,0.001295,-0.030982
1693,-0.067580,0.873068,9.918173,0.349093,-2.538042,0.323066,5.053999,0.256581,-3.542922,0.998545,0.044138,0.000873,-0.030981
1694,-0.024622,0.845194,9.874913,-0.020181,-3.247597,0.649614,5.034533,0.155056,-3.535368,0.998557,0.043941,-0.000004,-0.030877
1695,-0.003766,0.812242,9.848496,-0.249070,-3.862545,0.948696,4.965830,0.001689,-3.519339,0.998590,0.043302,-0.001316,-0.030679
1696,-0.003534,0.858892,9.878879,0.581034,-3.337627,0.922755,4.929114,-0.135821,-3.498691,0.998610,0.042945,-0.002496,-0.030448
1697,0.008284,0.865383,9.892936,0.686323,-1.959716,0.474133,4.959952,-0.211559,-3.483155,0.998603,0.043194,-0.003159,-0.030283
1698,0.001282,0.881341,9.897471,0.318574,-0.816798,0.220829,5.003172,-0.219708,-3.475707,0.998588,0.043569,-0.003238,-0.030214
1699,-0.019117,0.899980,9.922845,0.703108,-0.226265,0.031614,5.061245,-0.166221,-3.473146,0.998567,0.044089,-0.002787,-0.030211
1700,-0.015616,0.918703,9.927926,0.933523,0.294076,-0.073674,5.142516,-0.086954,-3.473825,0.998535,0.044818,-0.002117,-0.030246
1701,-0.009994,0.889110,9.941472,0.257537,0.065187,-0.037052,5.188208,-0.027454,-3.475132,0.998516,0.045232,-0.001612,-0.030280
1702,-0.016990,0.884607,9.966180,0.545937,-0.635213,-0.070623,5.181897,-0.000878,-3.477758,0.998518,0.045184,-0.001379,-0.030313
1703,-0.021669,0.923243,9.978778,1.006768,-0.775598,-0.104193,5.206205,0.009238,-3.482778,0.998507,0.045399,-0.001300,-0.030361
1704,-0.017420,0.930059,9.959558,-0.154462,-0.427687,0.130799,5.251464,0.017935,-3.484141,0.998488,0.045795,-0.001236,-0.030375
1705,-0.020147,0.919935,9.950495,-0.987618,0.234564,0.181155,5.253684,0.039337,-3.479244,0.998488,0.045820,-0.001049,-0.030341
1706,-0.010593,0.938223,9.926164,-0.966255,0.794579,0.001096,5.244653,0.072023,-3.474639,0.998493,0.045750,-0.000760,-0.030314
1707,0.018130,0.909774,9.872766,-1.367572,0.715231,-0.046208,5.227913,0.076449,-3.473071,0.998500,0.045606,-0.000716,-0.030302
1708,0.034531,0.862355,9.836661,-1.604092,0.129275,-0.087408,5.152055,0.030187,-3.474006,0.998530,0.044932,-0.001099,-0.030293
1709,0.042464,0.857005,9.831998,-0.555781,-0.183539,-0.446000,5.064298,-0.043724,-3.482887,0.998563,0.044148,-0.001724,-0.030343
1710,0.049392,0.846168,9.844681,0.440648,-0.413954,-0.726770,5.019452,-0.121174,-3.503155,0.998575,0.043736,-0.002394,-0.030490
1711,0.050634,0.848195,9.865185,0.666485,-0.665732,-0.641318,5.003699,-0.192371,-3.527369,0.998574,0.043579,-0.003020,-0.030675
1712,0.030383,0.868268,9.895618,0.291108,-0.603168,-0.217111,5.007108,-0.232815,-3.543439,0.998569,0.043598,-0.003379,-0.030799
1713,0.028547,0.860683,9.931513,0.179715,-0.481094,0.051452,5.009188,-0.239127,-3.547745,0.998567,0.043614,-0.003436,-0.030834
1714,0.014234,0.854251,9.949946,0.567300,-0.421583,0.406992,5.000783,-0.224620,-3.541361,0.998572,0.043545,-0.003305,-0.030784
1715,-0.001352,0.893257,9.962106,0.477271,-0.757287,0.793051,5.020908,-0.193963,-3.523153,0.998569,0.043729,-0.003037,-0.030637
1716,-0.006689,0.900641,9.950543,0.512367,-1.161657,0.863244,5.073846,-0.166294,-3.498559,0.998555,0.044198,-0.002800,-0.030432
1717,0.008863,0.894072,9.916739,0.840442,-1.245583,0.599259,5.126842,-0.162075,-3.477892,0.998540,0.044662,-0.002770,-0.030252
1718,0.004677,0.897742,9.886770,0.564248,-1.111302,0.448192,5.168802,-0.169381,-3.464053,0.998527,0.045026,-0.002839,-0.030128
1719,0.015074,0.902520,9.875741,0.112574,-1.204383,0.143007,5.195309,-0.179725,-3.457751,0.998519,0.045254,-0.002933,-0.030068
1720,0.046207,0.875733,9.870945,-0.195663,-1.167761,-0.116400,5.184256,-0.219825,-3.460847,0.998522,0.045147,-0.003281,-0.030079
1721,0.059794,0.836555,9.873332,-0.503900,-1.169287,-0.160652,5.110416,-0.286652,-3.468689,0.998548,0.044486,-0.003847,-0.030124
1722,0.061385,0.838999,9.902637,-0.043069,-1.393598,-0.365126,5.020192,-0.354183,-3.480786,0.998579,0.043681,-0.004417,-0.030206
1724,0.069296,0.863598,9.920678,0.307893,-1.051791,-0.494830,4.983027,-0.408433,-3.498388,0.998588,0.043342,-0.004886,-0.030341
1725,0.080052,0.898553,9.947543,0.082056,-0.792383,-0.525348,5.007449,-0.450274,-3.518141,0.998572,0.043543,-0.005265,-0.030496
1726,0.075528,0.915617,9.936696,-0.159040,-0.623005,-0.662681,5.064428,-0.476587,-3.540385,0.998544,0.044031,-0.005518,-0.030677
1727,0.082039,0.949705,9.933844,-0.145307,-0.369702,-0.929718,5.146765,-0.487747,-3.569002,0.998504,0.044744,-0.005648,-0.030918
1728,0.093898,0.946464,9.903579,-0.839603,0.219305,-0.995333,5.225145,-0.493670,-3.601982,0.998464,0.045424,-0.005734,-0.031199
1729,0.097283,0.948249,9.899780,-0.850285,0.420728,-1.079259,5.271739,-0.495860,-3.636093,0.998436,0.045828,-0.005779,-0.031493
1730,0.101899,0.911780,9.880910,-0.946417,0.623676,-0.954133,5.274958,-0.496651,-3.668532,0.998426,0.045854,-0.005800,-0.031775
1731,0.099408,0.894785,9.870541,-0.899114,0.693868,-0.629111,5.231778,-0.495107,-3.692681,0.998436,0.045477,-0.005784,-0.031988
1732,0.090950,0.888184,9.864860,-0.500848,0.962431,-0.285778,5.184268,-0.480768,-3.705137,0.998452,0.045066,-0.005651,-0.032105
1733,0.102800,0.876513,9.877874,0.071375,1.168431,-0.041630,5.150403,-0.464128,-3.707133,0.998465,0.044776,-0.005497,-0.032130
1734,0.097401,0.861906,9.867328,0.777878,1.093661,0.094177,5.128294,-0.454982,-3.702573,0.998475,0.044586,-0.005410,-0.032095
1735,0.076533,0.884285,9.862558,2.030663,0.941068,0.042296,5.153312,-0.433027,-3.697089,0.998467,0.044810,-0.005223,-0.032055
1736,0.058383,0.918526,9.882755,2.522011,1.243201,-0.041630,5.249412,-0.382354,-3.693916,0.998431,0.045662,-0.004807,-0.032043
1737,0.044109,0.930629,9.905363,2.129848,1.523971,-0.168282,5.363541,-0.306197,-3.693346,0.998387,0.046678,-0.004176,-0.032065
1738,0.014472,0.935918,9.910597,2.265655,1.459883,-0.322400,5.456700,-0.209086,-3.696862,0.998348,0.047517,-0.003357,-0.032132
1739,0.003692,0.972064,9.950445,2.093226,1.299660,-0.371230,5.549915,-0.107422,-3.703957,0.998307,0.048358,-0.002500,-0.032234
1740,-0.010712,0.993994,9.963870,1.417241,1.324075,-0.261363,5.644416,-0.015321,-3.710194,0.998264,0.049207,-0.001727,-0.032326
1741,-0.017391,1.006853,9.939980,0.967092,0.971586,-0.165230,5.722365,0.061293,-3.713461,0.998228,0.049907,-0.001083,-0.032387
1742,-0.016864,0.992852,9.916524,0.780931,0.664875,-0.050785,5.769446,0.108886,-3.714287,0.998206,0.050331,-0.000682,-0.032414
1743,-0.032194,1.008447,9.908377,0.375034,0.693868,0.091125,5.793657,0.146279,-3.711321,0.998195,0.050552,-0.000362,-0.032405
1744,-0.031782,0.997333,9.898769,-0.084270,0.538224,0.144533,5.798735,0.181389,-3.705338,0.998194,0.050607,-0.000055,-0.032368
1745,-0.023631,0.993499,9.894106,0.008811,0.315439,0.088074,5.783490,0.194024,-3.700090,0.998202,0.050477,0.000061,-0.032328
1746,-0.019628,0.967143,9.925812,-0.058329,0.056031,0.037718,5.744936,0.183108,-3.697501,0.998220,0.050138,-0.000022,-0.032301
1747,-0.018950,0.990756,9.939144,0.375034,-0.522295,-0.000430,5.714123,0.154559,-3.697768,0.998234,0.049862,-0.000262,-0.032291
1748,0.001376,1.006888,9.943693,-0.198714,-1.031954,0.120118,5.719127,0.097005,-3.698361,0.998233,0.049889,-0.000765,-0.032271
1749,0.005427,0.995589,9.914150,-0.648862,-0.665732,0.260503,5.716102,0.029465,-3.694842,0.998237,0.049844,-0.001351,-0.032211
1750,0.012121,0.984802,9.900800,-0.784669,-0.334606,0.240666,5.689491,-0.018285,-3.688174,0.998251,0.049599,-0.001756,-0.032132
1751,0.022333,0.986487,9.897488,-0.685484,-0.282724,0.222355,5.660538,-0.057236,-3.681499,0.998265,0.049336,-0.002085,-0.032058
1752,0.017620,0.979769,9.898381,-0.902165,0.004150,0.376474,5.633366,-0.083455,-3.672011,0.998280,0.049092,-0.002301,-0.031964
1753,0.003001,0.959147,9.918770,-0.270433,0.239142,0.355111,5.598114,-0.077687,-3.659454,0.998298,0.048787,-0.002236,-0.031858
1754,-0.000942,0.953576,9.931967,0.346041,-0.272043,0.318488,5.569504,-0.059419,-3.648300,0.998314,0.048543,-0.002064,-0.031769
1755,-0.005654,0.944721,9.943470,0.399448,-0.909879,0.416148,5.547774,-0.056885,-3.637991,0.998326,0.048354,-0.002032,-0.031681
1756,-0.013227,0.952735,9.928371,0.368930,-0.888516,0.439036,5.532759,-0.058132,-3.626680,0.998335,0.048223,-0.002034,-0.031582
1757,-0.006711,0.940065,9.912493,-0.151411,-0.958709,0.356637,5.512155,-0.059437,-3.616429,0.998347,0.048044,-0.002035,-0.031493
1758,0.006169,0.931786,9.891418,-0.857914,-1.443953,0.341377,5.462532,-0.084328,-3.608656,0.998370,0.047605,-0.002235,-0.031415
1759,0.013871,0.934634,9.894924,-1.514062,-1.549242,0.315437,5.396679,-0.131263,-3.602454,0.998399,0.047018,-0.002623,-0.031343
1760,0.023600,0.935156,9.893051,-2.096966,-1.183020,0.228459,5.328034,-0.177507,-3.597675,0.998428,0.046408,-0.003006,-0.031285
1761,0.037125,0.913230,9.899493,-2.541009,-1.121983,0.094178,5.243507,-0.221758,-3.595830,0.998462,0.045659,-0.003367,-0.031253
1762,0.045364,0.910801,9.895672,-2.721068,-0.964813,0.025511,5.150183,-0.266740,-3.596960,0.998499,0.044833,-0.003734,-0.031248
1763,0.061031,0.890079,9.885038,-2.962164,-0.465835,0.016355,5.056833,-0.307268,-3.598370,0.998534,0.044009,-0.004063,-0.031248
1764,0.076986,0.862057,9.895274,-3.015572,-0.107243,-0.005008,4.946158,-0.346451,-3.598906,0.998576,0.043034,-0.004374,-0.031241
1765,0.083445,0.859586,9.907327,-2.603573,-0.055361,0.030089,4.843790,-0.385335,-3.598605,0.998613,0.042131,-0.004685,-0.031228
1766,0.079682,0.842545,9.893682,-2.208358,-0.003480,0.143007,4.768415,-0.414388,-3.595797,0.998641,0.041466,-0.004916,-0.031196
1767,0.075676,0.822266,9.900645,-1.779572,-0.180487,0.176577,4.702310,-0.430748,-3.590721,0.998666,0.040886,-0.005039,-0.031149
1768,0.061158,0.829512,9.928442,-1.010507,-0.256783,0.045348,4.662826,-0.430714,-3.587681,0.998680,0.040542,-0.005027,-0.031124
1769,0.042220,0.828805,9.928944,-0.374196,-0.177435,-0.038578,4.664073,-0.402341,-3.588345,0.998680,0.040560,-0.004780,-0.031140
1770,0.035496,0.804351,9.928758,-0.293322,-0.293406,-0.037052,4.663129,-0.358580,-3.590316,0.998681,0.040564,-0.004399,-0.031173
1771,0.040606,0.822270,9.930978,-0.043069,-0.569598,-0.073674,4.662548,-0.329661,-3.593356,0.998681,0.040567,-0.004148,-0.031210
1772,0.063699,0.825098,9.922593,0.124782,-0.497880,-0.142341,4.685398,-0.335337,-3.598519,0.998671,0.040764,-0.004206,-0.031252
1773,0.075155,0.834991,9.907836,0.429967,-0.285776,-0.186593,4.724381,-0.365853,-3.605233,0.998655,0.041095,-0.004485,-0.031298
1774,0.088908,0.863759,9.889703,0.793137,-0.087406,-0.224741,4.798014,-0.404149,-3.612942,0.998626,0.041726,-0.004842,-0.031348
1775,0.094104,0.865687,9.884852,0.777878,0.396313,-0.189645,4.887462,-0.436632,-3.619869,0.998590,0.042496,-0.005152,-0.031393
1776,0.090292,0.858958,9.898416,1.157834,0.767112,-0.195748,4.956975,-0.446529,-3.624922,0.998563,0.043099,-0.005259,-0.031430
1777,0.067107,0.857155,9.903783,1.296693,0.947172,-0.194222,5.006131,-0.420740,-3.628996,0.998543,0.043535,-0.005049,-0.031473
1778,0.043628,0.848784,9.919524,1.093745,0.867824,-0.217112,5.029218,-0.359418,-3.633049,0.998535,0.043753,-0.004523,-0.031531
1779,0.029284,0.831386,9.934126,1.014397,0.513809,-0.241526,5.016292,-0.287709,-3.638332,0.998539,0.043660,-0.003896,-0.031605
1780,0.020947,0.831144,9.939036,1.026604,0.014832,-0.334608,4.986164,-0.230297,-3.646791,0.998548,0.043413,-0.003391,-0.031701
1781,0.015321,0.852014,9.943104,0.808396,-0.227791,-0.369704,4.973511,-0.191520,-3.658605,0.998550,0.043313,-0.003054,-0.031819
1782,0.016532,0.883067,9.953657,0.884693,-0.508561,-0.359023,5.002819,-0.170814,-3.671761,0.998535,0.043574,-0.002887,-0.031941
1783,0.041608,0.876249,9.924846,0.729048,-0.767968,-0.235423,5.048290,-0.187368,-3.683542,0.998515,0.043965,-0.003048,-0.032036
1784,0.065209,0.884851,9.908625,0.393345,-0.656576,-0.127082,5.080014,-0.244705,-3.691707,0.998500,0.044225,-0.003560,-0.032084
1785,0.094572,0.896564,9.888765,0.201078,-0.363598,-0.056889,5.110650,-0.326594,-3.696381,0.998486,0.044469,-0.004284,-0.032092
1786,0.101445,0.882977,9.873980,0.072900,-0.146917,0.033140,5.128551,-0.409791,-3.697624,0.998477,0.044601,-0.005014,-0.032070
1787,0.103298,0.883218,9.886906,0.286529,-0.146917,0.042296,5.131292,-0.474266,-3.696794,0.998475,0.044607,-0.005576,-0.032037
1788,0.089571,0.905469,9.894438,0.362826,0.048401,0.074340,5.151925,-0.506566,-3.695097,0.998467,0.044778,-0.005863,-0.032009
1789,0.079599,0.885294,9.899245,-0.076641,0.144535,0.146059,5.164115,-0.502967,-3.691213,0.998463,0.044885,-0.005833,-0.031976
1790,0.048947,0.892614,9.914939,0.503211,0.075868,0.056029,5.163016,-0.463750,-3.687457,0.998466,0.044887,-0.005490,-0.031958
1791,0.032361,0.927055,9.909015,0.750411,0.136905,-0.052312,5.205512,-0.393731,-3.687222,0.998450,0.045277,-0.004892,-0.031982
1792,0.027609,0.912147,9.886790,-0.142254,0.495498,-0.008060,5.248643,-0.314897,-3.687459,0.998434,0.045675,-0.004217,-0.032014
1793,0.038080,0.896086,9.908467,-0.523737,0.612994,-0.069097,5.235480,-0.252381,-3.687044,0.998440,0.045578,-0.003668,-0.032036
1794,0.039857,0.907864,9.923776,-0.264329,0.764061,-0.180489,5.210424,-0.213304,-3.689047,0.998450,0.045370,-0.003322,-0.032070
1795,0.041869,0.891095,9.916862,-0.671752,0.860194,-0.175912,5.183607,-0.186394,-3.692468,0.998460,0.045144,-0.003081,-0.032111
1796,0.046172,0.855468,9.936545,-0.905218,0.529068,-0.197274,5.112167,-0.176973,-3.696425,0.998486,0.044524,-0.002980,-0.032151
1797,0.044182,0.860783,9.953367,-0.387929,0.051453,-0.243052,5.032982,-0.187390,-3.702674,0.998515,0.043831,-0.003051,-0.032203
1798,0.038268,0.851557,9.931350,-0.194137,-0.261361,-0.287304,4.983098,-0.204634,-3.711641,0.998532,0.043391,-0.003191,-0.032276
1799,0.028879,0.860180,9.908384,0.217863,-0.539080,-0.375808,4.963048,-0.216207,-3.723737,0.998536,0.043213,-0.003291,-0.032378
1800,0.033087,0.872218,9.903975,0.457434,-0.749657,-0.436845,4.980809,-0.227923,-3.739117,0.998525,0.043364,-0.003404,-0.032507
1801,0.041658,0.875760,9.887613,0.606975,-0.783228,-0.433793,5.018702,-0.250375,-3.755876,0.998505,0.043687,-0.003616,-0.032643
1802,0.050249,0.880392,9.877274,0.634441,-0.604694,-0.478045,5.060211,-0.279080,-3.773135,0.998484,0.044040,-0.003885,-0.032781
1803,0.047471,0.887401,9.888776,0.632915,-0.261361,-0.494830,5.100416,-0.296665,-3.790658,0.998464,0.044385,-0.004057,-0.032926
1804,0.048674,0.890139,9.894214,0.832811,-0.288828,-0.452104,5.139339,-0.301580,-3.807267,0.998444,0.044722,-0.004117,-0.033067
1805,0.052902,0.900029,9.899087,0.608500,-0.502458,-0.322400,5.176254,-0.311876,-3.821375,0.998425,0.045040,-0.004223,-0.033185
1806,0.057627,0.897089,9.898457,0.413182,-0.223213,-0.265941,5.201077,-0.326192,-3.832276,0.998412,0.045252,-0.004359,-0.033273
1807,0.054521,0.902227,9.909595,0.771774,-0.044680,-0.307141,5.221334,-0.330846,-3.842196,0.998401,0.045426,-0.004409,-0.033357
1808,0.062687,0.916881,9.902359,1.147152,-0.218635,-0.301037,5.262690,-0.336697,-3.852746,0.998381,0.045785,-0.004477,-0.033445
1809,0.066803,0.907693,9.908721,0.806870,-0.122502,-0.236948,5.300653,-0.351970,-3.862234,0.998363,0.046111,-0.004625,-0.033520
1810,0.060916,0.919031,9.915336,1.101374,0.191839,-0.287304,5.327996,-0.356210,-3.870804,0.998349,0.046347,-0.004673,-0.033592
1811,0.052891,0.927835,9.931558,1.133420,-0.096561,-0.275097,5.365844,-0.346571,-3.879991,0.998332,0.046679,-0.004604,-0.033674
1812,0.049418,0.932506,9.926664,1.046441,-0.461257,-0.233897,5.403563,-0.339699,-3.889308,0.998313,0.047010,-0.004559,-0.033757
1813,0.049103,0.938604,9.917365,0.877064,-0.566546,-0.195748,5.436166,-0.340094,-3.898047,0.998297,0.047293,-0.004576,-0.033831
1814,0.048538,0.945512,9.907940,0.947256,-0.702354,-0.261363,5.469028,-0.344695,-3.907647,0.998281,0.047578,-0.004629,-0.033912
1815,0.053430,0.959487,9.912575,1.049493,-0.867154,-0.299511,5.512344,-0.356774,-3.919504,0.998259,0.047951,-0.004752,-0.034008
1816,0.065655,0.961222,9.910985,0.857226,-0.861050,-0.235423,5.555782,-0.382410,-3.931222,0.998237,0.048321,-0.004994,-0.034098
1817,0.071280,0.952086,9.903758,0.782456,-0.735924,-0.230845,5.578195,-0.414689,-3.941504,0.998224,0.048506,-0.005286,-0.034172
1818,0.065751,0.976840,9.914083,0.852650,-0.514665,-0.265941,5.603446,-0.433498,-3.951765,0.998210,0.048720,-0.005462,-0.034253
1819,0.071431,0.989699,9.923435,0.556619,-0.377331,-0.168282,5.645807,-0.439629,-3.960562,0.998189,0.049087,-0.005531,-0.034325
1821,0.074188,0.965650,9.904984,0.121730,-0.142339,-0.104193,5.659084,-0.443050,-3.965946,0.998182,0.049201,-0.005567,-0.034369
1822,0.074293,0.981090,9.899045,0.283478,0.229987,-0.177437,5.655663,-0.437446,-3.970394,0.998182,0.049173,-0.005520,-0.034411
1823,0.093563,0.986209,9.896008,-0.110211,0.358164,-0.090459,5.663440,-0.438775,-3.973907,0.998178,0.049240,-0.005535,-0.034440
1824,0.105284,0.954136,9.887499,-0.345202,0.487868,-0.018741,5.640385,-0.460571,-3.974206,0.998187,0.049033,-0.005718,-0.034435
1825,0.093840,0.944525,9.875504,0.019493,0.957853,-0.130134,5.591151,-0.469664,-3.973948,0.998208,0.048601,-0.005782,-0.034431
1826,0.076505,0.959547,9.891182,0.179716,1.049409,-0.067571,5.564170,-0.443087,-3.973715,0.998220,0.048374,-0.005543,-0.034442
1827,0.077743,0.948109,9.899907,-0.117840,0.794579,0.059081,5.545998,-0.409314,-3.970728,0.998229,0.048226,-0.005242,-0.034431
1828,0.053220,0.952763,9.900174,0.080530,1.089083,0.008725,5.526331,-0.365116,-3.966435,0.998239,0.048068,-0.004849,-0.034413
1829,0.030872,0.950572,9.897485,0.211760,1.133335,0.007200,5.519271,-0.289614,-3.962528,0.998244,0.048030,-0.004187,-0.034411
1830,0.030316,0.976838,9.910669,0.051537,0.545853,0.088074,5.532907,-0.221588,-3.958290,0.998240,0.048169,-0.003597,-0.034402
1831,0.038915,0.988980,9.909230,-0.311633,0.362742,0.065185,5.565414,-0.191712,-3.954429,0.998228,0.048462,-0.003345,-0.034380
1832,0.027396,0.965359,9.891122,-0.372670,0.666401,0.010252,5.577396,-0.170568,-3.951599,0.998223,0.048573,-0.003163,-0.034364
1833,0.028292,0.977947,9.891470,-0.380300,0.558061,0.028563,5.575222,-0.144819,-3.949006,0.998225,0.048561,-0.002937,-0.034353
1834,0.038134,0.985700,9.908381,-0.528314,0.275764,0.062133,5.583394,-0.140085,-3.946213,0.998222,0.048634,-0.002897,-0.034330
1835,0.035831,0.973128,9.914272,-0.557306,0.339853,0.088074,5.582415,-0.148864,-3.942767,0.998224,0.048623,-0.002972,-0.034296
1836,0.039918,0.953376,9.907765,-0.513054,0.416150,0.152163,5.556086,-0.156300,-3.937532,0.998237,0.048392,-0.003027,-0.034248
1837,0.040835,0.957691,9.906446,-0.474906,0.208624,0.170474,5.523561,-0.167748,-3.931121,0.998252,0.048105,-0.003114,-0.034188
1838,0.038753,0.944323,9.914513,-0.198714,-0.017213,0.085022,5.496718,-0.182844,-3.926522,0.998265,0.047867,-0.003236,-0.034143
1839,0.032976,0.950696,9.909694,-0.122417,0.092654,0.020933,5.478092,-0.190047,-3.924600,0.998273,0.047702,-0.003292,-0.034124
1840,0.025422,0.936394,9.898624,-0.218551,0.257453,-0.008060,5.460294,-0.179378,-3.923790,0.998281,0.047551,-0.003193,-0.034121
1841,0.015751,0.934458,9.897851,-0.044596,0.114016,-0.108771,5.437104,-0.155409,-3.925084,0.998290,0.047356,-0.002978,-0.034143
1842,0.015934,0.943042,9.910246,0.021019,0.083498,-0.238474,5.427621,-0.131276,-3.930512,0.998292,0.047280,-0.002767,-0.034201
1843,0.015253,0.946420,9.895645,-0.053751,0.529068,-0.279674,5.431656,-0.106020,-3.938154,0.998288,0.047323,-0.002552,-0.034278
1844,0.022340,0.946489,9.886013,-0.471855,0.841883,-0.177437,5.432600,-0.079819,-3.943594,0.998286,0.047339,-0.002326,-0.034336
1845,0.024196,0.915172,9.879251,-0.558833,1.426312,-0.172859,5.401706,-0.052670,-3.945818,0.998298,0.047078,-0.002081,-0.034367
1846,-0.004076,0.949766,9.894322,0.097315,2.325082,-0.264415,5.386190,0.012428,-3.947179,0.998303,0.046962,-0.001510,-0.034406
1847,-0.025737,0.978870,9.888078,-0.011025,3.283364,-0.085882,5.434133,0.134322,-3.944158,0.998282,0.047416,-0.000461,-0.034429
1848,-0.037196,0.949442,9.871550,-1.239396,4.310312,0.236088,5.456949,0.288949,-3.929600,0.998272,0.047661,0.000885,-0.034366
1849,-0.055946,0.929632,9.852337,-1.012033,5.518843,0.252874,5.418639,0.466667,-3.906023,0.998287,0.047380,0.002455,-0.034234
1850,-0.099133,0.952522,9.831616,-1.208877,7.003569,0.306281,5.388373,0.692675,-3.877025,0.998295,0.047182,0.004445,-0.034073
1851,-0.154469,0.927175,9.819706,-2.194625,9.156651,0.449718,5.347919,0.987730,-3.839142,0.998300,0.046913,0.007043,-0.033861
1852,-0.209699,0.888894,9.855907,-3.316180,12.063538,0.683185,5.244532,1.366865,-3.787973,0.998318,0.046117,0.010397,-0.033559
1853,-0.304352,0.850087,9.857414,-3.897556,15.596055,1.421733,5.092453,1.864238,-3.712315,0.998333,0.044923,0.014804,-0.033076
1854,-0.439283,0.824213,9.871535,-3.856358,19.447491,2.143495,4.925062,2.512186,-3.603413,0.998313,0.043623,0.020540,-0.032345
1855,-0.544481,0.796763,9.895478,-3.381794,22.694660,2.531080,4.768602,3.292213,-3.468091,0.998228,0.042434,0.027430,-0.031416
1856,-0.661532,0.730991,9.863021,-2.792788,25.119356,2.735554,4.618846,4.156640,-3.318207,0.998070,0.041302,0.035055,-0.030371
1857,-0.810528,0.718043,9.815762,0.874011,26.150881,2.601273,4.535174,5.073650,-3.165127,0.997809,0.040734,0.043118,-0.029319
1858,-0.954092,0.780257,9.818193,3.899921,26.098999,1.612473,4.599837,6.003393,-3.026922,0.997420,0.041443,0.051247,-0.028455
1859,-1.078065,0.815768,9.775613,4.356173,25.714466,0.649614,4.761701,6.909379,-2.916526,0.996934,0.042985,0.059132,-0.027883
1860,-1.223645,0.839728,9.721100,4.954336,25.940304,0.011777,4.950849,7.799974,-2.829184,0.996377,0.044755,0.066867,-0.027543
1861,-1.364968,0.912867,9.715112,6.660321,27.212923,-0.183541,5.194972,8.709351,-2.747583,0.995720,0.046994,0.074747,-0.027321
1862,-1.548109,0.952259,9.673618,5.433477,30.420418,-0.545185,5.465439,9.700309,-2.661059,0.994924,0.049454,0.083328,-0.027141
1863,-1.786692,1.006755,9.680851,6.075891,34.880699,-0.339185,5.733882,10.854225,-2.558316,0.993918,0.051889,0.093326,-0.026925
1864,-2.016126,1.033434,9.679277,6.303254,39.060211,-0.229319,6.019598,12.184138,-2.428896,0.992640,0.054445,0.104850,-0.026617
1865,-2.272847,1.067086,9.667431,6.088099,42.368420,0.037718,6.301588,13.654606,-2.273807,0.991083,0.056919,0.117591,-0.026204
1866,-2.548635,1.088126,9.651773,4.704084,44.016418,0.056029,6.550813,15.219288,-2.099342,0.989269,0.059045,0.131147,-0.025693
1867,-2.784720,1.135859,9.650150,3.828203,42.447762,-0.032474,6.760646,16.771658,-1.920034,0.987305,0.060764,0.144587,-0.025145
1868,-2.965657,1.120999,9.566045,1.139523,37.865410,-0.157600,6.898351,18.175148,-1.754881,0.985398,0.061815,0.156730,-0.024595
1869,-3.140954,1.120402,9.475622,1.481331,32.472790,0.431407,6.976083,19.364073,-1.605568,0.983690,0.062320,0.167012,-0.024017
1870,-3.287076,1.132647,9.377625,2.801255,28.175781,1.148592,7.085133,20.355240,-1.451469,0.982167,0.063047,0.175578,-0.023360
1871,-3.392071,1.131332,9.241364,3.361270,26.265324,1.549910,7.234567,21.215622,-1.287170,0.980760,0.064073,0.183010,-0.022632
1872,-3.517366,1.118208,9.102833,5.080988,28.552685,2.915613,7.428144,22.074286,-1.090499,0.979280,0.065394,0.190430,-0.021721
1873,-3.678700,1.155242,9.013178,6.684735,33.116730,3.295569,7.699126,23.061699,-0.841689,0.977482,0.067245,0.198956,-0.020601
1874,-3.856894,1.187373,8.985167,5.497565,37.293186,2.691303,7.995711,24.207573,-0.566507,0.975306,0.069202,0.208833,-0.019441
1875,-4.043100,1.179118,8.962286,3.671032,39.435589,1.813896,8.221225,25.455029,-0.304397,0.972874,0.070504,0.219561,-0.018377
1876,-4.252245,1.208708,8.921428,3.353640,39.299778,1.360696,8.388870,26.727089,-0.063955,0.970308,0.071290,0.230470,-0.017447
1877,-4.450420,1.290720,8.857631,1.733107,36.720966,0.130800,8.541867,27.945675,0.155829,0.967739,0.071942,0.240889,-0.016666
1878,-4.589228,1.255187,8.696614,1.452337,34.209290,0.118592,8.664417,29.069895,0.348223,0.965282,0.072361,0.250474,-0.016025
1879,-4.809259,1.311140,8.576447,3.977744,35.130951,1.125703,8.846008,30.179710,0.564350,0.962731,0.073181,0.259922,-0.015336
1880,-4.988248,1.377266,8.400125,4.856677,37.165012,1.423259,9.163596,31.371065,0.849555,0.959817,0.074907,0.270056,-0.014481
1881,-5.172333,1.371027,8.275454,4.102870,38.994595,1.224888,9.516851,32.648033,1.168531,0.956568,0.076750,0.280897,-0.013562
1882,-5.334666,1.297669,8.111929,3.849566,40.372505,1.035673,9.807693,33.988144,1.471835,0.953077,0.078004,0.292229,-0.012744
1883,-5.537419,1.317244,8.018671,2.627300,41.968620,0.277288,10.033087,35.378544,1.751841,0.949364,0.078672,0.303929,-0.012058
1884,-5.682594,1.283907,7.839338,-0.337574,41.484905,-0.890045,10.159919,36.781994,1.994337,0.945541,0.078542,0.315675,-0.011483
1885,-5.863353,1.274510,7.702925,-1.233292,41.782459,-0.511615,10.202745,38.173805,2.214302,0.941666,0.077721,0.327269,-0.010883
1886,-6.059444,1.281574,7.549084,-1.326374,43.105438,0.480237,10.271841,39.586674,2.481568,0.937579,0.076907,0.339014,-0.010014
1887,-6.263876,1.297878,7.407965,-1.276018,44.466560,1.646044,10.419008,41.041752,2.832724,0.933178,0.076381,0.351096,-0.008766
1888,-6.461063,1.322558,7.263221,-0.571040,44.667988,2.854577,10.667270,42.511868,3.277221,0.928519,0.076274,0.363295,-0.007151
1889,-6.631691,1.316500,7.110475,0.826707,44.736652,4.133302,11.023888,43.963898,3.806689,0.923699,0.076646,0.375337,-0.005278
1890,-6.812186,1.333564,6.945687,1.739211,44.048462,4.311835,11.465611,45.385834,4.391076,0.918774,0.077383,0.387111,-0.003341
1891,-6.971168,1.360427,6.741501,2.450293,42.813988,4.035643,11.967577,46.772530,5.001075,0.913785,0.078369,0.398564,-0.001513
1892,-7.147710,1.402188,6.586247,2.634929,41.814503,3.800651,12.516685,48.118835,5.631765,0.908769,0.079512,0.409655,0.000203
1893,-7.308383,1.415965,6.396159,2.859240,40.863853,3.800651,13.099013,49.430489,6.283471,0.903726,0.080692,0.420434,0.001842
1894,-7.458772,1.437808,6.182621,2.929433,41.147678,3.446636,13.711986,50.743931,6.958374,0.898535,0.081844,0.431191,0.003384
1895,-7.633771,1.470529,5.977769,2.485389,43.088654,2.596695,14.358935,52.117561,7.666882,0.892977,0.082883,0.442380,0.004810
1896,-7.777321,1.479610,5.768120,2.139003,46.120667,2.051940,15.043153,53.590084,8.423913,0.886888,0.083704,0.454296,0.006146
1897,-7.951494,1.468949,5.565192,2.097804,49.056545,1.368325,15.764199,55.167530,9.230348,0.880224,0.084248,0.466963,0.007349
1898,-8.111649,1.456013,5.330832,2.229033,51.067715,0.574844,16.520906,56.833347,10.075633,0.873027,0.084519,0.480220,0.008324
1899,-8.256447,1.474629,5.089566,2.480811,51.734543,-0.197274,17.340729,58.540207,10.973339,0.865452,0.084686,0.493699,0.009086
1900,-8.385646,1.472786,4.876227,2.845507,50.872398,-0.232371,18.240099,60.214691,11.934667,0.857789,0.084886,0.506852,0.009721
1901,-8.486189,1.495295,4.655036,3.542855,47.970085,-0.032474,19.225868,61.777870,12.959161,0.850384,0.085270,0.519105,0.010302
1902,-8.565144,1.492083,4.390675,4.011314,44.254456,0.120118,20.288782,63.199402,14.031450,0.843409,0.085892,0.530251,0.010808
1903,-8.668831,1.528247,4.217475,3.933492,40.740253,-0.580282,21.371967,64.475197,15.104052,0.836965,0.086590,0.540247,0.011184
1904,-8.779610,1.559313,4.033675,3.071344,35.999203,-0.990755,22.414221,65.588120,16.133875,0.831206,0.087207,0.548963,0.011489
1905,-8.856823,1.544955,3.852880,2.877551,31.239841,-0.229319,23.393276,66.535408,17.107071,0.826188,0.087727,0.556397,0.011805
1906,-8.959423,1.522128,3.695744,2.848559,28.245975,0.127748,24.312960,67.358490,18.021879,0.821745,0.088168,0.562864,0.012076
1907,-9.002975,1.525644,3.532749,3.220885,27.981993,-0.456681,25.220236,68.140961,18.914999,0.817477,0.088552,0.568983,0.012187
1908,-9.080157,1.527859,3.358664,3.333803,30.112185,-1.051793,26.218685,68.974678,19.888243,0.812888,0.088908,0.575467,0.012133
1909,-9.115990,1.481563,3.174114,4.176114,34.296268,-1.092993,27.413733,69.933304,21.049271,0.807558,0.089214,0.582880,0.011909
1910,-9.152716,1.461627,2.949842,4.559121,39.530197,-2.194711,28.906393,71.064911,22.497759,0.801188,0.089430,0.591581,0.011457
1911,-9.264293,1.471447,2.741856,4.365329,44.494030,-3.795406,30.784060,72.374146,24.331970,0.793695,0.089444,0.601608,0.010798
1912,-9.335395,1.462231,2.513320,4.079981,47.353615,-4.039555,33.139912,73.789421,26.655655,0.785352,0.089286,0.612494,0.010103
1913,-9.376645,1.420865,2.248647,4.310395,48.057064,-3.418503,36.073273,75.216820,29.562544,0.776550,0.089123,0.623649,0.009482
1914,-9.455291,1.406938,2.032879,4.044884,47.060635,-3.764888,39.554710,76.578636,33.018955,0.767725,0.088934,0.634516,0.008870
1915,-9.580898,1.426781,1.815216,3.709181,44.010307,-4.918487,43.432018,77.815414,36.873535,0.759321,0.088611,0.644603,0.008172
1916,-9.580227,1.386518,1.560459,3.457403,39.791130,-5.109228,47.579884,78.902077,40.996883,0.751577,0.088153,0.653687,0.007335
1917,-9.655772,1.375026,1.351851,3.060662,35.579575,-6.009524,51.864674,79.840553,45.256519,0.744595,0.087529,0.661723,0.006341
1918,-9.691345,1.386287,1.142108,2.506751,31.671679,-6.903717,56.229115,80.642036,49.598854,0.738353,0.086768,0.668789,0.005260
1919,-9.668918,1.342943,0.937401,2.076440,29.141693,-7.036471,60.784344,81.333199,54.138515,0.732638,0.085911,0.675162,0.004173
1920,-9.610528,1.275548,0.739909,1.885700,28.709858,-6.824368,65.845490,81.954651,59.190521,0.727067,0.084948,0.681285,0.003066
1921,-9.614952,1.255161,0.563340,1.957418,30.185429,-7.247050,71.934952,82.518791,65.272896,0.721237,0.083951,0.687579,0.001953
1922,-9.621960,1.197365,0.386450,2.227507,32.820702,-7.158546,79.562248,83.006721,72.890755,0.714862,0.082954,0.694327,0.000819
1924,-9.615536,1.104506,0.184701,2.944692,35.152313,-7.298930,88.998161,83.385002,82.305351,0.707818,0.081886,0.701632,-0.000528
1925,-9.677871,1.095911,-0.045606,3.541329,36.360844,-8.014589,100.041077,83.575264,93.307014,0.700172,0.080820,0.709382,-0.002109
1926,-9.708385,1.065410,-0.283358,3.712232,36.226566,-7.314190,111.623604,83.487747,104.834572,0.692163,0.079948,0.717290,-0.003653
1927,-9.738037,1.010700,-0.523929,3.660351,35.045502,-5.708917,122.283173,83.116493,115.434166,0.684082,0.079340,0.725060,-0.004983
1928,-9.730530,0.992238,-0.775239,3.753433,33.229652,-4.340161,131.144577,82.515572,124.229866,0.676100,0.079074,0.732530,-0.006029
1929,-9.712757,0.948219,-0.980631,3.297181,32.202702,-3.235392,138.141464,81.763123,131.162598,0.668283,0.079054,0.739664,-0.006800
1930,-9.649261,0.875452,-1.177897,3.040825,32.106567,-2.956148,143.805557,80.927711,136.771393,0.660544,0.078973,0.746585,-0.007511
1931,-9.603516,0.884712,-1.363024,3.260559,32.359871,-3.821347,148.537155,80.029533,141.449005,0.652754,0.078796,0.753415,-0.008295
1932,-9.552292,0.863116,-1.531712,3.053033,32.298832,-3.767940,152.425919,79.084396,145.285995,0.644974,0.078614,0.760097,-0.009046
1933,-9.513177,0.828750,-1.678899,2.793626,31.671679,-3.114844,155.549515,78.129173,148.365234,0.637399,0.078441,0.766470,-0.009689
1934,-9.476636,0.840019,-1.850942,3.307862,30.185425,-2.164193,157.954666,77.185310,150.719772,0.630163,0.078510,0.772417,-0.010162
1935,-9.511977,0.903189,-2.026941,3.658825,28.119324,-1.013645,159.636719,76.262566,152.335480,0.623360,0.079115,0.777854,-0.010285
1936,-9.566780,0.912840,-2.197384,3.851092,25.516096,0.800681,160.705673,75.389023,153.324570,0.617135,0.080256,0.782689,-0.010034
1937,-9.561208,0.913081,-2.346827,4.153225,22.841148,2.611954,161.348709,74.585670,153.869751,0.611547,0.081824,0.786908,-0.009578
1938,-9.551803,0.945876,-2.528812,4.806321,20.370674,3.547347,161.713287,73.837502,154.111618,0.606437,0.083785,0.790653,-0.009030
1939,-9.545638,0.998205,-2.670413,5.521980,18.544142,3.126191,161.943466,73.132523,154.193802,0.601658,0.086002,0.794064,-0.008533
1940,-9.486444,0.953445,-2.760334,5.758499,16.766439,3.973080,162.144440,72.490166,154.225647,0.597280,0.088252,0.797120,-0.008261
1941,-9.403275,0.922666,-2.829970,6.506202,16.816793,3.486310,162.432419,71.899551,154.320679,0.593155,0.090379,0.799955,-0.008402
1942,-9.337767,0.883710,-2.905813,7.401921,18.229801,2.264044,162.941406,71.315308,154.609604,0.588884,0.092242,0.802885,-0.009131
1943,-9.290848,0.895036,-2.946199,7.717787,19.966305,0.236089,163.661469,70.722275,155.098923,0.584368,0.093737,0.805991,-0.010347
1944,-9.297004,0.846677,-3.005485,7.661328,21.826408,-0.952607,164.537491,70.126335,155.750885,0.579687,0.094798,0.809219,-0.011909
1945,-9.227487,0.762520,-3.065122,7.929891,25.203281,-1.907837,165.607162,69.493828,156.597443,0.574587,0.095416,0.812744,-0.013888
1946,-9.126289,0.717087,-3.200312,6.680158,27.466228,-2.655540,166.802002,68.773659,157.588821,0.568770,0.095640,0.816761,-0.015997
1947,-9.097247,0.779103,-3.401530,5.328188,28.438244,-3.383407,167.895584,67.951347,158.532227,0.562287,0.095700,0.821198,-0.017598
1948,-9.039210,0.760592,-3.580464,4.208159,29.184420,-2.422074,168.779053,67.046486,159.312653,0.555331,0.095853,0.825879,-0.018509
1949,-8.910297,0.710297,-3.738156,2.940114,28.941797,-1.854430,169.518005,66.097305,159.981995,0.548113,0.096017,0.830658,-0.018986
1950,-8.885013,0.762843,-3.918332,1.524056,26.723103,-1.979556,170.087219,65.164803,160.526520,0.541082,0.096116,0.835243,-0.018982
1951,-8.899209,0.756636,-4.053537,0.602396,23.860466,-0.629111,170.437729,64.320580,160.890121,0.534791,0.096284,0.839278,-0.018467
1952,-8.858705,0.734577,-4.141321,-0.265854,21.798941,-0.349867,170.657623,63.590004,161.144211,0.529377,0.096435,0.842702,-0.017738
1953,-8.814597,0.695127,-4.263341,-1.971840,20.558365,-0.238475,170.839005,62.933937,161.394745,0.524507,0.096298,0.845774,-0.016893
1954,-8.779415,0.752048,-4.410089,-3.912817,21.112274,0.243718,170.924683,62.272732,161.608475,0.519653,0.095975,0.848828,-0.015527
1955,-8.739037,0.778361,-4.537632,-4.657469,22.065979,0.162844,170.905746,61.561958,161.767838,0.514495,0.095629,0.852037,-0.013575
1956,-8.653534,0.854342,-4.659050,-4.701720,23.364542,-1.225748,170.871017,60.796917,161.939651,0.508928,0.095178,0.855456,-0.011379
1957,-8.550841,0.813015,-4.759759,-5.843112,23.451519,-1.103674,170.859390,59.999371,162.161484,0.503078,0.094485,0.859013,-0.009101
1958,-8.487404,0.843100,-4.842909,-5.171705,22.404734,-1.628592,170.874390,59.230362,162.416290,0.497389,0.093607,0.862435,-0.006946
1959,-8.412663,0.795708,-4.901814,-3.806002,20.117373,-1.384444,170.938812,58.547916,162.682541,0.492276,0.092727,0.865470,-0.005268
1960,-8.368156,0.813407,-4.990220,-3.068980,18.293890,-0.978548,171.030273,57.957020,162.930847,0.487801,0.091964,0.868088,-0.004032
1961,-8.332526,0.754191,-5.052096,-3.099498,16.349861,0.156741,171.109299,57.445160,163.139679,0.483912,0.091333,0.870333,-0.003004
1962,-8.298367,0.727327,-5.110098,-1.890965,14.927700,0.381052,171.219177,57.009300,163.340912,0.480556,0.090784,0.872249,-0.002369
1963,-8.254858,0.822702,-5.188581,-1.959632,14.157108,0.951748,171.270203,56.606335,163.466003,0.477484,0.090519,0.873964,-0.001663
1964,-8.242654,0.885589,-5.284306,-1.846714,13.345316,1.316444,171.189423,56.206841,163.469452,0.474535,0.090626,0.875559,-0.000467
1965,-8.178298,0.854334,-5.337050,-1.208877,12.194769,1.652147,171.093460,55.825520,163.441101,0.471729,0.090895,0.877046,0.000690
1966,-8.150423,0.884824,-5.397831,0.491004,11.675953,2.094666,171.036514,55.465557,163.403809,0.469051,0.091372,0.878431,0.001486
1967,-8.087391,0.905332,-5.416980,1.427922,12.138309,1.310340,171.016068,55.108948,163.363815,0.466365,0.092016,0.879792,0.001988
1968,-8.062099,0.869164,-5.534047,0.368930,13.647449,-0.519245,171.092270,54.712582,163.432404,0.463292,0.092265,0.881387,0.002246
1969,-7.998997,0.886748,-5.589338,-1.529321,15.400737,-0.465837,171.196884,54.243835,163.585968,0.459637,0.092049,0.883320,0.002722
1970,-7.917687,0.890236,-5.646555,-3.159010,17.059418,-1.161659,171.251801,53.709106,163.757858,0.455507,0.091557,0.885504,0.003733
1971,-7.854903,0.881033,-5.737578,-5.276993,17.753712,-1.657585,171.283524,53.126411,163.976334,0.451013,0.090654,0.887887,0.005160
1972,-7.869646,0.981248,-5.881116,-5.968237,17.157076,-1.453111,171.231277,52.529419,164.168304,0.446461,0.089632,0.890274,0.007136
1973,-7.762689,0.886227,-5.881485,-4.648312,15.026885,-0.366652,171.162704,51.986526,164.322281,0.442324,0.088777,0.892405,0.009007
1974,-7.736948,0.876266,-5.945945,-3.009469,12.943996,-1.379867,171.205292,51.542614,164.518127,0.438850,0.087908,0.894194,0.010028
1975,-7.710953,0.900345,-5.986019,-1.924536,11.160192,-1.349348,171.301407,51.185627,164.723831,0.435998,0.087061,0.895665,0.010539
1976,-7.645249,0.898696,-6.002296,-1.005928,9.567125,-1.735407,171.407608,50.898113,164.909134,0.433673,0.086326,0.896861,0.010790
1977,-7.546467,0.869761,-6.033333,-0.476432,8.587481,-1.985659,171.550842,50.644218,165.106491,0.431577,0.085592,0.897942,0.010744
1978,-7.534915,0.898391,-6.082355,1.607982,11.338725,-1.013645,171.717087,50.343845,165.282562,0.429103,0.085151,0.899172,0.010487
1979,-7.474473,0.863805,-6.151793,3.515388,16.066040,0.979214,171.903351,49.896351,165.402161,0.425469,0.085367,0.900882,0.010038
1980,-7.438249,0.894987,-6.304246,5.370913,20.565994,2.518873,172.103363,49.247925,165.459442,0.420252,0.086310,0.903244,0.009488
1981,-7.411938,0.887127,-6.437026,6.497046,24.492199,4.348457,172.292145,48.425072,165.445084,0.413664,0.087926,0.906129,0.008972
1982,-7.341285,0.872891,-6.554044,6.959402,26.643753,5.703478,172.468643,47.496758,165.374100,0.406234,0.090025,0.909284,0.008475
1983,-7.250406,0.862869,-6.672995,6.213224,25.258215,5.941524,172.620697,46.561134,165.270187,0.398738,0.092283,0.912374,0.008066
1984,-7.165080,0.857328,-6.768076,5.601328,22.236881,5.140413,172.753006,45.718147,165.166687,0.391963,0.094363,0.915096,0.007705
1985,-7.072917,0.843595,-6.821080,4.850573,19.395609,4.224857,172.881653,45.006649,165.086609,0.386211,0.096105,0.917361,0.007293
1986,-6.942177,0.838812,-6.864367,4.549966,17.353920,2.567702,173.024414,44.398705,165.050568,0.381253,0.097432,0.919297,0.006787
1987,-6.867905,0.804525,-6.928734,4.730025,17.566025,0.880029,173.224640,43.831436,165.091537,0.376553,0.098279,0.921147,0.006020
1988,-6.814243,0.792440,-6.990394,4.902454,18.881372,-1.413437,173.503876,43.256527,165.230911,0.371708,0.098577,0.923088,0.004936
1989,-6.748830,0.789477,-7.061502,4.478247,19.503950,-3.478014,173.829514,42.664555,165.457550,0.366673,0.098303,0.925134,0.003756
1990,-6.667049,0.738997,-7.132081,3.671033,19.398661,-5.296916,174.184525,42.069767,165.763016,0.361578,0.097447,0.927232,0.002560
1991,-6.616172,0.674740,-7.224638,3.208677,20.268438,-6.159065,174.575394,41.466633,166.137436,0.356379,0.096107,0.929385,0.001258
1992,-6.545239,0.656909,-7.306818,2.941640,20.726215,-6.316235,174.963943,40.842522,166.529099,0.351006,0.094584,0.931584,0.000005
1993,-6.431046,0.624646,-7.424571,2.236663,19.539047,-6.806058,175.319138,40.207520,166.913116,0.345567,0.092979,0.933776,-0.001038
1994,-6.308924,0.576400,-7.536117,1.986411,19.775564,-7.659050,175.668686,39.546638,167.316269,0.339917,0.091168,0.936024,-0.001999
1995,-6.231860,0.498279,-7.669740,2.126796,21.950008,-8.591391,176.059326,38.814827,167.768219,0.333652,0.089067,0.938474,-0.003136
1996,-6.099398,0.489921,-7.763840,2.422826,25.401651,-10.231760,176.486038,37.965809,168.272018,0.326394,0.086645,0.941244,-0.004377
1997,-5.921050,0.462334,-7.853808,2.865344,31.068937,-10.523211,176.911102,36.931664,168.793976,0.317607,0.084079,0.944472,-0.005471
1998,-5.788377,0.432032,-7.957854,4.266144,37.612106,-9.078160,177.319443,35.675587,169.274277,0.306980,0.081812,0.948171,-0.006454
1999,-5.627645,0.395901,-8.073669,5.193906,40.590714,-7.820798,177.702866,34.267845,169.679916,0.295076,0.080048,0.952086,-0.007413
2000,-5.409596,0.388304,-8.125607,5.740188,42.725479,-6.667197,178.040924,32.791256,170.009033,0.282583,0.078717,0.955972,-0.008238
2001,-5.211597,0.355720,-8.218462,5.596751,42.295174,-4.704858,178.313019,31.309544,170.250351,0.270040,0.077860,0.959656,-0.008804
2002,-5.077647,0.316097,-8.361385,5.465521,38.324711,-4.634665,178.545334,29.938217,170.438873,0.258401,0.077238,0.962900,-0.009304
2003,-4.874019,0.212013,-8.475781,4.026573,33.823235,-4.759791,178.777496,28.733177,170.635025,0.248126,0.076438,0.965656,-0.009954
2004,-4.706547,0.184030,-8.576189,3.022514,32.762714,-4.530902,178.990555,27.625044,170.835571,0.238657,0.075480,0.968109,-0.010546
2005,-4.584559,0.162028,-8.695993,1.824663,31.264257,-3.691644,179.146088,26.572956,171.007080,0.229675,0.074590,0.970345,-0.010787
2006,-4.481281,0.126612,-8.835748,1.414189,29.480452,-3.957155,179.267731,25.594969,171.163971,0.221323,0.073706,0.972351,-0.010850
2007,-4.321497,0.056592,-8.901252,0.892322,29.170689,-3.209452,179.394165,24.660236,171.320084,0.213320,0.072802,0.974204,-0.011009
2008,-4.147611,0.153133,-9.003279,0.573404,30.959070,-1.962770,179.461487,23.683886,171.425797,0.204980,0.072201,0.976040,-0.010754
2009,-3.964820,0.162617,-9.062766,0.312471,34.192509,-0.281200,179.439804,22.599464,171.454819,0.195752,0.072101,0.977950,-0.009817
2010,-3.677232,0.166735,-9.161431,-0.036965,38.327766,0.956325,179.380356,21.338182,171.430862,0.185013,0.072419,0.980027,-0.008532
2011,-3.371793,0.190099,-9.218966,0.007287,45.888721,1.002103,179.304214,19.802256,171.387451,0.171909,0.072927,0.982385,-0.006946
2012,-3.063259,0.187235,-9.274216,0.194974,56.249756,-0.215586,179.242630,17.915127,171.372665,0.155749,0.073271,0.985062,-0.005201
2013,-2.748602,0.173614,-9.370541,1.067804,66.590950,-0.964815,179.227356,15.662553,171.405197,0.136371,0.073317,0.987935,-0.003549
2014,-2.377979,0.188343,-9.460132,1.215819,76.233276,-1.532459,179.239731,13.075835,171.467941,0.114033,0.073149,0.990779,-0.001897
2015,-1.996876,0.182095,-9.532252,1.324159,85.518532,-2.449541,179.256607,10.196097,171.560135,0.089093,0.072718,0.993365,-0.000095
2016,-1.564098,0.131340,-9.585858,0.901478,92.269226,-2.731837,179.287949,7.091514,171.679855,0.062131,0.072020,0.995465,0.001699
2017,-1.069051,0.220383,-9.724217,0.701581,92.131897,-2.527363,179.285110,3.905517,171.800751,0.034433,0.071236,0.996858,0.003783
2018,-0.534384,0.179711,-9.813233,-0.021707,89.417274,-3.455124,179.241058,0.776654,171.933624,0.007226,0.070286,0.997482,0.006130
2019,-0.077849,0.160375,-9.848768,0.744307,86.635513,-5.791316,179.217163,-2.227043,172.125381,-0.018918,0.068783,0.997419,0.008148
2020,0.321717,0.140959,-9.822433,1.188353,80.515022,-6.679406,179.220230,-5.006001,172.371155,-0.043122,0.066757,0.996790,0.009688
2021,0.692550,0.185703,-9.880399,2.288544,69.323883,-6.543598,179.228378,-7.408810,172.628296,-0.064042,0.064584,0.995796,0.010859
2022,1.007856,0.142658,-9.907956,2.663922,56.701435,-6.711449,179.251038,-9.332103,172.881821,-0.080785,0.062401,0.994709,0.011551
2023,1.227461,0.136773,-9.884678,3.123225,43.032192,-7.318768,179.296143,-10.733928,173.141434,-0.092999,0.060127,0.993780,0.011699
2024,1.471148,0.139729,-9.911956,2.883655,27.920954,-7.005953,179.336731,-11.610415,173.400970,-0.100646,0.057844,0.993172,0.011570
2025,1.668556,0.225843,-9.920022,3.191892,16.223211,-7.060887,179.337296,-12.052980,173.659180,-0.104508,0.055606,0.992901,0.011549
2027,1.838526,0.238383,-9.872021,4.528603,10.711568,-6.510027,179.324921,-12.261249,173.914642,-0.106332,0.053404,0.992829,0.011518
2028,1.968281,0.255567,-9.747878,5.009269,12.077272,-4.944428,179.337448,-12.481936,174.136429,-0.108272,0.051471,0.992724,0.011300
2029,2.064107,0.202119,-9.629128,5.654736,16.825951,-3.568044,179.390503,-12.879847,174.306946,-0.111759,0.049943,0.992420,0.010849
2030,2.235117,0.159332,-9.556877,6.521461,20.811668,-3.134681,179.506516,-13.499205,174.440842,-0.117184,0.048663,0.991867,0.009971
2031,2.399014,0.056839,-9.549688,6.211698,25.242956,-3.099584,179.678635,-14.324981,174.556152,-0.124410,0.047467,0.991057,0.008700
2032,2.521211,-0.033042,-9.488094,3.976218,28.720541,-3.606192,179.862823,-15.301092,174.664246,-0.132931,0.046291,0.990016,0.007382
2033,2.633756,-0.074131,-9.530904,3.207151,30.205263,-3.799984,-179.978912,-16.329790,174.774582,-0.141883,0.045096,0.988836,0.006292
2034,2.801640,-0.040457,-9.517815,1.684277,30.470774,-3.563466,-179.880188,-17.355680,174.886978,-0.150774,0.043936,0.987575,0.005697
2035,2.903242,-0.051502,-9.443282,0.143093,32.341560,-2.115363,-179.851685,-18.389717,174.976013,-0.159695,0.043059,0.986210,0.005727
2036,3.017131,-0.078233,-9.297514,0.172087,33.496685,-0.450578,-179.824829,-19.441860,175.007172,-0.168755,0.042674,0.984716,0.005849
2037,3.212425,-0.014257,-9.320510,1.339418,33.898006,1.423259,-179.775833,-20.509214,174.980606,-0.177936,0.042741,0.983096,0.005872
2038,3.413138,-0.022830,-9.212614,0.733626,35.051605,1.252355,-179.733765,-21.617737,174.931519,-0.187450,0.042997,0.981314,0.006012
2039,3.569366,-0.064371,-9.036521,0.104945,35.463604,-0.005008,-179.705002,-22.776434,174.901367,-0.197372,0.043096,0.979361,0.006262
2040,3.784938,-0.059141,-9.027440,1.118159,33.634022,-0.801541,-179.672684,-23.921694,174.903580,-0.207162,0.042903,0.977345,0.006422
2041,3.981512,-0.072044,-8.996007,0.599346,31.075043,-1.701837,-179.645782,-24.995035,174.936615,-0.216318,0.042457,0.975377,0.006544
2042,4.127740,-0.062204,-8.919268,0.184293,28.925016,-2.505999,-179.651245,-25.981342,175.002640,-0.224707,0.041797,0.973505,0.006837
2043,4.208505,0.078056,-8.836308,1.199033,25.549665,-2.437333,-179.720947,-26.844698,175.112961,-0.232017,0.040905,0.971822,0.007530
2044,4.356756,0.150235,-8.889459,3.155270,22.561905,-2.959200,-179.834671,-27.563749,175.273834,-0.238081,0.039701,0.970397,0.008423
2045,4.419600,0.146159,-8.827696,3.138485,21.348793,-4.015139,-179.949860,-28.182318,175.476395,-0.243292,0.038172,0.969158,0.009184
2046,4.490075,0.147967,-8.777497,3.111018,21.251135,-4.576681,179.932709,-28.755003,175.706421,-0.248114,0.036432,0.967995,0.009870
2047,4.580679,0.108149,-8.676227,1.875018,21.182468,-3.746577,179.825577,-29.327608,175.920013,-0.252934,0.034823,0.966800,0.010483
2048,4.742135,-0.044764,-8.632331,0.300263,22.593948,-2.818814,179.785995,-29.958912,176.054169,-0.258257,0.033740,0.965428,0.010701
2049,4.855594,-0.050838,-8.510840,-2.005409,25.140718,-0.165230,179.795914,-30.701120,176.080765,-0.264510,0.033446,0.963743,0.010769
2050,4.976329,-0.069702,-8.390996,-4.733764,26.599503,2.816429,179.791336,-31.544737,175.990875,-0.271588,0.034157,0.961741,0.011259
2051,5.158186,0.059566,-8.359439,-4.868045,26.066954,5.383035,179.746780,-32.429771,175.817612,-0.278977,0.035655,0.959557,0.012310
2052,5.292478,0.098514,-8.298529,-5.376178,25.639696,4.275213,179.634811,-33.307579,175.654129,-0.286265,0.037238,0.957326,0.013917
2053,5.409425,0.121394,-8.241150,-5.693572,25.090363,2.619584,179.461700,-34.158428,175.557190,-0.293296,0.038430,0.955117,0.015871
2054,5.529148,0.116055,-8.216432,-5.276993,23.762808,1.287451,179.266998,-34.956455,175.517120,-0.299869,0.039224,0.953007,0.017843
2055,5.663776,0.177268,-8.184849,-3.874667,23.663622,0.451244,179.074570,-35.713669,175.525330,-0.306096,0.039632,0.950972,0.019651
2056,5.786089,0.139869,-8.124580,-4.050149,25.610704,-0.471941,178.893280,-36.498707,175.565704,-0.312549,0.039761,0.948830,0.021280
2057,5.913023,0.130500,-8.028867,-4.224105,28.662556,0.939540,178.755066,-37.377045,175.574371,-0.319768,0.040052,0.946378,0.022655
2058,6.044459,0.154074,-7.860123,-4.562860,31.175755,3.811332,178.672836,-38.378910,175.490280,-0.327986,0.040960,0.943493,0.023861
2059,6.204166,0.155945,-7.676717,-5.794282,35.303383,6.731953,178.640244,-39.539780,175.286026,-0.337474,0.042709,0.940031,0.025066
2060,6.393606,0.177508,-7.487756,-6.923468,41.581039,9.791432,178.646545,-40.927502,174.958282,-0.348765,0.045330,0.935740,0.026431
2061,6.523910,0.135490,-7.308999,-7.176771,44.529129,12.571669,178.733841,-42.488171,174.490326,-0.361406,0.048793,0.930719,0.027700
2062,6.667408,0.107068,-7.170041,-5.974342,40.879112,12.721210,178.931152,-44.002754,173.919632,-0.373627,0.052661,0.925644,0.028504
2063,6.842440,0.076923,-7.115220,-3.522180,34.555676,11.082366,179.202942,-45.286285,173.350540,-0.383961,0.056197,0.921190,0.028736
2064,6.989091,0.072289,-7.079651,0.141568,26.636124,9.229892,179.527954,-46.257565,172.849777,-0.391795,0.058960,0.917726,0.028275
2065,7.074838,0.059684,-7.035408,3.086604,16.294928,6.309272,179.864334,-46.857281,172.469543,-0.396677,0.060724,0.915544,0.027194
2066,7.157332,0.064248,-6.990300,4.737655,9.948606,3.086517,-179.892899,-47.063972,172.281006,-0.398413,0.061340,0.914783,0.026019
2067,7.233132,0.009611,-6.921075,5.322084,10.426220,1.157747,-179.727753,-47.139175,172.234390,-0.399091,0.061119,0.914533,0.024904
2068,7.305943,-0.021619,-6.824726,4.867358,14.732381,-1.709466,-179.597168,-47.439209,172.268036,-0.401560,0.060316,0.913532,0.023910
2069,7.423602,-0.021375,-6.727033,3.420781,20.141787,-6.712976,-179.630142,-48.034012,172.486465,-0.406324,0.058537,0.911543,0.023726
2070,7.377472,0.073747,-6.542639,2.110011,26.343147,-13.303447,-179.994324,-48.861599,173.047379,-0.412836,0.055186,0.908787,0.025034
2071,7.439174,0.014201,-6.403526,1.684277,29.318701,-15.624381,179.423798,-49.840836,173.853424,-0.420503,0.050737,0.905465,0.027144
2072,7.483049,0.137393,-6.262992,0.997611,32.015011,-17.661488,178.723480,-50.896610,174.791306,-0.428769,0.045809,0.901767,0.029572
2073,7.608711,0.254433,-6.161209,0.544411,33.926994,-15.728142,177.890106,-51.998642,175.829117,-0.437394,0.040767,0.897758,0.032486
2074,7.743855,0.343790,-6.049550,-0.548152,34.618237,-12.509966,177.057571,-53.121361,176.804657,-0.446184,0.036406,0.893499,0.035419
2075,7.953228,0.262834,-5.964825,-3.116283,35.416302,-9.311627,176.360031,-54.261471,177.570740,-0.455091,0.033336,0.889012,0.037920
2076,8.069983,0.422380,-5.766660,-5.048105,37.129913,-9.217020,175.658340,-55.452896,178.258835,-0.464354,0.031061,0.884174,0.040590
2077,8.287434,0.495005,-5.592133,-5.042001,36.501232,-7.227212,174.846222,-56.689350,179.001694,-0.473932,0.029005,0.878998,0.043700
2078,8.366259,0.491799,-5.414521,-4.765808,35.974789,-6.973909,174.080933,-57.916679,179.697678,-0.483407,0.027303,0.873736,0.046451
2079,8.370879,0.458809,-5.215290,-3.017098,36.072449,-6.632102,173.427155,-59.109398,-179.669144,-0.492585,0.025769,0.868533,0.048446
2080,8.535199,0.498189,-5.039600,0.245330,35.312538,-3.960206,172.964798,-60.288647,-179.149200,-0.501614,0.024402,0.863339,0.049335
2081,8.671084,0.502940,-4.912667,1.519478,36.499706,-1.830014,172.699600,-61.482159,-178.771469,-0.510680,0.023345,0.858042,0.049247
2082,8.772904,0.499371,-4.733191,0.646648,39.083099,-1.326459,172.501312,-62.731281,-178.462585,-0.520086,0.022602,0.852416,0.048862
2083,8.779410,0.551512,-4.446639,-1.282121,40.512894,-2.216073,172.139267,-64.056458,-178.041260,-0.530006,0.021889,0.846291,0.049059
2084,8.865654,0.561172,-4.195657,-3.072031,39.347080,-1.872741,171.570023,-65.407776,-177.481873,-0.540065,0.021262,0.839868,0.049993
2085,8.924883,0.650788,-3.987889,-3.400106,37.041412,-0.958711,170.878479,-66.702408,-176.850449,-0.549647,0.020816,0.833558,0.051335
2086,9.055544,0.660157,-3.817921,-2.406728,33.093838,-2.301526,170.084457,-67.870308,-176.112656,-0.558278,0.020183,0.827727,0.052797
2087,9.111573,0.717094,-3.665204,-1.294329,29.723072,-6.310132,169.060806,-68.872002,-175.097244,-0.565758,0.018736,0.822557,0.054465
2088,9.215463,0.767294,-3.542090,-0.320787,27.760733,-9.085791,167.688950,-69.724945,-173.682877,-0.572297,0.016249,0.817934,0.056536
2089,9.275069,0.921343,-3.426047,0.297212,26.599503,-11.212931,165.929092,-70.463120,-171.847443,-0.578202,0.012853,0.813649,0.059096
2090,9.260472,0.939441,-3.275486,-1.472862,26.832968,-13.103551,163.794022,-71.127312,-169.646713,-0.583797,0.008981,0.809461,0.062241
2091,9.277524,0.993336,-3.118528,-3.500817,27.544050,-12.757166,161.446243,-71.779984,-167.284531,-0.589467,0.005384,0.805096,0.065729
2092,9.296730,1.026006,-2.939913,-4.730712,28.445873,-9.218545,159.118637,-72.476105,-164.999008,-0.595459,0.002667,0.800410,0.069027
2093,9.379857,1.106224,-2.811100,-5.626431,30.360910,-5.216043,156.947403,-73.252502,-162.916580,-0.601896,0.001090,0.795343,0.071759
2094,9.447659,1.061771,-2.643593,-7.240859,33.702686,-2.629600,154.874969,-74.149841,-160.978271,-0.609012,0.000646,0.789709,0.073922
2095,9.543406,1.124068,-2.464983,-7.599452,36.124329,-1.900207,152.632507,-75.159866,-158.900024,-0.616866,0.000849,0.783408,0.075814
2096,9.531662,1.147265,-2.241116,-7.799348,38.700092,-0.943452,149.924728,-76.234756,-156.366318,-0.625304,0.001164,0.776501,0.077719
2097,9.631362,1.133696,-2.071295,-7.866489,38.849632,-1.559926,146.739197,-77.316605,-153.355896,-0.633935,0.001561,0.769282,0.079554
2098,9.696890,1.122433,-1.860647,-7.619289,38.549026,-2.524311,143.035263,-78.339546,-149.818619,-0.642371,0.001896,0.762063,0.081338
2099,9.698219,1.177373,-1.626494,-6.847171,38.953392,-3.687066,138.492020,-79.280647,-145.423233,-0.650710,0.001855,0.754745,0.083260
2100,9.762748,1.195238,-1.408099,-6.253586,39.417274,-3.209451,132.960648,-80.137238,-140.017685,-0.659070,0.001508,0.747237,0.085208
2101,9.772071,1.150538,-1.147902,-5.777497,41.539841,-1.527882,126.423096,-80.971825,-133.587418,-0.667759,0.001414,0.739313,0.086672
2102,9.806485,1.177331,-0.817163,-4.451469,46.084045,0.875451,118.019112,-81.821754,-125.259918,-0.677449,0.001609,0.730349,0.087465
2103,9.798758,1.185957,-0.523177,-3.554224,48.540787,0.477185,106.824814,-82.530525,-114.103951,-0.688079,0.001639,0.720285,0.087944
2104,9.841967,1.166540,-0.251459,-2.196150,49.322056,0.461925,93.452484,-82.900322,-100.730515,-0.698922,0.001348,0.709732,0.088240
2105,9.815474,1.113521,0.032329,0.635967,49.691330,-0.394119,79.466225,-82.861168,-86.672562,-0.709652,0.000651,0.699028,0.088054
2106,9.886435,1.226490,0.337139,4.716292,48.562149,-2.228281,66.844215,-82.353966,-73.865753,-0.720059,-0.001197,0.688359,0.087606
2107,9.834844,1.253228,0.526775,6.835803,46.410595,-5.631094,57.394676,-81.458199,-64.131622,-0.729645,-0.004520,0.678205,0.087384
2108,9.771911,1.269676,0.757683,9.289491,45.066250,-7.308087,50.877308,-80.372078,-57.256172,-0.738345,-0.008846,0.668697,0.087251
2109,9.662141,1.345438,0.977600,11.821001,43.450298,-8.153449,46.334633,-79.194542,-52.274323,-0.746432,-0.014006,0.659608,0.086951
2110,9.560157,1.391413,1.176761,11.828629,42.197510,-9.639700,43.191017,-77.970871,-48.650978,-0.753958,-0.019733,0.650874,0.086720
2111,9.488560,1.443657,1.356937,10.409520,41.518478,-12.868558,41.050476,-76.707603,-46.058559,-0.760995,-0.025705,0.642374,0.087077
2112,9.457011,1.604156,1.581089,9.686231,40.645649,-13.782588,39.657646,-75.392380,-44.251705,-0.767658,-0.031988,0.633953,0.088209
2113,9.481907,1.694242,1.800404,7.827652,42.984890,-10.140203,38.357811,-74.058456,-42.569683,-0.774403,-0.037900,0.625202,0.089366
2114,9.489357,1.772011,2.087877,4.948232,49.409035,-6.561909,36.516655,-72.660866,-40.400188,-0.782089,-0.042605,0.615163,0.089977
2115,9.527271,1.718003,2.404286,2.654766,57.452187,-1.959718,33.914307,-71.122520,-37.525455,-0.791333,-0.045723,0.603041,0.089678
2116,9.390632,1.682311,2.805935,3.056085,66.848839,2.834740,30.646248,-69.361984,-33.982018,-0.802422,-0.047461,0.588328,0.087957
2117,9.229687,1.548301,3.261718,1.548470,75.886894,7.967952,26.930824,-67.290710,-29.974171,-0.815423,-0.047917,0.570622,0.084736
2118,9.046417,1.479822,3.696218,0.294159,80.852257,8.280767,23.270557,-64.917381,-26.046463,-0.829574,-0.047341,0.550491,0.080779
2119,8.874813,1.395133,4.110240,0.077478,83.022118,7.264501,20.165091,-62.337410,-22.695904,-0.843792,-0.046601,0.529080,0.076927
2120,8.633685,1.504414,4.593524,-0.593928,84.738785,5.563094,17.761650,-59.589027,-20.056606,-0.857668,-0.046437,0.506763,0.073767
2121,8.466020,1.487596,4.949016,-3.490135,84.268799,5.584457,15.912495,-56.774906,-18.017076,-0.870841,-0.046543,0.484114,0.071431
2122,8.238529,1.450919,5.273825,-3.061350,84.400032,3.249791,14.439838,-54.011070,-16.395887,-0.883004,-0.046595,0.461840,0.069554
2124,7.866893,1.474542,5.780969,-1.504907,87.660934,1.551436,13.325166,-51.144833,-15.105328,-0.894758,-0.047397,0.438773,0.068115
2125,7.479798,1.549536,6.270241,-0.587824,90.055107,0.316962,12.510013,-48.057835,-14.064267,-0.906505,-0.049208,0.413912,0.067119
2126,7.066077,1.499135,6.741487,1.481329,89.568336,-1.234904,11.915455,-44.841423,-13.200607,-0.917872,-0.051710,0.387859,0.066354
2127,6.629073,1.540660,7.173536,4.191373,86.014458,-4.390518,11.555236,-41.617138,-12.524946,-0.928375,-0.054985,0.361598,0.065902
2128,6.229085,1.602434,7.621031,4.028099,80.466194,-5.408309,11.399381,-38.488159,-12.038257,-0.937709,-0.058858,0.335988,0.065959
2129,5.959986,1.646230,7.899951,4.185269,72.761795,-5.872191,11.341935,-35.616455,-11.668818,-0.945590,-0.062657,0.312322,0.066245
2130,5.667155,1.586645,8.222904,4.659832,64.709488,-5.617361,11.306320,-33.096050,-11.350170,-0.952018,-0.065936,0.291382,0.066411
2131,5.398615,1.678947,8.310724,5.145076,57.029507,-5.936280,11.319163,-30.927145,-11.092097,-0.957154,-0.068960,0.273270,0.066522
2132,5.227103,1.715570,8.510814,4.037255,52.625690,-3.998354,11.370919,-29.070978,-10.870682,-0.961255,-0.071809,0.257706,0.066487
2133,4.961915,1.682006,8.631764,3.886188,49.235077,-1.385971,11.352686,-27.421694,-10.582623,-0.964783,-0.073930,0.243716,0.065809
2134,4.743998,1.637529,8.726727,3.350588,44.870934,1.456829,11.247796,-25.954653,-10.204652,-0.967883,-0.075241,0.231092,0.064326
2135,4.555444,1.699948,8.731594,2.828721,42.023560,3.083465,11.120106,-24.672558,-9.783456,-0.970538,-0.076174,0.219941,0.062287
2136,4.348000,1.658194,8.854817,1.571359,41.767200,4.885583,10.966559,-23.477816,-9.326563,-0.972959,-0.076782,0.209457,0.059859
2137,4.107807,1.628652,8.881979,1.409611,42.359261,3.970028,10.771915,-22.267113,-8.853025,-0.975333,-0.076986,0.198779,0.057323
2138,3.869384,1.712610,8.925056,1.476752,45.557602,2.045836,10.641496,-20.964741,-8.441243,-0.977660,-0.077604,0.187369,0.055232
2139,3.552825,1.739537,9.032401,0.768722,51.707081,1.118074,10.573333,-19.444736,-8.076113,-0.980104,-0.078749,0.174134,0.053591
2140,3.271895,1.670792,9.242682,0.025597,57.810780,0.622148,10.460792,-17.650187,-7.693635,-0.982768,-0.079629,0.158479,0.052065
2141,2.984369,1.670118,9.418822,1.351627,59.420635,-1.392074,10.333723,-15.689158,-7.324000,-0.985387,-0.080350,0.141352,0.050749
2142,2.638439,1.718737,9.495940,3.069818,57.336220,-2.933258,10.303234,-13.714396,-7.027561,-0.987634,-0.081694,0.124153,0.049904
2143,2.378356,1.731070,9.642544,3.710707,53.161285,-3.389511,10.351795,-11.853281,-6.791667,-0.989411,-0.083483,0.107969,0.049378
2144,2.166394,1.764917,9.687061,4.331758,47.089626,-5.061924,10.444066,-10.217337,-6.623235,-0.990705,-0.085380,0.093764,0.049207
2145,1.913602,1.856098,9.585137,3.881610,40.444225,-5.988161,10.599299,-8.844815,-6.542433,-0.991550,-0.087558,0.081909,0.049539
2146,1.678989,1.871648,9.536740,2.035241,37.535812,-4.868134,10.756485,-7.656278,-6.490032,-0.992138,-0.089609,0.071657,0.049983
2147,1.498676,1.841367,9.611384,-0.780091,37.932549,-2.599081,10.802586,-6.531319,-6.382455,-0.992700,-0.090675,0.061856,0.049978
2148,1.279057,1.810792,9.617232,-2.734801,38.271301,-1.437852,10.722572,-5.402132,-6.210529,-0.993297,-0.090653,0.051906,0.049477
2149,1.065626,1.751865,9.663264,-3.706816,37.088715,-0.560445,10.559287,-4.275386,-6.006782,-0.993878,-0.089880,0.041910,0.048709
2150,0.866592,1.699909,9.684477,-4.367542,34.976833,-0.771022,10.342008,-3.193757,-5.804401,-0.994394,-0.088573,0.032280,0.047897
2151,0.706852,1.668018,9.772511,-5.890416,32.764240,-0.552815,10.078904,-2.188507,-5.620066,-0.994838,-0.086787,0.023306,0.047151
2152,0.524329,1.657021,9.797422,-7.080637,29.298862,-0.674889,9.782369,-1.280573,-5.457739,-0.995212,-0.084632,0.015181,0.046482
2153,0.396787,1.578027,9.902179,-7.469747,24.847740,-0.323926,9.457393,-0.509236,-5.320505,-0.995529,-0.082142,0.008250,0.045889
2154,0.271674,1.547547,9.896124,-8.005348,20.250128,0.413096,9.112593,0.096981,-5.195767,-0.995812,-0.079395,0.002758,0.045250
2155,0.182607,1.508063,9.952923,-7.620814,16.551285,0.941066,8.781742,0.553985,-5.077083,-0.996059,-0.076698,-0.001425,0.044531
2156,0.086864,1.464500,9.942973,-6.569453,13.255287,0.545851,8.486505,0.895718,-4.977577,-0.996263,-0.074257,-0.004575,0.043881
2157,0.032981,1.414493,9.895117,-6.154401,10.053894,0.234562,8.225404,1.135942,-4.908211,-0.996431,-0.072073,-0.006807,0.043417
2158,-0.029122,1.436777,9.805007,-7.710845,7.519332,0.860192,7.979569,1.286530,-4.848502,-0.996588,-0.069986,-0.008247,0.042974
2159,-0.065519,1.373708,9.856670,-9.079598,6.004088,1.632310,7.705780,1.379019,-4.775954,-0.996768,-0.067632,-0.009197,0.042377
2160,-0.100700,1.302096,9.847523,-8.589779,4.594134,2.006162,7.398740,1.432324,-4.692392,-0.996969,-0.064973,-0.009821,0.041655
2161,-0.083397,1.286802,9.877034,-6.751038,2.807275,2.524977,7.135365,1.428418,-4.601555,-0.997149,-0.062672,-0.009933,0.040839
2162,-0.071976,1.258977,9.945390,-4.868046,1.557542,3.135347,6.951096,1.357723,-4.498353,-0.997294,-0.061036,-0.009438,0.039888
2163,-0.050155,1.228357,10.001530,-2.060343,1.102816,2.338814,6.846472,1.251463,-4.401901,-0.997395,-0.060082,-0.008600,0.038985
2164,-0.026516,1.243703,9.967339,0.181241,0.947172,1.589584,6.837705,1.132734,-4.332226,-0.997436,-0.059962,-0.007606,0.038317
2165,-0.008106,1.288868,9.968170,1.385196,1.018890,1.235570,6.917806,1.013842,-4.280578,-0.997423,-0.060618,-0.006572,0.037810
2166,-0.011571,1.273306,9.948863,0.234649,1.249305,1.357644,7.030962,0.847320,-4.231815,-0.997394,-0.061547,-0.005111,0.037304
2167,-0.021769,1.277681,9.919506,-0.485589,1.281350,1.554488,7.118694,0.660498,-4.177347,-0.997378,-0.062250,-0.003486,0.036733
2168,-0.046244,1.277165,9.861703,-0.578670,1.072298,1.632310,7.177449,0.543934,-4.118972,-0.997373,-0.062723,-0.002485,0.036163
2169,-0.063169,1.271767,9.834658,0.138515,0.808313,1.053984,7.230739,0.493018,-4.070075,-0.997362,-0.063170,-0.002052,0.035711
2170,-0.072780,1.239922,9.816964,-0.342151,-0.032472,1.043303,7.248811,0.468029,-4.033597,-0.997364,-0.063319,-0.001849,0.035380
2171,-0.086389,1.260559,9.826309,-0.293322,-0.824428,0.954799,7.242367,0.444332,-4.002331,-0.997379,-0.063256,-0.001662,0.035095
2172,-0.087018,1.267959,9.820978,0.321628,-1.338665,0.350533,7.266384,0.417917,-3.985116,-0.997372,-0.063456,-0.001434,0.034931
2173,-0.081156,1.271660,9.835175,1.002189,-1.840694,-0.072148,7.317118,0.379444,-3.987016,-0.997345,-0.063887,-0.001083,0.034926
2174,-0.043278,1.286081,9.897646,0.887745,-2.078739,0.210148,7.373544,0.303687,-3.992910,-0.997315,-0.064355,-0.000403,0.034936
2175,-0.020103,1.317480,9.897391,1.400456,-2.376294,0.121644,7.451005,0.186767,-3.996820,-0.997275,-0.064994,0.000640,0.034904
2176,-0.003849,1.319197,9.865026,1.617137,-2.754724,-0.030948,7.551198,0.054726,-4.006348,-0.997219,-0.065825,0.001825,0.034910
2177,0.012604,1.304988,9.868611,1.002189,-2.496842,0.371896,7.614498,-0.071703,-4.012253,-0.997183,-0.066338,0.002948,0.034888
2178,0.035647,1.295818,9.858809,0.739730,-1.773554,0.744222,7.624189,-0.179509,-4.003239,-0.997181,-0.066389,0.003884,0.034746
2179,0.018010,1.292773,9.837408,0.898426,-0.967865,0.519911,7.616214,-0.235347,-3.988330,-0.997190,-0.066303,0.004359,0.034584
2180,0.023095,1.283600,9.877167,0.336885,-0.442946,0.652666,7.590152,-0.237506,-3.971902,-0.997210,-0.066077,0.004361,0.034441
2181,0.026556,1.262634,9.848117,0.375034,-0.267465,0.638933,7.535827,-0.227176,-3.951865,-0.997248,-0.065608,0.004243,0.034275
2182,0.025159,1.258658,9.849186,0.326204,-0.288828,0.535170,7.475795,-0.216756,-3.933408,-0.997287,-0.065089,0.004124,0.034122
2183,0.019788,1.277560,9.854105,-0.043069,-0.415479,0.527540,7.434850,-0.206073,-3.917210,-0.997315,-0.064736,0.004009,0.033989
2184,0.018471,1.291519,9.839950,-0.262803,-0.642843,0.558059,7.423547,-0.198958,-3.901536,-0.997326,-0.064641,0.003935,0.033857
2185,0.028144,1.291142,9.825907,0.062220,-0.685568,0.316962,7.434158,-0.204708,-3.889988,-0.997324,-0.064732,0.003982,0.033753
2186,0.026810,1.304302,9.847904,0.004234,-0.595539,0.493970,7.458263,-0.216122,-3.879431,-0.997313,-0.064939,0.004082,0.033654
2187,0.028563,1.334641,9.837622,0.455908,-0.484146,0.460399,7.516304,-0.222523,-3.866184,-0.997284,-0.065442,0.004148,0.033533
2188,0.037084,1.320639,9.842508,0.796189,-0.464309,0.304755,7.589603,-0.231892,-3.855809,-0.997245,-0.066078,0.004245,0.033434
2189,0.044138,1.301363,9.846176,0.712263,-0.801539,0.442088,7.623416,-0.256341,-3.846293,-0.997228,-0.066365,0.004462,0.033336
2190,0.050287,1.304411,9.866163,0.249908,-0.812220,0.797629,7.619040,-0.293192,-3.829290,-0.997236,-0.066317,0.004771,0.033167
2191,0.049448,1.311967,9.867095,0.332307,-0.427687,0.892237,7.610319,-0.320687,-3.804024,-0.997248,-0.066234,0.004993,0.032931
2192,0.054837,1.301900,9.877580,0.388768,-0.595539,0.762533,7.602592,-0.339389,-3.778838,-0.997260,-0.066163,0.005139,0.032702
2193,0.063498,1.315517,9.887345,0.214811,-0.795435,0.678607,7.595767,-0.368214,-3.758000,-0.997269,-0.066096,0.005376,0.032504
2194,0.068859,1.330603,9.883069,0.289582,-0.557391,0.657244,7.610477,-0.400544,-3.738960,-0.997266,-0.066216,0.005651,0.032319
2195,0.073901,1.340172,9.855905,0.725996,-0.149969,0.387155,7.654630,-0.421550,-3.723464,-0.997244,-0.066595,0.005837,0.032170
2196,0.089346,1.340934,9.822322,0.510841,0.089602,0.191837,7.708799,-0.439834,-3.714288,-0.997215,-0.067061,0.006006,0.032076
2197,0.089843,1.350527,9.794352,0.233123,0.472609,0.269659,7.755980,-0.455000,-3.705688,-0.997190,-0.067468,0.006146,0.031990
2198,0.083035,1.356513,9.803613,0.631389,0.730490,0.178104,7.805518,-0.450341,-3.695871,-0.997163,-0.067901,0.006114,0.031905
2199,0.069388,1.362025,9.813836,0.890797,0.675557,-0.014163,7.859884,-0.424380,-3.690204,-0.997133,-0.068382,0.005899,0.031868
2200,0.055087,1.365644,9.821280,0.986929,0.393261,-0.095037,7.911467,-0.385797,-3.689705,-0.997102,-0.068841,0.005578,0.031884
2201,0.040489,1.371945,9.864261,1.112055,0.248298,-0.247630,7.954862,-0.339893,-3.693923,-0.997075,-0.069232,0.005193,0.031947
2202,0.035777,1.381123,9.908860,1.519478,0.153691,-0.409378,7.996992,-0.293357,-3.703800,-0.997047,-0.069611,0.004806,0.032059
2203,0.028436,1.393018,9.898939,2.201566,-0.131657,-0.607748,8.058204,-0.255243,-3.720495,-0.997005,-0.070154,0.004502,0.032225
2204,0.040890,1.412274,9.888998,3.449773,-0.311717,-1.106726,8.163546,-0.238383,-3.749836,-0.996932,-0.071074,0.004403,0.032487
2205,0.051843,1.432052,9.874450,4.246306,-0.435317,-1.462266,8.313032,-0.249717,-3.794078,-0.996826,-0.072369,0.004572,0.032859
2206,0.059220,1.444297,9.857565,4.771225,-0.716087,-1.450059,8.478327,-0.281637,-3.845003,-0.996706,-0.073796,0.004929,0.033274
2207,0.063449,1.457364,9.833510,4.667462,-0.928190,-1.341719,8.632467,-0.325136,-3.895135,-0.996591,-0.075121,0.005385,0.033675
2208,0.073958,1.476077,9.851612,3.397892,-0.679465,-0.873259,8.745882,-0.370619,-3.935610,-0.996504,-0.076092,0.005841,0.033991
2209,0.068320,1.481982,9.845953,1.943685,-0.258309,-0.268993,8.795410,-0.399532,-3.956593,-0.996465,-0.076513,0.006121,0.034152
2210,0.068052,1.480199,9.841252,0.759567,0.043824,0.190311,8.783414,-0.404835,-3.958050,-0.996472,-0.076407,0.006165,0.034162
2211,0.061332,1.499609,9.839277,0.037806,0.106387,0.503125,8.748697,-0.396188,-3.945913,-0.996499,-0.076108,0.006071,0.034064
2212,0.055302,1.530605,9.827768,-0.331469,0.051453,0.761007,8.741789,-0.379540,-3.924677,-0.996510,-0.076054,0.005910,0.033891
2213,0.051845,1.524228,9.790124,-0.249070,-0.000428,0.669451,8.760116,-0.361348,-3.901171,-0.996505,-0.076220,0.005742,0.033697
2214,0.050773,1.527326,9.803594,-0.636655,-0.359021,0.599259,8.772232,-0.350773,-3.881355,-0.996503,-0.076330,0.005640,0.033531
2215,0.047104,1.541511,9.828679,-1.137159,-0.883939,0.526014,8.774076,-0.354420,-3.866172,-0.996506,-0.076346,0.005662,0.033397
2216,0.053014,1.530163,9.837488,-1.393514,-1.315776,0.373422,8.759627,-0.375762,-3.857116,-0.996518,-0.076214,0.005838,0.033305
2217,0.070451,1.497642,9.866319,-1.480492,-1.541613,0.095703,8.703551,-0.421272,-3.856563,-0.996555,-0.075713,0.006217,0.033272
2218,0.089803,1.484981,9.883811,-0.995246,-1.625539,-0.310193,8.624043,-0.489214,-3.867764,-0.996603,-0.075001,0.006792,0.033330
2219,0.109118,1.473146,9.886117,-0.343678,-1.286783,-0.520770,8.560879,-0.565773,-3.888355,-0.996637,-0.074427,0.007453,0.033462
2220,0.123146,1.459831,9.907852,0.494057,-0.749657,-0.418533,8.519887,-0.633675,-3.908444,-0.996656,-0.074049,0.008044,0.033596
2221,0.140948,1.471293,9.900557,1.376041,-0.334606,-0.349867,8.518384,-0.691225,-3.923440,-0.996651,-0.074018,0.008554,0.033689
2222,0.141576,1.481809,9.887891,1.644604,0.478713,-0.032474,8.560457,-0.726985,-3.929315,-0.996621,-0.074372,0.008881,0.033714
2223,0.134615,1.485956,9.867270,1.360782,1.198949,0.402414,8.611510,-0.722382,-3.919085,-0.996591,-0.074819,0.008850,0.033624
2224,0.124030,1.488429,9.833211,0.970146,1.478194,0.667925,8.649994,-0.686016,-3.894761,-0.996574,-0.075166,0.008529,0.033433
2225,0.107817,1.495416,9.794219,0.697004,1.337809,0.699970,8.681031,-0.633664,-3.865193,-0.996564,-0.075454,0.008063,0.033208
2227,0.085914,1.492731,9.820098,0.184293,1.780327,0.544325,8.694530,-0.558672,-3.836828,-0.996565,-0.075595,0.007396,0.033010
2228,0.073533,1.491068,9.832650,-0.006448,1.586534,0.303229,8.682706,-0.468915,-3.814244,-0.996580,-0.075520,0.006597,0.032874
2229,0.055960,1.502849,9.834474,-0.302477,0.994475,0.219303,8.668653,-0.390146,-3.799069,-0.996595,-0.075422,0.005898,0.032795
2230,0.053237,1.504515,9.847434,-0.441337,0.692342,0.164370,8.659345,-0.332572,-3.788542,-0.996604,-0.075358,0.005388,0.032742
2231,0.053498,1.498903,9.842993,-0.365039,0.823572,0.100281,8.648150,-0.293769,-3.780399,-0.996614,-0.075272,0.005042,0.032697
2232,0.057900,1.507845,9.827868,-0.523737,0.635883,0.213199,8.643117,-0.272528,-3.771629,-0.996620,-0.075235,0.004850,0.032635
2233,0.065290,1.502920,9.835847,-0.648862,0.625202,0.197940,8.639387,-0.271886,-3.761774,-0.996625,-0.075203,0.004837,0.032550
2234,0.065028,1.488420,9.843468,-0.795351,0.640461,0.374948,8.615734,-0.279902,-3.749165,-0.996644,-0.074996,0.004892,0.032436
2235,0.055269,1.492536,9.859910,-0.957099,0.516861,0.474133,8.579928,-0.281612,-3.732245,-0.996672,-0.074684,0.004885,0.032289
2236,0.041650,1.480465,9.868730,-1.105114,0.707601,0.236088,8.537988,-0.262549,-3.717462,-0.996704,-0.074326,0.004698,0.032175
2237,0.028245,1.457082,9.856611,-0.891484,1.003631,0.126222,8.481034,-0.216221,-3.707171,-0.996743,-0.073844,0.004272,0.032117
2238,0.015038,1.446379,9.826150,-0.192610,0.994475,0.146059,8.431420,-0.153335,-3.697677,-0.996777,-0.073430,0.003705,0.032077
2239,0.013421,1.457127,9.836579,0.423863,0.996001,-0.026371,8.420236,-0.093415,-3.690800,-0.996786,-0.073350,0.003177,0.032056
2240,0.006016,1.466221,9.842569,0.646648,1.285927,-0.145393,8.444393,-0.037404,-3.688057,-0.996770,-0.073576,0.002695,0.032067
2241,0.002443,1.468396,9.847320,0.674115,1.234046,0.033141,8.478340,0.015363,-3.683733,-0.996749,-0.073886,0.002242,0.032063
2242,0.005403,1.469453,9.857371,0.545937,0.706076,0.124696,8.503642,0.043879,-3.676358,-0.996734,-0.074114,0.001997,0.032017
2243,-0.001314,1.473489,9.853625,0.030175,0.336802,0.130800,8.513465,0.049406,-3.669578,-0.996729,-0.074201,0.001947,0.031961
2244,-0.005984,1.466810,9.859943,-0.232285,0.266609,0.243718,8.503341,0.051584,-3.661923,-0.996738,-0.074114,0.001920,0.031896
2245,-0.000774,1.450525,9.846820,0.037804,-0.078250,0.208622,8.476725,0.045291,-3.654022,-0.996757,-0.073881,0.001962,0.031824
2246,-0.007632,1.461735,9.854383,-0.287218,-0.378857,0.165896,8.450866,0.030367,-3.648985,-0.996776,-0.073652,0.002082,0.031771
2247,-0.016861,1.473408,9.868166,-0.421499,-0.383435,0.124696,8.439298,0.025763,-3.646061,-0.996784,-0.073550,0.002117,0.031743
2248,-0.011988,1.489993,9.880025,0.008811,-0.430739,0.037718,8.456149,0.026535,-3.645365,-0.996773,-0.073697,0.002114,0.031737
2249,-0.009324,1.496444,9.846077,0.463538,-0.432265,-0.183541,8.507023,0.022012,-3.649865,-0.996739,-0.074138,0.002171,0.031772
2250,-0.008478,1.493797,9.831156,0.426915,0.031617,-0.104193,8.564322,0.023312,-3.655574,-0.996701,-0.074637,0.002179,0.031822
2251,-0.002666,1.488561,9.815247,0.577981,0.626728,0.059081,8.606675,0.036796,-3.654666,-0.996673,-0.075009,0.002073,0.031822
2252,0.002297,1.493949,9.823398,0.584085,1.130283,0.095703,8.639379,0.057633,-3.647722,-0.996653,-0.075299,0.001896,0.031774
2253,0.002348,1.488032,9.842813,0.217863,1.226416,0.226933,8.652509,0.079499,-3.636511,-0.996647,-0.075420,0.001702,0.031691
2254,-0.002288,1.472148,9.847466,-0.477959,0.579424,0.345955,8.622519,0.089491,-3.622583,-0.996670,-0.075162,0.001598,0.031577
2255,-0.016279,1.459440,9.849290,-1.042551,-0.368176,0.213200,8.551330,0.083296,-3.612904,-0.996719,-0.074541,0.001626,0.031490
2256,-0.015110,1.485659,9.867687,-0.830447,-0.967865,0.165896,8.495687,0.061360,-3.609997,-0.996757,-0.074051,0.001799,0.031451
2257,-0.000645,1.489535,9.866615,-0.346729,-1.167761,0.158266,8.489396,0.018133,-3.609900,-0.996762,-0.073984,0.002174,0.031422
2258,0.005268,1.459921,9.842450,-0.241439,-1.001435,0.104859,8.484524,-0.032422,-3.610890,-0.996766,-0.073928,0.002613,0.031399
2259,0.008348,1.461615,9.843346,-0.247544,-0.467361,0.243718,8.464266,-0.066039,-3.608745,-0.996780,-0.073743,0.002898,0.031359
2260,0.015380,1.494423,9.855929,-0.418448,0.010254,0.498547,8.469031,-0.080463,-3.597650,-0.996780,-0.073781,0.003018,0.031253
2261,0.015913,1.453952,9.858685,-1.068492,0.303231,0.374947,8.454640,-0.081890,-3.582493,-0.996794,-0.073655,0.003016,0.031120
2262,0.008179,1.431930,9.842568,-1.364522,0.228461,0.413095,8.379845,-0.071878,-3.568156,-0.996845,-0.073008,0.002900,0.031004
2263,-0.004141,1.438097,9.825942,-1.431662,0.255928,0.432933,8.302500,-0.048529,-3.553007,-0.996898,-0.072342,0.002666,0.030889
2264,-0.011212,1.439640,9.866901,-1.517114,0.696920,0.310859,8.246071,-0.006769,-3.538472,-0.996937,-0.071862,0.002279,0.030790
2265,-0.016198,1.425826,9.885882,-0.998299,1.121127,0.194888,8.198783,0.050367,-3.525818,-0.996968,-0.071466,0.001761,0.030716
2266,-0.020255,1.429669,9.863627,-0.549677,1.053987,0.254400,8.174262,0.107284,-3.513252,-0.996986,-0.071269,0.001251,0.030643
2267,-0.026083,1.407688,9.831278,-0.691588,0.742698,0.321540,8.156626,0.150129,-3.499499,-0.996999,-0.071127,0.000865,0.030550
2268,-0.023523,1.415287,9.829138,-0.688536,0.579424,0.287970,8.135161,0.174341,-3.486320,-0.997015,-0.070946,0.000641,0.030450
2269,-0.018925,1.413331,9.836576,-0.618343,0.684713,0.289496,8.123848,0.183219,-3.473781,-0.997025,-0.070850,0.000553,0.030347
2270,-0.010719,1.410281,9.827212,-0.746522,0.579424,0.355111,8.112342,0.177681,-3.460131,-0.997036,-0.070749,0.000590,0.030225
2271,-0.005107,1.399996,9.839148,-0.979988,0.442091,0.464977,8.087425,0.156665,-3.444177,-0.997056,-0.070527,0.000756,0.030073
2272,-0.010963,1.417679,9.871295,-1.533899,0.712179,0.413096,8.055055,0.141402,-3.426943,-0.997081,-0.070241,0.000870,0.029914
2273,-0.022129,1.401237,9.897641,-2.066447,0.986846,0.425303,8.006860,0.153057,-3.409104,-0.997115,-0.069825,0.000745,0.029766
2274,-0.033990,1.388178,9.893239,-1.878757,1.055513,0.507703,7.938957,0.188254,-3.388988,-0.997160,-0.069243,0.000409,0.029613
2275,-0.038273,1.369644,9.883926,-1.219558,1.101290,0.541274,7.878191,0.231238,-3.366763,-0.997201,-0.068725,0.000006,0.029445
2276,-0.047551,1.366831,9.856049,-0.893010,1.173009,0.385629,7.838757,0.276551,-3.346295,-0.997228,-0.068394,-0.000411,0.029294
2277,-0.066946,1.361596,9.859565,-0.694640,1.269142,0.258977,7.817877,0.335595,-3.330088,-0.997242,-0.068227,-0.000940,0.029188
2278,-0.073937,1.366683,9.857137,-0.072063,0.971586,0.257451,7.818494,0.397944,-3.316409,-0.997243,-0.068248,-0.001490,0.029106
2279,-0.076204,1.363223,9.817217,0.042383,0.278816,0.115540,7.839781,0.435430,-3.307263,-0.997230,-0.068442,-0.001817,0.029049
2280,-0.086208,1.349304,9.818032,-0.593928,-0.183539,-0.056889,7.840263,0.450940,-3.306007,-0.997230,-0.068450,-0.001952,0.029048
2281,-0.083793,1.351192,9.831930,-0.352833,-0.482621,-0.052311,7.820492,0.452958,-3.309358,-0.997241,-0.068279,-0.001973,0.029078
2282,-0.053165,1.343017,9.827323,0.390293,-0.723717,-0.096563,7.813909,0.418305,-3.314609,-0.997245,-0.068213,-0.001670,0.029103
2283,-0.026315,1.343009,9.853115,0.272797,-0.984650,-0.125556,7.812816,0.335595,-3.322238,-0.997247,-0.068183,-0.000946,0.029120
2284,-0.026959,1.354405,9.870430,-0.084270,-1.053317,-0.108771,7.809016,0.242843,-3.330770,-0.997251,-0.068126,-0.000134,0.029139
2285,-0.016644,1.369684,9.897332,0.054589,-0.645895,-0.067571,7.817895,0.171458,-3.337494,-0.997246,-0.068186,0.000493,0.029155
2286,-0.018940,1.360980,9.890322,0.176663,-0.207954,-0.056889,7.833376,0.129621,-3.341451,-0.997237,-0.068310,0.000863,0.029165
2287,-0.033559,1.372951,9.877858,-0.224655,-0.095035,0.085022,7.845488,0.124610,-3.341648,-0.997230,-0.068414,0.000910,0.029163
2288,-0.055448,1.373262,9.848539,-0.169722,0.542801,0.138429,7.861883,0.165902,-3.336882,-0.997221,-0.068567,0.000552,0.029146
2289,-0.052739,1.362471,9.845721,0.503211,0.872401,0.072814,7.882042,0.233181,-3.330116,-0.997208,-0.068759,-0.000032,0.029128
2290,-0.067033,1.357127,9.836076,0.556619,0.713705,0.023985,7.898465,0.298041,-3.324885,-0.997197,-0.068919,-0.000596,0.029121
2291,-0.063139,1.364283,9.850349,0.475745,0.205572,0.094177,7.910441,0.342194,-3.320843,-0.997189,-0.069034,-0.000979,0.029113
2292,-0.073163,1.366901,9.835942,0.553567,0.065187,-0.034001,7.926029,0.365947,-3.319230,-0.997179,-0.069175,-0.001183,0.029113
2293,-0.067146,1.368335,9.858461,0.373507,-0.119450,-0.078252,7.938443,0.378711,-3.321223,-0.997170,-0.069287,-0.001290,0.029138
2294,-0.057712,1.369167,9.851642,0.567300,-0.479569,0.037718,7.947416,0.365492,-3.323314,-0.997165,-0.069361,-0.001171,0.029148
2295,-0.037794,1.392133,9.852793,0.674115,-0.824428,0.001096,7.977242,0.317993,-3.325634,-0.997148,-0.069609,-0.000749,0.029140
2296,-0.031632,1.403093,9.855410,0.443700,-0.493302,-0.134711,8.025209,0.258714,-3.330750,-0.997120,-0.070012,-0.000218,0.029149
2297,-0.026334,1.415089,9.875842,0.462011,-0.151494,-0.145393,8.074206,0.216272,-3.336737,-0.997090,-0.070427,0.000168,0.029175
2298,-0.025951,1.400404,9.854795,0.719893,-0.062991,-0.174385,8.112908,0.190233,-3.342455,-0.997066,-0.070757,0.000408,0.029209
2299,-0.028226,1.403710,9.834262,0.642071,0.046876,-0.264415,8.138787,0.178424,-3.349730,-0.997048,-0.070980,0.000522,0.029264
2300,-0.038355,1.405453,9.828169,0.425389,0.126224,-0.249156,8.157873,0.184558,-3.357792,-0.997034,-0.071147,0.000478,0.029338
2301,-0.054411,1.407284,9.834381,0.219389,-0.127080,-0.127082,8.166634,0.208390,-3.364005,-0.997026,-0.071229,0.000277,0.029407
2302,-0.054299,1.386484,9.838769,0.477271,-0.522295,-0.122504,8.156951,0.229462,-3.369736,-0.997030,-0.071151,0.000095,0.029470
2303,-0.056470,1.411185,9.831923,0.707685,-0.771021,-0.168282,8.158761,0.235612,-3.377661,-0.997027,-0.071168,0.000047,0.029543
2304,-0.056153,1.426471,9.853704,0.268219,-0.835109,-0.090459,8.186915,0.234236,-3.385679,-0.997007,-0.071412,0.000071,0.029612
2305,-0.050976,1.431644,9.846917,0.176663,-0.996857,-0.027897,8.216144,0.223872,-3.391887,-0.996988,-0.071664,0.000172,0.029659
2306,-0.043264,1.422928,9.844306,0.135464,-0.941924,-0.204904,8.233846,0.203731,-3.400292,-0.996975,-0.071813,0.000357,0.029720
2307,-0.034412,1.424319,9.852777,0.042383,-0.903776,-0.221689,8.236832,0.176926,-3.411732,-0.996971,-0.071832,0.000599,0.029803
2308,-0.019685,1.421487,9.873899,-0.151411,-0.972442,-0.151497,8.227956,0.137596,-3.422386,-0.996975,-0.071745,0.000945,0.029871
2309,0.002119,1.399945,9.862415,0.075953,-0.899198,-0.275097,8.200876,0.079251,-3.433937,-0.996991,-0.071494,0.001453,0.029935
2310,0.017556,1.390195,9.857055,0.370457,-1.060946,-0.279674,8.165369,0.004219,-3.447794,-0.997011,-0.071165,0.002105,0.030009
2311,0.028495,1.405067,9.856977,0.376561,-1.915464,-0.061467,8.147716,-0.090544,-3.460472,-0.997020,-0.070986,0.002933,0.030061
2312,0.041104,1.396569,9.855419,0.045433,-3.285745,-0.008060,8.136780,-0.218092,-3.473877,-0.997024,-0.070857,0.004048,0.030099
2313,0.049966,1.387553,9.873676,-0.184981,-4.730797,0.120118,8.105258,-0.379303,-3.490799,-0.997038,-0.070539,0.005453,0.030148
2314,0.073490,1.412031,9.915258,0.033226,-6.552751,0.144533,8.084581,-0.578055,-3.512831,-0.997042,-0.070305,0.007190,0.030218
2315,0.101965,1.395839,9.935454,0.645122,-8.742454,-0.088933,8.090471,-0.833589,-3.547741,-0.997020,-0.070284,0.009436,0.030364
2316,0.152490,1.392148,9.969156,1.630870,-11.370097,-0.290356,8.114122,-1.167128,-3.601062,-0.996973,-0.070392,0.012377,0.030619
2317,0.221299,1.436744,10.001029,3.495551,-15.168126,-0.636741,8.196135,-1.610889,-3.679089,-0.996863,-0.070970,0.016308,0.031011
2318,0.334561,1.474675,9.955758,6.127773,-20.574480,-0.995334,8.379656,-2.221809,-3.792561,-0.996641,-0.072368,0.021742,0.031580
2319,0.448603,1.503631,9.889555,7.353091,-26.659872,-0.391067,8.643745,-3.039506,-3.933418,-0.996287,-0.074381,0.029016,0.032212
2320,0.625517,1.570744,9.849108,8.253386,-33.161839,-0.143867,8.959488,-4.083018,-4.097482,-0.995775,-0.076738,0.038282,0.032837
2321,0.859026,1.590660,9.727132,8.795090,-39.624134,-0.424637,9.310076,-5.375545,-4.303570,-0.995046,-0.079255,0.049749,0.033579
2322,1.109569,1.621009,9.636410,8.457860,-43.963867,-0.157601,9.661100,-6.881152,-4.547711,-0.994069,-0.081619,0.063088,0.034414
2323,1.362395,1.653715,9.611278,5.660840,-45.990295,0.172000,9.953663,-8.503107,-4.808036,-0.992884,-0.083340,0.077420,0.035247
2324,1.638811,1.679773,9.586106,4.614055,-46.972992,-0.908356,10.177268,-10.167950,-5.095515,-0.991509,-0.084337,0.092106,0.036251
2325,1.912159,1.710022,9.519055,3.948751,-47.195774,-1.143348,10.380370,-11.843862,-5.415277,-0.989920,-0.085025,0.106886,0.037472
2326,2.164828,1.796263,9.528018,2.807359,-46.631184,-0.212534,10.582126,-13.494276,-5.734055,-0.988147,-0.085611,0.121421,0.038640
2327,2.417848,1.824774,9.467711,1.611033,-46.419079,0.353585,10.770206,-15.106688,-6.037594,-0.986228,-0.086014,0.135587,0.039657
2328,2.669446,1.840880,9.384513,2.219878,-46.339729,0.371896,10.957622,-16.698412,-6.339116,-0.984141,-0.086329,0.149545,0.040612
2330,2.955111,1.840804,9.307514,2.045922,-47.182037,1.429362,11.151130,-18.306305,-6.631999,-0.981845,-0.086603,0.163605,0.041407
2331,3.235804,1.833896,9.181637,1.931478,-48.587418,2.010740,11.331160,-19.973312,-6.909443,-0.979288,-0.086650,0.178117,0.041968
2332,3.545858,1.830903,9.069539,3.138485,-52.229801,1.597214,11.535471,-21.748644,-7.207968,-0.976331,-0.086697,0.193533,0.042497
2333,3.854882,1.855661,8.900360,3.503181,-57.138702,1.913081,11.798308,-23.693262,-7.553931,-0.972793,-0.086919,0.210388,0.043075
2334,4.246733,1.809465,8.760444,1.759048,-64.217476,3.863213,12.043634,-25.886688,-7.913819,-0.968525,-0.086627,0.229276,0.043440
2335,4.636906,1.820969,8.553845,0.652752,-71.607529,4.017332,12.252312,-28.376217,-8.300842,-0.963325,-0.085553,0.250555,0.043678
2336,5.064578,1.827765,8.387704,-0.244492,-77.566269,3.690784,12.493147,-31.111263,-8.771155,-0.957078,-0.084130,0.273817,0.044136
2337,5.446319,1.783410,8.103721,-1.478966,-78.956390,3.707569,12.749167,-33.970715,-9.304027,-0.949966,-0.082289,0.297977,0.044759
2338,5.843426,1.750958,7.900002,-1.492699,-76.539322,3.405435,13.006023,-36.790501,-9.859158,-0.942381,-0.080128,0.321615,0.045408
2339,6.130124,1.806800,7.642016,0.028648,-70.966644,1.566695,13.361160,-39.404812,-10.472214,-0.934741,-0.078508,0.343444,0.046277
2340,6.400092,1.830168,7.429956,1.156308,-63.967224,0.628251,13.856375,-41.710464,-11.156112,-0.927441,-0.077837,0.362692,0.047430
2341,6.609582,1.825197,7.225179,1.568307,-56.226196,0.275763,14.394413,-43.680069,-11.837567,-0.920809,-0.077613,0.379110,0.048604
2342,6.821784,1.859545,7.077959,1.278382,-49.364113,0.200992,14.916104,-45.328701,-12.480790,-0.914987,-0.077536,0.392828,0.049738
2343,7.007612,1.845944,6.919407,0.516945,-45.048798,-0.053837,15.393311,-46.738361,-13.085377,-0.909827,-0.077352,0.404529,0.050877
2344,7.183627,1.863415,6.753977,0.625286,-43.040680,-0.894622,15.860895,-48.016312,-13.692629,-0.904992,-0.077099,0.415126,0.052117
2345,7.312363,1.858397,6.597503,0.079004,-42.370800,-0.548237,16.338793,-49.231419,-14.317906,-0.900257,-0.076797,0.425189,0.053420
2346,7.457585,1.836320,6.402445,-0.378772,-44.507095,-0.346815,16.806585,-50.470699,-14.954216,-0.895351,-0.076185,0.435376,0.054672
2347,7.598278,1.816398,6.177897,0.031701,-49.116917,-1.178445,17.345789,-51.838234,-15.681157,-0.889807,-0.075411,0.446566,0.055997
2348,7.745367,1.835814,5.902040,0.790086,-54.463757,-1.901733,18.074759,-53.388481,-16.598097,-0.883271,-0.074831,0.459263,0.057529
2349,7.923088,1.845784,5.639774,1.385196,-58.264835,-2.293896,19.030764,-55.103748,-17.732174,-0.875731,-0.074503,0.473326,0.059215
2350,8.130964,1.882068,5.329190,1.810929,-60.164612,-2.582295,20.212238,-56.926624,-19.080233,-0.867373,-0.074363,0.488279,0.060971
2351,8.291873,1.926580,5.008698,2.038292,-60.581192,-2.271007,21.627047,-58.793568,-20.645077,-0.858422,-0.074417,0.503625,0.062745
2352,8.480827,1.933483,4.709288,1.751419,-59.535934,-1.341719,23.200256,-60.646160,-22.360270,-0.849199,-0.074384,0.518832,0.064356
2353,8.630632,1.977651,4.437158,1.559152,-57.935238,-0.896148,24.897318,-62.431648,-24.198381,-0.839980,-0.074184,0.533479,0.065806
2354,8.779694,1.975636,4.136442,0.866383,-57.005951,-0.195748,26.730726,-64.145454,-26.180477,-0.830801,-0.073784,0.547553,0.067165
2355,8.918471,1.957058,3.841965,0.870959,-57.059357,-0.122504,28.729431,-65.828087,-28.340021,-0.821498,-0.073073,0.561361,0.068374
2356,9.044912,1.932406,3.578488,0.783983,-57.123444,0.764059,30.923130,-67.485031,-30.699612,-0.812058,-0.072059,0.574944,0.069353
2357,9.155582,1.944821,3.299576,0.846545,-57.729240,1.275244,33.381290,-69.109566,-33.324169,-0.802471,-0.070827,0.588307,0.070134
2358,9.294196,1.895572,2.996492,0.437597,-58.132084,2.288458,36.174992,-70.719223,-36.289463,-0.792637,-0.069294,0.601604,0.070687
2359,9.373135,1.867893,2.695648,-0.012550,-58.437263,4.180606,39.304958,-72.325386,-39.602036,-0.782589,-0.067219,0.614831,0.070842
2360,9.457104,1.828408,2.407094,-0.729736,-58.180916,6.208560,42.812756,-73.906342,-43.304478,-0.772460,-0.064576,0.627816,0.070584
2361,9.565322,1.795026,2.075705,-1.143261,-56.980003,6.702960,46.865612,-75.428497,-47.562077,-0.762297,-0.061548,0.640473,0.070074
2362,9.623570,1.745373,1.768030,-1.892490,-53.995296,7.795522,51.547943,-76.839470,-52.456375,-0.752312,-0.058287,0.652541,0.069424
2363,9.661984,1.687571,1.497972,-2.803468,-49.374794,9.397745,56.606140,-78.099213,-57.738144,-0.743002,-0.054650,0.663523,0.068545
2364,9.756125,1.621183,1.246178,-3.348224,-42.776695,8.762959,61.769825,-79.164131,-63.131996,-0.734777,-0.050827,0.673019,0.067563
2365,9.767374,1.582959,1.038484,-3.729705,-35.844414,6.605300,66.802422,-79.974480,-68.392761,-0.727881,-0.047347,0.680787,0.066898
2366,9.756202,1.564660,0.896492,-4.214950,-29.966549,5.465435,71.361183,-80.534294,-73.178841,-0.722374,-0.044395,0.686840,0.066750
2367,9.773507,1.550454,0.779711,-4.752075,-25.567307,5.584457,75.221298,-80.930374,-77.271103,-0.718072,-0.041696,0.691488,0.066912
2368,9.717343,1.503869,0.660347,-5.557765,-22.809959,5.749257,78.519394,-81.248550,-80.814659,-0.714581,-0.038954,0.695227,0.067196
2369,9.721214,1.454618,0.528220,-5.168653,-23.804865,6.281805,81.909294,-81.549149,-84.453201,-0.711197,-0.036078,0.698825,0.067385
2370,9.773542,1.410316,0.337915,-4.308032,-26.575943,5.647019,86.351738,-81.833694,-89.123734,-0.707093,-0.033250,0.703118,0.067370
2371,9.797818,1.417785,0.138304,-4.149335,-32.307320,-1.373763,92.584740,-81.918182,-95.572716,-0.701565,-0.031313,0.708653,0.068092
2372,9.761908,1.459197,-0.086217,-2.862981,-40.628189,-9.145300,100.563911,-81.571114,-103.755272,-0.693976,-0.031162,0.715867,0.070436
2373,9.828636,1.559641,-0.355045,-0.587824,-49.512131,-13.564380,109.348343,-80.729767,-112.699043,-0.683993,-0.032732,0.724993,0.073943
2374,9.769302,1.662468,-0.620864,-0.470329,-54.413403,-15.000277,117.478920,-79.474564,-120.963943,-0.672138,-0.035193,0.735463,0.078015
2375,9.683643,1.751539,-0.867727,-1.463706,-56.094967,-12.508440,124.123291,-78.008041,-127.771286,-0.659521,-0.037413,0.746243,0.082180
2376,9.620839,1.759861,-1.141342,-1.941321,-53.499371,-4.117377,129.630768,-76.613739,-133.480072,-0.647222,-0.038085,0.756560,0.085258
2377,9.596282,1.759542,-1.423883,-3.067454,-48.109802,3.005643,134.438934,-75.455475,-138.524796,-0.636065,-0.036630,0.765881,0.086639
2378,9.540650,1.681319,-1.677283,-4.378224,-41.197361,6.652605,138.575134,-74.532349,-142.934448,-0.626475,-0.033551,0.773861,0.086849
2379,9.496982,1.637898,-1.895722,-4.555231,-36.154179,6.509167,142.007065,-73.763069,-146.651031,-0.618323,-0.029869,0.780568,0.086591
2380,9.475923,1.620765,-2.094532,-3.825839,-33.586048,4.479687,144.753616,-73.025696,-149.658432,-0.610995,-0.026598,0.786450,0.086449
2381,9.447275,1.643904,-2.271641,-2.920965,-32.087589,2.294562,146.891769,-72.254402,-152.018875,-0.604015,-0.024179,0.791876,0.086677
2382,9.359296,1.599626,-2.440995,-2.469290,-30.837858,0.262029,148.577972,-71.448967,-153.892654,-0.597202,-0.022491,0.797020,0.087200
2383,9.342262,1.629234,-2.606581,-1.900120,-31.580982,-2.194711,149.929504,-70.589706,-155.403900,-0.590298,-0.021449,0.802086,0.088019
2384,9.336003,1.662579,-2.800420,-1.466757,-33.550949,-2.322887,151.095367,-69.642906,-156.712540,-0.582923,-0.020863,0.807361,0.089068
2385,9.267853,1.650784,-2.989010,-1.338581,-34.928860,-2.087896,152.261322,-68.624542,-158.015259,-0.574980,-0.020259,0.812949,0.090009
2386,9.279240,1.661391,-3.187295,-1.086803,-35.977173,-1.549244,153.441803,-67.567520,-159.329117,-0.566662,-0.019477,0.818709,0.090716
2387,9.304420,1.684219,-3.390059,-0.909794,-35.089081,0.460400,154.617950,-66.527679,-160.638931,-0.558365,-0.018383,0.824373,0.091103
2388,9.201222,1.728307,-3.529166,-1.245499,-31.732046,1.920710,155.681610,-65.576668,-161.848495,-0.550692,-0.016998,0.829521,0.091348
2389,9.118247,1.708703,-3.661491,-2.138165,-27.460979,2.051940,156.532425,-64.760300,-162.864777,-0.544078,-0.015490,0.833863,0.091713
2390,9.069488,1.732608,-3.772932,-2.588312,-23.611071,1.078400,157.134827,-64.077026,-163.644272,-0.538577,-0.014107,0.837381,0.092354
2391,8.971091,1.731476,-3.867140,-3.039987,-20.794214,0.226933,157.506729,-63.489399,-164.196671,-0.533933,-0.013023,0.840258,0.093341
2392,8.900837,1.756093,-3.916914,-3.754121,-19.718437,-1.447007,157.681427,-62.952446,-164.560699,-0.529802,-0.012256,0.842723,0.094752
2393,8.864441,1.780861,-4.004876,-4.628475,-20.318125,-1.892578,157.721634,-62.415558,-164.812393,-0.525759,-0.011673,0.845050,0.096605
2394,8.855419,1.750414,-4.108600,-5.107615,-20.612629,-2.315259,157.769684,-61.862442,-165.087967,-0.521561,-0.010969,0.847436,0.098518
2395,8.827456,1.696892,-4.265757,-4.292771,-20.679770,-1.666741,157.963455,-61.298992,-165.490112,-0.517146,-0.009989,0.849987,0.099915
2396,8.819893,1.686915,-4.476871,-3.126965,-20.943752,0.815940,158.407074,-60.708881,-166.105377,-0.512309,-0.008561,0.852868,0.100412
2397,8.760410,1.685154,-4.601340,-2.319750,-20.452406,2.676043,159.039886,-60.106926,-166.885864,-0.507211,-0.006694,0.855954,0.100175
2398,8.722631,1.641036,-4.717725,-1.109692,-20.215889,2.303717,159.739517,-59.513065,-167.700058,-0.502125,-0.004763,0.859042,0.099474
2399,8.614627,1.663600,-4.791798,0.556619,-21.107029,2.293036,160.433640,-58.897739,-168.462341,-0.496916,-0.003138,0.862183,0.098517
2400,8.560517,1.682474,-4.841627,1.189878,-21.996641,3.146028,161.089142,-58.261566,-169.165649,-0.491594,-0.001730,0.865345,0.097526
2401,8.461989,1.657076,-4.859383,2.035241,-20.841518,3.416117,161.704514,-57.665176,-169.817963,-0.486599,-0.000382,0.868282,0.096473
2402,8.401344,1.622103,-4.970058,3.471137,-21.189428,4.359139,162.347351,-57.100983,-170.465485,-0.481841,0.000943,0.871086,0.095065
2403,8.288736,1.511559,-5.060413,3.938070,-22.858791,6.043761,163.138794,-56.507008,-171.234940,-0.476758,0.002615,0.874099,0.092985
2404,8.234231,1.518011,-5.206141,4.501136,-25.834343,5.482219,164.003189,-55.817135,-172.067459,-0.470904,0.004443,0.877508,0.090607
2405,8.150305,1.498500,-5.339086,3.506233,-27.955379,2.799643,164.739853,-54.995762,-172.777328,-0.464138,0.005806,0.881290,0.088718
2406,8.031166,1.439180,-5.459804,2.486915,-29.833797,-2.296948,165.253952,-54.057339,-173.264679,-0.456616,0.006322,0.885314,0.087641
2407,7.951789,1.429178,-5.610403,3.185788,-30.254950,-6.439835,165.560745,-53.036800,-173.502487,-0.448606,0.005714,0.889450,0.087168
2408,7.931984,1.534452,-5.782724,4.449255,-27.682240,-8.455582,165.688080,-52.027996,-173.502609,-0.440819,0.004016,0.893350,0.087109
2409,7.857170,1.494828,-5.904130,3.890766,-21.798273,-7.395065,165.740067,-51.172291,-173.401657,-0.434260,0.002010,0.896564,0.087102
2410,7.819235,1.471761,-6.022133,4.807847,-16.278999,-3.830503,165.894485,-50.551956,-173.392822,-0.429442,0.000624,0.898949,0.086425
2411,7.847007,1.477905,-6.136482,7.382084,-12.534379,1.385110,166.260757,-50.146397,-173.567291,-0.426149,0.000154,0.900692,0.084563
2412,7.774331,1.536184,-6.158663,8.044335,-10.251594,3.068206,166.729538,-49.878422,-173.833191,-0.423862,0.000204,0.901999,0.082093
2413,7.744016,1.549643,-6.198770,7.348513,-10.424025,1.574325,167.100372,-49.641964,-174.019714,-0.421878,0.000046,0.903111,0.080058
2414,7.757884,1.529171,-6.286437,7.876483,-11.594409,-1.480577,167.350647,-49.360130,-174.070801,-0.419631,-0.000772,0.904293,0.078502
2415,7.661515,1.554847,-6.295958,8.203032,-10.861965,-5.835569,167.444565,-49.030640,-173.914429,-0.417148,-0.002698,0.905528,0.077456
2416,7.513468,1.577875,-6.242181,4.519447,-8.266366,-10.311110,167.248154,-48.712894,-173.479431,-0.414951,-0.005765,0.906502,0.077694
2417,7.491378,1.483209,-6.255496,1.881122,-5.313700,-12.326854,166.849472,-48.476479,-172.890137,-0.413521,-0.009249,0.907020,0.078925
2418,7.463543,1.410795,-6.266316,3.046929,-0.003480,-7.337080,166.585968,-48.412231,-172.433044,-0.413356,-0.011990,0.907020,0.079421
2419,7.399144,1.467328,-6.176155,3.321596,6.115481,-0.325452,166.561111,-48.663746,-172.236786,-0.415470,-0.013159,0.906103,0.078670
2420,7.406989,1.433067,-6.119899,3.056085,9.460309,5.183139,166.729675,-49.198898,-172.296249,-0.419607,-0.012681,0.904341,0.077046
2421,7.482243,1.341925,-6.077471,6.994498,10.757347,8.932338,167.165771,-49.785954,-172.600281,-0.423958,-0.011221,0.902569,0.074179
2422,7.517900,1.373213,-5.976277,10.809312,11.343301,12.551833,167.833984,-50.360096,-173.058990,-0.428098,-0.009471,0.900959,0.070113
2423,7.728662,1.281541,-6.150222,8.802720,4.369823,6.850976,168.528122,-50.821209,-173.510681,-0.431379,-0.008051,0.899720,0.065965
2424,7.826905,1.094845,-6.206086,7.765090,-6.958648,0.043822,169.104645,-50.894859,-173.820801,-0.431741,-0.007715,0.899793,0.062547
2425,7.870545,1.025676,-6.282014,6.608439,-18.184881,-2.437333,169.595840,-50.508057,-174.040726,-0.428563,-0.008189,0.901493,0.059807
2427,7.683497,1.106285,-6.462372,2.728011,-26.858240,-2.068059,169.974976,-49.700073,-174.251587,-0.422086,-0.008655,0.904645,0.058192
2428,7.448253,1.035078,-6.685789,-0.925055,-33.512802,-3.212502,170.233414,-48.498718,-174.481827,-0.412480,-0.008808,0.909087,0.057827
2429,7.058171,1.089637,-6.654553,-0.392507,-31.272743,-0.537556,170.456131,-47.148201,-174.744858,-0.401625,-0.008637,0.913932,0.057896
2430,6.798595,1.207076,-6.777870,0.338411,-25.333843,2.839317,170.650543,-45.910950,-175.018814,-0.391612,-0.008125,0.918259,0.058082
2431,6.575665,1.230041,-6.914401,1.324160,-18.544998,1.079925,170.773895,-44.846886,-175.213257,-0.382986,-0.007826,0.921873,0.058402
2432,6.566836,1.193088,-7.033893,2.215300,-15.148290,-1.242534,170.839584,-43.958347,-175.278717,-0.375808,-0.008212,0.924805,0.058621
2433,6.640331,1.196263,-7.131741,1.000663,-13.790215,-2.718103,170.852127,-43.230743,-175.258102,-0.369953,-0.008986,0.927139,0.058883
2434,6.683027,1.175501,-7.206232,-0.235335,-15.081149,-3.719110,170.805618,-42.594589,-175.196121,-0.364850,-0.009836,0.929115,0.059438
2435,6.659380,1.171481,-7.251117,-2.359424,-16.748985,-5.269450,170.698944,-41.969536,-175.107147,-0.359847,-0.010714,0.930993,0.060395
2436,6.606878,1.209723,-7.298311,-4.234787,-19.991577,-4.198251,170.533310,-41.299671,-175.028549,-0.354471,-0.011372,0.932947,0.061902
2437,6.518511,1.247645,-7.292411,-5.489097,-23.217384,-2.809659,170.351974,-40.562157,-175.019119,-0.348499,-0.011492,0.935065,0.063799
2438,6.378520,1.299184,-7.362914,-5.754609,-26.437086,-0.272045,170.200287,-39.737087,-175.109879,-0.341740,-0.010973,0.937423,0.065811
2439,6.218009,1.353867,-7.460669,-6.056741,-28.870935,1.531599,170.093643,-38.800705,-175.304398,-0.333985,-0.009839,0.940084,0.067814
2440,6.062188,1.309110,-7.561841,-5.020639,-30.941616,3.519880,170.083832,-37.774750,-175.611832,-0.325392,-0.008131,0.942996,0.069367
2441,5.942950,1.270354,-7.670559,-2.956061,-33.679127,5.698902,170.245331,-36.681461,-176.056976,-0.316119,-0.005799,0.946126,0.069870
2442,5.792812,1.231344,-7.798032,-1.765839,-37.516830,6.719746,170.545105,-35.493252,-176.605469,-0.305963,-0.003003,0.949501,0.069462
2443,5.659625,1.185230,-7.990133,-1.198194,-41.655140,7.060026,170.919769,-34.169025,-177.209641,-0.294616,0.000047,0.953157,0.068511
2444,5.404618,1.135841,-8.083093,-0.775514,-46.499954,6.330635,171.320145,-32.676525,-177.823822,-0.281829,0.003113,0.957098,0.067278
2445,5.180902,1.190721,-8.281168,-0.514580,-52.892056,6.467968,171.684647,-30.965515,-178.416870,-0.267186,0.006074,0.961350,0.066186
2446,4.878703,1.209245,-8.470822,-1.459128,-58.542561,5.970517,171.967209,-29.011564,-178.981995,-0.250455,0.008964,0.965862,0.065587
2447,4.580419,1.197983,-8.670217,-1.298906,-62.879230,5.705005,172.194260,-26.857258,-179.526749,-0.231967,0.011799,0.970461,0.065247
2448,4.233669,1.153913,-8.919338,-0.636655,-64.800377,5.984250,172.431412,-24.572969,179.925781,-0.212294,0.014676,0.974956,0.064626
2449,3.909071,1.184604,-9.088339,-0.716003,-62.177311,6.869287,172.657455,-22.295115,179.379639,-0.192597,0.017680,0.979038,0.063867
2450,3.613733,1.158803,-9.243903,-1.533899,-56.677876,6.312324,172.824371,-20.187551,178.869141,-0.174300,0.020664,0.982437,0.063333
2451,3.374844,1.114660,-9.397197,-4.040994,-49.205418,5.950679,172.919189,-18.352270,178.408356,-0.158304,0.023532,0.985087,0.063167
2452,3.137441,1.087230,-9.476874,-6.636593,-40.684650,4.554458,172.917801,-16.840591,178.011642,-0.145072,0.026174,0.987026,0.063625
2453,2.934204,1.140791,-9.399227,-7.596401,-33.451763,2.137392,172.803772,-15.644227,177.721924,-0.134567,0.028194,0.988377,0.064862
2454,2.797944,1.130500,-9.417100,-7.831392,-31.223911,0.358162,172.628647,-14.658470,177.528091,-0.125902,0.029548,0.989371,0.066489
2455,2.613321,1.176941,-9.377298,-7.907689,-31.887693,-0.890045,172.436066,-13.720543,177.386597,-0.117664,0.030468,0.990241,0.068189
2456,2.410785,1.261440,-9.372132,-7.459066,-34.919704,-2.919526,172.207550,-12.700704,177.296738,-0.108728,0.030903,0.991114,0.070117
2457,2.233036,1.325095,-9.386713,-8.101481,-37.835747,-5.124487,171.932571,-11.557046,177.266953,-0.098736,0.030749,0.992003,0.072361
2458,2.014733,1.402156,-9.420738,-9.656400,-41.014252,-7.086828,171.591400,-10.290184,177.289474,-0.087685,0.030066,0.992857,0.075113
2459,1.754840,1.485417,-9.486983,-10.224043,-43.965389,-7.898621,171.195099,-8.882851,177.336212,-0.075412,0.029048,0.993649,0.078305
2460,1.520610,1.555399,-9.625998,-10.782532,-45.778191,-7.961183,170.783859,-7.367574,177.373001,-0.062188,0.027962,0.994328,0.081620
2461,1.301942,1.598526,-9.736469,-9.833405,-44.719196,-6.625998,170.409195,-5.848778,177.371201,-0.048911,0.027092,0.994842,0.084633
2462,1.070607,1.671217,-9.828200,-7.648282,-41.661243,-5.075657,170.111526,-4.425761,177.321289,-0.036445,0.026597,0.995186,0.086998
2463,0.864346,1.680110,-9.857268,-5.498253,-37.927303,-3.304059,169.909058,-3.148367,177.228195,-0.025230,0.026499,0.995400,0.088549
2464,0.704930,1.731634,-9.859076,-4.633053,-34.153690,-2.502948,169.768570,-2.041855,177.110291,-0.015493,0.026699,0.995502,0.089572
2465,0.506444,1.711215,-9.772133,-3.458090,-30.872952,-2.400711,169.665359,-1.078339,176.996262,-0.007008,0.026949,0.995528,0.090275
2466,0.338550,1.725579,-9.687728,-1.887914,-30.303782,-2.904265,169.612869,-0.177677,176.899124,0.000906,0.027086,0.995525,0.090529
2467,0.158204,1.709123,-9.667223,-0.065959,-33.560104,-1.846800,169.619400,0.774325,176.784943,0.009265,0.027326,0.995502,0.090238
2468,-0.045917,1.704888,-9.698873,1.980307,-37.579391,-0.949556,169.699005,1.865505,176.618317,0.018855,0.027923,0.995440,0.089243
2469,-0.274001,1.641071,-9.697079,4.597269,-41.340801,-0.369704,169.873291,3.111992,176.408447,0.029799,0.028808,0.995317,0.087334
2470,-0.535777,1.608695,-9.683677,7.133357,-46.387035,0.779318,170.144196,4.533430,176.151733,0.042265,0.030030,0.995077,0.084463
2471,-0.823187,1.570846,-9.768576,7.949727,-51.901730,1.368325,170.461014,6.157481,175.845734,0.056496,0.031604,0.994607,0.081033
2472,-1.174355,1.542078,-9.692939,8.045861,-55.621937,0.976163,170.768082,7.977911,175.520081,0.072423,0.033270,0.993801,0.077510
2473,-1.524565,1.526967,-9.631054,6.950246,-59.854858,0.336800,171.014633,9.979034,175.195740,0.089901,0.034819,0.992562,0.074332
2474,-1.890536,1.481761,-9.603004,5.746291,-63.727650,0.387155,171.190689,12.140524,174.863724,0.108752,0.036311,0.990824,0.071568
2475,-2.229735,1.477897,-9.679161,3.770218,-62.596939,-0.607748,171.297607,14.335653,174.542694,0.127859,0.037642,0.988654,0.069268
2476,-2.538956,1.409534,-9.554590,3.220885,-55.678394,-0.630637,171.367355,16.358801,174.262650,0.145420,0.038703,0.986319,0.067304
2477,-2.758512,1.395633,-9.527331,1.444707,-46.493847,-1.491259,171.417999,18.048660,174.043518,0.160042,0.039449,0.984133,0.065669
2478,-2.945907,1.345284,-9.440357,-0.105632,-36.231998,-1.903259,171.441498,19.336643,173.901062,0.171152,0.039783,0.982323,0.064544
2479,-3.099694,1.382241,-9.375994,-2.562373,-26.952847,-2.592977,171.410629,20.248642,173.826691,0.179006,0.039714,0.980949,0.064174
2480,-3.203964,1.390897,-9.215468,-4.652891,-21.796745,-2.502948,171.288040,20.897812,173.789825,0.184615,0.039361,0.979883,0.064788
2481,-3.317924,1.425130,-9.150375,-7.465169,-21.224525,-3.310162,171.071671,21.456995,173.771729,0.189471,0.038746,0.978880,0.066280
2482,-3.456058,1.476800,-9.088655,-7.983985,-23.391336,-4.244028,170.787491,22.073093,173.769135,0.194819,0.037819,0.977725,0.068336
2483,-3.584093,1.512232,-9.046836,-8.783570,-26.795677,-4.500383,170.472488,22.814436,173.763596,0.201234,0.036736,0.976307,0.070565
2484,-3.718864,1.549573,-8.962606,-10.495657,-29.813959,-5.267924,170.114426,23.684683,173.751404,0.208748,0.035488,0.974591,0.073058
2485,-3.897333,1.592993,-8.871471,-10.997688,-32.481277,-6.023257,169.719193,24.681190,173.740402,0.217324,0.034002,0.972560,0.075774
2486,-4.046871,1.627870,-8.766175,-10.857301,-34.356636,-6.122443,169.317474,25.775221,173.722107,0.226707,0.032415,0.970257,0.078446
2487,-4.206927,1.637739,-8.663422,-12.001746,-34.388683,-5.690606,168.907593,26.901648,173.689331,0.236345,0.030835,0.967787,0.081111
2488,-4.366120,1.647671,-8.536914,-11.125865,-32.548416,-5.788265,168.516083,27.999395,173.659363,0.245703,0.029226,0.965290,0.083616
2489,-4.559608,1.718571,-8.351401,-8.016029,-31.556564,-6.091924,168.187042,29.079014,173.635406,0.254859,0.027656,0.962785,0.085593
2490,-4.728853,1.730214,-8.185194,-6.604549,-33.912594,-6.220102,167.911118,30.224508,173.597900,0.264534,0.026199,0.960085,0.087022
2491,-4.961320,1.799503,-8.227050,-1.511010,-38.757408,-5.917968,167.716324,31.496042,173.517990,0.275239,0.025110,0.957051,0.087553
2492,-5.141098,1.698001,-8.170065,1.492011,-42.120548,-5.681450,167.673965,32.882137,173.412750,0.286844,0.024450,0.953739,0.086631
2493,-5.342782,1.732004,-8.063785,3.146114,-43.829582,-6.470354,167.730957,34.337692,173.311432,0.298955,0.023926,0.950190,0.084806
2494,-5.518765,1.705140,-8.147169,4.388218,-43.907406,-6.445939,167.831360,35.762882,173.215149,0.310753,0.023511,0.946600,0.082628
2495,-5.665136,1.660348,-8.144419,6.265106,-37.883057,-5.577688,168.018188,36.985844,173.147507,0.320807,0.023322,0.943476,0.079952
2496,-5.784128,1.562433,-7.921010,3.626781,-28.472670,-5.264874,168.244980,37.915173,173.143341,0.328374,0.023051,0.941093,0.077349
2497,-5.904404,1.569541,-7.805718,3.893818,-21.641102,-5.199257,168.454437,38.586990,173.195541,0.333786,0.022553,0.939369,0.075259
2498,-5.991096,1.555193,-7.789664,5.178647,-16.971771,-4.463762,168.673340,39.055149,173.260681,0.337521,0.022198,0.938198,0.073295
2499,-6.049636,1.446153,-7.608755,5.431951,-12.644245,-3.366621,168.931702,39.389782,173.336395,0.340150,0.022017,0.937417,0.071149
2500,-6.118660,1.371844,-7.510058,5.204588,-11.054231,-3.676384,169.228683,39.683876,173.443024,0.342424,0.021750,0.936769,0.068817
2501,-6.181698,1.398497,-7.503913,5.555551,-11.797357,-4.652976,169.525864,39.993088,173.568695,0.344811,0.021328,0.936068,0.066537
2502,-6.247673,1.443155,-7.494490,5.416691,-12.422986,-4.717066,169.762558,40.326908,173.664978,0.347428,0.020955,0.935240,0.064653
2503,-6.316545,1.372528,-7.453037,4.087610,-12.815148,-3.986146,169.937210,40.686325,173.727661,0.350283,0.020656,0.934284,0.063162
2504,-6.398043,1.265097,-7.414379,2.909596,-13.262245,-4.265392,170.117905,41.083813,173.814957,0.353430,0.020152,0.933208,0.061677
2505,-6.469089,1.315454,-7.425185,3.033196,-14.269357,-5.531909,170.304214,41.513157,173.934555,0.356817,0.019387,0.932029,0.060232
2506,-6.535256,1.299351,-7.315365,2.694440,-13.987060,-5.217569,170.450516,41.965057,174.041489,0.360398,0.018594,0.930741,0.059067
2507,-6.605517,1.258269,-7.204718,2.081018,-14.475357,-4.639243,170.556793,42.456390,174.121704,0.364314,0.017868,0.929289,0.058125
2508,-6.687504,1.191408,-7.103863,0.664959,-15.892942,-4.569050,170.636887,43.016861,174.195709,0.368791,0.017062,0.927585,0.057336
2509,-6.764546,1.246571,-7.042488,1.235656,-18.714378,-4.088384,170.664383,43.663315,174.228500,0.373980,0.016354,0.925552,0.056786
2510,-6.828707,1.162209,-6.912951,0.274322,-21.435101,-2.100102,170.623581,44.405445,174.178146,0.379977,0.016015,0.923133,0.056449
2511,-6.908098,1.160606,-6.857751,-0.537470,-23.868954,-1.591970,170.527390,45.226082,174.068954,0.386623,0.015889,0.920381,0.056296
2512,-6.970478,1.105298,-6.756207,0.080530,-25.668020,-1.234903,170.424057,46.094059,173.937546,0.393636,0.015859,0.917418,0.056069
2513,-7.043812,1.126148,-6.668293,1.636974,-26.672079,-0.328504,170.337662,46.982601,173.771332,0.400803,0.016128,0.914336,0.055547
2514,-7.136606,1.080878,-6.596365,-0.163618,-26.339428,0.463451,170.221008,47.850658,173.564789,0.407806,0.016607,0.911253,0.055108
2515,-7.222557,1.057922,-6.564733,1.806352,-25.423872,0.873925,170.125519,48.657528,173.359894,0.414296,0.017178,0.908345,0.054520
2516,-7.326899,1.000666,-6.443700,7.653698,-23.861324,3.168917,170.158798,49.401634,173.129486,0.420261,0.018458,0.905675,0.052840
2517,-7.380641,0.989441,-6.335835,11.967489,-20.991056,4.810813,170.318970,50.068699,172.834579,0.425606,0.020779,0.903290,0.049957
2518,-7.415350,0.921957,-6.169412,14.854541,-17.806450,4.990872,170.588013,50.644554,172.525391,0.430195,0.023705,0.901241,0.046217
2519,-7.497652,1.001164,-6.201577,20.523354,-16.124882,3.721302,170.986740,51.130173,172.228989,0.434016,0.027110,0.899537,0.041567
2520,-7.613023,0.981030,-6.134938,20.717146,-13.195105,3.071258,171.452484,51.532455,171.939194,0.437137,0.030807,0.898127,0.036478
2521,-7.693582,0.877959,-6.107841,17.726332,-11.006927,1.084503,171.952164,51.880871,171.749771,0.439767,0.033911,0.896917,0.031550
2522,-7.800575,0.829087,-6.147868,16.333162,-10.219550,-1.653007,172.519775,52.190086,171.725800,0.442007,0.036034,0.895888,0.026763
2523,-7.896962,0.807780,-6.202708,15.286376,-10.062380,-3.145362,173.123047,52.472267,171.808426,0.443991,0.037504,0.894972,0.022143
2524,-7.923939,0.798729,-6.022543,11.476140,-9.432172,-2.936311,173.609833,52.772152,171.878891,0.446148,0.038627,0.893936,0.018383
2525,-7.911461,0.812258,-5.951613,8.299165,-11.641713,-1.178445,173.840683,53.134430,171.818329,0.448891,0.039746,0.892557,0.016070
2526,-7.888912,0.784025,-5.770505,2.361788,-16.251534,0.350533,173.771118,53.629425,171.598846,0.452782,0.040832,0.890553,0.015364
2527,-7.845633,0.689728,-5.573564,-5.086253,-22.889309,2.244206,173.404861,54.353722,171.272003,0.458554,0.041384,0.887552,0.016326
2528,-7.849902,0.848859,-5.404104,-10.065347,-29.235632,1.459881,172.704590,55.312672,170.810928,0.466252,0.041372,0.883478,0.019065
2530,-7.966197,0.749860,-5.311871,-13.123302,-34.768639,3.748769,171.768433,56.458027,170.228378,0.475449,0.041022,0.878490,0.022825
2531,-8.132666,0.795301,-5.095683,-13.317094,-37.722828,3.144503,170.773117,57.760170,169.601669,0.485815,0.040404,0.872725,0.026515
2532,-8.251879,0.815270,-4.923886,-11.620263,-39.401348,2.697406,169.788437,59.158928,168.952713,0.496838,0.039653,0.866427,0.029710
2533,-8.488574,0.866419,-4.731882,-9.168102,-40.489330,0.736592,168.893784,60.614727,168.326096,0.508162,0.038807,0.859790,0.032030
2534,-8.669055,0.794554,-4.543631,-6.911259,-43.261940,-1.089940,168.190338,62.162014,167.812729,0.519962,0.037622,0.852718,0.033098
2535,-8.814333,0.869196,-4.269526,-5.193067,-45.404339,-5.962220,167.706924,63.825821,167.471939,0.532370,0.035823,0.845110,0.032998
2536,-8.836176,0.774306,-4.180770,-4.707823,-47.586411,-8.582233,167.478622,65.526131,167.372330,0.544761,0.033270,0.837320,0.031988
2537,-8.923785,0.818305,-3.970378,-2.315172,-47.777153,-10.375196,167.468063,67.181610,167.453171,0.556594,0.030459,0.829674,0.030279
2538,-8.993203,0.875206,-3.745226,-0.505425,-45.979614,-9.694633,167.409409,68.759872,167.436676,0.567805,0.028211,0.822184,0.028542
2539,-9.104961,0.779261,-3.475538,0.922841,-42.711082,-5.823361,167.172531,70.227737,167.183228,0.578231,0.026877,0.814983,0.027008
2540,-9.230404,0.805357,-3.224820,2.021507,-39.987305,-3.651970,166.680298,71.595520,166.620285,0.587981,0.026475,0.808031,0.025744
2541,-9.337363,0.887745,-2.861710,2.535744,-38.902370,-0.862578,165.651199,72.930565,165.495819,0.597644,0.027093,0.800907,0.025197
2542,-9.402884,0.951108,-2.604810,1.205137,-38.420177,1.723865,163.845703,74.256981,163.607437,0.607483,0.028593,0.793402,0.025680
2543,-9.406819,0.861855,-2.473808,0.663434,-38.035645,6.727375,161.338867,75.485222,161.026108,0.616887,0.030727,0.785991,0.026898
2544,-9.414658,0.883236,-2.355426,-0.271958,-35.148594,8.335701,158.353653,76.523880,157.966370,0.625208,0.033238,0.779229,0.028491
2545,-9.414594,0.855418,-2.186897,-0.723632,-31.201023,9.158175,155.192307,77.358559,154.745316,0.632267,0.035680,0.773339,0.030197
2546,-9.535654,0.897861,-1.957467,0.347567,-27.505232,9.277196,151.972122,78.057961,151.454391,0.638490,0.038035,0.768037,0.031680
2547,-9.619250,0.842612,-1.839075,0.362826,-26.876553,7.984737,148.835968,78.705826,148.230179,0.644318,0.040041,0.763013,0.032601
2548,-9.639421,0.904679,-1.591954,-0.529840,-27.608995,3.587021,145.796661,79.412361,145.124054,0.650338,0.041122,0.757819,0.032857
2549,-9.753930,0.903172,-1.323862,-0.511529,-30.796656,-0.532978,142.432892,80.292763,141.721252,0.657363,0.041146,0.751753,0.032395
2550,-9.806158,1.024928,-1.175911,-2.081705,-35.725395,-4.987154,138.149887,81.332672,137.433411,0.665494,0.040306,0.744649,0.031489
2551,-9.893922,1.062870,-0.999610,-4.297349,-39.775200,-7.419479,132.207672,82.431046,131.552399,0.674397,0.038783,0.736710,0.030714
2552,-9.887311,1.050342,-0.809067,-5.920934,-42.677509,-5.882872,123.630768,83.458870,123.094940,0.683762,0.036994,0.728133,0.030392
2553,-10.018527,1.151816,-0.581646,-7.057748,-44.101196,-4.520221,111.406494,84.216194,111.029739,0.693291,0.035578,0.719114,0.030935
2554,-10.045837,1.189157,-0.356166,-9.235244,-46.530472,-0.066045,95.758774,84.494125,95.589661,0.702932,0.034838,0.709648,0.032753
2555,-9.946164,1.021991,-0.064159,-9.357318,-50.114868,6.867760,79.075722,84.187729,79.142174,0.712971,0.034796,0.699424,0.035614
2556,-9.721703,0.886316,0.128093,-8.894961,-53.336098,10.128663,64.577011,83.385208,64.864380,0.723348,0.035118,0.688506,0.038659
2557,-9.643577,0.910720,0.430107,-6.683896,-53.076691,9.464885,53.545235,82.272438,54.006561,0.733651,0.035598,0.677337,0.041278
2558,-9.676785,1.011948,0.772339,-4.601008,-52.226749,7.732959,45.425468,80.968971,45.991119,0.743778,0.036368,0.666029,0.043328
2559,-9.644617,1.144735,1.105079,-4.189009,-51.578232,6.861657,39.507870,79.518944,40.136036,0.753744,0.037500,0.654537,0.045220
2560,-9.657865,1.254631,1.417045,-4.324816,-50.085876,8.205997,35.380177,77.960091,36.066441,0.763400,0.039087,0.642990,0.047510
2561,-9.618074,1.250098,1.797722,-5.248001,-48.179996,9.203951,32.375122,76.348625,33.144760,0.772751,0.040760,0.631407,0.050191
2562,-9.526827,1.333442,2.087665,-6.302415,-48.376842,7.606308,29.888323,74.711975,30.776604,0.781984,0.042068,0.619620,0.052933
2563,-9.271659,1.255794,2.356738,-6.720519,-48.624043,7.079864,27.628447,73.063721,28.659086,0.791186,0.042825,0.607553,0.055406
2564,-9.042388,1.244520,2.567827,-5.527245,-46.211552,4.700946,25.545334,71.470741,26.707170,0.800056,0.043054,0.595638,0.057205
2565,-8.948854,1.260861,2.839291,-5.196119,-41.420147,0.585525,23.649137,70.025414,24.911175,0.808135,0.042757,0.584563,0.058096
2566,-9.007174,1.424741,3.037161,-6.764771,-36.386116,-0.526874,22.115913,68.759064,23.485945,0.815082,0.042195,0.574806,0.058813
2567,-9.063256,1.098651,3.329725,-9.064341,-32.070805,1.679614,20.701263,67.669273,22.269852,0.821068,0.040655,0.566248,0.059647
2568,-9.168113,1.091799,3.470754,-8.733214,-31.974669,-0.822904,19.126364,66.713158,20.952902,0.826537,0.037863,0.558400,0.059941
2569,-9.197653,1.046081,3.673974,-6.381763,-35.563644,-3.120948,17.520416,65.759865,19.542477,0.832004,0.034987,0.550471,0.059385
2570,-9.130555,1.048882,3.827018,-2.898076,-39.996456,-3.044651,16.022951,64.682137,18.126047,0.837932,0.032837,0.541672,0.058160
2571,-8.994918,0.953422,4.038291,1.360782,-44.670368,-3.114844,14.711930,63.435726,16.759451,0.844449,0.031762,0.531715,0.056354
2572,-8.890615,1.273101,4.185246,4.168484,-50.488716,-4.002933,13.795942,61.990482,15.629257,0.851511,0.032484,0.520490,0.054436
2573,-8.671472,1.272878,4.457582,3.568796,-54.990200,-0.090460,13.328751,60.318123,14.878636,0.859112,0.034889,0.507799,0.053378
2574,-8.539646,1.289402,4.733716,0.277374,-58.670734,4.235539,13.034027,58.440186,14.387959,0.867224,0.037538,0.493598,0.053618
2575,-8.284742,1.244475,5.056933,-3.429098,-62.889912,5.894220,12.704396,56.377014,14.003845,0.875825,0.039560,0.477860,0.054912
2576,-8.038151,1.281477,5.368843,-6.380238,-66.846642,4.139406,12.202885,54.134480,13.556441,0.884948,0.040584,0.460467,0.056477
2577,-7.793194,1.271383,5.690955,-8.070963,-68.897484,2.087036,11.552464,51.781162,13.013505,0.894276,0.040728,0.441899,0.057765
2578,-7.573335,1.255056,6.039499,-9.339005,-70.312019,0.207096,10.799797,49.373440,12.397300,0.903528,0.040109,0.422605,0.058598
2579,-7.274645,1.199502,6.371127,-8.865970,-71.316078,-3.278118,9.969891,46.927242,11.689882,0.912616,0.038900,0.402716,0.058644
2580,-7.072269,1.211268,6.690126,-7.753571,-71.535812,-7.153968,9.124622,44.484306,10.889662,0.921354,0.037489,0.382606,0.057576
2581,-6.849735,1.200923,6.987250,-5.666105,-71.117699,-8.988129,8.370381,42.092556,10.072037,0.929509,0.036409,0.362761,0.055600
2582,-6.546597,1.164920,7.255650,-3.836520,-70.202156,-8.888945,7.759202,39.746635,9.306146,0.937065,0.035907,0.343207,0.053192
2583,-6.254100,1.121533,7.495315,-2.127483,-67.072472,-7.861998,7.296773,37.476112,8.632448,0.943936,0.035962,0.324217,0.050744
2584,-5.990395,1.119797,7.694595,-1.080698,-61.774467,-7.251627,6.974530,35.372860,8.060327,0.949917,0.036496,0.306568,0.048402
2585,-5.713873,1.071437,7.864813,-0.181929,-55.855404,-6.630576,6.749507,33.489513,7.565595,0.954973,0.037273,0.290701,0.046144
2586,-5.477281,0.999729,8.067740,0.024072,-50.503983,-5.992739,6.552114,31.811106,7.113887,0.959265,0.037879,0.276487,0.043937
2587,-5.297067,0.977075,8.249647,0.515418,-46.548782,-5.393051,6.371310,30.305122,6.699421,0.962944,0.038298,0.263674,0.041811
2588,-5.070848,0.971948,8.364626,1.038812,-44.401806,-5.063450,6.233944,28.915369,6.323912,0.966177,0.038822,0.251820,0.039778
2589,-4.884151,0.995011,8.542447,-0.508476,-44.331612,-5.838620,6.103870,27.560066,5.959623,0.969188,0.039274,0.240224,0.037752
2590,-4.691031,0.989610,8.675745,-1.285173,-44.682575,-5.669243,5.951437,26.196028,5.596236,0.972085,0.039454,0.228510,0.035733
2591,-4.446967,0.962633,8.745548,-1.456077,-44.597126,-4.271494,5.802361,24.820009,5.266450,0.974853,0.039518,0.216675,0.033946
2592,-4.220057,0.932794,8.836136,-2.524224,-43.913509,-3.769465,5.646689,23.446033,4.974649,0.977466,0.039377,0.204836,0.032443
2593,-4.033284,0.903169,8.950696,-3.622890,-42.590530,-4.240977,5.452108,22.110043,4.688406,0.979886,0.038805,0.193284,0.030986
2594,-3.815700,0.843260,9.010095,-2.240403,-40.841820,-2.486163,5.259867,20.833208,4.429215,0.982070,0.038116,0.182223,0.029676
2595,-3.580532,0.769660,9.077435,-0.891484,-40.287910,0.332222,5.115294,19.581738,4.248201,0.984058,0.037648,0.171396,0.028905
2596,-3.385418,0.828814,9.183023,-1.277544,-41.508652,1.342385,5.023185,18.301699,4.141336,0.985932,0.037495,0.160341,0.028673
2597,-3.190775,0.849003,9.293032,-1.463706,-42.349438,1.707081,4.970753,16.982153,4.071521,0.987712,0.037622,0.148947,0.028702
2598,-2.966479,0.886897,9.390643,-1.782624,-41.972534,1.395792,4.937289,15.647896,4.010942,0.989371,0.037886,0.137413,0.028777
2599,-2.748011,0.852530,9.472411,-2.791262,-41.748222,0.553481,4.879302,14.318081,3.932608,0.990903,0.037938,0.125887,0.028712
2600,-2.545502,0.852256,9.563570,-5.373127,-40.487808,-3.047703,4.732821,13.022557,3.779028,0.992317,0.037265,0.114593,0.028052
2601,-2.343320,0.781564,9.620907,-6.087259,-38.128727,-7.344708,4.488477,11.807513,3.496596,0.993593,0.035798,0.103919,0.026298
2602,-2.141888,0.768204,9.656887,-5.394489,-36.116028,-11.281596,4.214567,10.682906,3.084635,0.994716,0.034094,0.093980,0.023358
2603,-1.949286,0.739802,9.679487,-4.443838,-35.577377,-13.886352,3.974330,9.609969,2.575244,0.995700,0.032664,0.084469,0.019475
2604,-1.751529,0.724673,9.671663,-3.841097,-35.369850,-14.940764,3.777560,8.549438,2.013860,0.996566,0.031554,0.075064,0.015059
2605,-1.542441,0.721346,9.673055,-3.880772,-35.778801,-13.962646,3.623301,7.471601,1.459105,0.997322,0.030715,0.065520,0.010640
2606,-1.356168,0.729573,9.742451,-3.755646,-36.134342,-12.003359,3.510844,6.363664,0.959262,0.997969,0.030120,0.055733,0.006654
2607,-1.149450,0.674870,9.793566,-3.897556,-35.542286,-9.841122,3.411639,5.243162,0.530248,0.998506,0.029525,0.045856,0.003259
2608,-0.968141,0.619105,9.862539,-3.935705,-33.994999,-7.485094,3.292653,4.147647,0.177327,0.998933,0.028655,0.036217,0.000506
2609,-0.787345,0.601321,9.972506,-3.274980,-31.480268,-5.368636,3.177642,3.117674,-0.096813,0.999245,0.027739,0.027170,-0.001598
2610,-0.654853,0.574235,10.048719,-0.430654,-28.172064,-4.410355,3.122607,2.198221,-0.313403,0.999440,0.027294,0.019100,-0.003256
2611,-0.490568,0.575184,10.001087,1.359256,-24.714315,-4.250132,3.149475,1.406765,-0.505241,0.999536,0.027533,0.012150,-0.004744
2612,-0.346577,0.576169,9.947302,2.320589,-21.572433,-4.242503,3.229630,0.723832,-0.688862,0.999564,0.028217,0.006145,-0.006187
2613,-0.223384,0.586670,9.879742,2.859240,-18.366467,-5.006991,3.336738,0.145106,-0.880413,0.999545,0.029123,0.001042,-0.007717
2614,-0.122204,0.574827,9.788818,4.415684,-14.357862,-5.734857,3.471062,-0.312823,-1.091248,0.999493,0.030259,-0.003017,-0.009436
2615,-0.052401,0.613522,9.721670,5.363284,-9.938779,-5.713495,3.646661,-0.625798,-1.306733,0.999416,0.031753,-0.005821,-0.011223
2616,-0.057375,0.640968,9.749473,4.740706,-5.183996,-6.384902,3.834608,-0.758576,-1.524326,0.999333,0.033365,-0.007061,-0.013073
2617,-0.100059,0.748995,9.837738,3.391788,-1.080783,-6.116339,4.015037,-0.695053,-1.739520,0.999256,0.034934,-0.006593,-0.014958
2618,-0.112107,0.782088,9.876967,2.999625,1.401898,-4.279125,4.226049,-0.408867,-1.912533,0.999177,0.036806,-0.004180,-0.016546
2619,-0.138121,0.818702,9.925575,1.478278,2.308298,-2.710473,4.434470,0.001169,-2.024124,0.999095,0.038683,-0.000673,-0.017650
2620,-0.153443,0.804304,10.006790,-0.925055,1.444624,-1.892578,4.519411,0.288263,-2.095489,0.999050,0.039468,0.001792,-0.018370
2621,-0.126114,0.786849,9.998891,-1.242446,-0.510087,-0.053837,4.491187,0.422228,-2.126636,0.999050,0.039244,0.002954,-0.018687
2622,-0.101842,0.698104,9.973149,-1.414877,-2.487686,0.582474,4.379329,0.450867,-2.122329,0.999088,0.038274,0.003223,-0.018656
2623,-0.095286,0.697841,9.967484,-2.338061,-2.768457,-0.297985,4.201888,0.397409,-2.125163,0.999148,0.036718,0.002785,-0.018659
2624,-0.090245,0.695679,9.960712,-3.229202,-2.249642,-1.295941,4.045178,0.336674,-2.158240,0.999193,0.035342,0.002271,-0.018925
2625,-0.088929,0.703851,9.909986,-3.189529,-1.808650,-1.952089,3.925253,0.292749,-2.217079,0.999221,0.034290,0.001890,-0.019423
2626,-0.090068,0.669702,9.905948,-3.215469,-1.530931,-2.711999,3.815419,0.269350,-2.298454,0.999240,0.033330,0.001681,-0.020124
2627,-0.068929,0.658290,9.863338,-2.257187,-0.798487,-2.600607,3.720137,0.260244,-2.389421,0.999252,0.032499,0.001593,-0.020913
2628,-0.071954,0.633974,9.872739,-1.587306,-0.893094,-1.930725,3.649772,0.266510,-2.466658,0.999257,0.031887,0.001639,-0.021587
2629,-0.065635,0.626829,9.882390,-0.949470,-1.196753,-1.134192,3.598388,0.270940,-2.519919,0.999261,0.031441,0.001672,-0.022052
2630,-0.050944,0.607080,9.897524,-0.465751,-1.094516,-0.418533,3.560157,0.252665,-2.548222,0.999266,0.031104,0.001513,-0.022293
2631,-0.044919,0.605793,9.913664,-0.204817,-0.853420,0.245244,3.528723,0.224421,-2.553210,0.999275,0.030825,0.001271,-0.022329
2633,-0.040431,0.620072,9.946730,0.091211,-0.719139,0.550429,3.523554,0.199375,-2.541604,0.999279,0.030775,0.001057,-0.022221
2634,-0.013291,0.612991,9.924825,0.433019,-0.975494,0.678607,3.538907,0.154619,-2.522878,0.999279,0.030900,0.000669,-0.022046
2635,-0.001335,0.607049,9.907463,0.693952,-1.430220,0.521437,3.554799,0.077402,-2.505411,0.999279,0.031024,-0.000003,-0.021873
2636,0.007393,0.614796,9.909772,0.928945,-1.814754,0.271185,3.576861,-0.012994,-2.495613,0.999276,0.031199,-0.000793,-0.021762
2637,0.008520,0.629705,9.908432,0.968618,-1.532457,0.031615,3.615788,-0.089820,-2.494095,0.999266,0.031524,-0.001470,-0.021728
2638,0.016284,0.621311,9.884733,1.226500,-1.144872,0.010252,3.657761,-0.139805,-2.496238,0.999254,0.031880,-0.001914,-0.021732
2639,0.011542,0.647261,9.897480,0.883167,-0.574176,-0.243052,3.701563,-0.158981,-2.501969,0.999240,0.032259,-0.002091,-0.021776
2640,0.001825,0.681817,9.923011,0.469642,0.143009,-0.314771,3.765861,-0.136001,-2.511807,0.999220,0.032824,-0.001906,-0.021867
2641,-0.009692,0.673280,9.932221,0.370457,0.828150,-0.217111,3.825374,-0.073896,-2.519660,0.999202,0.033354,-0.001378,-0.021953
2642,-0.001030,0.669847,9.933471,0.094263,0.829676,-0.113348,3.852397,-0.009745,-2.523320,0.999193,0.033602,-0.000825,-0.022003
2643,0.001811,0.679397,9.943501,-0.427602,0.535172,-0.096563,3.858672,0.023741,-2.525285,0.999190,0.033663,-0.000535,-0.022030
2644,-0.006065,0.672527,9.964945,-0.314685,0.503127,-0.160652,3.854116,0.042680,-2.528400,0.999191,0.033627,-0.000370,-0.022063
2645,0.002333,0.649277,9.962259,-0.319263,0.310861,-0.186593,3.827161,0.050601,-2.533278,0.999198,0.033394,-0.000297,-0.022108
2646,0.000453,0.669336,9.973505,-0.741943,-0.020265,-0.355971,3.794410,0.041465,-2.541984,0.999206,0.033106,-0.000373,-0.022181
2647,-0.006367,0.668795,9.964586,-0.665648,-0.259836,-0.333082,3.778630,0.029815,-2.553741,0.999208,0.032966,-0.000475,-0.022280
2648,-0.006426,0.658766,9.961837,-0.677855,-0.604695,-0.207956,3.762918,0.016314,-2.563682,0.999211,0.032827,-0.000592,-0.022363
2649,0.000005,0.635962,9.928025,-0.516107,-0.943450,-0.056889,3.730627,-0.010382,-2.569776,0.999219,0.032540,-0.000820,-0.022409
2650,-0.010161,0.634544,9.919289,-0.351306,-0.806117,-0.217111,3.693762,-0.032171,-2.576224,0.999228,0.032214,-0.001005,-0.022459
2651,-0.002579,0.617275,9.891871,-0.047648,-0.697776,-0.178963,3.661336,-0.041289,-2.584418,0.999236,0.031929,-0.001080,-0.022528
2652,0.004025,0.613581,9.894772,-0.055277,-0.818324,-0.256785,3.628169,-0.057364,-2.593257,0.999243,0.031637,-0.001217,-0.022601
2653,0.004240,0.615562,9.894530,-0.200240,-0.896146,-0.523822,3.599771,-0.078276,-2.608027,0.999248,0.031385,-0.001397,-0.022725
2654,0.009435,0.615006,9.900771,-0.630551,-1.076205,-0.624533,3.570817,-0.102335,-2.629172,0.999252,0.031128,-0.001607,-0.022903
2655,0.038831,0.615320,9.898532,-1.082225,-1.112828,-0.464311,3.534446,-0.150720,-2.649531,0.999257,0.030800,-0.002027,-0.023068
2656,0.049262,0.605578,9.925255,-1.280595,-0.754235,-0.436845,3.487566,-0.214876,-2.666388,0.999266,0.030378,-0.002582,-0.023199
2657,0.055909,0.611516,9.941027,-1.353840,-0.296458,-0.342237,3.442327,-0.263555,-2.680378,0.999274,0.029973,-0.003001,-0.023309
2658,0.056121,0.597894,9.939615,-1.178358,-0.212532,0.031614,3.404488,-0.293861,-2.686050,0.999283,0.029637,-0.003259,-0.023351
2659,0.054521,0.586902,9.936600,-0.801455,0.040772,0.225407,3.368239,-0.307550,-2.681916,0.999293,0.029318,-0.003370,-0.023313
2660,0.028323,0.586378,9.933233,-0.281114,0.204046,0.208622,3.348272,-0.287301,-2.674446,0.999300,0.029148,-0.003187,-0.023254
2661,0.014029,0.611723,9.918334,-0.082744,0.062135,0.330696,3.367653,-0.236616,-2.665337,0.999297,0.029328,-0.002747,-0.023187
2662,0.003094,0.580665,9.900253,0.281952,0.077394,0.422251,3.393597,-0.178348,-2.652760,0.999294,0.029566,-0.002241,-0.023091
2663,0.000886,0.581224,9.886234,0.683270,0.696920,0.103333,3.404326,-0.113722,-2.643219,0.999293,0.029673,-0.001677,-0.023025
2664,0.004691,0.586456,9.891714,0.959464,0.883083,0.036192,3.426322,-0.052932,-2.639303,0.999288,0.029877,-0.001150,-0.023006
2665,0.014351,0.583198,9.932627,1.011344,0.794579,0.304755,3.448843,-0.017777,-2.631934,0.999284,0.030081,-0.000846,-0.022951
2666,0.027975,0.576137,9.934216,1.528633,1.194372,0.637407,3.465076,-0.008702,-2.614252,0.999283,0.030224,-0.000766,-0.022799
2667,0.015598,0.604758,9.967303,2.039818,1.519394,1.006681,3.508197,0.004899,-2.584162,0.999277,0.030603,-0.000648,-0.022540
2668,0.001284,0.644216,9.990810,2.349581,1.578905,1.914606,3.594392,0.041830,-2.532385,0.999264,0.031362,-0.000328,-0.022098
2669,-0.023077,0.683528,9.987265,2.348055,1.757438,2.758443,3.706252,0.097567,-2.451099,0.999247,0.032348,0.000159,-0.021405
2670,-0.038028,0.703627,9.939107,2.843981,2.204534,3.290991,3.837297,0.170918,-2.346069,0.999228,0.033504,0.000805,-0.020510
2671,-0.061165,0.707810,9.900840,3.136959,1.649097,3.483258,3.977074,0.247519,-2.228921,0.999205,0.034735,0.001483,-0.019513
2672,-0.068170,0.720009,9.849591,2.543374,0.898342,3.281836,4.102674,0.303936,-2.113292,0.999184,0.035838,0.001990,-0.018524
2673,-0.087176,0.699858,9.866043,1.719374,0.805261,2.778280,4.181882,0.361635,-2.010423,0.999173,0.036535,0.002513,-0.017647
2674,-0.100769,0.733494,9.920908,1.286011,1.514816,2.093140,4.232762,0.450223,-1.926557,0.999166,0.036990,0.003305,-0.016945
2675,-0.097223,0.738671,9.919273,1.527107,1.491927,1.800162,4.289932,0.539173,-1.858009,0.999154,0.037499,0.004094,-0.016378
2676,-0.100994,0.720481,9.958531,1.755996,1.745231,1.635362,4.328488,0.608689,-1.796993,0.999147,0.037842,0.004715,-0.015870
2677,-0.117416,0.729418,9.983639,3.144588,2.642475,1.545332,4.380584,0.687190,-1.738872,0.999133,0.038304,0.005412,-0.015392
2678,-0.106161,0.731485,9.948410,5.294617,3.448163,1.343910,4.500283,0.783719,-1.683234,0.999094,0.039358,0.006256,-0.014945
2679,-0.111836,0.770694,9.911823,7.968039,3.365763,0.829674,4.703066,0.870277,-1.638288,0.999023,0.041134,0.007001,-0.014595
2680,-0.162087,0.909790,9.935772,9.017875,3.031586,0.376474,5.049901,0.964286,-1.608286,0.998890,0.044167,0.007788,-0.014391
2681,-0.177108,0.971245,9.910653,8.645550,2.164860,0.754903,5.488229,1.064109,-1.579140,0.998709,0.047997,0.008615,-0.014208
2682,-0.158198,1.005772,9.869584,7.647593,0.732016,1.508710,5.855569,1.105674,-1.535107,0.998552,0.051199,0.008951,-0.013871
2683,-0.147629,1.086933,9.863320,5.187803,-0.284250,1.426310,6.121326,1.081096,-1.484774,0.998439,0.053508,0.008728,-0.013441
2684,-0.149349,1.085475,9.859196,2.068811,-1.715568,1.897821,6.293599,0.995959,-1.432446,0.998370,0.054997,0.007991,-0.012958
2685,-0.142872,0.987231,9.872436,-0.181929,-3.258279,2.491406,6.269857,0.853659,-1.369766,0.998400,0.054771,0.006784,-0.012342
2686,-0.113072,0.986201,9.859844,-1.207350,-4.227241,2.441051,6.095468,0.671372,-1.303760,0.998500,0.053230,0.005245,-0.011672
2687,-0.103832,1.005217,9.925400,-2.562373,-4.477493,1.769644,5.937960,0.488089,-1.250405,0.998587,0.051838,0.003688,-0.011117
2688,-0.101022,1.004900,9.956059,-2.759217,-5.214515,1.923762,5.817124,0.322119,-1.206055,0.998651,0.050769,0.002273,-0.010654
2689,-0.038466,0.935526,9.899154,-2.643247,-5.493760,2.161806,5.687765,0.137044,-1.156466,0.998716,0.049624,0.000694,-0.010139
2690,0.019595,0.930884,9.875275,-2.397573,-4.880337,1.798636,5.555707,-0.064869,-1.107875,0.998778,0.048456,-0.001034,-0.009629
2691,0.021004,0.969014,9.915820,-1.376729,-4.024293,1.375955,5.475946,-0.241815,-1.069482,0.998814,0.047747,-0.002554,-0.009221
2692,0.060136,0.980421,9.874930,0.783981,-3.554308,1.249303,5.495193,-0.393243,-1.038132,0.998805,0.047903,-0.003862,-0.008884
2693,0.093274,0.920164,9.837955,3.625255,-3.507004,1.200473,5.574077,-0.548061,-1.008879,0.998769,0.048579,-0.005205,-0.008561
2694,0.116643,1.014411,9.837436,5.503669,-3.284219,0.768636,5.747532,-0.700639,-0.987727,0.998689,0.050080,-0.006538,-0.008302
2695,0.102634,1.050087,9.868670,5.821062,-2.673849,0.703021,6.021359,-0.804551,-0.974565,0.998562,0.052459,-0.007458,-0.008124
2696,0.106867,1.035413,9.872275,5.023003,-1.793390,0.323066,6.240929,-0.840955,-0.965889,0.998458,0.054370,-0.007786,-0.008017
2697,0.111300,1.032724,9.875134,3.700025,-1.067050,0.112488,6.345647,-0.837615,-0.963178,0.998409,0.055283,-0.007763,-0.007988
2698,0.115356,1.129791,9.898358,1.063226,-0.954132,-0.088934,6.411098,-0.821414,-0.966254,0.998378,0.055854,-0.007628,-0.008018
2699,0.085366,1.082308,9.981794,-0.812137,-0.645895,0.028563,6.422602,-0.802288,-0.970313,0.998373,0.055956,-0.007464,-0.008062
2700,0.125882,1.146365,10.011301,-1.306535,-1.175391,0.066711,6.379777,-0.804576,-0.972021,0.998393,0.055582,-0.007482,-0.008078
2701,0.189214,1.071776,9.955626,-3.021676,-3.172827,0.982266,6.299134,-0.891295,-0.962528,0.998428,0.054874,-0.008227,-0.007959
2702,0.224523,1.123213,9.907706,-3.943335,-4.520220,1.334755,6.178200,-1.068059,-0.937952,0.998474,0.053809,-0.009748,-0.007671
2703,0.232822,1.058049,9.903069,-5.191543,-4.195197,2.351021,6.030948,-1.263676,-0.892296,0.998529,0.052515,-0.011421,-0.007195
2704,0.255600,1.020856,9.897664,-5.487571,-4.184516,3.445110,5.836244,-1.444506,-0.810178,0.998604,0.050815,-0.012949,-0.006419
2705,0.269091,0.867574,9.825362,-4.808535,-4.021241,4.105835,5.599522,-1.614877,-0.696904,0.998693,0.048754,-0.014372,-0.005385
2706,0.230510,0.876892,9.865852,-2.640195,-2.324412,3.437480,5.349996,-1.702473,-0.578516,0.998791,0.046590,-0.015076,-0.004349
2707,0.196436,0.818933,9.943334,-1.234818,-1.520250,3.167392,5.127439,-1.662181,-0.470516,0.998888,0.044666,-0.014674,-0.003453
2708,0.212899,0.796745,9.971279,0.823656,-2.306101,2.689777,4.957891,-1.598640,-0.374585,0.998964,0.043202,-0.014079,-0.002662
2709,0.279405,0.845925,9.880910,2.279389,-3.351360,1.911555,4.924514,-1.642173,-0.304073,0.998972,0.042919,-0.014431,-0.002035
2710,0.323152,0.885305,9.850282,1.559152,-2.979034,0.931911,5.006869,-1.784009,-0.266592,0.998923,0.043638,-0.015654,-0.001644
2711,0.364458,0.961593,9.845430,0.933522,-2.423598,0.448192,5.152260,-1.949787,-0.254970,0.998844,0.044902,-0.017097,-0.001458
2712,0.394298,0.945459,9.819619,0.045434,-2.187079,0.318488,5.290873,-2.116158,-0.253425,0.998763,0.046106,-0.018548,-0.001357
2713,0.412809,0.966765,9.803155,-0.845707,-1.344768,-0.348341,5.369579,-2.257734,-0.262785,0.998708,0.046787,-0.019787,-0.001367
2714,0.366280,0.957400,9.890660,-1.894018,0.052979,-0.845793,5.391529,-2.295546,-0.287206,0.998692,0.046973,-0.020127,-0.001561
2715,0.344216,0.944098,9.913067,-1.846714,-0.116398,-0.621482,5.357894,-2.232646,-0.312780,0.998716,0.046677,-0.019588,-0.001815
2716,0.361613,0.896506,9.866015,-1.785676,-0.534502,-0.398696,5.282442,-2.180814,-0.330194,0.998755,0.046018,-0.019143,-0.002001
2717,0.383408,0.914557,9.857933,-1.797885,0.504653,-0.911407,5.203831,-2.165292,-0.351279,0.998789,0.045330,-0.019014,-0.002204
2718,0.349123,0.892988,9.896767,-1.800936,1.018890,-1.227274,5.141087,-2.121301,-0.384364,0.998820,0.044779,-0.018642,-0.002520
2719,0.337065,0.864414,9.870827,-1.420980,0.841883,-1.376815,5.064282,-2.043070,-0.423991,0.998861,0.044107,-0.017974,-0.002908
2720,0.328318,0.869798,9.916326,-1.268387,1.215734,-1.590444,4.996040,-1.960971,-0.469418,0.998898,0.043508,-0.017274,-0.003346
2721,0.316613,0.880652,9.936453,-0.644284,1.192846,-1.598074,4.968123,-1.876752,-0.518997,0.998919,0.043261,-0.016558,-0.003814
2722,0.305789,0.848905,9.885599,-0.070537,0.687764,-1.395126,4.958889,-1.807266,-0.566064,0.998931,0.043177,-0.015969,-0.004252
2723,0.325610,0.865730,9.840128,-0.192610,0.910550,-1.512622,4.957142,-1.772432,-0.612098,0.998934,0.043157,-0.015683,-0.004667
2724,0.332789,0.858708,9.865219,-0.870122,1.552964,-1.703363,4.952517,-1.757965,-0.662335,0.998936,0.043111,-0.015576,-0.005111
2725,0.329351,0.863826,9.874424,-1.584254,1.777275,-2.173348,4.922044,-1.736771,-0.722211,0.998947,0.042839,-0.015412,-0.005645
2726,0.307569,0.847679,9.922267,-2.550166,2.080935,-2.490741,4.858960,-1.687574,-0.794305,0.998973,0.042282,-0.015007,-0.006300
2727,0.260190,0.839055,10.018312,-3.026254,1.810846,-2.414443,4.760832,-1.604573,-0.870149,0.999015,0.041423,-0.014305,-0.007005
2728,0.250484,0.814190,10.000359,-2.737854,0.706076,-1.929200,4.654788,-1.531525,-0.938589,0.999057,0.040495,-0.013686,-0.007640
2730,0.244217,0.798423,9.975941,-3.197157,-0.192694,-1.630118,4.545077,-1.497700,-0.996765,0.999095,0.039534,-0.013404,-0.008172
2731,0.252330,0.771776,9.937227,-2.849246,-0.574176,-0.871733,4.426279,-1.491941,-1.038888,0.999133,0.038494,-0.013359,-0.008556
2732,0.259262,0.759202,9.917258,-3.047616,-0.839687,-0.597067,4.308323,-1.507406,-1.064594,0.999168,0.037461,-0.013494,-0.008788
2733,0.296984,0.727512,9.892108,-3.815158,-0.948028,-0.406326,4.181160,-1.549884,-1.083125,0.999203,0.036347,-0.013860,-0.008951
2734,0.315681,0.703885,9.907566,-4.308032,-0.438369,-0.244578,4.031486,-1.604030,-1.095148,0.999242,0.035035,-0.014324,-0.009058
2735,0.315594,0.690517,9.910126,-4.282091,0.025513,-0.182015,3.877660,-1.642811,-1.102327,0.999283,0.033690,-0.014652,-0.009128
2736,0.324153,0.652280,9.893982,-4.849735,0.193365,-0.456681,3.715663,-1.668144,-1.112336,0.999326,0.032273,-0.014863,-0.009229
2737,0.325329,0.594230,9.894258,-4.861941,0.448194,-0.505511,3.528617,-1.685879,-1.126834,0.999374,0.030639,-0.015007,-0.009375
2738,0.322121,0.563639,9.888849,-4.576594,0.674031,-0.786281,3.335567,-1.691820,-1.146056,0.999422,0.028952,-0.015047,-0.009566
2739,0.305083,0.535930,9.900776,-4.333972,1.076875,-1.425644,3.154518,-1.677083,-1.180165,0.999465,0.027370,-0.014912,-0.009891
2740,0.300102,0.505698,9.884729,-3.683928,1.394268,-1.933777,2.991575,-1.641624,-1.232943,0.999503,0.025945,-0.014600,-0.010381
2741,0.264011,0.504325,9.920832,-3.006417,1.456831,-2.347303,2.861522,-1.586543,-1.301193,0.999532,0.024808,-0.014123,-0.011005
2742,0.259058,0.533841,9.928023,-2.418936,1.176061,-2.437333,2.782198,-1.524567,-1.378968,0.999548,0.024113,-0.013591,-0.011706
2743,0.249212,0.540771,9.930720,-1.515587,1.224890,-2.249644,2.777665,-1.462651,-1.456667,0.999548,0.024071,-0.013067,-0.012397
2744,0.238902,0.524856,9.929727,-0.780091,0.976164,-1.762874,2.818722,-1.399335,-1.523704,0.999539,0.024429,-0.012533,-0.012991
2745,0.256501,0.535893,9.928815,-0.329944,0.507705,-1.143348,2.870524,-1.371168,-1.572583,0.999525,0.024879,-0.012304,-0.013418
2746,0.272785,0.548347,9.917633,0.326204,0.526016,-0.470415,2.946406,-1.389971,-1.600424,0.999503,0.025536,-0.012483,-0.013648
2747,0.254362,0.528850,9.926021,1.037285,0.851039,0.069763,3.022269,-1.403744,-1.607228,0.999484,0.026195,-0.012614,-0.013696
2748,0.234147,0.517407,9.942913,1.835344,0.730490,0.616044,3.077830,-1.380605,-1.594622,0.999475,0.026684,-0.012416,-0.013586
2749,0.227663,0.540696,9.945874,2.167996,0.344431,1.000577,3.142624,-1.347135,-1.566692,0.999466,0.027256,-0.012125,-0.013343
2750,0.205896,0.542167,9.966444,2.029137,0.176579,1.067718,3.212442,-1.308824,-1.531768,0.999457,0.027873,-0.011791,-0.013041
2751,0.196158,0.546387,9.947098,1.293641,-0.070621,0.916651,3.254114,-1.262769,-1.498302,0.999455,0.028246,-0.011385,-0.012756
2752,0.203535,0.540541,9.922783,0.306367,-0.194221,0.530592,3.253006,-1.232514,-1.473843,0.999461,0.028242,-0.011115,-0.012550
2753,0.218987,0.560432,9.912172,-0.998300,-0.168280,-0.059941,3.220915,-1.231207,-1.465909,0.999469,0.027963,-0.011098,-0.012484
2754,0.239858,0.570184,9.901442,-1.672758,-0.064517,-0.540608,3.184339,-1.259224,-1.476279,0.999475,0.027640,-0.011341,-0.012572
2755,0.255141,0.552124,9.889831,-2.357898,0.042298,-0.934297,3.129164,-1.307636,-1.501062,0.999480,0.027150,-0.011763,-0.012782
2756,0.260663,0.521653,9.911331,-2.689024,0.329172,-1.323408,3.031868,-1.354509,-1.537915,0.999494,0.026292,-0.012170,-0.013102
2757,0.257239,0.534048,9.929316,-2.948431,0.413098,-1.628593,2.926670,-1.374328,-1.586054,0.999511,0.025367,-0.012341,-0.013529
2758,0.247427,0.509463,9.918591,-3.097973,0.458876,-1.581289,2.831188,-1.369132,-1.638832,0.999525,0.024529,-0.012296,-0.014001
2759,0.254822,0.465812,9.896894,-3.485558,0.782372,-1.511096,2.714478,-1.356439,-1.689111,0.999545,0.023507,-0.012181,-0.014454
2760,0.237994,0.438466,9.893520,-3.488610,1.322549,-1.457689,2.578472,-1.327405,-1.736410,0.999569,0.022320,-0.011920,-0.014887
2761,0.213991,0.439875,9.911157,-3.079661,1.671986,-1.266948,2.455702,-1.270783,-1.779253,0.999592,0.021252,-0.011418,-0.015284
2762,0.216413,0.400666,9.906231,-2.475394,1.649098,-0.867155,2.342739,-1.205165,-1.812021,0.999614,0.020273,-0.010837,-0.015593
2763,0.205156,0.381606,9.907516,-2.235824,1.826105,-0.830533,2.227874,-1.140821,-1.837207,0.999636,0.019278,-0.010264,-0.015835
2764,0.171095,0.388079,9.944841,-2.179365,2.018372,-0.906830,2.137445,-1.052261,-1.863362,0.999655,0.018499,-0.009483,-0.016085
2765,0.173093,0.393975,9.967399,-1.494225,1.855098,-0.392593,2.094279,-0.958403,-1.882978,0.999666,0.018135,-0.008661,-0.016275
2766,0.171718,0.378428,9.944394,-0.893010,1.498031,0.042296,2.082697,-0.898610,-1.887273,0.999671,0.018042,-0.008139,-0.016323
2767,0.139055,0.373906,9.952970,-0.357410,1.441572,0.440563,2.082207,-0.840798,-1.877781,0.999676,0.018047,-0.007633,-0.016250
2768,0.161790,0.374298,9.929883,0.571878,1.275246,1.258459,2.104716,-0.795684,-1.848117,0.999679,0.018251,-0.007238,-0.015997
2769,0.149300,0.363264,9.917030,1.240234,1.302712,1.501081,2.143539,-0.775552,-1.800703,0.999681,0.018596,-0.007060,-0.015584
2770,0.126676,0.368019,9.892869,1.000663,1.559068,0.887658,2.177675,-0.732566,-1.759088,0.999683,0.018902,-0.006683,-0.015226
2771,0.127426,0.382640,9.884534,0.845019,1.693349,0.590103,2.211594,-0.674413,-1.732441,0.999684,0.019207,-0.006175,-0.015001
2772,0.124732,0.391169,9.880007,0.640545,1.881038,0.304755,2.248808,-0.622638,-1.715374,0.999682,0.019539,-0.005726,-0.014859
2773,0.081202,0.399081,9.932942,-0.221602,2.137394,-0.418534,2.270135,-0.541468,-1.714792,0.999682,0.019736,-0.005020,-0.014867
2774,0.078955,0.400759,9.946153,-0.679381,1.850520,-0.442948,2.267115,-0.442268,-1.726632,0.999685,0.019722,-0.004156,-0.014988
2775,0.079777,0.379225,9.943447,-0.778566,1.328653,-0.177437,2.236771,-0.379591,-1.734851,0.999690,0.019466,-0.003607,-0.015071
2776,0.077816,0.349963,9.924681,-1.305010,0.957853,-0.442948,2.162066,-0.352640,-1.743442,0.999702,0.018817,-0.003363,-0.015153
2777,0.079243,0.336070,9.965108,-2.295336,0.352061,-1.239482,2.042527,-0.352736,-1.770254,0.999718,0.017774,-0.003353,-0.015390
2778,0.068236,0.316317,9.983391,-2.405203,-1.054842,-1.967348,1.918611,-0.378863,-1.823753,0.999729,0.016687,-0.003572,-0.015857
2779,0.080680,0.331701,9.901278,-0.888433,-2.138249,-1.768978,1.849012,-0.444271,-1.887643,0.999728,0.016069,-0.004142,-0.016407
2780,0.084344,0.365376,9.913798,1.452337,-2.454116,-0.958711,1.893738,-0.536686,-1.935865,0.999711,0.016444,-0.004961,-0.016813
2781,0.117323,0.411885,9.934292,3.150692,-2.869168,0.144533,2.069581,-0.649162,-1.953437,0.999677,0.017960,-0.005971,-0.016941
2782,0.145669,0.455972,9.920122,4.598795,-2.957671,1.459881,2.337467,-0.791293,-1.932070,0.999628,0.020277,-0.007247,-0.016715
2783,0.172272,0.454862,9.904822,5.930928,-2.515153,2.885095,2.625811,-0.938240,-1.865313,0.999575,0.022775,-0.008557,-0.016085
2784,0.163308,0.451558,9.906234,4.736129,-2.106205,2.349495,2.838968,-1.047205,-1.782518,0.999534,0.024626,-0.009520,-0.015323
2785,0.184612,0.503066,9.856853,2.218352,-1.831538,1.356118,2.962690,-1.119811,-1.724324,0.999509,0.025700,-0.010157,-0.014789
2786,0.114026,0.603555,9.924988,3.953329,-1.642324,4.452221,3.143718,-1.124334,-1.632179,0.999478,0.027287,-0.010197,-0.013968
2787,0.111963,0.690334,9.907758,7.092158,-2.766931,9.913507,3.504547,-1.086085,-1.400387,0.999416,0.030459,-0.009846,-0.011924
2788,0.197349,0.656215,9.820094,6.220855,-2.417494,12.202394,3.852855,-1.136300,-1.040003,0.999348,0.033523,-0.010215,-0.008737
2789,0.269574,0.527026,9.348372,0.202606,0.927335,8.727863,3.932184,-1.222899,-0.693091,0.999338,0.034241,-0.010873,-0.005678
2790,0.187227,0.315505,9.535114,-9.747953,5.947630,-0.998386,3.592798,-1.144450,-0.553188,0.999449,0.031298,-0.010133,-0.004512
2791,0.098723,0.239809,9.537059,-20.765135,10.819909,-12.624410,2.808767,-0.809080,-0.758767,0.999654,0.024461,-0.007221,-0.006446
2792,0.054163,0.144279,9.528399,-24.769163,16.162174,-17.861387,1.781886,-0.269979,-1.244712,0.999818,0.015523,-0.002524,-0.010824
2793,-0.079347,0.105794,9.701519,-23.107430,17.117403,-18.335949,0.777007,0.379660,-1.834209,0.999843,0.006833,0.003204,-0.016028
2794,-0.187512,0.117377,10.264324,-15.706694,12.644916,-13.381269,0.038674,0.973300,-2.360036,0.999752,0.000512,0.008485,-0.020596
2795,-0.176099,0.177970,10.158950,-3.416890,6.048340,-2.592977,-0.229222,1.330337,-2.626224,0.999669,-0.001734,0.011652,-0.022891
2796,-0.097994,0.111798,10.118345,7.144039,0.286446,5.981198,-0.044042,1.385796,-2.567393,0.999676,-0.000113,0.012099,-0.022397
2797,-0.104569,0.060631,10.091715,10.105861,-5.370160,6.367257,0.331389,1.196121,-2.360136,0.999729,0.003106,0.010376,-0.020624
2798,-0.088513,0.134039,9.941567,10.362214,-8.067996,4.852013,0.731057,0.871882,-2.174517,0.999770,0.006523,0.007486,-0.019023
2799,-0.069581,0.228028,9.915905,9.648083,-7.906248,4.031065,1.134725,0.526162,-2.030142,0.999783,0.009982,0.004415,-0.017760
2800,-0.027842,0.283768,9.866765,8.416660,-7.277565,3.573288,1.543975,0.190256,-1.908665,0.999769,0.013499,0.001436,-0.016676
2801,0.003853,0.293707,9.836227,5.947713,-6.697715,2.984280,1.873950,-0.122797,-1.806238,0.999742,0.016334,-0.001329,-0.015742
2802,0.045097,0.308936,9.854533,2.883655,-5.177893,2.100770,2.032537,-0.370398,-1.728340,0.999725,0.017685,-0.003499,-0.015022
2803,0.094408,0.310778,9.883741,0.486426,-3.693167,1.446148,2.046946,-0.562356,-1.674292,0.999723,0.017788,-0.005167,-0.014520
2804,0.121227,0.299166,9.880760,-0.571040,-2.606709,1.249303,1.972507,-0.711097,-1.632395,0.999733,0.017122,-0.006449,-0.014136
2805,0.123292,0.301159,9.910919,-1.976418,-1.761346,0.777792,1.857007,-0.803853,-1.600196,0.999748,0.016105,-0.007240,-0.013848
2806,0.138731,0.284935,9.911960,-2.768373,-1.334087,0.402414,1.718678,-0.855892,-1.581345,0.999766,0.014893,-0.007674,-0.013685
2807,0.144362,0.265162,9.915000,-2.847720,-1.317301,0.081970,1.572017,-0.897046,-1.573775,0.999783,0.013609,-0.008015,-0.013624
2808,0.134985,0.231880,9.907678,-2.681394,-0.780176,-0.250682,1.424181,-0.913419,-1.576675,0.999798,0.012317,-0.008141,-0.013658
2809,0.128766,0.226323,9.912277,-2.447927,-0.120976,-0.383437,1.292529,-0.890040,-1.586938,0.999812,0.011170,-0.007922,-0.013759
2810,0.133393,0.231810,9.918736,-1.660551,0.028565,-0.159126,1.214871,-0.852833,-1.595928,0.999820,0.010497,-0.007589,-0.013847
2811,0.149460,0.211539,9.938836,-1.318744,-0.030946,-0.014163,1.172021,-0.837982,-1.598944,0.999825,0.010124,-0.007454,-0.013877
2812,0.137130,0.211008,9.946688,-1.407247,0.068239,-0.272045,1.133017,-0.831961,-1.603799,0.999828,0.009784,-0.007397,-0.013923
2813,0.133719,0.245185,9.967393,-1.591884,-0.214058,-0.473467,1.125793,-0.819229,-1.616894,0.999828,0.009722,-0.007287,-0.014038
