seq,ax,ay,az,wroll,wpitch,wyaw
0,0.111505,-9.764922,-0.163132,-0.694165,-0.025278,-0.698763
1,0.137561,-9.752545,-0.267291,-0.701794,-0.353352,-0.240985
2,0.129815,-9.808805,-0.230016,-1.106165,0.646129,0.430422
3,0.119020,-9.783515,-0.250074,-0.968832,0.203611,-0.469874
4,0.115947,-9.740525,-0.250351,-0.305054,-0.612760,-1.087874
5,0.115579,-9.825229,-0.253475,-0.923054,-0.093945,0.399903
7,0.137866,-9.773755,-0.309143,-0.343202,-0.200760,-0.401207
8,0.115009,-9.791698,-0.270543,-0.556832,0.241759,-0.614837
9,0.124890,-9.830484,-0.283704,-1.083276,0.455388,0.399903
10,0.155001,-9.723298,-0.293302,-0.335573,-0.025278,0.178644
11,0.088029,-9.747293,-0.270747,0.053538,0.829240,0.407533
12,0.122537,-9.828667,-0.284960,-0.518684,0.493537,0.392274
14,0.116786,-9.767995,-0.248060,-0.213498,0.134944,0.552496
15,0.124888,-9.881496,-0.239326,-0.167721,0.478277,0.560126
16,0.106248,-9.769867,-0.311623,0.534205,0.104426,-0.149430
17,0.096500,-9.731898,-0.264406,0.579983,0.531685,0.048941
18,0.098578,-9.845961,-0.252849,-0.015128,0.257018,0.308348
19,0.099159,-9.799711,-0.300061,0.114576,0.409611,0.590644
21,0.092351,-9.787898,-0.272250,0.564724,0.798722,0.705089
22,0.096448,-9.870426,-0.249503,0.221390,0.134944,0.117607
23,0.082281,-9.817418,-0.305944,0.023020,-0.200760,-0.775059
24,0.122472,-9.683076,-0.284738,0.427390,-0.010019,0.232052
25,0.102862,-9.752234,-0.266244,0.541835,0.836870,1.384125
26,0.087104,-9.826040,-0.271647,0.564724,1.218351,2.070792
27,0.086168,-9.734853,-0.254585,1.793093,0.348574,0.804274
28,0.080166,-9.803320,-0.269277,1.228501,-0.483056,-0.263874
29,0.078270,-9.765388,-0.227768,0.824131,0.295166,1.094199
30,0.019833,-9.872422,-0.201733,0.396872,0.562203,1.574866
31,0.064758,-9.820597,-0.160701,0.167983,-0.750093,0.430422
32,0.053029,-9.850636,-0.294772,-0.205869,-0.658537,0.407533
33,0.075888,-9.744305,-0.254619,-0.144832,0.058648,0.193904
34,0.054681,-9.752249,-0.196218,-0.587350,-0.650908,-0.286763
35,0.051558,-9.918376,-0.244831,-0.961202,-0.795870,0.033681
36,0.039001,-9.712140,-0.285314,-0.373720,0.180722,0.384644
37,0.055865,-9.770657,-0.211696,0.206131,-0.429648,-0.164689
38,0.044029,-9.826247,-0.270762,0.129835,-0.971352,-0.424096
39,0.071162,-9.761435,-0.274349,-0.015128,-0.109204,0.232052
40,0.051619,-9.750183,-0.233877,0.183242,0.722425,0.758496
41,-0.006698,-9.798736,-0.209515,-0.404239,0.310425,0.903459
42,0.064655,-9.903403,-0.271838,-0.175351,-1.162093,-0.134170
43,0.077104,-9.809258,-0.269230,-0.160091,-0.765352,-0.561430
44,0.041407,-9.770575,-0.203776,0.015390,-0.277056,-0.660615
45,0.023232,-9.737309,-0.246434,0.206131,-0.025278,-0.675874
46,0.017789,-9.804916,-0.302212,-0.343202,-0.399130,-0.446985
47,0.077361,-9.768503,-0.296979,-0.091424,-0.605130,-0.584319
48,0.082148,-9.810657,-0.245039,0.030649,-0.147352,-0.523282
49,0.032152,-9.797030,-0.251008,0.137464,0.371462,-0.302022
50,0.048022,-9.740665,-0.224738,-0.160091,-0.063426,-0.118911
51,0.072194,-9.792673,-0.334780,-0.350832,-0.521204,0.041311
52,0.061188,-9.806325,-0.239092,-0.038017,-0.559352,-0.599578
53,0.062996,-9.775489,-0.212634,-0.900165,-0.322834,-0.263874
54,0.077578,-9.841648,-0.243968,-0.823869,-0.238908,0.560126
55,0.080019,-9.736958,-0.288709,0.000131,-0.063426,-0.134170
56,0.073613,-9.712201,-0.324512,0.473168,-0.071056,0.132866
57,0.079615,-9.750788,-0.181064,1.243760,0.188351,0.384644
58,0.043941,-9.863360,-0.252466,1.640501,-0.338093,-0.622467
59,-0.000657,-9.949128,-0.213633,0.747834,-0.048167,-0.324911
60,0.061517,-9.813277,-0.180270,-0.381350,0.081537,-0.530911
61,0.086012,-9.751828,-0.213192,-0.396610,-0.452537,-1.423577
62,0.043053,-9.795869,-0.170407,-0.869646,0.173092,-0.462244
63,0.057171,-9.770614,-0.219886,-2.021720,0.447759,1.155237
64,0.105808,-9.846886,-0.212778,-2.113276,-1.383352,0.567755
65,0.113353,-9.810890,-0.253201,-0.877276,-1.665648,-0.515652
66,0.090898,-9.790391,-0.345004,-0.511054,-0.452537,-0.332541
67,0.002286,-9.791707,-0.383760,-0.930683,0.119685,-0.591948
68,0.054449,-9.733385,-0.251738,-0.800980,-0.864537,-2.331503
69,0.089216,-9.791499,-0.264618,-0.556832,-1.947944,-3.018170
70,0.135994,-9.751835,-0.373558,-0.945943,-1.390981,-1.141281
71,0.153078,-9.742327,-0.300616,-0.915424,-0.025278,-0.073134
72,0.065115,-9.793146,-0.252756,-0.198239,0.211240,-0.561430
73,0.084676,-9.843240,-0.284287,-0.251647,-0.910315,-0.744541
74,0.135020,-9.858778,-0.351046,-0.839128,-1.406241,-0.965800
75,0.142084,-9.775557,-0.313132,-0.747572,-0.811130,-1.293874
76,0.118351,-9.714448,-0.317689,-0.488165,-0.208389,-0.675874
77,0.070779,-9.717738,-0.386088,-0.633128,-0.170241,0.216792
78,0.098363,-9.767182,-0.345871,-0.701794,-0.185500,0.483829
79,0.111857,-9.816371,-0.325313,-0.617869,-0.200760,1.010274
80,0.114246,-9.844867,-0.350556,-0.091424,0.234129,1.170496
81,0.124852,-9.815975,-0.312731,-0.091424,0.257018,0.026052
82,0.128245,-9.803352,-0.331677,0.351094,-0.208389,-0.897133
83,0.095489,-9.764727,-0.352431,0.511316,0.607981,-0.118911
84,0.110460,-9.743792,-0.290308,0.457909,0.318055,-0.286763
85,0.089154,-9.732215,-0.296827,0.450279,0.096796,0.460940
86,0.102011,-9.826499,-0.313588,0.007761,1.493018,2.177607
87,0.119067,-9.767483,-0.329010,-0.549202,1.279388,1.353607
88,0.106013,-9.832857,-0.350361,0.671538,0.241759,0.277829
89,0.036498,-9.808864,-0.363376,0.572353,1.317536,0.460940
90,0.068936,-9.761334,-0.286721,0.465538,0.707166,0.979755
91,0.112553,-9.812176,-0.328899,0.930946,-0.399130,0.789014
92,0.057144,-9.805626,-0.249164,-0.205869,0.775833,0.758496
93,0.066520,-9.812339,-0.330421,0.595242,0.768203,0.872940
94,0.066111,-9.661879,-0.344969,1.106427,0.760573,0.750866
95,0.019811,-9.843673,-0.309077,0.435020,1.706647,2.482792
96,0.053480,-9.807116,-0.289705,0.389242,1.851610,3.436495
97,0.045736,-9.796353,-0.282434,0.915686,0.791092,2.749829
98,-0.002438,-9.825439,-0.328651,-0.221128,-0.612760,1.750347
99,-0.031040,-9.833132,-0.298574,0.312946,-0.818759,1.078940
100,0.040706,-9.641916,-0.350554,0.984353,-0.124463,1.780866
101,0.024593,-9.647083,-0.268039,0.602872,0.272277,4.046865
102,-0.073756,-9.671821,-0.270173,1.465019,-0.437278,5.626198
103,-0.018969,-9.821332,-0.385989,1.320057,-0.956093,6.572272
104,-0.139609,-9.962785,-0.210934,0.206131,-0.162611,7.350494
105,-0.220692,-9.919215,-0.280889,0.099316,0.073907,6.030568
106,-0.216390,-9.804716,-0.277064,0.206131,0.623240,5.862717
107,-0.275371,-9.797248,-0.332398,0.694427,0.867388,5.633828
108,-0.585975,-9.799848,-0.319323,1.884649,-1.787722,13.499973
109,-0.370241,-9.710850,-0.271976,-4.302979,-1.093426,21.015156
110,-0.584626,-9.796226,-0.327579,-6.263793,-1.963204,23.799971
112,-0.680764,-9.768878,-0.359393,-1.060387,-4.816684,24.730783
113,-1.105955,-9.870854,-0.408426,-1.205350,-5.213425,28.454042
114,-1.126491,-9.570318,-0.259512,-0.587350,-1.940315,22.617378
115,-1.268231,-9.678473,-0.401236,-0.976461,-1.223130,18.329527
116,-1.264624,-9.765705,-0.570315,-0.388980,-2.054759,20.252193
117,-1.532713,-9.614435,-0.423673,1.884649,-0.078685,26.020191
118,-1.744145,-9.740478,-0.378104,0.961464,-1.886907,27.637672
119,-1.606384,-9.573762,-0.244594,1.327686,-0.727204,21.747601
120,-1.945874,-9.620974,-0.302874,-0.053276,-0.658537,22.098562
121,-1.985018,-9.543053,-0.392566,1.037760,1.409092,19.794415
122,-2.207561,-9.650776,-0.304725,2.922278,-2.352315,21.648415
123,-2.225465,-9.499041,-0.306743,3.105389,-1.726685,19.130638
124,-2.190422,-9.475444,-0.132756,2.914649,-1.932685,17.429232
125,-2.629723,-9.646292,-0.396172,1.297168,-1.314685,18.398193
126,-2.410139,-9.508259,-0.279824,3.059612,-0.284686,11.111900
127,-2.500807,-9.528677,-0.405708,2.624723,-0.887426,10.661753
128,-2.546965,-9.371099,-0.167212,3.860722,0.356203,11.325530
129,-2.754522,-9.433874,-0.221335,2.601834,1.386203,14.415529
130,-2.602876,-9.251822,-0.353087,1.861760,1.889758,16.666267
131,-2.762105,-9.304992,-0.210393,3.517389,2.843462,23.044636
132,-3.081636,-9.301270,-0.329660,2.433982,1.836351,27.645302
133,-2.966748,-9.075104,-0.221785,2.807834,1.714277,26.592413
134,-3.364393,-9.130450,-0.231805,1.350575,3.690350,31.009968
135,-3.510143,-9.262487,-0.183611,-1.304535,1.264129,31.040485
136,-3.658022,-9.109390,-0.484084,-0.251647,-0.750093,29.583227
137,-3.843151,-9.036663,-0.304943,2.586575,2.004203,26.928118
138,-3.835869,-8.914771,-0.159176,1.671019,3.743758,21.816267
139,-4.201899,-9.067426,-0.115094,1.716797,0.028129,24.715525
140,-4.126328,-8.855376,-0.255999,2.433982,-1.444389,20.328489
141,-4.221879,-8.786810,-0.205236,0.625760,1.721906,20.084341
142,-4.359157,-8.912954,-0.338905,-0.640758,1.546425,17.085897
143,-4.188281,-8.592208,-0.174136,1.907538,0.699536,16.506046
144,-4.470344,-8.718235,-0.213931,3.387685,-1.642759,24.883377
145,-4.728954,-8.620798,-0.333115,2.632353,1.790573,25.432711
146,-4.776435,-8.536229,-0.060421,3.502130,3.354647,23.471895
147,-4.984488,-8.462227,-0.134708,3.021464,3.148647,21.457674
148,-4.990519,-8.525970,-0.232823,0.641019,1.386203,16.345823
149,-4.947962,-8.403527,-0.220150,1.144575,-0.505945,15.353973
150,-5.001951,-8.272316,-0.135667,1.457390,-0.521204,15.415010
151,-5.223810,-8.358069,-0.214303,-0.755202,1.531166,13.011678
152,-5.136771,-8.288418,-0.220867,1.976205,1.241240,13.271085
153,-5.242517,-8.075329,-0.083799,2.189834,2.339906,20.458193
154,-5.568817,-8.128863,-0.015517,0.610501,-2.214981,27.523228
155,-5.649918,-7.963102,0.024929,2.449241,-6.815647,31.757671
156,-5.767723,-7.895018,-0.274521,0.518946,-2.276018,28.187006
157,-5.763340,-7.834155,-0.189884,3.669982,-1.802981,25.646339
158,-6.119784,-7.902369,-0.206452,1.838871,-2.153944,23.250637
159,-5.965928,-7.653368,0.004495,2.227982,-1.078167,19.245083
160,-6.136419,-7.707592,-0.040816,1.495538,0.119685,17.810713
161,-6.248391,-7.628946,-0.230014,0.595242,-0.940833,18.268490
162,-6.234030,-7.473956,-0.136949,0.816501,1.004722,17.040119
163,-6.264471,-7.454071,-0.123856,1.304797,1.088647,16.780712
164,-6.351787,-7.361332,-0.130887,-0.160091,3.156276,16.223749
165,-6.459800,-7.323441,-0.025228,0.351094,1.546425,17.696268
166,-6.716230,-7.315405,-0.163242,-1.968313,1.416721,19.710489
167,-6.678887,-7.144188,-0.119892,-0.030387,0.943685,18.306639
168,-6.710527,-7.126960,-0.063933,3.830204,-0.116834,22.350340
169,-6.703444,-6.963955,-0.090887,1.403983,0.997092,20.946489
170,-6.875649,-6.890592,-0.118068,0.366353,-0.139722,22.121452
171,-7.012092,-6.820280,-0.093992,0.465538,-0.254167,22.136711
172,-7.056038,-6.731355,-0.217439,1.327686,-3.588314,20.870193
173,-7.240841,-6.799646,-0.099045,3.082500,-3.946907,22.388489
174,-7.262746,-6.574519,-0.004506,1.472649,-2.237870,20.908340
175,-7.204851,-6.391237,-0.101223,2.624723,-4.419943,21.457674
176,-7.454785,-6.428660,-0.049288,2.433982,-1.307056,22.525822
177,-7.387370,-6.241620,-0.004447,1.533686,0.730055,22.449526
178,-7.548430,-6.197224,0.093553,0.404501,2.187314,21.053305
179,-7.646307,-6.140481,-0.050935,-0.823869,1.836351,22.304564
180,-7.800509,-6.026037,-0.180628,-3.746017,4.720350,20.572638
181,-7.829700,-5.936140,-0.108953,-4.982016,3.575906,20.984636
182,-7.835230,-5.875361,-0.088485,2.144056,-1.680907,18.283749
183,-7.800234,-5.814147,-0.191610,0.656279,-0.284686,16.872267
184,-7.862402,-5.631441,0.059002,0.137464,3.736128,18.161674
185,-7.906687,-5.497309,-0.133369,0.679168,2.004203,20.015675
186,-7.945067,-5.405078,-0.222725,3.212204,-1.619870,24.105154
187,-8.041059,-5.245670,-0.102652,2.884130,-0.200760,27.523228
188,-8.340220,-5.194050,-0.002323,1.365834,0.569833,29.697672
189,-8.505751,-5.222140,-0.127246,1.335316,-1.856389,29.735821
190,-8.782591,-5.211271,-0.122535,-0.099054,-0.399130,17.200342
191,-8.660848,-5.079066,-0.253969,-1.151943,0.554574,4.085014
192,-8.453518,-4.987927,-0.157537,-2.204831,2.172054,-3.048688
193,-8.229138,-4.923189,-0.062614,-1.075646,0.882648,-5.040021
194,-8.359098,-4.944337,-0.112995,-1.075646,-0.032908,-3.330984
195,-8.344740,-4.953966,-0.211702,-0.244017,-0.536463,-1.538022
196,-8.392468,-5.026420,-0.105692,0.015390,0.699536,0.033681
197,-8.477668,-5.048616,-0.149858,-0.747572,1.058129,-2.064466
198,-8.267071,-4.989705,-0.147830,0.358723,-0.055797,-2.835058
199,-8.352634,-5.048847,-0.107982,0.114576,-1.230759,-2.331503
200,-8.314589,-5.029749,-0.253103,0.534205,-1.459648,-2.178910
201,-8.343673,-5.042410,-0.101464,0.587612,0.348574,-0.782689
202,-8.382874,-5.069198,-0.055990,0.114576,0.821611,-2.491725
203,-8.388069,-5.104065,-0.191011,0.480797,-0.093945,-2.712985
204,-8.314786,-5.082615,-0.016204,0.435020,-0.452537,-1.164170
205,-8.416838,-5.154247,-0.141367,-0.015128,-1.291796,-1.026837
206,-8.303438,-5.109427,-0.128737,-0.167721,-1.207870,-2.186540
207,-8.251360,-5.097718,-0.076836,-0.678906,-0.269426,-2.102614
209,-8.315933,-5.107502,-0.131962,0.267168,-1.398611,-0.950541
210,-8.247042,-5.074265,-0.110635,0.755464,-1.093426,-0.927652
211,-8.329559,-5.120058,-0.018156,0.328205,0.150203,0.552496
212,-8.458014,-5.195343,-0.095080,-0.099054,-0.467796,-0.393578
213,-8.360449,-5.220216,-0.078541,0.373983,-0.086315,-0.981059
214,-8.331463,-5.172596,-0.101723,-0.907795,1.332796,-1.179429
215,-8.201191,-5.079227,-0.055029,-1.022239,1.470129,-1.721133
216,-8.239577,-5.142403,-0.103345,0.038279,-2.108166,-1.446466
217,-8.253062,-5.141262,-0.167609,0.137464,-1.749574,-0.683504
218,-8.395365,-5.281401,-0.071071,0.152723,0.829240,-0.317282
219,-8.321969,-5.202380,-0.122689,0.137464,0.211240,-0.881874
220,-8.236827,-5.140172,-0.083378,0.007761,-0.566982,-1.187059
221,-8.348722,-5.232010,-0.116228,-0.137202,-0.147352,-1.164170
222,-8.270897,-5.199465,-0.092945,0.175613,-0.628019,-1.705874
223,-8.220444,-5.152365,-0.066971,-0.625499,0.859758,-1.301504
224,-8.314816,-5.173090,-0.049732,-0.556832,-0.307574,-0.683504
225,-8.254110,-5.175871,-0.074849,-0.060906,-1.436759,-0.920022
226,-8.222404,-5.233990,-0.082510,0.030649,-0.994241,-0.942911
227,-8.348034,-5.229299,-0.075771,-0.480535,0.066277,-0.866615
228,-8.318666,-5.223606,-0.075278,-0.282165,1.058129,-1.156541
229,-8.214687,-5.226970,-0.071920,-0.312684,-1.017130,-1.988170
230,-8.178928,-5.173384,-0.104465,-0.335573,-1.207870,-1.721133
231,-8.267441,-5.255314,-0.043125,-0.327943,-0.444908,-0.508022
232,-8.269191,-5.250532,-0.042076,-0.343202,-0.879796,-1.003948
233,-8.330065,-5.269186,-0.023605,-0.503424,-1.848759,-1.148911
234,-8.274880,-5.287707,-0.097251,-0.099054,-2.474389,-0.767430
235,-8.133743,-5.265567,-0.031989,-0.060906,-0.040538,-1.866096
236,-8.140789,-5.192182,-0.021176,1.098797,0.501166,-1.423577
237,-8.255088,-5.257602,0.015269,0.961464,-0.521204,0.483829
238,-8.252012,-5.288734,-0.063901,0.801242,-1.757204,0.598274
239,-8.273376,-5.251678,-0.043314,-0.434758,-2.008981,-1.736392
240,-8.255589,-5.251918,-0.031796,-0.327943,-0.444908,-1.667725
241,-8.157958,-5.224551,0.116402,0.480797,0.028129,0.499089
242,-8.206421,-5.270393,-0.012843,1.175094,-2.070018,1.208644
243,-8.285840,-5.301054,-0.139481,0.358723,-1.528315,0.804274
244,-8.304419,-5.300596,-0.001369,-0.572091,0.653759,0.026052
245,-8.216285,-5.264515,0.014429,0.251909,0.302796,-0.477504
246,-8.168139,-5.230111,-0.022201,0.328205,0.813981,0.041311
247,-8.310185,-5.323273,0.007152,-0.633128,1.866870,0.102348
248,-8.275826,-5.277485,-0.017061,-0.244017,0.791092,-0.607207
249,-8.231094,-5.228426,-0.008846,-0.053276,0.401981,-1.141281
250,-8.202906,-5.254746,-0.038297,-0.137202,0.798722,-0.927652
251,-8.159781,-5.226936,-0.063170,0.381612,-0.193130,-0.286763
252,-8.266193,-5.274877,-0.064449,0.396872,-0.254167,-0.324911
253,-8.258067,-5.281297,-0.006652,0.183242,0.394351,0.537237
254,-8.312228,-5.332574,-0.027342,0.633390,-1.726685,0.720348
255,-8.246118,-5.320563,-0.040888,0.145094,0.241759,-0.637726
256,-8.168495,-5.272693,0.011448,-0.671276,1.332796,-1.423577
257,-8.238380,-5.226341,-0.043658,-0.907795,0.310425,-1.202318
258,-8.202717,-5.277190,0.017290,0.007761,0.340944,0.010792
259,-8.296442,-5.317471,0.013193,-0.114313,0.646129,0.392274
260,-8.256017,-5.279410,-0.024250,-0.030387,0.539314,-0.179948
261,-8.205689,-5.270636,-0.067988,0.076427,0.493537,-0.820837
262,-8.232608,-5.270977,0.021845,0.351094,0.234129,-0.088393
263,-8.194339,-5.262734,-0.015086,0.198501,-0.635648,-0.111282
264,-8.219827,-5.261796,-0.031469,-0.144832,0.348574,-0.042615
265,-8.238441,-5.288656,-0.094729,0.213761,0.463018,-0.065504
266,-8.227969,-5.238173,0.017221,-0.396610,0.577463,-0.485133
267,-8.192119,-5.258100,-0.087898,0.442650,-0.330463,0.148126
268,-8.144115,-5.312738,-0.103506,0.999612,-0.917945,0.285459
269,-8.259501,-5.296229,-0.002294,-0.213498,0.226500,-0.240985
270,-8.345825,-5.303250,0.006638,-0.129573,0.897907,0.079459
271,-8.249815,-5.320282,0.012435,0.435020,0.043388,0.468570
272,-8.262694,-5.271987,-0.055042,0.122205,-0.132093,-0.065504
273,-8.171184,-5.252944,0.006331,0.534205,-0.551722,-0.576689
274,-8.216445,-5.299299,-0.049481,-0.038017,-1.192611,-1.446466
275,-8.234416,-5.279866,0.014932,0.045909,-0.124463,-0.462244
276,-8.236987,-5.287349,-0.023127,-0.198239,1.103907,-0.508022
277,-8.180528,-5.268472,-0.069275,-0.137202,1.065759,-0.652985
278,-8.208961,-5.294765,-0.023591,-0.228758,-0.139722,-0.515652
279,-8.178157,-5.272056,0.018869,-0.053276,-0.299945,-0.874244
280,-8.205070,-5.322532,-0.071117,0.305316,-0.902685,-0.843726
281,-8.153647,-5.277332,-0.029829,-0.152461,-0.727204,-0.584319
282,-8.182858,-5.274045,0.055782,-1.113795,1.325166,-0.843726
283,-8.199659,-5.275112,-0.030809,-0.480535,0.806351,-0.355430
284,-8.216495,-5.281828,-0.075042,0.221390,-0.681426,0.567755
285,-8.262115,-5.329534,-0.015225,0.213761,-0.559352,0.422792
286,-8.191262,-5.324999,0.012545,-0.007499,0.264648,-0.347800
287,-8.277182,-5.275478,-0.048231,0.457909,-0.772982,-0.416467
288,-8.214443,-5.257099,-0.027339,0.587612,-0.261797,0.705089
289,-8.206493,-5.315504,0.041987,0.496057,-0.025278,1.033162
290,-8.239410,-5.332718,-0.016463,0.869908,-1.459648,-0.294393
291,-8.173673,-5.279955,0.034366,-0.442387,1.279388,-0.149430
292,-8.220858,-5.284239,0.025853,-0.015128,-0.010019,0.033681
293,-8.213525,-5.300839,-0.000683,-0.099054,-0.063426,-0.210467
294,-8.267274,-5.324339,-0.072353,-0.465276,0.524055,-0.416467
295,-8.252110,-5.321701,-0.040989,-0.755202,0.783462,-1.400689
296,-8.117252,-5.252491,0.043808,-0.434758,1.378574,-1.248096
297,-8.124150,-5.246068,-0.016312,0.450279,0.806351,-0.508022
298,-8.253739,-5.343845,-0.028286,0.526575,-0.330463,0.773755
299,-8.261154,-5.361691,-0.026344,0.244279,-0.521204,-0.256245
300,-8.269361,-5.329801,-0.055275,-0.251647,0.287536,-1.087874
301,-8.183202,-5.306251,-0.036936,-0.457647,0.348574,-0.164689
302,-8.206713,-5.345863,0.031398,-0.823869,0.493537,-0.370689
303,-8.162838,-5.312655,-0.089806,-0.694165,0.356203,-1.324392
304,-8.184242,-5.274132,-0.019949,-0.953573,0.859758,-1.469355
305,-8.233931,-5.330056,-0.066284,-0.358461,-0.666167,-0.179948
306,-8.127613,-5.312407,0.004807,-0.060906,-0.757722,-0.446985
307,-8.066375,-5.250873,-0.092509,1.060649,-0.078685,-0.302022
308,-8.292246,-5.350725,-0.017207,0.290057,1.081018,1.185755
309,-8.340088,-5.374306,0.006317,0.381612,-0.574611,1.193385
310,-8.259108,-5.370484,-0.053134,0.442650,-0.544093,-0.431726
312,-8.068192,-5.265097,-0.013641,-0.106684,0.371462,-0.706392
313,-8.186320,-5.280776,-0.004610,-0.221128,0.669018,0.033681
314,-8.207399,-5.267605,0.018189,0.328205,-0.910315,-0.080763
315,-8.174406,-5.316201,0.012138,1.091168,-2.344685,0.499089
316,-8.206542,-5.381374,-0.013125,1.022501,-0.925574,1.139977
317,-8.270561,-5.408673,0.054152,0.190872,0.379092,0.491459
318,-8.186262,-5.337395,-0.014705,-0.144832,0.508796,-0.378319
319,-8.170506,-5.291470,-0.034018,-0.366091,0.760573,-1.087874
320,-8.182516,-5.286036,0.064228,-0.160091,0.394351,-0.675874
321,-8.205861,-5.340416,-0.072561,0.572353,-0.948463,0.102348
322,-8.203646,-5.359799,-0.031661,-0.068536,0.234129,0.056570
323,-8.273160,-5.374654,-0.034564,0.068798,-0.017649,-0.477504
324,-8.172050,-5.327510,0.004768,-0.137202,0.287536,-1.225207
325,-8.137274,-5.304057,0.019126,-0.358461,0.852129,-1.103133
326,-8.185925,-5.336340,0.005823,-0.045647,-0.086315,-0.164689
327,-8.164449,-5.366817,-0.017232,0.068798,-0.338093,-0.179948
328,-8.218239,-5.351478,-0.006292,-0.221128,0.226500,-0.294393
329,-8.150881,-5.380969,0.029083,0.145094,-0.139722,-0.446985
330,-8.178664,-5.335780,-0.089697,-0.526313,-0.834019,-2.354392
331,-8.167494,-5.298004,0.048325,-0.770461,1.309907,-1.621948
332,-8.157753,-5.384016,0.048366,0.167983,0.501166,0.468570
333,-8.166993,-5.386444,-0.023375,0.106946,-1.238389,-0.363059
334,-8.142484,-5.346635,-0.031831,-0.259276,0.180722,-0.363059
335,-8.182167,-5.387599,-0.007818,0.221390,0.859758,0.010792
336,-8.137856,-5.311463,-0.033566,-0.190610,-0.536463,-0.462244
337,-8.175745,-5.352143,0.035668,0.084057,-0.055797,-0.034985
338,-8.171366,-5.373151,-0.042491,0.175613,0.325685,0.270200
339,-8.109729,-5.347003,-0.021767,0.152723,-0.696685,-0.332541
340,-8.190704,-5.332141,0.009168,0.053538,-0.429648,-0.553800
341,-8.157845,-5.379022,0.014820,0.267168,0.768203,0.407533
342,-8.207549,-5.411526,-0.054252,0.045909,-0.086315,0.010792
343,-8.154585,-5.359343,0.012173,-0.205869,0.234129,-0.973430
344,-8.141672,-5.319542,0.021085,-0.114313,0.638499,-0.485133
345,-8.165856,-5.391821,-0.023838,0.419760,-0.269426,0.605903
346,-8.120874,-5.369329,0.031826,0.129835,-0.231278,-0.012096
347,-8.199796,-5.407748,-0.004281,-0.251647,0.272277,-0.248615
348,-8.159308,-5.386557,-0.016760,-0.366091,0.615610,-0.317282
349,-8.144246,-5.376850,0.028555,-0.190610,0.035759,-0.523282
350,-8.165680,-5.370975,-0.018354,-0.274536,0.401981,-0.446985
351,-8.143904,-5.358596,-0.025770,-0.274536,0.424870,-0.591948
352,-8.147358,-5.373914,0.040174,-0.099054,-0.048167,-0.172319
353,-8.172441,-5.351427,0.012834,0.190872,-0.170241,0.094718
354,-8.143945,-5.386790,-0.002944,0.686797,-0.566982,0.811903
355,-8.172627,-5.360715,-0.026316,0.221390,-0.757722,0.674570
356,-8.159883,-5.379122,0.032973,0.328205,-0.086315,0.178644
357,-8.201540,-5.403262,-0.049001,-0.388980,0.241759,-0.363059
358,-8.144873,-5.348685,0.010999,-0.488165,-0.124463,-0.675874
359,-8.195221,-5.374380,-0.003635,-0.106684,0.577463,0.018422
360,-8.143987,-5.354484,-0.015871,0.129835,0.775833,0.071829
361,-8.146764,-5.421378,-0.001771,0.251909,-0.071056,-0.057874
362,-8.184717,-5.384989,-0.038435,-0.472906,0.195981,-0.996318
363,-8.224241,-5.357365,-0.009826,-0.251647,0.981833,-1.377800
364,-8.172041,-5.396603,0.077065,-0.060906,0.806351,-0.736911
365,-8.158355,-5.434434,0.003518,0.351094,-1.299426,-0.660615
366,-8.154345,-5.401937,-0.043955,-0.236388,0.005240,-1.179429
367,-8.130500,-5.379354,0.027122,-0.892536,1.203092,-1.934763
368,-8.113978,-5.405714,0.020320,-0.457647,0.234129,-1.919503
369,-8.146609,-5.365844,-0.008670,-0.152461,-0.299945,-1.530392
370,-8.101051,-5.400907,-0.002980,0.045909,0.348574,-0.317282
371,-8.116909,-5.446599,-0.110435,0.480797,-0.834019,0.361755
372,-8.106498,-5.382207,-0.026327,0.183242,0.089166,-0.538541
373,-8.146574,-5.407937,0.040824,-0.007499,1.058129,-0.920022
374,-8.141778,-5.442681,-0.035897,0.183242,-0.689056,-0.614837
375,-8.158833,-5.488946,-0.054163,-0.366091,0.440129,-1.599059
376,-8.175431,-5.481002,0.031618,-0.976461,1.790573,-3.330984
377,-8.255867,-5.567319,-0.068181,-1.304535,0.226500,-5.116317
378,-8.191862,-5.594879,0.041033,-1.724165,0.813981,-8.122390
379,-8.119487,-5.586045,0.048215,-2.616831,0.516425,-11.555722
380,-8.191297,-5.708209,-0.147574,-2.998313,-2.802462,-15.652833
381,-7.942006,-5.739892,-0.033327,-1.823350,-3.244981,-18.224018
382,-7.892033,-5.851994,-0.023764,-2.899128,0.432499,-20.139053
383,-7.703978,-5.871382,-0.060644,-1.998831,0.386722,-21.161425
384,-7.719407,-5.966679,-0.065053,-3.128016,0.485907,-21.375053
385,-7.685354,-6.088306,-0.036271,-3.715498,1.042870,-22.076979
386,-7.577485,-6.284044,-0.092632,-2.632090,-0.231278,-23.381645
387,-7.447481,-6.334953,-0.154758,-2.609202,0.936055,-24.610016
388,-7.453878,-6.590461,-0.217033,-3.570535,4.094720,-28.203569
389,-7.416895,-6.671230,-0.326864,-3.265349,8.367311,-34.223343
390,-7.103779,-6.730273,-0.224303,-2.098017,9.847460,-38.556973
391,-6.983399,-6.847260,-0.296545,-1.823350,8.252867,-40.166824
392,-6.693089,-6.890709,-0.174200,-0.854387,6.559090,-38.663788
393,-6.505419,-7.053830,-0.220736,0.442650,5.178128,-35.657715
394,-6.447412,-7.155207,-0.310974,1.686279,5.345979,-35.009197
395,-6.347020,-7.247513,-0.297230,1.175094,6.849016,-37.794010
396,-6.238494,-7.576666,-0.118108,1.182723,5.613017,-38.480675
397,-5.967570,-7.677616,-0.208118,2.884130,0.470648,-36.115494
398,-5.821736,-7.905000,-0.314170,2.823093,-4.198684,-32.270161
399,-5.775488,-8.028699,-0.259866,1.190353,-2.382833,-30.393274
400,-5.595191,-7.993131,-0.204031,2.449241,-1.574093,-28.890236
401,-5.419868,-8.000324,-0.172149,3.105389,-2.306537,-28.371422
402,-5.373148,-8.170356,-0.149837,2.945167,-1.818241,-30.034681
403,-5.195866,-8.253700,-0.063680,2.433982,-3.191574,-31.438532
404,-4.942632,-8.349026,-0.167653,4.982278,-6.205276,-30.370384
405,-4.958611,-8.399806,-0.135929,3.746278,-3.344166,-30.522978
406,-4.735672,-8.461813,-0.001115,4.791537,0.409611,-29.790533
407,-4.646614,-8.661944,0.093633,4.455834,-0.414389,-28.638458
408,-4.598982,-8.762143,0.020179,5.264574,-2.955055,-28.707127
409,-4.319193,-8.854606,0.170218,2.746797,-1.436759,-32.216751
410,-4.166628,-8.907298,-0.015829,-2.616831,1.142055,-32.651642
411,-3.897377,-8.934893,0.175041,-1.396091,0.203611,-30.767126
412,-3.843771,-8.879754,-0.028533,0.480797,-0.185500,-26.380089
413,-3.704798,-8.894553,0.031505,0.854649,0.134944,-27.242237
415,-3.346343,-9.196086,0.015681,-1.121424,0.745314,-36.039196
416,-3.444273,-9.321759,-0.063204,-2.960164,4.682202,-38.320454
417,-2.654064,-9.356760,0.252875,-1.083276,5.223905,-50.970375
418,-2.634208,-9.501031,0.115121,-0.884906,3.606424,-51.962227
419,-2.352060,-9.563301,0.025207,1.197982,2.378054,-45.507565
420,-2.146995,-9.549195,0.043214,1.991464,1.515906,-37.122604
421,-1.931206,-9.572280,0.076217,2.250871,2.248351,-36.367271
422,-1.801968,-9.629788,0.020653,0.938575,2.416203,-33.918159
423,-1.559900,-9.568295,0.221634,0.930946,0.966573,-31.354605
424,-1.522460,-9.671988,-0.032716,-0.411869,0.768203,-27.913645
425,-1.312547,-9.650485,-0.057588,-0.289795,2.416203,-30.660311
426,-1.047180,-9.543548,0.096072,-0.656017,2.255981,-30.484829
427,-0.963805,-9.673202,0.096667,-2.441350,1.485388,-25.502682
428,-0.830926,-9.797156,-0.022139,-5.638164,4.613535,-20.734165
429,-0.697013,-9.431231,0.129297,-7.194608,5.101831,-11.853278
430,-0.725548,-9.798365,-0.076892,-8.506903,3.377535,-2.774022
431,-0.619423,-9.921094,-0.071854,-7.591348,5.071313,-1.293874
432,-0.777794,-9.784070,-0.272475,-4.615793,7.474645,0.422792
433,-0.790645,-9.824124,-0.151685,-2.708387,5.269683,2.711681
434,-0.850957,-9.838959,-0.261796,-0.350832,1.111536,5.069236
435,-0.825877,-9.651462,-0.136254,1.457390,-0.902685,5.015828
436,-0.803616,-9.840224,-0.135218,1.877019,-1.711426,3.642495
437,-0.857599,-9.797989,-0.130651,3.196945,-1.352833,2.200495
438,-0.868498,-9.740414,-0.069151,3.471611,-1.856389,1.155237
439,-0.849879,-9.718596,-0.055680,4.638944,-2.672759,1.407014
440,-0.874923,-9.727230,-0.068941,1.869390,0.287536,1.132348
441,-0.879892,-9.789553,-0.020933,1.518427,-0.292315,0.171015
442,-0.883684,-9.805634,-0.020124,1.259020,0.249389,0.071829
443,-0.878516,-9.698726,-0.043137,1.083538,0.295166,0.262570
444,-0.869246,-9.732769,-0.051116,1.083538,-0.162611,0.872940
445,-0.859197,-9.773843,0.010888,2.998575,-1.398611,-0.553800
446,-0.896819,-9.813810,-0.029043,1.739686,-1.169722,-1.263355
447,-0.869221,-9.779613,-0.005055,0.908057,-1.200241,-2.323873
448,-0.840789,-9.782973,0.012607,0.770723,-2.008981,-3.300466
449,-0.832845,-9.758942,-0.023477,-0.556832,-1.246019,-3.247059
450,-0.867428,-9.793865,-0.017664,-0.663647,0.348574,-2.247577
451,-0.776158,-9.716813,0.023844,-0.244017,-0.467796,-3.567503
452,-0.728458,-9.722660,0.029622,0.023020,-0.948463,-4.628021
453,-0.736449,-9.784685,-0.054481,-0.457647,-0.948463,-4.116836
454,-0.698623,-9.797704,0.057449,-0.343202,-0.795870,-4.032910
455,-0.716607,-9.817434,-0.001823,-0.869646,0.089166,-3.735355
456,-0.730831,-9.747544,0.005975,-0.930683,0.363833,-3.544614
457,-0.641190,-9.759970,-0.044781,-0.358461,-0.246537,-4.071058
458,-0.637569,-9.754939,0.002147,-0.152461,-0.902685,-3.285206
459,-0.617981,-9.772403,-0.092199,0.160353,-0.933204,-3.361503
460,-0.698220,-9.859796,-0.028241,-0.015128,0.432499,-1.789800
461,-0.608282,-9.832325,0.024140,0.541835,-0.162611,-2.110244
462,-0.535848,-9.742503,-0.035327,0.343464,-0.895056,-1.980540
463,-0.537625,-9.750483,0.001170,0.084057,-1.383352,-2.430688
464,-0.545238,-9.752705,-0.013029,-0.060906,-0.429648,-2.796910
465,-0.567853,-9.768161,0.009685,0.099316,-0.406759,-2.857948
466,-0.560374,-9.842225,0.010631,0.328205,-0.399130,-2.026318
467,-0.541605,-9.751831,-0.060507,0.961464,0.051018,-1.675355
468,-0.491782,-9.757829,-0.034730,-0.327943,-0.093945,-1.965281
469,-0.538125,-9.754290,-0.054521,-0.221128,0.508796,-1.507503
470,-0.536669,-9.777303,-0.004767,0.229020,1.187832,-0.439356
471,-0.526559,-9.863430,0.012303,0.396872,0.325685,-0.927652
472,-0.500476,-9.747821,-0.001643,0.038279,-0.147352,-1.034466
473,-0.545818,-9.663425,-0.069281,0.435020,0.295166,1.559607
474,-0.530311,-9.689088,0.000763,1.373464,-0.063426,3.558569
475,-0.537128,-9.956656,0.049034,0.908057,-0.269426,3.444125
476,-0.532974,-9.919044,0.040203,0.908057,-0.139722,0.758496
477,-0.556013,-9.921367,-0.028300,-0.610239,0.043388,0.071829
478,-0.519462,-9.758844,-0.022951,0.091686,-1.368093,-0.401207
479,-0.539583,-9.744321,-0.025980,0.198501,-0.666167,-0.935281
480,-0.564798,-9.801668,0.019762,-0.411869,0.531685,-0.759800
481,-0.560168,-9.790516,0.041363,-0.480535,-0.032908,-0.843726
482,-0.538895,-9.823170,-0.013347,-0.343202,-1.146833,-1.118392
483,-0.536694,-9.799264,-0.022550,-0.640758,-0.711945,-1.240467
484,-0.507530,-9.697867,0.033669,-0.511054,0.394351,-0.462244
485,-0.546029,-9.786012,-0.028270,-0.373720,0.127314,-0.157059
486,-0.528492,-9.788744,-0.000279,-0.213498,-0.559352,-0.805578
487,-0.493109,-9.812449,0.016144,-0.007499,-0.795870,-0.599578
488,-0.495740,-9.748783,-0.043782,0.198501,0.493537,-0.302022
489,-0.552188,-9.838830,0.027753,-0.175351,0.951314,-0.111282
490,-0.521797,-9.736848,-0.007564,0.312946,-0.002389,-0.340170
491,-0.522001,-9.836304,-0.036233,0.099316,-0.826389,-0.645356
492,-0.507371,-9.819098,-0.041536,0.412131,-0.284686,-0.538541
493,-0.486384,-9.820441,0.042838,-0.129573,0.150203,-0.134170
494,-0.516784,-9.815368,0.039776,-0.091424,0.356203,-0.317282
495,-0.526446,-9.752160,-0.031435,-0.015128,0.241759,-0.446985
496,-0.506726,-9.728621,-0.009170,0.076427,-0.658537,-0.874244
497,-0.491907,-9.780424,0.044328,0.396872,-0.460167,-0.477504
498,-0.521661,-9.830200,0.033498,0.877538,-0.132093,0.087089
499,-0.474532,-9.854425,-0.068964,-0.213498,-0.544093,-0.538541
500,-0.492880,-9.738196,-0.024554,-0.457647,-0.368611,-0.668244
501,-0.494560,-9.733963,0.060428,0.167983,-0.742463,-0.836096
502,-0.494785,-9.767299,-0.042243,0.641019,-0.948463,-0.698763
503,-0.508117,-9.775268,0.008689,0.061168,-0.193130,-0.401207
504,-0.523550,-9.852470,0.065564,-0.152461,-0.864537,-0.317282
505,-0.497814,-9.835199,0.034664,0.221390,-1.596981,-0.569059
506,-0.461905,-9.742986,0.025464,0.175613,-1.802981,-0.469874
507,-0.463169,-9.836433,-0.008033,0.106946,-1.513055,-0.324911
508,-0.456635,-9.742201,-0.010242,-0.236388,-0.536463,-0.721652
509,-0.492802,-9.782047,0.020278,-0.198239,-0.116834,-0.736911
510,-0.491726,-9.788642,0.023358,0.343464,-0.566982,-0.691133
512,-0.480610,-9.766923,-0.028464,-0.274536,0.409611,-0.279133
513,-0.462493,-9.767589,0.047624,0.450279,0.463018,-0.103652
514,-0.503220,-9.825670,0.044940,0.167983,-0.483056,0.018422
515,-0.453284,-9.901320,-0.044769,0.213761,-0.872167,0.186274
516,-0.440258,-9.802740,0.008238,-0.327943,-0.071056,-0.065504
517,-0.439122,-9.737828,0.025833,-0.556832,0.287536,-0.576689
518,-0.501756,-9.788484,0.013173,-0.495795,0.463018,0.521977
519,-0.484620,-9.821366,-0.000536,-0.656017,0.272277,0.567755
520,-0.417942,-9.794562,-0.178080,-0.312684,-0.948463,-0.920022
521,-0.496703,-9.700018,-0.017714,-0.556832,-0.063426,-0.637726
522,-0.491264,-9.854257,0.019894,-0.701794,-0.071056,0.163385
523,-0.463672,-9.898066,0.019512,0.129835,-0.856908,-0.050245
524,-0.460173,-9.797314,-0.063279,-0.503424,-0.406759,-0.263874
525,-0.459055,-9.722918,-0.035886,-0.053276,-0.536463,-0.813207
526,-0.457709,-9.745984,0.022083,0.160353,-0.200760,-0.759800
527,-0.477552,-9.810514,-0.027589,0.084057,0.356203,0.735607
528,-0.443816,-9.861117,-0.001310,0.251909,-0.307574,0.117607
529,-0.443509,-9.778524,-0.040401,0.442650,-0.246537,-1.293874
530,-0.496229,-9.770665,0.018236,-0.717054,0.867388,-0.439356
531,-0.451172,-9.806273,0.016298,-0.045647,-0.116834,-0.057874
532,-0.424031,-9.740870,-0.077091,0.923316,-0.956093,-0.874244
533,-0.448104,-9.829688,0.034402,-0.083795,-0.780611,-0.744541
534,-0.427787,-9.844120,0.022761,0.671538,-1.146833,-0.630096
535,-0.403853,-9.803410,-0.031500,0.686797,-0.978982,-1.316763
536,-0.446977,-9.786437,-0.011569,-0.564462,-0.399130,-1.255726
537,-0.418331,-9.783470,-0.049185,0.206131,-0.574611,-0.538541
538,-0.440739,-9.779241,0.065303,-0.152461,-0.101574,-0.141800
539,-0.411004,-9.787909,-0.019610,0.381612,-0.971352,-0.439356
540,-0.430437,-9.882487,-0.037024,0.167983,-0.292315,0.239681
541,-0.408696,-9.752378,0.018508,0.328205,-0.071056,-0.195208
542,-0.417440,-9.777987,0.023502,0.038279,-0.620389,-0.416467
543,-0.398224,-9.799482,-0.001528,0.480797,-0.292315,-0.446985
544,-0.421200,-9.755797,0.011274,0.145094,-0.116834,-0.164689
545,-0.420538,-9.809745,0.048091,0.106946,-0.223648,-0.111282
546,-0.413014,-9.874304,-0.035647,0.305316,0.012870,-0.309652
547,-0.425643,-9.749658,-0.008884,0.145094,0.432499,-0.195208
548,-0.424505,-9.708172,0.032621,0.358723,0.455388,-0.347800
549,-0.437097,-9.794086,-0.041742,0.724946,0.508796,0.384644
550,-0.427785,-9.807643,0.010345,0.526575,-0.460167,-0.401207
551,-0.419706,-9.853536,-0.008588,-3.089869,-2.550685,-0.080763
552,-0.418353,-9.777834,0.092143,-1.441869,-1.574093,-0.240985
553,-0.445332,-9.772287,0.012263,0.442650,0.829240,-0.736911
554,-0.430747,-9.796345,-0.161289,-0.419498,1.187832,-1.156541
555,-0.439225,-9.835455,-0.008737,0.328205,-0.727204,-1.148911
556,-0.371333,-9.864096,-0.012686,-0.160091,-1.284167,-0.317282
557,-0.365224,-9.747236,-0.007696,-0.297425,-0.025278,0.087089
558,-0.432015,-9.801991,-0.026232,-0.686535,1.225981,0.583014
559,-0.423825,-9.757081,-0.062112,0.129835,0.134944,-0.332541
560,-0.409673,-9.765314,-0.009440,0.412131,-0.406759,-0.752170
561,-0.387997,-9.830976,0.055606,0.030649,-0.086315,-0.591948
562,-0.360731,-9.825130,-0.055449,0.396872,-0.132093,0.003163
563,-0.393442,-9.807238,-0.008328,-0.892536,1.119166,1.483311
564,-0.456137,-9.798016,-0.052620,0.389242,0.531685,-0.385948
565,-0.427390,-9.771265,0.013197,0.404501,-0.536463,-1.080244
566,-0.365281,-9.775738,-0.028880,0.373983,0.478277,0.438052
567,-0.368934,-9.788787,-0.035754,0.450279,0.722425,0.865311
568,-0.391645,-9.742593,0.049191,-0.457647,-0.063426,0.132866
569,-0.418439,-9.868937,-0.027643,-0.022758,0.051018,-0.584319
570,-0.406402,-9.833417,-0.001649,0.122205,0.829240,-0.477504
571,-0.408480,-9.778377,-0.020909,0.160353,0.470648,-0.584319
572,-0.370645,-9.678995,-0.033726,0.549464,-0.391500,-1.080244
573,-0.423138,-9.752589,-0.019928,0.671538,0.310425,-0.317282
574,-0.393678,-9.844422,0.021116,0.511316,0.112055,-0.408837
575,-0.344818,-9.778528,0.003867,0.465538,-0.834019,-0.843726
576,-0.382839,-9.821057,-0.008441,-0.068536,-0.132093,-0.324911
577,-0.380182,-9.849418,0.036156,-0.129573,0.440129,-0.012096
578,-0.375899,-9.761925,-0.027593,0.229020,-0.452537,-0.866615
579,-0.410519,-9.723610,0.001503,0.480797,0.440129,-0.218096
580,-0.365809,-9.797345,-0.008535,0.587612,0.813981,0.354126
581,-0.360340,-9.852816,-0.019714,0.511316,0.081537,-0.569059
582,-0.395861,-9.817013,0.029950,0.412131,0.821611,0.064200
583,-0.372082,-9.795353,0.059962,0.419760,0.180722,-0.027356
584,-0.351682,-9.834658,0.020031,0.099316,-0.002389,-0.096022
585,-0.368376,-9.750252,0.001686,0.290057,0.005240,-0.088393
586,-0.391886,-9.783047,0.031160,0.030649,-0.162611,-0.294393
587,-0.396557,-9.798965,0.008474,-0.129573,-0.086315,-0.126541
588,-0.382134,-9.840880,0.010722,-0.114313,-0.177871,0.300718
589,-0.350446,-9.806478,-0.002770,0.076427,0.073907,0.636422
590,-0.371314,-9.761471,-0.012250,-0.160091,0.562203,-0.157059
591,-0.420297,-9.769292,0.066122,-0.221128,-0.124463,-0.515652
592,-0.397182,-9.787410,-0.024032,0.122205,-0.711945,-0.149430
593,-0.354630,-9.799018,0.048649,0.007761,0.104426,0.460940
594,-0.338487,-9.814885,0.079792,-0.114313,-0.551722,-0.050245
595,-0.386067,-9.856144,-0.021938,0.541835,-0.498315,-1.034466
596,-0.380593,-9.795049,0.025745,-0.060906,-0.345723,-1.103133
597,-0.358536,-9.727075,0.002042,-0.106684,-0.483056,-0.469874
598,-0.352713,-9.750935,-0.007372,0.312946,-0.368611,-0.149430
599,-0.362409,-9.799248,0.003893,-0.121943,-0.132093,0.094718
600,-0.353922,-9.829223,0.013428,-0.099054,-0.132093,-0.042615
601,-0.381924,-9.755658,0.026158,0.190872,0.310425,0.277829
602,-0.392570,-9.790201,0.031279,0.084057,-0.124463,-0.134170
603,-0.345626,-9.766166,0.030615,0.244279,-0.727204,-0.469874
604,-0.334572,-9.812690,0.012342,0.129835,-0.063426,0.193904
605,-0.382729,-9.843246,0.008406,0.328205,0.508796,-0.073134
606,-0.394314,-9.860744,0.054271,-0.244017,0.089166,-0.637726
607,-0.351020,-9.753078,-0.046616,0.244279,-0.002389,-0.164689
608,-0.330584,-9.684403,0.007100,0.564724,0.867388,0.331237
609,-0.396593,-9.786526,0.022326,0.068798,1.500647,1.170496
610,-0.395970,-9.841680,0.060925,0.694427,0.249389,0.537237
611,-0.389136,-9.862680,-0.021879,0.511316,-0.292315,-0.767430
612,-0.378601,-9.789331,0.060891,0.167983,0.340944,0.041311
613,-0.368069,-9.773232,0.047895,-0.045647,0.363833,0.552496
615,-0.376678,-9.762591,0.075104,-0.495795,0.318055,0.285459
616,-0.388933,-9.868797,0.092090,-0.480535,-0.238908,-0.485133
617,-0.385081,-9.745034,0.048196,-0.007499,-0.551722,-0.370689
618,-0.394928,-9.791650,-0.017451,0.023020,0.249389,0.811903
619,-0.372990,-9.798762,0.035359,-0.251647,0.379092,0.560126
620,-0.335520,-9.793575,0.010793,0.328205,-0.536463,-0.721652
621,-0.371511,-9.738431,0.023116,0.793612,0.127314,-1.423577
622,-0.296660,-9.734324,0.019872,-1.274017,2.263610,-1.232837
623,-0.431785,-9.894705,0.008364,-0.518684,1.462499,-0.263874
624,-0.403668,-9.799755,0.047662,-0.282165,0.737685,0.392274
625,-0.359266,-9.849919,-0.008009,-0.175351,0.279907,0.247311
626,-0.332360,-9.829405,0.010938,-0.007499,0.501166,-0.073134
627,-0.381791,-9.785254,-0.010260,-0.137202,1.088647,0.193904
628,-0.422685,-9.756518,0.032384,-0.221128,0.188351,0.239681
629,-0.376556,-9.834010,0.047094,-0.450017,-0.841648,-0.340170
630,-0.341917,-9.815076,0.022800,0.213761,-0.238908,-0.622467
631,-0.314969,-9.790399,-0.047533,-0.297425,0.340944,-0.981059
632,-0.300394,-9.752448,0.059453,-1.144313,0.142574,-0.714022
633,-0.400357,-9.882083,-0.049916,-0.434758,1.248870,1.361237
634,-0.432196,-9.854573,-0.014692,-0.213498,1.950795,2.513310
635,-0.390441,-9.825357,-0.070137,0.351094,0.501166,1.696940
636,-0.432531,-9.728698,-0.101552,0.595242,0.287536,0.964496
637,-0.392201,-9.706683,0.033252,0.663909,-0.154982,1.750347
638,-0.407862,-9.790228,0.056789,0.877538,-0.834019,2.292051
639,-0.375767,-9.881973,-0.010097,0.419760,-0.605130,1.399385
640,-0.438124,-9.759588,-0.023625,-0.472906,-0.040538,1.986866
641,-0.437693,-9.787547,0.053783,0.396872,-0.109204,1.063681
642,-0.425090,-9.691265,-0.088013,0.892798,-1.474907,-0.225726
643,-0.521037,-9.854807,0.054508,0.068798,0.020500,1.010274
644,-0.444144,-9.893602,0.039194,0.709686,-0.605130,0.949237
645,-0.423192,-9.844255,0.036943,0.259538,-0.025278,0.972125
646,-0.446163,-9.699139,0.050203,-0.106684,0.501166,1.399385
647,-0.497680,-9.728075,-0.014277,-1.006980,0.531685,1.780866
648,-0.527508,-9.706702,0.043989,-0.839128,0.646129,2.971088
649,-0.515958,-9.799550,-0.008038,-0.961202,0.669018,4.252865
650,-0.531737,-9.921708,-0.010192,-1.693646,2.111017,5.359161
651,-0.516578,-9.747653,-0.004908,-1.632609,2.149166,4.352051
652,-0.561055,-9.686561,-0.068574,-2.952535,0.157833,3.871384
653,-0.535764,-9.839154,-0.128010,-2.098017,-1.207870,4.947162
654,-0.691404,-9.923515,-0.147809,1.480279,-1.268907,8.136346
655,-0.732240,-9.731926,-0.098806,1.724427,-1.375722,9.219753
656,-0.736265,-9.650833,0.006411,1.114057,-1.574093,10.287901
657,-0.785186,-9.589837,-0.127768,2.243241,-1.284167,14.362122
658,-0.890013,-9.566710,-0.049938,-0.755202,1.088647,22.396118
659,-1.188738,-9.887084,0.089605,-6.858904,2.835832,29.247524
660,-1.354517,-9.890384,-0.084494,-0.076165,-1.703796,24.654488
661,-1.292201,-9.708197,-0.020299,1.892279,-1.741944,20.786266
662,-1.381959,-9.566234,-0.069377,0.000131,-1.024759,21.953600
663,-1.587469,-9.661226,-0.126380,-1.144313,0.310425,26.256710
664,-1.910575,-9.744946,-0.100312,2.136427,-0.727204,28.751598
665,-1.977121,-9.550730,0.130044,4.776278,0.737685,28.469301
666,-2.164851,-9.398023,0.126890,4.967018,-1.329944,32.528263
667,-2.343863,-9.404498,0.000703,1.312427,-4.023203,35.152859
668,-2.655946,-9.505386,0.081893,3.586056,-5.793276,38.334412
669,-2.744756,-9.520735,0.090344,1.724427,-2.253129,36.060783
670,-2.980162,-9.422668,0.115404,1.541316,-1.497796,37.952930
671,-3.153699,-9.301033,-0.082894,-1.724165,-1.932685,41.630409
672,-3.409743,-9.182457,0.028218,-1.930165,0.012870,44.064262
673,-3.730921,-9.138011,-0.020832,-1.098535,0.165463,41.226040
674,-3.734760,-8.910909,0.111011,2.006723,-1.574093,32.230705
675,-3.988302,-8.988069,-0.050592,0.305316,1.821092,34.283081
676,-4.261198,-8.905000,-0.142803,-3.868090,4.941609,35.030785
677,-4.414511,-8.792160,0.153025,-1.441869,2.339906,30.491154
678,-4.494015,-8.754366,-0.130407,2.273760,-2.138685,29.377228
679,-4.531213,-8.619724,-0.046232,-0.526313,-0.261797,27.691080
680,-4.546497,-8.430231,0.013308,-0.717054,1.119166,32.413818
681,-4.821427,-8.305443,-0.068572,-2.128535,1.317536,36.007374
682,-4.999023,-8.267333,-0.171498,-3.166164,-0.750093,36.633003
683,-5.255444,-8.232582,-0.106956,-2.510016,-0.757722,34.466190
684,-5.619845,-8.272649,-0.219282,-2.693127,-0.154982,34.084709
685,-5.694923,-8.125896,-0.109110,-1.937795,2.782425,35.519081
686,-5.784830,-7.978372,-0.187050,-2.723646,4.613535,34.542488
687,-5.936111,-7.913801,-0.176669,1.136945,-1.230759,28.850782
688,-6.034537,-7.857322,-0.280082,2.098278,-1.772463,22.525822
689,-6.322960,-7.813528,-0.184670,-1.518165,2.751906,21.129601
690,-6.192028,-7.576588,-0.104250,1.625242,-1.574093,20.488712
691,-6.153277,-7.571655,-0.000851,4.593167,-5.488091,18.466860
692,-6.140961,-7.378542,-0.258894,5.569759,-7.555720,18.886490
693,-6.209681,-7.401621,-0.373717,0.732575,-1.001871,19.962267
694,-6.508249,-7.396566,-0.179786,-10.421939,9.450720,20.183527
695,-6.764191,-7.308773,0.075683,-5.577127,4.483832,21.579748
696,-6.792629,-7.194209,-0.066705,0.831761,-0.765352,24.494267
697,-6.793652,-6.995716,-0.216550,3.669982,-1.314685,27.294338
698,-6.722540,-6.708990,-0.000953,1.106427,3.705609,30.071524
699,-6.970333,-6.605095,-0.028485,-0.785721,3.217313,38.403080
700,-7.305111,-6.447155,-0.077580,0.442650,-0.864537,44.384705
701,-7.424968,-6.403475,-0.110182,4.287982,-4.892980,47.650188
702,-7.629889,-6.262122,-0.359370,5.546870,-7.693054,44.232113
703,-7.789071,-6.124855,-0.050032,2.731538,-4.618314,37.952930
704,-7.844368,-5.961959,-0.063584,4.089611,-6.235795,33.665081
705,-7.874862,-5.836526,-0.131684,4.059093,-5.449943,31.551672
706,-8.029182,-5.639383,-0.133810,1.457390,-2.886388,31.681376
707,-7.909589,-5.413890,-0.020544,1.579464,-2.604092,32.276485
708,-8.067779,-5.383832,-0.105906,-0.778091,-2.161574,32.375671
709,-8.189849,-5.056800,-0.033502,-4.379275,0.875018,31.605078
710,-8.457176,-4.912313,-0.309257,-5.920460,-0.856908,34.138115
712,-8.875752,-4.686868,0.111105,-8.003348,-0.566982,42.065300
713,-8.723022,-4.482053,-0.126684,-2.410831,-5.335498,38.807449
714,-8.794852,-4.237058,-0.262409,-0.984091,-6.495202,33.573524
715,-8.849028,-4.086951,-0.147178,-1.045128,-3.519648,29.239895
716,-8.961884,-3.928625,0.070577,-2.998313,0.180722,25.089376
717,-9.032047,-3.771786,0.000496,-3.181424,1.874499,23.265896
718,-9.037390,-3.556686,0.144856,-1.144313,-5.884832,22.281673
719,-8.962409,-3.480763,-0.073339,2.327167,-10.638090,25.280117
720,-9.032052,-3.343526,0.024210,3.563167,-7.166609,30.903152
721,-9.088248,-3.198269,0.062612,3.189315,-2.642240,36.068413
722,-9.314950,-3.008171,0.144822,-0.343202,1.180203,40.608040
723,-9.450099,-2.787752,0.206033,0.389242,-1.070537,44.621223
724,-9.468766,-2.544461,0.073773,4.745759,-5.861943,46.170040
725,-9.658545,-2.336691,0.138801,3.227463,-5.373647,45.368927
726,-9.618579,-2.219076,0.072285,3.105389,-6.388387,42.027153
727,-9.698933,-1.915642,0.045041,1.609982,-3.710388,38.342041
728,-9.500000,-1.631369,0.091342,0.099316,0.714796,36.839005
729,-9.629210,-1.366534,0.195276,-0.877276,-0.223648,34.946857
730,-9.726111,-1.256512,0.204747,-0.717054,-0.826389,35.366486
731,-9.710819,-1.129255,0.158087,-0.594980,-0.910315,35.557228
732,-9.923787,-0.867241,0.081959,-0.297425,-1.070537,33.802414
733,-9.707406,-0.643876,0.110971,0.602872,-0.658537,31.444857
734,-9.650112,-0.525819,0.225553,-0.289795,0.386722,28.934710
735,-9.813979,-0.308124,0.105478,-0.228758,-1.261278,28.179377
736,-9.625664,-0.169586,0.279865,-0.686535,-0.391500,30.048635
737,-9.739578,0.066805,0.332410,-1.472387,0.203611,31.086264
738,-9.728456,0.182244,0.274149,-0.030387,-1.810611,34.954487
739,-9.669213,0.347777,-0.029371,1.419242,-1.474907,34.489079
740,-9.709078,0.489410,-0.097964,-0.450017,0.897907,29.346708
741,-10.040674,0.620460,0.218535,-0.800980,1.790573,18.428713
742,-9.854593,0.608413,0.156829,-2.342164,-0.658537,6.457827
743,-9.679029,0.716711,0.228818,-2.189572,-2.115796,-1.682985
744,-9.576037,0.747563,0.202177,-1.357942,-2.169203,-1.431207
745,-9.569283,0.698050,0.099949,-0.823869,-2.077648,1.223903
746,-9.724682,0.713172,0.195675,-0.076165,-0.696685,2.200495
747,-9.855110,0.749648,0.366632,0.610501,1.058129,2.612495
748,-9.761082,0.656004,0.138484,0.633390,-2.054759,3.940050
749,-9.727350,0.684888,0.236054,0.381612,-0.902685,2.055533
750,-9.788545,0.800713,0.129360,-0.213498,0.775833,-0.347800
751,-9.691881,0.805667,0.330187,-0.816239,1.493018,-1.431207
752,-9.570455,0.787063,0.267283,-1.708906,-1.268907,-1.057355
753,-9.634093,0.804134,0.300878,-1.762313,-2.825351,-0.958170
754,-9.703602,0.716025,0.277039,-0.617869,-2.283648,-0.736911
755,-9.811249,0.689132,0.252456,-0.465276,-3.061870,-1.225207
756,-9.761438,0.665925,0.263880,0.831761,-1.108685,-3.147873
757,-9.677689,0.666949,0.263224,0.969093,-0.177871,-4.864539
758,-9.668901,0.705036,0.266215,1.602353,-1.268907,-4.696688
759,-9.707573,0.577958,0.227298,2.571315,-2.436240,-2.323873
760,-9.651340,0.611556,0.211389,1.365834,1.225981,-2.850318
761,-9.853275,0.686780,0.397182,2.624723,4.636425,-5.833502
762,-9.715821,0.680711,0.219935,3.914130,2.233091,-5.627502
763,-9.687757,0.462150,0.207559,5.874944,1.637981,-2.316244
764,-9.744334,0.458916,0.052120,6.515833,2.706128,-0.271504
765,-9.720633,0.497433,-0.031447,5.516351,4.758499,-2.079725
766,-9.782282,0.535962,0.275852,5.836796,6.925313,-2.575651
767,-9.863371,0.561432,0.145200,4.165908,5.117091,-0.820837
768,-9.793085,0.462477,0.123243,2.937538,3.995535,-2.499355
769,-9.697605,0.508656,0.135482,1.426871,1.363314,-3.887947
770,-9.681964,0.496403,0.162438,1.342945,-0.551722,-3.849799
771,-9.729996,0.445434,0.086116,0.412131,-1.856389,-3.117355
772,-9.662313,0.406606,0.088807,0.351094,-1.612241,-2.918985
773,-9.716138,0.386053,0.204877,0.862279,-0.284686,-2.911355
774,-9.652876,0.385993,0.125182,0.885168,-0.994241,-1.690614
775,-9.748625,0.393952,0.046787,0.930946,-0.727204,-1.133652
776,-9.791229,0.417107,0.033163,0.351094,-0.704315,-1.744022
777,-9.803109,0.403628,0.194558,0.267168,0.035759,-1.553281
778,-9.808495,0.303131,0.149957,0.473168,-0.780611,-2.529874
779,-9.776812,0.341978,0.095890,0.007761,-1.436759,-4.513577
780,-9.668032,0.292322,0.236360,0.152723,-0.055797,-3.765873
781,-9.771297,0.281493,0.121777,-0.488165,-0.635648,-2.064466
782,-9.749398,0.274956,0.178097,-0.350832,-0.185500,-1.370170
783,-9.844865,0.262295,0.149976,-0.221128,-0.368611,-1.225207
784,-9.764091,0.282026,0.030363,-0.282165,0.852129,-2.094985
785,-9.756570,0.286896,0.278082,-0.312684,2.133906,-2.972392
786,-9.716399,0.213013,0.114783,-0.312684,-1.146833,-2.278096
787,-9.709071,0.218057,0.063194,-0.236388,-1.047648,-1.347281
788,-9.747416,0.245369,0.137609,0.122205,2.172054,0.033681
789,-9.720735,0.306104,0.119416,0.267168,1.180203,0.186274
790,-9.706452,0.263235,0.176258,0.991983,0.020500,1.124718
791,-9.773763,0.254793,0.193234,0.404501,-0.315204,-0.500393
792,-9.597072,0.280283,0.061974,0.595242,-2.520166,-1.492244
793,-9.711586,0.199948,0.280619,0.854649,-1.619870,-0.714022
794,-9.733891,0.272128,0.223655,1.182723,-3.405203,-1.438837
795,-9.773671,0.286863,0.125149,1.602353,-2.787203,-2.011058
796,-9.902696,0.236812,0.113472,1.053020,-1.482537,-0.103652
797,-9.856428,0.193792,0.148668,0.259538,-0.872167,0.224422
798,-9.820518,0.193483,0.236263,-0.015128,-0.101574,-0.820837
799,-9.764980,0.189977,0.329011,0.152723,1.119166,-0.744541
800,-9.738164,0.199452,0.120460,0.343464,0.379092,-0.935281
801,-9.668051,0.278963,0.180857,-0.190610,1.843980,-0.286763
802,-9.714996,0.228838,0.338110,0.061168,0.798722,0.293089
803,-9.698496,0.168940,0.168200,0.229020,-1.871648,-0.881874
804,-9.752454,0.216525,0.175602,-0.709424,-1.734315,-1.179429
805,-9.802477,0.234290,0.175423,-0.312684,-1.017130,-0.157059
806,-9.832552,0.168051,0.218884,-0.060906,0.142574,-0.157059
807,-9.727061,0.193608,0.359060,0.091686,1.309907,0.026052
808,-9.745678,0.224270,0.167967,-0.587350,0.211240,-0.065504
809,-9.699619,0.160980,0.200602,-0.427128,0.478277,-0.370689
810,-9.765203,0.209145,0.318086,-0.350832,0.844499,-1.126022
811,-9.737564,0.142809,0.204274,-0.190610,-0.086315,-1.469355
812,-9.707047,0.216078,0.089095,-0.694165,-0.925574,-2.171281
813,-9.686391,0.146667,0.272149,-0.358461,-0.528834,-0.752170
815,-9.751839,0.140012,0.195819,-0.312684,-1.024759,-0.088393
816,-9.741022,0.185322,0.277357,-0.335573,0.058648,-0.080763
817,-9.721447,0.174972,0.190507,0.045909,-0.299945,0.361755
818,-9.746391,0.204360,0.293324,-0.060906,0.180722,0.338866
819,-9.709410,0.165708,0.221441,0.076427,-0.658537,1.063681
820,-9.802835,0.147811,0.169985,0.122205,-0.261797,0.354126
821,-9.728492,0.178660,0.183838,-0.060906,-1.795352,-0.683504
822,-9.764746,0.154205,0.324401,0.114576,-1.078167,-0.202837
823,-9.784287,0.202219,0.218059,-0.015128,-1.047648,-0.454615
824,-9.712606,0.197962,0.220775,-0.121943,-2.085278,-0.897133
825,-9.814676,0.180027,0.369263,-0.808609,-1.932685,-0.759800
826,-9.785648,0.141652,0.266108,-0.594980,-2.504907,-0.317282
827,-9.720005,0.149286,0.283738,-0.190610,-1.680907,-0.340170
828,-9.726709,0.188731,0.283454,-0.221128,-1.345204,0.254940
829,-9.753945,0.200685,0.318473,-0.419498,-1.314685,0.087089
830,-9.703200,0.147090,0.322268,0.198501,-1.627500,-0.012096
831,-9.756352,0.108462,0.281996,0.366353,-1.184981,-0.721652
832,-9.739138,0.127825,0.398772,0.465538,0.203611,-1.377800
833,-9.820568,0.165002,0.394070,-0.060906,-0.032908,-0.752170
834,-9.716423,0.152510,0.242084,0.076427,-1.444389,1.414644
835,-9.803828,0.119461,0.308991,0.396872,-0.277056,1.246792
836,-9.756392,0.145229,0.407485,0.000131,0.157833,-0.904763
837,-9.775903,0.193860,0.389162,-0.656017,-0.002389,-0.698763
838,-9.765865,0.119261,0.377258,-0.167721,0.279907,0.346496
839,-9.734445,0.124462,0.268060,0.030649,-0.528834,0.850051
840,-9.742963,0.129523,0.418028,0.084057,2.065240,0.926348
841,-9.744222,0.176358,0.374877,-0.343202,1.897388,0.514348
842,-9.657227,0.189618,0.141661,-0.137202,-0.818759,-0.118911
843,-9.781396,0.144327,0.398189,-0.343202,0.836870,-0.820837
844,-9.755060,0.160406,0.366149,-0.808609,-1.001871,-0.347800
845,-9.807972,0.162231,0.343909,-0.358461,-0.574611,0.987385
846,-9.682643,0.120910,0.282095,0.213761,0.546944,2.284421
847,-9.688804,0.197987,0.274665,0.145094,0.508796,0.804274
848,-9.748934,0.191860,0.383294,-0.114313,0.730055,-0.485133
849,-9.733070,0.171700,0.341740,-0.625499,-1.505426,-0.347800
850,-9.771245,0.163794,0.327023,-0.007499,0.165463,0.956866
851,-9.801259,0.191001,0.314754,-0.358461,0.447759,0.590644
852,-9.698228,0.244121,0.349905,-0.175351,0.249389,-1.011578
853,-9.728694,0.229286,0.289113,0.023020,-0.116834,0.087089
854,-9.719283,0.165365,0.378525,-0.617869,-1.665648,0.666940
855,-9.789782,0.107611,0.276635,-0.335573,-1.658018,0.048941
856,-9.776979,0.191548,0.288243,-0.137202,0.852129,-0.660615
857,-9.745075,0.232597,0.444235,-0.190610,1.569314,0.445681
858,-9.695331,0.196893,0.359647,0.167983,-0.315204,1.345977
859,-9.687153,0.222523,0.352294,-0.343202,-1.604611,1.025533
860,-9.748059,0.197904,0.188363,0.038279,-2.123426,0.666940
861,-9.806624,0.197000,0.408431,0.099316,0.684277,0.041311
862,-9.825611,0.189535,0.390576,0.053538,-0.010019,0.422792
863,-9.753577,0.202642,0.292623,0.305316,0.203611,0.209163
864,-9.719526,0.218629,0.354641,0.000131,1.271759,-0.561430
865,-9.673185,0.187508,0.394899,0.045909,-0.170241,0.010792
866,-9.719099,0.199559,0.350309,0.290057,0.302796,0.659311
867,-9.891977,0.202902,0.356109,0.213761,0.836870,0.605903
868,-9.763858,0.178952,0.279943,0.068798,-0.025278,-0.141800
869,-9.751585,0.207474,0.371800,-0.259276,1.592203,-0.271504
870,-9.723307,0.192468,0.345660,-0.114313,1.264129,0.224422
871,-9.751237,0.236700,0.282060,0.152723,1.416721,-0.485133
872,-9.700287,0.241045,0.366940,-0.106684,1.302277,0.109978
873,-9.748807,0.243222,0.284922,0.145094,0.173092,0.911088
874,-9.706879,0.273423,0.352117,0.198501,0.463018,0.491459
875,-9.694574,0.225137,0.328032,0.175613,0.012870,0.445681
876,-9.820095,0.208818,0.262980,0.206131,0.531685,-0.881874
877,-9.731954,0.218505,0.299811,-0.160091,0.722425,-1.515133
878,-9.731400,0.230051,0.358294,-0.015128,0.737685,-0.881874
879,-9.737627,0.188756,0.294968,0.007761,-0.208389,0.735607
880,-9.717230,0.210842,0.265042,-0.068536,-0.154982,0.888200
881,-9.796085,0.253131,0.296096,0.061168,1.241240,-0.134170
882,-9.719578,0.246192,0.428071,-0.091424,0.379092,-0.584319
883,-9.770815,0.196026,0.233708,0.106946,-0.811130,0.209163
884,-9.735676,0.173091,0.224289,-0.213498,-0.460167,0.079459
885,-9.785319,0.194907,0.333786,0.000131,1.401462,-0.073134
886,-9.743347,0.243510,0.324348,0.007761,1.050500,-0.393578
887,-9.674932,0.234995,0.344095,0.259538,0.432499,0.270200
888,-9.806765,0.181192,0.180433,0.053538,-0.505945,-0.454615
889,-9.700661,0.207638,0.275417,-0.175351,0.005240,-1.385429
890,-9.727122,0.260904,0.378933,0.106946,0.401981,-0.599578
891,-9.759439,0.165682,0.295539,0.518946,-0.620389,0.544866
892,-9.796226,0.178026,0.284581,-0.015128,-0.330463,-0.866615
893,-9.729418,0.200765,0.362987,-0.137202,0.211240,-1.278615
894,-9.716670,0.201627,0.304545,0.038279,0.485907,0.010792
895,-9.737467,0.199811,0.337606,0.099316,0.501166,0.399903
896,-9.704165,0.174491,0.239577,-0.129573,-0.841648,0.163385
897,-9.777145,0.208671,0.316091,0.091686,0.226500,-0.591948
898,-9.744091,0.178494,0.322022,0.106946,0.447759,0.537237
899,-9.713447,0.174724,0.308046,0.129835,0.112055,0.644052
900,-9.770640,0.240900,0.305647,-0.114313,0.180722,-0.393578
901,-9.716586,0.212044,0.262686,0.015390,-0.948463,-0.057874
902,-9.788001,0.179366,0.341650,0.213761,-0.032908,0.109978
903,-9.713619,0.181459,0.282095,0.328205,0.157833,0.476200
904,-9.756130,0.198727,0.256258,0.076427,0.447759,0.460940
905,-9.724590,0.185312,0.255978,-0.236388,0.569833,-0.591948
906,-9.674767,0.270668,0.363388,-0.320313,1.332796,-1.278615
907,-9.761923,0.254641,0.381861,0.145094,0.127314,-0.675874
908,-9.789681,0.168159,0.233255,-0.228758,-2.268389,-0.271504
909,-9.760000,0.152655,0.281098,-0.671276,-0.963722,-0.912393
910,-9.759442,0.198015,0.369468,-0.358461,0.798722,-1.652466
911,-9.719276,0.203627,0.367249,-0.388980,-0.452537,-0.363059
912,-9.804382,0.220325,0.305927,-0.015128,-0.216019,0.697459
913,-9.740581,0.162107,0.268408,-0.289795,-1.001871,-0.141800
914,-9.739236,0.153570,0.294416,-0.236388,-0.566982,-1.072615
915,-9.699012,0.203699,0.327755,0.076427,1.241240,-0.721652
916,-9.717930,0.210213,0.361872,0.053538,0.195981,0.903459
918,-9.761021,0.233719,0.295413,0.084057,0.722425,-1.438837
919,-9.632380,0.231090,0.333886,0.389242,0.470648,-0.904763
920,-9.823372,0.131306,0.350039,1.060649,0.775833,-0.042615
921,-9.793728,0.028575,0.232838,0.007761,-1.223130,-2.583281
922,-9.804848,0.063203,0.245464,-1.090906,-0.406759,-5.230762
923,-9.871460,0.093962,0.379683,-1.167202,3.247832,-6.848243
924,-9.751301,0.009804,0.488164,-1.663128,3.125758,-7.595945
925,-9.827841,0.026195,0.097795,-1.769943,0.272277,-8.961649
926,-9.697669,0.040350,0.395379,-0.495795,1.157314,-10.937722
927,-9.767130,-0.102604,0.363759,-1.274017,-3.817203,-14.363425
928,-9.843710,-0.335031,0.337769,-2.052239,-6.487572,-19.109055
929,-9.786972,-0.531621,0.392471,-2.342164,-4.564906,-24.884682
930,-9.838439,-0.662258,0.368032,-2.052239,-1.543574,-31.507200
931,-9.816070,-0.741819,0.458586,-1.327424,-2.771944,-35.779789
932,-9.548142,-0.943881,0.323450,-1.998831,-7.174239,-34.269123
933,-9.626131,-1.143457,0.567362,-2.128535,-2.749055,-29.966015
934,-9.606223,-1.308767,0.361924,-1.815720,0.607981,-25.846016
935,-9.591435,-1.473277,0.496747,-0.862017,4.323610,-25.868904
936,-9.740585,-1.597192,0.403286,-0.388980,2.439091,-31.888681
937,-9.633896,-1.688220,0.304459,0.373983,1.378574,-38.144974
938,-9.556203,-1.958818,0.605688,1.777834,-0.383871,-42.669342
939,-9.411503,-2.262985,0.381322,1.426871,-4.213944,-43.806156
940,-9.397176,-2.469525,0.647788,-0.594980,-0.124463,-41.929268
941,-9.447963,-2.708977,0.564943,-1.365572,-1.032389,-39.121567
942,-9.434540,-2.932007,0.435566,-0.144832,-3.061870,-36.840305
943,-9.287472,-3.145715,0.608042,-0.251647,-1.619870,-38.190750
944,-9.182287,-3.367988,0.325593,-0.152461,-1.413870,-39.113937
945,-9.287633,-3.617959,0.467771,-2.128535,-0.010019,-41.814823
946,-9.081723,-3.871838,0.587032,-0.984091,0.913166,-44.157120
947,-8.960097,-4.025592,0.478527,-1.823350,-0.231278,-45.477043
948,-8.716648,-4.151765,0.542771,-1.754683,0.150203,-43.737492
949,-8.567595,-4.323002,0.514378,-1.274017,1.798203,-39.205490
950,-8.591244,-4.553379,0.647294,-1.228239,2.576425,-38.892677
951,-8.539503,-4.838416,0.638988,-1.266387,2.370425,-42.707489
952,-8.448542,-5.075325,0.333633,-0.816239,-0.834019,-49.604671
953,-8.293969,-5.289527,0.570827,-0.816239,0.127314,-53.961189
954,-7.970654,-5.544689,0.630300,-0.434758,-3.901129,-54.075634
955,-7.824280,-5.763208,0.536417,-0.472906,-5.602536,-51.306080
956,-7.675492,-5.934567,0.617764,-1.899646,-2.916907,-46.590969
957,-7.576211,-6.148118,0.651350,-1.159572,-0.261797,-38.213638
958,-7.392525,-6.278477,0.618793,-0.747572,-0.628019,-31.308828
959,-7.348495,-6.415721,0.558280,-1.541054,-0.208389,-26.685274
960,-7.322856,-6.592461,0.540968,-0.488165,-0.238908,-23.793646
961,-7.183213,-6.708367,0.550085,-0.480535,1.889758,-25.716312
962,-7.143044,-6.886631,0.563028,-1.426609,1.882129,-30.454309
963,-6.946980,-6.929122,0.398217,-0.701794,0.493537,-33.277271
964,-6.751995,-7.046542,0.651453,-1.853868,3.057091,-34.055492
965,-6.649668,-7.155705,0.594541,-2.334535,2.011832,-37.420158
966,-6.494269,-7.187128,0.618837,-1.586831,0.791092,-36.092602
967,-6.389143,-7.361949,0.652409,-2.548165,0.272277,-36.199417
968,-6.171939,-7.545104,0.525862,-1.190091,0.615610,-36.931862
969,-6.183889,-7.741031,0.484665,-1.686016,1.561684,-39.495419
970,-5.868338,-7.897061,0.542134,-1.312165,1.386203,-43.203415
971,-5.615193,-8.048778,0.484397,-1.220610,1.889758,-42.295490
972,-5.349848,-8.050105,0.587843,-1.510535,2.011832,-39.884529
973,-5.188875,-8.154443,0.622415,-1.624980,1.447240,-32.125198
974,-5.174710,-8.281014,0.523534,-0.564462,-0.551722,-24.709202
975,-5.142562,-8.476532,0.539569,-1.121424,-0.406759,-20.955425
976,-4.991278,-8.507588,0.513892,-0.511054,-1.024759,-20.947794
977,-4.856264,-8.482209,0.458075,-1.136683,1.874499,-20.566313
978,-4.776405,-8.528146,0.617840,-0.450017,1.210722,-21.817572
979,-4.698165,-8.636301,0.349735,0.282427,-0.460167,-25.838387
980,-4.509638,-8.693112,0.468492,-0.846758,1.287018,-31.530088
981,-4.287005,-8.740742,0.504440,-0.289795,0.813981,-32.064159
982,-4.115244,-8.818187,0.426639,-0.427128,2.835832,-32.781345
983,-4.004083,-8.965447,0.525549,-0.579721,3.751387,-30.728975
984,-3.917580,-9.038418,0.521631,-0.640758,2.744277,-24.686312
985,-3.749825,-9.114549,0.431401,-0.778091,2.561165,-24.274313
986,-3.661126,-9.074931,0.453014,-0.755202,2.500128,-26.074903
987,-3.458773,-9.084093,0.474333,-2.242979,1.943166,-25.647646
988,-3.398547,-9.139598,0.483052,-0.282165,0.493537,-18.475796
989,-3.314879,-9.202388,0.386749,-0.038017,0.524055,-17.148241
990,-3.169152,-9.215676,0.479761,-1.159572,-0.193130,-15.500239
991,-3.113466,-9.298308,0.446050,-0.480535,-2.214981,-14.233722
992,-3.060141,-9.291630,0.444667,0.366353,-2.153944,-14.454981
993,-3.044892,-9.378816,0.434278,-0.900165,1.256499,-12.517056
994,-2.980356,-9.433115,0.434846,-5.104090,4.346498,-14.691499
995,-2.888612,-9.432065,0.328129,-5.218534,4.232054,-17.888313
996,-2.689887,-9.409472,0.425662,-4.760756,3.858202,-23.221424
997,-2.533752,-9.460711,0.376986,-5.073571,4.560128,-25.289053
998,-2.529001,-9.559544,0.246293,-5.371127,5.895313,-27.638977
999,-2.307760,-9.606972,0.162489,-3.257720,3.179165,-30.027052
1000,-2.266872,-9.598919,0.332776,-4.554757,6.269165,-34.719269
1001,-1.659867,-9.558826,0.191835,-3.684979,5.780868,-42.905861
1002,-1.494585,-9.736393,0.286544,-3.204312,7.093164,-45.026897
1003,-1.218853,-9.461030,0.037041,2.128797,-0.322834,-42.501492
1004,-1.170655,-9.772391,0.226336,-1.350313,2.774795,-31.255423
1005,-1.005579,-9.669806,0.092817,2.899389,0.722425,-19.414240
1006,-1.064440,-9.823001,0.333908,2.899389,0.669018,-5.574095
1007,-0.954399,-9.755197,0.394751,2.571315,1.927907,0.201533
1008,-1.070859,-9.724414,0.140625,1.526056,3.057091,-1.293874
1009,-0.995170,-9.738873,0.237510,0.900427,2.515388,-3.689577
1010,-1.008652,-9.793768,0.347413,2.289019,-1.322315,-3.575133
1011,-1.035548,-9.701860,0.473088,3.067241,2.126277,-6.932168
1012,-0.941390,-9.813813,0.398456,6.424277,0.806351,-9.282094
1013,-0.800127,-9.950901,0.177364,4.143018,0.188351,-10.647797
1015,-0.957385,-9.636811,0.634858,1.190353,8.611460,7.525976
1016,-0.805929,-9.741953,0.350586,2.121167,3.316499,0.262570
1017,-0.623191,-9.754725,0.404437,-0.259276,2.935017,-1.614318
1018,-0.667241,-9.891268,0.087415,1.358205,2.805314,-0.065504
1019,-0.715000,-9.813381,0.105530,3.082500,-5.968758,-4.101576
1020,-0.861524,-9.912242,0.555677,-0.907795,-3.496759,-5.452021
1021,-0.827245,-9.917818,0.356947,-5.126979,2.828202,-6.398094
1022,-0.737279,-9.887369,0.409860,-9.483495,4.758499,-11.021648
1023,-0.615246,-9.640544,0.269255,-10.986533,1.927907,-12.372092
1024,-0.578998,-9.557673,0.046618,-12.962605,0.852129,-6.916909
1025,-0.616193,-9.546411,0.110203,-13.740829,0.493537,-5.528317
1026,-0.632330,-9.785881,0.254594,-12.336976,-0.574611,-4.269428
1027,-0.615928,-9.984035,0.058499,-2.250609,-3.763796,-2.011058
1028,-0.554144,-9.910369,0.020830,3.319019,-3.260240,-1.087874
1029,-0.441374,-9.697986,0.140656,1.655760,0.073907,0.933977
1030,-0.468177,-9.611394,-0.014675,1.083538,-1.581722,2.604866
1031,-0.540229,-9.849026,0.018798,-1.289276,0.646129,5.404939
1032,-0.587259,-9.919959,0.073736,-1.388461,0.875018,3.825606
1033,-0.655323,-10.035825,0.186008,-1.106165,0.806351,2.589606
1034,-0.618299,-9.996169,0.001165,1.587094,-0.566982,1.925829
1035,-0.514870,-9.931004,-0.072469,-1.411350,0.852129,-0.538541
1036,-0.528796,-9.891197,0.155381,-0.717054,1.721906,-5.223132
1037,-0.608245,-10.262017,0.400691,-0.732313,0.096796,-10.220538
1038,-0.623550,-10.271573,0.059591,0.328205,-5.304980,-16.164019
1039,-0.454502,-9.918515,0.031231,1.381094,-5.961128,-18.056166
1040,-0.406225,-9.616812,0.178594,2.334797,-5.160018,-16.995647
1041,-0.121868,-9.207658,-0.194705,-1.975942,-7.174239,-14.119277
1042,-0.093111,-9.539474,-0.225497,-2.090387,-2.543055,-5.963206
1043,-0.086261,-9.991947,0.158073,2.403464,1.279388,-3.018170
1044,-0.039435,-9.521024,0.161409,6.904944,-0.566982,-6.451502
1045,0.000274,-9.650005,-0.061319,-0.266906,0.501166,-3.346244
1046,0.019283,-9.767965,0.157230,-1.930165,1.477758,-1.026837
1047,0.028404,-9.831725,0.313535,-0.663647,-0.368611,-0.645356
1048,0.038206,-9.718447,-0.141432,-0.488165,-3.504388,-1.461726
1049,-0.092115,-9.786606,0.062579,-1.907276,-0.994241,0.560126
1050,-0.157306,-10.018208,0.349603,-0.800980,0.394351,1.742718
1051,-0.067616,-9.782396,0.023094,0.816501,-1.825870,-2.232318
1052,0.011677,-9.366268,-0.125057,1.770204,-1.917426,-2.346762
1053,0.006298,-9.806645,-0.204408,-2.128535,0.142574,2.787977
1054,-0.142895,-9.753456,0.447079,-0.663647,2.965536,2.581977
1055,-0.108838,-10.021036,0.075994,-2.326905,0.295166,2.078421
1056,-0.143109,-10.159614,0.055574,-1.449498,1.019981,0.064200
1057,-0.048983,-9.711946,-0.100491,-0.823869,0.287536,-4.704317
1058,0.095725,-9.613924,-0.055936,-0.846758,0.691907,-3.651429
1059,0.138543,-9.487481,0.165004,0.770723,0.875018,-1.820318
1060,-0.031862,-9.813933,-0.040144,-1.304535,-0.826389,1.124718
1061,-0.173935,-9.912156,-0.058233,-0.770461,0.051018,1.292570
1062,-0.132627,-10.013326,0.207409,-0.640758,1.386203,0.583014
1063,-0.094868,-10.014241,0.020988,-1.075646,-0.078685,-1.080244
1064,-0.016527,-9.567439,-0.162966,-0.167721,-1.024759,-3.353873
1065,-0.041471,-9.795191,-0.155126,-1.815720,0.455388,0.026052
1066,-0.086383,-9.896810,0.117566,-1.006980,1.561684,0.148126
1067,-0.045871,-9.785449,0.094018,-1.243498,0.844499,-1.072615
1068,-0.097949,-10.000913,-0.005146,-2.845720,0.699536,-0.248615
1069,-0.118433,-9.872684,-0.059008,-2.815202,1.081018,-2.308614
1070,0.000733,-9.879631,-0.076400,-1.869128,1.882129,-3.262318
1071,0.136560,-9.781190,-0.083091,-2.296387,1.187832,-3.750614
1072,0.078948,-9.744576,-0.035652,-1.754683,0.928425,-2.697725
1073,0.139254,-9.694753,0.016295,-1.350313,1.073388,-2.537503
1074,0.184075,-9.685703,-0.152562,0.206131,0.249389,-2.033948
1075,0.157376,-9.563456,-0.104327,-0.488165,0.272277,-0.935281
1076,0.111030,-9.854124,-0.117465,-0.793350,0.424870,1.498570
1077,0.116207,-9.838856,-0.178090,0.160353,0.890277,-0.210467
1078,0.166103,-9.787270,-0.016646,0.740205,1.798203,-1.370170
1079,0.214054,-9.717372,-0.096782,2.098278,1.363314,-1.103133
1080,0.169201,-9.717547,-0.007318,1.213242,1.912647,-0.263874
1081,0.110541,-9.693015,-0.026578,1.266649,0.859758,0.315978
1082,0.110675,-9.738928,-0.122552,2.266130,0.188351,1.429903
1083,0.054198,-9.847671,-0.020740,2.250871,1.142055,1.407014
1084,0.056632,-9.865753,0.094671,3.212204,1.988944,1.521459
1085,0.007471,-9.953148,0.115249,0.068798,1.615092,1.193385
1086,0.056599,-9.780957,-0.006674,1.953316,1.210722,-0.340170
1087,0.109368,-9.753206,-0.127008,1.785464,0.699536,-0.668244
1088,0.018805,-9.754266,0.070696,1.281908,1.050500,-0.096022
1089,0.020160,-9.892111,0.070357,1.335316,0.691907,1.033162
1090,0.059130,-9.787138,0.022249,-1.365572,0.783462,0.102348
1091,0.045629,-9.739140,0.001126,-0.884906,0.371462,0.544866
1092,-0.093954,-9.901394,0.008341,-1.113795,0.401981,1.376496
1093,0.042828,-9.754159,-0.161212,-0.221128,0.043388,-0.500393
1094,0.257866,-9.699009,-0.046934,0.198501,0.455388,-0.111282
1095,-0.045194,-9.815061,0.241299,-0.610239,0.195981,2.025014
1096,-0.325811,-10.098478,-0.002697,-3.036461,0.180722,2.826125
1097,0.127191,-9.796139,-0.156361,0.152723,0.569833,-1.202318
1098,0.124062,-9.532842,-0.449477,0.824131,-0.826389,-1.858466
1099,-0.211839,-10.013903,0.406508,-2.052239,3.705609,3.375458
1100,0.163100,-9.963397,0.186105,-0.289795,1.744795,0.560126
1101,0.265661,-9.372587,-0.609785,1.312427,-3.130536,-3.308096
1102,-0.058222,-9.768031,0.094028,0.602872,1.645610,2.650644
1103,0.031221,-10.136133,0.234166,0.137464,2.080499,2.765088
1104,0.026615,-10.003458,-0.064763,0.427390,-0.330463,-2.110244
1105,-0.011086,-9.656425,-0.067301,2.433982,0.005240,-3.819280
1106,0.110616,-9.826443,-0.061651,0.351094,1.531166,-0.805578
1107,0.119526,-9.694861,0.060495,1.030131,1.187832,-1.415948
1108,0.054103,-9.635073,-0.048175,0.892798,-0.010019,-1.881355
1109,0.160752,-9.702085,0.012175,1.259020,0.615610,0.048941
1110,0.077889,-9.936381,0.007218,0.328205,1.050500,1.109459
1111,-0.032906,-9.892423,0.192520,0.465538,0.607981,0.560126
1112,0.028578,-9.976123,-0.232487,0.496057,-0.505945,-0.538541
1113,0.070913,-9.529304,0.086349,1.823612,0.546944,-2.110244
1114,0.034300,-9.934461,0.048547,-0.038017,1.195462,0.560126
1115,0.186196,-9.933476,0.140244,0.167983,1.073388,-1.393059
1116,0.179229,-9.564382,-0.084497,2.403464,-0.925574,-2.987651
1118,0.052361,-10.154346,-0.111897,-1.617350,0.173092,6.877457
1119,-0.161951,-10.377270,0.153141,1.457390,1.203092,2.314940
1120,-0.020595,-9.960007,-0.073578,0.839390,-0.460167,-3.338614
1121,0.096335,-9.875203,0.024061,0.709686,1.119166,-2.972392
1122,0.171982,-9.304528,0.152889,2.006723,0.409611,-2.926614
1123,0.153440,-9.501281,0.246551,0.862279,0.104426,2.162347
1124,0.153099,-9.763347,-0.006793,1.350575,-2.535426,3.314421
1125,0.012404,-10.119512,0.000489,0.145094,-2.413351,2.635384
1126,-0.126346,-10.000495,0.061756,2.586575,0.821611,-0.340170
1127,-0.114989,-9.848163,0.018658,1.648131,0.676648,-0.721652
1128,-0.000044,-9.631159,0.158982,1.068279,1.096277,-0.378319
1129,0.034924,-9.838070,-0.001945,0.755464,0.775833,0.605903
1130,0.116377,-9.867216,0.142867,0.457909,1.073388,-0.118911
1131,-0.016023,-9.894882,0.180000,1.091168,1.287018,-0.042615
1132,-0.005967,-9.881980,0.199917,0.290057,1.615092,0.506718
1133,0.075706,-9.803674,0.154938,-0.938313,1.111536,-0.126541
1134,0.077410,-9.732864,0.000484,1.617612,2.431462,-0.286763
1135,0.096081,-9.647225,0.381316,2.838352,4.079462,0.796644
1136,0.098309,-9.753811,0.253650,1.403983,1.691388,1.132348
1137,0.057835,-9.775001,0.175167,1.060649,1.149685,1.170496
1138,-0.013792,-9.838043,0.153165,1.045390,1.889758,2.559088
1139,-0.093257,-9.702342,0.043968,0.740205,0.607981,1.712199
1140,-0.080423,-9.978419,0.270618,0.053538,0.714796,1.216273
1141,-0.028429,-9.893202,0.304717,0.068798,-0.284686,-1.583800
1142,0.018578,-9.921936,0.162430,-0.724684,-1.268907,-2.133133
1143,0.058115,-9.772192,0.201528,-0.518684,-1.841129,-3.353873
1144,0.035171,-9.713662,0.225205,-1.006980,-2.214981,-3.811651
1145,0.068595,-9.758500,0.100547,-0.213498,-1.764833,-2.369651
1146,0.090343,-9.770758,0.028449,0.412131,-2.192092,-2.850318
1147,0.033841,-9.742783,0.209289,0.648649,-1.055278,-1.454096
1148,0.042849,-9.872758,0.090412,-0.884906,-0.536463,0.094718
1149,0.065740,-9.812088,0.087403,-1.174832,-0.238908,0.315978
1150,0.073081,-9.927134,0.241692,-1.731794,0.234129,1.407014
1151,0.064718,-9.804876,0.080792,-0.617869,-0.238908,-0.279133
1152,0.082354,-9.797467,0.200146,-1.029868,0.310425,-0.553800
1153,0.132689,-9.750431,0.145133,-0.984091,-0.994241,-0.813207
1154,0.070148,-9.852651,0.079445,-1.174832,-1.108685,-1.126022
1155,0.116687,-9.764451,0.121593,-0.282165,-0.193130,-1.194689
1156,0.087231,-9.827719,0.166184,0.000131,-0.193130,-0.790318
1157,0.076287,-9.886727,0.171755,-0.686535,-0.414389,-1.141281
1158,0.100632,-9.741132,0.045713,-0.770461,-1.200241,-2.033948
1159,0.095872,-9.725360,0.013045,0.503687,-0.689056,-1.667725
1160,0.129478,-9.719070,0.189672,1.243760,0.745314,-0.118911
1161,0.103521,-9.909653,0.172151,-1.052758,0.310425,0.842422
1162,0.077080,-9.877156,0.075935,0.381612,0.188351,0.674570
1163,0.096817,-9.817422,0.129217,0.373983,0.951314,1.445162
1164,0.128659,-9.816448,0.209075,0.167983,1.477758,2.391236
1165,0.063952,-9.832231,0.158752,0.175613,0.600351,2.139458
1166,0.095283,-9.733954,-0.040211,0.557094,1.287018,3.451754
1167,0.105766,-9.716385,0.086438,-0.923054,2.317018,5.855087
1168,-0.008824,-9.796773,0.131371,1.083538,3.423313,7.167383
1169,-0.022869,-9.869442,0.222814,1.495538,4.460943,8.960346
1170,-0.100115,-9.846842,0.160369,0.549464,1.996573,8.227901
1171,-0.160612,-9.826466,0.140562,-1.800461,0.516425,7.106346
1172,-0.131994,-9.660096,0.116334,-1.678387,-0.429648,8.685678
1173,-0.302422,-9.564507,0.155091,0.549464,-3.519648,15.628640
1174,-0.552598,-9.967437,0.168052,3.624204,-3.443351,26.539005
1175,-0.486020,-9.798604,0.169788,1.274279,0.287536,23.639748
1176,-0.569354,-9.762064,0.082899,-1.319795,0.554574,18.016712
1177,-0.727292,-9.907149,0.136368,-3.143275,0.485907,12.584418
1178,-0.837671,-9.975398,0.235153,-1.937795,-0.887426,8.990864
1179,-0.850974,-9.663953,0.075324,2.563686,-3.687499,10.142937
1180,-0.925372,-9.731902,0.077419,0.427390,-1.032389,14.278195
1181,-1.084398,-9.768083,0.085409,-0.327943,0.173092,16.994341
1182,-1.131781,-9.734211,-0.008912,0.007761,0.142574,17.246119
1183,-1.264746,-9.815236,0.067936,0.236650,0.157833,17.391083
1184,-1.262623,-9.647519,0.148189,2.327167,0.455388,16.589972
1185,-1.441637,-9.766698,0.011191,1.518427,-1.810611,19.420563
1186,-1.630800,-9.681401,0.190016,0.274798,-2.131055,24.227228
1187,-1.732954,-9.625852,0.051332,2.601834,-4.297869,30.208857
1188,-1.909320,-9.363206,0.191316,3.242723,-5.602536,35.213894
1189,-2.095551,-9.577224,0.241971,-0.961202,-7.075054,38.189449
1190,-2.368699,-9.683493,0.179103,-1.480017,-7.540461,34.679821
1191,-2.540301,-9.645724,0.119732,1.037760,-5.739869,30.811598
1192,-2.642291,-9.445354,0.098074,1.579464,-0.521204,28.339598
1193,-2.848917,-9.449239,0.161418,-0.617869,1.782943,26.531376
1194,-2.861620,-9.246033,0.218994,-1.312165,0.707166,28.560858
1195,-3.007536,-9.090180,0.132714,-1.449498,0.066277,28.331968
1196,-3.227316,-9.062503,0.223958,2.342427,1.744795,30.773449
1197,-3.474938,-9.107111,0.185697,2.907019,0.020500,35.198635
1198,-3.654392,-8.985075,0.207343,1.533686,-2.527796,34.344116
1199,-3.755740,-8.788832,0.268522,2.998575,-3.206833,41.584633
1200,-4.013478,-8.893523,0.307465,3.715759,-6.479943,51.114037
1201,-4.280122,-8.681067,0.220601,5.531611,-8.814610,56.027519
1202,-4.617075,-8.769148,0.294591,2.983315,-4.252092,56.614998
1203,-4.989865,-8.633263,0.295602,2.739167,-3.649351,51.739666
1204,-5.304081,-8.436239,0.354182,3.395315,-4.618314,49.351593
1205,-5.410940,-8.425089,0.259657,1.892279,-4.397054,43.049522
1206,-5.612599,-8.175062,0.266730,0.747834,-4.290240,38.296265
1207,-5.634183,-8.055657,0.377329,0.671538,-0.338093,31.071005
1208,-5.749429,-7.822294,0.347743,5.317981,-0.551722,25.921005
1209,-5.997391,-7.784025,0.319082,4.463463,-0.048167,22.502934
1210,-5.947716,-7.669990,0.238746,1.915167,-0.071056,19.870712
1211,-5.961652,-7.551017,0.313712,0.785983,1.187832,22.373230
1212,-6.200897,-7.558305,0.577747,0.053538,2.957906,24.715525
1213,-6.472610,-7.644601,0.469934,0.694427,-0.315204,30.887894
1214,-6.423683,-7.348533,0.383845,0.999612,-1.886907,31.605078
1215,-6.573586,-7.269064,0.304187,1.281908,-2.649870,30.285152
1216,-6.789876,-7.171769,0.420028,1.403983,-0.147352,29.064413
1217,-6.820833,-7.000880,0.427363,3.799685,1.622721,32.184929
1218,-6.757643,-6.774385,0.375726,3.868352,-0.483056,31.513523
1219,-7.001046,-6.595387,0.444890,1.190353,-1.337574,36.785599
1221,-7.509209,-6.440562,0.568373,-0.060906,-1.772463,42.416264
1222,-7.654960,-6.253494,0.452759,1.770204,-1.978463,45.803818
1223,-7.747328,-6.060897,0.420291,-0.076165,-3.183944,41.615150
1224,-7.855258,-5.799052,0.495372,-0.511054,-5.579647,36.388855
1225,-7.921812,-5.551768,0.549268,1.724427,-4.755647,35.534340
1226,-8.070198,-5.434789,0.389130,3.860722,-6.647794,38.639595
1227,-8.166799,-5.386602,0.455510,3.769167,-4.694610,39.990040
1228,-8.309596,-5.081214,0.672850,2.090649,-0.986611,36.793228
1229,-8.638876,-5.000643,0.949843,1.236131,-2.558314,37.815598
1230,-8.684434,-4.819122,0.356912,0.862279,-10.859349,39.303375
1231,-8.415859,-4.614244,0.402005,2.128797,-9.997201,33.955006
1232,-8.478459,-4.477122,0.689256,1.396353,-5.007425,25.798933
1233,-8.611934,-4.410692,0.846095,3.235093,-2.375203,23.311674
1234,-8.799784,-4.184509,0.648493,5.104352,-3.588314,25.173304
1235,-8.902614,-4.085371,0.778939,8.301165,-0.734833,28.805006
1236,-9.005998,-3.934906,0.817454,8.278276,1.729536,29.506931
1237,-9.063704,-3.565579,0.809985,5.981759,3.072351,31.063375
1238,-8.934691,-3.344683,1.064961,3.975167,2.385684,38.860855
1239,-9.209347,-3.126923,1.090513,4.257463,-1.162093,50.175594
1240,-9.327923,-3.035211,0.555863,8.461388,-4.000314,57.339813
1241,-9.321784,-2.743356,0.535294,6.706574,-0.589871,52.029594
1242,-9.500117,-2.708267,0.529827,4.730500,3.217313,41.912708
1243,-9.532848,-2.428188,0.812678,1.732057,4.521980,31.566931
1244,-9.580993,-2.176390,0.880363,0.633390,3.453832,24.807081
1245,-9.787686,-2.054571,0.791716,1.098797,2.858721,22.304564
1246,-9.679228,-1.872185,0.669640,0.564724,4.720350,22.846266
1247,-9.574533,-1.654551,0.637206,1.732057,4.094720,24.280636
1248,-9.286501,-1.482613,0.673921,1.114057,4.460943,30.750561
1249,-9.389250,-1.353484,0.780336,-1.014609,5.529089,37.807968
1250,-9.440097,-1.073656,0.671973,-2.105646,3.827684,46.620186
1251,-9.676623,-0.818962,0.562048,-2.891498,7.001608,52.784927
1252,-9.970396,-0.472006,0.566610,-1.075646,2.843462,53.578407
1253,-10.130536,-0.359850,0.521346,0.526575,-2.092907,49.282928
1254,-9.960101,-0.206004,0.570082,0.404501,-3.176314,41.828781
1255,-9.863033,0.053589,0.519106,-0.602609,-3.977425,34.969746
1256,-9.889494,0.256012,0.351649,-2.067498,-0.811130,30.224115
1257,-9.757031,0.436755,0.446644,-2.021720,4.026054,28.118340
1258,-9.704758,0.570483,0.817290,-2.693127,6.261535,27.950487
1259,-9.746727,0.733037,0.745917,-3.555276,-0.940833,27.431673
1260,-9.670682,0.919499,0.411834,-4.554757,-4.610684,30.353819
1261,-9.565552,1.080411,0.475537,-4.463202,-2.070018,33.024189
1262,-9.484963,1.399330,0.681926,-4.348757,2.477240,36.327820
1263,-9.458791,1.534248,0.543795,-3.486609,3.095239,41.149746
1264,-9.412345,1.811319,0.537236,-3.768905,0.951314,40.783524
1265,-9.498119,2.031166,0.707448,-2.761794,-2.596463,39.570412
1266,-9.319485,2.418543,0.618785,-3.784164,-1.871648,41.042931
1267,-9.142886,2.454398,0.817733,-2.487128,-4.870092,43.080040
1268,-9.229949,2.461205,0.265941,-3.280609,-9.371571,39.410191
1269,-9.318638,2.815463,0.415985,-5.081201,-0.978982,34.328857
1270,-9.289714,3.103295,0.522133,-7.461645,3.919239,33.535378
1271,-9.243990,3.308558,0.729926,-5.371127,-0.101574,32.444336
1272,-9.413413,3.240035,0.771172,-0.961202,-5.648313,32.390930
1273,-9.318144,3.565456,0.420221,-1.266387,-1.467278,33.253078
1274,-8.912522,3.740074,0.611282,-0.991721,6.841386,33.535378
1275,-8.920906,4.094573,0.794064,-1.113795,7.886646,31.750042
1276,-8.568295,4.073430,0.794026,1.625242,2.019462,33.047077
1277,-8.646802,4.165986,0.529547,0.763094,-2.047129,31.940783
1278,-8.843819,4.384760,0.564292,0.450279,-1.299426,29.888412
1279,-8.860445,4.571229,0.632078,-2.212461,-0.406759,29.491673
1280,-8.608187,4.651300,0.533621,-2.281128,-5.228684,28.560858
1281,-8.457115,4.907830,0.601176,-2.448979,-3.809573,28.888931
1282,-8.350627,5.103245,1.042790,-1.281647,-3.183944,32.833447
1283,-8.143973,5.118690,0.763266,-1.190091,-8.875647,39.303375
1284,-8.123697,5.304103,0.394612,-2.098017,-6.640165,40.760632
1285,-7.994039,5.749532,0.711736,-2.647350,-4.557277,42.637520
1286,-7.617938,5.856419,1.172825,-1.296906,-7.036906,49.809372
1287,-7.544627,5.829216,1.032808,-0.839128,-10.149794,54.982258
1288,-7.584773,6.120779,0.939704,0.930946,-9.463127,53.151150
1289,-7.382711,6.202784,0.525629,1.190353,-8.509424,49.885666
1290,-7.334371,6.683665,0.828109,0.000131,1.454869,44.850113
1291,-7.002652,6.775749,1.060867,0.854649,2.202573,44.163448
1292,-6.817449,6.867359,0.843454,0.793612,-0.536463,43.553078
1293,-6.500274,7.177437,0.701546,-1.106165,-2.008981,37.128929
1294,-6.485510,7.283994,0.900569,-1.632609,-1.986092,34.832413
1295,-6.367741,7.410123,0.882431,-1.586831,-0.010019,35.831894
1296,-6.267990,7.667787,1.122041,-2.693127,1.775314,38.242855
1297,-6.081024,7.629162,0.835494,-2.632090,-3.229722,40.226559
1298,-5.891091,7.671808,1.072147,-0.770461,-0.856908,36.892414
1299,-5.834162,7.754683,1.092891,0.633390,-0.650908,30.155449
1300,-5.529085,7.860447,0.823672,0.251909,-0.795870,24.028858
1301,-5.344675,7.987595,1.011689,1.556575,4.277832,20.572638
1302,-5.139448,8.127530,1.040267,1.480279,4.369387,23.616859
1303,-5.099375,8.307199,1.155698,1.663390,3.057091,27.141747
1304,-5.093621,8.311739,0.727910,1.854130,-0.803500,31.872116
1305,-4.919914,8.404917,1.015520,2.250871,2.027092,33.726116
1306,-4.748284,8.446929,0.919648,2.441612,0.745314,32.513004
1307,-4.642323,8.390542,0.816639,2.731538,1.225981,30.247005
1308,-4.444268,8.499104,0.816899,1.823612,-0.170241,25.509007
1309,-4.522782,8.841687,0.731451,0.274798,0.112055,21.785748
1310,-4.421782,8.819374,0.716909,1.686279,-1.726685,23.082785
1311,-4.028918,8.653240,0.932835,1.556575,1.630351,23.967821
1312,-4.089125,8.917548,0.929619,3.158797,6.322571,22.312193
1313,-3.959828,8.842271,0.853846,2.884130,3.041832,23.288784
1314,-3.861447,8.980294,0.595652,3.257982,2.767165,20.961748
1315,-3.766171,9.252680,0.780319,4.562648,2.606943,20.519230
1316,-3.568352,9.133362,0.864044,4.188797,0.966573,24.837599
1318,-3.170338,9.195999,0.763019,1.671019,-2.695648,27.782635
1319,-3.003699,9.059408,0.612859,1.060649,-3.718018,27.691080
1320,-3.012156,9.226428,0.723426,4.646574,-1.375722,25.005451
1321,-2.858556,9.246317,0.659289,5.554500,-0.673797,23.021748
1322,-2.811290,9.459735,0.713791,3.998056,-0.322834,19.145897
1323,-2.615905,9.328547,0.700269,0.595242,-1.429130,19.550268
1324,-2.629868,9.495255,0.774931,1.159835,-0.460167,18.054861
1325,-2.482313,9.427961,0.547973,0.885168,-2.642240,18.512638
1326,-2.468921,9.621324,0.523518,1.594723,-1.253648,17.185081
1327,-2.256172,9.425627,0.495707,2.037242,-0.101574,17.993824
1328,-2.213774,9.608202,0.528970,3.311389,0.409611,18.024342
1329,-2.048597,9.561960,0.524400,3.441093,1.409092,22.449526
1330,-1.878639,9.478604,0.531769,3.166426,2.080499,24.067007
1331,-1.737027,9.421491,0.580323,3.624204,1.950795,23.426119
1332,-1.714752,9.499077,0.728396,1.426871,-0.109204,19.710489
1333,-1.581475,9.720810,0.394824,1.259020,-1.184981,15.277677
1334,-1.539127,9.693380,0.423781,1.701538,0.730055,13.576270
1335,-1.457651,9.598099,0.463017,2.456871,0.569833,13.698344
1336,-1.355988,9.711059,0.564515,2.639982,0.363833,12.912493
1337,-1.209509,9.459982,0.613261,-0.602609,-2.260759,12.515752
1338,-1.285668,9.518988,0.456850,-2.143794,-3.649351,9.296049
1339,-1.133815,9.614271,0.635994,-1.579202,-1.322315,6.801161
1340,-1.132244,9.881360,0.577060,-2.151424,-2.092907,6.236567
1341,-0.928338,9.603684,0.870434,-3.189054,-0.910315,13.355011
1342,-0.902967,9.519027,0.551516,1.411612,-2.634611,11.012715
1343,-0.990970,9.620306,0.334216,2.975686,-3.405203,5.382050
1344,-1.181729,10.106690,0.497322,8.995461,0.333314,1.407014
1345,-1.066258,9.816772,0.324912,12.444053,1.905017,2.681162
1346,-1.099379,9.828218,0.172613,13.390128,1.027610,1.956347
1347,-1.006563,9.712660,0.285229,4.883093,-1.398611,5.855087
1348,-0.909402,9.654968,0.302958,-4.440312,-4.252092,9.357086
1349,-0.767616,9.810589,0.393917,-3.433202,-0.994241,8.548346
1350,-0.588978,9.828750,0.558611,-5.020164,-0.795870,9.715678
1351,-0.603660,9.779494,0.629065,-6.324830,-2.054759,11.256864
1352,-0.562443,10.061736,0.660449,-5.439794,-4.648832,14.972492
1353,-0.441483,9.380342,0.579362,-12.962605,-8.036386,20.465822
1354,-0.657607,9.787624,0.465839,-3.478979,-4.023203,11.325530
1355,-0.687568,9.989822,0.246671,-2.929646,-3.382314,13.454196
1356,-0.347948,9.760402,0.452126,-14.519050,-5.678832,22.579229
1357,0.003953,9.476168,0.719300,-14.328309,-4.831943,21.579748
1358,0.145962,9.529299,0.971211,-4.493720,-0.147352,12.126641
1359,0.240967,9.661265,1.095694,2.037242,0.539314,5.595680
1360,0.160686,9.766017,0.975319,4.997537,-2.100537,3.230495
1361,0.211500,9.594105,0.823453,5.386648,-4.503870,2.810866
1362,-0.041135,9.815455,0.725558,4.951759,-4.847203,-0.622467
1363,-0.029962,9.873363,0.432451,4.867833,-4.503870,-0.446985
1364,-0.287019,9.990844,0.439102,3.654722,-2.726166,-0.317282
1365,-0.219672,9.903504,0.378721,4.471093,-0.940833,-1.171800
1366,-0.010273,9.722809,0.615823,1.487908,0.020500,1.819014
1367,-0.055717,9.746073,0.680777,1.068279,0.951314,-0.065504
1368,0.039648,9.591986,0.477845,1.724427,0.134944,0.605903
1369,-0.023177,9.755962,0.491701,-0.350832,0.424870,-2.194170
1370,0.029211,9.953788,0.641670,0.076427,1.355684,-1.492244
1371,0.050484,9.936266,0.645364,0.076427,1.050500,0.865311
1372,0.148487,9.642618,0.793094,-1.663128,0.257018,1.872421
1373,0.006138,9.705593,0.670469,1.503168,-0.116834,-0.637726
1374,0.021118,9.694783,0.568863,3.013834,-0.223648,-1.095503
1375,-0.074050,9.682852,0.429230,0.740205,-0.879796,-0.805578
1376,0.001649,9.824981,0.395851,1.114057,0.859758,-1.621948
1377,-0.119133,9.963731,0.607354,1.121686,1.096277,-1.225207
1378,-0.050905,9.755233,0.641972,0.587612,0.539314,-0.164689
1379,0.019506,9.558151,0.388274,1.030131,0.539314,-0.691133
1380,-0.003139,9.617133,0.524626,0.206131,2.133906,-4.055799
1381,-0.095283,9.918686,0.527692,3.128278,3.377535,-5.383354
1382,-0.046728,9.831120,0.710480,-3.227201,0.318055,-0.538541
1383,-0.038810,9.712478,0.593719,-1.724165,-0.986611,-0.668244
1384,-0.129390,9.812220,0.523698,1.709168,-0.490685,-1.759281
1385,-0.062382,9.800643,0.466595,-1.029868,-1.108685,0.651681
1386,-0.092968,9.727932,0.587631,-0.823869,0.203611,0.506718
1387,-0.109744,9.860634,0.483878,3.204574,1.508277,-1.042096
1388,-0.057634,9.774194,0.580448,0.908057,1.302277,-0.080763
1389,-0.083226,9.799990,0.504327,1.129316,0.905536,0.483829
1390,0.004236,9.711482,0.594029,-0.221128,0.684277,1.696940
1391,-0.028322,9.726474,0.537334,-0.320313,-0.147352,0.354126
1392,-0.032412,9.862094,0.516531,0.564724,0.310425,0.567755
1393,0.043652,9.683504,0.528453,-2.349794,-0.322834,1.849533
1394,-0.038516,9.868925,0.666517,1.068279,1.279388,-0.317282
1395,-0.063980,9.763990,0.598702,1.098797,0.112055,0.201533
1396,-0.216227,9.805539,0.481556,1.640501,-0.475426,-0.714022
1397,-0.140022,9.755127,0.327946,1.655760,-0.467796,-0.118911
1398,-0.030486,9.809639,0.414848,0.282427,0.798722,1.635903
1399,0.012584,9.868293,0.691046,-1.632609,1.065759,2.108940
1400,0.026163,9.835732,0.450729,2.182204,0.806351,1.078940
1401,-0.096444,9.779034,0.624755,-0.770461,0.516425,1.307829
1402,0.015239,9.652470,0.478568,1.892279,1.622721,-0.057874
1403,0.071863,9.733120,0.475287,1.106427,1.546425,0.689829
1404,0.155611,9.706578,0.674676,-2.189572,0.981833,0.094718
1405,-0.080628,9.918699,0.505104,2.601834,0.737685,-2.209429
1406,-0.142037,9.817339,0.579683,0.091686,-0.643278,0.117607
1407,-0.110298,9.811707,0.302263,2.220353,-0.681426,-0.836096
1408,-0.056728,9.772550,0.466060,0.343464,-0.208389,0.193904
1409,0.006461,9.765338,0.385323,-0.869646,0.371462,0.995014
1410,0.123281,9.698845,0.625450,-2.952535,0.363833,1.391755
1411,0.066021,9.700629,0.615446,-1.777572,-0.734833,-0.012096
1412,-0.025884,9.756727,0.560882,0.839390,-0.841648,-1.148911
1413,-0.059640,9.864847,0.407943,1.434501,-0.956093,-1.324392
1414,-0.028636,9.816765,0.417100,-1.052758,-0.925574,0.079459
1415,-0.071440,9.767178,0.577950,-2.609202,-0.643278,0.354126
1416,-0.096251,9.888855,0.528815,0.145094,0.234129,-0.034985
1417,-0.072413,9.786572,0.533555,-1.037498,-0.299945,0.705089
1418,-0.056392,9.805036,0.424968,0.000131,-0.246537,0.621163
1419,0.042606,9.735490,0.518661,-1.014609,-0.254167,1.696940
1421,0.053608,9.730468,0.541279,0.923316,0.577463,0.201533
1422,-0.014489,9.653729,0.601178,0.213761,0.112055,-0.149430
1423,-0.038839,9.740627,0.486386,0.679168,-0.048167,-0.340170
1424,0.058924,9.793250,0.422846,-0.945943,0.295166,0.117607
1425,-0.025896,9.942980,0.638399,0.099316,0.768203,-0.874244
1426,-0.072341,9.861642,0.550351,1.190353,-0.017649,-0.370689
1427,-0.065091,9.720130,0.373554,2.166945,0.356203,0.048941
1428,0.042185,9.701768,0.475265,0.274798,1.035240,0.529607
1429,0.063962,9.789492,0.624899,-0.976461,0.844499,0.315978
1430,0.066724,9.811302,0.661522,-0.984091,0.096796,0.430422
1431,0.094646,9.716638,0.591084,0.366353,-0.383871,0.224422
1432,-0.004988,9.860014,0.431449,1.159835,-0.696685,-0.767430
1433,-0.033688,9.818479,0.618259,-2.014090,-1.261278,0.323607
1434,-0.144205,9.890417,0.448582,0.770723,-1.246019,-0.378319
1435,-0.068923,9.804580,0.512163,0.183242,-0.040538,0.964496
1436,-0.036542,9.732849,0.486578,-0.366091,0.562203,0.651681
1437,0.037348,9.768819,0.539060,0.229020,1.019981,0.552496
1438,0.044752,9.759679,0.648536,-0.671276,0.134944,0.483829
1439,0.027643,9.707140,0.404445,1.053020,-0.238908,-0.355430
1440,0.032309,9.712679,0.463123,0.114576,0.585092,0.155755
1441,0.081030,9.783562,0.595428,-1.106165,0.630870,0.293089
1442,-0.054585,9.890747,0.545476,0.328205,0.173092,-0.790318
1443,-0.036064,9.856458,0.471374,0.610501,0.218870,-0.141800
1444,-0.002895,9.820703,0.508516,0.496057,0.577463,0.819533
1445,0.052502,9.674468,0.529388,0.244279,0.173092,1.590125
1446,0.108643,9.712776,0.614329,0.488427,0.684277,0.773755
1447,-0.015670,9.722843,0.527096,0.740205,0.295166,-0.240985
1448,0.063143,9.692683,0.375509,0.839390,0.119685,-0.469874
1449,0.068535,9.786366,0.458382,0.198501,0.516425,-0.920022
1450,0.032359,9.869610,0.644476,-1.830980,0.218870,-0.721652
1451,-0.043566,9.922511,0.599687,0.526575,-0.238908,-0.591948
1452,-0.055469,9.795103,0.391720,0.824131,-0.772982,0.193904
1453,0.021016,9.740395,0.437728,0.557094,0.211240,1.040792
1454,0.045072,9.739356,0.471690,-0.892536,0.447759,0.689829
1455,0.074714,9.760903,0.510626,-0.991721,0.516425,0.460940
1456,0.098721,9.798107,0.627209,0.190872,0.607981,0.178644
1457,0.089504,9.744082,0.507720,0.663909,0.066277,0.041311
1458,-0.012422,9.875678,0.509645,1.144575,-0.002389,-0.385948
1459,0.013249,9.735432,0.477569,-0.366091,-0.162611,1.002644
1460,-0.031579,9.651036,0.489963,-1.357942,-0.238908,0.743237
1461,0.041843,9.599874,0.454855,-2.044609,-0.109204,-0.050245
1462,0.009352,9.882124,0.497058,-0.862017,0.669018,-1.286244
1463,0.039381,9.879252,0.619792,-2.510016,-0.299945,-0.057874
1464,0.031369,9.837679,0.510660,0.114576,-0.246537,-0.500393
1465,0.037971,9.775350,0.543058,0.488427,0.386722,-0.057874
1466,0.078951,9.702472,0.589267,0.045909,0.241759,0.216792
1467,0.055766,9.780757,0.603768,1.388723,0.432499,-0.652985
1468,0.063134,9.700690,0.428177,1.243760,-0.284686,-0.805578
1469,-0.077649,9.928159,0.514378,1.510797,0.478277,-1.461726
1470,-0.031786,9.827405,0.528341,-0.442387,-0.025278,0.430422
1471,0.049373,9.695785,0.558858,-0.434758,0.157833,0.865311
1472,0.093709,9.700755,0.557322,-0.564462,-0.254167,0.300718
1473,-0.018634,9.872948,0.479639,0.137464,-0.101574,-0.591948
1474,-0.017562,9.841447,0.550671,-0.190610,-0.017649,0.155755
1475,-0.019129,9.872412,0.471423,0.854649,0.302796,0.010792
1476,0.086068,9.741824,0.583984,-1.159572,0.173092,1.506199
1477,0.033076,9.845031,0.478866,0.488427,0.257018,0.491459
1478,0.099285,9.672917,0.518048,0.129835,0.180722,1.185755
1479,0.049261,9.856489,0.710793,-0.419498,0.249389,0.499089
1480,0.073524,9.633687,0.531164,-2.532905,-1.268907,0.979755
1481,0.087740,9.654838,0.470613,-1.159572,-0.505945,0.377015
1482,0.019049,9.801146,0.639611,-0.648387,0.073907,-1.354911
1483,0.044796,9.869720,0.519140,-0.549202,-0.284686,-0.469874
1484,0.135369,9.753673,0.709771,-2.021720,-0.269426,0.193904
1485,0.022096,9.783636,0.485068,2.227982,-0.399130,-1.583800
1486,0.009257,9.799632,0.520306,0.915686,-0.505945,-0.355430
1487,0.077258,9.772235,0.599083,-0.762832,-0.666167,0.529607
1488,0.002684,9.759064,0.528557,1.663390,-0.124463,-0.157059
1489,-0.067024,9.711489,0.511001,0.488427,-0.521204,0.033681
1490,-0.013789,9.797605,0.497573,0.938575,0.562203,-0.462244
1491,0.070069,9.786816,0.478358,0.206131,0.699536,0.636422
1492,0.029680,9.895888,0.644519,0.351094,0.897907,0.132866
1493,0.002471,9.790101,0.527388,1.922797,0.638499,0.399903
1494,0.111437,9.688917,0.517999,0.824131,0.653759,1.246792
1495,0.197281,9.620971,0.567964,-0.350832,0.539314,1.017903
1496,0.042634,9.813807,0.586452,1.068279,0.401981,-1.080244
1497,0.014445,9.841005,0.482083,1.526056,0.028129,-0.790318
1498,-0.004054,9.823992,0.463829,1.144575,-0.032908,-0.385948
1499,-0.019907,9.833773,0.450413,0.442650,0.066277,-0.218096
1500,0.028332,9.777769,0.460656,0.404501,0.539314,0.941607
1501,0.158420,9.629933,0.530032,-0.663647,0.630870,1.323088
1502,-0.003740,9.802201,0.510603,1.251390,0.669018,-0.652985
1503,0.036251,9.780432,0.407364,1.358205,0.676648,-0.187578
1504,0.143938,9.728172,0.582485,-1.739424,0.501166,0.605903
1505,0.070282,9.779214,0.545407,0.290057,0.424870,-0.805578
1506,0.034483,9.770979,0.486730,0.328205,-0.101574,-0.477504
1507,0.006695,9.827744,0.513275,-0.923054,-0.193130,-0.057874
1508,-0.004340,9.766020,0.478401,-0.778091,0.066277,-0.309652
1509,0.015623,9.805392,0.451667,-0.022758,0.646129,-0.553800
1510,0.068652,9.810156,0.560642,-0.877276,0.737685,0.254940
1511,0.027943,9.887041,0.722113,-1.609721,0.440129,0.224422
1512,0.047307,9.813693,0.415186,1.358205,0.554574,-0.210467
1513,0.106560,9.658361,0.452739,-0.869646,-0.086315,0.888200
1514,-0.000620,9.721861,0.474018,-0.961202,-0.246537,-0.645356
1515,0.012484,9.843607,0.452064,0.648649,0.836870,-1.080244
1516,0.049850,9.767198,0.586880,-2.166683,0.440129,0.331237
1517,0.067853,9.784558,0.552886,-0.251647,0.775833,-0.553800
1518,-0.015375,9.818191,0.545280,-0.022758,0.607981,-0.851355
1519,0.067335,9.654698,0.520670,-1.037498,0.188351,-0.073134
1520,0.053369,9.816945,0.456916,1.365834,1.264129,-1.530392
1521,0.097205,9.759105,0.571565,-1.617350,0.661388,-0.256245
1522,0.055841,9.822617,0.680455,-1.098535,0.737685,-0.752170
1524,-0.040293,9.724499,0.491351,-2.059868,-0.917945,-0.767430
1525,0.013055,9.718730,0.477289,-0.747572,0.096796,-0.424096
1526,0.029464,9.831418,0.558273,-0.968832,0.821611,-0.462244
1527,0.018686,9.771903,0.640734,-1.037498,1.264129,-0.614837
1528,0.013875,9.715873,0.547782,1.320057,1.019981,-1.240467
1529,-0.036326,9.738015,0.699516,0.831761,0.875018,-0.683504
1530,0.011331,9.696539,0.497034,-0.846758,0.180722,-0.607207
1531,0.063523,9.840296,0.703170,-0.305054,1.142055,-1.194689
1532,-0.013024,9.811638,0.722095,-0.839128,0.485907,-2.064466
1533,-0.104300,9.860614,0.479294,1.197982,0.104426,-1.499874
1534,-0.065577,9.673342,0.502939,-1.304535,-0.368611,-0.508022
1535,-0.074744,9.797301,0.538589,1.030131,0.661388,-2.163651
1536,-0.035213,9.763172,0.683225,-1.602091,0.394351,-1.698244
1537,-0.102061,9.719058,0.588785,-2.761794,-0.887426,-2.087355
1538,-0.071051,9.906769,0.673364,2.578945,1.180203,-5.024762
1539,-0.094394,9.850334,0.759033,-2.441350,-0.360982,-6.863502
1540,-0.258894,9.768474,0.643349,-8.018607,-2.565944,-8.183427
1541,-0.228768,9.701265,0.476787,-9.002830,-2.771944,-9.205797
1542,-0.382396,9.769765,0.801605,-7.797348,-1.276537,-11.563353
1543,-0.404136,9.691550,0.657663,-4.295349,-1.146833,-14.241351
1544,-0.421983,9.675758,0.816045,-2.952535,-1.596981,-17.560240
1545,-0.647342,9.749653,0.873450,-3.700238,-3.100018,-19.757572
1546,-0.628416,9.666312,0.635363,-1.365572,-0.933204,-22.023573
1547,-0.972054,10.075608,0.757465,1.823612,0.592722,-23.084091
1548,-0.941646,9.579996,0.770837,0.450279,-0.849278,-23.641052
1549,-1.160555,9.381487,0.594595,0.869908,2.805314,-32.567715
1550,-1.732038,9.880963,0.750860,4.486352,6.276794,-41.105267
1551,-1.480902,9.497518,0.547163,4.257463,3.781906,-41.944527
1552,-1.592480,9.341213,0.881720,3.380056,4.377017,-42.646454
1553,-2.037773,9.674314,0.754925,0.579983,1.988944,-42.753269
1554,-2.210853,9.575546,0.864148,2.586575,1.866870,-41.143417
1555,-2.544304,9.492713,0.769683,0.816501,-1.673278,-39.274158
1556,-2.796891,9.427282,0.546847,0.251909,-1.947944,-41.540157
1557,-3.004347,9.342624,0.645130,2.655241,-1.421500,-44.057934
1558,-3.167544,9.262291,0.567591,0.007761,-3.000833,-45.370232
1559,-3.487295,9.334434,0.660661,0.167983,-3.504388,-47.949043
1560,-3.869885,9.045602,0.748607,-2.479498,-5.785647,-49.177414
1561,-3.888539,8.724490,0.425565,-0.945943,-4.595425,-49.886971
1562,-4.307435,8.808902,0.788687,1.632871,0.958944,-51.039043
1563,-4.648229,8.609786,0.602926,2.823093,0.829240,-50.672821
1564,-4.674324,8.475191,0.600792,2.334797,0.287536,-52.664154
1565,-5.112638,8.428819,0.643767,1.083538,-1.085796,-54.167191
1566,-5.106434,8.151875,0.738841,0.068798,-2.115796,-53.205856
1567,-5.443921,8.053455,0.843529,0.251909,-2.321796,-49.803043
1568,-5.675660,7.901794,0.729534,-0.343202,-5.922980,-45.446526
1569,-5.770391,7.566514,0.672224,-1.731794,-6.159499,-43.989269
1570,-6.198871,7.525831,0.835013,-1.350313,-5.144758,-48.490749
1571,-6.321909,7.239924,0.567284,-3.013572,-8.318684,-54.136673
1572,-6.758365,7.169863,0.853698,-2.052239,-2.840611,-62.384300
1573,-6.865156,6.934288,0.713298,-4.020682,-3.969795,-67.450378
1574,-7.096375,6.788247,0.924330,-5.218534,-4.778536,-65.367485
1575,-7.309954,6.495969,1.027528,-3.234831,-6.670684,-59.393486
1576,-7.500272,6.034684,1.029300,-3.082238,-4.381796,-52.870155
1577,-7.777368,5.906034,1.018412,-1.228239,-1.566463,-50.123489
1578,-7.772000,5.699259,0.969555,-1.060387,-6.350239,-47.399712
1579,-7.947172,5.493286,0.960425,-1.800461,-9.180830,-47.079266
1580,-8.076360,5.333745,1.267101,-1.945424,-8.257647,-47.826969
1581,-8.357114,5.061849,1.268196,-2.929646,-9.341053,-45.217636
1582,-8.251065,4.672115,0.771158,-2.853350,-9.836978,-43.752750
1583,-8.482430,4.607573,1.110952,-3.120387,-7.273424,-43.066082
1584,-8.566238,4.457358,1.296900,-2.014090,-7.845646,-38.839268
1585,-8.730393,4.276038,1.425448,-1.151943,-7.044535,-34.688751
1586,-8.762126,4.026580,1.295056,-2.082757,-6.899573,-33.674011
1587,-8.933520,3.893628,1.336874,-2.441350,-2.977944,-35.810307
1588,-8.861989,3.741013,1.398102,-1.495276,-0.490685,-37.755863
1589,-9.024410,3.504780,1.527122,-1.266387,-0.765352,-39.236012
1590,-9.001151,3.338438,1.383393,-1.556313,-2.405722,-40.853489
1591,-9.131719,3.144700,1.538680,-1.342683,-0.338093,-38.991863
1592,-9.103358,2.886834,1.514132,-0.915424,1.370944,-36.115494
1593,-9.249710,2.704081,1.472295,-0.694165,1.615092,-38.045788
1594,-9.345698,2.428387,1.338144,-0.297425,-0.872167,-40.731415
1595,-9.293113,2.300354,1.316954,-1.098535,0.165463,-42.074230
1596,-9.600607,2.067067,1.563852,-1.670757,4.048943,-43.424675
1597,-9.522635,1.837503,1.521596,-0.945943,1.431981,-41.738529
1598,-9.525498,1.618706,1.406480,-1.914905,-0.002389,-41.334156
1599,-9.555737,1.369096,1.388211,-1.571572,1.363314,-40.632233
1600,-9.547217,1.142215,1.488855,-1.022239,2.835832,-40.784824
1601,-9.667992,0.926534,1.428200,-0.976461,3.469091,-41.357044
1602,-9.811686,0.624667,1.439692,-2.784683,0.981833,-40.945045
1603,-9.646760,0.472715,1.359620,-0.442387,2.736647,-43.432304
1604,-9.676083,0.120935,1.360878,-0.175351,4.689831,-44.836155
1605,-9.690907,-0.130663,1.351176,-1.335054,4.476203,-45.324451
1606,-9.696459,-0.278987,1.320961,-1.205350,3.987906,-45.385490
1607,-9.590382,-0.482711,1.302272,-1.083276,1.340425,-39.632751
1608,-9.662594,-0.861001,1.311952,-1.121424,2.935017,-40.143936
1609,-9.780055,-1.138226,1.441479,-2.799942,3.453832,-47.987194
1610,-9.531203,-1.248731,1.383475,-0.434758,2.729017,-51.710449
1611,-9.509706,-1.611076,1.286787,0.206131,0.104426,-52.679413
1612,-9.452320,-1.839389,1.264628,-2.723646,0.478277,-57.364006
1613,-9.617780,-2.278772,1.440211,-3.868090,3.759017,-58.615265
1614,-9.351447,-2.494352,1.457877,0.061168,-4.763277,-55.777042
1615,-9.244339,-2.813247,1.348630,-3.120387,1.523536,-58.180374
1616,-9.111007,-3.055610,1.269597,-5.958608,3.659832,-60.820225
1617,-8.962319,-3.341799,1.300849,-4.577645,1.111536,-57.318226
1618,-8.941644,-3.633061,1.284395,-6.889422,2.507758,-51.580746
1619,-8.966025,-4.143479,1.266995,-7.461645,1.996573,-44.103710
1621,-8.656611,-4.329197,1.219843,-6.408756,3.690350,-39.472527
1622,-8.556346,-4.649053,1.084653,-5.401647,5.513832,-40.174454
1623,-8.438766,-4.788454,1.067935,-1.792831,2.011832,-41.173935
1624,-8.470109,-5.071515,1.147684,-3.250091,-0.010019,-43.714600
1625,-8.298973,-5.409946,1.197973,-2.304016,-0.139722,-47.720154
1626,-8.055500,-5.544419,1.163193,-4.371646,0.974203,-53.129562
1627,-7.856581,-5.912047,1.077268,-5.668682,2.935017,-55.189560
1628,-7.545434,-5.804197,1.027618,-2.708387,3.400425,-59.034893
1629,-7.422387,-6.170489,1.026388,-7.103052,4.628795,-56.486599
1630,-7.343468,-6.461863,1.127323,-7.858385,1.233610,-51.496822
1631,-7.177209,-6.627995,1.024067,-5.737349,2.210203,-46.163712
1632,-6.881312,-6.755647,0.876379,-7.133572,3.942128,-45.660156
1633,-6.806484,-7.198789,0.924305,-11.345124,6.765090,-52.282673
1634,-6.583014,-7.409434,0.886427,-11.001792,6.688794,-58.744968
1635,-6.330310,-7.583303,0.931795,-5.874682,3.911610,-57.058819
1636,-6.072885,-7.813006,0.931937,0.198501,2.332277,-56.936745
1637,-5.702680,-7.838340,0.909449,4.593167,0.234129,-58.355854
1638,-5.455690,-7.965773,0.796556,3.151167,-1.230759,-58.622894
1639,-5.165864,-8.042968,0.969990,5.523981,-3.283129,-52.549709
1640,-4.986397,-8.275327,0.938661,2.655241,-3.542536,-49.230820
1641,-4.830105,-8.531105,1.144386,7.797610,-2.909277,-42.966896
1642,-4.595899,-8.490075,1.019293,11.124126,-5.518610,-41.524899
1643,-4.375714,-8.982876,1.065829,2.533167,-2.703277,-42.722748
1644,-4.220015,-8.978554,1.189232,10.895240,-1.345204,-42.539639
1645,-3.993240,-8.885663,1.264315,12.077831,-2.237870,-42.966896
1646,-3.838902,-8.872519,1.318277,2.502649,-1.093426,-44.141861
1647,-3.573243,-9.190754,1.249813,-4.058831,-0.154982,-42.135269
1648,-3.280878,-9.054981,1.153485,-7.103052,0.195981,-36.031567
1649,-3.064099,-9.434072,1.153232,-8.155940,2.034721,-30.271200
1650,-2.923017,-9.328924,1.117181,-1.716535,1.164944,-27.562681
1651,-2.855772,-9.317255,1.063171,-0.656017,-0.734833,-30.469570
1652,-2.631287,-9.339067,1.162644,-7.713423,1.012351,-35.566158
1653,-2.386395,-9.308249,1.124227,-3.883349,0.531685,-37.588009
1654,-2.201508,-9.631986,1.098231,-0.999350,0.035759,-37.298084
1655,-2.054533,-9.444780,1.097157,0.343464,-0.689056,-46.491787
1656,-1.897921,-9.417495,0.993038,-6.095942,3.926869,-55.433708
1657,-1.391576,-9.715546,1.057632,-10.299865,4.277832,-45.118454
1658,-1.180811,-9.689778,0.927650,-8.072015,1.195462,-27.753422
1659,-1.177734,-9.758856,1.083930,-5.088831,-0.574611,-21.901499
1660,-1.082344,-9.807917,1.152519,-5.767867,0.348574,-20.428980
1661,-0.821379,-9.688642,0.704915,-7.866014,1.058129,-18.162981
1662,-0.809786,-9.701386,0.721235,-1.609721,-0.330463,-13.539426
1663,-0.829467,-9.853610,0.850429,4.287982,-1.299426,-11.929574
1664,-0.756557,-9.813663,0.935095,7.728943,-0.666167,-13.875129
1665,-0.607590,-9.825088,0.921328,0.145094,0.615610,-15.919869
1666,-0.514240,-9.909851,0.886666,0.900427,-0.719574,-12.539945
1667,-0.485080,-9.742613,1.002106,9.033609,-0.544093,-11.723575
1668,-0.492812,-9.736571,1.183763,9.582944,0.432499,-12.143204
1669,-0.341075,-9.361398,1.083040,11.734498,-0.269426,-10.746982
1670,-0.262251,-9.502469,1.010984,6.592129,-0.063426,-8.496242
1671,-0.397896,-9.647651,1.321369,8.179090,1.386203,-3.163132
1672,-0.225349,-9.890201,1.306521,2.762056,0.569833,-4.612762
1673,-0.186459,-9.964129,0.970073,-1.945424,-1.299426,-5.680910
1674,-0.230528,-9.773817,1.036052,0.114576,-1.436759,-1.110763
1675,-0.306005,-9.742908,1.342037,1.457390,-0.978982,0.499089
1676,-0.245537,-9.628666,1.214970,-1.373202,-0.635648,-0.652985
1677,-0.266568,-9.754272,1.199861,-7.286163,-0.582241,1.216273
1678,-0.296837,-9.731348,1.113134,-4.600534,0.096796,4.275754
1679,-0.344352,-9.698710,1.207215,-3.517127,0.409611,2.620125
1680,-0.307106,-9.758892,1.051230,-5.294830,0.569833,-2.339132
1681,-0.275473,-9.934785,1.078626,-4.707349,0.943685,-2.728244
1682,-0.211875,-9.911541,1.084185,-2.777053,0.897907,-0.240985
1683,-0.231236,-9.879154,0.995158,-3.410314,-0.025278,-3.681947
1684,-0.132053,-9.778979,0.957171,-2.746535,0.096796,-7.687501
1685,-0.151577,-9.741025,1.020033,-3.295868,-0.345723,-7.016094
1686,-0.175835,-9.810363,1.073060,-1.899646,0.302796,-5.696169
1687,-0.056507,-9.799137,1.104630,-2.395572,0.836870,-3.865058
1688,-0.036939,-9.803566,0.933748,-2.532905,0.615610,-1.194689
1689,-0.102182,-9.909466,0.977817,-0.137202,0.897907,-0.805578
1690,-0.090983,-9.869903,1.025432,1.106427,0.981833,-0.485133
1691,-0.039260,-9.652861,0.793569,-0.549202,-0.139722,-2.117873
1692,-0.118819,-9.812265,1.101255,1.045390,-2.062389,-4.208391
1693,0.014166,-9.771578,0.897224,0.290057,-1.329944,-5.078169
1694,0.111633,-9.692110,0.834939,-1.983572,-0.734833,-4.353355
1695,0.012713,-9.736698,0.857812,-0.038017,-0.513574,-3.559873
1696,-0.037654,-9.805390,1.030600,3.601315,-0.010019,0.506718
1697,-0.059687,-9.881648,1.134858,1.571834,0.180722,2.681162
1698,-0.020681,-9.795056,0.977937,-1.548683,-0.063426,0.636422
1699,0.010165,-9.819490,0.930312,-0.060906,0.211240,-1.400689
1700,0.030282,-9.762541,0.952549,1.114057,0.012870,-0.958170
1701,-0.009542,-9.870906,0.882157,0.221390,-0.193130,-0.637726
1702,-0.094352,-10.004107,1.113544,3.013834,0.348574,-0.820837
1703,-0.043788,-9.859373,1.173501,0.755464,0.104426,-0.065504
1704,0.031186,-9.724434,0.963595,-5.867053,-0.963722,0.338866
1705,0.016556,-9.717325,0.900957,-3.051721,-0.238908,2.353088
1706,0.037923,-9.750812,0.973027,0.328205,0.707166,2.162347
1707,0.048332,-9.737145,0.967116,1.007242,0.585092,-1.217578
1708,0.037541,-9.677746,0.932338,-0.427128,0.310425,-2.995281
1709,0.070706,-9.700752,0.936378,-0.625499,0.829240,-1.225207
1710,0.051224,-9.779345,0.847068,1.930427,1.164944,1.201014
1711,0.044338,-9.852382,0.984439,1.457390,0.279907,0.903459
1712,-0.052339,-9.889644,1.070015,-0.869646,-1.535944,-0.904763
1713,0.028734,-9.855239,0.896145,-0.984091,-1.032389,-2.384910
1714,-0.000539,-9.792377,0.904939,1.312427,-0.948463,-0.927652
1715,-0.026312,-9.841984,1.044424,1.480279,-0.765352,-0.477504
1716,0.017612,-9.795690,1.020984,1.632871,-0.071056,-1.118392
1717,0.024890,-9.721265,1.035005,0.770723,-0.216019,-1.324392
1718,0.007546,-9.707177,0.912908,-2.365054,-0.277056,-1.713503
1719,0.051235,-9.737515,0.928450,-0.945943,0.577463,-1.393059
1720,0.128910,-9.815673,0.909189,-0.060906,0.531685,-0.294393
1721,0.085319,-9.805162,0.823597,0.091686,0.150203,-1.126022
1722,0.033143,-9.866425,1.049026,3.074871,0.806351,-2.445947
1724,0.047270,-9.797270,1.038050,-0.610239,0.371462,-0.004467
1725,0.105282,-9.871641,1.106347,-2.075127,0.730055,-0.096022
1726,0.106271,-9.762919,0.994600,-1.266387,1.218351,0.552496
1727,0.117872,-9.792270,0.995384,0.160353,1.485388,0.140496
1728,0.091991,-9.715888,1.030992,-0.396610,1.134425,0.499089
1729,0.064123,-9.778388,1.046845,-0.663647,0.791092,1.002644
1730,0.128019,-9.776362,0.921350,-2.555794,0.104426,0.918718
1731,0.093686,-9.710923,0.908281,-1.029868,-0.406759,0.903459
1732,0.075593,-9.764212,0.961721,2.151686,-0.231278,1.483311
1733,0.151219,-9.779300,0.972935,2.464501,-0.086315,1.529088
1734,0.037032,-9.725741,0.972542,2.868871,0.112055,0.628792
1735,0.023910,-9.754663,1.033846,3.708130,0.363833,0.155755
1736,0.003432,-9.813265,1.082055,1.426871,0.012870,2.414125
1737,0.004640,-9.877335,1.024000,0.190872,0.401981,2.887162
1738,0.003410,-9.806758,0.999773,3.143537,0.684277,1.208644
1739,-0.016244,-9.925156,1.157095,2.006723,0.356203,-0.172319
1740,-0.047759,-9.822756,1.145155,0.328205,-0.185500,0.277829
1741,-0.030106,-9.695825,1.145499,-0.823869,-0.467796,0.651681
1742,0.006988,-9.760533,0.952036,-0.739943,-0.170241,1.353607
1743,-0.073123,-9.767781,1.077885,1.114057,-0.025278,1.353607
1744,-0.014319,-9.877067,1.100487,-0.289795,0.089166,-0.950541
1745,-0.007147,-9.799132,1.125590,0.793612,0.096796,-0.836096
1746,-0.009877,-9.851481,1.014420,-1.159572,-0.216019,-0.645356
1747,0.010573,-9.827583,1.071904,1.426871,0.020500,-1.538022
1748,0.028391,-9.790135,1.159599,-1.754683,-0.628019,-1.194689
1749,0.005556,-9.730083,1.041817,-2.540535,-0.612760,0.880570
1750,0.026082,-9.732248,1.070445,0.114576,0.195981,0.819533
1751,0.041047,-9.834702,1.022775,-0.663647,-0.124463,-0.385948
1752,-0.012950,-9.831919,1.038054,0.343464,-0.750093,-0.103652
1753,-0.044401,-9.890821,1.056701,1.403983,-0.521204,-0.019726
1754,-0.013995,-9.795357,1.014463,0.541835,-0.429648,-1.675355
1755,0.002667,-9.789025,1.026424,0.381612,-0.292315,-2.369651
1756,0.003126,-9.760625,1.062289,-0.816239,-0.238908,-0.279133
1757,0.019360,-9.752433,0.973265,-2.258239,-0.338093,-0.454615
1758,0.019623,-9.785520,1.013793,-2.128535,-0.444908,-2.445947
1759,0.024481,-9.812514,1.029066,-2.738905,-0.299945,-2.201800
1760,0.051192,-9.779346,1.028993,-2.532905,0.142574,-0.538541
1761,0.070618,-9.790952,0.952140,-3.036461,0.432499,0.026052
1762,0.060426,-9.733038,0.960831,-3.158535,0.005240,0.331237
1763,0.097624,-9.731249,0.908739,-3.334016,-0.399130,0.048941
1764,0.104123,-9.861253,0.888405,-3.005942,-0.193130,-0.408837
1765,0.083537,-9.838636,1.017260,-0.472906,-0.032908,-0.279133
1766,0.051653,-9.722785,0.865389,-1.060387,-0.132093,0.285459
1767,0.040450,-9.766795,0.858938,-1.014609,-0.162611,-0.553800
1768,0.025493,-9.869861,0.946820,0.511316,0.257018,-0.332541
1769,0.009637,-9.864535,0.884778,0.175613,0.226500,-0.012096
1770,0.049914,-9.836921,0.893888,-0.068536,-0.040538,-0.858985
1771,0.077222,-9.734355,0.955917,0.190872,0.051018,-1.095503
1772,0.155599,-9.724386,0.872823,-0.175351,0.180722,-0.195208
1773,0.082526,-9.796720,0.995919,2.037242,0.478277,0.727977
1774,0.078153,-9.775416,1.028884,1.991464,0.417240,0.979755
1775,0.075793,-9.812758,0.903356,-0.144832,-0.216019,1.559607
1776,0.058326,-9.801388,0.922741,2.090649,0.081537,0.758496
1777,0.039962,-9.751905,0.863933,0.518946,0.173092,0.705089
1778,-0.034481,-9.875327,0.954501,1.022501,0.592722,0.331237
1779,0.006685,-9.847580,0.941914,1.594723,0.539314,-0.790318
1780,0.034246,-9.837430,0.902381,-0.083795,0.249389,-0.935281
1781,0.030352,-9.822707,1.028202,0.999612,0.257018,-0.454615
1782,0.046201,-9.805501,1.021163,0.900427,0.119685,-0.698763
1783,0.090316,-9.731247,0.918567,0.244279,-0.025278,-0.965800
1784,0.124304,-9.766598,0.984473,-0.083795,-0.002389,-0.233356
1785,0.180581,-9.738318,0.960447,-1.045128,-0.101574,0.529607
1786,0.064454,-9.748578,0.958855,0.358723,-0.193130,0.628792
1787,0.055581,-9.869446,1.023132,1.968575,0.073907,-0.698763
1788,0.021968,-9.770141,1.031160,0.625760,-0.185500,0.010792
1789,0.074542,-9.789938,0.882953,-2.281128,-0.360982,0.247311
1790,0.027822,-9.817712,0.998128,1.854130,0.348574,0.186274
1791,-0.018272,-9.721504,1.132134,1.594723,0.348574,0.933977
1792,0.031600,-9.758934,0.946640,-2.494757,-0.147352,1.094199
1793,0.074396,-9.876308,0.951460,-1.281647,0.119685,0.598274
1794,0.083597,-9.866197,0.943244,-0.984091,0.195981,1.002644
1795,0.037745,-9.782639,0.913169,-0.182980,0.325685,0.666940
1796,0.003302,-9.817194,0.953603,0.427390,0.455388,-0.721652
1797,0.021861,-9.842564,0.974407,0.091686,0.081537,-1.293874
1798,0.044635,-9.767126,0.903631,-0.312684,0.340944,-0.965800
1799,0.036534,-9.753268,0.985368,1.075908,0.638499,-0.385948
1800,0.058725,-9.761152,0.973644,1.014871,0.630870,-0.385948
1801,0.045909,-9.735951,0.970565,1.175094,0.440129,-0.889504
1802,0.064632,-9.791193,0.997212,0.229020,0.302796,-0.401207
1803,0.030913,-9.824517,0.939632,-0.320313,0.424870,0.750866
1804,0.042603,-9.780265,0.999493,2.075390,0.424870,-0.523282
1805,0.079895,-9.785542,1.023826,-0.106684,-0.017649,-1.454096
1806,0.069472,-9.732492,0.955723,0.198501,0.157833,0.506718
1807,0.049264,-9.846718,1.023754,2.021982,0.508796,0.491459
1808,0.071623,-9.788976,1.013158,1.556575,0.394351,-0.118911
1809,0.063182,-9.811180,0.953539,0.373983,0.104426,-0.042615
1810,0.050620,-9.819064,1.081365,1.365834,0.234129,0.117607
1811,0.029627,-9.813571,1.001022,0.358723,0.096796,-0.935281
1812,0.031895,-9.822845,1.047016,1.587094,0.302796,-1.332022
1813,0.069970,-9.743216,1.043376,0.709686,0.203611,-0.645356
1814,0.060287,-9.764837,0.987829,0.724946,0.432499,-0.721652
1815,0.075116,-9.842426,1.152137,1.877019,0.424870,-0.706392
1816,0.090613,-9.805239,1.009741,-0.602609,-0.223648,-0.904763
1817,0.059861,-9.786400,1.000546,1.213242,0.279907,-0.706392
1818,0.042556,-9.795695,1.168794,1.060649,0.379092,0.460940
1819,0.088763,-9.811475,1.053246,-0.755202,-0.055797,-0.034985
1821,0.088613,-9.749860,1.029795,-0.297425,0.104426,0.468570
1822,0.091118,-9.776513,1.087269,0.206131,0.142574,0.956866
1823,0.155993,-9.770745,1.026277,-0.755202,-0.154982,-0.065504
1824,0.100862,-9.751611,1.006603,-0.114313,0.020500,1.109459
1825,0.031514,-9.752150,1.004024,1.068279,0.501166,2.314940
1826,0.002323,-9.828927,1.106385,0.503687,-0.208389,0.926348
1827,0.097354,-9.819159,1.030091,-1.281647,-0.490685,-0.317282
1828,0.033644,-9.773353,1.049651,0.236650,0.096796,1.407014
1829,-0.010678,-9.739174,0.995292,0.541835,0.028129,1.330718
1830,0.028948,-9.818635,1.137253,0.267168,0.096796,-0.622467
1831,0.045250,-9.821965,1.167578,-1.312165,-0.093945,0.010792
1832,0.039624,-9.728934,0.909860,-1.586831,-0.216019,1.201014
1833,0.038154,-9.775600,1.113166,0.198501,0.005240,0.865311
1834,0.038628,-9.822830,1.035416,-0.198239,-0.139722,-0.080763
1835,0.017485,-9.847353,1.074174,0.122205,-0.032908,-0.302022
1836,0.065519,-9.788680,1.067606,-1.090906,-0.414389,0.392274
1837,0.044196,-9.722554,0.931548,-1.396091,-0.307574,0.163385
1838,0.027812,-9.815043,1.046201,1.579464,0.432499,-0.263874
1839,0.009773,-9.799502,1.067257,0.183242,0.180722,0.468570
1840,-0.020362,-9.792230,1.001365,-0.358461,0.112055,0.521977
1841,0.017247,-9.785190,1.057753,-0.221128,0.089166,-0.324911
1842,0.045266,-9.784311,0.975561,-1.068017,0.340944,0.010792
1843,0.024267,-9.742918,1.062391,1.205612,0.638499,1.963977
1844,0.045036,-9.751494,1.067082,-1.907276,-0.330463,2.032644
1845,-0.011257,-9.757264,0.843034,-0.793350,0.089166,3.444125
1846,-0.123565,-9.862613,1.232965,3.059612,0.546944,4.168939
1847,-0.062798,-9.755634,1.121884,-1.609721,-0.551722,4.802199
1848,-0.033164,-9.660261,0.912964,-4.936238,-0.971352,7.098716
1849,-0.048774,-9.656290,0.965976,-0.770461,-0.414389,8.075309
1850,-0.226896,-9.657576,0.957083,-1.777572,-0.177871,10.867752
1851,-0.399863,-9.804927,1.104185,-1.869128,-0.170241,14.934343
1852,-0.338103,-9.935625,0.930648,-7.217497,-1.719055,19.336637
1853,-0.505537,-9.670146,0.716885,-7.843126,-4.664092,24.761303
1854,-0.721953,-9.730989,0.835669,-0.564462,-4.023203,27.332487
1855,-0.751621,-9.779537,0.819535,0.595242,-2.115796,27.103598
1856,-0.984420,-9.646399,0.770050,1.075908,-1.192611,27.057821
1857,-1.082062,-9.707561,0.861920,11.116498,-1.047648,24.494267
1858,-1.221666,-9.691270,1.030131,7.286425,0.279907,24.501896
1859,-1.340877,-9.527159,1.011730,1.716797,0.791092,25.409821
1860,-1.478508,-9.517047,0.936549,3.586056,1.073388,28.232782
1861,-1.689422,-9.626217,1.137919,9.605831,-0.216019,33.420929
1862,-1.996191,-9.511885,1.057344,4.982278,0.760573,40.531746
1863,-2.411874,-9.739999,1.304285,10.498498,-0.750093,46.803299
1864,-2.485609,-9.530632,1.145123,2.853612,0.241759,46.307373
1865,-2.759471,-9.471159,1.104388,2.510278,-0.261797,44.773819
1866,-3.065603,-9.561730,1.241847,2.685760,-0.307574,41.660931
1867,-3.174047,-9.516344,1.296888,0.602872,1.203092,32.688484
1868,-3.315595,-9.330786,1.223642,-2.944905,-0.124463,23.891525
1869,-3.361210,-9.090524,1.136075,4.562648,-2.703277,19.344267
1870,-3.489547,-8.992836,1.159806,9.109906,-3.847721,23.288784
1871,-3.590908,-8.891504,1.226860,5.485833,-2.314166,32.108631
1872,-3.800696,-8.835247,1.222118,9.201461,-5.625425,44.125298
1873,-4.121419,-8.895547,1.404490,5.073833,-2.024241,46.711742
1874,-4.250530,-8.961070,1.295680,-1.373202,0.318055,40.226559
1875,-4.418904,-8.887340,1.115985,-0.022758,0.539314,34.000782
1876,-4.634800,-8.699680,1.372759,3.898871,-0.048167,31.429598
1877,-4.789948,-8.531683,1.631137,1.098797,0.524055,31.231226
1878,-4.815785,-8.102691,1.215339,3.669982,-1.963204,34.153378
1879,-5.349492,-8.378159,1.569909,11.253832,-4.717499,44.834854
1880,-5.313636,-8.024989,1.438475,4.371907,-0.948463,44.171078
1881,-5.554628,-8.090104,1.333242,0.129835,0.943685,40.577522
1882,-5.601826,-7.725752,1.250963,-0.167721,1.470129,38.120781
1883,-5.828358,-7.650650,1.307734,-2.441350,1.828721,42.133965
1884,-6.075811,-7.494974,1.390748,-3.570535,1.119166,42.416264
1885,-6.216996,-7.356981,1.382363,-0.106684,-2.840611,45.658855
1886,-6.534624,-7.337200,1.359079,-0.335573,-4.015573,47.192410
1887,-6.623284,-7.036623,1.324089,0.084057,-4.358906,44.926411
1888,-6.813681,-6.943631,1.422933,1.083538,-4.213944,43.141075
1889,-6.928779,-6.745791,1.350584,3.418204,-5.274462,42.759594
1890,-7.119260,-6.549629,1.458067,4.455834,-3.733277,42.217892
1891,-7.329930,-6.334237,1.482034,3.219834,-2.634611,41.020042
1892,-7.505658,-6.277411,1.524925,1.007242,-3.183944,39.929005
1893,-7.617314,-6.009974,1.480693,2.205093,-4.213944,38.387817
1894,-7.681318,-5.695913,1.447716,3.769167,-3.504388,44.178707
1895,-7.994474,-5.544334,1.610451,2.235612,0.516425,51.922779
1896,-8.048340,-5.302752,1.515063,1.487908,0.089166,56.180111
1897,-8.376851,-5.279669,1.458632,0.801242,0.234129,54.608406
1898,-8.418890,-4.855860,1.401172,2.861241,-0.246537,48.443668
1899,-8.406263,-4.508340,1.527001,5.028055,0.356203,47.512852
1900,-8.641346,-4.493453,1.588240,4.059093,0.691907,47.612038
1901,-8.552246,-4.212818,1.615350,4.974648,-0.910315,41.668560
1902,-8.773559,-3.973858,1.426803,3.143537,-0.528834,36.030266
1903,-8.937948,-4.004332,1.573078,2.472130,3.255462,30.872635
1904,-8.960830,-3.604402,1.672558,0.717316,2.408573,23.807600
1905,-9.028528,-3.600891,1.505030,3.090130,-3.115277,23.815229
1906,-9.065874,-3.438157,1.490673,4.829685,-2.695648,26.699228
1907,-8.992549,-3.168766,1.434921,5.005167,2.393313,34.710339
1908,-9.324859,-3.145737,1.573839,3.036723,6.231017,41.523598
1909,-9.141664,-2.690007,1.428243,4.928870,2.614573,44.728039
1910,-9.214162,-2.491001,1.391367,5.005167,2.393313,49.984852
1911,-9.624735,-2.413533,1.527674,3.860722,5.307831,51.518410
1912,-9.349717,-2.039750,1.374915,3.578426,3.614054,49.008259
1913,-9.533544,-1.835024,1.349745,4.188797,3.125758,45.040855
1914,-9.536357,-1.624340,1.345176,3.601315,4.346498,39.745892
1915,-9.843102,-1.419521,1.478295,3.326648,8.161312,34.733227
1916,-9.624143,-1.150135,1.309906,2.601834,6.261535,30.422487
1917,-9.728857,-1.009514,1.304562,1.594723,8.115534,27.950487
1918,-9.713184,-0.798425,1.394261,1.419242,7.596719,25.501377
1919,-9.426697,-0.607694,1.114864,1.449760,5.010275,27.095968
1920,-9.554002,-0.435954,1.127259,2.372945,7.100793,32.574039
1921,-9.648108,-0.275038,1.196873,2.960426,8.374941,37.800339
1922,-9.765818,-0.131270,1.002824,2.945167,7.673016,41.126854
1924,-9.683485,0.205080,0.914319,5.005167,8.298645,37.159451
1925,-9.740139,0.530446,1.057926,4.432944,8.588572,33.138634
1926,-9.708807,0.741431,0.959566,3.227463,3.598795,31.902634
1927,-9.798711,0.917430,0.906917,2.701019,0.348574,31.895004
1928,-9.731023,1.114384,0.895241,3.410575,0.829240,32.047600
1929,-9.597064,1.224946,0.680537,2.723908,2.774795,32.024708
1930,-9.425565,1.513359,0.679840,3.151167,7.192349,32.657967
1931,-9.482457,1.659787,0.995791,4.326130,7.924794,33.169151
1932,-9.544936,1.755997,0.788497,1.663390,0.081537,31.589819
1933,-9.537478,1.846518,0.713605,2.113538,-2.436240,28.911819
1934,-9.416492,2.078018,0.727608,5.295092,-1.978463,24.593451
1935,-9.603559,2.380547,0.988112,4.905981,1.439610,22.327452
1936,-9.757644,2.500997,1.034367,5.287463,-1.146833,20.153008
1937,-9.518684,2.496282,0.781114,3.174056,-8.974831,18.215082
1938,-9.492350,2.746669,0.868539,5.379018,-7.113202,16.559452
1939,-9.387060,2.777169,0.983383,8.873388,0.127314,15.460788
1940,-9.309256,2.830442,0.757451,6.088574,-2.794833,13.438937
1941,-9.343480,2.850867,0.875505,9.025981,1.287018,20.404785
1942,-9.192718,2.876475,0.580566,7.652647,-2.863500,25.280117
1943,-9.258631,2.948224,0.923546,6.958351,3.026573,25.241970
1944,-9.418523,3.072645,0.736039,8.591092,6.070794,24.761303
1945,-8.963249,3.132579,0.329891,7.431388,1.981314,30.323301
1946,-8.840072,3.526808,0.639034,2.777315,5.025535,31.719522
1947,-9.049729,3.871427,0.881860,0.892798,0.775833,30.140190
1948,-8.970961,3.837693,0.820128,1.358205,-1.780092,28.972857
1949,-8.777072,3.861452,0.473874,2.250871,3.232573,23.548193
1950,-8.838818,4.023590,0.584618,0.351094,2.606943,19.229822
1951,-8.912326,4.196010,0.599860,-1.830980,-1.726685,17.406342
1952,-8.848600,4.308898,0.765727,-3.448461,-0.620389,19.832563
1953,-8.752256,4.445644,0.614323,-7.171719,-2.337055,22.769970
1954,-8.602897,4.587164,0.752648,-7.454015,0.821611,26.317747
1955,-8.638596,4.655792,0.710148,-3.372165,3.011314,23.998341
1956,-8.486750,4.797643,0.976454,-2.052239,5.216276,23.899155
1957,-8.337363,4.813968,0.551964,-9.155421,-1.230759,20.267452
1958,-8.436509,4.858853,0.761548,-3.814683,0.287536,17.536045
1959,-8.230716,4.884264,0.510577,-0.625499,-0.399130,14.880937
1960,-8.417396,5.094746,0.794517,0.312946,0.981833,14.880937
1961,-8.309775,5.108268,0.674394,-2.204831,-0.460167,14.179010
1962,-8.167596,5.103899,0.413291,-3.112757,-2.352315,13.156641
1963,-8.219968,5.245159,1.238238,-4.158016,-2.565944,13.683084
1964,-8.170642,5.356027,0.822269,-0.060906,-2.222611,10.821975
1965,-8.096916,5.360163,0.634141,3.502130,-0.696685,9.128197
1966,-8.171242,5.409120,0.824789,6.294573,-2.672759,11.584937
1967,-7.853228,5.200576,0.515911,1.571834,1.569314,15.468417
1968,-8.095089,5.827608,1.049186,-9.452977,6.581979,21.228785
1969,-7.856311,5.631820,0.908056,-9.552161,-2.489648,19.588415
1970,-7.691796,5.646922,0.648806,-4.646312,2.782425,17.421600
1971,-7.858943,5.863044,0.773413,-4.295349,-0.193130,15.056417
1972,-7.928006,5.906263,1.012986,-1.884387,0.546944,12.485233
1973,-7.561683,5.838372,0.570430,-2.853350,1.149685,10.577826
1974,-7.728574,5.952608,0.854219,-1.357942,2.576425,9.173975
1975,-7.562438,5.845436,0.768055,0.778353,2.629832,8.502568
1976,-7.531282,5.946609,0.764460,0.297687,1.737166,7.091087
1977,-7.435525,6.065593,0.865725,0.763094,1.798203,7.587013
1978,-7.504472,6.080361,0.712046,7.568721,-3.710388,24.334044
1979,-7.427809,6.300664,0.676057,8.179090,-7.387868,32.810558
1980,-7.383188,6.600595,0.916689,10.055979,-5.068462,31.002338
1981,-7.401402,6.605650,0.717277,5.928352,-7.410757,26.722116
1982,-7.084249,6.648814,0.787501,3.074871,-4.976906,18.344786
1983,-7.052283,6.673853,0.655056,3.837834,-4.900610,17.406342
1984,-7.003067,6.775510,0.643017,5.119611,-3.382314,17.703897
1985,-6.923919,6.867733,0.844795,6.302203,-0.490685,16.795971
1986,-6.749528,6.825965,0.691267,4.425315,0.875018,16.513676
1987,-6.714423,6.972355,0.611205,3.975167,3.461462,19.405304
1988,-6.785206,6.982090,0.590800,4.699981,6.566720,23.983080
1989,-6.677428,7.130645,0.624270,2.998575,6.940571,20.816786
1990,-6.516738,7.223094,0.586508,2.266130,8.603830,16.269527
1991,-6.496810,7.289420,0.362086,2.113538,5.185757,20.862564
1992,-6.361397,7.383225,0.516861,2.639982,4.247313,21.694193
1993,-6.216743,7.571665,0.421819,1.175094,9.015831,18.047232
1994,-6.069375,7.690548,0.375076,1.747316,11.205534,21.999378
1995,-6.133826,7.891678,0.185154,2.968056,13.265533,27.141747
1996,-5.836875,7.761597,0.315117,3.593686,13.387608,38.120781
1997,-5.472519,7.837820,0.373365,4.852574,5.704572,50.030632
1998,-5.555923,8.094088,0.263603,8.179090,1.790573,50.763073
1999,-5.268692,8.272744,0.186912,6.386129,4.918721,36.892414
2000,-5.046406,8.158798,0.144861,5.699463,7.497534,37.815598
2001,-4.849990,8.231566,0.146341,2.876501,3.575906,35.969227
2002,-4.805754,8.553239,0.165901,4.196426,5.353609,30.178339
2003,-4.541378,8.674175,-0.266993,0.984353,2.416203,28.255672
2004,-4.434191,8.778574,0.040765,1.365834,3.774276,31.589819
2005,-4.439039,8.758416,0.027544,-0.289795,3.301240,30.323301
2006,-4.336225,8.929757,-0.039864,0.824131,4.903461,27.050192
2007,-4.009369,8.887761,-0.190276,1.587094,1.615092,28.629524
2008,-3.674542,9.182749,0.214824,-0.610239,-3.817203,37.197598
2009,-3.522727,9.080763,0.086017,0.061168,-4.633573,47.757000
2010,-3.005101,9.259459,0.043957,-2.036980,-2.886388,50.999592
2011,-2.812738,9.227048,0.076070,1.045390,4.674573,64.854996
2012,-2.470487,9.175036,-0.206472,2.525538,7.703535,80.434692
2013,-2.105563,9.674183,0.142035,3.753908,-0.071056,88.903580
2014,-1.674353,9.540043,0.156856,0.801242,-1.795352,95.968613
2015,-1.104313,9.633619,0.010056,-1.495276,1.699018,97.425873
2016,-0.654042,9.513781,-0.180990,-1.068017,6.086053,98.608467
2017,-0.001584,9.877965,0.236933,1.526056,6.681164,79.748024
2018,0.561178,10.140295,-0.065742,0.137464,4.567758,75.330475
2019,0.603154,9.736925,0.059412,4.631315,9.885607,82.059799
2020,0.889583,9.521625,-0.084489,0.724946,6.139461,66.823433
2021,1.195794,9.815117,0.043056,4.432944,5.407016,42.652782
2022,1.571263,10.030201,0.019718,3.402945,7.520424,16.635750
2023,1.657150,10.034925,-0.093055,2.433982,7.604349,6.984272
2024,1.818779,9.882578,0.073881,3.433463,8.321533,6.503605
2025,1.874728,9.566396,0.350280,2.266130,6.414127,8.334716
2027,2.044409,9.584312,0.109863,11.116498,2.652721,15.094566
2028,2.220028,9.420372,0.114153,5.806277,-0.307574,23.464266
2029,2.136368,9.453459,-0.355312,5.661315,0.722425,30.727671
2030,2.672684,9.534206,-0.136948,7.767091,6.154720,26.432192
2031,2.692302,9.542568,-0.165460,0.717316,6.238646,30.491154
2032,2.654516,9.288676,-0.339320,-0.060906,5.185757,32.482483
2033,2.781027,9.639145,-0.095023,1.960945,0.661388,30.887894
2034,2.974272,9.394506,-0.183943,-1.953054,-0.460167,32.055229
2035,3.180380,9.170074,-0.187880,0.061168,-1.085796,35.786118
2036,3.262003,8.826911,-0.291327,0.862279,-2.085278,36.266785
2037,3.628895,9.408275,-0.017081,5.775759,-4.183425,34.489079
2038,3.783607,9.114033,-0.131097,-1.068017,1.515906,36.655895
2039,3.755500,8.531196,-0.382556,-5.096460,5.826646,34.115227
2040,4.256112,9.134339,-0.159977,5.127241,2.896869,26.638191
2041,4.243124,8.680463,-0.353669,-1.731794,2.416203,23.471895
2042,4.359341,9.034237,0.037658,3.700500,-0.162611,23.738934
2043,4.187842,8.700496,0.581458,4.005685,1.172573,19.779156
2044,4.494863,8.797687,-0.020899,4.684722,8.435980,19.176416
2045,4.570305,8.831429,-0.176679,5.043315,8.176571,20.572638
2046,4.595291,8.434891,-0.341321,-1.869128,5.223905,22.983599
2047,4.812362,8.538490,-0.156894,-2.479498,-4.313129,23.395599
2048,4.993479,8.497042,-0.186463,-3.868090,-3.466240,26.836561
2049,5.062223,8.201311,-0.043988,-6.843645,-4.831943,31.910263
2050,5.173918,8.244094,-0.264338,-8.598458,-6.731721,27.866562
2051,5.503374,8.280833,0.313304,-2.540535,-7.609127,20.320860
2052,5.483167,8.241019,0.043677,-5.020164,1.225981,21.259304
2053,5.577658,8.217010,-0.067211,-5.455052,4.811905,24.089895
2054,5.659832,8.084400,-0.068933,-4.760756,1.828721,25.272488
2055,5.846161,8.090877,0.046839,-1.586831,-2.550685,27.370636
2056,6.114191,7.989421,0.128730,-3.417942,-2.993203,30.056265
2057,6.117484,7.773029,0.002545,-5.889941,-5.831424,36.518562
2058,6.235290,7.386099,0.062038,-7.148830,-9.547052,36.655895
2059,6.458619,7.183091,-0.048169,-10.917867,-12.774385,45.910633
2060,6.793412,7.162488,0.167384,-7.232757,-17.848087,58.758923
2061,6.766099,7.111803,-0.072255,-4.684460,-16.894382,44.796707
2062,6.834846,7.092469,-0.132113,0.122205,-6.579128,18.268490
2063,7.109118,7.123654,-0.086015,5.111982,-1.352833,5.038717
2064,7.190710,7.013599,-0.068802,7.400870,-3.512018,6.312865
2065,7.221677,6.947721,0.106766,7.492425,-3.244981,7.052938
2066,7.178195,6.891844,-0.046250,3.570797,-0.780611,13.065085
2067,7.213626,6.755430,-0.403319,3.044352,3.064721,20.656563
2068,7.473328,6.651116,-0.237624,2.838352,12.983236,26.569525
2069,7.778800,6.534975,-0.061384,0.167983,21.505531,33.359890
2070,6.993685,6.028315,0.596941,0.938575,29.707380,38.059746
2071,7.487341,6.208314,-0.338247,1.442130,10.824053,27.942858
2072,7.434347,6.055929,0.226309,-0.388980,13.250275,34.138115
2073,8.101712,6.147372,0.359119,0.572353,3.316499,36.129448
2074,8.454524,5.983973,0.396359,-5.294830,5.414646,36.816116
2075,8.039038,5.621563,0.194509,-11.902087,13.715681,42.050041
2076,8.072399,5.224990,0.478400,-8.216977,10.351015,36.510929
2077,8.521356,5.197962,0.603678,-0.358461,3.301240,30.994709
2078,8.496854,5.271430,0.353568,1.953316,2.049980,33.497227
2079,8.479557,4.999044,0.241502,3.448723,3.705609,37.304413
2080,8.860864,4.756992,0.404029,4.410056,0.356203,38.250484
2081,8.751746,4.602163,0.510321,-1.846239,-0.299945,42.446781
2082,9.031250,4.313815,0.596513,-4.722609,0.783462,43.911671
2083,8.532437,3.850366,0.633110,-7.690533,6.498053,40.646191
2084,8.912514,3.759519,0.305114,-5.500832,1.988944,31.475374
2085,9.158799,3.726710,0.868269,2.769686,-4.213944,26.722116
2086,9.405484,3.765790,0.567995,3.120649,6.414127,22.708933
2087,9.312557,3.557468,0.892752,0.839390,20.826494,27.057821
2088,9.052225,3.243018,0.893882,-2.822831,20.376347,30.834486
2089,9.211558,3.180606,1.089026,-2.410831,12.624643,25.669228
2090,9.087577,2.979668,0.968170,-6.080682,5.239165,27.889450
2091,9.492349,2.986871,0.848949,-7.019126,4.682202,26.264339
2092,9.410332,2.672335,1.067924,-5.310090,3.133388,31.566931
2093,9.468556,2.605198,1.306280,-7.301422,0.363833,40.409672
2094,9.551482,2.356064,0.874815,-10.482976,-0.307574,42.378113
2095,9.567343,2.096602,1.293121,-7.873645,1.592203,39.997669
2096,9.436143,1.876712,0.978807,-8.018607,-0.101574,39.143154
2097,9.909519,1.836354,1.009760,-5.645793,6.215757,32.314632
2098,9.797674,1.565434,1.261939,-6.065423,5.185757,38.906635
2099,9.560698,1.194128,1.165425,-6.622386,5.506201,44.399967
2100,9.891633,1.017132,1.396135,-4.905720,-0.795870,42.317078
2101,9.485241,0.590603,0.768431,-5.638164,-8.509424,49.755962
2102,10.084743,0.198830,1.164140,0.984353,-5.800906,55.035667
2103,9.762194,0.108870,1.322380,-1.579202,7.177090,51.190334
2104,9.779059,-0.148677,1.083386,0.167983,5.582498,48.306335
2105,9.762245,-0.387002,1.144994,9.254869,3.484350,44.163448
2106,9.842791,-0.920768,1.356111,14.763461,0.661388,44.110039
2107,9.829369,-0.743723,1.309700,11.581905,11.213163,44.277893
2108,9.450623,-1.038098,1.418369,10.689240,15.562052,44.468632
2109,9.233849,-1.245927,1.477674,12.825534,9.809311,40.226559
2110,9.255581,-1.379791,1.387887,9.293016,10.915607,37.899525
2111,9.487564,-1.818490,1.629668,7.667906,16.805679,40.714855
2112,9.674724,-1.862289,2.131961,7.965462,15.783310,39.913746
2113,9.577371,-2.127089,1.885490,1.396353,-2.649870,56.164852
2114,9.274221,-2.672657,1.886529,-1.571572,-8.082165,72.347290
2115,9.447899,-2.942597,1.133944,-2.174313,-12.095348,78.115288
2116,8.809857,-3.811889,1.472208,9.674498,-7.166609,87.698097
2117,8.876034,-4.120446,1.481653,0.427390,-9.882757,85.104027
2118,8.667253,-4.283752,1.564353,-4.875201,-4.213944,80.991653
2119,8.422050,-4.726679,1.482503,-2.654979,-3.000833,83.196617
2120,8.250083,-5.351324,1.711874,-5.531349,-3.588314,86.698616
2121,7.976919,-5.578921,1.407130,-4.806535,-7.273424,85.348175
2122,7.744219,-5.737276,1.314366,2.571315,1.790573,85.760170
2124,6.818266,-6.812543,1.711038,2.907019,4.277832,97.296165
2125,6.495885,-7.169935,1.887173,1.930427,3.171536,95.167503
2126,6.190535,-7.700889,1.482960,4.814426,4.171017,84.264763
2127,5.801039,-7.739505,1.639464,8.743683,8.504644,67.578766
2128,5.753259,-7.973628,1.649892,1.754945,6.879534,58.018852
2129,5.478582,-8.207542,1.946768,3.692871,6.597238,58.774185
2130,5.037961,-8.779425,1.603939,4.303241,1.897388,54.905964
2131,4.851797,-8.151693,1.952301,7.240647,5.765609,45.864853
2132,4.947441,-8.739532,1.834918,3.204574,-1.184981,45.559669
2133,4.431236,-8.582732,1.486365,0.999612,-6.182388,41.065819
2134,4.392122,-8.685385,1.726918,1.014871,-7.616757,36.953449
2135,4.097373,-8.814600,1.918147,1.693908,-6.235795,40.669079
2136,3.817895,-8.769145,1.747861,0.953834,-3.244981,44.583076
2137,3.749176,-8.883270,1.686378,2.395834,3.392795,48.519966
2138,3.242277,-8.810270,1.911177,1.335316,3.438572,57.057518
2139,2.813807,-9.232072,1.867446,-2.525276,-2.977944,67.700844
2140,2.697636,-9.865193,1.582263,-2.021720,-3.756166,71.187584
2141,2.385079,-9.654004,1.753291,7.583981,6.826128,52.632332
2142,2.024058,-9.282526,1.934429,10.986794,11.098719,38.097893
2143,1.946119,-9.548232,1.980628,4.539759,5.719831,36.182858
2144,1.756753,-9.463345,2.039736,0.579983,5.384127,37.342560
2145,1.435499,-9.375629,2.035066,-4.272460,0.875018,37.960560
2146,1.213990,-9.425338,1.827831,-1.647868,1.225981,38.090263
2147,1.125061,-9.658735,1.785174,-3.089869,-0.246537,40.081596
2148,0.850279,-9.585469,1.825737,-5.233793,-0.086315,37.876633
2149,0.692135,-9.698042,1.744207,-4.280090,0.997092,31.429598
2150,0.442469,-9.487100,1.773329,-7.576089,1.927907,27.401154
2151,0.417779,-9.866882,1.671329,-9.262237,0.134944,27.027302
2152,0.214569,-9.789623,1.730297,-9.040977,0.363833,22.754711
2153,0.214764,-10.106300,1.432792,-7.179349,-1.841129,15.621010
2154,0.067726,-9.672192,1.589547,-6.958089,-2.688018,8.441531
2155,-0.001459,-9.770521,1.577056,-5.653423,-0.711945,8.906938
2156,-0.060168,-9.819870,1.450602,-4.005424,2.111017,10.547308
2157,-0.054924,-9.552767,1.475077,-6.965719,1.920277,6.747753
2158,-0.095980,-9.663795,1.539689,-14.961568,-4.969277,2.948199
2159,-0.113515,-9.926818,1.274273,-13.801866,-6.548609,0.865311
2160,-0.177294,-9.723570,1.215195,-3.204312,-2.581203,1.857162
2161,0.026432,-9.964569,1.375251,5.188277,-0.483056,1.613014
2162,0.002693,-9.889525,1.338745,2.449241,-1.131574,0.499089
2163,0.013396,-9.939476,1.388603,-0.923054,-0.986611,0.674570
2164,0.004120,-9.757148,1.349806,-2.593942,-2.802462,0.087089
2165,-0.085301,-9.728893,1.443113,2.815463,-0.811130,2.215755
2166,0.008901,-9.868416,1.295637,-0.564462,-1.093426,2.765088
2167,-0.048486,-9.744792,1.359066,-1.151943,-2.115796,0.659311
2168,-0.109323,-9.654287,1.382547,-1.388461,-1.375722,-0.370689
2169,-0.080627,-9.623717,1.320943,0.991983,0.089166,-1.232837
2170,-0.133526,-9.640275,1.281439,0.412131,-0.757722,-1.988170
2171,-0.058848,-9.916213,1.400193,-0.320313,-0.650908,-1.194689
2172,-0.051659,-9.718751,1.396076,1.922797,0.905536,-1.911874
2173,-0.079917,-9.724497,1.402061,2.014353,0.737685,-2.880836
2174,0.109057,-9.932059,1.397460,0.419760,-1.322315,-2.423059
2175,-0.017807,-9.639396,1.439890,2.975686,-0.315204,-3.475947
2176,0.021920,-9.755301,1.407061,0.763094,0.112055,-3.086837
2177,0.030434,-9.735149,1.324698,-1.151943,-1.108685,-0.622467
2178,0.034933,-9.674533,1.355351,0.702057,-1.123944,0.735607
2179,0.020822,-9.826721,1.380786,1.213242,-0.200760,1.605385
2180,0.007954,-9.835650,1.395948,0.167983,-0.978982,-0.851355
2181,0.038831,-9.610356,1.299658,0.953834,0.180722,-2.209429
2182,0.023462,-9.740324,1.304699,-1.396091,-0.589871,-0.729281
2183,0.008238,-9.699973,1.450939,-1.144313,-1.085796,0.102348
2184,0.014142,-9.757304,1.450366,0.114576,-0.353352,0.468570
2185,0.056070,-9.765669,1.393279,1.793093,0.226500,-1.064985
2186,0.032440,-9.719934,1.367297,0.663909,-0.704315,-1.759281
2187,0.032189,-9.690684,1.457123,0.862279,-0.422019,-0.172319
2188,0.050764,-9.723172,1.380642,0.557094,-0.307574,0.201533
2189,0.049323,-9.774295,1.353395,-0.305054,-1.040019,-1.217578
2190,0.086970,-9.864514,1.409835,-0.518684,-1.551204,-1.118392
2191,0.028284,-9.724919,1.405450,1.075908,-1.177352,0.163385
2192,0.059160,-9.741920,1.406984,1.144575,0.226500,-1.011578
2193,0.094118,-9.771761,1.449921,-0.312684,0.112055,-0.797948
2194,0.076070,-9.753557,1.429260,0.068798,-0.933204,-0.027356
2195,0.111868,-9.730198,1.456551,1.663390,-0.200760,0.918718
2196,0.105003,-9.557971,1.407428,0.000131,-0.200760,1.361237
2197,0.061377,-9.603818,1.453754,-0.244017,-0.162611,0.903459
2198,0.060263,-9.818191,1.480611,1.678649,0.569833,0.491459
2199,0.008096,-9.805029,1.457587,1.365834,0.028129,-0.302022
2200,0.040599,-9.767852,1.475164,2.144056,0.203611,-0.492763
2201,0.032628,-9.771736,1.441623,0.625760,0.562203,0.636422
2202,0.038355,-9.825294,1.502597,1.793093,0.646129,0.430422
2203,0.023564,-9.769913,1.539996,5.089092,1.561684,-0.935281
2204,0.070188,-9.756113,1.554189,7.606869,2.523017,-1.202318
2205,0.095156,-9.696209,1.574123,6.126722,1.981314,-1.110763
2206,0.069292,-9.688341,1.502438,3.250352,0.501166,-0.767430
2207,0.059242,-9.706573,1.567128,1.274279,0.104426,-0.630096
2208,0.076242,-9.859928,1.635472,-1.258757,-0.780611,0.308348
2209,0.042014,-9.728599,1.583618,0.335835,-0.498315,0.903459
2210,0.093763,-9.672866,1.564857,0.206131,-0.315204,0.399903
2211,0.035796,-9.679724,1.600186,-0.358461,-1.062907,-0.454615
2212,0.029119,-9.651228,1.722761,-0.572091,-1.184981,-0.904763
2213,0.058586,-9.673375,1.601120,-0.846758,-0.322834,0.048941
2214,0.036813,-9.795486,1.600016,-1.602091,-0.147352,-0.889504
2215,0.075754,-9.797884,1.637827,-2.296387,0.051018,-2.224688
2216,0.065347,-9.722584,1.543489,-1.640239,-0.299945,-2.613799
2217,0.116330,-9.791782,1.560490,-1.006980,0.203611,-2.033948
2218,0.155295,-9.758582,1.538366,1.579464,1.706647,-0.370689
2219,0.133177,-9.805531,1.540549,1.655760,0.905536,0.804274
2220,0.145936,-9.904306,1.571993,1.892279,-0.460167,0.460940
2221,0.154127,-9.686187,1.600961,2.769686,-0.643278,-0.538541
2222,0.119364,-9.729501,1.612796,0.335835,-1.383352,2.032644
2223,0.120359,-9.656955,1.558061,0.160353,-0.467796,3.230495
2224,0.080016,-9.637444,1.551006,-0.297425,-0.422019,2.200495
2225,0.064652,-9.712241,1.604903,0.526575,-0.620389,-0.240985
2227,0.045101,-9.815181,1.588814,0.206131,0.134944,1.674051
2228,0.057718,-9.792133,1.605075,-0.617869,-0.177871,1.063681
2229,0.032724,-9.667278,1.617498,-1.319795,-0.048167,0.270200
2230,0.066569,-9.701821,1.560147,-0.991721,-0.147352,0.689829
2231,0.065895,-9.689986,1.576344,0.908057,-0.299945,0.415163
2232,0.066931,-9.740491,1.633058,-0.587350,-0.429648,0.735607
2233,0.094659,-9.831097,1.580732,-1.243498,-0.101574,1.010274
2234,0.031456,-9.704381,1.544805,-2.052239,-0.933204,0.346496
2235,0.018056,-9.783859,1.581811,-1.800461,-0.643278,0.071829
2236,-0.002000,-9.733717,1.515912,0.167983,0.890277,1.368866
2237,-0.000145,-9.680024,1.514364,0.480797,0.119685,2.215755
2238,0.028419,-9.680355,1.524929,2.250871,-0.200760,0.964496
2239,0.023526,-9.756578,1.599607,1.030131,-0.071056,0.354126
2240,-0.018805,-9.814254,1.627987,-0.686535,-0.048167,1.521459
2241,-0.019777,-9.757494,1.527144,0.305316,-0.002389,1.109459
2242,0.014735,-9.729722,1.520288,-0.160091,-0.338093,-0.424096
2243,-0.005126,-9.662279,1.545035,-0.327943,-0.231278,-0.881874
2244,0.000274,-9.787769,1.566263,-0.282165,-0.635648,0.003163
2245,0.007006,-9.748312,1.545125,0.663909,0.127314,-0.202837
2246,-0.053884,-9.795742,1.584085,-1.319795,0.211240,-0.393578
2247,-0.031140,-9.798906,1.579913,-0.831498,-0.132093,-0.446985
2248,0.019359,-9.721532,1.629386,1.823612,0.203611,-1.118392
2249,0.013229,-9.619826,1.596850,1.991464,0.470648,-0.004467
2250,0.011067,-9.674269,1.530918,0.480797,-0.269426,2.116570
2251,-0.025066,-9.716470,1.556788,-0.564462,-0.605130,2.581977
2252,-0.006272,-9.839295,1.607582,-0.800980,-0.315204,2.070792
2253,0.019798,-9.817413,1.600664,-0.007499,-0.452537,-0.637726
2254,-0.009898,-9.642360,1.516985,-1.487646,-0.124463,-3.239429
2255,-0.058760,-9.683350,1.466868,-2.342164,0.394351,-2.621429
2256,-0.018968,-9.808692,1.690087,0.496057,-0.368611,-0.416467
2257,0.065902,-9.833525,1.627140,1.617612,-0.277056,1.071311
2258,0.048966,-9.696164,1.449939,0.518946,-0.185500,0.193904
2259,0.005485,-9.646735,1.525596,-1.518165,-0.818759,-0.569059
2260,-0.023453,-9.746819,1.633091,-3.196683,-0.879796,-0.233356
2261,-0.016391,-9.820506,1.486132,-2.754165,0.249389,1.048422
2262,0.027086,-9.753074,1.515107,0.137464,-0.467796,0.697459
2263,-0.012664,-9.614645,1.480026,0.183242,-0.284686,0.331237
2264,-0.029364,-9.849949,1.535712,-1.945424,-0.208389,1.635903
2265,-0.048174,-9.840418,1.564493,-0.602609,-0.299945,1.887681
2266,-0.036855,-9.710647,1.504209,-0.511054,-0.048167,0.712718
2267,-0.002391,-9.592153,1.402352,-0.572091,-0.803500,-0.858985
2268,0.000107,-9.604273,1.518240,0.198501,-0.116834,-0.485133
2269,-0.006349,-9.886496,1.526299,-1.594461,-0.216019,2.162347
2270,-0.007334,-9.793551,1.548609,-1.243498,-0.628019,1.361237
2271,-0.008760,-9.769045,1.453052,-1.678387,-0.597500,0.026052
2272,-0.031227,-9.752395,1.493364,-3.341646,-0.544093,0.491459
2273,-0.055380,-9.734498,1.436786,-2.464238,-0.177871,0.888200
2274,-0.065612,-9.864634,1.460128,-0.656017,-0.628019,2.505681
2275,-0.028850,-9.746793,1.454575,2.052501,-0.795870,1.590125
2276,-0.055353,-9.631274,1.437211,-0.045647,0.180722,0.384644
2277,-0.127979,-9.770427,1.467077,-2.349794,0.089166,0.972125
2278,-0.090271,-9.723008,1.462268,0.648649,-0.170241,-0.599578
2279,-0.077350,-9.666894,1.440360,-0.083795,0.081537,-0.958170
2280,-0.078796,-9.750647,1.384378,-1.129054,0.066277,-0.721652
2281,-0.043152,-9.700075,1.447545,1.159835,0.157833,-1.110763
2282,0.024774,-9.745902,1.425723,1.365834,0.310425,-0.233356
2283,0.043965,-9.849553,1.463844,0.061168,-0.025278,-1.904244
2284,-0.080352,-9.753172,1.498831,-1.869128,-0.002389,-1.301504
2285,-0.027008,-9.884101,1.463038,-0.434758,-0.139722,1.315459
2286,-0.054705,-9.665069,1.403229,1.770204,0.104426,1.078940
2287,-0.048265,-9.685356,1.485312,-0.640758,-0.399130,0.331237
2288,-0.065557,-9.705342,1.463617,0.335835,-0.292315,1.284940
2289,-0.066891,-9.738617,1.444256,1.495538,0.325685,0.346496
2290,-0.098443,-9.836723,1.435463,-0.167721,0.104426,0.521977
2291,-0.035107,-9.735900,1.440160,1.365834,-0.246537,-1.461726
2292,-0.098423,-9.614570,1.497642,-0.251647,0.241759,-0.370689
2293,-0.035299,-9.816660,1.472177,-0.564462,-0.071056,0.361755
2294,-0.019887,-9.704468,1.448101,2.464501,-0.254167,-1.454096
2295,0.001016,-9.842574,1.551453,0.366353,0.287536,-1.202318
2296,-0.004304,-9.749077,1.495612,0.213761,0.432499,0.193904
2297,-0.071745,-9.716057,1.559349,-0.160091,0.295166,1.338348
2298,-0.033645,-9.711764,1.396900,0.724946,0.073907,0.804274
2299,-0.031445,-9.603028,1.463582,2.075390,0.195981,-0.904763
2300,-0.049579,-9.812927,1.559845,-0.717054,0.211240,-0.805578
2301,-0.084350,-9.780624,1.505129,-0.816239,-0.177871,-1.072615
2302,-0.071197,-9.736856,1.454700,1.129316,0.272277,-0.637726
2303,-0.044480,-9.679063,1.521071,1.877019,0.302796,-0.439356
2304,-0.029594,-9.711555,1.541932,-0.121943,-0.193130,-1.225207
2305,-0.023805,-9.779322,1.585567,-1.174832,-0.101574,-1.614318
2306,-0.045922,-9.766964,1.461058,-1.022239,0.707166,-0.797948
2307,-0.026937,-9.778482,1.462247,0.663909,0.356203,-0.446985
2308,0.029217,-9.782881,1.508077,0.908057,-0.048167,-0.782689
2309,0.079017,-9.652769,1.432725,1.014871,0.424870,-0.858985
2310,0.053137,-9.751662,1.536152,0.297687,-0.078685,-2.423059
2311,0.008701,-9.766765,1.536113,-0.991721,-0.383871,-5.070539
2312,0.035937,-9.769833,1.419354,-0.991721,0.089166,-7.298390
2313,0.073597,-9.872500,1.463702,-0.244017,-0.689056,-8.007946
2314,0.196894,-9.858744,1.558687,2.105908,0.302796,-9.968760
2315,0.195382,-9.849702,1.455786,3.357167,1.088647,-13.371573
2316,0.261142,-9.931277,1.519681,3.937019,0.623240,-18.208759
2317,0.379721,-9.926636,1.646430,8.331684,1.821092,-26.288534
2318,0.638362,-9.645037,1.652919,12.917089,1.103907,-35.039715
2319,0.765311,-9.527187,1.701437,8.232499,-2.718537,-40.395714
2320,1.077880,-9.644627,1.792752,7.858647,-0.147352,-45.881416
2321,1.425048,-9.317879,1.614173,6.645537,2.027092,-50.520229
2322,1.628979,-9.467727,1.795423,6.645537,0.485907,-47.987194
2323,1.899693,-9.510936,1.817598,-1.068017,-0.544093,-45.171860
2324,2.144328,-9.391563,1.832692,2.998575,2.683240,-45.309193
2325,2.441170,-9.301932,1.942716,4.532130,1.027610,-46.995342
2326,2.686101,-9.355014,2.050817,0.938575,-2.626981,-47.697266
2327,2.890900,-9.159247,1.936913,0.663909,-2.344685,-46.926674
2328,3.154251,-9.088602,1.895198,1.976205,-0.635648,-44.775120
2330,3.568883,-8.997708,1.829196,2.128797,-2.604092,-49.520748
2331,3.840394,-8.665946,1.901917,3.959908,-1.879278,-54.022228
2332,4.231975,-8.786147,2.030694,6.973611,-0.559352,-65.909187
2333,4.431124,-8.308995,2.053453,2.487389,-3.924018,-71.471191
2334,5.107850,-8.376457,1.655959,-6.744460,-10.386312,-80.168961
2335,5.513580,-7.957997,1.877106,-3.402683,-3.374684,-86.471039
2336,5.972604,-7.824724,1.928594,-0.526313,-0.246537,-83.815926
2337,6.133638,-7.361094,1.792376,0.801242,-0.643278,-72.859779
2338,6.410330,-7.281275,1.879871,2.418723,-2.413351,-59.385857
2339,6.535833,-7.088798,1.924036,0.862279,-1.192611,-52.305561
2340,6.858480,-6.897046,1.983975,2.235612,1.317536,-51.473930
2341,7.015737,-6.801230,1.892677,1.533686,1.515906,-45.110821
2342,7.191010,-6.624267,1.958100,-0.648387,-0.269426,-38.549343
2343,7.335851,-6.487346,1.802987,-1.388461,-1.139204,-37.809269
2344,7.412407,-6.262628,2.003419,1.403983,3.011314,-42.264973
2345,7.499184,-6.116294,1.950233,-0.495795,-0.414389,-48.124527
2346,7.738256,-5.827927,1.770750,-0.755202,0.508796,-55.792301
2347,7.890621,-5.505223,1.845315,1.403983,3.888721,-61.598446
2348,8.066960,-5.115688,1.885674,2.403464,2.477240,-64.543488
2349,8.296469,-4.956510,2.039390,4.379537,4.972127,-61.270374
2350,8.533280,-4.570754,2.116266,1.632871,1.027610,-57.623413
2351,8.537921,-4.235747,1.977491,0.381612,-1.047648,-57.875191
2352,8.830339,-4.014533,1.863728,-0.030387,-0.757722,-56.372154
2353,8.811725,-3.763472,2.093416,1.442130,0.249389,-56.540005
2354,9.037095,-3.460708,2.012564,0.915686,1.470129,-56.623932
2355,9.222619,-3.105559,2.006216,1.655760,0.661388,-57.890450
2356,9.166005,-2.924338,1.838537,-0.053276,-5.480462,-58.195633
2357,9.379679,-2.629034,1.910757,0.282427,-3.313647,-59.401115
2358,9.500068,-2.254289,1.828182,-0.602609,-4.816684,-58.554226
2359,9.427768,-1.966206,1.855965,-1.335054,-7.990609,-58.149857
2360,9.638482,-1.671168,1.790804,-1.930165,-9.478386,-56.608669
2361,9.702441,-1.277035,1.651552,-2.120905,-7.952461,-52.191116
2362,9.666979,-1.100631,1.642847,-3.463720,-8.776461,-44.477562
2363,9.688776,-0.912677,1.521247,-5.157497,-12.827793,-35.451714
2364,9.894695,-0.712203,1.507044,-4.058831,-4.816684,-25.159349
2365,9.692348,-0.640452,1.586085,-3.837572,1.309907,-21.947275
2366,9.645167,-0.573557,1.551013,-4.547127,-2.253129,-22.801794
2367,9.752071,-0.520928,1.564539,-6.149349,-9.371571,-22.481350
2368,9.407173,-0.321963,1.279143,-9.185941,-13.651793,-21.664980
2369,9.912499,-0.055534,1.251044,-2.113276,-7.479424,-30.133865
2370,9.951345,0.306227,1.351907,0.465538,4.483832,-35.802677
2371,9.764243,0.415663,1.577274,-3.753646,32.850784,-51.458672
2372,9.570673,0.587490,1.760266,0.282427,29.486120,-64.085709
2373,9.737613,1.007740,1.770517,2.189834,8.443607,-66.084671
2374,9.613968,1.253623,1.754025,-1.525794,-0.299945,-54.640228
2375,9.521623,1.520975,1.786481,-4.501349,-7.975350,-44.210526
2376,9.448054,1.767493,1.603156,-6.141719,-9.104535,-38.480675
2377,9.445208,1.985588,1.742231,-5.348238,-6.128980,-37.137863
2378,9.457185,2.263643,1.361119,-4.364016,-9.791201,-31.522459
2379,9.393690,2.335369,1.522222,-2.410831,0.417240,-29.424311
2380,9.414432,2.505335,1.688495,-0.854387,2.172054,-31.369867
2381,9.303343,2.642262,1.709499,-1.617350,1.821092,-30.988386
2382,9.004342,2.822349,1.508727,-3.089869,4.033683,-30.889200
2383,9.370559,3.081571,1.500809,-1.518165,2.492499,-35.238087
2384,9.360538,3.293509,1.679172,-0.244017,1.058129,-39.274158
2385,9.072397,3.436781,1.617805,-0.213498,0.997092,-38.259418
2386,9.358125,3.624213,1.751603,-0.358461,-0.872167,-36.229935
2387,9.127945,3.826535,1.612267,-2.204831,-6.014536,-26.448755
2388,8.854314,3.763938,1.714656,-3.196683,-4.809055,-18.452906
2389,8.945096,3.946024,1.572271,-4.707349,0.401981,-17.918833
2390,8.828014,3.985436,1.731708,-2.464238,5.864794,-19.009869
2391,8.866185,4.086465,1.739995,-2.616831,3.385165,-22.145647
2392,8.776954,4.068834,1.733221,-5.775497,2.355166,-21.069868
2393,8.671866,4.196828,1.834327,-7.568460,-2.581203,-21.451349
2394,8.898922,4.460639,1.412683,-7.103052,2.515388,-19.391350
2395,8.686704,4.764846,1.452569,1.609982,2.622202,-19.345573
2396,8.826232,5.132030,1.677454,3.212204,-9.028238,-23.465572
2397,8.478861,4.682683,1.716879,-1.739424,-6.945350,-18.613129
2398,8.482031,4.773487,1.604922,-1.518165,-0.719574,-20.268759
2399,8.359315,4.821702,1.521706,1.228501,2.568795,-23.847054
2400,8.416254,5.008385,1.544627,4.776278,-1.642759,-23.793646
2401,8.334361,5.216762,1.547877,7.439018,-10.378683,-17.689943
2402,8.175018,5.229656,1.533822,5.440056,-11.660460,-20.352684
2403,7.918917,5.220919,1.041664,0.816501,-9.142682,-28.615570
2404,8.085861,5.540673,1.545576,4.043833,5.376498,-38.724823
2405,7.996058,5.663925,1.438161,-0.198239,11.770126,-34.398827
2406,7.738488,5.811983,1.241178,2.342427,15.104273,-27.082016
2407,7.777362,5.972393,1.474314,8.934423,9.053978,-22.458462
2408,7.818599,6.068694,1.562565,7.133833,0.936055,-15.752017
2409,7.711198,6.140366,1.338379,1.251390,0.073907,-9.304982
2410,7.805490,6.247653,1.314830,4.387167,-6.052684,-6.802464
2411,7.875889,6.379193,1.265696,15.213609,-10.973793,-8.358909
2412,7.414667,6.076440,1.766620,12.245682,0.638499,-11.044538
2413,7.666961,6.265371,1.627991,3.654722,8.405460,-16.614166
2414,7.779425,6.576024,1.230131,3.891241,15.348421,-15.156907
2415,7.324621,6.289420,1.443325,6.019907,15.722273,-3.140244
2416,7.137816,6.105361,1.384254,-3.204312,11.403904,4.619088
2417,7.304044,6.145632,1.288303,-0.945943,10.717237,3.718791
2418,7.527766,6.320961,1.262022,9.483758,-16.543421,9.936937
2419,7.459188,6.124188,1.520159,5.264574,-19.709717,15.437900
2420,7.364256,6.012711,1.273816,4.692352,-11.820683,13.583899
2421,7.513492,5.902627,0.927382,16.487755,-7.342091,11.104271
2422,7.483096,5.644684,1.452111,18.128124,-7.380239,6.648568
2423,8.577324,7.195693,0.790622,-0.549202,11.960867,-24.930460
2424,7.948287,6.413482,0.575800,0.076427,14.326052,-41.204453
2425,7.581024,6.393714,0.920788,-1.090906,0.585092,-42.547268
2427,6.578546,6.783963,1.322642,-2.914387,-9.188461,-32.262531
2428,6.306799,6.743906,1.078990,-0.137202,-1.658018,-26.624237
2429,6.631443,7.021447,1.065775,2.113538,-1.413870,-13.730166
2430,6.652152,7.007513,1.159768,3.731019,-2.558314,-11.509945
2431,6.467330,7.059007,1.027688,3.837834,9.382051,-8.603057
2432,6.533154,7.376958,1.129331,1.541316,2.423832,-15.278981
2433,6.672498,7.231542,1.089696,-6.210386,5.719831,-19.833870
2434,6.843650,7.393133,0.956962,-4.066461,3.591165,-20.184832
2435,6.533686,7.228928,1.136795,-6.889422,5.193387,-19.849129
2436,6.204979,7.288703,1.217589,-5.538979,4.026054,-24.816015
2437,6.092405,7.342168,1.320517,-4.730238,-4.519128,-31.408014
2438,5.973409,7.572227,1.344907,-7.537941,-6.968239,-35.932381
2439,6.041900,7.867731,1.226364,-5.577127,-5.427054,-32.354084
2440,5.755024,7.725101,0.904499,-1.708906,-4.748017,-30.202532
2441,5.608792,7.823575,1.015293,4.783908,-6.869054,-38.503567
2442,5.341840,7.968573,1.115713,1.220871,-9.623350,-50.596523
2443,5.306736,8.519730,1.100623,-4.699719,-8.669646,-56.623932
2444,4.768413,8.319082,0.970720,-3.463720,-1.780092,-56.578152
2445,4.636861,8.693709,1.168807,-0.404239,-5.434684,-62.163040
2446,4.099020,8.748655,1.096359,0.061168,-4.381796,-66.756081
2447,3.851417,8.943393,1.046013,2.021982,-8.295794,-72.279930
2448,3.573879,9.740136,0.862362,-1.388461,-10.065868,-66.229637
2449,3.147127,9.140361,1.114238,-3.860460,-6.205276,-43.462822
2450,3.161553,9.452257,1.028324,-4.493720,-2.649870,-34.665863
2451,2.905340,9.499252,0.863767,-12.474309,-2.573574,-29.393793
2452,2.665966,9.328762,0.901964,-10.956014,-1.314685,-29.676088
2453,2.560763,9.344306,1.136032,-6.187497,2.019462,-30.065199
2454,2.467027,9.223344,1.060666,-5.035423,2.690869,-32.323566
2455,2.240898,9.244973,1.263983,-4.875201,3.591165,-37.984749
2456,1.895054,9.461004,1.289287,-10.231198,7.573831,-44.553860
2457,1.779092,9.390318,1.221335,-14.168088,9.710125,-44.256306
2458,1.471376,9.499774,1.521704,-13.962087,11.831163,-45.957710
2459,1.169802,9.536263,1.475551,-7.873645,6.749831,-47.079266
2460,1.070933,9.919971,1.607819,-7.667645,3.903980,-47.048748
2461,0.802961,9.996537,1.499397,-5.485571,0.897907,-39.258900
2462,0.624065,9.831172,1.581574,-3.242461,1.958425,-28.966534
2463,0.441938,9.634269,1.563918,-3.211944,2.973166,-27.288015
2464,0.374501,9.535913,1.734563,-3.547646,2.744277,-28.211201
2465,0.081414,9.481615,1.508933,-1.792831,3.392795,-30.645052
2466,-0.033849,9.570544,1.575933,2.365316,3.415684,-36.413048
2467,-0.275626,9.722442,1.498921,5.867314,-3.328907,-45.248158
2468,-0.576887,9.782228,1.539781,7.019388,-1.513055,-47.384453
2469,-0.763705,9.519860,1.411746,9.537165,-0.154982,-47.018230
2470,-1.224698,9.405200,1.345199,10.887609,-2.352315,-55.876228
2471,-1.468897,9.980038,1.378806,6.447166,0.470648,-63.986523
2472,-2.027114,9.333745,1.356561,6.347981,-1.368093,-63.849186
2473,-2.323694,9.461061,1.465510,1.541316,1.683758,-68.549042
2474,-2.589594,9.366902,1.183665,3.517389,-0.406759,-66.382225
2475,-2.917970,9.767612,1.319736,1.007242,2.622202,-50.222672
2476,-3.010683,9.352625,1.039771,3.700500,0.585092,-29.393793
2477,-3.122371,9.189734,1.287006,-2.532905,2.935017,-17.926462
2478,-3.257955,9.024379,1.215723,-6.210386,3.743758,-17.239796
2479,-3.356157,9.039764,1.373058,-8.766311,3.041832,-19.986462
2480,-3.436547,8.967715,1.372172,-9.445348,2.172054,-24.442163
2481,-3.578527,9.023747,1.215647,-10.360902,4.621165,-26.532682
2482,-3.810822,8.875712,1.550520,-5.126979,7.604349,-28.760532
2483,-3.896268,8.810086,1.396242,-10.208310,5.025535,-34.261494
2484,-4.027636,8.615068,1.565621,-17.326752,6.879534,-35.077862
2485,-4.325969,8.506633,1.595589,-11.955495,5.948720,-37.778751
2486,-4.323470,8.494190,1.396927,-9.658977,5.117091,-35.909492
2487,-4.608347,8.359399,1.605480,-10.849198,5.445164,-28.920755
2488,-4.689235,8.176174,1.452896,-5.828904,5.513832,-25.060163
2489,-4.990945,7.684734,1.933010,-1.777572,8.397831,-30.118607
2490,-5.168674,7.675608,1.663117,-4.898090,6.589609,-49.558895
2491,-5.483637,8.688161,1.742879,15.808719,3.606424,-60.133560
2492,-5.505055,8.073843,1.096012,4.165908,4.262573,-45.736454
2493,-5.694362,7.639492,1.629586,2.441612,9.458349,-33.605343
2494,-5.869972,8.091132,1.791888,4.432944,8.275757,-30.507717
2495,-5.899107,7.657556,1.436689,4.486352,2.248351,-19.437128
2496,-6.075310,7.580970,1.261395,2.617093,2.042351,-13.081648
2497,-6.103967,7.497313,1.137954,5.501093,3.934498,-11.578611
2498,-6.126793,7.556826,1.557746,8.865758,5.780868,-10.258686
2499,-6.160489,7.197553,1.252125,5.699463,2.790054,-8.870094
2500,-6.242693,7.169089,1.067291,3.349538,3.797165,-11.487056
2501,-6.389704,7.546582,1.395878,4.371907,6.925313,-16.797277
2502,-6.432934,7.445756,1.363423,4.806796,4.254943,-14.706759
2503,-6.470201,7.351679,1.203615,2.220353,2.126277,-12.219501
2504,-6.567030,7.007331,0.712154,-0.190610,4.186276,-11.105575
2505,-6.597157,7.217232,1.320312,3.967537,10.129755,-16.522612
2506,-6.718755,7.000560,1.320692,2.678130,5.353609,-15.385795
2507,-6.782475,6.896573,1.162289,1.739686,1.363314,-17.148241
2508,-6.878420,6.851624,0.871846,-4.859941,1.775314,-19.307425
2509,-6.950653,6.697548,0.993547,2.662871,1.782943,-25.212757
2510,-6.916183,6.576705,0.902017,-0.839128,0.188351,-30.126236
2511,-7.114314,6.723794,1.315426,-1.380832,2.812943,-27.555052
2512,-7.092826,6.393445,0.888915,4.829685,-0.422019,-26.143572
2513,-7.243358,6.412121,0.981739,2.922278,-2.756685,-24.327719
2514,-7.413036,6.339299,0.768949,-6.340090,-2.176833,-23.549498
2515,-7.344775,6.417310,0.787669,9.010721,-1.864018,-25.548460
2516,-7.633844,6.122406,1.033156,27.855900,-8.662016,-19.742313
2517,-7.359887,5.857433,0.838282,26.398640,-8.631498,-11.792241
2518,-7.415002,5.589470,0.650831,17.357533,-3.656981,-8.404686
2519,-7.823804,6.491432,1.166187,22.003975,4.171017,-15.141648
2520,-7.919797,6.083137,0.689433,9.979684,1.386203,-10.899574
2521,-8.035805,5.989286,0.514516,12.901831,1.271759,-8.801427
2522,-7.894294,6.053130,0.588986,19.432793,5.056054,-7.855354
2523,-7.896562,5.857763,0.539760,12.123608,3.804795,-7.618834
2524,-7.956564,5.598463,1.130812,2.952797,3.125758,-11.990611
2525,-7.856761,5.731831,0.761816,-5.905201,-7.403127,-21.947275
2526,-7.921492,5.094676,0.382687,-16.785049,-6.373128,-31.850531
2527,-7.676565,5.083970,0.124971,-17.807419,-4.412314,-41.044231
2528,-7.915663,5.011294,1.352091,-12.771865,7.726423,-39.350452
2530,-8.536147,5.141031,0.636300,-12.336976,-8.318684,-39.655640
2531,-8.685002,4.651914,1.002703,-6.874163,-4.381796,-36.718231
2532,-8.514478,4.237803,0.492764,-8.300902,-4.137647,-40.243122
2533,-8.855447,4.120468,0.392919,-5.546608,5.391757,-46.484154
2534,-8.814438,4.074345,0.999668,-1.487646,16.859087,-53.213486
2535,-9.257972,3.773934,1.027901,-3.746017,16.042717,-50.367638
2536,-8.793330,4.215666,0.529152,-4.447942,8.718275,-47.628601
2537,-8.949307,3.190115,0.726408,3.662352,4.827165,-41.196823
2538,-9.199319,2.999910,0.692571,3.502130,1.988944,-37.496456
2539,-9.369533,2.738207,0.530823,5.653685,-2.497277,-36.870827
2540,-9.881207,2.525685,1.173406,1.747316,5.185757,-36.748753
2541,-9.323015,2.409144,0.965136,-1.876757,-5.228684,-42.203934
2542,-9.273382,1.912222,1.060498,-2.990683,-8.105053,-38.785862
2543,-9.217842,2.354990,0.249974,0.793612,-23.028605,-35.573788
2544,-9.407356,2.150671,0.645455,0.976723,-10.538905,-22.435572
2545,-9.879217,1.692366,1.042838,-0.511054,1.073388,-17.010906
2546,-9.924555,1.265776,1.191878,3.479241,-5.823795,-23.724979
2547,-9.689418,1.324735,0.788298,-2.914387,-1.642759,-35.642456
2548,-9.315751,1.127567,0.577176,-3.669720,-1.040019,-39.236012
2549,-9.975928,0.818098,0.652801,1.068279,10.061089,-38.373863
2550,-10.137940,0.951976,1.665202,-8.361939,23.344271,-41.654602
2551,-10.360529,0.387173,1.393007,-7.598978,6.337831,-43.974007
2552,-9.654488,0.382002,0.736145,-11.032310,-9.325794,-50.154007
2553,-9.967825,-0.008933,1.101471,-9.353791,-7.853276,-46.354450
2554,-10.109751,-0.301361,0.854018,-9.819200,-12.209793,-50.520229
2555,-9.638036,-0.482221,0.839431,-8.972310,-11.324757,-59.576595
2556,-9.238935,-0.548960,0.720884,-5.287201,-9.966682,-60.080151
2557,-9.261463,-1.111251,0.877025,0.023020,-6.006906,-48.856968
2558,-10.129690,-1.709666,1.631607,1.060649,0.806351,-42.104748
2559,-9.945415,-1.953629,1.543080,-7.759200,-7.853276,-47.277637
2560,-9.700591,-2.032588,1.411634,-9.651347,-18.046457,-52.114822
2561,-9.036460,-2.432147,0.720183,-9.903125,-14.956457,-50.550747
2562,-8.802926,-2.546788,1.314531,-5.249053,1.981314,-49.841190
2563,-8.853926,-3.027460,1.256713,-1.029868,3.438572,-43.340748
2564,-8.799282,-2.988384,1.499475,-1.792831,4.041313,-35.215195
2565,-9.231030,-3.373516,1.510160,-7.995719,2.530647,-28.157793
2566,-9.324942,-3.421894,1.557853,-17.746384,-9.394461,-25.380608
2567,-9.080622,-3.983489,-0.313457,-16.746902,-9.051126,-28.264606
2568,-9.375672,-3.730146,1.229809,0.625760,15.951162,-42.860081
2569,-8.944691,-3.993998,1.280491,9.964425,15.531532,-53.160080
2570,-8.894641,-4.128580,1.533435,9.422721,2.149166,-50.321857
2571,-8.646235,-4.457916,1.089235,3.547908,-9.043497,-48.750156
2572,-8.557780,-4.720912,1.307795,-2.708387,-4.610684,-57.356373
2573,-8.279403,-5.069137,1.245430,-2.372683,-3.611203,-65.367485
2574,-8.284020,-5.356385,1.380382,-6.492682,-6.098462,-71.562744
2575,-7.619539,-5.715975,1.326697,-9.109643,-6.144239,-71.417778
2576,-7.412495,-5.993337,1.295007,-11.207791,-0.269426,-68.533783
2577,-7.332225,-6.304825,1.276625,-11.162013,5.651165,-67.610596
2578,-7.178815,-6.784764,1.184233,-8.712903,5.788497,-72.440155
2579,-6.790387,-6.983034,1.120735,-4.127499,11.327608,-76.583038
2580,-6.606417,-7.287320,1.405394,-3.547646,13.235014,-72.516449
2581,-6.299075,-7.454480,1.261022,-0.770461,8.901386,-66.443268
2582,-5.817001,-7.619040,1.111953,-2.014090,5.155239,-63.032818
2583,-5.717000,-7.956820,0.980612,-0.167721,0.653759,-56.791782
2584,-5.472531,-7.958222,1.124714,1.106427,8.275757,-50.092968
2585,-5.225053,-8.115950,1.172608,0.946205,10.129755,-42.921120
2586,-5.116659,-8.445798,0.912182,0.259538,5.712202,-39.686157
2587,-4.915978,-8.510931,1.009041,0.442650,2.156795,-43.256824
2588,-4.587077,-8.516038,0.962445,2.449241,-0.994241,-46.056896
2589,-4.539073,-8.831636,1.252168,-6.630015,12.151608,-49.742008
2590,-4.260092,-8.767325,1.153964,-2.937276,9.282867,-44.675934
2591,-3.898223,-8.779548,0.781292,-0.594980,-1.276537,-39.258900
2592,-3.782925,-8.948228,0.864839,-4.898090,-0.353352,-39.838749
2593,-3.654048,-9.073828,0.820512,-3.044090,1.363314,-39.442009
2594,-3.452961,-9.113550,0.954465,0.282427,3.377535,-40.998455
2595,-3.086201,-9.087189,0.787749,3.807315,-4.809055,-41.906380
2596,-2.923420,-9.296500,1.086640,-2.525276,-6.327350,-45.362602
2597,-2.810533,-9.485350,0.973915,-5.828904,-2.176833,-44.042675
2598,-2.533778,-9.549047,1.018309,-4.638682,2.919758,-37.557491
2599,-2.362141,-9.507341,0.786878,-4.760756,7.589090,-39.876900
2600,-2.074811,-9.529711,0.792572,-9.102014,13.196867,-35.604305
2601,-1.914212,-9.568398,0.734363,-6.095942,15.157681,-33.567196
2602,-1.805129,-9.654084,0.909547,-2.365054,17.507607,-33.979195
2603,-1.572613,-9.651238,0.877268,0.114576,15.943533,-34.864235
2604,-1.375535,-9.459234,0.711046,-1.747053,12.861162,-38.839268
2605,-1.031536,-9.527271,0.776847,-9.300384,8.306274,-37.649048
2606,-0.984042,-9.904238,0.780728,-5.470312,5.361239,-35.344898
2607,-0.773305,-9.895691,0.637568,-3.074609,6.696423,-31.018904
2608,-0.667391,-9.982347,0.600851,-0.076165,4.163388,-27.127792
2609,-0.472342,-9.995062,0.628542,1.556575,2.278869,-26.265644
2610,-0.369733,-9.897663,0.645255,4.921240,3.514869,-21.108017
2611,-0.164819,-9.661184,0.783532,3.479241,4.560128,-18.056166
2612,-0.055401,-9.623065,0.640101,1.732057,6.658275,-15.309499
2613,-0.053381,-9.642840,0.650487,2.617093,7.985831,-11.097945
2614,0.031530,-9.539831,0.564034,9.338795,5.918202,-6.222613
2615,-0.022030,-9.563801,0.836864,9.659239,3.408054,0.987385
2616,-0.189272,-9.800308,0.923536,0.366353,7.917163,5.717754
2617,-0.267164,-10.066861,1.189824,-5.012534,5.315461,5.206569
2618,-0.112993,-9.839113,0.819594,0.656279,-1.200241,1.315459
2619,-0.097665,-9.783316,0.751379,1.732057,-1.925055,-1.690614
2620,-0.097680,-9.966014,0.768865,-2.357424,-0.681426,-3.330984
2621,-0.053041,-9.759215,0.835175,-1.220610,-1.276537,-4.055799
2622,-0.146570,-9.934355,0.740870,-5.874682,2.133906,-4.681429
2623,-0.080338,-9.810762,0.817972,-3.959645,3.202054,-0.088393
2624,-0.072590,-9.749461,0.740109,-2.723646,3.064721,0.903459
2625,-0.091615,-9.715118,0.807158,-2.159054,2.599314,-1.126022
2626,-0.058860,-9.737743,0.662706,-1.350313,2.523017,-2.667207
2627,-0.041571,-9.721910,0.680957,-1.083276,1.576943,-1.019207
2628,-0.095402,-9.856363,0.695860,-0.610239,-0.147352,-0.561430
2629,-0.040982,-9.796657,0.704662,0.465538,-0.917945,-0.614837
2630,-0.018210,-9.788539,0.708496,0.259538,-0.978982,-0.614837
2631,-0.028634,-9.817344,0.657177,-0.045647,-0.795870,-1.461726
2633,-0.018793,-9.886095,0.754903,0.396872,0.051018,-0.347800
2634,0.039768,-9.746385,0.659012,1.098797,-0.788241,-1.843207
2635,0.018476,-9.709888,0.673743,1.770204,-0.132093,-2.888466
2636,0.025388,-9.799936,0.747745,1.434501,0.272277,-2.537503
2637,-0.022985,-9.811326,0.732298,0.152723,0.401981,-0.050245
2638,0.019676,-9.768023,0.711235,1.686279,0.157833,1.590125
2639,0.016314,-9.810875,0.790604,-0.617869,0.478277,1.010274
2640,-0.029651,-9.838285,0.849449,-0.297425,0.226500,0.697459
2641,-0.032003,-9.845673,0.705171,0.938575,-0.216019,0.888200
2642,0.020238,-9.816979,0.715093,-1.228239,-0.116834,-0.042615
2643,0.033982,-9.817998,0.759993,-0.923054,0.073907,0.117607
2644,-0.022781,-9.917101,0.757159,-0.053276,0.798722,0.850051
2645,0.012159,-9.823581,0.732070,-0.320313,0.356203,-0.263874
2646,-0.041211,-9.902342,0.806978,-1.174832,0.630870,-0.767430
2647,-0.013883,-9.773086,0.711818,-0.846758,-0.231278,-1.240467
2648,0.033629,-9.803939,0.709254,-0.984091,-0.551722,-1.606689
2649,0.008894,-9.748363,0.640225,0.755464,0.043388,-0.843726
2650,-0.038662,-9.780699,0.724365,0.503687,1.157314,0.422792
2651,-0.003713,-9.765466,0.718339,0.343464,0.440129,-0.225726
2652,0.019090,-9.786994,0.693384,-0.884906,0.157833,-1.843207
2653,0.034705,-9.802820,0.719232,-1.708906,0.783462,-1.995799
2654,0.034877,-9.779016,0.637806,-1.396091,0.546944,-1.744022
2655,0.107991,-9.768334,0.725954,-1.754683,0.356203,0.239681
2656,0.048585,-9.896904,0.670798,-0.648387,0.302796,1.567236
2657,0.052437,-9.865069,0.724274,-1.251128,-0.315204,0.445681
2658,0.035712,-9.795218,0.650448,-0.831498,-1.085796,-1.576170
2659,0.026830,-9.763662,0.582190,0.488427,-0.422019,-0.477504
2660,-0.022762,-9.752790,0.722996,0.847020,0.440129,1.056051
2661,-0.022821,-9.824882,0.797695,0.343464,-0.307574,0.857681
2662,-0.002397,-9.774627,0.566540,0.572353,-0.772982,0.521977
2663,0.024549,-9.725914,0.652451,1.175094,0.508796,1.521459
2664,0.045887,-9.790862,0.608908,1.869390,-0.086315,0.453311
2665,0.025856,-9.954823,0.708971,1.106427,-0.902685,0.613533
2666,0.045151,-9.831839,0.762240,2.929908,-1.970833,2.856643
2667,-0.063732,-9.940301,0.712741,3.128278,-2.619352,2.147088
2668,-0.046517,-9.844715,0.852745,2.723908,-4.030832,1.819014
2669,-0.075591,-9.776126,0.806860,1.861760,-4.305499,1.345977
2670,-0.049190,-9.717898,0.807488,3.586056,-3.565425,2.849014
2671,-0.070679,-9.643538,0.781017,4.394797,-2.932166,0.079459
2672,-0.099180,-9.687366,0.771274,0.160353,-1.612241,-1.606689
2673,-0.141237,-9.926123,0.751976,-1.396091,-1.513055,1.353607
2674,-0.142752,-10.049920,0.979605,-0.305054,-0.879796,4.893754
2675,-0.031500,-9.709879,0.833522,4.791537,-2.100537,2.734569
2676,-0.089136,-9.837299,0.691525,5.539241,-2.108166,1.345977
2677,-0.180835,-9.812819,0.817720,7.103314,-1.162093,2.879532
2678,-0.085442,-9.751266,0.760421,9.354053,-0.505945,5.382050
2679,-0.171336,-9.870741,1.175217,13.062052,1.691388,4.481754
2680,-0.281601,-9.836891,1.536189,10.040721,0.165463,1.063681
2681,-0.164172,-9.716312,0.999950,3.677612,-4.000314,-2.987651
2682,-0.086816,-9.610149,0.989575,2.113538,-4.931129,-4.284688
2683,-0.032547,-9.723408,1.169437,-2.944905,-0.093945,0.300718
2684,-0.179963,-9.850326,1.167618,-2.532905,-0.666167,-2.674836
2685,-0.249419,-9.897787,1.041497,-1.212980,-2.802462,-6.649872
2686,-0.015614,-9.652602,0.994166,-1.449498,-3.748536,-7.832464
2687,-0.039981,-9.935233,1.089309,-4.661572,-1.574093,-5.535947
2688,-0.018207,-9.875098,1.169620,-3.929128,-0.864537,-3.384392
2689,0.131384,-9.562680,0.814738,-1.953054,-1.856389,-4.071058
2690,0.040020,-9.776776,1.016981,0.015390,-0.986611,-3.582762
2691,-0.008057,-9.855030,1.188820,3.654722,-1.635129,-3.552243
2692,0.154882,-9.731534,1.144657,6.141981,-0.940833,-3.186021
2693,0.146585,-9.687846,0.863742,10.277239,-0.620389,-3.147873
2694,0.248245,-9.563293,1.290145,7.439018,0.302796,-2.957133
2695,-0.029458,-9.933659,1.198650,1.602353,-0.658537,-0.530911
2696,0.013058,-9.872044,1.115037,-0.335573,0.264648,0.850051
2697,0.177024,-9.745372,1.131283,-0.472906,0.112055,0.445681
2698,0.167334,-9.807013,1.354652,-2.906757,0.386722,-2.583281
2699,0.099341,-9.975672,1.055347,-1.937795,-0.284686,-1.415948
2700,0.173188,-10.080856,1.523607,-0.869646,-0.849278,-3.178392
2701,0.328274,-9.590228,0.735936,-8.911273,-4.313129,-9.137131
2702,0.352849,-9.508811,1.388097,-5.081201,-1.650389,-6.291280
2703,0.208510,-9.780772,1.025776,-9.147792,-4.694610,-0.958170
2704,0.212836,-9.946246,0.867559,-3.417942,-5.755129,-1.362540
2705,0.239326,-9.715378,0.746428,2.525538,-4.152907,-2.362022
2706,0.136217,-9.792849,0.785086,1.930427,-0.971352,-0.652985
2707,0.183477,-9.891414,1.100096,1.945686,-0.299945,-2.270466
2708,0.290887,-9.917446,0.915565,1.144575,-2.306537,-4.887428
2709,0.543870,-9.498007,1.110689,3.860722,-1.864018,-6.588835
2710,0.457401,-9.563540,0.943475,-1.075646,0.745314,-0.500393
2711,0.342477,-9.770418,1.169751,-1.197720,1.447240,2.124199
2712,0.332054,-9.761565,1.017376,-2.494757,0.348574,-1.087874
2713,0.383136,-9.836053,1.022153,-3.311129,1.027610,-0.675874
2714,0.312590,-9.932966,1.068293,-1.380832,0.623240,0.399903
2715,0.347508,-9.674870,0.877577,-0.839128,-0.376241,-1.347281
2716,0.428660,-9.534528,0.927091,-0.892536,0.333314,0.033681
2717,0.440771,-9.721392,1.108050,-2.555794,2.912129,4.107902
2718,0.212411,-10.028899,0.915452,-3.326386,2.606943,1.895310
2719,0.252074,-9.803764,0.922632,0.518946,1.370944,-0.485133
2720,0.304352,-9.900808,0.907313,-0.076165,0.691907,0.521977
2721,0.370498,-9.635198,0.982943,2.227982,0.371462,-0.080763
2722,0.386145,-9.468619,0.944949,0.312946,1.897388,1.582496
2723,0.310882,-9.803605,0.997774,-3.936757,3.194425,3.009236
2724,0.288136,-9.927388,0.888698,-2.868609,2.324647,2.726940
2725,0.287307,-9.946769,0.933644,-3.646831,3.041832,1.643533
2726,0.262269,-9.872356,0.904164,-2.601572,1.958425,1.437533
2727,0.150716,-9.945931,0.906779,-2.067498,1.515906,0.232052
2728,0.262200,-9.714020,0.871284,-2.494757,0.768203,-2.514614
2730,0.256568,-9.806038,0.807741,-5.165127,0.829240,-1.766911
2731,0.327310,-9.753512,0.797056,-1.907276,-0.750093,-0.263874
2732,0.296613,-9.772603,0.839627,-3.593424,0.585092,0.109978
2733,0.338587,-9.818317,0.745677,-5.905201,0.562203,-0.309652
2734,0.355586,-9.788690,0.753101,-4.959126,-0.040538,0.033681
2735,0.256124,-9.818122,0.740468,-5.035423,0.516425,0.552496
2736,0.369742,-9.671484,0.603318,-4.745498,0.623240,0.575385
2737,0.302322,-9.771333,0.546876,-3.654461,0.829240,1.384125
2738,0.322440,-9.790305,0.591068,-4.478460,1.966055,0.819533
2739,0.270621,-9.847260,0.613958,-3.746017,3.156276,2.047903
2740,0.231018,-9.737527,0.587045,-1.785202,3.057091,2.139458
2741,0.190036,-9.851787,0.598313,-1.357942,2.690869,0.888200
2742,0.277762,-9.808482,0.696129,-0.717054,1.279388,-0.019726
2743,0.273362,-9.804404,0.626127,0.038279,1.027610,1.063681
2744,0.219123,-9.842082,0.533585,-0.068536,0.722425,0.804274
2745,0.318848,-9.732733,0.642739,0.465538,-0.040538,-0.202837
2746,0.271206,-9.796256,0.660556,1.922797,-0.673797,0.979755
2747,0.185873,-9.849957,0.598194,2.838352,-1.421500,1.605385
2748,0.172643,-9.888432,0.569298,4.028574,-1.703796,0.460940
2749,0.186865,-9.858070,0.651182,1.594723,-1.200241,-1.126022
2750,0.210456,-9.835615,0.651246,-0.228758,-0.376241,-1.042096
2751,0.222430,-9.701068,0.680675,-1.754683,0.081537,-0.256245
2752,0.222412,-9.728967,0.567343,-2.098017,0.508796,0.987385
2753,0.249686,-9.836093,0.669075,-2.494757,1.248870,0.590644
2754,0.290919,-9.804454,0.699844,-1.777572,1.203092,-0.607207
2755,0.286540,-9.776641,0.559564,-3.654461,1.592203,-0.508022
2756,0.250127,-9.805936,0.528262,-3.410314,2.027092,1.178125
2757,0.205545,-9.818729,0.630878,-3.395053,2.034721,1.407014
2758,0.200552,-9.782314,0.544416,-3.242461,1.012351,0.819533
2759,0.327469,-9.694741,0.478473,-3.715498,0.852129,1.010274
2760,0.202464,-9.759447,0.421375,-3.669720,1.325166,2.192866
2761,0.130549,-9.894390,0.536272,-1.365572,1.073388,2.925310
2762,0.217468,-9.792479,0.432861,-0.373720,0.035759,1.292570
2763,0.144346,-9.788328,0.448310,-2.044609,0.829240,1.704570
2764,0.157925,-9.881362,0.513114,-3.433202,1.233610,1.971607
2765,0.212680,-9.871325,0.452424,-0.244017,-1.246019,1.376496
2766,0.123405,-9.779835,0.456528,1.640501,-1.101056,1.139977
2767,0.054571,-9.836181,0.410397,2.304279,-1.955574,1.010274
2768,0.257547,-9.673021,0.449060,2.601834,-3.260240,0.872940
2769,0.095441,-9.817766,0.456662,-0.091424,0.020500,2.108940
2770,0.099558,-9.752886,0.474905,-1.441869,1.821092,2.658273
2771,0.127099,-9.739179,0.529790,0.862279,0.386722,1.811385
2772,0.041105,-9.814260,0.453141,1.281908,-0.528834,1.948718
2773,0.040919,-9.937427,0.491817,-1.708906,0.356203,2.154718
2774,0.084371,-9.883360,0.465874,-2.380313,0.142574,0.674570
2775,0.103571,-9.738487,0.366149,-1.937795,0.493537,0.048941
2776,0.117044,-9.645030,0.381116,-1.769943,1.714277,-0.042615
2777,0.048604,-10.013774,0.385413,-3.669720,3.453832,-1.080244
2778,-0.013863,-10.027569,0.393197,-2.258239,3.995535,-4.879799
2779,0.145651,-9.476870,0.538781,5.203537,-0.849278,-4.742465
2780,0.122075,-9.801831,0.536723,9.766054,-3.557796,-1.530392
2781,0.281939,-9.747142,0.617019,6.721833,-3.801944,-2.117873
2782,0.190014,-9.944329,0.607079,3.570797,-3.122907,-1.522763
2783,0.118714,-9.950583,0.386841,4.402426,-3.130536,-2.667207
2784,0.100930,-9.484106,0.522158,-0.770461,1.828721,-2.697725
2785,0.228000,-9.558657,0.793748,-2.822831,1.409092,-0.157059
2786,-0.069270,-10.092140,1.127432,15.396720,-19.282457,-1.171800
2787,0.179782,-9.862967,1.043739,19.264942,-30.429342,-7.145798
2788,0.543751,-9.511193,0.210101,0.045909,-14.574978,-0.920022
2789,0.456048,-7.139167,-0.156292,-30.861710,19.201384,14.026418
2790,-0.181528,-10.477590,-0.262648,-52.575630,50.040337,24.944414
2791,-0.511058,-10.102278,0.745361,-39.689190,38.847672,23.189600
2792,-0.042911,-9.817777,0.561235,-0.755202,-4.244462,19.565527
2793,-0.120721,-10.372637,0.025374,8.354572,-12.202164,3.856125
2794,-0.077774,-9.931486,-0.065886,6.141981,-5.572017,-8.336020
2795,-0.125510,-9.957976,0.036920,8.873388,-3.901129,-8.038465
2796,-0.121949,-9.894816,0.409647,13.115459,-4.023203,-5.619873
2797,-0.076135,-9.683903,0.301605,14.053905,-6.174758,-8.717501
2798,-0.041963,-9.631672,0.387012,9.636350,-4.625943,-9.633057
2799,0.016681,-9.807765,0.406747,2.571315,-1.467278,-7.527279
2800,0.082394,-9.715285,0.315402,2.716278,-1.612241,-4.895058
2801,0.035909,-9.742644,0.458157,0.770723,-1.078167,-2.720614
2802,0.129888,-9.773423,0.379662,-1.266387,-1.757204,-1.118392
2803,0.204391,-9.774231,0.398216,-2.349794,-1.352833,-2.209429
2804,0.150430,-9.791307,0.348137,-2.716016,-0.483056,-2.094985
2805,0.093019,-9.864630,0.327203,-4.310609,0.745314,-0.668244
2806,0.112908,-9.746397,0.376464,-3.189054,0.798722,-0.584319
2807,0.157961,-9.787350,0.280140,-1.663128,-0.154982,-1.034466
2808,0.157437,-9.736895,0.229894,-1.518165,0.310425,0.476200
2809,0.119429,-9.814111,0.320346,-1.548683,0.180722,1.201014
2810,0.116188,-9.896651,0.355268,-0.373720,-0.376241,0.079459
2811,0.193230,-9.844329,0.275466,-1.480017,0.073907,-0.881874
2812,0.096520,-9.826748,0.277859,-2.105646,1.134425,-0.538541
2813,0.140727,-9.841105,0.403444,-2.441350,1.317536,-0.935281
