seq,ax,ay,az,wroll,wpitch,wyaw,roll,pitch,yaw,q0,q1,q2,q3
6116,-0.153032,-0.664929,9.890185,-0.642757,-0.313243,-0.124030,-3.846276,0.884478,-0.059462,0.999407,-0.033554,0.007732,-0.000260
6117,-0.155090,-0.739439,9.867806,-0.447806,-0.261349,-0.096568,-3.895840,0.880262,-0.064992,0.999393,-0.033986,0.007696,-0.000306
6118,-0.152396,-0.760684,9.868025,-0.253279,-0.116373,-0.259854,-3.994809,0.874980,-0.071830,0.999363,-0.034848,0.007653,-0.000360
6119,-0.162695,-0.746090,9.852620,-0.011365,0.059167,-0.362098,-4.077088,0.879742,-0.083300,0.999338,-0.035565,0.007698,-0.000453
6120,-0.157967,-0.738801,9.867149,0.371193,0.291195,-0.365150,-4.120838,0.894167,-0.096576,0.999323,-0.035946,0.007828,-0.000562
6121,-0.161272,-0.732356,9.882619,0.561665,0.463685,-0.433816,-4.135057,0.912457,-0.111223,0.999317,-0.036068,0.007992,-0.000683
6122,-0.174093,-0.697985,9.856157,0.715756,0.262375,-0.291898,-4.117004,0.936045,-0.124202,0.999321,-0.035910,0.008202,-0.000790
6123,-0.175377,-0.682248,9.863448,1.098966,-0.016722,0.185731,-4.064382,0.956240,-0.125884,0.999336,-0.035451,0.008378,-0.000802
6124,-0.161354,-0.665914,9.864267,1.659283,-0.593473,0.620629,-3.984945,0.952442,-0.111199,0.999361,-0.034759,0.008340,-0.000681
6125,-0.153291,-0.666179,9.887912,1.575635,-0.912464,0.739650,-3.900116,0.920942,-0.086347,0.999389,-0.034021,0.008058,-0.000480
6126,-0.144044,-0.664452,9.876387,1.433876,-1.109437,0.519911,-3.832929,0.874665,-0.062865,0.999412,-0.033437,0.007647,-0.000293
6127,-0.138688,-0.679416,9.885676,1.468932,-1.307940,0.190301,-3.788684,0.820580,-0.048449,0.999428,-0.033053,0.007171,-0.000186
6128,-0.134329,-0.675830,9.870443,1.493158,-1.553710,-0.311738,-3.760103,0.762270,-0.047640,0.999440,-0.032804,0.006662,-0.000197
6129,-0.130962,-0.672880,9.883753,1.294569,-1.228727,-1.041135,-3.737983,0.710159,-0.067443,0.999449,-0.032610,0.006213,-0.000386
6130,-0.120535,-0.680309,9.891431,1.102026,-0.693142,-2.063509,-3.728987,0.673127,-0.117383,0.999453,-0.032529,0.005904,-0.000833
6131,-0.133479,-0.676567,9.913118,0.448620,-0.137636,-3.468887,-3.738294,0.660900,-0.208910,0.999450,-0.032606,0.005824,-0.001634
6132,-0.125266,-0.674534,9.915192,-1.062288,0.495741,-4.547710,-3.776718,0.671156,-0.342948,0.999436,-0.032934,0.005952,-0.002798
6133,-0.136505,-0.683833,9.931036,-2.716588,1.364102,-5.238949,-3.863397,0.703291,-0.508038,0.999404,-0.033680,0.006283,-0.004224
6134,-0.136687,-0.714092,9.931706,-3.821616,1.850996,-5.048203,-4.002894,0.758562,-0.683143,0.999352,-0.034884,0.006824,-0.005727
6135,-0.157508,-0.726469,9.915934,-4.418525,1.640563,-3.928168,-4.172350,0.821886,-0.836950,0.999287,-0.036348,0.007433,-0.007038
6136,-0.140230,-0.737363,9.891569,-4.412595,1.213390,-2.272536,-4.340239,0.871059,-0.943856,0.999222,-0.037802,0.007908,-0.007943
6137,-0.148352,-0.769144,9.895834,-3.214865,0.859359,-1.112836,-4.481673,0.899310,-1.002979,0.999169,-0.039029,0.008184,-0.008439
6138,-0.141797,-0.787497,9.882861,-1.563941,0.648705,-0.291895,-4.575681,0.914171,-1.028513,0.999134,-0.039845,0.008329,-0.008649
6139,-0.151173,-0.780034,9.860139,-0.509544,0.541793,0.219281,-4.612278,0.922994,-1.031325,0.999120,-0.040163,0.008410,-0.008668
6140,-0.149846,-0.777759,9.865821,0.541949,0.347922,0.413070,-4.597177,0.929998,-1.021775,0.999126,-0.040032,0.008466,-0.008584
6141,-0.167647,-0.785061,9.868889,1.813173,0.016783,0.899841,-4.543490,0.936391,-1.000218,0.999146,-0.039565,0.008511,-0.008397
6142,-0.160613,-0.770806,9.891397,2.734946,-0.393665,1.540734,-4.454501,0.936182,-0.958959,0.999179,-0.038792,0.008488,-0.008044
6143,-0.155600,-0.729492,9.894043,3.318071,-0.735504,2.343372,-4.328178,0.918969,-0.892567,0.999227,-0.037697,0.008308,-0.007480
6144,-0.157650,-0.717330,9.908317,3.863092,-1.182629,2.869818,-4.177865,0.890274,-0.803073,0.999283,-0.036394,0.008019,-0.006720
6145,-0.159435,-0.688821,9.878695,3.845016,-1.388616,2.839303,-4.022015,0.855870,-0.704678,0.999339,-0.035044,0.007680,-0.005883
6146,-0.157439,-0.678822,9.888709,3.025791,-1.269529,2.418156,-3.884456,0.824884,-0.613851,0.999387,-0.033852,0.007376,-0.005110
6147,-0.159053,-0.669695,9.883477,2.194248,-0.845198,2.061099,-3.786906,0.808381,-0.536834,0.999419,-0.033007,0.007205,-0.004449
6148,-0.153737,-0.675335,9.894673,1.270971,-0.404060,1.426323,-3.738354,0.807437,-0.477586,0.999435,-0.032587,0.007178,-0.003936
6149,-0.147503,-0.660480,9.888245,0.568878,0.259821,0.710668,-3.725572,0.818818,-0.442138,0.999439,-0.032477,0.007267,-0.003624
6150,-0.156159,-0.662192,9.900263,0.127733,1.270091,-0.104171,-3.730707,0.856665,-0.433948,0.999436,-0.032521,0.007595,-0.003541
6151,-0.126406,-0.714991,9.772470,0.784944,1.199870,-0.212521,-3.766476,0.894217,-0.442662,0.999423,-0.032831,0.007926,-0.003604
6152,-0.096280,-0.735419,9.730648,0.707806,-1.138218,0.744198,-3.833993,0.854905,-0.435280,0.999406,-0.033422,0.007583,-0.003547
6153,-0.088234,-0.721921,9.758719,0.943531,-3.439867,1.819926,-3.893124,0.720494,-0.388782,0.999398,-0.033945,0.006399,-0.003177
6154,-0.081186,-0.682817,9.840577,1.916678,-4.787747,2.704924,-3.887882,0.534964,-0.304854,0.999411,-0.033909,0.004756,-0.002500
6155,-0.077441,-0.649640,9.899011,2.842962,-5.483850,3.495334,-3.802449,0.340211,-0.190302,0.999444,-0.033171,0.003022,-0.001561
6156,-0.097227,-0.541986,10.038665,3.171592,-4.934457,3.838675,-3.640432,0.181528,-0.056684,0.999494,-0.031763,0.001599,-0.000444
6157,-0.100033,-0.478439,10.080642,3.691429,-2.768794,2.834645,-3.413322,0.101475,0.062788,0.999556,-0.029783,0.000869,0.000574
6158,-0.099217,-0.474254,10.026902,3.756535,-0.444278,1.409466,-3.177086,0.110567,0.136942,0.999614,-0.027723,0.000931,0.001221
6159,-0.083829,-0.505140,9.943866,3.064430,0.558854,0.698421,-2.990152,0.180379,0.172248,0.999657,-0.026093,0.001534,0.001544
6160,-0.041663,-0.507276,9.905473,2.266644,0.205199,0.660293,-2.871193,0.233859,0.194404,0.999682,-0.025057,0.001998,0.001747
6161,-0.005793,-0.534408,9.888112,1.614937,0.009764,0.379516,-2.821458,0.225463,0.211485,0.999693,-0.024623,0.001921,0.001893
6162,0.009192,-0.548632,9.859737,1.725841,0.406105,0.536665,-2.819423,0.189219,0.226171,0.999694,-0.024605,0.001602,0.002014
6163,0.026079,-0.521777,9.859379,2.161778,0.030213,1.285867,-2.807100,0.141200,0.255953,0.999697,-0.024497,0.001177,0.002263
6164,0.020525,-0.516140,9.882161,1.889836,-0.312095,1.406389,-2.775478,0.083636,0.300869,0.999703,-0.024220,0.000666,0.002642
6166,-0.002791,-0.483842,9.871058,2.225362,-0.139937,1.540657,-2.726396,0.048449,0.350221,0.999712,-0.023791,0.000350,0.003065
6167,-0.029161,-0.434638,9.906735,2.352166,-0.657183,1.702408,-2.633228,0.042522,0.404838,0.999730,-0.022978,0.000290,0.003540
6168,-0.065248,-0.402895,9.951919,2.120667,-0.925368,1.299582,-2.510125,0.059925,0.456100,0.999752,-0.021905,0.000436,0.003991
6169,-0.077641,-0.391259,9.969139,1.637430,-0.509718,0.590053,-2.394503,0.103258,0.488760,0.999772,-0.020898,0.000812,0.004283
6170,-0.069760,-0.372025,9.934895,1.260953,-0.123089,0.117041,-2.299180,0.155963,0.501148,0.999788,-0.020069,0.001273,0.004400
6171,-0.033632,-0.384308,9.926903,0.542519,-0.508868,-0.148458,-2.238674,0.176286,0.501165,0.999798,-0.019541,0.001453,0.004403
6172,-0.017884,-0.406630,9.903502,0.051146,-0.276956,-0.351407,-2.231587,0.159674,0.493349,0.999800,-0.019479,0.001309,0.004332
6173,0.010084,-0.419180,9.879335,-0.100179,-0.318398,-0.250706,-2.260894,0.122689,0.483636,0.999796,-0.019733,0.000987,0.004241
6174,0.004162,-0.421522,9.893693,-0.446877,-0.788687,-0.288867,-2.304559,0.070446,0.475322,0.999789,-0.020112,0.000531,0.004159
6175,-0.020292,-0.397307,9.911991,-0.405819,-0.706370,-0.507077,-2.334324,0.035844,0.463055,0.999784,-0.020371,0.000230,0.004046
6176,-0.067211,-0.383727,9.901709,0.105469,-0.033105,-0.919064,-2.327966,0.059188,0.439814,0.999786,-0.020316,0.000438,0.003848
6177,-0.076711,-0.373952,9.894043,0.397152,0.167405,-1.472949,-2.294131,0.127421,0.399936,0.999793,-0.020022,0.001042,0.003512
6178,-0.079827,-0.364186,9.901194,0.452379,0.126804,-2.014629,-2.247952,0.195917,0.341764,0.999802,-0.019621,0.001651,0.003015
6179,-0.057168,-0.359943,9.896774,0.724286,0.114987,-2.307589,-2.196284,0.240143,0.269760,0.999811,-0.019170,0.002050,0.002394
6180,-0.019902,-0.393268,9.922834,0.970037,0.072269,-2.789782,-2.159988,0.240904,0.184786,0.999819,-0.018852,0.002072,0.001652
6181,0.029530,-0.437834,9.938898,1.038341,0.187793,-3.004955,-2.166812,0.192423,0.087943,0.999820,-0.018909,0.001664,0.000799
6182,0.036509,-0.457365,9.922562,1.251274,0.403796,-2.266435,-2.205398,0.124300,-0.000476,0.999814,-0.019245,0.001085,0.000017
6183,0.029325,-0.417338,9.924386,1.201883,-0.010309,-1.115911,-2.226464,0.064828,-0.057207,0.999811,-0.019428,0.000575,-0.000488
6184,0.015911,-0.407946,9.939666,0.460012,-0.289928,-0.662727,-2.228697,0.017437,-0.086682,0.999811,-0.019448,0.000167,-0.000753
6185,0.037189,-0.379946,9.941312,-0.006992,-0.575600,0.225349,-2.228825,-0.032836,-0.093415,0.999811,-0.019449,-0.000271,-0.000821
6186,0.018760,-0.353321,9.937902,-0.522561,-0.601796,0.855546,-2.216342,-0.079875,-0.074666,0.999813,-0.019340,-0.000684,-0.000665
6187,-0.017837,-0.333309,9.937312,-0.668643,-0.496418,0.883016,-2.191507,-0.087205,-0.045057,0.999817,-0.019124,-0.000753,-0.000408
6188,-0.037712,-0.351036,9.936390,-0.848316,-0.196931,0.500024,-2.174330,-0.053217,-0.021633,0.999820,-0.018974,-0.000461,-0.000198
6189,-0.027275,-0.336913,9.930160,-0.706072,0.123943,0.344395,-2.163638,-0.006689,-0.007557,0.999822,-0.018880,-0.000057,-0.000067
6190,-0.076209,-0.313790,9.891622,-0.345473,0.591424,0.275750,-2.128195,0.065964,0.002326,0.999827,-0.018571,0.000575,0.000031
6191,-0.075303,-0.295946,9.894488,-0.276171,0.314387,-0.110284,-2.068735,0.156113,0.004634,0.999836,-0.018052,0.001361,0.000065
6192,-0.001033,-0.332364,9.943399,-0.988304,-0.456023,-1.034986,-2.037679,0.173209,-0.014228,0.999841,-0.017781,0.001514,-0.000097
6193,0.036773,-0.394431,9.968451,-1.360690,-0.335920,-1.683522,-2.083708,0.109383,-0.059040,0.999834,-0.018182,0.000964,-0.000498
6194,0.043889,-0.438935,9.958923,-1.130833,0.124289,-1.611826,-2.186549,0.035420,-0.113836,0.999817,-0.019080,0.000328,-0.000987
6195,0.061559,-0.477577,9.960177,-1.026376,0.196908,-1.596592,-2.314038,-0.030154,-0.167441,0.999795,-0.020193,-0.000234,-0.001466
6196,0.046726,-0.509431,9.938774,-0.977003,0.484785,-1.396716,-2.455433,-0.078445,-0.217609,0.999768,-0.021427,-0.000644,-0.001913
6197,0.005736,-0.483168,9.877718,-0.408637,1.270475,-0.740574,-2.566953,-0.068534,-0.254321,0.999746,-0.022400,-0.000548,-0.002232
6198,-0.013560,-0.459843,9.836946,-0.027534,1.327095,-0.383500,-2.615872,-0.008473,-0.274933,0.999737,-0.022826,-0.000019,-0.002400
6199,-0.033016,-0.456497,9.819112,0.129506,0.936748,-0.414005,-2.628427,0.060543,-0.289930,0.999734,-0.022934,0.000586,-0.002517
6200,-0.040215,-0.442411,9.839554,-0.082589,0.428926,-0.423146,-2.626929,0.116953,-0.304906,0.999733,-0.022919,0.001081,-0.002637
6201,-0.026233,-0.421663,9.890009,-0.099175,-0.112603,-0.325479,-2.608024,0.140742,-0.317566,0.999736,-0.022754,0.001291,-0.002743
6202,-0.016182,-0.440763,9.944703,-0.408725,-0.388807,-0.427716,-2.593064,0.130659,-0.329673,0.999739,-0.022623,0.001205,-0.002850
6203,-0.021742,-0.428133,9.918182,-0.138476,0.126912,-0.069125,-2.584638,0.121086,-0.337707,0.999741,-0.022550,0.001123,-0.002922
6204,-0.026669,-0.408975,9.925399,-0.248055,-0.083643,0.220803,-2.559318,0.124447,-0.335145,0.999746,-0.022329,0.001151,-0.002900
6205,-0.024593,-0.421263,9.943541,-0.565149,-0.335379,0.260479,-2.539990,0.122398,-0.326749,0.999750,-0.022161,0.001131,-0.002827
6206,-0.035473,-0.416920,9.911520,-0.499313,0.128586,0.356617,-2.533443,0.128542,-0.316267,0.999751,-0.022103,0.001182,-0.002734
6207,-0.052717,-0.390442,9.866560,-0.276196,0.176105,0.576360,-2.509791,0.158117,-0.300870,0.999756,-0.021897,0.001437,-0.002595
6208,-0.051024,-0.391224,9.900454,-0.664878,-0.653736,0.452773,-2.478290,0.179719,-0.283255,0.999762,-0.021622,0.001621,-0.002437
6209,-0.049046,-0.419072,9.890071,-0.794332,-0.446010,0.104871,-2.475187,0.183910,-0.273091,0.999763,-0.021594,0.001656,-0.002348
6210,-0.051468,-0.449337,9.828401,-0.219134,-0.081131,-0.038558,-2.500370,0.195345,-0.271636,0.999758,-0.021814,0.001756,-0.002333
6211,-0.044883,-0.453196,9.824311,-0.132393,-0.773750,0.016381,-2.532193,0.197774,-0.271475,0.999752,-0.022092,0.001778,-0.002330
6212,-0.017119,-0.459521,9.876646,-0.071583,-1.661865,0.020957,-2.560560,0.154274,-0.269140,0.999747,-0.022340,0.001398,-0.002318
6213,-0.001464,-0.496477,9.891718,-0.125360,-1.495742,-0.462771,-2.604589,0.078968,-0.274235,0.999739,-0.022726,0.000743,-0.002377
6214,0.016145,-0.490588,9.903712,0.266349,-1.593666,-0.085882,-2.652118,-0.002041,-0.281087,0.999729,-0.023142,0.000039,-0.002453
6215,0.027611,-0.451048,9.935159,0.257044,-1.833511,0.265069,-2.659765,-0.089146,-0.275477,0.999727,-0.023211,-0.000722,-0.002421
6216,0.032162,-0.456680,9.949715,0.045012,-1.612463,0.008704,-2.646997,-0.169489,-0.268275,0.999729,-0.023101,-0.001425,-0.002375
6217,0.032367,-0.463365,9.924789,-0.034332,-0.997609,0.034641,-2.646304,-0.223271,-0.265543,0.999729,-0.023096,-0.001894,-0.002362
6218,0.035658,-0.432238,9.889590,0.513573,-0.823653,0.658743,-2.627587,-0.253087,-0.252645,0.999732,-0.022933,-0.002157,-0.002255
6219,0.034957,-0.426770,9.874261,0.425317,-0.991449,0.594656,-2.584862,-0.276187,-0.230515,0.999741,-0.022560,-0.002364,-0.002065
6220,0.037211,-0.420415,9.895134,0.152431,-1.291963,0.547355,-2.547400,-0.303146,-0.209919,0.999748,-0.022233,-0.002604,-0.001890
6221,0.051641,-0.443454,9.906536,-0.260982,-1.294960,0.419180,-2.536814,-0.339482,-0.191967,0.999749,-0.022141,-0.002925,-0.001740
6222,0.060537,-0.451503,9.912862,-0.311409,-1.182046,0.376454,-2.554397,-0.380618,-0.176836,0.999745,-0.022294,-0.003286,-0.001617
6223,0.064407,-0.446707,9.922681,-0.551059,-1.203410,0.272691,-2.577504,-0.419938,-0.164193,0.999739,-0.022496,-0.003631,-0.001515
6224,0.079238,-0.476403,9.946397,-0.329956,-0.982173,0.376455,-2.609511,-0.458302,-0.151611,0.999732,-0.022775,-0.003968,-0.001414
6225,0.091575,-0.481481,9.935184,0.394583,-0.471076,1.101267,-2.638870,-0.491008,-0.125661,0.999725,-0.023031,-0.004258,-0.001195
6226,0.087142,-0.434350,9.913183,1.264332,-0.320077,1.916107,-2.614867,-0.509334,-0.074798,0.999730,-0.022820,-0.004429,-0.000754
6227,0.077410,-0.429613,9.901427,1.501068,-0.275784,1.961885,-2.545478,-0.511800,-0.009991,0.999743,-0.022212,-0.004463,-0.000186
6228,0.092313,-0.423279,9.917951,1.704208,-0.298638,2.135841,-2.471394,-0.514633,0.058478,0.999757,-0.021563,-0.004501,0.000413
6229,0.090669,-0.380096,9.923243,1.500050,-0.379536,2.001556,-2.383832,-0.525706,0.127540,0.999773,-0.020796,-0.004610,0.001017
6230,0.085307,-0.392987,9.908354,0.642806,-0.475650,0.904413,-2.312787,-0.535738,0.176194,0.999784,-0.020174,-0.004705,0.001443
6231,0.087141,-0.423484,9.919424,0.165175,-0.417609,0.365764,-2.301294,-0.543740,0.197971,0.999786,-0.020073,-0.004779,0.001632
6232,0.099347,-0.389663,9.929568,-0.147705,-0.223814,0.277261,-2.308243,-0.553638,0.209177,0.999784,-0.020133,-0.004867,0.001728
6233,0.087931,-0.395472,9.928893,-0.776318,0.383518,-0.648976,-2.316127,-0.549617,0.202808,0.999783,-0.020202,-0.004831,0.001673
6234,0.066314,-0.407020,9.883580,-1.218849,0.772806,-1.154050,-2.350445,-0.512137,0.172003,0.999779,-0.020503,-0.004499,0.001409
6235,0.055407,-0.409481,9.894475,-1.234159,0.945533,-1.149460,-2.396628,-0.452379,0.132488,0.999773,-0.020908,-0.003971,0.001073
6236,0.055919,-0.412088,9.903287,-1.270786,1.234200,-1.486677,-2.438551,-0.388537,0.087040,0.999768,-0.021276,-0.003406,0.000687
6237,0.038836,-0.443995,9.914137,-1.267827,1.017763,-1.726237,-2.490766,-0.326440,0.031973,0.999760,-0.021733,-0.002854,0.000217
6238,0.034172,-0.456516,9.900344,-1.078841,0.351178,-1.311174,-2.554812,-0.278999,-0.019482,0.999749,-0.022293,-0.002430,-0.000224
6239,0.039166,-0.451720,9.906931,-0.636495,0.328440,-1.103640,-2.602020,-0.252849,-0.060119,0.999740,-0.022706,-0.002194,-0.000575
6240,0.034633,-0.458867,9.912528,-0.284094,0.438395,-1.227236,-2.626753,-0.232171,-0.099471,0.999735,-0.022922,-0.002006,-0.000914
6241,0.026309,-0.453972,9.902846,0.059202,0.200460,-0.902209,-2.634615,-0.210971,-0.135397,0.999733,-0.022991,-0.001813,-0.001224
6242,0.034551,-0.442533,9.884893,0.698625,0.372966,-0.397123,-2.615190,-0.194071,-0.157491,0.999737,-0.022822,-0.001662,-0.001413
6243,0.044231,-0.451062,9.887017,1.295323,0.479739,-0.275052,-2.575104,-0.185061,-0.169351,0.999745,-0.022472,-0.001581,-0.001514
6244,0.044963,-0.453595,9.922826,1.341069,0.298039,-0.275057,-2.534719,-0.185011,-0.179084,0.999753,-0.022120,-0.001580,-0.001598
6245,0.053576,-0.442441,9.929946,1.342546,0.151385,-0.023287,-2.495352,-0.195905,-0.184373,0.999760,-0.021777,-0.001674,-0.001646
6246,0.067896,-0.431735,9.923794,1.466136,0.134334,-0.021773,-2.449656,-0.220470,-0.185344,0.999768,-0.021379,-0.001889,-0.001658
6247,0.064402,-0.428500,9.913239,1.215866,-0.003288,-0.261355,-2.406875,-0.250307,-0.190168,0.999776,-0.021006,-0.002149,-0.001705
6248,0.046308,-0.409600,9.919374,0.919851,-0.036998,-0.310191,-2.369689,-0.266808,-0.199681,0.999782,-0.020682,-0.002292,-0.001790
6249,0.049525,-0.389303,9.900345,0.820800,-0.241502,-0.061467,-2.325969,-0.275048,-0.205751,0.999789,-0.020301,-0.002363,-0.001844
6250,0.051020,-0.394041,9.901106,0.677500,-0.384972,-0.127084,-2.285877,-0.289231,-0.208544,0.999796,-0.019951,-0.002487,-0.001870
6251,0.041604,-0.395805,9.907567,0.428812,-0.174370,-0.272046,-2.263275,-0.296164,-0.214841,0.999800,-0.019754,-0.002547,-0.001926
6252,0.037404,-0.399523,9.920153,0.294493,-0.183419,-0.322396,-2.255283,-0.290676,-0.224483,0.999801,-0.019685,-0.002498,-0.002009
6253,0.042566,-0.393361,9.921919,0.158638,-0.190943,-0.259829,-2.253006,-0.285800,-0.233905,0.999801,-0.019665,-0.002453,-0.002090
6254,0.054584,-0.395920,9.939375,0.245579,-0.108530,-0.235414,-2.250182,-0.289602,-0.241937,0.999802,-0.019641,-0.002485,-0.002161
6255,0.062748,-0.395426,9.920965,0.584284,-0.044526,-0.101135,-2.241856,-0.301637,-0.247415,0.999803,-0.019568,-0.002590,-0.002210
6256,0.063986,-0.381262,9.912398,0.923045,-0.261324,0.094178,-2.216103,-0.319608,-0.247340,0.999807,-0.019344,-0.002747,-0.002212
6257,0.072796,-0.354480,9.923944,1.710597,-0.259938,0.121639,-2.153022,-0.343583,-0.243533,0.999817,-0.018794,-0.002958,-0.002181
6258,0.072122,-0.341511,9.916189,3.563363,-0.015934,0.019394,-2.032970,-0.363977,-0.241231,0.999835,-0.017747,-0.003138,-0.002161
6259,0.064032,-0.322681,9.901418,5.774718,0.280029,-0.082847,-1.845524,-0.366878,-0.242665,0.999863,-0.016111,-0.003167,-0.002169
6260,0.062490,-0.269372,9.923437,7.954120,0.562326,0.164351,-1.574825,-0.352818,-0.242005,0.999899,-0.013749,-0.003050,-0.002154
6261,0.051884,-0.231112,9.931711,10.196149,0.702761,0.574823,-1.223591,-0.325952,-0.230495,0.999937,-0.010683,-0.002823,-0.002042
6262,0.040647,-0.177132,9.892219,12.334335,0.911933,1.009713,-0.807935,-0.285354,-0.204736,0.999970,-0.007055,-0.002478,-0.001804
6263,0.028314,-0.095938,9.920485,13.473052,1.112006,1.302692,-0.336595,-0.231759,-0.166621,0.999993,-0.002940,-0.002018,-0.001460
6264,0.021374,0.003737,9.947360,14.707961,1.438723,1.505639,0.180805,-0.170541,-0.119920,0.999997,0.001576,-0.001490,-0.001044
6265,0.001734,0.104552,9.938454,16.611279,2.114877,1.189771,0.756300,-0.093176,-0.074539,0.999978,0.006599,-0.000817,-0.000645
6266,-0.020264,0.211895,9.971304,18.296452,2.495063,0.793027,1.398761,0.008444,-0.039964,0.999925,0.012206,0.000069,-0.000350
6267,-0.053070,0.308868,9.981931,20.604174,2.420609,0.631272,2.104494,0.124339,-0.013420,0.999831,0.018364,0.001083,-0.000137
6269,-0.038805,0.490034,9.970320,22.229959,1.007848,-0.291918,2.892832,0.208274,-0.004731,0.999680,0.025242,0.001816,-0.000087
6270,-0.042343,0.646561,9.945308,22.722267,-0.638542,-0.934333,3.747522,0.224718,-0.024160,0.999463,0.032698,0.001953,-0.000275
6271,-0.040564,0.803920,9.941961,23.039198,-2.362810,-1.028937,4.627061,0.180157,-0.059826,0.999183,0.040369,0.001550,-0.000585
6272,-0.018591,0.974577,9.870142,23.177711,-3.011368,-0.972471,5.526948,0.089446,-0.100432,0.998836,0.048214,0.000737,-0.000913
6273,0.003918,1.150769,9.857005,22.100224,-2.716979,-0.824443,6.428890,-0.015088,-0.139936,0.998426,0.056073,-0.000200,-0.001212
6274,-0.000873,1.249042,9.843192,21.285063,-1.607689,0.355104,7.284956,-0.092020,-0.156371,0.997979,0.063529,-0.000888,-0.001311
6275,0.004291,1.343225,9.850176,21.298071,-0.469294,1.324059,8.082813,-0.123976,-0.133351,0.997512,0.070476,-0.001161,-0.001085
6276,0.003400,1.452751,9.820502,21.306210,0.658471,1.919154,8.848582,-0.116947,-0.079449,0.997019,0.077141,-0.001071,-0.000613
6277,-0.012676,1.558160,9.843342,21.268360,0.934845,2.103763,9.590898,-0.081210,-0.008924,0.996499,0.083599,-0.000713,-0.000018
6278,-0.015881,1.684537,9.833468,21.514206,0.634461,2.247164,10.322825,-0.043071,0.067278,0.995945,0.089962,-0.000322,0.000619
6279,-0.030262,1.798635,9.795224,22.146070,0.729308,2.012129,11.065003,-0.007126,0.141577,0.995341,0.096410,0.000057,0.001236
6280,-0.041348,1.939354,9.777223,22.666559,0.834880,1.770978,11.828115,0.037653,0.208928,0.994676,0.103036,0.000515,0.001780
6281,-0.041741,2.068590,9.769081,22.575180,0.424680,1.340613,12.601540,0.077883,0.264475,0.993957,0.109746,0.000929,0.002219
6282,-0.019378,2.203062,9.714465,23.493979,0.064706,0.754627,13.390242,0.094130,0.300681,0.993177,0.116584,0.001122,0.002510
6283,-0.018077,2.349372,9.696554,24.599001,-0.219089,-0.200608,14.219633,0.092359,0.309182,0.992307,0.123769,0.001134,0.002578
6284,-0.020279,2.486380,9.672817,25.395798,-0.898106,-0.586671,15.082058,0.079916,0.291861,0.991348,0.131234,0.001026,0.002433
6285,-0.019527,2.634674,9.589580,25.216036,-1.545063,-0.983421,15.958258,0.051539,0.255887,0.990316,0.138811,0.000755,0.002149
6286,-0.021774,2.759159,9.521889,24.804340,-1.677755,-0.945291,16.825008,0.016394,0.210052,0.989239,0.146298,0.000410,0.001792
6287,-0.037234,2.859367,9.497635,23.121326,-1.503636,-0.547072,17.632776,-0.008117,0.170814,0.988184,0.153268,0.000158,0.001484
6288,-0.022408,2.954215,9.456109,20.462944,-1.485124,0.296702,18.334864,-0.031065,0.151774,0.987226,0.159320,-0.000057,0.001351
6289,-0.008381,3.070415,9.441512,17.824242,-1.207276,0.789534,18.931480,-0.064407,0.154832,0.986383,0.164458,-0.000332,0.001425
6290,-0.005950,3.160142,9.434237,16.703754,-0.992016,1.126729,19.456543,-0.097255,0.173112,0.985619,0.168977,-0.000581,0.001632
6291,0.001552,3.260293,9.439442,16.420948,-0.924764,1.073284,19.952566,-0.126820,0.197054,0.984877,0.173242,-0.000792,0.001885
6292,0.008247,3.381219,9.438559,17.200294,-0.691198,0.961856,20.468481,-0.152262,0.219768,0.984086,0.177675,-0.000967,0.002123
6293,0.000015,3.473397,9.394211,18.866341,-0.494218,0.752755,21.040615,-0.164927,0.239676,0.983187,0.182586,-0.001033,0.002319
6294,0.002067,3.569421,9.322204,21.161167,-0.426899,0.842717,21.689362,-0.167936,0.259094,0.982137,0.188150,-0.001014,0.002496
6295,0.006385,3.670292,9.271797,22.955540,-0.190214,1.013556,22.412025,-0.169538,0.284183,0.980930,0.194340,-0.000969,0.002720
6296,0.009374,3.799634,9.202020,23.225588,-0.098516,1.254595,23.176861,-0.171643,0.317405,0.979610,0.200883,-0.000911,0.003014
6297,0.012830,3.923212,9.138892,22.970810,-0.228097,1.573462,23.952188,-0.180799,0.358623,0.978227,0.207507,-0.000894,0.003389
6298,0.026929,4.030014,9.094434,22.543550,-0.046440,1.608527,24.710823,-0.198321,0.405223,0.976830,0.213980,-0.000934,0.003825
6299,0.019550,4.144220,9.052582,21.342545,0.101637,1.565772,25.430677,-0.212231,0.453651,0.975465,0.220112,-0.000935,0.004269
6300,0.013241,4.261170,9.034240,20.564140,0.004104,1.507729,26.108871,-0.217641,0.500763,0.974143,0.225882,-0.000863,0.004686
6301,0.015405,4.368819,8.993780,21.702242,-0.236842,1.506132,26.787056,-0.225226,0.544318,0.972787,0.231644,-0.000812,0.005076
6302,0.032469,4.483493,8.935138,22.210161,-0.885265,0.857568,27.495369,-0.248267,0.571121,0.971335,0.237654,-0.000920,0.005356
6303,0.040262,4.613905,8.872193,22.802122,-1.606996,0.054915,28.234600,-0.288243,0.565285,0.969780,0.243916,-0.001236,0.005398
6304,0.046789,4.723288,8.800960,23.078295,-1.861804,-0.653125,28.997219,-0.331700,0.528903,0.968136,0.250366,-0.001647,0.005193
6305,0.046533,4.820495,8.704327,22.242069,-1.873967,-1.339817,29.750654,-0.363957,0.469479,0.966470,0.256726,-0.002018,0.004775
6306,0.049813,4.929359,8.651473,19.708971,-1.620586,-1.875460,30.443642,-0.377813,0.394042,0.964903,0.262565,-0.002279,0.004184
6307,0.038618,4.998460,8.576758,17.752556,-0.801039,-1.738198,31.048656,-0.365777,0.321901,0.963506,0.267654,-0.002324,0.003561
6308,0.016806,5.074331,8.551242,15.263412,0.004879,-1.407206,31.559752,-0.320731,0.270669,0.962305,0.271947,-0.002051,0.003034
6309,0.020045,5.158482,8.543272,13.822438,0.407978,-0.966365,31.989681,-0.261414,0.241230,0.961281,0.275554,-0.001613,0.002652
6310,0.035333,5.246010,8.535995,13.277065,0.524101,-0.462900,32.373295,-0.215990,0.229853,0.960354,0.278770,-0.001251,0.002452
6311,0.028893,5.299733,8.479598,13.940266,0.772897,-0.469045,32.763500,-0.180494,0.228751,0.959400,0.282038,-0.000948,0.002359
6312,0.017704,5.371608,8.452838,14.657015,0.562389,-0.347013,33.192242,-0.145507,0.229680,0.958338,0.285625,-0.000644,0.002284
6313,0.028619,5.453125,8.395968,16.188721,0.136689,0.078700,33.670769,-0.129133,0.232535,0.957138,0.289624,-0.000491,0.002269
6314,0.023516,5.500331,8.302135,18.021149,-0.022021,-0.015898,34.217934,-0.129810,0.234545,0.955744,0.294191,-0.000481,0.002289
6315,0.010349,5.553930,8.212720,18.877010,-0.047928,-0.289061,34.812653,-0.123509,0.229762,0.954204,0.299147,-0.000429,0.002236
6316,0.001791,5.639381,8.155729,18.922602,-0.252307,-0.139585,35.422066,-0.110911,0.221183,0.952600,0.304218,-0.000335,0.002133
6317,0.010638,5.751101,8.113333,18.103027,-0.375824,0.098401,36.022552,-0.107820,0.214693,0.950993,0.309205,-0.000315,0.002073
6318,0.006636,5.839122,8.062203,16.865377,-0.432222,0.121247,36.591629,-0.112638,0.209793,0.949446,0.313924,-0.000359,0.002047
6319,0.012790,5.938219,8.036417,15.748250,-0.613752,0.078481,37.118782,-0.121097,0.202114,0.947992,0.318289,-0.000440,0.002008
6320,0.020087,5.990551,7.993408,14.743941,-0.668663,0.209693,37.599503,-0.137901,0.193067,0.946648,0.322263,-0.000596,0.001983
6321,0.030674,6.046791,7.951172,13.734847,-0.836535,0.992511,38.023808,-0.173085,0.193636,0.945448,0.325766,-0.000878,0.002090
6322,0.046817,6.117275,7.883097,13.886973,-1.068564,1.450358,38.432858,-0.235469,0.206068,0.944277,0.329140,-0.001348,0.002374
6323,0.050492,6.163479,7.805452,14.613050,-0.969468,1.000282,38.878925,-0.300087,0.216751,0.942987,0.332814,-0.001840,0.002655
6324,0.041911,6.228481,7.753570,14.792961,-0.705481,0.644740,39.352448,-0.338831,0.220431,0.941603,0.336708,-0.002137,0.002807
6325,0.045587,6.315895,7.711136,15.499378,-0.673371,0.534821,39.847904,-0.359763,0.221022,0.940137,0.340776,-0.002294,0.002883
6326,0.044305,6.405718,7.643784,16.740007,-0.703802,-0.154971,40.391006,-0.368883,0.211134,0.938512,0.345228,-0.002385,0.002841
6327,0.031854,6.463728,7.601367,18.281256,-0.720448,-0.646436,40.981766,-0.358177,0.185636,0.936720,0.350061,-0.002361,0.002612
6328,0.036226,6.536024,7.541749,19.935307,-0.846941,-0.522973,41.613159,-0.341845,0.154022,0.934779,0.355216,-0.002311,0.002316
6329,0.051650,6.592042,7.419950,20.275549,-1.062005,-0.712267,42.279224,-0.338417,0.117679,0.932699,0.360643,-0.002384,0.002023
6330,0.056658,6.694616,7.361358,19.926117,-1.139801,-1.011372,42.950214,-0.342146,0.071769,0.930572,0.366097,-0.002549,0.001676
6331,0.065775,6.783786,7.305282,19.987114,-1.261886,-0.758058,43.611240,-0.352712,0.022885,0.928445,0.371458,-0.002784,0.001329
6332,0.064872,6.852047,7.198462,18.776999,-1.388563,-0.878581,44.251175,-0.369526,-0.027396,0.926356,0.376635,-0.003077,0.000993
6333,0.066774,6.940281,7.127917,16.950439,-1.541172,-1.377543,44.844334,-0.380454,-0.088460,0.924394,0.381423,-0.003364,0.000553
6334,0.063137,7.029408,7.118003,16.971666,-2.020310,-1.112033,45.395149,-0.392703,-0.159719,0.922550,0.385860,-0.003699,0.000036
6335,0.056292,7.090770,7.005910,19.031507,-2.793915,-0.445242,45.978313,-0.424145,-0.235086,0.920574,0.390546,-0.004209,-0.000443
6336,0.073210,7.124886,6.893709,20.795425,-3.468343,-0.607021,46.637001,-0.478725,-0.322522,0.918312,0.395826,-0.004951,-0.000931
6337,0.082239,7.180399,6.800956,22.336536,-3.942904,-1.006815,47.348835,-0.543093,-0.431105,0.915832,0.401515,-0.005851,-0.001542
6338,0.075996,7.275466,6.697471,23.273417,-4.283140,-1.144196,48.105915,-0.601583,-0.556589,0.913156,0.407547,-0.006774,-0.002296
6339,0.099597,7.393989,6.587844,23.288809,-4.415843,-1.179352,48.898090,-0.659836,-0.690859,0.910313,0.413838,-0.007737,-0.003105
6340,0.119259,7.464980,6.516216,24.013733,-4.649312,-1.823291,49.700432,-0.720715,-0.838123,0.907387,0.420186,-0.008780,-0.003994
6341,0.104700,7.513787,6.360029,23.769609,-4.218969,-2.822812,50.501446,-0.750537,-1.001217,0.904420,0.426503,-0.009651,-0.005108
6342,0.112153,7.631640,6.265656,20.756012,-3.318590,-2.928203,51.256920,-0.740940,-1.159201,0.901581,0.432443,-0.010205,-0.006324
6343,0.134382,7.705606,6.213108,17.115139,-3.016430,-1.701389,51.888088,-0.741787,-1.289776,0.899178,0.437391,-0.010744,-0.007289
6344,0.132069,7.761231,6.151118,13.512164,-2.871488,-0.791906,52.370831,-0.773292,-1.392364,0.897320,0.441161,-0.011417,-0.007926
6345,0.142377,7.852046,6.111087,7.072360,-1.846093,-0.341713,52.671051,-0.811947,-1.465679,0.896156,0.443498,-0.012024,-0.008319
6346,0.170189,7.946147,6.178492,1.340427,-1.186972,0.468666,52.750706,-0.859313,-1.503786,0.895844,0.444111,-0.012547,-0.008425
6347,0.185188,7.925272,6.181343,-0.724925,-1.037555,0.632122,52.675938,-0.920656,-1.520895,0.896132,0.443516,-0.013088,-0.008330
6348,0.178574,7.891346,6.174313,-2.491457,-0.773682,0.214193,52.508595,-0.972904,-1.534466,0.896777,0.442198,-0.013537,-0.008253
6349,0.181167,7.862578,6.180814,-3.714743,-0.306811,-0.032897,52.292999,-0.999953,-1.544971,0.897606,0.440505,-0.013773,-0.008257
6350,0.180389,7.824735,6.163295,-3.712440,-0.227492,0.019042,52.086903,-1.012279,-1.550691,0.898396,0.438888,-0.013877,-0.008279
6351,0.167911,7.793412,6.195557,-4.218203,-0.338872,-0.055725,51.879921,-1.017030,-1.557179,0.899187,0.437263,-0.013924,-0.008337
6352,0.157946,7.779650,6.219026,-4.069343,-0.453246,0.101377,51.667091,-1.015171,-1.565781,0.899997,0.435591,-0.013927,-0.008438
6353,0.162273,7.765336,6.224079,-2.882814,-0.418058,0.034137,51.480911,-1.011082,-1.574557,0.900703,0.434128,-0.013914,-0.008545
6354,0.162672,7.730302,6.239471,-2.483662,-0.291317,-0.588534,51.321190,-0.997123,-1.588358,0.901307,0.432873,-0.013844,-0.008725
6355,0.163685,7.727177,6.272876,-2.778816,-0.260724,-0.728995,51.162338,-0.974036,-1.608059,0.901905,0.431624,-0.013725,-0.008987
6356,0.165396,7.701590,6.270678,-1.782975,-0.184381,-0.460475,51.021927,-0.956407,-1.625193,0.902432,0.430519,-0.013639,-0.009205
6357,0.163630,7.703160,6.283897,-2.294611,-0.088224,-0.333840,50.904392,-0.945929,-1.636232,0.902872,0.429593,-0.013589,-0.009345
6358,0.169323,7.707345,6.301102,-2.598603,-0.014983,-0.326197,50.786316,-0.939868,-1.643905,0.903314,0.428662,-0.013560,-0.009442
6359,0.163637,7.690385,6.304773,-1.893879,-0.053145,-0.033197,50.683647,-0.938822,-1.648111,0.903697,0.427853,-0.013559,-0.009491
6360,0.157339,7.671283,6.303017,-1.207399,-0.062283,0.020195,50.611500,-0.937302,-1.649402,0.903966,0.427284,-0.013546,-0.009516
6361,0.153157,7.668711,6.296078,-1.167800,-0.079023,-0.191962,50.563782,-0.928895,-1.652912,0.904144,0.426908,-0.013489,-0.009580
6362,0.154424,7.657607,6.302394,-0.491829,0.026313,-0.326301,50.534687,-0.914551,-1.659059,0.904252,0.426680,-0.013396,-0.009686
6363,0.157509,7.649127,6.313194,-0.337784,-0.065219,-0.190520,50.512875,-0.904507,-1.664909,0.904333,0.426508,-0.013337,-0.009772
6364,0.159852,7.661105,6.322126,-0.755980,-0.118632,-0.205770,50.484447,-0.902532,-1.671312,0.904438,0.426284,-0.013342,-0.009833
6365,0.165203,7.659262,6.327048,-0.820141,-0.033215,-0.378156,50.450386,-0.902838,-1.679333,0.904564,0.426014,-0.013372,-0.009899
6366,0.171471,7.665433,6.326906,-1.119247,-0.147731,-0.143075,50.415489,-0.910499,-1.687143,0.904693,0.425736,-0.013458,-0.009936
6367,0.170921,7.658233,6.330647,-1.226045,-0.413327,0.076761,50.378345,-0.930325,-1.695074,0.904830,0.425439,-0.013641,-0.009930
6368,0.167001,7.648721,6.329153,-1.157361,-0.369134,-0.063555,50.340656,-0.948750,-1.705000,0.904969,0.425138,-0.013820,-0.009944
6369,0.170543,7.666789,6.340382,-0.888729,-0.280666,-0.164224,50.314381,-0.958856,-1.715883,0.905065,0.424927,-0.013938,-0.009996
6370,0.167885,7.659003,6.332639,-0.702426,-0.324943,-0.135206,50.303612,-0.965338,-1.727097,0.905104,0.424840,-0.014030,-0.010062
6372,0.159230,7.652032,6.358407,-0.966349,-0.225738,-0.019261,50.282593,-0.965604,-1.735915,0.905181,0.424673,-0.014063,-0.010133
6373,0.170734,7.649710,6.361031,-1.530989,-0.096017,0.011237,50.235943,-0.966102,-1.740041,0.905354,0.424304,-0.014078,-0.010169
6374,0.180165,7.644650,6.377481,-1.885086,-0.031973,0.125740,50.169876,-0.977308,-1.740060,0.905598,0.423780,-0.014161,-0.010136
6375,0.182894,7.621366,6.385779,-2.144661,-0.151072,0.510369,50.084213,-1.000890,-1.735275,0.905915,0.423100,-0.014322,-0.010022
6376,0.188485,7.612767,6.406024,-2.256297,-0.192354,0.788192,49.983822,-1.035903,-1.725271,0.906285,0.422302,-0.014553,-0.009826
6377,0.203211,7.605483,6.389077,-1.844447,-0.178738,0.713565,49.898731,-1.079255,-1.713579,0.906599,0.421624,-0.014846,-0.009585
6378,0.194672,7.595395,6.401237,-1.267681,-0.085752,0.593132,49.843140,-1.115212,-1.702824,0.906803,0.421180,-0.015086,-0.009375
6379,0.197523,7.593786,6.413223,-1.142594,-0.070528,0.536716,49.798405,-1.137399,-1.692572,0.906968,0.420824,-0.015220,-0.009218
6380,0.196046,7.578229,6.406002,-1.035806,-0.004922,0.315469,49.758980,-1.150676,-1.684299,0.907113,0.420511,-0.015292,-0.009109
6381,0.189304,7.576845,6.409498,-1.299787,0.037838,0.036183,49.720455,-1.148975,-1.680103,0.907255,0.420206,-0.015260,-0.009087
6382,0.181020,7.571609,6.432737,-1.351717,0.019615,-0.212646,49.670868,-1.131166,-1.681175,0.907437,0.419816,-0.015119,-0.009168
6383,0.183997,7.591499,6.439734,-1.321240,-0.055059,-0.279899,49.621895,-1.109025,-1.686865,0.907616,0.419431,-0.014960,-0.009300
6384,0.174505,7.601329,6.457012,-0.916824,-0.193822,-0.229657,49.589657,-1.088842,-1.695635,0.907734,0.419178,-0.014830,-0.009448
6385,0.175864,7.598908,6.456560,-0.800780,-0.346316,0.060150,49.569294,-1.075562,-1.704484,0.907808,0.419017,-0.014755,-0.009569
6386,0.183905,7.591139,6.472269,-0.681728,-0.451551,0.243199,49.548046,-1.079065,-1.711395,0.907885,0.418847,-0.014807,-0.009614
6387,0.192902,7.585123,6.469313,-0.468123,-0.566002,0.408005,49.526310,-1.099248,-1.717206,0.907963,0.418671,-0.014986,-0.009589
6388,0.192750,7.581898,6.457750,-0.442145,-0.663682,0.586563,49.515163,-1.128732,-1.722111,0.908003,0.418578,-0.015237,-0.009521
6389,0.192665,7.563848,6.456345,-0.576383,-0.637737,0.499578,49.503136,-1.155727,-1.726947,0.908046,0.418478,-0.015467,-0.009463
6390,0.205454,7.568790,6.462590,-0.307816,-0.430216,0.139465,49.489094,-1.176125,-1.733575,0.908096,0.418362,-0.015652,-0.009443
6391,0.212176,7.571977,6.467284,-0.094174,-0.379899,0.080000,49.483887,-1.194221,-1.741492,0.908114,0.418317,-0.015824,-0.009440
6392,0.210807,7.577986,6.464835,-0.309280,-0.296008,-0.026776,49.482689,-1.207959,-1.749593,0.908117,0.418304,-0.015962,-0.009454
6393,0.221463,7.582356,6.478394,-0.310761,-0.431861,0.099927,49.477573,-1.224314,-1.758129,0.908135,0.418260,-0.016122,-0.009463
6394,0.223936,7.572598,6.457253,-0.026877,-0.740168,0.534897,49.478931,-1.256863,-1.766250,0.908128,0.418264,-0.016410,-0.009408
6395,0.217922,7.567928,6.454865,-0.197675,-1.020975,0.783661,49.487041,-1.298408,-1.774544,0.908097,0.418321,-0.016770,-0.009321
6396,0.222720,7.574317,6.456744,-0.562266,-0.979767,0.776018,49.486153,-1.338158,-1.783268,0.908098,0.418306,-0.017117,-0.009245
6397,0.230987,7.569449,6.470522,-0.641567,-1.045368,0.924016,49.471420,-1.379256,-1.790634,0.908150,0.418181,-0.017468,-0.009155
6398,0.235297,7.541965,6.455843,-0.679752,-1.028565,0.942308,49.445396,-1.422528,-1.796585,0.908242,0.417967,-0.017831,-0.009048
6399,0.250783,7.542595,6.470703,-0.791233,-0.705068,0.717999,49.411274,-1.462478,-1.800298,0.908365,0.417689,-0.018158,-0.008937
6400,0.258561,7.549860,6.489987,-0.937860,-0.375492,0.556284,49.367283,-1.494744,-1.799759,0.908524,0.417334,-0.018408,-0.008822
6401,0.264713,7.550883,6.486241,-1.029519,-0.320586,0.664660,49.322990,-1.522668,-1.795004,0.908684,0.416979,-0.018609,-0.008690
6402,0.275197,7.558569,6.491715,-1.119558,-0.232129,0.640302,49.285995,-1.553232,-1.787776,0.908818,0.416682,-0.018822,-0.008528
6403,0.282842,7.544569,6.516228,-1.119628,-0.171162,0.460326,49.240795,-1.583561,-1.780678,0.908981,0.416319,-0.019034,-0.008368
6404,0.286070,7.530878,6.496436,-1.163985,-0.343664,0.434473,49.191074,-1.612916,-1.777105,0.909160,0.415920,-0.019250,-0.008242
6405,0.295258,7.529800,6.483470,-1.243286,-0.413940,0.379635,49.156097,-1.645471,-1.777926,0.909285,0.415637,-0.019509,-0.008136
6406,0.306274,7.531404,6.499814,-0.709106,-0.349966,0.355349,49.135326,-1.682041,-1.779870,0.909358,0.415465,-0.019805,-0.008022
6407,0.298742,7.509636,6.503222,0.011149,-0.511802,0.582811,49.125687,-1.717780,-1.780551,0.909391,0.415382,-0.020090,-0.007900
6408,0.294909,7.527825,6.501785,0.188182,-0.610999,0.761358,49.131721,-1.748882,-1.780125,0.909367,0.415425,-0.020336,-0.007782
6409,0.293101,7.545423,6.510387,0.374458,-0.328660,0.520207,49.153587,-1.767598,-1.778377,0.909287,0.415595,-0.020479,-0.007697
6410,0.300115,7.552173,6.507727,0.553136,-0.275197,0.665099,49.184891,-1.779267,-1.773561,0.909172,0.415842,-0.020556,-0.007610
6411,0.301524,7.524184,6.512397,0.528750,-0.418587,0.611636,49.205780,-1.794956,-1.768494,0.909096,0.416006,-0.020664,-0.007509
6412,0.311246,7.541642,6.502531,-0.103015,-0.246131,0.240806,49.209526,-1.808515,-1.767493,0.909082,0.416034,-0.020768,-0.007451
6413,0.314904,7.539484,6.483201,-0.136481,0.005645,-0.082692,49.216930,-1.813191,-1.769165,0.909054,0.416091,-0.020812,-0.007446
6414,0.317573,7.535129,6.502419,-0.337830,0.049884,-0.163555,49.217243,-1.811289,-1.771404,0.909053,0.416094,-0.020805,-0.007471
6415,0.301350,7.525131,6.515283,-0.218900,0.179624,-0.493193,49.197754,-1.794745,-1.775335,0.909125,0.415941,-0.020686,-0.007566
6416,0.301469,7.553278,6.495578,-0.376068,0.378070,-0.555844,49.188381,-1.762732,-1.779740,0.909161,0.415872,-0.020448,-0.007719
6417,0.295470,7.530338,6.493474,0.023848,0.339985,-0.406382,49.196110,-1.731580,-1.781584,0.909134,0.415938,-0.020208,-0.007845
6418,0.296968,7.522998,6.488096,-0.073755,0.295776,-0.493412,49.201603,-1.705969,-1.783553,0.909116,0.415986,-0.020012,-0.007953
6419,0.294014,7.535925,6.497652,-0.024877,0.251540,-0.449181,49.205379,-1.685108,-1.787073,0.909103,0.416019,-0.019860,-0.008056
6420,0.303101,7.535357,6.491312,0.088109,-0.029257,-0.018842,49.213932,-1.681088,-1.789585,0.909072,0.416087,-0.019838,-0.008089
6421,0.299595,7.519353,6.475379,0.089721,-0.302459,0.014795,49.226532,-1.694609,-1.794098,0.909025,0.416184,-0.019962,-0.008074
6422,0.308783,7.518510,6.513385,-0.239943,-0.287270,-0.221639,49.217255,-1.710480,-1.803586,0.909057,0.416106,-0.020122,-0.008093
6423,0.312386,7.525685,6.531268,0.028370,-0.294985,0.204206,49.186451,-1.732047,-1.810301,0.909167,0.415857,-0.020315,-0.008073
6424,0.298102,7.527503,6.513773,0.029707,-0.569685,0.562844,49.166611,-1.757411,-1.812220,0.909238,0.415694,-0.020522,-0.008000
6425,0.296337,7.539243,6.499615,-0.255631,-0.543706,0.294238,49.164043,-1.774030,-1.816958,0.909245,0.415670,-0.020671,-0.007977
6426,0.291323,7.521512,6.524509,-0.270921,-0.194187,0.016426,49.152218,-1.772208,-1.822779,0.909288,0.415576,-0.020677,-0.008032
6427,0.284486,7.542130,6.495537,-0.171728,-0.052149,-0.002033,49.145641,-1.753697,-1.825754,0.909313,0.415526,-0.020540,-0.008124
6428,0.286264,7.548762,6.490252,-0.356134,-0.158838,-0.255494,49.162468,-1.730595,-1.832002,0.909253,0.415663,-0.020381,-0.008255
6429,0.306185,7.525781,6.494764,-0.262879,0.128072,-0.583617,49.171642,-1.713658,-1.842121,0.909220,0.415737,-0.020284,-0.008395
6430,0.311766,7.497477,6.492883,-0.084363,0.279074,-0.641526,49.164158,-1.704807,-1.850285,0.909247,0.415678,-0.020243,-0.008493
6431,0.311976,7.518939,6.516093,-0.256909,-0.053672,-0.383529,49.145721,-1.705737,-1.858229,0.909313,0.415530,-0.020277,-0.008556
6432,0.307936,7.511099,6.504349,-0.116620,-0.230765,-0.148434,49.129307,-1.716853,-1.867303,0.909371,0.415396,-0.020397,-0.008591
6433,0.298408,7.503144,6.507931,0.028257,-0.203337,0.007259,49.118553,-1.726541,-1.874031,0.909409,0.415308,-0.020498,-0.008611
6434,0.295243,7.527495,6.486849,0.179375,-0.214008,0.086592,49.127808,-1.730384,-1.878440,0.909375,0.415380,-0.020545,-0.008630
6435,0.298579,7.545141,6.521813,0.182561,-0.136167,0.173542,49.148659,-1.733792,-1.880463,0.909299,0.415544,-0.020581,-0.008630
6436,0.307605,7.525527,6.487800,0.695371,-0.136182,0.384133,49.174168,-1.745981,-1.878149,0.909206,0.415745,-0.020671,-0.008563
6437,0.309929,7.524682,6.493870,0.610018,-0.227784,0.480314,49.206581,-1.768135,-1.873653,0.909088,0.415998,-0.020833,-0.008441
6438,0.309701,7.537040,6.497693,0.335400,-0.250703,0.440674,49.227718,-1.789960,-1.869834,0.909010,0.416163,-0.020994,-0.008327
6439,0.313557,7.536353,6.505477,0.114141,-0.233933,0.468158,49.235085,-1.809311,-1.866058,0.908982,0.416218,-0.021134,-0.008226
6440,0.315407,7.528618,6.492515,0.120214,-0.310240,0.457492,49.235420,-1.828919,-1.862743,0.908980,0.416218,-0.021277,-0.008128
6441,0.315657,7.542604,6.494776,-0.155958,-0.153068,0.161458,49.237068,-1.841350,-1.861928,0.908973,0.416229,-0.021373,-0.008076
6442,0.325016,7.557168,6.488043,-0.392352,-0.082886,0.167569,49.241611,-1.849458,-1.861766,0.908956,0.416263,-0.021437,-0.008045
6443,0.327931,7.539635,6.485847,-0.138906,-0.060038,0.138615,49.248386,-1.860994,-1.860743,0.908930,0.416315,-0.021525,-0.007993
6444,0.322949,7.527610,6.494220,-0.210607,-0.031067,-0.049050,49.244568,-1.866655,-1.860983,0.908944,0.416284,-0.021571,-0.007975
6445,0.318209,7.534718,6.491707,-0.241146,-0.041729,0.036381,49.234760,-1.864119,-1.861965,0.908980,0.416206,-0.021554,-0.007994
6446,0.303669,7.544979,6.500939,-0.343363,-0.207972,0.187351,49.227272,-1.855749,-1.862756,0.909007,0.416148,-0.021490,-0.008032
6447,0.304530,7.541979,6.502408,-0.355551,-0.123927,0.057507,49.217724,-1.842122,-1.864351,0.909043,0.416075,-0.021387,-0.008096
6448,0.311657,7.535094,6.496890,-0.143431,0.130985,-0.020411,49.211212,-1.828576,-1.863919,0.909068,0.416026,-0.021277,-0.008143
6449,0.321366,7.539903,6.509225,-0.392158,0.108112,-0.061629,49.202076,-1.822312,-1.861790,0.909101,0.415955,-0.021219,-0.008151
6450,0.326302,7.525308,6.522363,-0.702033,0.176741,-0.343876,49.171612,-1.820849,-1.862223,0.909212,0.415713,-0.021207,-0.008165
6451,0.326471,7.502689,6.516033,-0.703778,0.283498,-0.247666,49.123997,-1.818934,-1.862094,0.909385,0.415336,-0.021188,-0.008180
6452,0.321544,7.490753,6.503319,-0.479662,0.181212,-0.183511,49.082829,-1.817455,-1.860256,0.909534,0.415010,-0.021167,-0.008178
6453,0.321334,7.502005,6.515459,-1.149663,0.201013,-0.418456,49.042454,-1.812339,-1.861592,0.909680,0.414690,-0.021128,-0.008215
6454,0.317506,7.491353,6.517102,-0.640104,0.242185,-0.249042,49.001579,-1.804040,-1.862956,0.909829,0.414367,-0.021064,-0.008263
6455,0.320135,7.498573,6.527495,-0.495229,0.095667,-0.079625,48.972992,-1.801664,-1.861994,0.909932,0.414140,-0.021040,-0.008270
6456,0.324769,7.492323,6.519641,-0.350302,0.019310,-0.352695,48.955055,-1.805197,-1.865154,0.909997,0.413997,-0.021078,-0.008285
6457,0.319779,7.467182,6.516114,-0.103157,0.184049,-0.517422,48.941658,-1.802497,-1.871931,0.910045,0.413890,-0.021080,-0.008351
6458,0.315671,7.471974,6.513619,0.105823,0.150445,-0.572313,48.934082,-1.791046,-1.879413,0.910072,0.413830,-0.021015,-0.008453
6459,0.304467,7.488895,6.517594,-0.243604,0.171815,-0.775269,48.933155,-1.769397,-1.890154,0.910076,0.413825,-0.020882,-0.008617
6460,0.288990,7.489302,6.518156,-0.127579,0.355000,-0.781460,48.933304,-1.731545,-1.900771,0.910077,0.413831,-0.020620,-0.008838
6461,0.298154,7.513204,6.532967,-0.003903,0.544278,-0.644203,48.939632,-1.692929,-1.905335,0.910056,0.413888,-0.020330,-0.009013
6462,0.299823,7.542659,6.546666,-0.330316,0.503069,-0.595369,48.948994,-1.666830,-1.906185,0.910024,0.413967,-0.020127,-0.009112
6463,0.292270,7.537892,6.551481,-0.144020,0.393179,-0.253542,48.955666,-1.649650,-1.904641,0.910001,0.414023,-0.019986,-0.009161
6464,0.307621,7.524020,6.539380,0.039178,0.208471,0.248566,48.963345,-1.654674,-1.897409,0.909973,0.414085,-0.020000,-0.009084
6465,0.313438,7.522539,6.527800,0.144580,0.014531,0.575279,48.978493,-1.686947,-1.885949,0.909918,0.414201,-0.020216,-0.008874
6466,0.306663,7.513828,6.515406,0.095900,-0.106146,0.694441,48.998486,-1.724729,-1.873694,0.909844,0.414355,-0.020473,-0.008636
6467,0.312545,7.509833,6.527331,0.291299,-0.249668,0.917321,49.013481,-1.762978,-1.860811,0.909788,0.414469,-0.020731,-0.008393
6469,0.318885,7.496552,6.524585,0.518627,-0.303156,1.010497,49.022629,-1.806957,-1.846569,0.909754,0.414536,-0.021029,-0.008119
6470,0.317681,7.506935,6.531649,0.591791,-0.300155,1.068544,49.031796,-1.848552,-1.831158,0.909719,0.414604,-0.021304,-0.007844
6471,0.319121,7.514128,6.524307,0.524611,-0.323048,1.012093,49.045589,-1.882447,-1.816126,0.909667,0.414710,-0.021520,-0.007599
6472,0.321182,7.514154,6.505547,0.509410,-0.280300,0.964760,49.068840,-1.909949,-1.802336,0.909582,0.414892,-0.021690,-0.007386
6473,0.318342,7.510499,6.506588,0.190573,0.052408,0.708335,49.088882,-1.923735,-1.787223,0.909509,0.415052,-0.021746,-0.007212
6474,0.320091,7.520149,6.500331,0.166241,0.343942,0.595318,49.103264,-1.921678,-1.768293,0.909459,0.415170,-0.021662,-0.007067
6475,0.320886,7.502615,6.487011,0.091570,0.533235,0.363282,49.117874,-1.910623,-1.747137,0.909408,0.415292,-0.021498,-0.006936
6476,0.320491,7.501296,6.499419,-0.073210,0.829335,-0.030490,49.119698,-1.888056,-1.726399,0.909404,0.415314,-0.021244,-0.006853
6477,0.320039,7.508962,6.515299,0.178492,0.902638,-0.038183,49.112362,-1.858636,-1.705037,0.909434,0.415265,-0.020933,-0.006792
6478,0.324760,7.532146,6.505811,0.422641,0.692080,0.122017,49.121910,-1.839184,-1.684020,0.909402,0.415348,-0.020703,-0.006694
6479,0.319091,7.532520,6.524987,0.099185,0.524224,-0.219788,49.134430,-1.825147,-1.669888,0.909359,0.415453,-0.020541,-0.006630
6480,0.315799,7.536934,6.532991,0.207463,0.476931,-0.427323,49.132450,-1.804520,-1.664104,0.909368,0.415441,-0.020356,-0.006659
6481,0.316609,7.544939,6.509971,0.361602,0.260247,-0.112981,49.144215,-1.789997,-1.660775,0.909326,0.415538,-0.020230,-0.006684
6482,0.315060,7.515371,6.513386,-0.029018,0.313632,-0.480704,49.151588,-1.779901,-1.660071,0.909300,0.415598,-0.020148,-0.006713
6483,0.314347,7.492123,6.519332,-0.137557,0.385325,-0.682086,49.127026,-1.762897,-1.663260,0.909390,0.415406,-0.020023,-0.006805
6484,0.325601,7.521586,6.507779,-0.189584,0.115160,-0.231843,49.105755,-1.759222,-1.666427,0.909468,0.415237,-0.020004,-0.006847
6485,0.318372,7.526552,6.505346,-0.340598,-0.127565,-0.050142,49.102787,-1.772843,-1.669836,0.909477,0.415210,-0.020124,-0.006825
6486,0.309626,7.492575,6.513581,-0.247556,-0.075730,-0.237774,49.088787,-1.779432,-1.675404,0.909527,0.415097,-0.020196,-0.006848
6487,0.308762,7.510543,6.505812,-0.328507,-0.181025,-0.060757,49.070843,-1.779745,-1.681634,0.909592,0.414954,-0.020220,-0.006899
6488,0.309065,7.535659,6.501661,-0.311594,-0.194761,0.001803,49.074398,-1.783039,-1.687449,0.909578,0.414980,-0.020267,-0.006933
6489,0.304257,7.503268,6.509603,-0.091759,0.099756,-0.352233,49.079178,-1.776936,-1.692826,0.909561,0.415018,-0.020238,-0.006997
6490,0.308607,7.509057,6.526900,-0.113201,0.241686,-0.417864,49.067200,-1.760859,-1.696667,0.909605,0.414925,-0.020124,-0.007088
6491,0.316291,7.528383,6.506629,-0.023154,0.116527,-0.184361,49.066822,-1.754816,-1.698789,0.909607,0.414923,-0.020084,-0.007127
6492,0.307502,7.527831,6.518401,0.073096,0.134795,-0.237724,49.080563,-1.753513,-1.700629,0.909557,0.415032,-0.020081,-0.007144
6493,0.297858,7.522704,6.527396,-0.006239,0.191268,-0.309460,49.083126,-1.740625,-1.702539,0.909549,0.415054,-0.019986,-0.007205
6494,0.305540,7.523942,6.516928,0.120404,0.049370,0.073533,49.084160,-1.732919,-1.702058,0.909545,0.415064,-0.019923,-0.007229
6495,0.304685,7.503184,6.496235,0.231838,0.053923,0.009471,49.094460,-1.736783,-1.699986,0.909508,0.415145,-0.019947,-0.007197
6496,0.301981,7.488775,6.506945,0.143291,0.185136,-0.249916,49.095966,-1.734099,-1.699455,0.909503,0.415158,-0.019924,-0.007202
6497,0.307839,7.492767,6.512585,0.191976,0.172906,-0.086608,49.085556,-1.730418,-1.698134,0.909541,0.415076,-0.019889,-0.007207
6498,0.316692,7.482483,6.515662,0.252823,0.032449,0.096594,49.072075,-1.741116,-1.694807,0.909589,0.414968,-0.019961,-0.007144
6499,0.307263,7.482631,6.512599,0.275511,0.079685,-0.141363,49.058689,-1.751319,-1.693209,0.909637,0.414860,-0.020035,-0.007096
6500,0.298019,7.504828,6.516837,0.109073,0.134622,-0.173405,49.052723,-1.744936,-1.693571,0.909659,0.414814,-0.019986,-0.007123
6501,0.293893,7.506971,6.535315,-0.046673,0.159086,-0.269593,49.042557,-1.728129,-1.694372,0.909697,0.414736,-0.019854,-0.007192
6502,0.292195,7.505329,6.521309,-0.075769,0.200342,-0.260497,49.029171,-1.708508,-1.695298,0.909746,0.414633,-0.019701,-0.007273
6503,0.293007,7.520095,6.516951,-0.116946,0.246156,-0.291058,49.028618,-1.690571,-1.695785,0.909750,0.414631,-0.019561,-0.007342
6504,0.297496,7.523101,6.518592,-0.263332,0.343813,-0.329208,49.033417,-1.676258,-1.695469,0.909733,0.414672,-0.019446,-0.007391
6505,0.302532,7.504125,6.520535,-0.112232,0.310195,-0.152147,49.030880,-1.671128,-1.692610,0.909743,0.414653,-0.019395,-0.007387
6506,0.295239,7.509525,6.513763,-0.029824,0.160600,0.021870,49.029205,-1.673221,-1.688131,0.909749,0.414640,-0.019395,-0.007344
6507,0.297888,7.517372,6.513551,-0.151821,0.027804,0.024966,49.034691,-1.678370,-1.685498,0.909729,0.414683,-0.019427,-0.007304
6508,0.290292,7.505921,6.511150,-0.191421,0.104078,-0.011634,49.036953,-1.680508,-1.683927,0.909721,0.414701,-0.019438,-0.007283
6509,0.284475,7.505669,6.524422,-0.377594,0.165141,-0.136790,49.026360,-1.671392,-1.682130,0.909760,0.414619,-0.019359,-0.007304
6510,0.280805,7.499797,6.527020,-0.521110,0.160617,-0.342848,49.002659,-1.653032,-1.683021,0.909847,0.414434,-0.019215,-0.007381
6511,0.281764,7.506751,6.520031,-0.605068,0.192709,-0.304752,48.980488,-1.633378,-1.685562,0.909928,0.414261,-0.019066,-0.007476
6512,0.269192,7.516562,6.526167,-0.627895,0.435392,-0.587121,48.966858,-1.604830,-1.687621,0.909979,0.414157,-0.018846,-0.007598
6513,0.275483,7.511741,6.535451,-0.525606,0.559047,-0.750461,48.953426,-1.567571,-1.689923,0.910029,0.414056,-0.018558,-0.007753
6514,0.263708,7.498816,6.533340,-0.388280,0.475159,-0.639113,48.937477,-1.532486,-1.692118,0.910089,0.413935,-0.018286,-0.007900
6515,0.264109,7.516662,6.521014,-0.519424,0.391265,-0.550648,48.931767,-1.502466,-1.694509,0.910111,0.413894,-0.018056,-0.008029
6516,0.272723,7.513944,6.524912,-0.499406,0.408016,-0.613180,48.934803,-1.484147,-1.697736,0.910100,0.413921,-0.017922,-0.008120
6517,0.271207,7.485229,6.533748,-0.346775,0.354528,-0.489488,48.924988,-1.475395,-1.700341,0.910136,0.413844,-0.017862,-0.008174
6518,0.263982,7.493949,6.518775,-0.249112,0.131674,-0.356653,48.915493,-1.471032,-1.703508,0.910170,0.413769,-0.017838,-0.008216
6519,0.269888,7.499536,6.519351,-0.187958,0.088873,-0.248232,48.921139,-1.473096,-1.707693,0.910150,0.413812,-0.017870,-0.008241
6520,0.265207,7.494770,6.533135,-0.103962,0.154410,-0.213049,48.924076,-1.477431,-1.709888,0.910139,0.413835,-0.017912,-0.008242
6521,0.255754,7.508280,6.543898,-0.615145,0.033836,-0.022278,48.912312,-1.476848,-1.710106,0.910181,0.413741,-0.017908,-0.008248
6522,0.254291,7.514101,6.548316,-0.863856,-0.132478,0.234063,48.889317,-1.478587,-1.709068,0.910264,0.413558,-0.017916,-0.008237
6523,0.246307,7.494913,6.555687,-1.634489,-0.005783,0.137883,48.843163,-1.477715,-1.706614,0.910431,0.413192,-0.017897,-0.008228
6524,0.245839,7.489236,6.577623,-2.788256,0.075163,0.035570,48.751034,-1.467534,-1.703378,0.910763,0.412462,-0.017798,-0.008253
6525,0.248394,7.474761,6.598068,-4.480736,0.027916,0.069084,48.604607,-1.458985,-1.700308,0.911290,0.411300,-0.017708,-0.008282
6526,0.255111,7.453736,6.618966,-6.363975,0.265978,-0.298675,48.396603,-1.450577,-1.698494,0.912036,0.409647,-0.017620,-0.008330
6527,0.265768,7.459784,6.656380,-9.561007,0.706942,-1.069227,48.107262,-1.428208,-1.700950,0.913068,0.407346,-0.017429,-0.008474
6528,0.254237,7.397856,6.720302,-12.622325,0.784728,-1.470494,47.703495,-1.387077,-1.709965,0.914499,0.404132,-0.017103,-0.008752
6529,0.246927,7.327324,6.756967,-15.042909,0.568030,-1.229361,47.191589,-1.342869,-1.722498,0.916296,0.400048,-0.016754,-0.009083
6530,0.241785,7.252149,6.806094,-16.520477,0.406256,-0.661672,46.613605,-1.314381,-1.730906,0.918303,0.395424,-0.016508,-0.009333
6531,0.229344,7.170011,6.878361,-18.091152,0.163617,-0.090941,45.981903,-1.302719,-1.731406,0.920469,0.390358,-0.016365,-0.009468
6532,0.216275,7.042910,6.963736,-18.436687,-0.216308,0.351568,45.298672,-1.303424,-1.727332,0.922781,0.384863,-0.016300,-0.009530
6533,0.230449,6.990403,7.023041,-18.045206,-0.368880,0.612502,44.615616,-1.320089,-1.721216,0.925058,0.379354,-0.016357,-0.009523
6534,0.232979,6.934390,7.112630,-17.610802,-0.175102,0.206637,43.968033,-1.339700,-1.716545,0.927186,0.374118,-0.016447,-0.009513
6535,0.232899,6.855832,7.197284,-17.623447,0.088878,-0.949996,43.332752,-1.333958,-1.725335,0.929246,0.368972,-0.016375,-0.009694
6536,0.228367,6.781878,7.270037,-17.069963,0.223173,-1.648868,42.708290,-1.299492,-1.752321,0.931242,0.363904,-0.016128,-0.010112
6537,0.225170,6.738629,7.319245,-16.940508,0.323898,-1.949481,42.115108,-1.250835,-1.789817,0.933112,0.359081,-0.015797,-0.010653
6538,0.218117,6.691562,7.399361,-17.952234,0.746581,-2.324859,41.530052,-1.189935,-1.830905,0.934931,0.354317,-0.015372,-0.011257
6539,0.204793,6.626766,7.474343,-19.493395,1.323387,-2.590376,40.909470,-1.109060,-1.869839,0.936835,0.349256,-0.014769,-0.011905
6540,0.191377,6.530805,7.553132,-20.697369,1.765917,-2.576653,40.238110,-1.012135,-1.901727,0.938864,0.343774,-0.014000,-0.012544
6541,0.170900,6.436609,7.620703,-21.866299,2.112323,-2.785721,39.521351,-0.902387,-1.928747,0.940995,0.337909,-0.013100,-0.013177
6542,0.157321,6.333268,7.709990,-23.033739,2.402265,-2.393569,38.761417,-0.787509,-1.948031,0.943215,0.331678,-0.012123,-0.013755
6543,0.131114,6.206357,7.774640,-23.218554,2.522829,-2.063979,37.971279,-0.674907,-1.955083,0.945479,0.325183,-0.011119,-0.014216
6544,0.111420,6.087873,7.862164,-22.967014,2.368745,-1.674891,37.175331,-0.567825,-1.954491,0.947715,0.318625,-0.010132,-0.014586
6545,0.088166,6.016233,7.934091,-22.285065,2.207044,-1.027933,36.405762,-0.473365,-1.944807,0.949833,0.312268,-0.009225,-0.014831
6546,0.090454,5.914502,8.027156,-21.741850,2.202473,-0.441983,35.670067,-0.398583,-1.921440,0.951821,0.306177,-0.008446,-0.014896
6547,0.095102,5.812080,8.097973,-20.592846,2.061990,-0.197763,34.962605,-0.347822,-1.888956,0.953696,0.300305,-0.007846,-0.014810
6548,0.095350,5.691123,8.176466,-19.596495,1.710849,0.257087,34.283958,-0.320614,-1.852126,0.955462,0.294658,-0.007437,-0.014620
6549,0.089328,5.622538,8.221826,-19.161631,1.518380,0.289273,33.635002,-0.308140,-1.814209,0.957120,0.289246,-0.007154,-0.014376
6550,0.091298,5.589211,8.345574,-20.160950,1.568525,0.347399,32.997231,-0.298876,-1.776882,0.958720,0.283918,-0.006904,-0.014127
6551,0.078890,5.492955,8.412573,-22.696838,1.727031,1.043345,32.304790,-0.290137,-1.727541,0.960424,0.278124,-0.006625,-0.013776
6552,0.053180,5.364425,8.460608,-24.260777,1.878011,0.909119,31.536816,-0.267714,-1.668030,0.962273,0.271687,-0.006204,-0.013373
6553,0.040296,5.274861,8.520593,-25.345522,1.968052,0.477274,30.730179,-0.223182,-1.615167,0.964167,0.264915,-0.005612,-0.013075
6554,0.036677,5.133327,8.596292,-24.814291,1.676627,0.524560,29.917261,-0.175682,-1.570223,0.966026,0.258077,-0.005018,-0.012842
6555,0.031391,4.943378,8.591939,-22.774059,1.441638,0.349076,29.131647,-0.137115,-1.532013,0.967776,0.251454,-0.004520,-0.012638
6556,0.020682,4.843503,8.652590,-18.945448,1.205126,-0.535965,28.443474,-0.096130,-1.513524,0.969270,0.245643,-0.004058,-0.012597
6557,0.025589,4.798988,8.732074,-15.838378,0.635937,-0.506962,27.895142,-0.063134,-1.514395,0.970434,0.241006,-0.003720,-0.012693
6558,0.022559,4.718152,8.764502,-13.358283,0.382569,-0.014054,27.459993,-0.052153,-1.514229,0.971342,0.237320,-0.003578,-0.012728
6559,0.021980,4.649416,8.806586,-12.423936,0.808224,-0.000281,27.083311,-0.044109,-1.505348,0.972117,0.234127,-0.003450,-0.012681
6560,0.027249,4.618256,8.863994,-12.305932,0.884416,-0.094835,26.726730,-0.031056,-1.493960,0.972842,0.231103,-0.003277,-0.012621
6561,0.035732,4.574508,8.892929,-12.570862,0.852211,-0.050503,26.376141,-0.023727,-1.483123,0.973546,0.228126,-0.003154,-0.012554
6562,0.024812,4.486923,8.913541,-13.566767,1.422745,-0.106881,25.998137,-0.008648,-1.468641,0.974294,0.224916,-0.002956,-0.012471
6563,0.023219,4.424611,8.978728,-15.066389,1.772045,-0.482191,25.560747,0.026860,-1.454200,0.975146,0.221200,-0.002579,-0.012427
6564,0.007034,4.338829,9.005386,-15.981694,1.532367,-0.555384,25.070768,0.070886,-1.446149,0.976083,0.217033,-0.002135,-0.012453
6565,-0.009535,4.240047,9.021343,-16.971853,1.706276,-0.674383,24.539917,0.122764,-1.442031,0.977076,0.212514,-0.001628,-0.012524
6566,-0.017585,4.124952,9.061593,-17.637133,1.742877,-0.158611,23.965794,0.178291,-1.431042,0.978128,0.207622,-0.001071,-0.012539
6567,-0.017012,4.023491,9.097267,-17.553316,1.318611,0.212215,23.367584,0.217642,-1.409737,0.979200,0.202517,-0.000631,-0.012432
6568,-0.021096,3.929388,9.115729,-17.617500,1.114036,0.241251,22.770786,0.239862,-1.386846,0.980243,0.197417,-0.000337,-0.012277
6569,-0.025225,3.855824,9.176438,-17.983738,1.136816,0.416779,22.175621,0.257238,-1.362253,0.981257,0.192325,-0.000083,-0.012097
6570,-0.025812,3.762530,9.218219,-17.976080,0.656031,0.798309,21.579784,0.263433,-1.332174,0.982246,0.187221,0.000082,-0.011850
6572,-0.033529,3.668724,9.273126,-17.907393,0.622357,0.522159,20.984154,0.262951,-1.303810,0.983209,0.182113,0.000184,-0.011605
6573,-0.041533,3.572622,9.316586,-17.806681,0.822198,0.323810,20.389151,0.273957,-1.282020,0.984143,0.177006,0.000373,-0.011434
6574,-0.042433,3.465429,9.368997,-16.888132,0.842003,0.503882,19.804543,0.291486,-1.259510,0.985035,0.171985,0.000616,-0.011265
6575,-0.032011,3.360562,9.389675,-15.936084,0.980780,0.603095,19.243681,0.304446,-1.231972,0.985867,0.167162,0.000822,-0.011044
6576,-0.035254,3.273294,9.435249,-14.895540,1.485738,0.494797,18.714659,0.322939,-1.201248,0.986631,0.162611,0.001076,-0.010801
6577,-0.041934,3.184206,9.445699,-14.433308,1.670266,0.175916,18.212526,0.356630,-1.173918,0.987335,0.158288,0.001451,-0.010608
6578,-0.055585,3.082455,9.478705,-14.541825,1.841099,-0.123143,17.710257,0.403854,-1.155053,0.988019,0.153963,0.001930,-0.010502
6579,-0.060567,3.007725,9.507469,-14.278061,1.894451,0.087451,17.205776,0.457040,-1.137037,0.988686,0.149616,0.002459,-0.010407
6580,-0.068181,2.923347,9.528496,-13.870831,1.834867,0.021858,16.715836,0.507634,-1.117252,0.989316,0.145391,0.002966,-0.010290
6581,-0.076823,2.823148,9.553276,-13.945852,1.602847,-0.214640,16.224699,0.554491,-1.104249,0.989929,0.141153,0.003430,-0.010223
6582,-0.081729,2.752370,9.581188,-13.204534,1.018327,0.089045,15.741388,0.586724,-1.094442,0.990515,0.136978,0.003764,-0.010162
6583,-0.075734,2.701510,9.598166,-12.307425,0.525311,0.363750,15.301317,0.593241,-1.080343,0.991034,0.133173,0.003876,-0.010033
6584,-0.086721,2.614070,9.606364,-11.948895,0.036866,0.095228,14.890265,0.583396,-1.070474,0.991507,0.129617,0.003838,-0.009922
6585,-0.080671,2.559832,9.622747,-11.881800,-0.576685,-0.046649,14.488114,0.559829,-1.071931,0.991957,0.126134,0.003667,-0.009895
6586,-0.074097,2.492231,9.623868,-11.175273,-0.817933,0.092250,14.106327,0.519802,-1.076814,0.992373,0.122826,0.003348,-0.009883
6587,-0.066074,2.420319,9.637074,-10.902119,-0.744853,-0.374641,13.739809,0.476981,-1.087525,0.992762,0.119648,0.002997,-0.009920
6588,-0.063582,2.358192,9.650158,-10.862453,-0.835034,-0.626381,13.375796,0.438183,-1.109807,0.993137,0.116491,0.002670,-0.010064
6589,-0.055241,2.314741,9.671861,-10.625889,-0.702417,-0.780466,13.022664,0.402771,-1.138348,0.993490,0.113428,0.002366,-0.010268
6590,-0.056697,2.251091,9.677405,-10.380116,-0.533159,-0.696510,12.683078,0.374718,-1.166758,0.993821,0.110482,0.002125,-0.010481
6591,-0.054874,2.199331,9.710576,-10.531089,-0.336396,-0.731587,12.344751,0.356460,-1.192999,0.994141,0.107546,0.001973,-0.010685
6592,-0.051125,2.164076,9.735188,-10.486670,-0.080115,-0.173081,12.012675,0.344490,-1.209031,0.994447,0.104664,0.001886,-0.010807
6593,-0.045616,2.109742,9.756021,-10.120213,0.101381,0.251147,11.695201,0.334562,-1.207471,0.994734,0.101907,0.001831,-0.010780
6594,-0.043521,2.067737,9.751578,-9.636203,0.363738,0.452592,11.398058,0.328315,-1.194177,0.994996,0.099327,0.001816,-0.010654
6595,-0.048130,2.014218,9.783673,-9.172001,0.786337,0.557900,11.119888,0.334426,-1.173656,0.995236,0.096911,0.001912,-0.010476
6596,-0.047895,1.984288,9.797003,-8.735234,0.885454,0.701352,10.860448,0.350064,-1.147471,0.995455,0.094659,0.002093,-0.010257
6597,-0.047704,1.926810,9.798586,-8.728760,0.998288,0.235964,10.610372,0.368630,-1.125990,0.995660,0.092487,0.002294,-0.010081
6598,-0.051438,1.881206,9.794527,-9.225881,1.436138,-0.531558,10.347325,0.399155,-1.123179,0.995869,0.090204,0.002585,-0.010076
6599,-0.061629,1.807557,9.808974,-9.953525,1.649695,-1.033572,10.051999,0.446275,-1.139531,0.996095,0.087641,0.003008,-0.010247
6600,-0.076318,1.739169,9.788503,-10.547036,1.422301,-1.650040,9.718054,0.500855,-1.174717,0.996340,0.084744,0.003487,-0.010584
6601,-0.092501,1.683322,9.801956,-11.746383,1.367383,-2.304664,9.349366,0.559395,-1.231997,0.996600,0.081545,0.003989,-0.011113
6602,-0.100565,1.602215,9.809109,-11.911212,1.419297,-2.327559,8.951199,0.621136,-1.300894,0.996867,0.078090,0.004518,-0.011740
6603,-0.109801,1.530899,9.821519,-11.433702,1.213317,-2.144452,8.550067,0.678041,-1.368025,0.997124,0.074608,0.005010,-0.012346
6604,-0.123759,1.469168,9.853223,-11.288839,1.298796,-2.243643,8.159470,0.733212,-1.434452,0.997362,0.071217,0.005491,-0.012941
6605,-0.138994,1.420164,9.877643,-11.082870,1.826827,-2.489326,7.782413,0.802513,-1.505423,0.997578,0.067946,0.006095,-0.013582
6606,-0.147663,1.341014,9.883213,-10.208533,1.726185,-2.242135,7.424244,0.879245,-1.575823,0.997771,0.064841,0.006766,-0.014219
6607,-0.156415,1.304611,9.877235,-10.026922,1.173841,-2.564111,7.088891,0.941836,-1.649173,0.997943,0.061932,0.007313,-0.014871
6608,-0.162886,1.242358,9.879913,-9.784186,0.726754,-2.612940,6.769588,0.984771,-1.730844,0.998097,0.059162,0.007686,-0.015584
6609,-0.155006,1.183284,9.881882,-9.565895,0.143790,-2.287910,6.455124,1.001913,-1.810156,0.998243,0.056431,0.007839,-0.016262
6610,-0.142019,1.148950,9.879426,-9.764117,-0.375196,-1.920139,6.148047,0.986777,-1.879952,0.998382,0.053758,0.007718,-0.016842
6611,-0.140918,1.084576,9.874293,-10.282746,-0.427299,-2.347371,5.833244,0.956291,-1.951624,0.998518,0.051015,0.007467,-0.017432
6612,-0.144843,0.999705,9.897798,-10.191156,-0.265735,-2.269528,5.494471,0.932037,-2.029151,0.998654,0.048065,0.007274,-0.018076
6613,-0.137870,0.942552,9.894081,-10.000489,-0.214015,-2.191692,5.148601,0.913130,-2.103956,0.998784,0.045052,0.007135,-0.018698
6614,-0.138423,0.903219,9.896212,-10.221740,-0.328616,-2.213040,4.811341,0.893143,-2.177763,0.998902,0.042114,0.006988,-0.019313
6615,-0.131260,0.828527,9.913747,-10.360579,-0.482891,-2.132152,4.469398,0.868179,-2.250914,0.999012,0.039133,0.006803,-0.019922
6616,-0.125147,0.784779,9.932156,-10.255282,-0.214508,-1.204375,4.125954,0.841107,-2.307119,0.999117,0.036137,0.006609,-0.020383
6617,-0.121545,0.758605,9.923967,-10.679304,0.136275,-0.516167,3.796828,0.821833,-2.335399,0.999213,0.033266,0.006491,-0.020605
6618,-0.126600,0.685467,9.930675,-11.864702,0.735818,-0.136197,3.448258,0.820883,-2.344823,0.999308,0.030227,0.006543,-0.020667
6619,-0.137070,0.591949,9.916723,-12.403278,1.564319,0.184253,3.052059,0.850606,-2.341644,0.999405,0.026776,0.006875,-0.020623
6620,-0.152661,0.505254,9.910618,-12.487307,2.073978,0.573363,2.626064,0.910558,-2.326153,0.999496,0.023071,0.007477,-0.020474
6621,-0.171874,0.426303,9.889968,-12.310485,2.003857,0.574883,2.193098,0.985541,-2.304506,0.999574,0.019306,0.008212,-0.020269
6622,-0.185368,0.348868,9.904484,-11.070114,1.811696,0.986875,1.780990,1.059886,-2.276744,0.999636,0.015721,0.008937,-0.020008
6623,-0.194418,0.304571,9.919125,-8.932417,1.360114,1.397343,1.434785,1.121802,-2.235842,0.999681,0.012709,0.009543,-0.019630
6624,-0.192027,0.289709,9.934506,-6.449603,0.725359,1.675063,1.194118,1.158626,-2.183587,0.999711,0.010611,0.009910,-0.019158
6625,-0.190028,0.266593,9.969060,-3.636893,0.340761,1.969577,1.074402,1.168008,-2.121543,0.999731,0.009562,0.010017,-0.018607
6626,-0.185048,0.262148,9.968920,-0.209025,-0.075959,2.262570,1.082285,1.155320,-2.049481,0.999743,0.009623,0.009911,-0.017978
6627,-0.176501,0.274025,9.962902,1.847168,-0.636178,1.788027,1.195726,1.119572,-1.980515,0.999747,0.010601,0.009588,-0.017383
6628,-0.172756,0.296506,9.955326,3.306788,-1.133852,1.163944,1.374529,1.064523,-1.930220,0.999741,0.012149,0.009086,-0.016953
6629,-0.174764,0.320785,9.954390,4.093458,-1.423931,0.504763,1.588310,1.004210,-1.901867,0.999726,0.014003,0.008531,-0.016715
6630,-0.165811,0.367149,9.936007,4.307920,-1.570509,-0.380256,1.819921,0.944349,-1.899671,0.999700,0.016015,0.007975,-0.016705
6631,-0.156732,0.386928,9.926847,3.841770,-1.739961,-1.114211,2.041492,0.881845,-1.924991,0.999668,0.017941,0.007394,-0.016932
6632,-0.163703,0.394084,9.886817,3.701929,-1.721628,-1.468217,2.226427,0.828119,-1.969196,0.999635,0.019549,0.006890,-0.017320
6633,-0.162023,0.444861,9.920952,3.201910,-1.265232,-1.578082,2.394099,0.796237,-2.021108,0.999600,0.021010,0.006577,-0.017777
6634,-0.141118,0.466563,9.938513,3.095624,-1.040819,-1.423959,2.556527,0.771268,-2.071898,0.999562,0.022426,0.006324,-0.018225
6635,-0.137208,0.457236,9.908480,3.062370,-1.115557,-1.126402,2.693343,0.740760,-2.115517,0.999530,0.023616,0.006028,-0.018607
6636,-0.130189,0.493979,9.900929,2.510192,-0.886642,-1.213378,2.808482,0.712314,-2.155763,0.999501,0.024618,0.005752,-0.018958
6637,-0.124150,0.524589,9.935190,1.909291,-0.531089,-1.159967,2.916189,0.691998,-2.196014,0.999472,0.025556,0.005548,-0.019310
6638,-0.116375,0.496250,9.905152,1.685118,-0.547888,-1.022631,2.990860,0.674346,-2.233083,0.999449,0.026206,0.005373,-0.019633
6639,-0.118374,0.498966,9.882575,1.170758,-0.628769,-0.973803,3.024446,0.655710,-2.267503,0.999437,0.026498,0.005197,-0.019930
6640,-0.114762,0.511512,9.902976,0.729626,-0.665376,-0.871568,3.040351,0.637483,-2.299538,0.999428,0.026635,0.005028,-0.020206
6641,-0.108534,0.506837,9.916596,0.607400,-0.788980,-0.664043,3.045647,0.614280,-2.326570,0.999424,0.026678,0.004818,-0.020437
6642,-0.101597,0.493567,9.913982,0.454550,-0.854627,-0.601482,3.034691,0.584458,-2.349395,0.999424,0.026578,0.004555,-0.020628
6643,-0.094406,0.512604,9.920575,0.178131,-0.779913,-0.673200,3.020047,0.552157,-2.372311,0.999424,0.026446,0.004270,-0.020820
6644,-0.090351,0.506680,9.910902,0.304640,-0.575498,-0.689983,3.012264,0.524333,-2.396343,0.999423,0.026374,0.004023,-0.021023
6645,-0.095405,0.508616,9.918880,0.258722,-0.325250,-0.709821,3.005826,0.510154,-2.420576,0.999421,0.026316,0.003895,-0.021231
6646,-0.097032,0.529310,9.937118,0.345670,-0.088670,-0.584699,3.012619,0.511230,-2.442514,0.999415,0.026376,0.003898,-0.021423
6647,-0.092941,0.545042,9.928720,0.768495,0.060932,-0.525190,3.046854,0.518420,-2.460868,0.999403,0.026676,0.003951,-0.021586
6648,-0.098386,0.560105,9.917138,1.192966,0.080830,-0.564865,3.108274,0.528481,-2.478618,0.999385,0.027215,0.004022,-0.021745
6649,-0.106871,0.559297,9.941689,1.612842,-0.033502,-0.538927,3.182123,0.542701,-2.496683,0.999363,0.027862,0.004128,-0.021909
6650,-0.104917,0.587173,9.928163,1.973222,-0.095942,-0.564873,3.270514,0.555162,-2.514882,0.999337,0.028636,0.004215,-0.022074
6651,-0.100744,0.586453,9.913419,2.000953,-0.298817,-0.506889,3.365682,0.557674,-2.532800,0.999310,0.029467,0.004214,-0.022234
6652,-0.100731,0.592515,9.914971,1.688279,-0.484937,-0.459587,3.442520,0.550121,-2.549496,0.999287,0.030136,0.004129,-0.022381
6653,-0.102315,0.585620,9.915200,1.520421,-0.437582,-0.259693,3.495127,0.541313,-2.562393,0.999271,0.030594,0.004039,-0.022493
6654,-0.104752,0.616686,9.920868,0.780347,-0.306266,-0.088795,3.533360,0.538694,-2.568945,0.999259,0.030927,0.004006,-0.022550
6655,-0.092244,0.608236,9.943527,0.124223,-0.271125,0.016491,3.551063,0.534141,-2.570713,0.999254,0.031080,0.003963,-0.022565
6656,-0.089248,0.588296,9.929530,0.061499,-0.138393,0.010387,3.536429,0.524711,-2.570852,0.999259,0.030951,0.003883,-0.022563
6657,-0.082510,0.589393,9.918081,-0.077607,-0.095724,0.132463,3.509048,0.514347,-2.568964,0.999267,0.030710,0.003799,-0.022543
6658,-0.081728,0.597585,9.922414,-0.386009,0.004910,-0.137623,3.483161,0.504390,-2.569304,0.999274,0.030482,0.003717,-0.022543
6659,-0.084068,0.578095,9.937963,-0.346516,0.088783,-0.256643,3.451048,0.500497,-2.575941,0.999282,0.030202,0.003688,-0.022599
6660,-0.098652,0.569764,9.917834,0.182716,-0.074452,-0.072011,3.419202,0.505457,-2.581649,0.999289,0.029925,0.003736,-0.022649
6661,-0.103501,0.589059,9.927823,0.013183,-0.274216,-0.023191,3.405336,0.514350,-2.583733,0.999291,0.029806,0.003816,-0.022669
6662,-0.113288,0.591975,9.938966,0.107773,-0.006989,-0.238357,3.405444,0.530862,-2.588381,0.999290,0.029810,0.003958,-0.022713
6663,-0.102419,0.592315,9.924341,0.431281,-0.084647,0.132433,3.415632,0.547492,-2.590221,0.999286,0.029903,0.004101,-0.022734
6664,-0.086371,0.600312,9.891836,0.332152,-0.424919,0.208729,3.434578,0.539703,-2.584992,0.999282,0.030066,0.004031,-0.022687
6665,-0.077334,0.603352,9.919588,-0.287288,-0.132060,-0.296344,3.444782,0.517508,-2.586918,0.999280,0.030151,0.003834,-0.022698
6666,-0.061572,0.600098,9.927232,-0.168216,-0.017828,-0.342109,3.442652,0.492127,-2.597638,0.999280,0.030128,0.003611,-0.022785
6667,-0.030081,0.582681,9.930255,-0.101133,-0.836125,0.231663,3.431723,0.433879,-2.600378,0.999285,0.030021,0.003104,-0.022794
6668,-0.037143,0.552662,9.917062,-0.469153,-1.509506,0.138605,3.392313,0.345126,-2.596757,0.999299,0.029660,0.002339,-0.022738
6669,-0.056187,0.563504,9.905002,-0.477098,-1.566165,-0.047547,3.341861,0.271842,-2.598464,0.999313,0.029205,0.001709,-0.022733
6670,-0.066232,0.584339,9.899348,-0.291019,-1.465379,0.321721,3.319903,0.229404,-2.596896,0.999320,0.029005,0.001344,-0.022709
6671,-0.082668,0.576925,9.916299,-0.187217,-0.810459,0.336964,3.316191,0.223741,-2.588120,0.999323,0.028972,0.001298,-0.022631
6672,-0.090553,0.584970,9.923367,-0.141384,0.128439,0.094315,3.316902,0.261991,-2.581578,0.999323,0.028985,0.001633,-0.022583
6673,-0.076606,0.593827,9.937096,0.124260,0.868910,0.233152,3.331351,0.322002,-2.575095,0.999319,0.029123,0.002155,-0.022542
6675,-0.056358,0.581329,9.958941,0.069421,1.093371,0.346063,3.344943,0.370643,-2.563497,0.999317,0.029251,0.002579,-0.022454
6676,-0.042469,0.555476,9.934913,0.195960,0.742305,0.364379,3.337041,0.389091,-2.549975,0.999321,0.029185,0.002745,-0.022340
6677,-0.043234,0.575769,9.926296,-0.130723,0.117979,0.257577,3.323340,0.378415,-2.538887,0.999327,0.029063,0.002658,-0.022240
6678,-0.060047,0.582806,9.946942,-0.380964,-0.297216,0.169081,3.316003,0.359154,-2.531950,0.999330,0.028996,0.002493,-0.022175
6679,-0.068534,0.588239,9.948342,-0.660127,-0.544414,0.027171,3.307631,0.345120,-2.529438,0.999334,0.028920,0.002373,-0.022149
6680,-0.077192,0.581671,9.914219,-0.524222,-0.403917,-0.036924,3.298702,0.341732,-2.530445,0.999336,0.028841,0.002345,-0.022157
6681,-0.072267,0.587424,9.924779,-0.626342,-0.126053,-0.062873,3.292220,0.349045,-2.532540,0.999337,0.028786,0.002409,-0.022177
6682,-0.067766,0.562510,9.928052,-0.255511,0.087673,0.178219,3.281124,0.358942,-2.530638,0.999340,0.028691,0.002498,-0.022163
6683,-0.070537,0.556221,9.901265,0.063311,0.464651,0.010362,3.267385,0.376202,-2.527042,0.999343,0.028575,0.002652,-0.022135
6684,-0.065077,0.565137,9.930264,0.304345,0.487579,0.121751,3.266569,0.396253,-2.523983,0.999343,0.028571,0.002828,-0.022114
6685,-0.052648,0.573195,9.950474,0.658376,0.017515,0.379638,3.284521,0.395478,-2.515146,0.999340,0.028728,0.002820,-0.022037
6686,-0.059240,0.580524,9.934551,0.771370,-0.202341,0.252994,3.316674,0.378227,-2.504746,0.999335,0.029004,0.002666,-0.021943
6687,-0.066915,0.572866,9.925392,0.609661,-0.222217,-0.004885,3.343965,0.366614,-2.501003,0.999329,0.029240,0.002560,-0.021908
6688,-0.066603,0.584281,9.925853,0.423507,-0.469396,-0.015568,3.362227,0.357379,-2.502010,0.999324,0.029398,0.002476,-0.021914
6689,-0.077288,0.587899,9.906250,0.202297,-0.135131,-0.342121,3.378018,0.357390,-2.508518,0.999319,0.029536,0.002472,-0.021971
6690,-0.083915,0.562766,9.925468,-0.130437,0.322826,-0.558814,3.370064,0.381111,-2.523380,0.999318,0.029471,0.002676,-0.022107
6691,-0.075926,0.571953,9.919206,-0.139762,0.290934,-0.630542,3.346834,0.409254,-2.542696,0.999319,0.029274,0.002921,-0.022282
6692,-0.060014,0.596313,9.914015,-0.219089,0.330603,-0.642749,3.343024,0.420254,-2.563260,0.999315,0.029244,0.003013,-0.022464
6693,-0.055738,0.584161,9.929063,-0.351745,0.357935,-0.642740,3.344294,0.418090,-2.583900,0.999311,0.029255,0.002988,-0.022644
6694,-0.057427,0.572057,9.950510,-0.154925,-0.209865,-0.392480,3.332980,0.404403,-2.601000,0.999311,0.029154,0.002867,-0.022789
6695,-0.051153,0.597700,9.938875,0.135046,-0.773096,-0.119329,3.337585,0.370392,-2.610434,0.999309,0.029188,0.002567,-0.022863
6696,-0.057707,0.588368,9.936971,0.223682,-0.941072,0.117197,3.358171,0.328281,-2.612044,0.999305,0.029359,0.002195,-0.022866
6697,-0.065637,0.579672,9.929978,0.350362,-1.040247,0.103463,3.370835,0.296159,-2.610290,0.999303,0.029463,0.001913,-0.022843
6698,-0.066959,0.587567,9.930779,0.452597,-0.855494,0.115663,3.384036,0.277170,-2.608505,0.999300,0.029574,0.001745,-0.022823
6699,-0.056628,0.578446,9.912792,0.791328,-0.409809,-0.036935,3.402090,0.268788,-2.608453,0.999296,0.029730,0.001668,-0.022821
6700,-0.057939,0.579399,9.902764,0.928580,0.061798,-0.267357,3.421746,0.273882,-2.613900,0.999290,0.029903,0.001707,-0.022870
6701,-0.048453,0.582059,9.941611,1.096328,0.087798,-0.200220,3.444032,0.283322,-2.621582,0.999282,0.030099,0.001783,-0.022939
6702,-0.035162,0.583361,9.958479,1.129764,-0.179302,-0.365016,3.466187,0.275357,-2.631150,0.999275,0.030291,0.001707,-0.023021
6703,-0.035182,0.583311,9.951368,1.201312,-0.835579,-0.513025,3.486352,0.245197,-2.646878,0.999267,0.030461,0.001436,-0.023151
6704,-0.035330,0.607884,9.937210,0.722091,-1.647467,-0.496234,3.509411,0.194374,-2.666240,0.999258,0.030652,0.000983,-0.023306
6705,-0.029811,0.617174,9.918972,0.322352,-1.874883,-0.676290,3.532734,0.131077,-2.689332,0.999248,0.030842,0.000420,-0.023491
6706,-0.029426,0.622254,9.894987,0.012687,-1.545269,-0.766321,3.548960,0.077177,-2.716819,0.999239,0.030973,-0.000061,-0.023716
6707,-0.033817,0.628563,9.876938,-0.051270,-1.154502,-0.554225,3.562774,0.048076,-2.741549,0.999230,0.031087,-0.000324,-0.023924
6708,-0.023147,0.641769,9.872161,-0.244855,-0.438672,-0.480991,3.580654,0.041403,-2.760395,0.999222,0.031242,-0.000391,-0.024086
6709,-0.014294,0.645067,9.887136,-0.194242,0.423581,-0.433693,3.601636,0.053771,-2.775599,0.999212,0.031427,-0.000292,-0.024222
6710,-0.014800,0.637097,9.914138,-0.120808,1.084367,-0.296364,3.617219,0.086296,-2.786143,0.999206,0.031570,-0.000015,-0.024323
6711,-0.019112,0.632275,9.935761,-0.145141,1.302621,-0.371136,3.621861,0.131770,-2.794725,0.999202,0.031620,0.000378,-0.024410
6712,-0.020570,0.624225,9.953829,-0.013919,0.991340,-0.265848,3.618321,0.171522,-2.802911,0.999200,0.031598,0.000723,-0.024493
6713,-0.020210,0.619262,9.958787,0.086715,0.329031,-0.091889,3.610946,0.187528,-2.807498,0.999201,0.031537,0.000863,-0.024537
6714,-0.024228,0.602801,9.945618,0.234560,-0.174610,-0.024744,3.597721,0.180715,-2.809333,0.999204,0.031420,0.000806,-0.024551
6715,-0.032325,0.599036,9.928489,0.255683,-0.890305,0.077495,3.579541,0.159030,-2.809651,0.999210,0.031257,0.000621,-0.024548
6716,-0.036535,0.612255,9.916211,0.189910,-1.343457,0.040869,3.569423,0.126989,-2.810057,0.999213,0.031162,0.000344,-0.024543
6717,-0.038669,0.634337,9.900817,0.177744,-1.170905,-0.085790,3.580131,0.098778,-2.813410,0.999210,0.031249,0.000094,-0.024564
6718,-0.030114,0.631530,9.891941,0.220610,-0.798436,-0.104110,3.602280,0.081950,-2.818591,0.999203,0.031439,-0.000058,-0.024605
6719,-0.028508,0.633908,9.894736,0.060502,-0.302379,-0.186518,3.619443,0.078435,-2.824556,0.999197,0.031588,-0.000094,-0.024656
6720,-0.016609,0.658335,9.910561,-0.157502,0.106652,-0.329960,3.640214,0.084906,-2.833320,0.999189,0.031770,-0.000045,-0.024734
6721,-0.005799,0.655582,9.903292,-0.051940,0.269898,-0.268920,3.666789,0.088684,-2.842838,0.999180,0.032003,-0.000020,-0.024818
6722,-0.011919,0.626803,9.898548,-0.169349,0.358343,-0.241450,3.672590,0.093145,-2.850645,0.999176,0.032054,0.000015,-0.024887
6723,-0.019841,0.628970,9.914186,-0.395258,0.556714,-0.294857,3.655278,0.109069,-2.858603,0.999179,0.031907,0.000156,-0.024961
6724,-0.016356,0.636142,9.931946,-0.457848,0.521623,-0.302488,3.638016,0.128223,-2.867401,0.999182,0.031760,0.000324,-0.025043
6725,-0.019022,0.605588,9.913531,-0.116152,0.381210,-0.201775,3.616257,0.140711,-2.874863,0.999186,0.031573,0.000435,-0.025112
6726,-0.024985,0.606617,9.927400,-0.110266,0.121790,-0.119375,3.588466,0.148014,-2.879733,0.999192,0.031333,0.000504,-0.025156
6727,-0.015766,0.613792,9.946589,-0.191288,-0.099514,-0.146839,3.567222,0.143698,-2.884179,0.999197,0.031147,0.000470,-0.025193
6728,-0.022857,0.621121,9.931983,0.036038,-0.307098,-0.131576,3.560402,0.130855,-2.889241,0.999198,0.031084,0.000358,-0.025234
6729,-0.027394,0.604728,9.930131,0.046666,-0.426108,-0.163622,3.555879,0.120322,-2.894923,0.999198,0.031043,0.000265,-0.025281
6730,-0.034183,0.612902,9.952885,-0.604995,-0.537415,-0.418457,3.536695,0.114336,-2.905622,0.999201,0.030874,0.000215,-0.025372
6731,-0.029352,0.625689,9.920406,-0.452369,-0.509839,-0.569530,3.522722,0.109931,-2.923129,0.999201,0.030751,0.000175,-0.025524
6732,-0.018377,0.633088,9.899742,0.026946,-0.294641,-0.326910,3.534722,0.102150,-2.938830,0.999195,0.030854,0.000100,-0.025659
6733,-0.009525,0.612864,9.912844,-0.032449,-0.117676,-0.368107,3.547394,0.091334,-2.950793,0.999189,0.030962,-0.000001,-0.025760
6734,-0.008342,0.622834,9.903925,0.323136,-0.133011,-0.233822,3.557189,0.079500,-2.961058,0.999184,0.031045,-0.000109,-0.025846
6735,-0.000965,0.617453,9.896238,0.930507,-0.099537,0.114096,3.583954,0.065023,-2.963284,0.999176,0.031275,-0.000242,-0.025862
6736,-0.007112,0.595737,9.903407,0.962446,0.103329,0.194975,3.603733,0.055792,-2.958158,0.999172,0.031445,-0.000325,-0.025814
6737,-0.023127,0.616853,9.921384,0.499934,0.066752,0.022542,3.610924,0.063303,-2.954381,0.999171,0.031510,-0.000260,-0.025784
6738,-0.018960,0.619084,9.912658,0.539539,0.036336,0.117143,3.620624,0.076199,-2.951955,0.999169,0.031597,-0.000149,-0.025766
6739,-0.014064,0.627334,9.914173,0.284678,0.086734,0.185807,3.630958,0.082601,-2.946789,0.999167,0.031689,-0.000094,-0.025723
6740,-0.017236,0.633717,9.920247,0.127528,0.178307,0.074414,3.640055,0.088720,-2.942177,0.999165,0.031770,-0.000042,-0.025684
6741,-0.019877,0.628641,9.934189,-0.197490,0.126461,-0.087337,3.639349,0.097693,-2.942069,0.999165,0.031765,0.000037,-0.025686
6742,-0.013928,0.614385,9.943127,-0.289148,0.034912,-0.043086,3.619987,0.101258,-2.944087,0.999170,0.031597,0.000072,-0.025704
6743,-0.019983,0.641520,9.928734,-0.280014,0.062376,-0.007989,3.608057,0.102584,-2.944839,0.999173,0.031494,0.000086,-0.025711
6744,-0.029713,0.633428,9.929781,-0.344005,0.164681,-0.047667,3.608548,0.113966,-2.945507,0.999173,0.031500,0.000185,-0.025720
6745,-0.030424,0.633121,9.920973,-0.417178,0.025930,-0.012577,3.603638,0.129107,-2.946295,0.999174,0.031461,0.000317,-0.025731
6746,-0.025516,0.635415,9.936239,-0.443038,0.039729,0.083552,3.598316,0.137377,-2.945027,0.999175,0.031416,0.000391,-0.025722
6747,-0.029248,0.627086,9.920164,-0.195775,0.128274,0.022512,3.594469,0.144547,-2.943072,0.999177,0.031385,0.000455,-0.025707
6748,-0.027044,0.611675,9.923856,-0.302631,-0.100580,0.022510,3.581702,0.148857,-2.942306,0.999180,0.031274,0.000496,-0.025702
6749,-0.026770,0.608484,9.916036,-0.325634,-0.208907,-0.081254,3.558612,0.145313,-2.943638,0.999186,0.031072,0.000470,-0.025712
6750,-0.027211,0.610711,9.919637,-0.162448,-0.074611,-0.037003,3.540771,0.142285,-2.945923,0.999191,0.030916,0.000447,-0.025731
6751,-0.021513,0.616162,9.901050,0.153405,-0.031890,0.045397,3.539216,0.139912,-2.945897,0.999191,0.030902,0.000426,-0.025730
6752,-0.022488,0.626902,9.908478,-0.142540,-0.050224,0.034717,3.548684,0.135881,-2.944627,0.999189,0.030983,0.000389,-0.025718
6753,-0.024338,0.620650,9.918461,-0.095141,0.050482,-0.003431,3.555079,0.135331,-2.944081,0.999187,0.031039,0.000383,-0.025713
6754,-0.024370,0.618816,9.922562,-0.017281,0.169512,-0.003431,3.557374,0.139873,-2.943958,0.999187,0.031060,0.000422,-0.025714
6755,-0.018404,0.638594,9.938771,-0.186549,0.218318,-0.029371,3.566123,0.143711,-2.944072,0.999184,0.031137,0.000454,-0.025716
6756,-0.024678,0.623640,9.931101,-0.267301,0.315947,-0.154495,3.571948,0.149525,-2.946544,0.999182,0.031189,0.000502,-0.025739
6757,-0.024166,0.606759,9.928740,-0.070497,0.367818,-0.168227,3.561930,0.160138,-2.951216,0.999183,0.031104,0.000596,-0.025782
6758,-0.027819,0.611918,9.927577,-0.137728,0.268625,-0.185012,3.548393,0.170153,-2.956461,0.999186,0.030989,0.000685,-0.025831
6759,-0.037007,0.617676,9.927277,-0.270503,0.320542,-0.284199,3.539475,0.184391,-2.963665,0.999186,0.030914,0.000809,-0.025897
6760,-0.042355,0.593452,9.922777,-0.230917,0.370983,-0.311672,3.521472,0.205926,-2.972900,0.999188,0.030762,0.000999,-0.025983
6761,-0.035085,0.604648,9.923004,-0.212731,0.267267,-0.090416,3.500178,0.222088,-2.978987,0.999192,0.030580,0.001143,-0.026041
6762,-0.032752,0.599984,9.915224,-0.315029,0.314540,-0.108726,3.484782,0.228587,-2.981733,0.999196,0.030447,0.001202,-0.026066
6763,-0.039187,0.604582,9.907866,-0.301320,0.544924,-0.169761,3.471721,0.239906,-2.985507,0.999198,0.030336,0.001303,-0.026102
6764,-0.032964,0.619561,9.936262,-0.420256,0.393815,0.002672,3.469161,0.250871,-2.987300,0.999198,0.030316,0.001399,-0.026120
6765,-0.038772,0.614563,9.919539,-0.259890,0.474624,0.005729,3.473625,0.258202,-2.986216,0.999197,0.030357,0.001462,-0.026113
6766,-0.045495,0.610567,9.915691,-0.325400,0.549375,-0.050729,3.475423,0.273159,-2.985879,0.999196,0.030376,0.001592,-0.026114
6767,-0.049504,0.619013,9.919575,-0.404627,0.593641,-0.029366,3.476579,0.293759,-2.985995,0.999195,0.030391,0.001771,-0.026120
6768,-0.050808,0.605804,9.931753,-0.369440,0.662317,-0.024789,3.473702,0.315718,-2.985578,0.999195,0.030370,0.001963,-0.026123
6769,-0.050995,0.588897,9.893830,-0.113129,0.640935,0.028620,3.460769,0.335367,-2.984228,0.999198,0.030262,0.002138,-0.026116
6770,-0.050698,0.584079,9.903126,-0.276531,0.636304,0.001155,3.440279,0.350767,-2.982531,0.999204,0.030087,0.002277,-0.026105
6771,-0.066322,0.589003,9.901023,-0.211017,0.753792,-0.137704,3.421034,0.373093,-2.983480,0.999208,0.029924,0.002476,-0.026118
6772,-0.078430,0.588544,9.918639,-0.146979,0.740152,-0.059888,3.409459,0.408366,-2.985321,0.999209,0.029831,0.002786,-0.026143
6773,-0.086271,0.592466,9.935237,-0.172938,0.631950,-0.024800,3.402106,0.446624,-2.985386,0.999210,0.029776,0.003121,-0.026153
6774,-0.099060,0.603244,9.930281,-0.107258,0.571090,-0.050750,3.404533,0.486159,-2.985398,0.999207,0.029806,0.003465,-0.026164
6775,-0.108342,0.612512,9.916112,0.069919,0.809353,0.027061,3.422648,0.533211,-2.984262,0.999201,0.029974,0.003872,-0.026167
6776,-0.098753,0.613157,9.932552,0.073171,0.992609,0.216269,3.447086,0.578894,-2.978211,0.999193,0.030198,0.004266,-0.026127
6778,-0.112903,0.606938,9.930622,-0.006044,1.023216,0.051465,3.462957,0.621935,-2.971588,0.999188,0.030345,0.004640,-0.026081
6779,-0.131064,0.598647,9.926215,-0.051788,1.211075,-0.008057,3.465577,0.677802,-2.968580,0.999185,0.030381,0.005127,-0.026069
6780,-0.131749,0.595323,9.935610,-0.120496,1.374526,-0.090469,3.458293,0.740507,-2.967670,0.999184,0.030331,0.005676,-0.026078
6781,-0.132477,0.583870,9.930683,-0.074826,1.276953,-0.079793,3.443109,0.794233,-2.967997,0.999184,0.030211,0.006147,-0.026094
6782,-0.138718,0.583811,9.888635,-0.198557,1.447881,-0.333100,3.424023,0.842776,-2.972341,0.999185,0.030056,0.006574,-0.026143
6783,-0.129915,0.590945,9.886248,-0.345103,1.826242,-0.148460,3.408691,0.890102,-2.977187,0.999184,0.029933,0.006989,-0.026197
6784,-0.123638,0.603066,9.905131,-0.462540,1.751250,-0.021794,3.401854,0.925267,-2.976371,0.999183,0.029881,0.007297,-0.026198
6785,-0.135610,0.602776,9.946970,-0.644006,1.477841,-0.032457,3.396410,0.949537,-2.973873,0.999184,0.029839,0.007511,-0.026182
6786,-0.143116,0.612034,9.977059,-0.836123,0.960323,0.043855,3.388278,0.964895,-2.971005,0.999185,0.029771,0.007647,-0.026161
6787,-0.161561,0.584515,10.003661,-0.727724,0.081249,0.341419,3.368726,0.966220,-2.963462,0.999192,0.029601,0.007665,-0.026094
6788,-0.158936,0.562838,9.975080,-0.338767,-0.947305,0.509273,3.334347,0.942177,-2.950430,0.999205,0.029295,0.007467,-0.025972
6789,-0.140874,0.546608,9.917363,-0.155920,-1.667696,0.597782,3.297123,0.880694,-2.935009,0.999223,0.028955,0.006943,-0.025820
6790,-0.139437,0.534382,9.878615,-0.189808,-1.771628,0.545906,3.256727,0.803788,-2.919796,0.999242,0.028585,0.006285,-0.025666
6791,-0.139887,0.538520,9.872332,-0.376250,-1.721327,0.304808,3.216716,0.738780,-2.909374,0.999259,0.028221,0.005730,-0.025557
6792,-0.127136,0.558681,9.891555,-0.577771,-1.487859,0.197992,3.190022,0.685206,-2.904149,0.999269,0.027977,0.005270,-0.025497
6793,-0.137520,0.556960,9.907157,-0.820357,-0.778215,-0.117879,3.170707,0.657069,-2.904866,0.999276,0.027802,0.005029,-0.025495
6794,-0.152599,0.547069,9.915341,-0.869174,0.053690,-0.423079,3.143806,0.675953,-2.914525,0.999279,0.027572,0.005197,-0.025583
6795,-0.134045,0.542639,9.947260,-0.768490,0.458326,-0.291865,3.113257,0.714299,-2.926009,0.999281,0.027315,0.005536,-0.025691
6796,-0.124209,0.535077,9.937334,-0.467927,0.536228,-0.096551,3.087770,0.739975,-2.931643,0.999285,0.027098,0.005764,-0.025745
6797,-0.124867,0.522782,9.928313,-0.466488,0.322582,-0.203366,3.062540,0.752737,-2.935989,0.999289,0.026881,0.005880,-0.025784
6798,-0.119152,0.528804,9.925029,-0.475716,0.113458,-0.284237,3.038823,0.752515,-2.943819,0.999293,0.026675,0.005881,-0.025851
6799,-0.120531,0.526149,9.931999,-0.544398,-0.168941,-0.177417,3.019967,0.740623,-2.951571,0.999296,0.026508,0.005780,-0.025915
6800,-0.132579,0.538144,9.915726,-0.648095,-0.352081,-0.221667,3.007346,0.729192,-2.958574,0.999298,0.026396,0.005682,-0.025973
6801,-0.132872,0.514007,9.926743,-0.626695,-0.194860,-0.291862,2.989955,0.726123,-2.967548,0.999300,0.026244,0.005657,-0.026050
6802,-0.131220,0.503242,9.913784,-0.411645,-0.103248,-0.181999,2.960883,0.727794,-2.975844,0.999305,0.025991,0.005676,-0.026121
6803,-0.116324,0.505069,9.901156,-0.361394,-0.239075,-0.244562,2.936475,0.720231,-2.983383,0.999309,0.025777,0.005614,-0.026184
6804,-0.101137,0.527512,9.923913,-0.437636,-0.109533,-0.209457,2.929071,0.697151,-2.991162,0.999310,0.025708,0.005413,-0.026246
6805,-0.110996,0.517108,9.910865,-0.316950,-0.207353,-0.050750,2.931467,0.674358,-2.995576,0.999310,0.025724,0.005212,-0.026280
6806,-0.127838,0.529184,9.902939,-0.293908,-0.280590,-0.066009,2.938219,0.667053,-2.997735,0.999308,0.025781,0.005147,-0.026297
6807,-0.110586,0.536917,9.947097,-0.263157,0.107023,0.037756,2.954483,0.667228,-2.998054,0.999305,0.025923,0.005144,-0.026301
6808,-0.104594,0.523740,9.960491,-0.006629,0.216808,0.281911,2.969019,0.663410,-2.992235,0.999303,0.026049,0.005109,-0.026250
6809,-0.122282,0.514360,9.914884,0.033091,-0.245567,0.167467,2.974693,0.660327,-2.984721,0.999304,0.026097,0.005083,-0.026184
6810,-0.129299,0.529457,9.912793,-0.078232,-0.514024,0.024026,2.981609,0.659267,-2.982102,0.999303,0.026157,0.005072,-0.026161
6811,-0.125435,0.527899,9.912384,0.051597,-0.471172,0.188820,2.994902,0.656491,-2.979255,0.999300,0.026272,0.005046,-0.026136
6812,-0.139209,0.517691,9.904808,0.083695,-0.249736,0.062160,3.003057,0.663739,-2.975636,0.999299,0.026345,0.005108,-0.026107
6813,-0.139515,0.499801,9.910387,0.068336,-0.080118,-0.044669,2.994690,0.684763,-2.975759,0.999300,0.026276,0.005293,-0.026112
6814,-0.120682,0.499921,9.909403,0.178018,0.171788,-0.232366,2.978338,0.700634,-2.980535,0.999301,0.026138,0.005434,-0.026157
6815,-0.102245,0.482250,9.894715,-0.003813,0.478418,-0.565017,2.954075,0.703234,-2.993574,0.999304,0.025927,0.005459,-0.026270
6816,-0.102871,0.486123,9.901202,-0.718222,0.502652,-0.993797,2.911363,0.700911,-3.019046,0.999308,0.025555,0.005443,-0.026489
6817,-0.116173,0.495925,9.908168,-1.138009,0.421661,-1.279140,2.862624,0.705494,-3.056307,0.999309,0.025133,0.005486,-0.026813
6818,-0.134306,0.508774,9.914557,-1.257006,0.395754,-1.273038,2.824842,0.724842,-3.098083,0.999307,0.024810,0.005655,-0.027180
6819,-0.149095,0.496553,9.938539,-1.456811,0.243330,-1.042630,2.789238,0.755994,-3.135994,0.999303,0.024509,0.005927,-0.027515
6820,-0.151652,0.494733,9.951752,-1.349919,0.347301,-0.958713,2.750466,0.790311,-3.168745,0.999301,0.024181,0.006229,-0.027806
6821,-0.148296,0.483700,9.945813,-1.134688,0.489361,-0.792393,2.716960,0.822030,-3.197134,0.999299,0.023898,0.006507,-0.028058
6822,-0.148145,0.481665,9.937144,-1.186493,0.408565,-0.587922,2.686373,0.846680,-3.219297,0.999299,0.023638,0.006725,-0.028255
6823,-0.147782,0.485137,9.933408,-1.236709,0.552032,-0.507047,2.661100,0.866799,-3.236559,0.999298,0.023424,0.006903,-0.028408
6824,-0.147299,0.471795,9.938026,-1.068719,0.738184,-0.235430,2.637772,0.887574,-3.247701,0.999299,0.023226,0.007088,-0.028508
6825,-0.152351,0.467489,9.952165,-0.993859,0.469596,0.059077,2.613313,0.905058,-3.249562,0.999302,0.023017,0.007246,-0.028526
6826,-0.144826,0.459553,9.944969,-0.635196,0.246742,0.208621,2.593946,0.909161,-3.244440,0.999307,0.022849,0.007288,-0.028481
6827,-0.130977,0.448630,9.925845,-0.351352,0.141265,0.353593,2.580074,0.894523,-3.234744,0.999313,0.022724,0.007166,-0.028392
6828,-0.131235,0.434937,9.932379,-0.421609,-0.182474,0.532136,2.560199,0.866392,-3.220131,0.999322,0.022543,0.006928,-0.028258
6829,-0.125450,0.445377,9.928242,-0.464389,-0.577924,0.423805,2.539759,0.827224,-3.204859,0.999333,0.022354,0.006595,-0.028116
6830,-0.123870,0.425110,9.921450,-0.618573,-0.594922,0.231547,2.514707,0.783769,-3.194903,0.999343,0.022125,0.006224,-0.028020
6831,-0.128926,0.423696,9.932929,-0.870483,-0.553849,0.182721,2.475444,0.750281,-3.189031,0.999354,0.021774,0.005942,-0.027960
6832,-0.138097,0.419100,9.916265,-0.704263,-0.825459,0.326156,2.437604,0.727507,-3.181695,0.999365,0.021438,0.005754,-0.027890
6833,-0.128033,0.427905,9.916306,-0.844667,-1.042092,0.147621,2.409848,0.701428,-3.175153,0.999373,0.021189,0.005535,-0.027827
6834,-0.125341,0.421516,9.944447,-0.792742,-0.909310,-0.044647,2.387197,0.671757,-3.174744,0.999379,0.020985,0.005282,-0.027817
6835,-0.123554,0.409071,9.940652,-0.070991,-1.115260,0.141514,2.371573,0.643457,-3.174547,0.999383,0.020842,0.005039,-0.027809
6836,-0.123568,0.426415,9.924223,0.223561,-1.635510,0.132356,2.379463,0.607452,-3.171829,0.999384,0.020902,0.004723,-0.027780
6837,-0.107900,0.430314,9.939922,0.495331,-1.836863,-0.116371,2.408670,0.557240,-3.173791,0.999381,0.021144,0.004278,-0.027789
6838,-0.084642,0.438960,9.931046,1.026539,-1.772820,0.027070,2.454311,0.492108,-3.177627,0.999375,0.021527,0.003698,-0.027812
6839,-0.079619,0.443452,9.910279,0.893975,-1.557749,0.013342,2.507387,0.427303,-3.179174,0.999367,0.021974,0.003120,-0.027815
6840,-0.068609,0.475573,9.913417,0.172502,-1.176321,-0.152979,2.556931,0.376062,-3.183270,0.999358,0.022394,0.002660,-0.027842
6841,-0.063967,0.473020,9.935438,-0.281885,-0.587345,-0.114827,2.592468,0.343339,-3.188790,0.999351,0.022696,0.002365,-0.027884
6842,-0.061289,0.458545,9.938534,-0.727273,-0.079211,-0.017167,2.595616,0.332525,-3.191362,0.999350,0.022721,0.002269,-0.027905
6843,-0.075898,0.440517,9.929996,-1.145381,0.102470,0.037761,2.563827,0.343399,-3.191006,0.999356,0.022446,0.002372,-0.027903
6844,-0.072537,0.437746,9.923918,-1.148512,0.154501,0.213236,2.517038,0.363987,-3.186698,0.999365,0.022043,0.002564,-0.027868
6845,-0.076366,0.412645,9.923062,-1.168494,0.394198,0.262059,2.462531,0.386670,-3.178499,0.999377,0.021573,0.002776,-0.027800
6846,-0.084660,0.398684,9.913064,-1.344221,0.572880,0.106406,2.393637,0.418904,-3.171875,0.999390,0.020980,0.003075,-0.027746
6847,-0.094161,0.417014,9.913934,-1.583912,0.827899,0.075879,2.331625,0.462917,-3.167987,0.999401,0.020450,0.003475,-0.027719
6848,-0.097154,0.409211,9.921489,-1.487741,0.875387,0.205575,2.284623,0.511482,-3.162141,0.999408,0.020051,0.003911,-0.027675
6849,-0.098619,0.369838,9.920349,-1.365766,0.892302,0.287969,2.226207,0.554835,-3.152876,0.999419,0.019552,0.004305,-0.027599
6850,-0.097108,0.372260,9.929770,-1.402580,0.861835,0.330691,2.159207,0.589409,-3.141658,0.999431,0.018975,0.004624,-0.027504
6851,-0.097649,0.357717,9.948833,-1.411884,0.632928,0.350528,2.095999,0.611833,-3.129552,0.999443,0.018429,0.004837,-0.027400
6852,-0.100013,0.341009,9.929068,-1.210653,0.245290,0.252869,2.031415,0.620370,-3.119191,0.999455,0.017867,0.004928,-0.027308
6853,-0.102685,0.335658,9.919873,-1.160482,0.304749,-0.009591,1.971555,0.623643,-3.115033,0.999465,0.017346,0.004972,-0.027270
6854,-0.109758,0.351592,9.938024,-1.056753,0.510733,-0.078257,1.931033,0.635544,-3.116068,0.999471,0.016995,0.005085,-0.027279
6855,-0.111327,0.333708,9.931169,-0.664549,0.626717,-0.136243,1.906724,0.655992,-3.118957,0.999472,0.016788,0.005269,-0.027306
6856,-0.106922,0.330510,9.910892,-0.098433,0.673993,-0.055367,1.893684,0.674842,-3.121432,0.999473,0.016679,0.005436,-0.027329
6857,-0.112779,0.330392,9.926932,0.276958,0.770075,-0.066047,1.898096,0.693231,-3.122641,0.999471,0.016722,0.005595,-0.027343
6858,-0.127841,0.332514,9.938825,0.638628,0.748728,-0.227796,1.916113,0.720435,-3.126658,0.999465,0.016885,0.005828,-0.027383
6859,-0.137918,0.326257,9.920099,1.203208,0.516886,-0.304095,1.945392,0.752720,-3.134821,0.999457,0.017149,0.006101,-0.027460
6860,-0.137814,0.346669,9.926320,2.121833,0.175176,-0.082839,2.002781,0.775276,-3.140831,0.999446,0.017655,0.006283,-0.027519
6861,-0.131224,0.347720,9.925472,3.698163,-0.058270,0.121635,2.105149,0.779396,-3.140035,0.999429,0.018549,0.006294,-0.027518
6862,-0.118335,0.370359,9.932402,5.703257,-0.224692,0.457343,2.265078,0.763724,-3.130541,0.999406,0.019939,0.006121,-0.027441
6863,-0.095774,0.429842,9.939059,8.740050,-0.495038,1.180643,2.528292,0.722236,-3.103554,0.999366,0.022224,0.005701,-0.027212
6864,-0.084113,0.487264,9.947211,11.253654,-0.911990,1.433968,2.906704,0.655456,-3.060779,0.999302,0.025506,0.005039,-0.026843
6865,-0.075653,0.560675,9.953820,13.939779,-1.292328,1.437044,3.381464,0.574069,-3.014678,0.999202,0.029626,0.004230,-0.026441
6866,-0.071676,0.666330,9.939909,17.491154,-1.919767,1.653746,3.966008,0.485978,-2.966391,0.999053,0.034701,0.003341,-0.026015
6867,-0.068150,0.777510,9.918386,19.586857,-2.656948,1.524059,4.650995,0.388377,-2.918933,0.998843,0.040649,0.002352,-0.025586
6868,-0.063460,0.889826,9.889649,20.965397,-3.244502,0.912173,5.396223,0.278872,-2.886693,0.998569,0.047120,0.001244,-0.025275
6869,-0.038333,1.023078,9.869911,22.389717,-3.302536,0.625307,6.188399,0.162208,-2.871865,0.998226,0.053996,0.000060,-0.025099
6870,-0.033037,1.166673,9.886061,23.601967,-3.021784,0.428466,7.028021,0.053434,-2.866342,0.997807,0.061285,-0.001068,-0.024992
6871,-0.030581,1.292973,9.899909,24.113749,-2.794327,0.179730,7.888885,-0.033690,-2.868687,0.997319,0.068760,-0.002015,-0.024952
6872,-0.017871,1.402154,9.883738,25.939127,-2.694982,0.132406,8.764194,-0.107219,-2.876548,0.996764,0.076360,-0.002850,-0.024955
6873,-0.005868,1.586796,9.876054,27.811781,-2.287388,-0.061412,9.697758,-0.170322,-2.888471,0.996107,0.084464,-0.003611,-0.024988
6875,0.004065,1.781929,9.826012,30.078373,-2.149878,0.179653,10.727492,-0.223669,-2.899515,0.995305,0.093399,-0.004308,-0.025007
6876,0.011931,1.988249,9.749757,31.147383,-1.897915,0.394773,11.842683,-0.270915,-2.903298,0.994349,0.103070,-0.004964,-0.024954
6877,0.035974,2.207421,9.703650,30.725809,-1.505620,0.397794,12.995580,-0.314087,-2.902795,0.993262,0.113059,-0.005589,-0.024856
6878,0.036227,2.460672,9.669806,30.257231,-1.125562,0.104786,14.166836,-0.346989,-2.905543,0.992054,0.123198,-0.006130,-0.024786
6879,0.030080,2.632621,9.593136,28.958683,-1.030787,-0.127205,15.322829,-0.362422,-2.915735,0.990758,0.133195,-0.006525,-0.024793
6880,0.024622,2.813270,9.578034,26.877184,-0.838284,-0.440091,16.406364,-0.362671,-2.933827,0.989451,0.142556,-0.006784,-0.024886
6881,0.037830,2.958109,9.533230,25.720181,-0.938777,-0.420323,17.412157,-0.361652,-2.956505,0.988156,0.151234,-0.007023,-0.025023
6882,0.017217,3.097688,9.460711,25.794395,-0.727957,-0.276967,18.377346,-0.356463,-2.976330,0.986843,0.159552,-0.007217,-0.025141
6883,0.022887,3.217873,9.422576,25.163408,-0.446899,0.159349,19.308825,-0.340845,-2.984493,0.985512,0.167571,-0.007299,-0.025174
6884,0.030820,3.370818,9.369583,25.408152,-0.252877,0.758957,20.217278,-0.330271,-2.973970,0.984154,0.175382,-0.007391,-0.025041
6885,0.030760,3.504000,9.308177,25.877169,0.090641,1.326531,21.132921,-0.323268,-2.942394,0.982728,0.183244,-0.007480,-0.024722
6886,0.018614,3.653126,9.263384,27.980392,0.949952,1.355439,22.085266,-0.298179,-2.894391,0.981181,0.191413,-0.007391,-0.024290
6887,0.020693,3.804391,9.219206,27.814524,1.192803,1.233272,23.064907,-0.254566,-2.840707,0.979519,0.199807,-0.007132,-0.023843
6888,0.019697,3.936271,9.123322,27.790489,0.927476,1.462083,24.033403,-0.218104,-2.785229,0.977806,0.208090,-0.006921,-0.023375
6889,0.011786,4.052112,9.100616,26.780478,0.762843,1.881638,24.959183,-0.195544,-2.722556,0.976105,0.215991,-0.006799,-0.022827
6890,0.014813,4.183980,9.042642,26.163902,0.271643,2.348505,25.830177,-0.192255,-2.651119,0.974449,0.223409,-0.006805,-0.022173
6891,0.032563,4.271865,8.945031,23.148405,-1.246588,2.943586,26.622030,-0.237927,-2.578861,0.972897,0.230133,-0.007201,-0.021420
6892,0.058312,4.384597,8.867512,21.744173,-1.974506,3.329673,27.327621,-0.339769,-2.509782,0.971476,0.236104,-0.008054,-0.020580
6893,0.071742,4.538004,8.849443,20.054665,-1.870839,3.300731,27.990046,-0.459740,-2.441572,0.970109,0.241698,-0.009044,-0.019703
6894,0.092728,4.646009,8.808481,18.224855,-1.776313,3.117665,28.602709,-0.574087,-2.376136,0.968815,0.246865,-0.009975,-0.018854
6895,0.095849,4.716456,8.754389,16.573511,-1.703096,2.600393,29.149761,-0.674453,-2.320452,0.967634,0.251474,-0.010790,-0.018116
6896,0.108985,4.826422,8.732680,16.049799,-1.417707,2.444730,29.657822,-0.756213,-2.272332,0.966517,0.255751,-0.011453,-0.017479
6897,0.130791,4.928904,8.698614,15.471260,-1.445143,2.257027,30.159069,-0.832839,-2.227873,0.965394,0.259967,-0.012074,-0.016880
6898,0.131435,4.949525,8.666162,15.034504,-1.229939,1.510827,30.629358,-0.897232,-2.195692,0.964323,0.263919,-0.012611,-0.016411
6899,0.125610,4.993254,8.610162,16.146313,-1.087888,0.695911,31.083807,-0.931923,-2.182854,0.963270,0.267736,-0.012937,-0.016172
6900,0.143527,5.092508,8.557595,17.383308,-1.301362,0.184643,31.584576,-0.954325,-2.189956,0.962089,0.271938,-0.013213,-0.016122
6901,0.141143,5.187467,8.512263,17.564548,-1.267656,-0.447166,32.129414,-0.971271,-2.215501,0.960781,0.276504,-0.013493,-0.016232
6902,0.123773,5.266423,8.483205,18.279881,-1.192668,-0.792155,32.691498,-0.967058,-2.254108,0.959408,0.281209,-0.013632,-0.016499
6903,0.133031,5.362693,8.410004,20.072552,-1.561695,-0.645817,33.299484,-0.960627,-2.298357,0.957896,0.286291,-0.013776,-0.016813
6904,0.131537,5.488795,8.338345,21.944792,-1.840724,-0.545243,33.992863,-0.968744,-2.345829,0.956139,0.292075,-0.014066,-0.017104
6905,0.130909,5.617847,8.270309,24.102608,-1.773365,-0.755970,34.778381,-0.977030,-2.397656,0.954107,0.298614,-0.014387,-0.017417
6906,0.132982,5.731833,8.170185,27.031151,-1.539678,-1.197119,35.663723,-0.973647,-2.456224,0.951762,0.305970,-0.014650,-0.017801
6907,0.144681,5.825005,8.045821,29.183027,-1.722612,-1.124006,36.636921,-0.970473,-2.519734,0.949119,0.314034,-0.014948,-0.018211
6908,0.161453,5.958074,7.921216,29.752541,-2.398511,0.081405,37.658020,-1.002586,-2.575402,0.946274,0.322465,-0.015531,-0.018446
6909,0.195729,6.084424,7.820321,27.520449,-3.080647,1.149584,38.650227,-1.093322,-2.616207,0.943439,0.330621,-0.016555,-0.018385
6910,0.219180,6.188628,7.761337,23.858318,-3.176930,1.189373,39.517056,-1.219484,-2.652024,0.940904,0.337715,-0.017835,-0.018181
6911,0.239158,6.295944,7.724576,19.950161,-2.902418,0.495210,40.219414,-1.337731,-2.695088,0.938807,0.343442,-0.019044,-0.018069
6912,0.234077,6.397643,7.685324,16.821529,-2.160888,-0.319563,40.779976,-1.414744,-2.746658,0.937105,0.348004,-0.019918,-0.018163
6913,0.221599,6.445840,7.637629,14.617431,-1.046886,-1.731089,41.232517,-1.422988,-2.805800,0.935714,0.351690,-0.020239,-0.018542
6914,0.206313,6.505684,7.598892,14.399949,0.245768,-3.289202,41.629749,-1.351146,-2.875112,0.934479,0.354937,-0.019932,-0.019260
6915,0.178729,6.561743,7.534876,15.564980,1.323350,-4.053912,42.045315,-1.211032,-2.946609,0.933176,0.358345,-0.019084,-0.020209
6916,0.147801,6.599990,7.462286,18.809914,1.734155,-3.543002,42.541470,-1.040893,-3.003910,0.931604,0.362414,-0.017970,-0.021130
6917,0.143167,6.661831,7.363005,22.387611,1.517747,-2.674983,43.162868,-0.891077,-3.041251,0.929616,0.367491,-0.016989,-0.021817
6918,0.120721,6.747123,7.270817,25.745733,0.881629,-1.446781,43.916851,-0.786665,-3.062224,0.927171,0.373621,-0.016356,-0.022215
6919,0.129383,6.906429,7.125397,28.693750,-0.136056,0.564289,44.816353,-0.751432,-3.063497,0.924208,0.380896,-0.016250,-0.022213
6920,0.153324,7.065941,6.984472,29.425110,-1.033345,2.036844,45.833157,-0.802309,-3.047338,0.920797,0.389072,-0.016800,-0.021765
6921,0.174642,7.206383,6.870174,28.140936,-1.918536,2.210943,46.864552,-0.910497,-3.035247,0.917264,0.397320,-0.017819,-0.021141
6922,0.189728,7.314112,6.771626,25.022490,-2.176588,2.014265,47.810802,-1.034845,-3.038985,0.913954,0.404850,-0.018998,-0.020583
6923,0.216283,7.428087,6.669535,20.992903,-1.885304,1.079046,48.619930,-1.144953,-3.056181,0.911072,0.411263,-0.020080,-0.020190
6924,0.211653,7.448434,6.628794,17.268106,-1.217064,-0.329253,49.256943,-1.207428,-3.087221,0.908767,0.416300,-0.020800,-0.020097
6925,0.194839,7.481821,6.571896,15.640944,-0.917969,-0.637491,49.748451,-1.217264,-3.123675,0.906967,0.420185,-0.021097,-0.020260
6926,0.193377,7.531386,6.472460,14.608810,-0.640164,-0.217942,50.186069,-1.210134,-3.151251,0.905351,0.423642,-0.021220,-0.020423
6927,0.196907,7.603434,6.396198,14.829644,-0.106012,-0.788716,50.630268,-1.192996,-3.170435,0.903698,0.427149,-0.021236,-0.020556
6928,0.189471,7.703912,6.355099,16.184412,0.423560,-1.380860,51.119518,-1.149171,-3.188489,0.901862,0.431012,-0.021046,-0.020772
6929,0.182198,7.743743,6.278114,16.797646,0.361082,-1.120025,51.648712,-1.094129,-3.203760,0.899857,0.435183,-0.020768,-0.021004
6930,0.186998,7.755096,6.189485,18.021191,0.237531,-1.181116,52.202145,-1.049774,-3.218916,0.897741,0.439533,-0.020580,-0.021192
6931,0.179884,7.816008,6.114141,19.244684,0.338256,-1.516828,52.790619,-1.006506,-3.238027,0.895466,0.444145,-0.020424,-0.021404
6932,0.175690,7.905966,6.040589,19.740353,0.014766,-0.923244,53.412567,-0.970041,-3.257234,0.893037,0.449004,-0.020331,-0.021585
6933,0.178151,7.958972,5.923020,20.463491,-0.504070,-0.082425,54.066288,-0.965737,-3.273430,0.890458,0.454090,-0.020485,-0.021612
6934,0.179623,8.039253,5.814287,21.719320,-0.816933,0.083967,54.768860,-0.987513,-3.291353,0.887655,0.459532,-0.020858,-0.021537
6935,0.174965,8.088161,5.729737,21.328669,-1.146568,0.360208,55.484962,-1.018847,-3.314024,0.884763,0.465058,-0.021326,-0.021454
6936,0.187122,8.145576,5.617275,19.692776,-0.908553,0.421290,56.158100,-1.054944,-3.334897,0.882014,0.470234,-0.021815,-0.021341
6937,0.180370,8.196263,5.526416,17.960712,-0.049474,-0.565953,56.770523,-1.065525,-3.349324,0.879486,0.474935,-0.022069,-0.021291
6938,0.162759,8.262269,5.493407,15.775249,0.936325,-1.419013,57.295891,-1.020423,-3.354261,0.877296,0.478973,-0.021842,-0.021416
6939,0.156669,8.311494,5.425098,14.024502,1.766518,-1.661757,57.736069,-0.936292,-3.342746,0.875447,0.482364,-0.021233,-0.021598
6940,0.134159,8.389825,5.370039,13.138973,2.439554,-2.301263,58.134285,-0.823792,-3.317376,0.873763,0.485436,-0.020343,-0.021808
6941,0.110240,8.437887,5.317677,13.254498,2.256566,-2.443359,58.524895,-0.690980,-3.291402,0.872099,0.488449,-0.019296,-0.022107
6942,0.097341,8.446807,5.279706,14.053529,1.290767,-1.981171,58.918945,-0.575166,-3.278204,0.870407,0.491475,-0.018436,-0.022438
6943,0.093100,8.456510,5.179348,15.145507,0.762856,-2.266604,59.341194,-0.485290,-3.284292,0.868581,0.494700,-0.017864,-0.022804
6944,0.070563,8.478677,5.131530,16.466375,0.946009,-2.585582,59.804268,-0.393281,-3.300032,0.866563,0.498225,-0.017328,-0.023251
6945,0.080243,8.533484,5.018788,17.349394,0.807155,-2.288028,60.313625,-0.307890,-3.314790,0.864328,0.502089,-0.016852,-0.023659
6946,0.063601,8.578870,4.963069,17.460392,0.390538,-1.674533,60.850605,-0.249559,-3.329620,0.861956,0.506145,-0.016590,-0.023949
6947,0.043332,8.655638,4.843948,17.334988,-0.087093,-0.346944,61.399815,-0.221781,-3.341333,0.859515,0.510275,-0.016548,-0.024081
6948,0.042874,8.763977,4.741983,16.706369,-0.772242,1.217143,61.974064,-0.243085,-3.347049,0.856948,0.514570,-0.016853,-0.023945
6949,0.056837,8.831362,4.601815,16.929583,-1.681726,2.122075,62.581879,-0.318839,-3.357541,0.854213,0.519089,-0.017592,-0.023590
6950,0.061747,8.831105,4.517071,17.459599,-1.573424,2.340350,63.212265,-0.418142,-3.372275,0.851353,0.523755,-0.018527,-0.023148
6951,0.084485,8.828483,4.377345,17.978878,-0.917310,2.201551,63.854008,-0.512017,-3.376105,0.848415,0.528492,-0.019369,-0.022639
6952,0.108636,8.851911,4.298558,19.056593,0.056173,1.191495,64.516434,-0.582450,-3.364908,0.845355,0.533373,-0.019967,-0.022116
6953,0.109801,8.869743,4.197678,20.817762,0.942685,0.149388,65.208351,-0.607897,-3.340830,0.842127,0.538465,-0.020174,-0.021699
6954,0.098818,8.918461,4.136872,21.617388,1.435551,0.013594,65.919640,-0.595784,-3.303804,0.838774,0.543692,-0.020044,-0.021360
6955,0.087611,9.027153,3.997597,21.570147,1.029685,-0.586163,66.646065,-0.562295,-3.270054,0.835313,0.549011,-0.019773,-0.021147
6956,0.081425,9.150572,3.921280,21.245344,0.921388,-1.152385,67.383644,-0.510512,-3.251551,0.831760,0.554392,-0.019443,-0.021135
6957,0.093837,9.157414,3.798818,21.080696,0.230158,-0.175828,68.105698,-0.478517,-3.242251,0.828249,0.559631,-0.019300,-0.021101
6958,0.110578,9.165549,3.716800,20.195602,-0.639664,0.697113,68.787239,-0.502443,-3.245378,0.824908,0.564541,-0.019612,-0.020891
6959,0.138181,9.210376,3.558494,19.397488,-1.125014,0.103796,69.441063,-0.557141,-3.268275,0.821675,0.569222,-0.020237,-0.020671
6960,0.152987,9.252408,3.486243,19.533295,-1.062591,1.268445,70.090256,-0.634455,-3.295043,0.818440,0.573845,-0.021040,-0.020360
6961,0.168393,9.313174,3.378049,20.639519,-1.607490,2.973296,70.752174,-0.761918,-3.313665,0.815122,0.578529,-0.022158,-0.019727
6962,0.170114,9.403455,3.267128,20.514433,-1.522155,3.204038,71.442543,-0.914458,-3.330146,0.811634,0.583389,-0.023440,-0.018932
6963,0.184716,9.449738,3.119791,20.046207,-1.200263,3.350741,72.144508,-1.057555,-3.339864,0.808056,0.588313,-0.024614,-0.018122
6964,0.194023,9.470679,3.059057,18.280863,-0.943950,3.515664,72.799904,-1.191728,-3.339957,0.804689,0.592890,-0.025660,-0.017287
6965,0.224155,9.474924,2.983436,15.744572,-0.716614,2.742117,73.344688,-1.310564,-3.335693,0.801871,0.596679,-0.026551,-0.016515
6966,0.249237,9.422093,2.880985,12.878423,-0.402315,1.967120,73.770744,-1.410763,-3.330372,0.799654,0.599631,-0.027283,-0.015855
6967,0.272350,9.437103,2.816298,10.643856,-0.086508,1.474500,74.095299,-1.496728,-3.320886,0.797960,0.601873,-0.027876,-0.015259
6968,0.280010,9.489671,2.772813,9.105083,-0.062147,1.003233,74.353584,-1.564550,-3.310394,0.796606,0.603654,-0.028326,-0.014766
6969,0.292306,9.526625,2.713663,8.913812,-0.295657,1.204860,74.595436,-1.624653,-3.304843,0.795335,0.605319,-0.028745,-0.014350
6970,0.288816,9.522170,2.667939,9.271986,-0.622232,1.935922,74.852692,-1.695140,-3.304615,0.793978,0.607083,-0.029264,-0.013910
6971,0.288705,9.570766,2.626974,9.709554,-1.105946,2.212132,75.128220,-1.771158,-3.313366,0.792518,0.608967,-0.029869,-0.013495
6972,0.292030,9.587483,2.544089,11.159024,-1.739175,2.051820,75.459427,-1.841521,-3.340650,0.790755,0.611228,-0.030539,-0.013221
6973,0.309378,9.581699,2.484046,12.089852,-2.190821,2.218036,75.849976,-1.914226,-3.386482,0.788665,0.613886,-0.031329,-0.013043
6974,0.322974,9.556038,2.420968,12.185937,-2.416638,2.007386,76.251045,-1.992931,-3.443813,0.786509,0.616603,-0.032223,-0.012902
6975,0.341767,9.588538,2.373153,12.519932,-2.376948,1.047542,76.645073,-2.056666,-3.508862,0.784379,0.619266,-0.033055,-0.012892
6976,0.362514,9.598228,2.303013,13.571081,-2.219774,0.220511,77.059013,-2.096855,-3.577901,0.782131,0.622063,-0.033750,-0.013025
6978,0.362183,9.612652,2.235251,14.712295,-2.372368,0.399077,77.513321,-2.127316,-3.649679,0.779652,0.625128,-0.034400,-0.013213
6979,0.360382,9.622496,2.131684,16.682169,-2.674494,0.150335,78.028976,-2.152137,-3.729607,0.776823,0.628598,-0.035066,-0.013464
6980,0.362846,9.670585,1.976168,19.262770,-2.982730,0.228106,78.660164,-2.171857,-3.821782,0.773339,0.632832,-0.035781,-0.013783
6981,0.347363,9.681442,1.787396,22.025507,-3.271135,-0.019221,79.441605,-2.181436,-3.926777,0.768994,0.638055,-0.036523,-0.014190
6982,0.325172,9.699859,1.616319,23.668636,-2.859130,-1.238713,80.343010,-2.148535,-4.035933,0.763935,0.644060,-0.037028,-0.014815
6983,0.314817,9.719384,1.488956,23.537155,-2.085468,-2.723817,81.273682,-2.055044,-4.132670,0.758659,0.650243,-0.037078,-0.015686
6984,0.306393,9.709869,1.364346,22.846958,-1.398781,-3.490195,82.164337,-1.920991,-4.208782,0.753558,0.656141,-0.036754,-0.016666
6985,0.295843,9.671633,1.249285,21.651384,-0.336722,-4.439602,82.990120,-1.762783,-4.257001,0.748786,0.661592,-0.036119,-0.017631
6986,0.281764,9.668321,1.128414,19.919977,0.592573,-4.273457,83.740227,-1.598181,-4.271147,0.744417,0.666529,-0.035247,-0.018445
6987,0.287221,9.730980,1.035339,19.157351,0.948106,-2.668197,84.428200,-1.478906,-4.258533,0.740389,0.671028,-0.034514,-0.018850
6988,0.286257,9.764246,0.916911,19.391064,1.271578,-1.303850,85.096916,-1.428546,-4.228526,0.736458,0.675362,-0.034123,-0.018753
6989,0.299185,9.823558,0.790239,18.750494,1.946001,0.451277,85.766411,-1.444682,-4.177345,0.732510,0.679663,-0.034031,-0.018130
6990,0.312228,9.878774,0.693704,17.624685,2.095501,2.015769,86.406616,-1.527213,-4.108613,0.728723,0.683740,-0.034246,-0.017010
6991,0.337823,9.932398,0.652470,15.276320,2.165659,2.783794,86.956413,-1.656402,-4.033572,0.725461,0.687211,-0.034695,-0.015595
6992,0.352179,9.899560,0.542426,11.764987,1.695646,2.972057,87.385178,-1.812302,-3.964418,0.722911,0.689894,-0.035319,-0.014089
6993,0.350096,9.857814,0.519349,9.004176,0.983027,2.679577,87.684471,-1.959204,-3.914675,0.721128,0.691749,-0.035979,-0.012796
6994,0.339863,9.842494,0.452562,6.969585,0.427598,1.573474,87.891235,-2.050328,-3.886644,0.719891,0.693028,-0.036404,-0.012003
6995,0.332697,9.844884,0.380004,5.347265,0.220085,0.486953,88.067284,-2.077411,-3.873661,0.718829,0.694129,-0.036513,-0.011701
6996,0.308782,9.819489,0.341551,5.601982,0.116336,-1.573350,88.237160,-2.025719,-3.868135,0.717795,0.695212,-0.036174,-0.011926
6997,0.295289,9.822729,0.274781,6.253636,0.929667,-4.480722,88.443520,-1.871021,-3.853812,0.716528,0.696557,-0.035142,-0.012713
6998,0.251156,9.934538,0.206359,5.280458,2.170246,-6.788439,88.674225,-1.624952,-3.808018,0.715103,0.698086,-0.033354,-0.013857
6999,0.221956,9.855359,0.197217,7.374369,2.725685,-8.609342,88.920692,-1.314522,-3.732788,0.713571,0.699731,-0.030993,-0.015214
7000,0.168783,9.820634,0.254054,8.283680,3.372689,-9.882380,89.164391,-0.958938,-3.635811,0.712047,0.701365,-0.028224,-0.016723
7001,0.128852,9.839296,0.167970,8.377947,3.510035,-9.739279,89.403107,-0.593437,-3.524276,0.710547,0.702959,-0.025309,-0.018215
7002,0.076700,9.835769,0.206075,8.789480,3.259791,-8.535547,89.637115,-0.263499,-3.413254,0.709074,0.704501,-0.022622,-0.019505
7003,0.083578,9.771088,0.174056,9.379226,1.996331,-6.963794,89.853035,-0.010274,-3.326146,0.707717,0.705900,-0.020559,-0.020485
7004,0.054149,9.877129,0.139896,6.886425,0.416999,-4.395266,90.018051,0.135643,-3.285983,0.706680,0.706951,-0.019441,-0.021108
7005,0.038103,9.937724,0.026552,5.317077,-1.598749,-1.999014,90.144791,0.181814,-3.305697,0.705886,0.707737,-0.019301,-0.021493
7006,0.036268,9.897598,0.035409,4.718481,-2.955297,0.053977,90.264099,0.146003,-3.381736,0.705141,0.708452,-0.020014,-0.021719
7007,0.027992,9.831092,-0.016884,4.403710,-4.360673,1.266146,90.368683,0.060406,-3.504039,0.704487,0.709058,-0.021317,-0.021923
7008,0.026874,9.790284,-0.058382,4.389817,-4.545308,1.480215,90.497536,-0.032539,-3.652960,0.703679,0.709803,-0.022835,-0.022238
7009,0.032202,9.796311,-0.076737,4.049472,-4.122625,0.961712,90.631409,-0.106040,-3.797911,0.702835,0.710580,-0.024210,-0.022644
7010,0.043597,9.755548,-0.061854,5.860481,-3.702993,0.430945,90.767815,-0.155689,-3.928636,0.701973,0.711377,-0.025353,-0.023108
7011,0.028387,9.760798,-0.136372,6.647662,-3.956294,-0.122832,90.955063,-0.173647,-4.056382,0.700787,0.712490,-0.026295,-0.023736
7012,0.028168,9.836894,-0.205842,5.611789,-4.320992,-0.377660,91.185120,-0.162831,-4.194257,0.699324,0.713866,-0.027135,-0.024592
7013,0.023509,9.756395,-0.356487,5.113770,-4.407972,-0.316652,91.469765,-0.144737,-4.339730,0.697513,0.715570,-0.027995,-0.025523
7014,0.009611,9.760057,-0.377715,4.665001,-3.449697,-1.555798,91.784645,-0.099414,-4.470118,0.695504,0.717463,-0.028606,-0.026521
7015,-0.005132,9.806645,-0.416170,1.805051,-2.575351,-1.824542,92.020157,-0.019805,-4.568839,0.693985,0.718885,-0.028798,-0.027560
7016,0.005968,9.864212,-0.402366,-0.870621,-1.171502,-1.815482,92.123779,0.053570,-4.629134,0.693301,0.719515,-0.028757,-0.028359
7017,0.010041,9.854756,-0.367083,-2.460364,0.331538,-1.139391,92.098068,0.091673,-4.641337,0.693450,0.719366,-0.028597,-0.028679
7018,0.000158,9.943550,-0.222144,-3.937964,1.259305,-0.386959,91.936073,0.099535,-4.614016,0.694471,0.718394,-0.028337,-0.028603
7019,0.004627,9.881316,-0.213121,-4.089981,1.199798,0.896481,91.697945,0.074696,-4.573455,0.695979,0.716953,-0.028175,-0.028260
7020,0.015341,9.864565,-0.208068,-3.573537,1.147921,0.986726,91.477196,0.018538,-4.535297,0.697382,0.715607,-0.028224,-0.027731
7021,0.019834,9.837633,-0.193583,-2.628163,1.006016,0.906100,91.296875,-0.041169,-4.500150,0.698530,0.714503,-0.028325,-0.027189
7022,0.013748,9.833520,-0.148737,-1.543880,1.169294,0.245518,91.155785,-0.076991,-4.464242,0.699426,0.713642,-0.028287,-0.026782
7023,0.021167,9.856726,-0.162634,-1.478800,1.114363,-0.274751,91.046608,-0.085027,-4.426097,0.700117,0.712983,-0.028073,-0.026526
7024,0.015189,9.867182,-0.148668,-1.535587,0.941935,-0.395258,90.960205,-0.078975,-4.391570,0.700661,0.712465,-0.027801,-0.026373
7025,0.005591,9.872090,-0.135960,-1.517570,1.187609,-0.544835,90.876770,-0.059902,-4.355784,0.701183,0.711968,-0.027443,-0.026293
7026,-0.007551,9.865809,-0.132810,-1.832143,1.389029,-0.665508,90.795540,-0.026584,-4.312531,0.701690,0.711488,-0.026952,-0.026255
7027,-0.012687,9.856977,-0.116735,-1.888787,1.108256,-0.650420,90.713120,0.013503,-4.270635,0.702202,0.711003,-0.026427,-0.026266
7028,-0.023088,9.847000,-0.100151,-1.359497,0.877840,-0.743685,90.636330,0.056621,-4.237288,0.702676,0.710549,-0.025938,-0.026346
7029,-0.019267,9.874993,-0.118704,-1.283265,0.798489,-1.160409,90.585167,0.104189,-4.209029,0.702988,0.710252,-0.025460,-0.026479
7030,-0.019187,9.852478,-0.076113,-1.162793,0.552814,-1.369514,90.536186,0.151864,-4.186118,0.703286,0.709967,-0.025014,-0.026645
7031,-0.019604,9.845795,-0.048269,-0.918976,0.282726,-1.363384,90.465057,0.194505,-4.171882,0.703720,0.709543,-0.024647,-0.026837
7032,-0.024293,9.836869,-0.063878,-0.682749,0.191170,-1.193931,90.406479,0.228744,-4.163746,0.704076,0.709192,-0.024373,-0.027012
7033,-0.025702,9.840181,-0.052222,-0.620348,0.229318,-1.239598,90.366875,0.257145,-4.156520,0.704316,0.708956,-0.024144,-0.027151
7034,-0.022255,9.825293,-0.043690,-0.565593,0.207955,-0.967812,90.327477,0.274965,-4.149080,0.704557,0.708719,-0.023979,-0.027224
7035,-0.023659,9.860733,-0.064765,-0.495454,0.218638,-0.554066,90.304024,0.276011,-4.141844,0.704704,0.708577,-0.023922,-0.027191
7036,-0.029919,9.876405,-0.070097,-0.443445,0.017217,-0.346340,90.302284,0.269001,-4.137763,0.704717,0.708565,-0.023940,-0.027123
7037,-0.030212,9.880469,-0.087464,-0.252448,-0.175047,-0.272931,90.318863,0.261346,-4.140206,0.704616,0.708665,-0.024006,-0.027087
7038,-0.034632,9.891070,-0.090703,-0.032372,-0.165890,0.134620,90.351799,0.249517,-4.145707,0.704414,0.708864,-0.024121,-0.027041
7039,-0.037976,9.873259,-0.065175,0.259273,-0.059074,0.455138,90.376930,0.231472,-4.149426,0.704262,0.709014,-0.024260,-0.026947
7040,-0.042038,9.855721,-0.065570,0.474454,-0.114006,0.546707,90.391953,0.213306,-4.152411,0.704172,0.709102,-0.024394,-0.026850
7041,-0.037206,9.856199,-0.077172,0.465350,-0.005665,0.507020,90.413193,0.197214,-4.154508,0.704044,0.709228,-0.024511,-0.026758
7042,-0.039525,9.856349,-0.065887,0.448587,0.224749,0.470368,90.430855,0.184153,-4.150966,0.703939,0.709335,-0.024573,-0.026652
7043,-0.028732,9.847533,-0.091458,0.590557,0.336142,0.319289,90.454712,0.172346,-4.141697,0.703796,0.709481,-0.024594,-0.026517
7044,-0.031957,9.862493,-0.107337,0.546530,0.282735,-0.111020,90.498459,0.168450,-4.131336,0.703528,0.709751,-0.024564,-0.026420
7045,-0.027636,9.862111,-0.090267,0.603152,0.359032,-0.358224,90.535515,0.176668,-4.120518,0.703300,0.709982,-0.024455,-0.026396
7046,-0.018111,9.860473,-0.101056,0.627631,0.475003,-0.239135,90.563179,0.179219,-4.106503,0.703131,0.710156,-0.024359,-0.026320
7047,-0.009540,9.860028,-0.104876,0.398825,0.450590,-0.081803,90.589317,0.166517,-4.091002,0.702975,0.710317,-0.024347,-0.026141
7048,-0.010349,9.848384,-0.069677,0.183554,0.363614,-0.072455,90.586433,0.147857,-4.077445,0.703000,0.710298,-0.024377,-0.025943
7049,-0.010505,9.848976,-0.067753,0.018440,0.326992,0.306135,90.555336,0.126153,-4.066061,0.703201,0.710105,-0.024432,-0.025745
7050,-0.017211,9.847342,-0.083657,-0.119111,0.151511,0.576318,90.529747,0.101034,-4.058278,0.703366,0.709944,-0.024532,-0.025547
7051,-0.022757,9.832457,-0.083482,-0.085633,0.000444,0.594624,90.516090,0.082005,-4.055944,0.703456,0.709857,-0.024632,-0.025418
7052,-0.022787,9.846399,-0.069777,-0.322279,0.085895,0.614393,90.495239,0.069375,-4.054708,0.703588,0.709727,-0.024697,-0.025336
7053,-0.022966,9.851453,-0.079191,-0.206429,0.018754,0.566993,90.473167,0.060192,-4.053151,0.703727,0.709589,-0.024739,-0.025275
7054,-0.020102,9.854750,-0.081557,-0.388042,-0.062121,0.591307,90.460167,0.051973,-4.054038,0.703809,0.709508,-0.024792,-0.025232
7055,-0.013867,9.859664,-0.095193,-0.760290,0.011123,0.742303,90.449646,0.037571,-4.055058,0.703878,0.709440,-0.024884,-0.025151
7056,-0.002450,9.869461,-0.072957,-0.892989,-0.002610,0.743825,90.428215,0.013285,-4.055100,0.704015,0.709303,-0.025029,-0.025006
7057,0.009035,9.852468,-0.071263,-0.699230,-0.068225,0.798832,90.398026,-0.020592,-4.056464,0.704210,0.709110,-0.025239,-0.024811
7058,0.015747,9.849301,-0.076556,-0.978447,-0.147572,0.951539,90.373138,-0.062283,-4.060254,0.704372,0.708947,-0.025514,-0.024582
7059,0.016065,9.850657,-0.066431,-1.141670,-0.236075,0.823446,90.343369,-0.101190,-4.066831,0.704563,0.708753,-0.025787,-0.024389
7060,0.025853,9.851383,-0.055651,-1.080639,-0.291009,0.640402,90.305748,-0.132900,-4.075746,0.704800,0.708513,-0.026029,-0.024256
7061,0.026844,9.844799,-0.051280,-1.083714,-0.225393,0.503130,90.267235,-0.158562,-4.084438,0.705042,0.708268,-0.026233,-0.024159
7062,0.022446,9.855101,-0.047287,-1.019624,-0.345941,0.417674,90.232231,-0.173432,-4.094025,0.705260,0.708047,-0.026376,-0.024135
7063,0.025875,9.876515,-0.039803,-1.031826,-0.332209,0.342860,90.198654,-0.181354,-4.105379,0.705466,0.707836,-0.026488,-0.024163
7064,0.036323,9.871099,-0.027189,-0.746513,-0.147571,0.463414,90.165184,-0.195330,-4.113407,0.705674,0.707625,-0.026616,-0.024134
7065,0.041556,9.858042,-0.028148,-0.522238,-0.086534,0.623698,90.140167,-0.220375,-4.117342,0.705833,0.707464,-0.026790,-0.024010
7066,0.043671,9.859084,-0.034740,-0.323818,-0.127734,0.744313,90.131607,-0.250464,-4.120987,0.705892,0.707403,-0.026996,-0.023848
7067,0.050008,9.841817,-0.024704,-0.108601,-0.124682,0.657397,90.131187,-0.280606,-4.125275,0.705900,0.707393,-0.027208,-0.023689
7068,0.047918,9.830359,-0.026522,0.097429,-0.094163,0.663534,90.134293,-0.306220,-4.128988,0.705885,0.707405,-0.027389,-0.023553
7069,0.051748,9.846212,-0.033479,0.219573,-0.103320,0.544506,90.147285,-0.325757,-4.132369,0.705808,0.707479,-0.027533,-0.023450
7070,0.058214,9.839635,-0.026357,0.494295,0.011125,0.456009,90.165306,-0.343172,-4.133985,0.705700,0.707586,-0.027654,-0.023348
7071,0.053743,9.840839,-0.008004,0.494201,-0.004135,0.378173,90.171471,-0.355512,-4.133847,0.705664,0.707621,-0.027730,-0.023269
7072,0.040915,9.840828,-0.007875,0.512308,-0.104845,0.092702,90.165863,-0.349828,-4.135550,0.705698,0.707587,-0.027704,-0.023316
7073,0.049831,9.849354,-0.028218,0.211596,0.027912,-0.023417,90.166260,-0.334731,-4.136764,0.705692,0.707593,-0.027619,-0.023417
7074,0.055894,9.845621,-0.029425,0.019332,0.133200,-0.171489,90.170403,-0.325126,-4.134070,0.705665,0.707622,-0.027544,-0.023458
7075,0.052032,9.849318,-0.022756,-0.191274,-0.005658,-0.365308,90.164482,-0.313261,-4.131900,0.705699,0.707588,-0.027457,-0.023520
7076,0.057587,9.849229,-0.034103,-0.333188,0.061482,-0.403457,90.155365,-0.300385,-4.130932,0.705753,0.707536,-0.027369,-0.023596
7077,0.072367,9.874111,-0.061608,-0.665642,0.224755,-0.104258,90.160324,-0.304885,-4.126253,0.705724,0.707566,-0.027369,-0.023538
7078,0.068719,9.855345,-0.021985,-0.459502,0.153036,-0.018628,90.157089,-0.322484,-4.120032,0.705749,0.707544,-0.027439,-0.023392
7079,0.064146,9.836656,-0.019012,-0.372590,-0.008711,0.201227,90.135971,-0.338894,-4.117589,0.705884,0.707410,-0.027520,-0.023280
7081,0.054640,9.866373,-0.020700,-0.574064,-0.071273,0.095962,90.114510,-0.346552,-4.118899,0.706017,0.707276,-0.027571,-0.023246
7082,0.064468,9.882453,-0.028272,-0.485532,-0.057541,0.169212,90.099945,-0.351482,-4.121073,0.706108,0.707184,-0.027612,-0.023233
7083,0.064825,9.873852,0.006219,-0.258240,0.018757,0.240973,90.079613,-0.363074,-4.121680,0.706235,0.707056,-0.027683,-0.023170
7084,0.061718,9.867602,-0.013827,-0.195790,-0.118576,0.375272,90.059647,-0.375173,-4.123279,0.706361,0.706930,-0.027763,-0.023110
7085,0.058752,9.868340,-0.016774,-0.276632,-0.142991,0.138720,90.055328,-0.380180,-4.127669,0.706388,0.706901,-0.027820,-0.023107
7086,0.064637,9.854692,-0.003862,-0.226273,0.034016,0.085282,90.047394,-0.380388,-4.129493,0.706436,0.706851,-0.027831,-0.023119
7087,0.061710,9.849691,0.004773,-0.119548,0.026387,-0.067333,90.031731,-0.378322,-4.128421,0.706533,0.706756,-0.027809,-0.023129
7088,0.069000,9.871165,-0.006713,-0.305769,-0.095687,-0.239761,90.018417,-0.373272,-4.129532,0.706613,0.706675,-0.027782,-0.023170
7089,0.075966,9.873546,-0.001532,-0.456836,-0.080428,-0.314457,90.005516,-0.372258,-4.132463,0.706692,0.706595,-0.027791,-0.023197
7090,0.076210,9.881120,-0.000942,-0.394282,0.052328,-0.134283,89.990463,-0.377355,-4.132923,0.706786,0.706500,-0.027822,-0.023173
7091,0.078352,9.874925,-0.010650,-0.179066,0.009602,-0.126531,89.987434,-0.386472,-4.131933,0.706807,0.706480,-0.027872,-0.023111
7092,0.077490,9.882260,-0.007791,-0.368174,0.056904,-0.097422,89.990135,-0.395576,-4.130904,0.706792,0.706494,-0.027922,-0.023048
7093,0.066036,9.854103,-0.008897,-0.203274,0.064534,0.110146,89.991531,-0.400478,-4.128955,0.706785,0.706502,-0.027941,-0.023005
7094,0.062069,9.858136,-0.003676,-0.052132,0.110311,0.012445,89.995644,-0.397813,-4.126099,0.706760,0.706529,-0.027907,-0.023003
7095,0.062110,9.861238,-0.009708,-0.052057,0.066058,-0.163100,90.002190,-0.388273,-4.123216,0.706718,0.706572,-0.027832,-0.023042
7096,0.062408,9.882079,-0.009269,-0.242703,0.063006,-0.138739,90.007561,-0.377432,-4.121135,0.706683,0.706609,-0.027754,-0.023095
7097,0.059905,9.861218,-0.006374,-0.077836,-0.060595,-0.068594,90.009651,-0.368860,-4.121144,0.706668,0.706624,-0.027701,-0.023148
7098,0.059069,9.854902,0.008327,-0.141949,-0.005661,-0.314312,90.003365,-0.357453,-4.122231,0.706704,0.706587,-0.027636,-0.023226
7099,0.066069,9.855994,-0.004683,-0.250318,0.119466,-0.558460,89.993683,-0.343015,-4.120314,0.706762,0.706532,-0.027533,-0.023306
7100,0.072692,9.858361,0.016399,-0.236640,0.116414,-0.523275,89.979584,-0.334709,-4.116350,0.706848,0.706447,-0.027455,-0.023336
7101,0.065224,9.834311,0.026080,-0.130008,-0.034652,-0.146268,89.953247,-0.334983,-4.114871,0.707010,0.706285,-0.027442,-0.023331
7102,0.059481,9.841361,0.001136,-0.226217,0.005023,-0.024147,89.938927,-0.337331,-4.115316,0.707099,0.706196,-0.027456,-0.023323
7103,0.061227,9.856792,-0.010677,-0.271859,0.064533,-0.059218,89.945587,-0.338679,-4.114245,0.707058,0.706237,-0.027460,-0.023307
7104,0.056381,9.871984,0.011854,-0.206153,0.021806,0.041499,89.947578,-0.339034,-4.112865,0.707047,0.706250,-0.027454,-0.023295
7105,0.060511,9.857875,-0.003463,-0.212209,0.052325,0.160522,89.945938,-0.342511,-4.111659,0.707058,0.706239,-0.027467,-0.023267
7106,0.069373,9.846720,-0.008698,-0.251734,0.186605,0.047666,89.954422,-0.352743,-4.107771,0.707008,0.706290,-0.027508,-0.023178
7107,0.070001,9.857988,0.003578,-0.308086,0.160664,-0.112461,89.956924,-0.362223,-4.102057,0.706996,0.706305,-0.027532,-0.023084
7108,0.075548,9.855130,0.012603,-0.382861,0.163715,-0.139818,89.944878,-0.370031,-4.096649,0.707073,0.706230,-0.027544,-0.023005
7109,0.075850,9.852622,0.019242,-0.355467,0.256797,0.109032,89.924553,-0.383080,-4.089586,0.707202,0.706103,-0.027577,-0.022886
7110,0.060034,9.846828,0.033067,-0.201493,0.090472,0.167048,89.899307,-0.391089,-4.083683,0.707360,0.705946,-0.027585,-0.022806
7111,0.061369,9.863144,0.032571,-0.311531,0.008074,0.157836,89.871910,-0.390234,-4.081904,0.707529,0.705778,-0.027564,-0.022807
7112,0.066243,9.858691,0.048456,-0.355984,0.026386,0.438572,89.838600,-0.396519,-4.081155,0.707736,0.705571,-0.027591,-0.022772
7113,0.062934,9.858143,0.045626,-0.301265,-0.144515,0.778823,89.804077,-0.413513,-4.082901,0.707951,0.705353,-0.027700,-0.022686
7114,0.058704,9.843805,0.054017,-0.327391,-0.399344,0.810783,89.773293,-0.430636,-4.091729,0.708142,0.705157,-0.027854,-0.022643
7115,0.073890,9.863529,0.036895,-0.527377,-0.350513,0.769522,89.749413,-0.450309,-4.104052,0.708291,0.705001,-0.028047,-0.022604
7116,0.077455,9.854423,0.039752,-0.476994,-0.176558,0.690172,89.735664,-0.474547,-4.112751,0.708378,0.704908,-0.028247,-0.022512
7117,0.081687,9.841771,0.049860,-0.342719,-0.173506,0.487224,89.721458,-0.494290,-4.118487,0.708469,0.704814,-0.028402,-0.022429
7118,0.087943,9.852630,0.054407,-0.348875,-0.113995,0.430780,89.704124,-0.511273,-4.123152,0.708578,0.704701,-0.028532,-0.022358
7119,0.097314,9.846554,0.024947,-0.328944,0.087426,0.359122,89.703178,-0.531046,-4.123620,0.708587,0.704690,-0.028657,-0.022239
7120,0.094091,9.834061,0.045042,-0.432552,0.261379,0.110456,89.707397,-0.545451,-4.117919,0.708565,0.704714,-0.028712,-0.022114
7121,0.088783,9.842010,0.047939,-0.446246,0.314787,-0.092501,89.697052,-0.544647,-4.108355,0.708630,0.704653,-0.028646,-0.022063
7122,0.094750,9.860745,0.031013,-0.548369,0.504001,-0.322935,89.692841,-0.535566,-4.094864,0.708657,0.704633,-0.028506,-0.022036
7123,0.089262,9.859704,0.030193,-0.485594,0.682532,-0.586929,89.698761,-0.519290,-4.075388,0.708621,0.704678,-0.028287,-0.022014
7124,0.084828,9.867769,0.047567,-0.476308,0.751198,-0.620536,89.696884,-0.495040,-4.051732,0.708633,0.704678,-0.027991,-0.022018
7125,0.086526,9.868716,0.045185,-0.322134,0.748146,-0.358093,89.689407,-0.476810,-4.026884,0.708680,0.704642,-0.027724,-0.021978
7126,0.090011,9.865080,0.048269,-0.291556,0.658115,-0.239027,89.685486,-0.471611,-4.003554,0.708708,0.704625,-0.027548,-0.021867
7127,0.079896,9.863812,0.061344,-0.256470,0.510100,-0.138283,89.675140,-0.468735,-3.984110,0.708774,0.704566,-0.027409,-0.021767
7128,0.088306,9.854832,0.068988,-0.206213,0.377345,0.087585,89.656487,-0.471204,-3.969235,0.708892,0.704454,-0.027329,-0.021664
7129,0.095900,9.858828,0.070563,-0.227695,0.294946,0.048019,89.636078,-0.485380,-3.957906,0.709023,0.704327,-0.027343,-0.021511
7130,0.093896,9.854497,0.072465,-0.183546,0.197287,-0.081562,89.617790,-0.498207,-3.949606,0.709139,0.704213,-0.027368,-0.021386
7131,0.087213,9.847074,0.077784,-0.226379,0.053850,-0.272245,89.599213,-0.498674,-3.945357,0.709254,0.704099,-0.027341,-0.021361
7132,0.080493,9.821462,0.078444,-0.180708,0.134726,-0.356187,89.580742,-0.486353,-3.942187,0.709366,0.703988,-0.027242,-0.021421
7133,0.065545,9.840118,0.091265,-0.312077,0.317839,-0.560773,89.556984,-0.458744,-3.934630,0.709508,0.703849,-0.027020,-0.021550
7134,0.060876,9.843436,0.079001,-0.309133,0.406344,-0.577732,89.534729,-0.420502,-3.922619,0.709640,0.703723,-0.026706,-0.021716
7135,0.062694,9.862474,0.066940,-0.557810,0.400241,-0.702993,89.525627,-0.384316,-3.909392,0.709691,0.703679,-0.026399,-0.021858
7136,0.060517,9.858571,0.080767,-0.647770,0.488745,-0.704592,89.512909,-0.352582,-3.894829,0.709766,0.703610,-0.026110,-0.021966
7137,0.063928,9.871614,0.089354,-0.725616,0.455175,-0.657301,89.487495,-0.328447,-3.879282,0.709921,0.703462,-0.025860,-0.022023
7138,0.072734,9.846844,0.067640,-0.662980,0.262907,-0.568702,89.472298,-0.318282,-3.867543,0.710014,0.703373,-0.025722,-0.022017
7139,0.072685,9.844325,0.090782,-0.720866,0.212550,-0.499869,89.460030,-0.318686,-3.859843,0.710091,0.703299,-0.025675,-0.021969
7140,0.069000,9.821991,0.119567,-0.492109,0.316312,-0.252512,89.425278,-0.323341,-3.851064,0.710307,0.703084,-0.025644,-0.021894
7141,0.075182,9.854612,0.107432,-0.382415,0.291896,-0.041770,89.391640,-0.336438,-3.840862,0.710518,0.702875,-0.025656,-0.021758
7142,0.077770,9.862314,0.103244,-0.237487,0.084368,0.114065,89.377487,-0.358575,-3.834550,0.710610,0.702783,-0.025752,-0.021586
7143,0.069337,9.847496,0.121080,-0.135310,0.059952,0.469739,89.364532,-0.382958,-3.831992,0.710694,0.702698,-0.025885,-0.021424
7144,0.068800,9.841559,0.105540,-0.037702,0.058427,0.527777,89.356056,-0.405277,-3.829798,0.710751,0.702641,-0.026008,-0.021275
7145,0.067143,9.867582,0.086409,-0.046722,0.108781,0.248534,89.369598,-0.418378,-3.826973,0.710671,0.702723,-0.026075,-0.021174
7146,0.062897,9.844005,0.105186,-0.113729,0.191181,0.188966,89.381592,-0.419404,-3.821999,0.710598,0.702798,-0.026053,-0.021134
7147,0.069198,9.847963,0.104929,-0.344122,0.345300,0.233160,89.376289,-0.420002,-3.812997,0.710632,0.702767,-0.026000,-0.021076
7148,0.078466,9.848121,0.102084,-0.418860,0.354455,-0.049120,89.366951,-0.424741,-3.801327,0.710693,0.702711,-0.025956,-0.020976
7149,0.077509,9.846138,0.120990,-0.637102,0.180499,-0.143674,89.345512,-0.427178,-3.792418,0.710826,0.702579,-0.025913,-0.020911
7150,0.081267,9.849022,0.140693,-0.669344,-0.030078,0.126474,89.302200,-0.433440,-3.789751,0.711093,0.702309,-0.025927,-0.020866
7151,0.086218,9.847249,0.122833,-0.497064,-0.078908,0.303576,89.266190,-0.451051,-3.791348,0.711317,0.702082,-0.026040,-0.020776
7152,0.090599,9.840018,0.125460,-0.347535,-0.213190,0.373889,89.250923,-0.475657,-3.796057,0.711414,0.701980,-0.026219,-0.020658
7153,0.086918,9.855826,0.132707,-0.211743,-0.406984,0.515888,89.239944,-0.500338,-3.806180,0.711484,0.701904,-0.026432,-0.020572
7154,0.090938,9.857430,0.117954,0.052286,-0.406985,0.624277,89.242180,-0.524813,-3.819536,0.711472,0.701909,-0.026666,-0.020505
7155,0.089623,9.859138,0.115998,0.082936,-0.315431,0.581571,89.259041,-0.547280,-3.831445,0.711370,0.702006,-0.026882,-0.020437
7156,0.087955,9.852918,0.130081,0.148609,-0.400883,0.703612,89.269287,-0.565194,-3.843164,0.711309,0.702062,-0.027066,-0.020398
7157,0.078741,9.855509,0.126293,0.203525,-0.367311,0.647033,89.273537,-0.574726,-3.855662,0.711282,0.702083,-0.027203,-0.020416
7158,0.086311,9.859747,0.112202,0.260044,-0.216243,0.356957,89.287872,-0.575017,-3.865241,0.711193,0.702170,-0.027266,-0.020470
7159,0.085749,9.862262,0.124115,0.270779,-0.083487,0.039440,89.302780,-0.567924,-3.870212,0.711099,0.702263,-0.027255,-0.020541
7160,0.082599,9.848289,0.114932,0.424915,-0.071277,-0.094979,89.316200,-0.551967,-3.872817,0.711014,0.702349,-0.027174,-0.020652
7161,0.095445,9.862162,0.099588,0.351782,-0.059070,-0.491791,89.341438,-0.534428,-3.875219,0.710855,0.702510,-0.027085,-0.020768
7162,0.109307,9.853199,0.111670,0.380869,0.021802,-0.760266,89.364151,-0.523066,-3.876178,0.710714,0.702653,-0.027024,-0.020838
7163,0.102069,9.852218,0.124435,0.379278,0.095046,-0.601428,89.369614,-0.516078,-3.874420,0.710680,0.702689,-0.026971,-0.020869
7164,0.094573,9.857654,0.106452,0.400577,-0.042289,-0.360245,89.375633,-0.509576,-3.873654,0.710642,0.702728,-0.026927,-0.020903
7165,0.102137,9.854265,0.100451,0.261762,-0.063653,-0.253332,89.391449,-0.510166,-3.875573,0.710544,0.702825,-0.026946,-0.020907
7166,0.093280,9.848370,0.113921,0.263276,0.027902,-0.120480,89.398949,-0.514640,-3.876226,0.710499,0.702871,-0.026979,-0.020882
7167,0.085376,9.860929,0.100734,0.168637,-0.002617,-0.056379,89.402618,-0.512958,-3.875805,0.710476,0.702894,-0.026966,-0.020889
7168,0.094632,9.848145,0.077675,0.124520,-0.030085,0.000096,89.422295,-0.513763,-3.876491,0.710356,0.703016,-0.026979,-0.020884
7169,0.100600,9.842897,0.093340,-0.000456,0.102668,0.045965,89.440842,-0.524543,-3.875424,0.710244,0.703128,-0.027043,-0.020806
7170,0.099032,9.839116,0.106335,-0.002004,0.084356,-0.150776,89.438423,-0.534122,-3.872303,0.710261,0.703112,-0.027083,-0.020729
7171,0.102556,9.850834,0.091188,-0.098160,0.072149,-0.190354,89.434090,-0.538900,-3.869726,0.710289,0.703084,-0.027096,-0.020685
7172,0.098257,9.830690,0.101761,0.039176,0.087407,0.043192,89.433449,-0.545225,-3.867094,0.710294,0.703080,-0.027119,-0.020630
7173,0.087272,9.841904,0.104428,-0.079903,0.015689,0.015723,89.426476,-0.545870,-3.865307,0.710338,0.703037,-0.027110,-0.020616
7174,0.088394,9.845373,0.114924,-0.128847,-0.028561,-0.048424,89.410477,-0.539030,-3.865408,0.710435,0.702939,-0.027066,-0.020663
7175,0.096135,9.853867,0.109983,-0.119812,0.055366,0.180455,89.393021,-0.540161,-3.864814,0.710542,0.702831,-0.027066,-0.020656
7176,0.093838,9.836437,0.120345,0.000616,-0.019404,0.362062,89.377838,-0.551605,-3.863993,0.710637,0.702734,-0.027129,-0.020584
7178,0.094640,9.849300,0.110087,-0.216159,-0.022454,0.262881,89.363968,-0.562510,-3.864478,0.710724,0.702645,-0.027197,-0.020524
7179,0.098092,9.848049,0.121601,-0.295581,0.139295,0.091984,89.347206,-0.569045,-3.862384,0.710829,0.702540,-0.027222,-0.020475
7180,0.101909,9.844777,0.109145,-0.278841,0.194228,0.009611,89.332649,-0.573619,-3.856758,0.710920,0.702450,-0.027213,-0.020415
7181,0.102733,9.842662,0.103863,-0.417634,0.130137,-0.033075,89.328354,-0.577597,-3.851429,0.710948,0.702424,-0.027204,-0.020359
7182,0.103630,9.844617,0.114841,-0.611371,0.207958,-0.194781,89.317200,-0.578300,-3.845899,0.711017,0.702356,-0.027173,-0.020323
7183,0.103979,9.850467,0.135319,-0.643500,0.145396,-0.399212,89.286980,-0.573086,-3.840035,0.711202,0.702171,-0.027099,-0.020326
7184,0.107748,9.845600,0.127927,-0.574946,0.000433,-0.283175,89.254219,-0.569042,-3.837621,0.711403,0.701969,-0.027054,-0.020343
7185,0.101710,9.835625,0.132541,-0.628403,0.070626,-0.264800,89.228867,-0.566974,-3.836501,0.711558,0.701812,-0.027029,-0.020355
7186,0.086421,9.843979,0.154416,-0.616323,0.093516,-0.450997,89.194000,-0.551280,-3.833789,0.711769,0.701600,-0.026909,-0.020442
7187,0.089284,9.862416,0.136832,-0.601160,0.040110,-0.454129,89.163017,-0.527300,-3.831678,0.711955,0.701414,-0.026742,-0.020583
7188,0.091787,9.844844,0.129929,-0.686534,0.124036,-0.319868,89.149971,-0.511995,-3.829211,0.712033,0.701337,-0.026629,-0.020665
7189,0.089602,9.839441,0.145808,-0.733770,0.166761,-0.351899,89.133759,-0.502242,-3.824601,0.712131,0.701240,-0.026537,-0.020700
7190,0.090441,9.850091,0.152185,-0.681904,0.085887,-0.422064,89.108490,-0.492346,-3.820574,0.712284,0.701086,-0.026447,-0.020741
7191,0.094250,9.846996,0.131655,-0.892392,0.108774,-0.562382,89.092003,-0.483200,-3.817669,0.712384,0.700986,-0.026369,-0.020783
7192,0.081883,9.828336,0.143284,-0.866287,0.081305,-0.763763,89.080849,-0.465640,-3.815007,0.712450,0.700921,-0.026242,-0.020876
7193,0.081099,9.847540,0.145635,-0.739515,0.120978,-0.992652,89.067314,-0.436338,-3.812219,0.712528,0.700845,-0.026040,-0.021041
7194,0.074619,9.867764,0.159930,-0.769971,0.217111,-0.841582,89.049095,-0.405955,-3.807143,0.712635,0.700740,-0.025817,-0.021199
7195,0.062965,9.874953,0.154521,-0.708884,0.122504,-0.557797,89.029778,-0.378525,-3.801914,0.712749,0.700627,-0.025611,-0.021339
7196,0.064751,9.864071,0.157832,-0.479905,0.026371,-0.280115,89.019852,-0.360564,-3.799739,0.712807,0.700570,-0.025484,-0.021438
7197,0.070286,9.865669,0.171786,-0.600424,0.200326,-0.003884,89.005127,-0.359900,-3.796065,0.712897,0.700479,-0.025454,-0.021422
7198,0.065447,9.858779,0.181837,-0.734771,0.096562,0.310513,88.975578,-0.371151,-3.790980,0.713081,0.700294,-0.025488,-0.021328
7199,0.069534,9.849834,0.173015,-0.782111,0.011110,0.301402,88.946281,-0.386232,-3.788973,0.713263,0.700108,-0.025564,-0.021230
7200,0.072741,9.838179,0.178282,-0.980453,0.122500,0.243476,88.919968,-0.401739,-3.786595,0.713427,0.699942,-0.025641,-0.021126
7201,0.072646,9.826953,0.187826,-0.978927,0.253729,0.090932,88.887337,-0.412605,-3.780216,0.713629,0.699737,-0.025664,-0.021028
7202,0.065536,9.838799,0.187067,-0.826327,0.215582,-0.362275,88.857971,-0.407078,-3.772489,0.713809,0.699557,-0.025577,-0.021020
7203,0.062581,9.857912,0.199019,-0.621846,0.279672,-0.513404,88.834595,-0.385494,-3.764537,0.713949,0.699418,-0.025390,-0.021107
7204,0.060253,9.857141,0.194881,-0.392942,0.229317,-0.457010,88.819298,-0.361930,-3.756400,0.714040,0.699330,-0.025190,-0.021204
7205,0.069206,9.856866,0.197816,-0.319643,0.082828,-0.511940,88.813248,-0.346129,-3.751570,0.714075,0.699297,-0.025061,-0.021271
7206,0.064109,9.867783,0.225414,-0.504356,-0.081973,-0.412699,88.791183,-0.336795,-3.751827,0.714208,0.699162,-0.025001,-0.021335
7207,0.072857,9.861709,0.231732,-0.644957,-0.162848,0.174876,88.748306,-0.343222,-3.755846,0.714470,0.698892,-0.025057,-0.021330
7208,0.074804,9.844913,0.220962,-0.977751,-0.207101,0.464950,88.705582,-0.370371,-3.761671,0.714734,0.698618,-0.025254,-0.021210
7209,0.068805,9.842489,0.223750,-1.310438,-0.330703,0.268207,88.663673,-0.393981,-3.770320,0.714992,0.698350,-0.025446,-0.021129
7210,0.059327,9.829369,0.237467,-1.278439,-0.152169,0.027096,88.615486,-0.397423,-3.778210,0.715285,0.698046,-0.025507,-0.021168
7211,0.070461,9.856345,0.237003,-1.370029,0.177431,-0.265912,88.567635,-0.390114,-3.777865,0.715575,0.697749,-0.025450,-0.021221
7212,0.075573,9.866462,0.238398,-1.527153,0.197267,-0.461180,88.524368,-0.383403,-3.771960,0.715838,0.697482,-0.025364,-0.021235
7213,0.082866,9.869674,0.262141,-1.516470,0.095027,-0.703680,88.473846,-0.377259,-3.767592,0.716146,0.697169,-0.025290,-0.021256
7214,0.086462,9.879279,0.278090,-1.739365,0.114860,-0.526489,88.407448,-0.376967,-3.764553,0.716550,0.696754,-0.025257,-0.021254
7215,0.086135,9.910583,0.295484,-2.540643,-0.132345,0.177167,88.317657,-0.393590,-3.764860,0.717099,0.696189,-0.025347,-0.021174
7216,0.080309,9.873809,0.311973,-3.367898,-0.382600,0.992172,88.197006,-0.431017,-3.772664,0.717836,0.695423,-0.025606,-0.021023
7217,0.072458,9.856353,0.367905,-5.000954,-0.561132,1.134137,88.022942,-0.472875,-3.786942,0.718897,0.694319,-0.025923,-0.020898
7218,0.078341,9.862588,0.395110,-7.735819,-1.134876,1.393526,87.766090,-0.514071,-3.813286,0.720454,0.692690,-0.026294,-0.020872
7219,0.104476,9.856383,0.469467,-10.838531,-1.794074,2.095499,87.401268,-0.579337,-3.859110,0.722658,0.690367,-0.026915,-0.020851
7220,0.132866,9.847227,0.531339,-14.592922,-2.297631,2.815914,86.910538,-0.684070,-3.922406,0.725614,0.687225,-0.027868,-0.020739
7221,0.148822,9.845622,0.625865,-19.166769,-2.644021,3.388369,86.277550,-0.817803,-3.997451,0.729407,0.683153,-0.029052,-0.020572
7222,0.162001,9.832705,0.724705,-24.842337,-2.479224,3.719685,85.473747,-0.962981,-4.072864,0.734191,0.677961,-0.030283,-0.020399
7223,0.171466,9.836308,0.883570,-31.087109,-0.986865,3.513783,84.466904,-1.098826,-4.118393,0.740132,0.671433,-0.031246,-0.020162
7224,0.183951,9.817245,1.072186,-37.003937,0.836631,2.373918,83.242210,-1.196751,-4.108593,0.747281,0.663459,-0.031610,-0.019864
7225,0.185959,9.766914,1.295631,-39.656933,2.452616,0.403859,81.860443,-1.225539,-4.046139,0.755241,0.654408,-0.031201,-0.019667
7226,0.185032,9.746727,1.544017,-39.778522,3.998422,-1.126807,80.420395,-1.178818,-3.939502,0.763418,0.644908,-0.030040,-0.019610
7227,0.188232,9.738382,1.776905,-36.977932,4.874348,-1.506907,79.027069,-1.092797,-3.799743,0.771216,0.635638,-0.028446,-0.019511
7228,0.181090,9.689862,1.984274,-32.857258,4.625653,-1.613801,77.767128,-1.000928,-3.653444,0.778173,0.627180,-0.026805,-0.019332
7229,0.155862,9.637464,2.151798,-29.238358,4.143489,-1.569633,76.664619,-0.907199,-3.521583,0.784183,0.619718,-0.025264,-0.019194
7230,0.119193,9.596320,2.380063,-28.494299,3.829202,-1.316517,75.635635,-0.807163,-3.403296,0.789725,0.612702,-0.023769,-0.019140
7231,0.116379,9.576591,2.463686,-28.435198,3.226519,-1.513573,74.640411,-0.707373,-3.301492,0.795022,0.605864,-0.022371,-0.019168
7232,0.094675,9.542556,2.617856,-30.403669,2.791678,-2.212623,73.655914,-0.600136,-3.222262,0.800200,0.599051,-0.021043,-0.019367
7233,0.080939,9.475649,2.860816,-30.881557,2.425508,-2.603434,72.603989,-0.478056,-3.162373,0.805662,0.591718,-0.019697,-0.019769
7234,0.067033,9.450140,3.031615,-29.876499,1.506946,-2.832454,71.533073,-0.356335,-3.127681,0.811149,0.584194,-0.018473,-0.020327
7235,0.080397,9.442163,3.086705,-28.446726,1.041534,-2.699690,70.559250,-0.256395,-3.117506,0.816074,0.577303,-0.017537,-0.020914
7236,0.049602,9.384138,3.297763,-29.603100,0.176306,-2.391372,69.622276,-0.179085,-3.127338,0.820756,0.570625,-0.016860,-0.021512
7237,0.023819,9.295241,3.507418,-28.915045,-0.188387,-1.932076,68.632187,-0.110935,-3.153165,0.825642,0.563522,-0.016310,-0.022179
7238,0.012666,9.261055,3.593334,-30.230474,-0.084606,-1.605574,67.637321,-0.052433,-3.179422,0.830490,0.556341,-0.015820,-0.022794
7239,-0.002496,9.192144,3.735051,-31.119833,0.536470,-1.771961,66.643127,0.009541,-3.194512,0.835275,0.549126,-0.015243,-0.023337
7240,-0.045722,9.085609,3.966724,-31.621847,0.983645,-2.196352,65.598915,0.102333,-3.198382,0.840230,0.541510,-0.014367,-0.023942
7241,-0.074948,8.984435,4.143688,-30.662411,1.591112,-2.181428,64.520592,0.226862,-3.190898,0.845273,0.533605,-0.013188,-0.024601
7242,-0.082173,8.886361,4.287304,-30.317947,1.507338,-2.622751,63.460789,0.361410,-3.180470,0.850154,0.525792,-0.011913,-0.025261
7243,-0.104737,8.766494,4.418401,-30.968294,0.575133,-3.744588,62.405949,0.506082,-3.198643,0.854932,0.517970,-0.010683,-0.026159
7244,-0.136669,8.703275,4.638850,-31.896477,0.151076,-3.915792,61.311543,0.661411,-3.249187,0.859803,0.509806,-0.009492,-0.027330
7245,-0.136415,8.642769,4.758414,-31.468077,-0.460701,-3.021832,60.212822,0.788562,-3.311232,0.864614,0.501558,-0.008541,-0.028444
7246,-0.126358,8.566221,4.853369,-30.601282,-0.701773,-2.214661,59.184792,0.859463,-3.372212,0.869051,0.493791,-0.008011,-0.029287
7247,-0.137819,8.483054,4.993379,-29.387802,-0.494277,-1.306673,58.224590,0.891654,-3.419127,0.873140,0.486494,-0.007719,-0.029847
7248,-0.146903,8.440343,5.153944,-25.670218,0.151163,0.318494,57.354839,0.895780,-3.431935,0.876803,0.479853,-0.007514,-0.030020
7249,-0.133179,8.340017,5.216605,-23.663008,0.427309,1.478287,56.600796,0.864808,-3.406417,0.879954,0.474069,-0.007449,-0.029745
7250,-0.136543,8.242408,5.349445,-23.290035,0.453194,1.507384,55.889980,0.818577,-3.365347,0.882896,0.468595,-0.007453,-0.029286
7251,-0.140753,8.192587,5.545663,-23.610210,0.610344,0.930624,55.138470,0.790173,-3.327179,0.885965,0.462792,-0.007326,-0.028924
7252,-0.132085,8.161358,5.651212,-24.804903,0.912467,0.512537,54.344238,0.783052,-3.292334,0.889161,0.456641,-0.007042,-0.028675
7253,-0.133111,8.042553,5.758476,-26.269655,1.300039,0.262307,53.508301,0.791587,-3.254649,0.892477,0.450146,-0.006618,-0.028466
7254,-0.129552,7.982543,5.923890,-26.968550,1.437351,0.227239,52.619255,0.808561,-3.213240,0.895950,0.443214,-0.006104,-0.028258
7255,-0.110426,7.880124,6.039314,-26.921356,1.548661,0.468443,51.709888,0.815061,-3.166826,0.899449,0.436094,-0.005652,-0.027966
7256,-0.119141,7.766496,6.125460,-26.651302,1.360858,0.503685,50.813717,0.812383,-3.118614,0.902844,0.429048,-0.005273,-0.027620
7257,-0.129869,7.688941,6.233296,-25.238180,1.031187,0.429007,49.962070,0.813074,-3.077580,0.906017,0.422328,-0.004911,-0.027336
7258,-0.106952,7.651633,6.346107,-24.470316,0.861710,0.696169,49.170010,0.801591,-3.040703,0.908926,0.416055,-0.004679,-0.027035
7259,-0.121748,7.536201,6.474443,-23.893185,0.777667,0.813810,48.400940,0.780305,-3.002779,0.911709,0.409943,-0.004532,-0.026688
7260,-0.135035,7.473239,6.579065,-23.577066,0.238977,0.394231,47.637917,0.769612,-2.976180,0.914427,0.403862,-0.004345,-0.026468
7261,-0.124867,7.415943,6.663855,-22.832001,-0.098272,0.366793,46.909958,0.758126,-2.965194,0.916978,0.398043,-0.004231,-0.026367
7262,-0.115510,7.313422,6.757895,-22.523283,-0.257025,0.598805,46.207130,0.732386,-2.957636,0.919407,0.392407,-0.004250,-0.026244
7263,-0.139455,7.188413,6.855961,-21.956852,-0.572897,-0.068011,45.500137,0.714926,-2.960885,0.921812,0.386724,-0.004239,-0.026237
7264,-0.121517,7.143638,6.878443,-21.292618,-1.621178,-0.931707,44.829208,0.705062,-2.997971,0.924054,0.381317,-0.004289,-0.026528
7265,-0.123922,7.076101,7.015207,-22.956778,-1.480790,-1.458144,44.159824,0.695813,-3.061778,0.926252,0.375909,-0.004418,-0.027038
7266,-0.114718,6.979257,7.105977,-23.244713,-1.326681,-1.992201,43.440018,0.699901,-3.135013,0.928577,0.370081,-0.004451,-0.027672
7267,-0.104700,6.871057,7.218478,-23.497721,-1.305376,-2.402614,42.692444,0.708681,-3.217980,0.930950,0.364014,-0.004463,-0.028402
7268,-0.115191,6.794662,7.308240,-23.080912,-1.407677,-2.428492,41.940445,0.719479,-3.307494,0.933294,0.357896,-0.004468,-0.029193
7269,-0.129426,6.664233,7.437343,-22.429253,-0.782057,-2.288095,41.190788,0.742673,-3.390343,0.935591,0.351784,-0.004342,-0.029970
7270,-0.118469,6.599864,7.473000,-20.022755,-0.211379,-2.162952,40.494793,0.775961,-3.457100,0.937688,0.346101,-0.004089,-0.030642
7271,-0.130366,6.497593,7.577980,-18.771261,0.394373,-1.990484,39.873318,0.816794,-3.507588,0.939532,0.341018,-0.003738,-0.031199
7272,-0.150545,6.433368,7.585717,-17.766863,0.704150,-2.144608,39.301117,0.876360,-3.548471,0.941202,0.336335,-0.003213,-0.031728
7273,-0.150080,6.346292,7.665821,-18.172295,1.387787,-2.574928,38.752869,0.955597,-3.586882,0.942778,0.331845,-0.002520,-0.032288
7274,-0.165470,6.276903,7.704747,-18.689123,1.978318,-3.223435,38.188354,1.058676,-3.626804,0.944373,0.327220,-0.001625,-0.032923
7275,-0.197602,6.168516,7.805638,-19.297625,2.436137,-3.809417,37.591858,1.194065,-3.673479,0.946027,0.322332,-0.000467,-0.033696
7276,-0.228433,6.092061,7.858640,-20.542578,2.552210,-4.160452,36.948704,1.354496,-3.728516,0.947776,0.317055,0.000897,-0.034597
7277,-0.249777,5.995842,7.955843,-22.495613,2.643868,-4.613727,36.246658,1.525216,-3.794115,0.949647,0.311284,0.002346,-0.035597
7278,-0.285895,5.893287,8.018931,-23.495016,2.268593,-5.202809,35.486095,1.701315,-3.878733,0.951629,0.305019,0.003820,-0.036750
7279,-0.325011,5.757565,8.192183,-24.979940,1.170064,-5.366189,34.652779,1.868572,-3.990939,0.953749,0.298136,0.005188,-0.038089
7281,-0.332816,5.602251,8.272537,-27.394539,-0.490053,-4.762009,33.711334,1.986326,-4.126643,0.956093,0.290327,0.006139,-0.039475
7282,-0.335214,5.425880,8.356173,-28.918200,-1.861885,-4.658261,32.680820,2.038072,-4.282703,0.958598,0.281740,0.006544,-0.040850
7283,-0.325105,5.228807,8.457676,-30.550457,-2.673815,-4.580394,31.568928,2.040463,-4.457336,0.961223,0.272437,0.006545,-0.042255
7284,-0.303998,5.067097,8.560019,-31.554174,-2.619146,-3.756279,30.397512,2.005001,-4.626152,0.963903,0.262596,0.006291,-0.043525
7285,-0.282702,4.886685,8.599387,-31.761259,-1.493385,-3.234235,29.218439,1.958102,-4.764792,0.966512,0.252658,0.006037,-0.044525
7286,-0.291386,4.743915,8.678492,-30.967093,-0.424071,-3.316460,28.076809,1.938392,-4.878189,0.968941,0.243016,0.006073,-0.045380
7287,-0.297108,4.590180,8.796718,-31.674271,1.051217,-2.803621,26.955944,1.960783,-4.965563,0.971232,0.233539,0.006528,-0.046104
7288,-0.320681,4.448815,8.884707,-30.507483,2.340430,-1.981066,25.857687,2.023682,-5.013295,0.973391,0.224245,0.007411,-0.046567
7289,-0.335948,4.267888,9.001498,-30.533949,2.766040,-1.546138,24.781519,2.111566,-5.031688,0.975426,0.215125,0.008562,-0.046816
7290,-0.334941,4.123056,9.075481,-31.204359,2.894052,-0.703770,23.695105,2.193692,-5.028903,0.977403,0.205895,0.009711,-0.046855
7291,-0.351564,3.922989,9.154454,-31.310179,2.912150,0.138615,22.596199,2.261587,-5.001269,0.979328,0.196533,0.010788,-0.046639
7292,-0.379495,3.762834,9.196135,-30.511112,2.324520,0.416375,21.509769,2.321969,-4.961775,0.981149,0.187256,0.011811,-0.046294
7293,-0.378609,3.606673,9.281590,-31.021156,1.569055,0.506442,20.443422,2.361968,-4.925626,0.982853,0.178128,0.012641,-0.045934
7294,-0.386142,3.439788,9.337153,-30.888710,1.741313,0.601101,19.379223,2.388008,-4.890554,0.984473,0.168997,0.013342,-0.045551
7295,-0.408955,3.305583,9.415017,-30.159481,1.661857,-0.080955,18.345587,2.426420,-4.864408,0.985958,0.160120,0.014120,-0.045257
7296,-0.408688,3.165773,9.459814,-29.358290,1.883045,-0.839313,17.362413,2.479053,-4.860359,0.987285,0.151672,0.014967,-0.045168
7297,-0.388622,3.019338,9.518481,-28.250221,1.690585,-1.058973,16.428921,2.522560,-4.871864,0.988473,0.143641,0.015695,-0.045198
7298,-0.394303,2.866446,9.539099,-27.299236,1.380524,-1.234348,15.538855,2.547554,-4.892435,0.989544,0.135970,0.016237,-0.045282
7299,-0.402769,2.727096,9.573613,-26.580116,0.620326,-1.305966,14.684708,2.557420,-4.922137,0.990516,0.128599,0.016626,-0.045427
7300,-0.402969,2.573630,9.580112,-25.694637,0.356068,-0.748909,13.861287,2.549952,-4.948732,0.991406,0.121479,0.016859,-0.045529
7301,-0.406523,2.443509,9.639759,-25.282190,0.140650,0.140793,13.060543,2.530110,-4.954062,0.992233,0.114542,0.017000,-0.045437
7302,-0.415573,2.304429,9.664381,-25.361092,-0.108280,0.632211,12.266168,2.504156,-4.938843,0.993015,0.107650,0.017104,-0.045162
7303,-0.412743,2.175627,9.711971,-25.079880,-0.595207,0.748236,11.475326,2.469790,-4.916321,0.993751,0.100778,0.017137,-0.044818
7304,-0.406483,2.046505,9.720460,-24.943586,-0.395462,1.021431,10.695991,2.430359,-4.888006,0.994433,0.093999,0.017122,-0.044423
7305,-0.396453,1.896337,9.771964,-24.627285,-0.539065,1.229007,9.919432,2.389361,-4.851548,0.995070,0.087238,0.017094,-0.043958
7306,-0.384846,1.746708,9.795901,-23.783148,-0.786462,1.056627,9.146835,2.339005,-4.815956,0.995660,0.080504,0.016978,-0.043498
7307,-0.369401,1.614779,9.827579,-22.595743,-0.632582,1.045994,8.400927,2.283555,-4.783527,0.996186,0.073997,0.016800,-0.043070
7308,-0.369230,1.509688,9.844336,-21.675299,-0.204027,1.108606,7.698956,2.238945,-4.748166,0.996643,0.067873,0.016696,-0.042633
7309,-0.359478,1.404321,9.861990,-20.681471,-0.677267,0.646297,7.043820,2.197782,-4.718772,0.997033,0.062155,0.016597,-0.042259
7310,-0.356988,1.289891,9.868087,-20.908327,-0.668305,0.307586,6.406778,2.152005,-4.703218,0.997378,0.056593,0.016441,-0.042009
7311,-0.354688,1.193234,9.852809,-20.651411,-0.621153,0.220649,5.776383,2.112658,-4.694179,0.997684,0.051090,0.016333,-0.041822
7312,-0.361827,1.075346,9.873681,-20.309019,-0.273321,-0.006683,5.158278,2.088476,-4.689513,0.997951,0.045699,0.016350,-0.041683
7313,-0.350007,0.916949,9.891376,-20.624525,0.027227,0.020802,4.515757,2.077748,-4.688078,0.998194,0.040099,0.016490,-0.041575
7314,-0.346170,0.791377,9.898125,-20.853291,0.494067,0.213081,3.837954,2.075710,-4.682948,0.998416,0.034192,0.016720,-0.041431
7315,-0.350160,0.691160,9.907445,-20.209221,0.593166,0.269551,3.168247,2.083845,-4.673147,0.998601,0.028358,0.017035,-0.041250
7316,-0.352863,0.601848,9.908086,-19.189617,0.599206,0.316870,2.543674,2.096039,-4.661144,0.998743,0.022917,0.017368,-0.041054
7317,-0.353804,0.487391,9.936653,-18.565157,0.370250,0.431331,1.954270,2.104338,-4.646529,0.998852,0.017781,0.017654,-0.040838
7318,-0.365667,0.397235,9.924599,-17.148722,0.315284,0.553420,1.401075,2.111495,-4.628213,0.998931,0.012958,0.017915,-0.040593
7319,-0.362748,0.327109,9.940963,-16.136518,0.266442,0.474090,0.903441,2.119572,-4.608795,0.998983,0.008620,0.018163,-0.040346
7320,-0.346952,0.231771,9.927855,-15.389770,0.156488,0.307787,0.441578,2.116775,-4.593297,0.999016,0.004590,0.018302,-0.040137
7321,-0.344574,0.108205,9.942646,-15.618275,0.104450,-0.008063,-0.032683,2.103901,-4.586598,0.999031,0.000450,0.018356,-0.040003
7322,-0.333504,0.034473,9.902891,-15.016802,0.047799,0.170480,-0.514684,2.085363,-4.582693,0.999028,-0.003760,0.018362,-0.039892
7323,-0.325996,-0.042864,9.924054,-14.808965,-0.388853,0.301720,-0.977144,2.053732,-4.573293,0.999013,-0.007804,0.018246,-0.039738
7324,-0.331999,-0.128278,9.925349,-13.775598,-0.736977,0.786973,-1.418236,2.011847,-4.553312,0.998989,-0.011667,0.018032,-0.039498
7325,-0.331153,-0.191665,9.928886,-11.857165,-0.698980,1.340893,-1.806434,1.972417,-4.515706,0.998962,-0.015071,0.017817,-0.039115
7326,-0.324798,-0.223620,9.952333,-9.659314,-0.848648,1.867351,-2.106006,1.934323,-4.459289,0.998944,-0.017704,0.017579,-0.038583
7327,-0.326236,-0.269363,9.955668,-7.591014,-0.702262,1.922305,-2.317424,1.899802,-4.392575,0.998937,-0.019569,0.017337,-0.037975
7328,-0.319072,-0.289268,9.952109,-4.849698,-0.203362,1.791097,-2.439607,1.878884,-4.327278,0.998940,-0.020651,0.017184,-0.037391
7329,-0.313282,-0.300561,9.952361,-2.269886,-0.154637,1.568341,-2.446501,1.863870,-4.267424,0.998960,-0.020725,0.017044,-0.036871
7330,-0.309852,-0.309894,9.956542,-0.332343,-0.270742,1.218935,-2.362449,1.844168,-4.216589,0.998994,-0.020006,0.016837,-0.036444
7331,-0.299791,-0.329812,9.943034,1.452402,-0.399088,0.933611,-2.239368,1.816090,-4.176964,0.999031,-0.018948,0.016546,-0.036122
7332,-0.290130,-0.326138,9.942839,3.407798,-0.837248,0.777980,-2.081979,1.772399,-4.145309,0.999071,-0.017594,0.016111,-0.035876
7333,-0.288277,-0.293418,9.940145,4.340764,-1.235730,0.631502,-1.883168,1.715073,-4.118544,0.999116,-0.015883,0.015545,-0.035679
7334,-0.289774,-0.286540,9.945887,4.281772,-1.640233,0.369053,-1.681717,1.653115,-4.098691,0.999156,-0.014149,0.014940,-0.035541
7335,-0.286137,-0.266379,9.922769,4.118812,-2.035489,0.100498,-1.506891,1.587609,-4.088158,0.999188,-0.012646,0.014313,-0.035480
7336,-0.283234,-0.230621,9.902011,3.598736,-1.872174,-0.270292,-1.349274,1.526865,-4.088535,0.999211,-0.011291,0.013735,-0.035509
7337,-0.273113,-0.191847,9.910540,2.125036,-1.707290,-0.709748,-1.216417,1.476179,-4.102489,0.999225,-0.010146,0.013253,-0.035652
7338,-0.261072,-0.193436,9.899796,1.533258,-1.667544,-0.978302,-1.125211,1.427204,-4.128640,0.999230,-0.009363,0.012799,-0.035895
7339,-0.248122,-0.178166,9.901201,1.467802,-1.275347,-0.961512,-1.058423,1.381416,-4.159583,0.999230,-0.008792,0.012382,-0.036176
7340,-0.242556,-0.174847,9.911296,1.344320,-1.031175,-0.869953,-0.999241,1.345031,-4.189098,0.999229,-0.008285,0.012048,-0.036442
7341,-0.237161,-0.172722,9.917655,1.272643,-1.144056,-0.689892,-0.951698,1.312453,-4.214369,0.999227,-0.007878,0.011750,-0.036670
7342,-0.234918,-0.176189,9.915053,1.466382,-1.151628,-0.512884,-0.912429,1.280215,-4.233926,0.999227,-0.007544,0.011458,-0.036847
7343,-0.229596,-0.153744,9.931726,1.177948,-1.023377,-0.380129,-0.872411,1.251852,-4.248328,0.999227,-0.007203,0.011199,-0.036979
7344,-0.217935,-0.155735,9.914349,1.280183,-1.175926,-0.360291,-0.831876,1.219709,-4.260124,0.999229,-0.006858,0.010906,-0.037088
7345,-0.209931,-0.143666,9.904102,1.441909,-1.218651,-0.392336,-0.789206,1.179781,-4.272156,0.999231,-0.006498,0.010545,-0.037199
7346,-0.203288,-0.132467,9.906366,1.300018,-0.936363,-0.450320,-0.741590,1.142778,-4.285678,0.999233,-0.006094,0.010207,-0.037324
7347,-0.202105,-0.114867,9.906828,1.332145,-0.644894,-0.369444,-0.688782,1.118231,-4.298829,0.999233,-0.005640,0.009977,-0.037444
7348,-0.213683,-0.123434,9.894829,2.002069,-0.409780,-0.235161,-0.628695,1.113799,-4.308602,0.999233,-0.005117,0.009919,-0.037535
7349,-0.218079,-0.083368,9.911527,2.385178,0.048219,0.091392,-0.544543,1.132079,-4.310696,0.999234,-0.004377,0.010051,-0.037560
7350,-0.221154,-0.063506,9.931187,2.745566,0.527600,0.472880,-0.429058,1.168359,-4.300742,0.999238,-0.003359,0.010329,-0.037482
7351,-0.225927,-0.057655,9.932291,3.382086,0.671241,0.907775,-0.303492,1.210910,-4.277349,0.999245,-0.002252,0.010658,-0.037288
7352,-0.217380,-0.026242,9.940808,4.296270,0.372270,1.296890,-0.157636,1.240586,-4.240273,0.999257,-0.000974,0.010869,-0.036978
7353,-0.210289,-0.008142,9.946920,4.964791,-0.218255,1.588346,0.015834,1.244060,-4.191773,0.999272,0.000535,0.010844,-0.036571
7354,-0.217279,0.003647,9.920616,5.511145,-0.714193,1.472377,0.199502,1.227129,-4.140604,0.999288,0.002127,0.010639,-0.036142
7355,-0.211077,0.039439,9.912452,5.459290,-1.202488,1.325889,0.386292,1.195009,-4.094050,0.999301,0.003741,0.010301,-0.035753
7356,-0.198804,0.078662,9.929453,5.271681,-1.431423,1.130572,0.574773,1.145697,-4.053288,0.999310,0.005366,0.009814,-0.035412
7357,-0.196240,0.079785,9.916483,5.283849,-1.393325,0.839119,0.747091,1.092732,-4.021095,0.999316,0.006850,0.009301,-0.035143
7358,-0.183020,0.117585,9.893136,4.912899,-1.262133,0.459162,0.900934,1.044041,-4.000425,0.999316,0.008175,0.008831,-0.034972
7359,-0.168858,0.158245,9.910771,4.056812,-1.105047,-0.125267,1.045720,0.995235,-3.995642,0.999310,0.009422,0.008361,-0.034938
7360,-0.156800,0.165838,9.915190,4.435181,-0.882393,-0.053547,1.180436,0.947739,-3.999413,0.999301,0.010583,0.007906,-0.034976
7361,-0.158706,0.185100,9.929089,4.671532,-1.270079,-0.093222,1.313834,0.900789,-4.002983,0.999290,0.011732,0.007455,-0.035012
7362,-0.171001,0.226166,9.943832,4.485266,-1.840732,-0.615091,1.454940,0.854009,-4.016225,0.999274,0.012949,0.007003,-0.035132
7363,-0.165020,0.262581,9.959281,4.462415,-2.580656,-0.898917,1.607748,0.797431,-4.043322,0.999252,0.014266,0.006459,-0.035371
7364,-0.148632,0.290012,9.925653,5.535242,-2.769742,-0.818044,1.785072,0.723355,-4.074358,0.999223,0.015791,0.005754,-0.035641
7365,-0.141833,0.303161,9.923336,5.123268,-2.740620,-1.165960,1.965093,0.646881,-4.110333,0.999190,0.017339,0.005026,-0.035953
7366,-0.116762,0.326975,9.881077,4.149640,-2.368190,-1.368912,2.109530,0.574731,-4.155652,0.999157,0.018578,0.004344,-0.036343
7367,-0.096530,0.340261,9.895271,2.188650,-1.348861,-1.231581,2.195490,0.515695,-4.201479,0.999131,0.019310,0.003794,-0.036736
7368,-0.093624,0.341051,9.866763,1.021021,0.524985,-1.011850,2.216018,0.504460,-4.239675,0.999116,0.019487,0.003683,-0.037067
7369,-0.105988,0.317305,9.917446,-1.204278,1.787038,-0.801282,2.157758,0.556506,-4.268898,0.999114,0.018996,0.004151,-0.037329
7370,-0.121895,0.338427,9.902166,-3.254082,2.153473,-0.586138,2.029714,0.646430,-4.290137,0.999123,0.017910,0.004973,-0.037523
7371,-0.143336,0.311081,9.928472,-4.241671,2.617590,-0.261128,1.870119,0.752371,-4.301974,0.999137,0.016554,0.005948,-0.037634
7372,-0.147072,0.316740,9.898626,-4.450891,2.658964,0.369071,1.706571,0.859370,-4.297711,0.999154,0.015162,0.006935,-0.037602
7373,-0.156367,0.287008,9.950223,-4.260208,1.056829,0.584223,1.555349,0.930370,-4.280185,0.999173,0.013866,0.007606,-0.037448
7374,-0.156072,0.278604,9.912048,-4.048104,0.493770,0.968756,1.417332,0.956352,-4.253660,0.999196,0.012669,0.007880,-0.037211
7375,-0.162658,0.226637,9.955310,-2.867099,0.515098,1.219008,1.296078,0.968443,-4.216914,0.999220,0.011613,0.008029,-0.036883
7376,-0.169590,0.250710,9.938137,-0.425588,-0.000674,1.193068,1.245169,0.975052,-4.176464,0.999237,0.011168,0.008107,-0.036527
7377,-0.173054,0.232607,9.955469,2.473871,-0.125776,1.200700,1.302195,0.974743,-4.136241,0.999244,0.011663,0.008090,-0.036181
7378,-0.177824,0.285963,9.925615,3.968048,0.815769,1.743933,1.442888,0.990461,-4.086335,0.999244,0.012891,0.008188,-0.035757
7379,-0.180123,0.290667,9.905318,5.640829,0.632722,2.276486,1.644514,1.019803,-4.017989,0.999238,0.014653,0.008390,-0.035179
7380,-0.175785,0.321367,9.855799,6.578035,0.275688,3.010460,1.881441,1.035823,-3.928854,0.999232,0.016717,0.008470,-0.034421
7381,-0.168514,0.369785,9.886787,5.482723,0.422141,3.706288,2.117730,1.039519,-3.815953,0.999228,0.018771,0.008450,-0.033455
7382,-0.164879,0.421738,9.934210,3.902223,-0.067774,4.122876,2.315947,1.030111,-3.684635,0.999233,0.020487,0.008333,-0.032323
7384,-0.156628,0.409478,9.939449,4.311394,-1.053658,4.223597,2.479769,0.990676,-3.545998,0.999244,0.021895,0.007970,-0.031118
7385,-0.154500,0.459410,9.951060,3.389898,-2.503452,4.542525,2.628442,0.906780,-3.402385,0.999260,0.023159,0.007227,-0.029860
7386,-0.130788,0.556043,9.975004,2.354398,-3.426852,4.354856,2.792791,0.777318,-3.257887,0.999271,0.024552,0.006086,-0.028583
7387,-0.109116,0.524044,9.983424,1.492895,-3.579700,4.061900,2.929501,0.625373,-3.122595,0.999283,0.025701,0.004757,-0.027377
7388,-0.096109,0.497847,9.928652,0.809409,-3.021397,3.448489,2.983055,0.488587,-3.003063,0.999306,0.026132,0.003579,-0.026305
7389,-0.080790,0.544612,9.866280,-2.571944,-1.651193,2.545146,2.965191,0.397252,-2.907251,0.999335,0.025953,0.002808,-0.025449
7390,-0.074506,0.542684,9.873146,-4.575224,0.775033,1.847800,2.875180,0.379477,-2.834631,0.999372,0.025162,0.002689,-0.024809
7391,-0.085404,0.430182,9.942862,-5.135375,2.359035,1.707409,2.698884,0.438868,-2.773000,0.999420,0.023636,0.003258,-0.024280
7392,-0.118224,0.403020,9.942811,-5.521917,2.549997,1.509025,2.468445,0.542536,-2.716199,0.999474,0.021645,0.004222,-0.023797
7393,-0.114556,0.196733,10.008671,-6.617081,2.180945,1.571568,2.148450,0.643664,-2.662916,0.999536,0.018873,0.005179,-0.023337
7394,-0.113124,0.161800,10.052762,-5.654301,0.278185,1.075623,1.767871,0.690988,-2.619368,0.999600,0.015560,0.005675,-0.022946
7395,-0.091331,0.165867,10.058932,-4.271568,-2.230542,0.976426,1.461927,0.645834,-2.587755,0.999646,0.012881,0.005346,-0.022650
7396,-0.043221,0.197092,9.896692,-3.248387,-4.615917,1.437256,1.258297,0.491854,-2.551126,0.999682,0.011073,0.004046,-0.022307
7397,0.017866,0.140761,9.760560,-2.156295,-5.764034,2.400125,1.116831,0.249328,-2.491175,0.999713,0.009791,0.001963,-0.021758
7398,0.030834,0.310385,9.648091,-1.087813,-4.975863,2.488644,1.099756,-0.011876,-2.413058,0.999732,0.009593,-0.000306,-0.021054
7399,0.023580,0.312883,9.726763,-1.480278,-2.457026,3.242463,1.191399,-0.188947,-2.319918,0.999740,0.010361,-0.001859,-0.020225
7400,0.019025,0.210797,9.838020,-0.684622,-0.410801,3.298922,1.226330,-0.243497,-2.211996,0.999755,0.010659,-0.002331,-0.019278
7401,-0.021795,0.178157,9.960630,-0.877026,0.729437,2.130056,1.184802,-0.199091,-2.121360,0.999774,0.010305,-0.001928,-0.018492
7402,-0.053213,0.245308,10.064500,-1.099847,0.987940,0.541555,1.147808,-0.103049,-2.076274,0.999785,0.009998,-0.001081,-0.018108
7403,-0.042654,0.279256,10.080880,-0.185411,-0.139189,-0.267197,1.171108,-0.030748,-2.071519,0.999784,0.010213,-0.000453,-0.018073
7404,0.004980,0.245398,9.966743,1.139566,-1.623697,-0.354179,1.239137,-0.035967,-2.082520,0.999776,0.010806,-0.000510,-0.018168
7405,0.041549,0.255905,9.836156,1.278834,-1.965675,-0.457939,1.324428,-0.114158,-2.097416,0.999765,0.011537,-0.001208,-0.018290
7406,0.057759,0.306998,9.791384,0.949836,-0.897884,-0.419784,1.427855,-0.200902,-2.113343,0.999751,0.012426,-0.001983,-0.018418
7407,0.064409,0.305191,9.814765,0.749102,0.720790,-0.023037,1.531787,-0.240196,-2.121080,0.999738,0.013326,-0.002343,-0.018479
7408,0.039015,0.205822,9.956006,-0.383130,1.710983,0.779603,1.538356,-0.214610,-2.107411,0.999740,0.013388,-0.002119,-0.018363
7409,0.005885,0.165225,10.017076,-0.727248,1.640955,0.279098,1.433547,-0.141188,-2.088012,0.999755,0.012485,-0.001460,-0.018203
7410,-0.022841,0.227366,10.011229,-1.786844,0.907362,-0.453353,1.325112,-0.057144,-2.089732,0.999767,0.011553,-0.000709,-0.018228
7411,-0.038689,0.183501,10.022973,-1.924519,0.479035,-0.532712,1.225796,0.016759,-2.105676,0.999774,0.010698,-0.000050,-0.018375
7412,-0.038609,0.139884,9.992830,-2.358466,-0.169081,-0.921832,1.090226,0.066675,-2.129900,0.999782,0.009523,0.000405,-0.018591
7413,-0.020929,0.183473,9.885079,-2.204723,-0.422168,-1.983881,0.972799,0.081456,-2.178596,0.999783,0.008501,0.000549,-0.019016
7414,-0.011723,0.240009,9.889693,-3.059002,0.147039,-2.502696,0.911200,0.082192,-2.253418,0.999775,0.007964,0.000561,-0.019669
7415,-0.017596,0.190139,9.931276,-2.924344,0.720790,-1.991510,0.852817,0.098210,-2.328029,0.999765,0.007458,0.000706,-0.020320
7416,-0.006083,0.149206,9.937966,-2.699912,0.688719,-1.846547,0.772220,0.119586,-2.391635,0.999759,0.006759,0.000903,-0.020876
7417,-0.018170,0.149373,9.961968,-2.608279,0.310237,-1.761093,0.692085,0.131274,-2.451520,0.999752,0.006063,0.001016,-0.021398
7418,-0.030255,0.185716,9.949373,-2.609418,0.058483,-1.355197,0.647544,0.140580,-2.503287,0.999745,0.005676,0.001103,-0.021850
7419,-0.031868,0.121328,9.932744,-1.823208,0.055503,-0.497627,0.612964,0.150722,-2.534058,0.999740,0.005377,0.001197,-0.022119
7420,-0.024046,0.117070,9.951935,-1.481308,0.113514,-0.726516,0.568219,0.156581,-2.554408,0.999738,0.004988,0.001256,-0.022296
7421,-0.034613,0.159126,9.953574,-1.078123,0.221879,-1.138515,0.562938,0.165260,-2.585333,0.999732,0.004944,0.001331,-0.022566
7422,-0.024444,0.150890,9.929195,0.526170,0.571331,-1.449803,0.613684,0.180615,-2.628164,0.999721,0.005390,0.001453,-0.022941
7423,-0.031753,0.126996,9.944422,1.864762,0.746794,-1.744305,0.692377,0.201185,-2.681032,0.999706,0.006081,0.001614,-0.023404
7424,-0.036525,0.142326,9.952975,2.296803,0.580478,-1.863327,0.783959,0.225120,-2.740795,0.999688,0.006886,0.001800,-0.023928
7425,-0.033737,0.144327,9.914581,3.006505,0.424816,-2.096792,0.888299,0.240902,-2.806485,0.999668,0.007801,0.001912,-0.024504
7426,-0.037762,0.130469,9.890801,3.111727,0.350002,-2.185296,0.982402,0.250179,-2.877673,0.999645,0.008625,0.001967,-0.025128
7427,-0.045804,0.179275,9.919221,1.941276,0.580411,-2.072377,1.059010,0.266226,-2.948381,0.999623,0.009298,0.002085,-0.025747
7428,-0.046635,0.189023,9.917376,0.853362,0.771165,-1.571874,1.113167,0.291503,-3.008646,0.999604,0.009777,0.002288,-0.026276
7429,-0.060045,0.202227,9.911559,0.493317,1.132859,-1.367401,1.143469,0.329570,-3.056961,0.999590,0.010052,0.002609,-0.026701
7430,-0.072198,0.214793,9.944809,-0.161180,1.332873,-0.866899,1.162481,0.384405,-3.093288,0.999578,0.010231,0.003079,-0.027023
7431,-0.063480,0.216073,9.954364,-0.193079,1.255107,-0.525092,1.172442,0.434159,-3.115504,0.999570,0.010330,0.003509,-0.027222
7432,-0.064527,0.219909,9.939754,-0.444710,0.974270,-0.316037,1.177840,0.464132,-3.128643,0.999565,0.010385,0.003768,-0.027339
7433,-0.067509,0.211929,9.955264,-0.780300,0.421770,-0.172597,1.169889,0.474912,-3.136212,0.999564,0.010319,0.003863,-0.027406
7434,-0.061320,0.186696,9.958206,-1.213708,-0.210129,0.224146,1.131700,0.460284,-3.135318,0.999568,0.009982,0.003745,-0.027395
7435,-0.058497,0.156086,9.950135,-1.664129,-0.700156,0.433200,1.053677,0.422388,-3.124876,0.999578,0.009292,0.003434,-0.027299
7436,-0.064532,0.161772,9.964473,-2.581506,-1.060420,0.504919,0.950338,0.376746,-3.109980,0.999591,0.008379,0.003061,-0.027163
7437,-0.053888,0.134129,9.959910,-2.613804,-1.478622,0.872667,0.836170,0.323244,-3.087854,0.999606,0.007370,0.002623,-0.026963
7438,-0.043456,0.106638,9.910517,-2.261647,-1.806812,1.281615,0.718564,0.255279,-3.052894,0.999623,0.006328,0.002060,-0.026652
7439,-0.041246,0.110412,9.911511,-2.339720,-1.564264,1.232785,0.614535,0.190458,-3.011773,0.999639,0.005405,0.001521,-0.026288
7440,-0.038906,0.122331,9.895138,-2.083353,-1.387241,1.357910,0.542174,0.142476,-2.969095,0.999652,0.004762,0.001120,-0.025913
7441,-0.027254,0.071218,9.876550,-1.404346,-1.115585,1.634103,0.480921,0.104936,-2.919611,0.999666,0.004219,0.000809,-0.025479
7442,-0.027515,0.053480,9.870320,-1.192491,-0.615022,1.281613,0.410266,0.082171,-2.871302,0.999679,0.003597,0.000627,-0.025057
7443,-0.018781,0.071805,9.938399,-1.487134,0.056452,0.581212,0.350362,0.080071,-2.840353,0.999688,0.003074,0.000623,-0.024786
7444,-0.011065,0.081928,9.933576,-1.218466,-0.039673,0.120382,0.316824,0.081187,-2.828642,0.999691,0.002781,0.000640,-0.024684
7445,-0.002238,0.043683,9.932499,-1.309974,-0.001595,-0.311454,0.279935,0.072768,-2.831820,0.999691,0.002458,0.000574,-0.024711
7446,-0.004155,0.045034,9.948127,-1.494682,-0.027633,-0.576965,0.225344,0.061611,-2.846631,0.999689,0.001979,0.000489,-0.024840
7447,-0.009886,0.039425,9.960689,-1.670179,-0.337441,-0.543394,0.170824,0.050681,-2.865320,0.999686,0.001501,0.000405,-0.025003
7448,-0.015550,0.007254,9.918365,-1.168256,-0.508315,-0.395380,0.111819,0.039777,-2.881013,0.999683,0.000984,0.000322,-0.025139
7449,-0.021176,-0.013662,9.921805,-1.084597,-0.488377,-0.210742,0.044965,0.034330,-2.891169,0.999682,0.000400,0.000290,-0.025228
7450,-0.030639,-0.002690,9.935827,-0.784198,-0.401212,-0.071884,-0.009210,0.040116,-2.895917,0.999681,-0.000072,0.000352,-0.025269
7451,-0.015334,0.006634,9.929214,-0.578210,-0.112654,0.108175,-0.033107,0.049034,-2.895324,0.999681,-0.000278,0.000435,-0.025264
7452,-0.008345,-0.015907,9.915174,-0.076190,0.149846,0.181419,-0.045048,0.054016,-2.890501,0.999682,-0.000381,0.000481,-0.025222
7453,-0.013962,0.034493,9.948575,0.143697,0.072044,0.254664,-0.026967,0.060064,-2.883219,0.999683,-0.000222,0.000530,-0.025158
7454,-0.003116,0.053167,9.976926,0.485984,0.096446,0.466769,0.036339,0.061424,-2.871141,0.999686,0.000330,0.000528,-0.025053
7455,0.006591,0.041561,9.954716,0.738209,-0.286679,0.709391,0.105817,0.045256,-2.851501,0.999690,0.000933,0.000372,-0.024882
7456,-0.007244,0.035774,9.947007,0.616387,-0.784217,0.607154,0.156190,0.017928,-2.829583,0.999694,0.001366,0.000123,-0.024690
7457,-0.001697,0.065801,9.948605,0.203131,-1.028374,0.541539,0.199458,-0.013411,-2.810518,0.999698,0.001737,-0.000160,-0.024524
7458,0.013304,0.037236,9.916408,0.011063,-1.074212,0.665140,0.224874,-0.055094,-2.790532,0.999701,0.001950,-0.000528,-0.024349
7459,0.005817,-0.005071,9.894560,-0.063907,-1.129180,0.619362,0.202097,-0.095749,-2.769236,0.999706,0.001743,-0.000878,-0.024162
7460,-0.000801,0.020014,9.905226,-0.230517,-0.866619,0.274503,0.165945,-0.117893,-2.754408,0.999710,0.001423,-0.001063,-0.024033
7461,0.004350,0.046237,9.913212,-0.196933,-0.629940,0.074606,0.160180,-0.125148,-2.748673,0.999711,0.001371,-0.001125,-0.023983
7462,0.007579,0.040408,9.919670,0.109923,-0.452787,0.121910,0.174719,-0.127242,-2.745484,0.999711,0.001498,-0.001147,-0.023955
7463,0.008620,0.027962,9.917789,0.303766,-0.168833,-0.012373,0.187113,-0.123050,-2.743699,0.999712,0.001607,-0.001113,-0.023939
7464,0.015180,0.054284,9.919293,0.337431,0.028106,-0.145128,0.208187,-0.115045,-2.746352,0.999711,0.001792,-0.001047,-0.023962
7465,0.020895,0.049210,9.927121,0.441362,0.098323,-0.171070,0.239719,-0.110184,-2.751649,0.999709,0.002068,-0.001011,-0.024008
7466,0.024086,0.036866,9.917207,0.615359,0.304294,-0.265677,0.261846,-0.106607,-2.758909,0.999707,0.002262,-0.000985,-0.024071
7467,0.022163,0.057580,9.922305,0.684062,0.485837,-0.401484,0.287548,-0.098000,-2.769974,0.999704,0.002488,-0.000916,-0.024168
7468,0.014998,0.082053,9.946941,0.783460,0.485829,-0.470152,0.335471,-0.082621,-2.784456,0.999700,0.002909,-0.000792,-0.024294
7469,0.009185,0.058738,9.940503,0.997246,0.498071,-0.386226,0.382415,-0.062348,-2.798652,0.999696,0.003323,-0.000625,-0.024418
7470,0.003872,0.058828,9.934623,0.989583,0.360795,-0.364864,0.411868,-0.041558,-2.811064,0.999693,0.003584,-0.000451,-0.024527
7471,0.002592,0.070748,9.928426,0.969707,0.238777,-0.389279,0.440246,-0.025366,-2.823551,0.999689,0.003835,-0.000316,-0.024637
7472,0.011821,0.061561,9.920662,0.936064,-0.017592,-0.467101,0.463920,-0.023061,-2.837790,0.999685,0.004042,-0.000301,-0.024761
7473,0.007546,0.048745,9.913625,0.554359,-0.211437,-0.523559,0.464302,-0.032562,-2.854322,0.999682,0.004043,-0.000385,-0.024905
7474,0.009052,0.092781,9.915719,0.195675,-0.193160,-0.874522,0.466698,-0.042810,-2.877673,0.999676,0.004062,-0.000476,-0.025108
7475,0.015623,0.087772,9.913801,0.087427,-0.155067,-0.869944,0.481740,-0.054533,-2.906803,0.999669,0.004191,-0.000582,-0.025362
7476,0.018446,0.081785,9.932183,-0.117021,-0.239076,-0.680728,0.484080,-0.069992,-2.932704,0.999663,0.004207,-0.000719,-0.025587
7477,0.012401,0.088918,9.920127,-0.120056,-0.165876,-0.547973,0.481945,-0.081473,-2.953242,0.999659,0.004186,-0.000819,-0.025766
7478,0.018450,0.081550,9.915072,-0.084944,-0.194891,-0.482357,0.480274,-0.089795,-2.970465,0.999655,0.004169,-0.000892,-0.025916
7479,0.008236,0.062643,9.918787,0.073644,-0.374936,-0.374016,0.468272,-0.097608,-2.984798,0.999652,0.004063,-0.000958,-0.026041
7480,0.013020,0.074473,9.933307,0.030788,-0.184142,-0.389277,0.455631,-0.100890,-2.997573,0.999650,0.003952,-0.000984,-0.026152
7481,0.020523,0.093249,9.934965,-0.051576,-0.188716,-0.367914,0.459286,-0.106540,-3.010248,0.999647,0.003982,-0.001035,-0.026262
7482,0.014862,0.052178,9.935561,0.194035,-0.528994,-0.357231,0.454694,-0.118096,-3.022416,0.999644,0.003939,-0.001135,-0.026368
7483,0.019123,0.059450,9.915015,0.247217,-0.561015,-0.476253,0.437371,-0.133549,-3.036401,0.999641,0.003785,-0.001266,-0.026490
7484,0.029211,0.084138,9.922974,-0.151101,-0.530519,-0.316031,0.433257,-0.154162,-3.049733,0.999638,0.003744,-0.001445,-0.026605
7485,0.021126,0.087709,9.923180,-0.123534,-0.651070,-0.274831,0.439854,-0.174047,-3.059760,0.999635,0.003797,-0.001621,-0.026692
7487,0.016229,0.062698,9.921462,-0.033508,-0.588413,-0.232106,0.436840,-0.184326,-3.068363,0.999633,0.003768,-0.001710,-0.026767
7488,0.023408,0.080352,9.913237,-0.119002,-0.252602,-0.148181,0.429715,-0.186437,-3.074794,0.999632,0.003705,-0.001727,-0.026823
7489,0.024016,0.100012,9.944051,-0.253137,0.057242,-0.145130,0.439486,-0.180754,-3.079759,0.999630,0.003791,-0.001680,-0.026866
7490,0.033273,0.074340,9.942350,0.046056,0.170192,-0.201590,0.448466,-0.173519,-3.085547,0.999629,0.003871,-0.001619,-0.026917
7491,0.030024,0.056252,9.927271,0.239736,0.251057,-0.270256,0.440887,-0.167423,-3.093320,0.999627,0.003807,-0.001564,-0.026985
7492,0.030191,0.085245,9.928893,0.352594,0.399066,-0.427427,0.444120,-0.157099,-3.104843,0.999625,0.003837,-0.001475,-0.027086
7493,0.019927,0.091041,9.953999,0.235207,0.286177,-0.422849,0.465954,-0.142301,-3.118955,0.999621,0.004031,-0.001352,-0.027209
7494,0.012929,0.077693,9.927995,0.351229,0.075691,-0.157339,0.481463,-0.126098,-3.128589,0.999618,0.004170,-0.001215,-0.027294
7495,0.009868,0.085526,9.924667,0.175744,0.211613,-0.073414,0.489766,-0.108736,-3.132390,0.999617,0.004246,-0.001065,-0.027328
7496,0.014515,0.096146,9.933042,0.020164,0.234579,0.088333,0.500096,-0.092671,-3.132089,0.999617,0.004340,-0.000928,-0.027325
7497,0.014231,0.086452,9.928842,0.000379,0.036239,0.227192,0.506258,-0.084944,-3.126801,0.999618,0.004396,-0.000862,-0.027280
7498,0.017237,0.103092,9.937052,-0.135356,0.088118,0.112748,0.511967,-0.083277,-3.121129,0.999619,0.004446,-0.000848,-0.027230
7499,0.020113,0.102801,9.937467,-0.022295,0.127753,0.097489,0.524813,-0.084031,-3.117616,0.999619,0.004558,-0.000858,-0.027199
7500,0.013830,0.085944,9.923775,0.058622,-0.165249,0.129533,0.530189,-0.087303,-3.113846,0.999620,0.004604,-0.000887,-0.027166
7501,0.015411,0.107116,9.917970,0.081560,-0.252224,-0.041371,0.538021,-0.094048,-3.112449,0.999620,0.004671,-0.000948,-0.027154
7502,0.017090,0.092584,9.932495,0.324253,-0.140837,-0.073415,0.552545,-0.101154,-3.114437,0.999619,0.004796,-0.001013,-0.027171
7503,0.020252,0.085514,9.927869,0.676689,-0.116439,-0.012378,0.563455,-0.107284,-3.115899,0.999618,0.004890,-0.001070,-0.027183
7504,0.029232,0.112045,9.953155,0.756056,-0.314873,-0.149710,0.589399,-0.121476,-3.118678,0.999616,0.005113,-0.001200,-0.027206
7505,0.031600,0.119964,9.947274,1.374208,-0.485878,-0.210747,0.641699,-0.145894,-3.124871,0.999612,0.005563,-0.001425,-0.027259
7506,0.023816,0.113685,9.935941,1.900748,-0.579004,-0.299250,0.706883,-0.168304,-3.133610,0.999606,0.006126,-0.001637,-0.027333
7507,0.027383,0.152431,9.924708,2.077912,-0.479803,-0.377073,0.790359,-0.184078,-3.145161,0.999599,0.006850,-0.001795,-0.027431
7508,0.033105,0.158970,9.928894,2.409288,-0.430970,-0.309933,0.892681,-0.198784,-3.156917,0.999589,0.007739,-0.001949,-0.027531
7509,0.030485,0.141746,9.902376,3.153984,-0.267683,-0.322141,0.990420,-0.208834,-3.167656,0.999579,0.008589,-0.002061,-0.027623
7510,0.036167,0.180092,9.928659,3.080720,-0.180687,-0.396911,1.092190,-0.214019,-3.179764,0.999568,0.009476,-0.002131,-0.027726
7511,0.043649,0.204600,9.951634,2.824476,-0.237177,-0.271785,1.202968,-0.224157,-3.191094,0.999556,0.010439,-0.002248,-0.027822
7512,0.038473,0.213297,9.944410,2.986318,-0.354703,-0.268733,1.310063,-0.237001,-3.200364,0.999543,0.011370,-0.002387,-0.027899
7513,0.039378,0.236399,9.933528,3.026057,-0.521017,-0.319089,1.417552,-0.250215,-3.210534,0.999529,0.012304,-0.002529,-0.027984
7514,0.041191,0.261684,9.949769,2.617228,-0.646124,-0.273312,1.524690,-0.267296,-3.220955,0.999515,0.013234,-0.002705,-0.028071
7515,0.034765,0.259804,9.931220,2.779029,-0.548398,-0.262633,1.620435,-0.279628,-3.230446,0.999501,0.014066,-0.002838,-0.028150
7516,0.041594,0.277736,9.930459,2.446339,-0.537629,-0.282472,1.703487,-0.287692,-3.240018,0.999488,0.014788,-0.002930,-0.028230
7517,0.047807,0.294683,9.940534,1.939713,-0.618459,-0.250429,1.774448,-0.301915,-3.249460,0.999476,0.015403,-0.003072,-0.028309
7518,0.046875,0.290490,9.925705,2.229552,-0.796956,-0.230592,1.834491,-0.321235,-3.258161,0.999465,0.015922,-0.003257,-0.028380
7519,0.044008,0.290315,9.925171,2.264434,-0.891481,-0.299261,1.885877,-0.340022,-3.267764,0.999455,0.016365,-0.003435,-0.028460
7520,0.054106,0.318236,9.946257,1.910242,-0.920394,-0.117677,1.936039,-0.361191,-3.275597,0.999445,0.016797,-0.003633,-0.028524
7521,0.058882,0.319549,9.937784,2.847037,-0.996649,0.187508,2.001795,-0.388542,-3.275442,0.999435,0.017364,-0.003888,-0.028516
7522,0.071260,0.311619,9.935016,3.557869,-0.961552,0.294324,2.081033,-0.421473,-3.268396,0.999424,0.018047,-0.004194,-0.028447
7523,0.078991,0.334797,9.933053,3.589617,-0.943287,0.280595,2.167474,-0.458696,-3.259773,0.999411,0.018792,-0.004538,-0.028362
7524,0.085621,0.370102,9.920559,4.730858,-0.943345,0.614776,2.289392,-0.497054,-3.245972,0.999392,0.019846,-0.004901,-0.028230
7525,0.092035,0.452494,9.935787,6.943689,-0.923565,0.373679,2.510159,-0.535115,-3.231068,0.999355,0.021763,-0.005284,-0.028083
7526,0.106595,0.497653,9.980290,10.446239,-0.940442,-0.117670,2.860700,-0.576362,-3.228864,0.999282,0.024810,-0.005729,-0.028039
7527,0.112155,0.590497,9.977523,15.419847,-1.044310,-0.016960,3.359591,-0.620826,-3.233657,0.999162,0.029149,-0.006240,-0.028044
7528,0.105862,0.699982,9.956909,21.252676,-1.225929,-0.140566,4.052515,-0.662071,-3.239660,0.998965,0.035180,-0.006771,-0.028045
7529,0.100377,0.822906,9.925072,26.054079,-1.206031,-0.853187,4.933885,-0.694453,-3.260350,0.998658,0.042853,-0.007277,-0.028160
7530,0.075853,0.856285,9.939130,27.877985,0.086641,-2.206705,5.879878,-0.684641,-3.313168,0.998258,0.051094,-0.007447,-0.028564
7531,0.045265,1.053827,9.844243,28.537323,1.283390,-3.047533,6.836164,-0.605493,-3.397315,0.997778,0.059438,-0.007040,-0.029275
7532,0.021700,1.231132,9.850031,28.972534,2.461965,-4.228665,7.831267,-0.466080,-3.509122,0.997198,0.068131,-0.006147,-0.030269
7533,0.013001,1.420856,9.877387,30.512594,3.120179,-4.718560,8.867662,-0.292541,-3.642541,0.996507,0.077188,-0.005001,-0.031489
7534,0.026361,1.626139,9.888960,31.787254,2.658153,-4.454626,9.963112,-0.135897,-3.777129,0.995684,0.086749,-0.004043,-0.032728
7535,0.037376,1.889370,9.787204,34.424953,0.726370,-2.969909,11.165273,-0.053419,-3.888366,0.994685,0.097210,-0.003764,-0.033720
7536,0.014976,2.080524,9.772975,36.292294,-0.997994,-1.857498,12.468652,-0.048902,-3.968145,0.993492,0.108515,-0.004184,-0.034371
7537,0.001666,2.285093,9.704052,37.498798,-2.375902,-0.256805,13.810755,-0.095095,-4.015214,0.992140,0.120127,-0.005035,-0.034678
7538,0.019758,2.473730,9.634410,38.367905,-2.491859,1.165354,15.169292,-0.175880,-4.020746,0.990647,0.131856,-0.006151,-0.034571
7539,0.004207,2.682052,9.559052,39.905197,-1.451098,2.260945,16.548649,-0.245418,-3.983799,0.989001,0.143752,-0.007120,-0.034088
7540,0.008946,2.884619,9.504318,41.271427,-0.306447,3.084884,17.958670,-0.275934,-3.907218,0.987181,0.155906,-0.007698,-0.033297
7541,0.042719,3.082814,9.460847,41.639435,0.462752,3.855435,19.368904,-0.294986,-3.796528,0.985219,0.168045,-0.008108,-0.032220
7542,0.052681,3.289491,9.380051,40.726959,0.212514,4.062957,20.743910,-0.328102,-3.668642,0.983168,0.179855,-0.008578,-0.030971
7543,0.021873,3.488055,9.214422,38.740173,-0.162752,4.009507,22.063705,-0.363185,-3.542889,0.981066,0.191166,-0.009025,-0.029735
7544,0.001366,3.642150,9.136810,37.572628,0.148861,3.618744,23.311253,-0.374211,-3.424858,0.978957,0.201842,-0.009234,-0.028607
7545,-0.005786,3.895300,9.024384,37.833378,0.742886,3.162309,24.546919,-0.354019,-3.314411,0.976750,0.212401,-0.009165,-0.027602
7546,-0.022796,4.092794,8.901668,38.874172,1.805441,2.959132,25.837021,-0.297520,-3.202892,0.974321,0.223406,-0.008778,-0.026659
7547,-0.032048,4.284673,8.804048,41.335651,3.736287,1.907510,27.190977,-0.184255,-3.087779,0.971636,0.234938,-0.007896,-0.025810
7548,-0.061594,4.572534,8.791634,42.484921,5.477941,0.115787,28.615246,0.006095,-2.984767,0.968654,0.247045,-0.006385,-0.025249
7549,-0.062602,4.859252,8.737082,41.514908,5.998774,-0.626074,30.067039,0.238236,-2.897077,0.965450,0.259351,-0.004550,-0.024953
7550,-0.055672,5.051614,8.664699,39.288982,5.313870,-0.642989,31.458115,0.440698,-2.817811,0.962231,0.271096,-0.002965,-0.024709
7551,-0.052242,5.274551,8.580251,36.981972,3.855053,-0.002078,32.750217,0.571424,-2.745394,0.959116,0.281955,-0.001971,-0.024389
7552,-0.059474,5.443649,8.481275,33.000870,2.026795,1.778804,33.921787,0.611128,-2.667039,0.956195,0.291754,-0.001689,-0.023815
7553,-0.030686,5.593462,8.371911,28.882256,0.001542,4.365477,34.938259,0.535143,-2.564137,0.953598,0.300213,-0.002263,-0.022744
7554,-0.030332,5.693102,8.255038,26.564049,-1.163152,6.566141,35.827576,0.359108,-2.427799,0.951282,0.307578,-0.003535,-0.021122
7555,-0.040088,5.733396,8.268987,27.239136,-3.168473,6.564786,36.625984,0.137800,-2.295081,0.949156,0.314167,-0.005151,-0.019390
7556,-0.035943,5.842717,8.060217,25.966927,-5.918226,4.346108,37.390343,-0.096858,-2.241690,0.947061,0.320456,-0.007070,-0.018258
7557,-0.019754,5.930686,7.911606,25.320696,-6.690204,1.205649,38.161175,-0.300536,-2.297143,0.944884,0.326781,-0.009031,-0.018086
7558,0.010086,5.952694,7.847386,26.017099,-6.787638,-2.377395,38.913681,-0.433084,-2.451659,0.942697,0.332942,-0.010689,-0.018913
7559,0.039181,6.091675,7.769745,26.295221,-7.619043,-6.488407,39.664207,-0.494765,-2.716982,0.940452,0.339070,-0.012104,-0.020837
7560,0.049503,6.356782,7.570485,23.365158,-7.020679,-8.353251,40.463074,-0.494055,-3.062840,0.937999,0.345580,-0.013286,-0.023586
7561,0.056894,6.387866,7.635980,23.040010,-4.785019,-7.729297,41.225796,-0.441876,-3.393894,0.935603,0.351788,-0.014033,-0.026360
7562,0.052304,6.461425,7.615721,24.413956,-4.514779,-7.497476,41.918156,-0.368238,-3.685579,0.933385,0.357418,-0.014502,-0.028881
7563,0.030702,6.599496,7.512701,25.700880,-4.746560,-7.294662,42.649559,-0.293598,-3.970787,0.931004,0.363352,-0.014984,-0.031341
7564,0.023982,6.720210,7.349137,27.203398,-5.172129,-6.489117,43.475502,-0.233561,-4.250780,0.928276,0.370033,-0.015627,-0.033695
7565,0.017770,6.789196,7.244027,27.860735,-4.816458,-5.494335,44.356976,-0.195175,-4.509553,0.925319,0.377138,-0.016428,-0.035790
7566,0.009900,6.970548,7.067166,28.095675,-3.694780,-5.296081,45.284500,-0.150475,-4.736732,0.922158,0.384597,-0.017120,-0.037634
7567,0.029226,7.116193,7.004154,27.255152,-1.634728,-4.302757,46.236080,-0.089426,-4.911868,0.918866,0.392235,-0.017542,-0.039104
7568,0.044043,7.292825,6.957859,23.611416,-0.806227,-3.016321,47.103199,-0.040727,-5.025320,0.915825,0.399176,-0.017843,-0.040046
7569,0.052469,7.365148,6.874094,20.437481,-0.475280,-1.188071,47.836143,-0.032241,-5.088734,0.913230,0.405019,-0.018255,-0.040467
7570,0.072546,7.418086,6.748410,19.692667,-0.126113,0.364090,48.487255,-0.072625,-5.105746,0.910914,0.410184,-0.018867,-0.040353
7571,0.094850,7.483578,6.682024,18.770773,-0.471328,2.441271,49.102242,-0.172818,-5.082952,0.908723,0.415035,-0.019795,-0.039708
7572,0.117746,7.401318,6.824462,17.281727,-1.799278,4.727563,49.563431,-0.354487,-5.033912,0.907088,0.418633,-0.021213,-0.038575
7573,0.106333,7.353828,6.686271,17.529716,-4.126614,5.452743,49.894405,-0.599718,-4.998670,0.905918,0.421169,-0.023133,-0.037333
7574,0.088648,7.446393,6.606202,18.601898,-4.535618,5.147649,50.268719,-0.839541,-4.994298,0.904566,0.424039,-0.025132,-0.036334
7575,0.092976,7.436235,6.521712,24.593863,-4.569015,3.931314,50.783226,-1.026030,-5.012570,0.902666,0.428022,-0.026831,-0.035667
7576,0.101450,7.544486,6.466664,34.673836,-4.086505,3.685301,51.571911,-1.164446,-5.041758,0.899702,0.434165,-0.028273,-0.035186
7577,0.131782,7.873707,6.007212,46.173027,-2.165034,4.385292,52.898750,-1.276643,-5.040642,0.894625,0.444510,-0.029550,-0.034411
7578,0.232975,8.038059,5.695479,55.412766,2.867565,1.922267,54.786957,-1.332124,-4.972617,0.887204,0.459187,-0.030270,-0.033170
7579,0.314199,8.139242,5.392448,61.189034,6.758421,-3.726437,56.965431,-1.257340,-4.863504,0.878339,0.476026,-0.029868,-0.032064
7580,0.187942,8.427607,5.113053,60.762417,9.056294,-8.589414,59.233837,-0.967525,-4.756207,0.868742,0.493451,-0.027839,-0.031902
7581,0.100816,8.584907,4.688624,57.314751,9.700372,-12.711251,61.468739,-0.467248,-4.665513,0.858911,0.510488,-0.024303,-0.032904
7582,-0.003109,8.671513,4.404802,49.887344,7.788626,-15.371422,63.510761,0.141403,-4.625360,0.849583,0.525907,-0.020189,-0.034961
7584,-0.122785,8.915279,4.222272,42.589043,4.488348,-14.619729,65.240341,0.752658,-4.656173,0.841405,0.538835,-0.016370,-0.037751
7585,-0.238766,9.115667,4.050756,37.392956,1.389522,-9.384949,66.705788,1.239256,-4.726639,0.834296,0.549667,-0.013644,-0.040383
7586,-0.164645,9.180444,3.854808,33.980286,-1.064064,-4.320580,67.983833,1.474371,-4.806414,0.828017,0.558985,-0.012783,-0.041950
7587,-0.151040,9.270364,3.760130,30.776123,-2.323161,-3.134414,69.091782,1.507289,-4.904029,0.822528,0.566961,-0.013434,-0.042688
7588,-0.205928,9.353450,3.539023,32.552380,-1.772516,-4.665897,70.152603,1.540875,-5.014282,0.817192,0.574546,-0.014142,-0.043516
7589,-0.271368,9.285494,3.316391,37.461514,-1.006562,-3.814258,71.342674,1.638974,-5.104781,0.811115,0.583014,-0.014359,-0.044506
7590,-0.295536,9.246216,3.053951,41.238537,-0.095547,-3.174971,72.691902,1.753474,-5.157012,0.804136,0.592544,-0.014348,-0.045291
7591,-0.324381,9.283083,2.825954,42.265957,0.728516,-1.768220,74.134979,1.853425,-5.168451,0.796571,0.602645,-0.014281,-0.045711
7592,-0.319385,9.344786,2.527657,42.819031,1.015447,2.217385,75.629837,1.867416,-5.135458,0.788650,0.612993,-0.014604,-0.045368
7593,-0.269247,9.493375,2.333368,42.836620,-0.037455,5.875188,77.147362,1.722822,-5.084678,0.780533,0.623358,-0.015913,-0.044040
7594,-0.215699,9.677951,2.133152,42.603767,-0.771517,5.948904,78.639458,1.474646,-5.055034,0.772446,0.633417,-0.017995,-0.042259
7595,-0.193071,9.805875,1.921180,44.397171,-1.693276,4.009970,80.136917,1.245896,-5.064977,0.764174,0.643403,-0.020129,-0.040804
7596,-0.168900,9.818302,1.681308,48.296173,-2.657729,1.727581,81.709259,1.095786,-5.122322,0.755302,0.653782,-0.022004,-0.040046
7597,-0.153787,9.821171,1.447440,51.019985,-2.819524,-1.410949,83.366066,1.045412,-5.213373,0.745755,0.664603,-0.023437,-0.040025
7598,-0.155884,9.764963,1.132660,51.209148,-1.902473,-3.539402,85.062645,1.095800,-5.301260,0.735787,0.675565,-0.024221,-0.040535
7599,-0.151462,9.705508,0.852108,51.596695,-1.185310,-2.297086,86.770180,1.165743,-5.360531,0.725594,0.686457,-0.024734,-0.040963
7600,-0.128414,9.677190,0.596645,49.801971,-0.147710,-0.628868,88.433235,1.171578,-5.386133,0.715544,0.696911,-0.025445,-0.040795
7601,-0.143426,9.733361,0.260522,45.822193,1.190503,-0.367477,90.008759,1.138089,-5.370556,0.705913,0.706678,-0.026114,-0.040139
7602,-0.169570,9.786776,-0.022775,40.924065,1.463640,-0.103196,91.465965,1.113022,-5.327037,0.696893,0.715602,-0.026503,-0.039383
7603,-0.151394,9.840301,-0.209951,36.591892,1.178295,-0.296752,92.750343,1.092186,-5.283530,0.688851,0.723374,-0.026794,-0.038690
7604,-0.160578,9.854597,-0.423923,31.295074,0.892949,-1.201381,93.845825,1.088242,-5.248920,0.681917,0.729933,-0.026966,-0.038201
7605,-0.191073,9.872869,-0.626721,27.425014,0.473317,-1.822345,94.790489,1.127082,-5.223458,0.675871,0.735544,-0.026887,-0.038077
7606,-0.187668,9.839728,-0.750459,24.452110,-0.068393,-1.262317,95.611115,1.176334,-5.213030,0.670573,0.740378,-0.026803,-0.038140
7607,-0.173401,9.806470,-0.870745,22.046648,-0.462082,-0.798307,96.319527,1.197312,-5.219688,0.665973,0.744512,-0.026959,-0.038148
7608,-0.180573,9.765862,-0.967906,20.861784,-0.645188,-0.375431,96.952049,1.197536,-5.237681,0.661847,0.748172,-0.027286,-0.038104
7609,-0.168620,9.739394,-1.109458,21.550806,0.049119,0.641057,97.582184,1.169996,-5.249924,0.657729,0.751792,-0.027733,-0.037844
7610,-0.138616,9.740398,-1.266654,22.537689,0.444372,2.811279,98.273926,1.072493,-5.250947,0.653214,0.755729,-0.028524,-0.037039
7611,-0.101863,9.762321,-1.396181,24.823334,0.162144,3.869268,99.041962,0.903023,-5.258692,0.648191,0.760054,-0.029783,-0.035767
7612,-0.076473,9.742230,-1.544976,30.788073,0.085935,4.202500,99.957100,0.705068,-5.277929,0.642163,0.765159,-0.031306,-0.034315
7613,-0.058083,9.685380,-1.807084,37.708504,0.572794,5.443586,101.138344,0.488248,-5.297247,0.634310,0.771685,-0.032989,-0.032638
7614,-0.030618,9.637854,-2.041816,43.483501,0.282954,6.231378,102.589798,0.248395,-5.323471,0.624558,0.779594,-0.034886,-0.030729
7615,-0.014144,9.552419,-2.258222,47.108536,-0.154920,6.237772,104.204697,0.013037,-5.369910,0.613574,0.788246,-0.036895,-0.028864
7616,0.000849,9.455473,-2.502706,49.791943,0.193019,6.089868,105.910934,-0.198145,-5.423084,0.601826,0.797223,-0.038800,-0.027121
7617,0.042357,9.364102,-2.805526,48.683460,0.678272,5.865598,107.647423,-0.397674,-5.467087,0.589730,0.806184,-0.040542,-0.025353
7618,0.088030,9.319238,-3.042103,44.257504,0.487560,5.723788,109.278809,-0.598385,-5.510457,0.578248,0.814427,-0.042220,-0.023565
7619,0.125499,9.296612,-3.237548,38.807117,-0.321133,6.079477,110.687988,-0.801294,-5.575565,0.568241,0.821394,-0.043978,-0.021911
7620,0.163725,9.181049,-3.444572,33.849262,-1.601321,5.757675,111.886497,-0.993328,-5.677173,0.559661,0.827195,-0.045875,-0.020559
7621,0.210631,9.221503,-3.581670,29.267942,-1.619537,6.504071,112.886940,-1.188201,-5.804186,0.552458,0.831937,-0.047913,-0.019355
7622,0.247735,9.199860,-3.717957,25.380451,-1.360002,5.425506,113.694496,-1.383497,-5.926726,0.546624,0.835694,-0.049872,-0.018176
7623,0.285329,9.165044,-3.841793,23.856432,-1.709291,3.200985,114.391708,-1.528591,-6.029637,0.541561,0.838909,-0.051420,-0.017295
7624,0.287228,9.107923,-3.979239,23.701223,-2.043345,-0.045974,115.066597,-1.576887,-6.105899,0.536615,0.842033,-0.052307,-0.016994
7625,0.279808,9.074823,-4.117513,24.550257,-2.143992,-3.300693,115.771942,-1.507422,-6.142650,0.531393,0.845327,-0.052360,-0.017355
7626,0.231684,8.889502,-4.311240,25.993433,-3.692835,-6.737155,116.576065,-1.305220,-6.155222,0.525377,0.849098,-0.051649,-0.018544
7627,0.169401,8.799459,-4.420612,28.131378,-5.691934,-7.302017,117.492371,-0.992461,-6.188308,0.518454,0.853357,-0.050629,-0.020611
7628,0.091031,8.702820,-4.547252,29.224058,-6.444439,-7.343650,118.462387,-0.628441,-6.251982,0.511063,0.857794,-0.049656,-0.023191
7629,0.047079,8.593188,-4.678901,28.603134,-6.383642,-6.646751,119.440437,-0.265032,-6.325406,0.503564,0.862192,-0.048809,-0.025824
7630,0.004127,8.539672,-4.844282,27.954760,-6.392978,-5.523994,120.398964,0.057745,-6.408088,0.496181,0.866418,-0.048251,-0.028214
7631,-0.025513,8.494266,-5.001246,27.329264,-6.831020,-4.578101,121.334671,0.338053,-6.510366,0.488941,0.870462,-0.048060,-0.030384
7632,-0.034599,8.435183,-5.105628,26.834827,-7.200279,-3.682359,122.232285,0.574975,-6.636544,0.481966,0.874262,-0.048262,-0.032345
7633,-0.040112,8.373520,-5.205842,26.764315,-7.338982,-3.274680,123.088699,0.770363,-6.778606,0.475285,0.877818,-0.048779,-0.034069
7634,-0.068780,8.282470,-5.334846,26.420567,-6.880968,-3.030154,123.927231,0.939820,-6.919400,0.468723,0.881244,-0.049415,-0.035590
7635,-0.097233,8.206175,-5.451349,26.095146,-6.125382,-2.317157,124.756584,1.084518,-7.049482,0.462219,0.884582,-0.050091,-0.036872
7636,-0.120153,8.141650,-5.563923,25.845959,-5.320960,-1.414937,125.568970,1.192953,-7.171225,0.455840,0.887801,-0.050862,-0.037840
7637,-0.163036,8.043542,-5.732091,25.023170,-4.264796,-1.458862,126.380028,1.282013,-7.273682,0.449463,0.890974,-0.051574,-0.038573
7638,-0.197484,7.960658,-5.893033,24.573048,-3.956417,-1.077185,127.207176,1.371377,-7.358468,0.442943,0.894171,-0.052167,-0.039224
7639,-0.214185,7.906721,-5.972621,25.824301,-4.758952,-0.880204,128.044113,1.467134,-7.453919,0.436315,0.897353,-0.052833,-0.039955
7640,-0.219273,7.780653,-6.063880,26.054558,-4.944993,-1.751344,128.888641,1.579565,-7.554046,0.429591,0.900513,-0.053490,-0.040823
7641,-0.234613,7.615985,-6.188615,25.810469,-4.830390,-2.279117,129.757141,1.707039,-7.637785,0.422650,0.903721,-0.053986,-0.041730
7642,-0.250012,7.522782,-6.244590,25.313110,-4.789010,0.162581,130.616150,1.806376,-7.737729,0.415769,0.906828,-0.054726,-0.042472
7643,-0.256897,7.410378,-6.306993,22.959959,-3.821360,0.602306,131.397934,1.853942,-7.855419,0.409501,0.909592,-0.055778,-0.042895
7644,-0.238425,7.282123,-6.426259,20.005651,-2.327177,0.457696,132.098373,1.858010,-7.944611,0.403897,0.912035,-0.056735,-0.042900
7645,-0.243790,7.252412,-6.483767,17.832563,-1.135071,1.318727,132.708298,1.815301,-8.008439,0.399040,0.914135,-0.057621,-0.042479
7646,-0.242615,7.225914,-6.549357,14.630661,0.043274,2.324697,133.191162,1.727404,-8.065434,0.395217,0.915769,-0.058560,-0.041731
7647,-0.232320,7.186407,-6.636563,11.517057,1.145350,1.258493,133.547424,1.609948,-8.094821,0.392430,0.916963,-0.059329,-0.040710
7648,-0.234301,7.143627,-6.708560,10.294112,1.516483,1.158163,133.836304,1.494571,-8.093060,0.390188,0.917935,-0.059812,-0.039631
7649,-0.258569,7.149084,-6.761431,10.981654,1.330439,0.711218,134.119812,1.418174,-8.082644,0.387966,0.918893,-0.060086,-0.038836
7650,-0.242230,7.114522,-6.823113,11.963726,0.750575,-0.613274,134.434052,1.392824,-8.060732,0.385468,0.919961,-0.060102,-0.038394
7651,-0.234223,7.061165,-6.870080,14.140821,-0.015427,-2.416891,134.825989,1.417088,-8.017655,0.382319,0.921300,-0.059805,-0.038239
7652,-0.240806,6.986939,-6.932688,17.267275,-0.709704,-3.916852,135.332611,1.497005,-7.951946,0.378215,0.923026,-0.059179,-0.038401
7653,-0.251022,6.884111,-6.998066,21.082142,-1.875490,-5.174194,135.979965,1.630437,-7.873579,0.372941,0.925203,-0.058326,-0.038887
7654,-0.261862,6.754868,-7.111836,23.916180,-2.693319,-5.781463,136.775787,1.802329,-7.792807,0.366431,0.927829,-0.057388,-0.039613
7655,-0.305680,6.669161,-7.200278,27.087622,-3.216645,-5.499127,137.690857,1.994022,-7.719914,0.358920,0.930776,-0.056507,-0.040481
7656,-0.340079,6.612325,-7.280060,28.374275,-2.825987,-5.389253,138.650513,2.187809,-7.650807,0.351020,0.933795,-0.055683,-0.041373
7657,-0.352905,6.489836,-7.438468,27.437550,-2.212489,-5.831713,139.605148,2.363090,-7.563571,0.343154,0.936735,-0.054784,-0.042077
7658,-0.363827,6.404149,-7.564632,24.976475,-1.028174,-5.013662,140.509827,2.492991,-7.458858,0.335709,0.939468,-0.053872,-0.042401
7659,-0.378262,6.329746,-7.614247,21.785702,0.218776,-3.287610,141.286407,2.551830,-7.360687,0.329336,0.941767,-0.053181,-0.042236
7660,-0.367375,6.204775,-7.691844,18.265125,1.531418,-1.636264,141.928284,2.529898,-7.279919,0.324098,0.943635,-0.052814,-0.041528
7661,-0.355632,6.086517,-7.760282,17.666830,2.490131,0.202825,142.514938,2.430548,-7.221093,0.319341,0.945309,-0.052820,-0.040274
7662,-0.348253,6.018022,-7.789993,19.261272,2.963593,1.753503,143.115173,2.278653,-7.193362,0.314483,0.946981,-0.053221,-0.038667
7663,-0.326850,5.951754,-7.873079,21.206575,3.060111,2.307719,143.761932,2.103618,-7.189627,0.309234,0.948741,-0.053883,-0.036908
7664,-0.283778,5.829098,-7.974197,23.658653,3.426753,2.361443,144.500580,1.912674,-7.190394,0.303220,0.950710,-0.054635,-0.034979
7665,-0.269176,5.701252,-8.040273,27.310339,3.804068,1.365304,145.366455,1.722943,-7.172281,0.296140,0.952977,-0.055241,-0.032941
7666,-0.240090,5.575192,-8.123682,27.547066,3.830358,0.315705,146.304855,1.555568,-7.124113,0.288433,0.955387,-0.055531,-0.030972
7667,-0.227559,5.426516,-8.200591,26.747713,4.056486,-0.811763,147.237442,1.411926,-7.045141,0.280748,0.957734,-0.055475,-0.029126
7668,-0.214749,5.267714,-8.244453,26.442768,3.691994,-2.253636,148.153229,1.303731,-6.932744,0.273171,0.959997,-0.055023,-0.027507
7669,-0.238616,5.175601,-8.304562,26.232256,2.256131,-4.487571,149.041367,1.273515,-6.785275,0.265773,0.962154,-0.054067,-0.026484
7670,-0.215869,5.095819,-8.444107,24.056139,0.829350,-5.267339,149.866974,1.317002,-6.619534,0.258849,0.964123,-0.052763,-0.026086
7671,-0.224118,4.978553,-8.566654,23.039761,0.324289,-5.610658,150.643326,1.387477,-6.452939,0.252313,0.965932,-0.051379,-0.025955
7672,-0.224358,4.875496,-8.642215,22.128717,-0.066287,-5.578577,151.393143,1.466284,-6.287956,0.245985,0.967637,-0.049984,-0.025929
7673,-0.217334,4.647130,-8.699155,21.066938,0.345879,-5.108509,152.146255,1.526074,-6.128250,0.239627,0.969302,-0.048677,-0.025771
7674,-0.217296,4.589428,-8.780358,20.624889,1.208293,-4.897802,152.897156,1.547450,-5.967283,0.233296,0.970918,-0.047437,-0.025305
7675,-0.244179,4.347643,-8.765340,20.103636,1.898233,-4.597098,153.647690,1.545760,-5.801152,0.226968,0.972494,-0.046196,-0.024651
7676,-0.251692,4.218486,-8.740593,21.705149,1.747275,-4.427689,154.438889,1.544692,-5.637022,0.220283,0.974103,-0.044972,-0.024007
7677,-0.238653,4.128004,-8.818351,24.396019,1.115663,-4.447488,155.284576,1.550480,-5.480998,0.213118,0.975762,-0.043808,-0.023433
7678,-0.256331,4.145952,-8.934757,25.784801,0.499305,-3.930151,156.145203,1.569543,-5.342324,0.205804,0.977387,-0.042766,-0.023017
7679,-0.262289,3.880369,-8.968831,27.210190,-0.217825,-2.923020,157.050735,1.604258,-5.235226,0.198080,0.979022,-0.041971,-0.022790
7680,-0.255956,3.849802,-9.098787,30.187567,-1.006638,-2.410279,158.042038,1.646472,-5.160094,0.189601,0.980724,-0.041453,-0.022663
7681,-0.258784,3.702864,-9.184896,30.286760,-0.885934,-1.975327,159.052643,1.683946,-5.103868,0.180941,0.982376,-0.041110,-0.022529
7682,-0.277000,3.591199,-9.260642,29.018562,-0.606554,-1.882187,160.025513,1.713473,-5.053100,0.172592,0.983893,-0.040819,-0.022356
7683,-0.269916,3.436202,-9.344503,27.205475,0.083306,-1.985888,160.932343,1.726277,-4.996413,0.164806,0.985248,-0.040489,-0.022061
7684,-0.254931,3.375741,-9.411693,25.083891,1.032677,-1.503592,161.745148,1.698016,-4.937479,0.157836,0.986415,-0.040176,-0.021448
7685,-0.255576,3.210920,-9.413368,22.644686,1.890531,-0.842746,162.456573,1.629922,-4.888202,0.151744,0.987397,-0.039975,-0.020547
7687,-0.236933,3.045255,-9.473015,22.996637,2.171589,0.014934,163.159195,1.535532,-4.857069,0.145729,0.988326,-0.039952,-0.019448
7688,-0.223114,2.848711,-9.473993,24.723879,2.499966,1.350216,163.942673,1.419372,-4.857632,0.139013,0.989306,-0.040231,-0.018172
7689,-0.218485,2.656428,-9.405257,28.172714,2.027160,2.863996,164.849960,1.301467,-4.904747,0.131213,0.990365,-0.040917,-0.016888
7690,-0.202189,2.417124,-9.420068,30.440891,0.724174,4.255667,165.896286,1.209915,-5.006705,0.122186,0.991490,-0.042050,-0.015830
7691,-0.165185,2.230524,-9.545489,32.219666,-1.262360,5.285699,167.054810,1.156935,-5.161359,0.112156,0.992619,-0.043600,-0.015097
7692,-0.141969,2.007947,-9.668666,32.723045,-2.375929,5.896126,168.281891,1.136541,-5.354197,0.101504,0.993689,-0.045450,-0.014623
7693,-0.141246,1.887453,-9.761039,32.524387,-2.102382,5.664248,169.501770,1.127497,-5.555938,0.090899,0.994632,-0.047361,-0.014220
7694,-0.139314,1.723278,-9.912694,31.591406,-0.565370,6.238059,170.663239,1.091957,-5.758009,0.080805,0.995418,-0.049283,-0.013573
7695,-0.102968,1.554032,-10.068414,30.672022,2.343568,6.555527,171.779556,0.971841,-5.963515,0.071136,0.996073,-0.051275,-0.012176
7696,-0.074505,1.400873,-10.046090,29.792088,7.117321,6.209233,172.842499,0.713984,-6.153239,0.061995,0.996613,-0.053177,-0.009560
7697,-0.044591,1.337729,-9.901882,28.623070,11.187589,5.502817,173.797150,0.318973,-6.312611,0.053868,0.997025,-0.054829,-0.005754
7698,0.036829,1.085783,-9.786786,26.867840,12.764484,5.702789,174.676132,-0.165042,-6.459501,0.046450,0.997330,-0.056346,-0.001180
7699,0.124677,0.980085,-9.679024,25.028734,12.032726,4.543154,175.501740,-0.667171,-6.595191,0.039514,0.997545,-0.057705,0.003551
7700,0.179633,0.869624,-9.563172,22.775745,9.887881,3.566609,176.220703,-1.108190,-6.703896,0.033482,0.997681,-0.058753,0.007721
7701,0.212266,0.746667,-9.543857,20.743870,6.279423,2.815867,176.852325,-1.422509,-6.792943,0.028150,0.997770,-0.059558,0.010760
7702,0.243379,0.571701,-9.602894,19.531691,2.040521,2.350454,177.460068,-1.578255,-6.871078,0.022946,0.997845,-0.060210,0.012416
7703,0.243501,0.512515,-9.697107,19.253506,-1.658394,1.288395,178.056900,-1.579078,-6.930286,0.017756,0.997919,-0.060660,0.012728
7704,0.242515,0.341430,-9.813252,18.751143,-4.403725,0.623075,178.654419,-1.457940,-6.964008,0.012492,0.997995,-0.060875,0.011985
7705,0.218723,0.253208,-9.933860,18.776981,-5.844423,-0.303171,179.268768,-1.262407,-6.972004,0.007039,0.998065,-0.060870,0.010608
7706,0.201458,0.161447,-9.994933,18.184729,-5.856822,-0.596156,179.863266,-1.046292,-6.957816,0.001745,0.998114,-0.060689,0.009041
7707,0.195035,0.052241,-10.033717,16.626537,-4.855840,-0.628206,-179.581375,-0.865008,-6.936381,-0.003190,0.998135,-0.060465,0.007756
7708,0.173395,-0.061417,-10.034448,13.820216,-3.311483,-1.119557,-179.090149,-0.742451,-6.905449,-0.007535,0.998136,-0.060170,0.006945
7709,0.142909,-0.073534,-10.002437,11.823857,-1.434453,-1.555980,-178.712799,-0.679770,-6.858778,-0.010858,0.998133,-0.059747,0.006593
7710,0.130830,-0.144625,-9.881746,10.634380,0.268608,-1.452229,-178.425018,-0.675767,-6.807152,-0.013369,0.998129,-0.059281,0.006702
7711,0.134743,-0.176545,-9.829544,10.372619,0.322172,-1.139429,-178.166611,-0.704149,-6.763228,-0.015608,0.998118,-0.058879,0.007077
7712,0.125704,-0.229400,-9.807052,10.739500,-0.835889,-0.544330,-177.910370,-0.709351,-6.733808,-0.017839,0.998095,-0.058606,0.007249
7713,0.118125,-0.327203,-9.809130,12.917961,-1.963540,0.371218,-177.577789,-0.663800,-6.728376,-0.020760,0.998044,-0.058546,0.007022
7714,0.092564,-0.401131,-9.792551,14.570341,-3.056196,0.713026,-177.141174,-0.569172,-6.742282,-0.024610,0.997954,-0.058661,0.006424
7715,0.084052,-0.503650,-9.851512,15.498099,-4.620397,1.224216,-176.640427,-0.425676,-6.767475,-0.029043,0.997827,-0.058889,0.005437
7716,0.044967,-0.576459,-9.871693,15.141064,-5.246180,1.309677,-176.126144,-0.241994,-6.799196,-0.033615,0.997672,-0.059194,0.004111
7717,0.020111,-0.633955,-9.887675,13.183161,-5.238731,1.036547,-175.669342,-0.044910,-6.825495,-0.037693,0.997515,-0.059471,0.002640
7718,0.011555,-0.694489,-9.866240,10.257581,-4.770332,1.060965,-175.320694,0.130759,-6.847104,-0.040819,0.997380,-0.059713,0.001300
7719,0.011131,-0.778558,-9.870992,7.370136,-4.329160,0.623011,-175.070374,0.264317,-6.862458,-0.043067,0.997275,-0.059894,0.000274
7720,-0.042867,-0.722340,-9.872464,4.251908,-3.378332,0.383428,-174.960526,0.374379,-6.868450,-0.044080,0.997225,-0.059988,-0.000625
7721,-0.070273,-0.801482,-9.864342,1.521078,-2.633694,1.001435,-174.968857,0.477709,-6.883252,-0.044061,0.997215,-0.060156,-0.001522
7722,-0.090633,-0.781938,-9.859695,0.127165,-2.073744,0.853431,-175.023285,0.565876,-6.907832,-0.043634,0.997217,-0.060402,-0.002309
7723,-0.119488,-0.714480,-9.887369,-1.488381,-1.881620,0.934329,-175.169083,0.649874,-6.933067,-0.042410,0.997253,-0.060649,-0.003107
7724,-0.140887,-0.654574,-9.832346,-1.227476,-1.610248,2.660187,-175.386032,0.739755,-6.989909,-0.040571,0.997295,-0.061169,-0.003984
7725,-0.110695,-0.764552,-9.814430,-0.821038,-1.723227,3.668841,-175.529846,0.810280,-7.091992,-0.039361,0.997284,-0.062076,-0.004640
7726,-0.104101,-0.746742,-9.815316,0.260610,-1.809955,3.003521,-175.566299,0.850179,-7.198603,-0.039070,0.997235,-0.063016,-0.004971
7727,-0.108707,-0.776397,-9.833045,1.842964,-1.805026,3.070634,-175.536224,0.879322,-7.294913,-0.039352,0.997169,-0.063865,-0.005175
7728,-0.094018,-0.840822,-9.849619,3.442547,-1.537530,2.950044,-175.404114,0.892096,-7.389924,-0.040513,0.997068,-0.064702,-0.005179
7729,-0.054266,-0.853283,-9.893575,3.993960,-0.761722,1.680415,-175.220276,0.866162,-7.462946,-0.042101,0.996963,-0.065337,-0.004822
7730,-0.068057,-0.853831,-9.884063,5.549185,0.252148,0.766328,-175.028046,0.805772,-7.502570,-0.043740,0.996874,-0.065667,-0.004172
7731,-0.069667,-0.884118,-9.849919,7.586524,1.427738,0.424463,-174.784180,0.710270,-7.524709,-0.045808,0.996774,-0.065830,-0.003193
7732,-0.098275,-0.919009,-9.817822,9.308010,3.126542,-0.204260,-174.476242,0.585421,-7.535395,-0.048416,0.996650,-0.065880,-0.001925
7733,-0.072672,-0.981551,-9.776962,10.246738,3.827191,-0.541517,-174.119064,0.441290,-7.534359,-0.051440,0.996505,-0.065812,-0.000467
7734,-0.087204,-1.047758,-9.802257,10.183007,4.146190,-0.535424,-173.739182,0.298442,-7.530326,-0.054662,0.996340,-0.065711,0.000991
7735,-0.061499,-1.057637,-9.753325,8.275723,4.133877,-0.991665,-173.417908,0.170033,-7.520301,-0.057382,0.996195,-0.065557,0.002287
7736,-0.036733,-1.074194,-9.758862,5.127429,3.770620,-1.011491,-173.228638,0.044948,-7.502493,-0.058956,0.996114,-0.065334,0.003473
7737,0.014767,-1.065104,-9.781809,1.173041,2.314959,-0.868061,-173.202255,-0.067400,-7.483442,-0.059122,0.996115,-0.065109,0.004455
7738,0.003643,-1.060591,-9.822269,-2.473387,1.547489,-0.485063,-173.333221,-0.141727,-7.468519,-0.057942,0.996193,-0.064947,0.005019
7739,-0.007048,-1.064944,-9.816308,-5.443664,0.483767,-0.134083,-173.556061,-0.159734,-7.461985,-0.055995,0.996307,-0.064891,0.005046
7740,-0.019538,-1.032749,-9.838541,-6.628361,-0.575508,0.444272,-173.820953,-0.126325,-7.466883,-0.053710,0.996431,-0.064961,0.004608
7741,-0.014313,-1.025575,-9.842198,-7.741187,-1.297570,0.946335,-174.107285,-0.059692,-7.486670,-0.051257,0.996549,-0.065174,0.003875
7742,-0.018799,-1.007718,-9.822438,-7.526197,-1.358842,1.268329,-174.379959,0.014054,-7.519041,-0.048927,0.996648,-0.065496,0.003092
7743,-0.027963,-0.951978,-9.814902,-5.872167,-1.458224,1.172216,-174.611206,0.086506,-7.555119,-0.046956,0.996722,-0.065846,0.002345
7744,-0.039533,-0.915468,-9.804592,-3.316337,-1.371459,1.149347,-174.774918,0.160405,-7.589360,-0.045574,0.996765,-0.066176,0.001621
7745,-0.038708,-0.934751,-9.835381,-2.284687,-1.129008,0.856385,-174.854660,0.223965,-7.618877,-0.044917,0.996777,-0.066459,0.001034
7746,-0.060005,-0.898589,-9.814884,-0.889750,-1.123062,0.102592,-174.881073,0.280102,-7.631361,-0.044720,0.996778,-0.066589,0.000535
7747,-0.063929,-0.883189,-9.798482,-0.561579,-1.338397,-0.635939,-174.894440,0.340067,-7.618810,-0.044638,0.996787,-0.066503,0.000001
7748,-0.080145,-0.912262,-9.784007,-0.794833,-1.150890,-0.684755,-174.893707,0.399546,-7.593059,-0.044679,0.996799,-0.066302,-0.000526
7749,-0.086045,-0.901552,-9.767269,-1.188198,-0.908461,-0.912102,-174.890915,0.452471,-7.563264,-0.044733,0.996812,-0.066064,-0.000996
7750,-0.097413,-0.853635,-9.757224,-1.059971,-0.850659,-1.685731,-174.922668,0.498036,-7.517514,-0.044482,0.996848,-0.065683,-0.001429
7751,-0.081489,-0.864074,-9.779446,-0.986842,-1.078099,-2.068730,-174.968781,0.533245,-7.452465,-0.044100,0.996900,-0.065130,-0.001787
7752,-0.075206,-0.865484,-9.815720,-0.242207,-1.140564,-1.745243,-174.990494,0.553658,-7.385916,-0.043922,0.996945,-0.064558,-0.002002
7753,-0.102995,-0.834698,-9.831118,0.206290,-1.219869,-1.900889,-175.004105,0.582821,-7.322071,-0.043819,0.996984,-0.064013,-0.002288
7754,-0.071124,-0.839923,-9.833300,-0.123535,-1.656180,-2.799666,-175.026642,0.612266,-7.240098,-0.043637,0.997036,-0.063311,-0.002588
7755,-0.065837,-0.845551,-9.837046,-0.439547,-1.339980,-2.991961,-175.050934,0.616988,-7.139762,-0.043426,0.997100,-0.062439,-0.002680
7756,-0.072340,-0.831328,-9.849247,-0.801345,-0.878796,-3.124746,-175.087448,0.605846,-7.035172,-0.043100,0.997171,-0.061524,-0.002643
7757,-0.084990,-0.817839,-9.832759,-1.253220,-0.162903,-3.724452,-175.142761,0.587588,-6.920165,-0.042606,0.997254,-0.060515,-0.002556
7758,-0.072646,-0.802749,-9.822086,-1.605923,0.635329,-4.310421,-175.212662,0.549404,-6.787604,-0.041975,0.997352,-0.059346,-0.002309
7759,-0.088097,-0.820907,-9.813286,-2.027198,1.239722,-3.933526,-175.285095,0.492989,-6.653376,-0.041313,0.997451,-0.058156,-0.001904
7760,-0.067819,-0.809551,-9.826080,-1.789161,1.378666,-3.321637,-175.348495,0.430290,-6.536420,-0.040729,0.997536,-0.057115,-0.001432
7761,-0.076594,-0.793349,-9.815070,-1.273426,1.865484,-2.639552,-175.402008,0.362998,-6.441763,-0.040229,0.997605,-0.056267,-0.000906
7762,-0.062460,-0.774179,-9.842092,-1.571090,1.755605,-2.200083,-175.460968,0.297776,-6.366249,-0.039683,0.997665,-0.055586,-0.000394
7763,-0.036286,-0.772545,-9.829570,-2.735492,1.522212,-1.759097,-175.545807,0.230132,-6.304818,-0.038912,0.997726,-0.055028,0.000133
7764,-0.033732,-0.735643,-9.852264,-3.353645,1.682528,-0.947312,-175.663940,0.163086,-6.263984,-0.037851,0.997788,-0.054651,0.000647
7765,-0.037838,-0.728770,-9.839943,-4.357882,1.615373,-0.188924,-175.811981,0.108397,-6.249244,-0.036536,0.997844,-0.054506,0.001048
7766,-0.015028,-0.721997,-9.849185,-5.751112,1.471915,0.160515,-175.987061,0.059485,-6.252475,-0.034989,0.997898,-0.054521,0.001391
7767,-0.020687,-0.697875,-9.828979,-6.022694,1.337608,0.513005,-176.179657,0.016262,-6.266868,-0.033291,0.997950,-0.054636,0.001680
7768,-0.006166,-0.666572,-9.836020,-4.830880,0.957602,0.743423,-176.353333,-0.015016,-6.290264,-0.031763,0.997988,-0.054833,0.001876
7769,0.001299,-0.637550,-9.850533,-4.170084,0.891971,0.363468,-176.495575,-0.042768,-6.310606,-0.030510,0.998018,-0.055005,0.002056
7770,0.009763,-0.620896,-9.872469,-3.640492,0.734804,0.018609,-176.615372,-0.069885,-6.318600,-0.029454,0.998046,-0.055070,0.002236
7771,0.007161,-0.592181,-9.869692,-2.665327,0.409767,0.175780,-176.709488,-0.087088,-6.322957,-0.028626,0.998067,-0.055106,0.002342
7772,0.017703,-0.580303,-9.864105,-1.758822,0.280052,0.311589,-176.771729,-0.096928,-6.331738,-0.028079,0.998079,-0.055181,0.002400
7773,-0.000196,-0.567621,-9.865664,-1.448942,0.356281,0.358897,-176.812256,-0.099328,-6.343511,-0.027724,0.998083,-0.055284,0.002404
7774,0.003125,-0.556096,-9.840567,-1.239797,-0.037557,0.546594,-176.846848,-0.087368,-6.358900,-0.027428,0.998084,-0.055421,0.002287
7775,-0.000490,-0.557600,-9.829182,-0.931443,-0.103315,0.499299,-176.870148,-0.068358,-6.376204,-0.027234,0.998081,-0.055577,0.002114
7776,0.005165,-0.552591,-9.844274,-0.372807,0.047645,0.392490,-176.875671,-0.054835,-6.391020,-0.027192,0.998075,-0.055710,0.001997
7777,-0.006666,-0.562773,-9.836632,-0.378717,0.239801,0.264318,-176.866821,-0.046926,-6.402234,-0.027273,0.998067,-0.055809,0.001935
7778,-0.001575,-0.571141,-9.832182,-0.366225,0.155751,0.044592,-176.847931,-0.039504,-6.407760,-0.027441,0.998060,-0.055859,0.001881
7779,0.002145,-0.554140,-9.858062,0.187900,0.173994,-0.079004,-176.827393,-0.037401,-6.407506,-0.027621,0.998055,-0.055856,0.001873
7780,0.001721,-0.541460,-9.857738,0.403086,0.288392,-0.066794,-176.814178,-0.040237,-6.405506,-0.027735,0.998053,-0.055838,0.001904
7781,-0.026699,-0.553437,-9.844970,0.000243,0.202755,-0.236161,-176.807190,-0.028269,-6.400918,-0.027802,0.998053,-0.055801,0.001802
7782,-0.012869,-0.552620,-9.866050,0.200178,-0.401759,-0.170532,-176.799744,0.002005,-6.393966,-0.027881,0.998054,-0.055748,0.001540
7783,-0.001534,-0.527990,-9.869999,0.392340,-0.584961,-0.120172,-176.801331,0.028217,-6.388209,-0.027880,0.998057,-0.055704,0.001309
7784,-0.006994,-0.553201,-9.848470,-0.089954,-0.432385,-0.286497,-176.807449,0.046538,-6.380498,-0.027836,0.998062,-0.055641,0.001145
7785,-0.024520,-0.558319,-9.833110,0.047440,-0.395853,-0.320062,-176.801407,0.069703,-6.369630,-0.027900,0.998066,-0.055552,0.000943
7786,-0.011132,-0.553943,-9.826250,0.306918,-0.316581,-0.381095,-176.787689,0.089266,-6.357288,-0.028029,0.998068,-0.055449,0.000777
7787,-0.015991,-0.564523,-9.828121,-0.133988,0.142723,-0.706117,-176.775330,0.091041,-6.339019,-0.028138,0.998074,-0.055291,0.000763
7788,-0.015933,-0.560677,-9.827526,-0.246811,0.275475,-0.851080,-176.771027,0.083127,-6.313482,-0.028172,0.998085,-0.055066,0.000827
7790,-0.013906,-0.563176,-9.824230,-0.265044,0.257164,-0.797674,-176.771042,0.072674,-6.286534,-0.028167,0.998098,-0.054829,0.000912
7791,0.002023,-0.559342,-9.835639,-0.532016,0.299962,-0.844981,-176.777161,0.053925,-6.259711,-0.028105,0.998113,-0.054591,0.001066
7792,0.001556,-0.543174,-9.835685,-0.452697,0.242100,-0.832780,-176.796860,0.029825,-6.232297,-0.027922,0.998131,-0.054346,0.001260
7793,0.011082,-0.535103,-9.839266,-0.338380,0.202556,-0.771751,-176.823975,0.006525,-6.206014,-0.027675,0.998150,-0.054112,0.001443
7794,0.004711,-0.529783,-9.843370,-0.478919,0.469699,-0.896883,-176.854599,-0.017944,-6.178861,-0.027397,0.998171,-0.053870,0.001635
7795,0.006903,-0.534613,-9.858021,-0.569063,0.486531,-0.822115,-176.884598,-0.040558,-6.151119,-0.027126,0.998191,-0.053623,0.001812
7796,-0.000126,-0.514135,-9.856147,-0.601249,0.407167,-0.727506,-176.919754,-0.055069,-6.126126,-0.026813,0.998211,-0.053403,0.001916
7797,0.016978,-0.542748,-9.867338,-1.373420,0.355288,-0.791595,-176.958298,-0.069300,-6.101521,-0.026471,0.998232,-0.053186,0.002016
7798,0.015281,-0.518383,-9.873451,-1.802178,0.387384,-0.672576,-177.008347,-0.088686,-6.077801,-0.026026,0.998254,-0.052976,0.002156
7799,0.028101,-0.513108,-9.869737,-2.179124,0.187565,-0.460477,-177.079483,-0.107796,-6.059422,-0.025398,0.998279,-0.052813,0.002286
7800,0.033326,-0.507147,-9.863631,-2.435475,0.161757,-0.404024,-177.155777,-0.128978,-6.045308,-0.024724,0.998302,-0.052687,0.002432
7801,0.034496,-0.498211,-9.870621,-2.670410,-0.019697,-0.425394,-177.234665,-0.146368,-6.031610,-0.024029,0.998325,-0.052565,0.002545
7802,0.037391,-0.488975,-9.872638,-2.482625,-0.402587,-0.408614,-177.310013,-0.152959,-6.017396,-0.023370,0.998347,-0.052442,0.002565
7803,0.027308,-0.497656,-9.871475,-1.678240,-0.518494,-0.423875,-177.354996,-0.145210,-6.002873,-0.022982,0.998363,-0.052318,0.002474
7804,0.012187,-0.487010,-9.855386,-0.277124,-0.576537,-0.420820,-177.352783,-0.121296,-5.988055,-0.023012,0.998369,-0.052193,0.002263
7805,0.014119,-0.499407,-9.869540,1.297992,-0.736854,-0.417764,-177.296051,-0.089645,-5.973155,-0.023521,0.998364,-0.052069,0.002010
7806,0.023202,-0.504308,-9.879727,2.827359,-0.744478,-0.933526,-177.184464,-0.066557,-5.949543,-0.024505,0.998352,-0.051866,0.001855
7807,0.017816,-0.499211,-9.851278,3.941538,-0.294262,-1.437084,-177.043854,-0.058740,-5.909263,-0.025734,0.998339,-0.051515,0.001841
7808,0.011969,-0.488235,-9.795979,4.225346,0.168133,-2.100863,-176.909409,-0.064157,-5.850277,-0.026904,0.998334,-0.050997,0.001935
7809,0.014819,-0.536140,-9.831243,3.399760,0.307019,-2.580006,-176.789017,-0.079391,-5.772811,-0.027947,0.998340,-0.050317,0.002103
7810,0.017075,-0.539382,-9.852041,2.481114,0.352832,-3.220897,-176.695404,-0.099696,-5.676910,-0.028756,0.998359,-0.049474,0.002296
7811,0.008231,-0.551409,-9.833255,1.669178,0.682405,-3.495562,-176.642242,-0.120473,-5.566134,-0.029212,0.998393,-0.048503,0.002472
7812,-0.005113,-0.553437,-9.837107,0.820570,0.731067,-3.336856,-176.622330,-0.132153,-5.453790,-0.029383,0.998435,-0.047521,0.002554
7813,0.004129,-0.572977,-9.877985,-0.024956,0.070126,-2.871437,-176.627228,-0.127875,-5.351242,-0.029345,0.998478,-0.046628,0.002488
7814,0.010843,-0.583368,-9.867596,-0.586536,-0.346596,-2.419754,-176.641937,-0.112566,-5.262929,-0.029224,0.998517,-0.045863,0.002326
7815,-0.000931,-0.543756,-9.828739,-0.644671,-0.343696,-1.762072,-176.679169,-0.088363,-5.192654,-0.028911,0.998555,-0.045258,0.002083
7816,0.013309,-0.550350,-9.811836,-0.780730,-0.464351,-0.710703,-176.730652,-0.065477,-5.150699,-0.028472,0.998584,-0.044899,0.001852
7817,0.019651,-0.555312,-9.840148,-0.445152,-0.548246,0.113294,-176.764832,-0.052672,-5.139783,-0.028179,0.998597,-0.044807,0.001725
7818,0.020438,-0.569836,-9.838895,-0.033118,-0.349780,0.777067,-176.769104,-0.047424,-5.153754,-0.028144,0.998592,-0.044930,0.001681
7819,0.023088,-0.547311,-9.853962,-0.001051,-0.099401,0.984586,-176.767120,-0.052296,-5.182648,-0.028159,0.998580,-0.045181,0.001731
7820,0.033433,-0.577301,-9.860453,-0.643410,0.129678,0.899123,-176.771774,-0.071955,-5.214026,-0.028110,0.998569,-0.045450,0.001908
7821,0.032847,-0.563680,-9.875076,-1.137679,0.345050,0.560356,-176.787079,-0.102317,-5.238768,-0.027964,0.998563,-0.045658,0.002173
7822,0.033784,-0.577809,-9.850804,-2.115645,0.537493,0.065946,-176.824524,-0.135871,-5.250027,-0.027624,0.998568,-0.045749,0.002453
7823,0.043226,-0.545657,-9.855529,-2.431398,0.766556,-0.404048,-176.887711,-0.177031,-5.245598,-0.027057,0.998585,-0.045702,0.002785
7824,0.045812,-0.515297,-9.831211,-2.199555,1.007822,-0.808429,-176.975815,-0.226403,-5.226942,-0.026270,0.998613,-0.045530,0.003176
7825,0.039059,-0.508008,-9.835689,-2.301941,1.154386,-0.921351,-177.067398,-0.272179,-5.199945,-0.025455,0.998643,-0.045287,0.003533
7826,0.031769,-0.522260,-9.840005,-2.330903,1.140581,-0.851155,-177.141266,-0.303932,-5.172400,-0.024799,0.998670,-0.045042,0.003774
7827,0.039285,-0.488696,-9.854167,-1.956979,0.969541,-0.846571,-177.205002,-0.325490,-5.145926,-0.024236,0.998694,-0.044809,0.003932
7828,0.032954,-0.482643,-9.853332,-1.880692,0.886966,-0.884710,-177.270065,-0.338546,-5.118610,-0.023665,0.998718,-0.044570,0.004014
7829,0.032360,-0.475548,-9.852274,-1.630404,0.734137,-0.504742,-177.324799,-0.340531,-5.096799,-0.023188,0.998737,-0.044382,0.004006
7830,0.048660,-0.461192,-9.840926,-1.030681,0.460823,-0.332304,-177.365433,-0.341995,-5.083828,-0.022834,0.998751,-0.044270,0.004000
7831,0.048329,-0.434454,-9.844248,-0.685906,0.186058,-0.339930,-177.403229,-0.342412,-5.073081,-0.022505,0.998762,-0.044177,0.003987
7832,0.051765,-0.430092,-9.845762,-0.310697,0.015069,0.001880,-177.438492,-0.336623,-5.067498,-0.022200,0.998771,-0.044131,0.003922
7833,0.062926,-0.435955,-9.849282,-0.168887,-0.114645,0.294858,-177.457687,-0.333608,-5.072300,-0.022033,0.998773,-0.044174,0.003889
7834,0.058380,-0.454540,-9.848357,-0.315316,-0.158868,0.194146,-177.459015,-0.331876,-5.080278,-0.022022,0.998770,-0.044244,0.003875
7835,0.045258,-0.434534,-9.847437,-0.092459,-0.181810,0.278074,-177.457901,-0.320067,-5.087935,-0.022036,0.998768,-0.044313,0.003774
7836,0.067829,-0.434584,-9.849799,0.119620,-0.296249,0.325378,-177.460144,-0.312147,-5.097614,-0.022019,0.998764,-0.044399,0.003706
7837,0.067644,-0.443516,-9.861832,0.185251,-0.198462,0.064439,-177.453262,-0.317789,-5.103749,-0.022077,0.998761,-0.044451,0.003759
7838,0.058998,-0.444828,-9.859454,0.418778,0.059507,0.006450,-177.436615,-0.325062,-5.104865,-0.022219,0.998757,-0.044459,0.003829
7839,0.062014,-0.445243,-9.860362,0.681284,0.186209,0.154463,-177.412903,-0.334498,-5.107760,-0.022422,0.998751,-0.044481,0.003921
7840,0.069710,-0.465221,-9.859092,0.469295,0.186296,0.108682,-177.381180,-0.350133,-5.112500,-0.022692,0.998743,-0.044519,0.004071
7841,0.056720,-0.472266,-9.865939,0.367255,0.360293,0.186504,-177.345551,-0.363503,-5.117968,-0.022998,0.998733,-0.044562,0.004202
7842,0.062684,-0.455204,-9.855387,0.487896,0.486927,0.191083,-177.320999,-0.375428,-5.124973,-0.023207,0.998725,-0.044620,0.004317
7843,0.063074,-0.461453,-9.851268,0.155238,0.570846,0.113260,-177.310883,-0.392025,-5.130861,-0.023288,0.998720,-0.044667,0.004467
7844,0.067448,-0.463132,-9.853716,-0.200297,0.479283,0.081216,-177.311172,-0.408506,-5.134923,-0.023279,0.998719,-0.044699,0.004611
7845,0.077760,-0.445831,-9.854292,-0.140867,0.392341,0.012548,-177.325699,-0.426874,-5.137099,-0.023145,0.998720,-0.044715,0.004766
7846,0.078152,-0.443585,-9.850313,-0.310406,0.398503,-0.068331,-177.351028,-0.446535,-5.136650,-0.022917,0.998725,-0.044708,0.004928
7847,0.073690,-0.440998,-9.851003,-0.522661,0.290170,-0.001191,-177.381561,-0.458867,-5.135891,-0.022646,0.998731,-0.044701,0.005023
7848,0.080090,-0.428300,-9.850073,-0.454173,0.033805,-0.059177,-177.417511,-0.463223,-5.134975,-0.022331,0.998738,-0.044693,0.005047
7849,0.085421,-0.410714,-9.846161,-0.426976,-0.088236,-0.111062,-177.461777,-0.466106,-5.131861,-0.021944,0.998748,-0.044668,0.005054
7850,0.078445,-0.417887,-9.854344,-0.373821,-0.092795,0.139186,-177.502975,-0.465178,-5.131968,-0.021585,0.998756,-0.044671,0.005030
7851,0.069963,-0.419449,-9.854856,-0.206110,-0.257653,0.236847,-177.528168,-0.452726,-5.137851,-0.021370,0.998759,-0.044725,0.004913
7852,0.074970,-0.437199,-9.860628,-0.126757,-0.393523,0.239902,-177.533005,-0.434543,-5.145327,-0.021335,0.998757,-0.044794,0.004754
7853,0.078901,-0.434801,-9.861285,0.071717,-0.404200,0.192599,-177.522461,-0.421488,-5.152043,-0.021432,0.998753,-0.044855,0.004645
7854,0.079398,-0.430060,-9.850202,0.416643,-0.352267,0.221589,-177.506943,-0.414398,-5.158449,-0.021569,0.998748,-0.044911,0.004591
7855,0.068400,-0.440166,-9.850739,0.418242,-0.210335,0.073575,-177.484940,-0.406918,-5.163013,-0.021764,0.998742,-0.044952,0.004535
7856,0.061932,-0.453584,-9.854682,0.413819,-0.028804,0.001860,-177.454041,-0.396997,-5.164214,-0.022037,0.998736,-0.044963,0.004461
7857,0.046031,-0.436163,-9.849588,0.421539,-0.038107,0.017126,-177.430054,-0.379669,-5.164545,-0.022253,0.998731,-0.044968,0.004319
7858,0.047088,-0.427580,-9.856698,0.014036,-0.390792,0.250601,-177.431610,-0.350721,-5.168621,-0.022251,0.998730,-0.045009,0.004067
7859,0.040309,-0.478711,-9.894420,-0.820549,-0.659541,0.613780,-177.434387,-0.312075,-5.182292,-0.022241,0.998726,-0.045136,0.003732
7860,0.047167,-0.481020,-9.876817,-0.962106,-0.731389,0.749596,-177.425110,-0.273563,-5.204175,-0.022337,0.998716,-0.045334,0.003404
7861,0.058053,-0.441789,-9.837909,-0.710145,-0.742050,0.590899,-177.432816,-0.250358,-5.225501,-0.022278,0.998710,-0.045525,0.003203
7862,0.048259,-0.577055,-9.798246,-2.409360,0.634414,-0.425368,-177.411499,-0.257204,-5.228500,-0.022461,0.998704,-0.045549,0.003272
7863,0.044035,-0.540245,-9.747918,-2.341065,1.049494,-0.898401,-177.363632,-0.289232,-5.208302,-0.022866,0.998702,-0.045365,0.003566
7864,0.039374,-0.508263,-9.721326,-2.048830,1.134899,-1.496558,-177.350815,-0.322281,-5.170508,-0.022966,0.998714,-0.045029,0.003852
7865,0.003318,-0.450763,-9.755492,-1.914254,1.154436,-2.042824,-177.384842,-0.330076,-5.113502,-0.022668,0.998743,-0.044531,0.003895
7866,-0.018034,-0.446370,-9.835663,-2.372048,1.303362,-1.876469,-177.458496,-0.306295,-5.050132,-0.022038,0.998782,-0.043986,0.003647
7867,0.003133,-0.317238,-9.885106,-0.715493,0.593205,-0.623662,-177.576157,-0.273389,-5.009636,-0.021026,0.998820,-0.043643,0.003307
7868,0.026763,-0.367948,-9.929025,-0.553057,1.129992,-0.013281,-177.689453,-0.265181,-4.999835,-0.020042,0.998845,-0.043562,0.003191
7869,0.053537,-0.362544,-9.877700,-0.045349,2.005811,0.354468,-177.746155,-0.310398,-5.007414,-0.019530,0.998851,-0.043622,0.003565
7870,0.112647,-0.379688,-9.827181,-0.048609,2.059544,0.807655,-177.770477,-0.413184,-5.029308,-0.019278,0.998845,-0.043796,0.004455
7871,0.139206,-0.392332,-9.776541,-0.163031,1.577974,0.896133,-177.771255,-0.541203,-5.060063,-0.019221,0.998829,-0.044042,0.005576
7872,0.141199,-0.401405,-9.781304,-0.504680,0.745392,0.656542,-177.764709,-0.641868,-5.087588,-0.019237,0.998814,-0.044265,0.006460
7873,0.119274,-0.351026,-9.790133,-0.501678,-0.002029,0.220117,-177.786850,-0.684924,-5.102584,-0.019027,0.998810,-0.044389,0.006830
7874,0.101234,-0.326260,-9.844986,-0.946136,-0.774180,0.204853,-177.856461,-0.668026,-5.108631,-0.018426,0.998820,-0.044449,0.006656
7875,0.092122,-0.334297,-9.922134,-1.593570,-0.975796,0.403226,-177.947174,-0.617198,-5.117140,-0.017655,0.998833,-0.044536,0.006179
7876,0.111239,-0.349277,-9.919703,-1.520534,-0.267860,0.564975,-178.021835,-0.585695,-5.132298,-0.017016,0.998839,-0.044677,0.005878
7877,0.117624,-0.282531,-9.861059,-0.884534,0.356346,0.590909,-178.095932,-0.597726,-5.151246,-0.016364,0.998842,-0.044845,0.005957
7878,0.126528,-0.305437,-9.848914,-1.046669,0.197845,1.158543,-178.170410,-0.627586,-5.180232,-0.015701,0.998840,-0.045097,0.006192
7879,0.135099,-0.327845,-9.881845,-1.266451,-0.146770,1.370637,-178.213730,-0.653978,-5.222318,-0.015311,0.998828,-0.045462,0.006411
7880,0.121229,-0.322865,-9.863791,-0.962659,-0.097769,1.285182,-178.235794,-0.667326,-5.266588,-0.015111,0.998813,-0.045848,0.006524
7881,0.102167,-0.282077,-9.887609,-1.042041,-0.366354,1.225671,-178.272537,-0.655956,-5.308136,-0.014793,0.998801,-0.046213,0.006415
7882,0.100345,-0.312734,-9.923360,-1.599048,-0.412259,1.392000,-178.320892,-0.627718,-5.351313,-0.014381,0.998791,-0.046596,0.006155
7883,0.079027,-0.403877,-9.798935,-1.799838,0.081939,1.034947,-178.307556,-0.598759,-5.392352,-0.014506,0.998774,-0.046957,0.005913
7884,0.119383,-0.244794,-9.827977,-2.336617,-1.268561,-0.432988,-178.338318,-0.572361,-5.402223,-0.014249,0.998775,-0.047048,0.005672
7885,0.148059,-0.289808,-9.869889,-2.272732,-1.417783,0.209415,-178.437698,-0.562890,-5.396979,-0.013387,0.998789,-0.047008,0.005548
7886,0.114194,-0.277646,-9.818113,-1.810313,-1.344214,-0.027111,-178.498596,-0.552530,-5.398796,-0.012860,0.998796,-0.047028,0.005433
7887,0.075598,-0.274389,-9.778934,-1.784236,-2.186530,-0.382651,-178.543610,-0.493280,-5.390581,-0.012492,0.998806,-0.046965,0.004897
7888,0.102779,-0.171459,-9.965701,-1.976708,-3.440871,-0.637481,-178.629105,-0.396582,-5.371088,-0.011788,0.998826,-0.046809,0.004017
7889,0.044724,-0.276858,-9.899750,-1.090246,-1.792926,0.384889,-178.691437,-0.303543,-5.364718,-0.011283,0.998837,-0.046765,0.003180
7890,0.001298,-0.204494,-9.816716,-1.370921,-1.878739,-0.638998,-178.721863,-0.202691,-5.359193,-0.011059,0.998844,-0.046728,0.002288
7891,0.009967,-0.194926,-9.803447,-2.317177,-2.933491,-0.970117,-178.803528,-0.086026,-5.330614,-0.010395,0.998864,-0.046491,0.001235
7893,0.058212,-0.142443,-10.056473,-3.812912,-3.691813,-1.376014,-178.941742,0.016651,-5.289286,-0.009232,0.998892,-0.046141,0.000281
7894,0.001271,-0.026888,-9.950769,-4.749109,-2.193185,-1.429426,-179.172974,0.095423,-5.240850,-0.007248,0.998928,-0.045724,-0.000502
7895,-0.023593,-0.015082,-9.941970,-6.520209,-2.158100,-1.032685,-179.473694,0.168604,-5.199087,-0.004655,0.998959,-0.045361,-0.001262
7896,-0.051875,0.047834,-9.954679,-7.604580,-2.059020,-0.655778,-179.814987,0.250447,-5.170807,-0.001711,0.998978,-0.045112,-0.002111
7897,-0.057101,0.106137,-10.025284,-8.702716,-1.320601,0.088879,179.803741,0.320938,-5.161867,0.001585,0.998981,-0.045026,-0.002875
7898,-0.106167,0.119858,-9.840150,-9.251332,0.375995,0.888467,179.415527,0.362236,-5.178848,0.004952,0.998962,-0.045162,-0.003388
7899,-0.098017,0.089958,-9.878252,-9.851294,0.384835,1.234852,179.066742,0.383717,-5.214495,0.007983,0.998927,-0.045460,-0.003715
7900,-0.088397,0.187335,-9.893005,-9.698757,0.709649,1.210435,178.734543,0.387697,-5.255097,0.010876,0.998884,-0.045803,-0.003886
7901,-0.070360,0.240475,-9.882197,-9.744711,1.196327,1.529352,178.390930,0.364984,-5.300176,0.013879,0.998829,-0.046187,-0.003831
7902,-0.071585,0.286008,-9.857864,-9.982867,1.522830,1.497308,178.049393,0.323009,-5.349318,0.016871,0.998764,-0.046610,-0.003610
7903,-0.067897,0.355215,-9.840124,-9.879209,1.370160,1.787232,177.706421,0.281252,-5.402357,0.019876,0.998688,-0.047068,-0.003394
7904,-0.069767,0.430692,-9.859735,-10.450110,1.038912,2.139717,177.345001,0.251784,-5.466193,0.023036,0.998594,-0.047620,-0.003299
7905,-0.065015,0.471201,-9.854803,-11.695447,0.649645,2.522718,176.955643,0.236974,-5.542597,0.026433,0.998479,-0.048277,-0.003349
7906,-0.063259,0.518068,-9.864761,-12.388243,0.310731,2.943865,176.550827,0.233420,-5.632776,0.029959,0.998341,-0.049052,-0.003512
7907,-0.052949,0.600158,-9.853559,-12.669014,0.008470,3.197162,176.132919,0.235604,-5.734682,0.033595,0.998181,-0.049926,-0.003740
7908,-0.050435,0.699905,-9.825669,-13.230707,-0.205242,2.971321,175.684082,0.240593,-5.837600,0.037499,0.997996,-0.050805,-0.004013
7909,-0.052788,0.767979,-9.820447,-13.758903,-0.214474,2.740901,175.208908,0.248530,-5.933223,0.041630,0.997790,-0.051618,-0.004327
7910,-0.066049,0.866591,-9.828992,-13.849183,-0.269534,2.307529,174.720688,0.263018,-6.017958,0.045870,0.997565,-0.052331,-0.004707
7911,-0.069667,0.954844,-9.813839,-15.137392,-0.567261,1.526241,174.201157,0.289741,-6.083215,0.050377,0.997317,-0.052865,-0.005206
7912,-0.085832,1.035614,-9.802511,-16.733831,-0.744488,0.909749,173.634705,0.331268,-6.126265,0.055285,0.997036,-0.053193,-0.005849
7913,-0.047589,1.095578,-9.803283,-18.087477,-1.190154,0.593873,173.037460,0.370962,-6.155164,0.060461,0.996720,-0.053392,-0.006487
7914,-0.035273,1.176971,-9.797585,-19.010599,-1.937720,0.020141,172.426010,0.406171,-6.171772,0.065761,0.996376,-0.053481,-0.007087
7915,-0.041561,1.304259,-9.768112,-19.283689,-2.158774,-0.776366,171.793396,0.452774,-6.168362,0.071239,0.995999,-0.053382,-0.007785
7916,-0.065204,1.455591,-9.764797,-19.778278,-1.987723,-1.209707,171.121735,0.509572,-6.145821,0.077050,0.995575,-0.053102,-0.008576
7917,-0.072666,1.550882,-9.764672,-21.142715,-1.922007,-1.443156,170.411316,0.569765,-6.112737,0.083195,0.995094,-0.052716,-0.009404
7918,-0.128889,1.674940,-9.778394,-22.520800,-1.664180,-1.726987,169.664978,0.643677,-6.071188,0.089644,0.994549,-0.052235,-0.010356
7919,-0.155856,1.851337,-9.742783,-23.397028,-1.115113,-1.623266,168.862091,0.729217,-6.025697,0.096575,0.993917,-0.051694,-0.011425
7920,-0.167294,1.967081,-9.719159,-25.155350,-0.561506,-0.933602,168.003372,0.799092,-5.990672,0.103991,0.993180,-0.051240,-0.012386
7921,-0.167505,2.064507,-9.682637,-26.359522,-0.363385,-0.004361,167.121414,0.845552,-5.979545,0.111612,0.992355,-0.051001,-0.013172
7922,-0.186165,2.213536,-9.622108,-26.382483,-0.296493,1.094252,166.234131,0.879947,-6.000311,0.119274,0.991451,-0.051041,-0.013885
7923,-0.189588,2.390011,-9.555944,-26.422375,-0.243364,2.046367,165.329025,0.907310,-6.054138,0.127082,0.990454,-0.051364,-0.014584
7924,-0.191196,2.526980,-9.519540,-27.873823,-0.171906,2.259936,164.390594,0.924677,-6.126240,0.135171,0.989348,-0.051845,-0.015239
7925,-0.190198,2.679964,-9.479871,-28.579037,-0.454435,2.360587,163.422974,0.939902,-6.204006,0.143503,0.988136,-0.052366,-0.015905
7926,-0.199353,2.798813,-9.434162,-28.208313,-0.433314,2.532949,162.466766,0.957764,-6.286889,0.151723,0.986866,-0.052921,-0.016605
7927,-0.185341,2.971140,-9.427320,-27.574991,-0.662405,2.021702,161.542206,0.974869,-6.365058,0.159660,0.985573,-0.053434,-0.017288
7928,-0.191362,3.127377,-9.369229,-26.403057,-1.333961,1.432644,160.644211,1.004951,-6.430531,0.167353,0.984262,-0.053815,-0.018060
7929,-0.204645,3.246287,-9.336850,-24.651180,-1.849910,1.717926,159.804733,1.058828,-6.497927,0.174521,0.982978,-0.054177,-0.019018
7930,-0.223963,3.366491,-9.302897,-23.663607,-2.472732,2.018440,159.031296,1.133231,-6.581291,0.181100,0.981739,-0.054643,-0.020153
7931,-0.232588,3.555603,-9.263126,-23.252960,-3.382444,1.646013,158.266083,1.232693,-6.673753,0.187584,0.980464,-0.055135,-0.021519
7932,-0.258002,3.681001,-9.201460,-23.755053,-3.861857,1.185078,157.473755,1.358932,-6.763482,0.194275,0.979101,-0.055536,-0.023130
7933,-0.290498,3.810776,-9.160658,-24.779030,-3.573792,1.096440,156.653824,1.497859,-6.847508,0.201184,0.977645,-0.055840,-0.024860
7934,-0.310861,3.958397,-9.096903,-25.426168,-3.778622,1.431997,155.798874,1.635259,-6.936539,0.208379,0.976072,-0.056160,-0.026608
7935,-0.321666,4.118179,-9.034570,-25.786583,-4.087159,0.209608,154.910477,1.778550,-7.017596,0.215842,0.974386,-0.056369,-0.028413
7936,-0.341018,4.246320,-8.946409,-26.902411,-3.994317,-1.311837,153.989441,1.936354,-7.060813,0.223568,0.972596,-0.056195,-0.030288
7937,-0.376833,4.360586,-8.849959,-27.256750,-3.755002,-1.775829,153.050583,2.105345,-7.073943,0.231431,0.970721,-0.055712,-0.032205
7938,-0.403572,4.483074,-8.750834,-27.934509,-3.616424,-2.081144,152.103500,2.278036,-7.074970,0.239348,0.968769,-0.055088,-0.034125
7939,-0.438367,4.630792,-8.683846,-28.819763,-3.355781,-4.179433,151.135132,2.465385,-7.039880,0.247431,0.966721,-0.054093,-0.036093
7940,-0.473957,4.751251,-8.618135,-29.741531,-2.841856,-4.251316,150.150223,2.662925,-6.969067,0.255642,0.964581,-0.052739,-0.038060
7941,-0.527022,4.916792,-8.565619,-30.011623,-2.625547,-2.872089,149.156387,2.848481,-6.913399,0.263912,0.962342,-0.051508,-0.039945
7942,-0.545655,5.093319,-8.500455,-31.349920,-3.054708,-1.863669,148.128342,3.018213,-6.896493,0.272445,0.959931,-0.050598,-0.041786
7943,-0.553637,5.235843,-8.416942,-31.879477,-3.395248,-1.102385,147.066986,3.168636,-6.913462,0.281232,0.957347,-0.049977,-0.043550
7944,-0.581189,5.381596,-8.300412,-32.051933,-3.273372,0.481402,145.996033,3.292689,-6.966857,0.290075,0.954644,-0.049695,-0.045183
7945,-0.608641,5.507826,-8.179859,-32.991886,-2.876857,0.865784,144.909332,3.394217,-7.044105,0.299024,0.951809,-0.049638,-0.046696
7946,-0.606702,5.632581,-8.050816,-32.215088,-2.994545,0.873276,143.828979,3.482868,-7.124741,0.307898,0.948905,-0.049622,-0.048112
7947,-0.611182,5.764123,-7.932508,-28.612200,-2.930562,-0.092724,142.830246,3.569647,-7.193450,0.316075,0.946149,-0.049526,-0.049448
7948,-0.620328,5.877192,-7.830390,-26.013275,-2.462163,-1.038864,141.948044,3.661927,-7.231675,0.323277,0.943664,-0.049196,-0.050694
7949,-0.619779,5.986002,-7.731461,-23.823208,-1.683938,-1.188430,141.156647,3.740525,-7.243110,0.329733,0.941398,-0.048709,-0.051711
7950,-0.644249,6.099695,-7.648421,-21.443933,-0.898068,-0.495676,140.441330,3.791081,-7.246024,0.335570,0.939316,-0.048260,-0.052436
7951,-0.663924,6.196888,-7.608516,-20.796528,0.163942,-0.669695,139.783722,3.820312,-7.236032,0.340942,0.937376,-0.047788,-0.052921
7952,-0.669721,6.294937,-7.567517,-22.112867,1.282395,-0.395117,139.129532,3.823963,-7.203040,0.346301,0.935428,-0.047205,-0.053123
7953,-0.662912,6.396225,-7.462914,-24.268543,2.249801,0.123632,138.409714,3.790023,-7.157539,0.352212,0.933255,-0.046605,-0.053003
7954,-0.657658,6.508981,-7.378609,-28.081554,4.036639,1.202419,137.571350,3.702127,-7.101819,0.359109,0.930682,-0.046042,-0.052455
7955,-0.643526,6.655596,-7.303260,-31.952665,5.449625,2.133201,136.592850,3.552507,-7.033743,0.367164,0.927617,-0.045525,-0.051419
7956,-0.601175,6.794404,-7.172311,-34.149967,5.393189,2.127116,135.498627,3.369981,-6.959180,0.376146,0.924106,-0.045036,-0.050137
7957,-0.551526,6.921571,-6.977457,-35.245777,5.300202,1.951743,134.325241,3.180336,-6.881846,0.385733,0.920241,-0.044542,-0.048814
7958,-0.523803,7.064321,-6.858833,-36.150921,6.078542,2.818609,133.109695,2.971655,-6.800903,0.395626,0.916130,-0.044101,-0.047339
7959,-0.485004,7.205930,-6.733860,-33.050381,4.545108,2.565443,131.944885,2.765819,-6.731509,0.405061,0.912086,-0.043797,-0.045903
7960,-0.441354,7.291662,-6.556611,-26.774273,1.365224,0.765011,130.947449,2.635365,-6.694029,0.413072,0.908536,-0.043572,-0.045114
7961,-0.448825,7.381131,-6.387890,-23.470680,0.756459,0.728478,130.106689,2.580376,-6.682991,0.419760,0.905483,-0.043355,-0.044958
7962,-0.479098,7.444801,-6.336411,-23.250809,1.508655,1.631715,129.343445,2.541320,-6.678449,0.425805,0.902668,-0.043165,-0.044922
7963,-0.504824,7.507000,-6.291352,-21.103260,0.185444,1.480327,128.666763,2.526891,-6.686838,0.431133,0.900134,-0.043019,-0.045095
7964,-0.491067,7.575194,-6.127499,-19.094566,-1.604749,1.249524,128.058212,2.558756,-6.731391,0.435872,0.897816,-0.043006,-0.045741
7965,-0.478206,7.696104,-5.995598,-20.692106,-0.240804,2.062542,127.403786,2.575649,-6.789515,0.440959,0.895292,-0.043133,-0.046341
7966,-0.458604,7.748350,-5.933064,-22.204361,1.249884,2.430113,126.680588,2.530614,-6.821980,0.446612,0.892476,-0.043269,-0.046389
7967,-0.439782,7.853146,-5.842349,-20.292376,0.897337,2.460554,125.971825,2.454476,-6.841687,0.452158,0.889684,-0.043436,-0.046143
7968,-0.418902,7.951849,-5.712780,-18.018940,0.541775,1.560244,125.311134,2.388623,-6.862246,0.457308,0.887049,-0.043593,-0.045966
7969,-0.444956,7.988072,-5.720689,-19.883606,2.223274,1.409075,124.681190,2.335371,-6.852875,0.462210,0.884521,-0.043483,-0.045756
7970,-0.427422,8.063469,-5.653788,-21.032221,2.508508,1.865136,124.045540,2.270112,-6.816995,0.467159,0.881951,-0.043219,-0.045349
7971,-0.409791,8.154310,-5.558121,-20.383335,1.486059,1.471306,123.396713,2.204635,-6.791087,0.472190,0.879296,-0.043034,-0.044984
7972,-0.399891,8.243823,-5.431262,-21.501705,1.073986,1.115646,122.713898,2.160582,-6.778391,0.477450,0.876467,-0.042853,-0.044851
7973,-0.382594,8.321588,-5.290141,-25.312120,2.087135,1.999068,121.914520,2.100678,-6.762496,0.483590,0.873114,-0.042671,-0.044626
7974,-0.320113,8.457201,-5.121222,-27.629089,3.100390,2.600394,120.965576,1.977442,-6.731223,0.490881,0.869077,-0.042593,-0.043910
7975,-0.307283,8.468257,-5.021601,-27.876925,3.446898,2.039097,119.972542,1.825444,-6.678451,0.498491,0.864790,-0.042476,-0.042902
7976,-0.290487,8.523484,-4.873329,-28.371643,4.060413,2.567245,119.002167,1.674940,-6.608038,0.505899,0.860542,-0.042249,-0.041820
7977,-0.272525,8.584122,-4.753726,-27.823988,4.753246,3.458505,118.051468,1.501770,-6.527194,0.513135,0.856318,-0.042074,-0.040515
7978,-0.254838,8.681410,-4.668558,-24.366117,4.159696,3.519598,117.196892,1.322634,-6.449076,0.519619,0.852467,-0.042003,-0.039142
7979,-0.264459,8.702112,-4.576235,-21.084904,2.735961,3.162417,116.492805,1.184970,-6.395651,0.524929,0.849253,-0.041998,-0.038135
7980,-0.258183,8.795266,-4.468127,-19.965790,1.948446,3.746542,115.876419,1.083848,-6.375245,0.529543,0.846406,-0.042110,-0.037519
7981,-0.240339,8.858210,-4.385165,-18.565954,0.974743,3.718721,115.295853,0.993495,-6.384260,0.533862,0.843692,-0.042407,-0.037109
7982,-0.217753,8.899077,-4.276157,-16.990681,-0.174427,2.674658,114.759758,0.931160,-6.416613,0.537821,0.841160,-0.042763,-0.037002
7983,-0.214062,8.936155,-4.158084,-17.094091,-0.511805,1.842696,114.229675,0.907503,-6.457899,0.541703,0.838643,-0.043006,-0.037221
7984,-0.204251,9.018309,-4.068686,-16.648367,-0.713378,0.607886,113.683693,0.918907,-6.493223,0.545676,0.836042,-0.043031,-0.037677
7985,-0.214168,9.049319,-3.982778,-15.621342,-0.882905,-0.979417,113.154091,0.976205,-6.515369,0.549501,0.833515,-0.042743,-0.038398
7986,-0.243495,9.080650,-3.897827,-15.808938,-1.150129,-2.144133,112.640266,1.089392,-6.526527,0.553178,0.831062,-0.042104,-0.039464
7987,-0.255688,9.103931,-3.795675,-15.793635,-1.110656,-2.573398,112.118217,1.233548,-6.531821,0.556889,0.828561,-0.041260,-0.040723
7988,-0.259230,9.090031,-3.708704,-16.139977,-0.180001,-2.541742,111.591049,1.367041,-6.520401,0.560637,0.826021,-0.040335,-0.041817
7990,-0.258648,9.097167,-3.586641,-19.732002,2.049276,0.206201,110.994446,1.421321,-6.477594,0.564920,0.823116,-0.039542,-0.042205
7991,-0.219986,9.162437,-3.409315,-22.614887,3.300520,1.983899,110.245125,1.356807,-6.408396,0.570346,0.819416,-0.039092,-0.041658
7992,-0.173454,9.223716,-3.259070,-24.634541,4.503034,3.044701,109.365631,1.201341,-6.316471,0.576721,0.815014,-0.038901,-0.040389
7993,-0.137130,9.270186,-3.118254,-26.707724,5.267658,4.099557,108.405029,0.985130,-6.202641,0.583667,0.810144,-0.038859,-0.038607
7994,-0.090332,9.354692,-2.942030,-27.268812,4.773411,4.682974,107.388908,0.735601,-6.089694,0.590968,0.804919,-0.039010,-0.036616
7995,-0.067004,9.394933,-2.757212,-24.851456,3.258305,3.123960,106.385201,0.517226,-6.000422,0.598111,0.799690,-0.039205,-0.034967
7996,-0.055397,9.430308,-2.654777,-23.061081,2.673962,2.655825,105.470688,0.360630,-5.932260,0.604554,0.794876,-0.039278,-0.033833
7997,-0.037542,9.487759,-2.541435,-20.548594,2.074326,2.623984,104.666000,0.232081,-5.878923,0.610184,0.790596,-0.039357,-0.032937
7998,-0.042096,9.555702,-2.430694,-19.300930,1.714226,2.508091,103.942215,0.124747,-5.839004,0.615215,0.786712,-0.039450,-0.032234
7999,-0.044667,9.586026,-2.346460,-19.698032,1.683684,2.448491,103.252296,0.041267,-5.803560,0.619980,0.782983,-0.039465,-0.031709
8000,-0.029038,9.640521,-2.216763,-20.769541,1.601246,2.637547,102.544144,-0.035604,-5.769356,0.624842,0.779127,-0.039455,-0.031243
8001,-0.096078,9.700131,-2.044113,-22.987301,1.401250,3.648798,101.749763,-0.099200,-5.742922,0.630257,0.774768,-0.039408,-0.030940
8002,-0.047075,9.771135,-1.823594,-27.013834,1.387391,4.571395,100.791138,-0.176520,-5.724993,0.636747,0.769453,-0.039457,-0.030650
8003,-0.005641,9.742477,-1.655156,-30.308231,1.881723,5.256180,99.675781,-0.307505,-5.701000,0.644254,0.763188,-0.039733,-0.030025
8004,0.036837,9.753215,-1.481248,-30.044092,1.730628,5.387223,98.519318,-0.471377,-5.669550,0.651982,0.756609,-0.040153,-0.029163
8005,0.062063,9.784307,-1.362650,-27.351851,1.115666,4.709585,97.450478,-0.630489,-5.645551,0.659064,0.750453,-0.040636,-0.028356
8006,0.159838,9.786422,-1.242307,-24.828474,0.725047,3.401982,96.525238,-0.781169,-5.631078,0.665148,0.745063,-0.041186,-0.027619
8007,0.143039,9.736239,-1.165012,-21.663651,0.580111,2.323370,95.755913,-0.902569,-5.619349,0.670171,0.740544,-0.041633,-0.027041
8008,0.154842,9.808516,-1.028316,-19.104345,0.203207,1.490248,95.112610,-0.970623,-5.612758,0.674338,0.736750,-0.041838,-0.026798
8009,0.150918,9.838656,-0.950011,-19.903538,0.416824,1.372691,94.505814,-1.012227,-5.607175,0.678242,0.733156,-0.041906,-0.026720
8010,0.160879,9.882656,-0.824369,-21.831890,0.561771,1.679291,93.855751,-1.051882,-5.595520,0.682403,0.729287,-0.041916,-0.026635
8011,0.165718,9.899958,-0.691287,-23.322470,0.456469,1.300751,93.130531,-1.090262,-5.582253,0.687018,0.724945,-0.041892,-0.026577
8012,0.165822,9.902982,-0.556691,-26.076622,0.667036,0.806210,92.322441,-1.110575,-5.565670,0.692122,0.720081,-0.041722,-0.026644
8013,0.174543,9.882307,-0.405736,-29.529716,1.111072,1.047161,91.403107,-1.126473,-5.537416,0.697887,0.714510,-0.041428,-0.026707
8014,0.187782,9.875207,-0.189057,-31.248087,1.474243,1.547579,90.370285,-1.160992,-5.494838,0.704316,0.708194,-0.041134,-0.026604
8015,0.204725,9.824662,-0.004504,-31.773411,1.632946,1.637606,89.274254,-1.213608,-5.442086,0.711082,0.701425,-0.040881,-0.026346
8016,0.216219,9.796522,0.186887,-31.630417,1.648214,2.280071,88.167511,-1.283378,-5.384864,0.717852,0.694520,-0.040714,-0.025958
8017,0.234715,9.816343,0.360700,-29.488419,1.396444,2.734883,87.103783,-1.374118,-5.329659,0.724299,0.687813,-0.040713,-0.025441
8018,0.241431,9.867394,0.488315,-26.335985,0.844059,1.621027,86.158073,-1.452015,-5.287683,0.729975,0.681798,-0.040748,-0.025044
8019,0.247291,9.847410,0.645964,-23.824219,0.157390,-0.181085,85.332100,-1.475311,-5.269414,0.734879,0.676516,-0.040608,-0.025082
8020,0.221078,9.789572,0.803722,-22.324196,0.017014,-0.811418,84.567322,-1.444612,-5.268083,0.739372,0.671609,-0.040234,-0.025524
8021,0.216295,9.770757,0.907191,-22.542337,0.146737,-0.776551,83.826630,-1.392710,-5.268479,0.743688,0.666835,-0.039734,-0.026089
8022,0.210981,9.749935,1.041865,-23.082390,0.033836,-0.927831,83.080154,-1.340652,-5.269388,0.748006,0.661995,-0.039229,-0.026654
8023,0.205562,9.698707,1.206131,-23.946125,-0.195031,-0.578578,82.289993,-1.295755,-5.275388,0.752543,0.656836,-0.038784,-0.027221
8024,0.195107,9.720662,1.313860,-25.632366,-0.288086,0.329167,81.453156,-1.272694,-5.284004,0.757314,0.651328,-0.038481,-0.027692
8025,0.209218,9.789905,1.460004,-27.764034,-0.559683,1.139298,80.568802,-1.284090,-5.294581,0.762317,0.645457,-0.038401,-0.027994
8026,0.217419,9.788601,1.602830,-27.867676,-0.831292,0.597539,79.655586,-1.310384,-5.312946,0.767437,0.639345,-0.038455,-0.028275
8027,0.220934,9.766756,1.767190,-27.289215,-1.069332,0.254165,78.752151,-1.325870,-5.341794,0.772449,0.633259,-0.038495,-0.028686
8028,0.226701,9.718726,1.925505,-27.450880,-1.685802,0.878238,77.849762,-1.350187,-5.383191,0.777406,0.627134,-0.038659,-0.029136
8029,0.222249,9.690744,2.065754,-27.119654,-2.401453,1.239833,76.952591,-1.393945,-5.442352,0.782284,0.620991,-0.039049,-0.029604
8030,0.232965,9.679029,2.227811,-26.091055,-2.761560,0.287584,76.081612,-1.430782,-5.520597,0.786967,0.614986,-0.039495,-0.030240
8031,0.229665,9.636122,2.360765,-25.425606,-2.731022,0.873445,75.241539,-1.461511,-5.605007,0.791437,0.609159,-0.039933,-0.030948
8032,0.238739,9.576966,2.516757,-26.110626,-2.642491,2.643406,74.397369,-1.528818,-5.676655,0.795895,0.603259,-0.040549,-0.031384
8033,0.250804,9.548441,2.616698,-27.117544,-2.172486,3.152968,73.533134,-1.633008,-5.727949,0.800425,0.597178,-0.041305,-0.031503
8034,0.280216,9.479753,2.819354,-27.471447,-1.655186,3.566439,72.636688,-1.752721,-5.756881,0.805083,0.590836,-0.042047,-0.031410
8035,0.301175,9.392093,2.994185,-28.237719,-1.319472,4.692567,71.679916,-1.898086,-5.761078,0.810008,0.584028,-0.042831,-0.031047
8036,0.314716,9.308968,3.189116,-29.829824,-1.467456,4.472799,70.649506,-2.052929,-5.753802,0.815249,0.576655,-0.043613,-0.030598
8037,0.333243,9.217977,3.258832,-31.243275,-2.521822,3.180246,69.583588,-2.183947,-5.771443,0.820588,0.568981,-0.044352,-0.030476
8038,0.379309,9.186140,3.527378,-30.854609,-3.657079,3.102384,68.502251,-2.313109,-5.828471,0.825919,0.561131,-0.045271,-0.030670
8039,0.391059,9.154181,3.704443,-30.975859,-3.980545,3.200041,67.397842,-2.456620,-5.904089,0.831282,0.553047,-0.046378,-0.030959
8040,0.407919,9.088411,3.807690,-30.455931,-3.913357,2.215750,66.332222,-2.582201,-5.987961,0.836377,0.545198,-0.047402,-0.031401
8041,0.470945,9.096218,3.938355,-29.175602,-3.591405,2.536222,65.350960,-2.709164,-6.070180,0.841002,0.537919,-0.048448,-0.031811
8042,0.508310,9.087252,4.205967,-27.985334,-2.315818,3.593878,64.405327,-2.866496,-6.115932,0.845410,0.530861,-0.049555,-0.031815
8043,0.485013,8.986793,4.284346,-26.404528,-1.012707,2.902703,63.493401,-2.996435,-6.117723,0.849615,0.524049,-0.050270,-0.031625
8044,0.508467,8.871617,4.377586,-26.669821,-0.188681,1.434684,62.632099,-3.060968,-6.104067,0.853536,0.517621,-0.050449,-0.031607
8045,0.518112,8.793410,4.469405,-26.992903,0.256900,1.744376,61.782326,-3.099893,-6.080767,0.857359,0.511268,-0.050400,-0.031632
8046,0.492588,8.681158,4.632846,-25.454426,0.841399,0.145038,60.944775,-3.099014,-6.051817,0.861081,0.505001,-0.050033,-0.031786
8047,0.492568,8.588877,4.752720,-25.620605,1.497677,-2.615617,60.108498,-3.012341,-6.039283,0.864745,0.498753,-0.049092,-0.032434
8048,0.492292,8.611264,4.877865,-27.742882,1.868584,-2.379319,59.250401,-2.885258,-6.034809,0.868452,0.492330,-0.047867,-0.033316
8049,0.470238,8.658768,5.060277,-25.833447,2.035003,-0.913114,58.411808,-2.779597,-6.010744,0.872035,0.486025,-0.046717,-0.033932
8050,0.462951,8.579048,5.283741,-26.414570,1.717712,1.357269,57.566296,-2.728792,-5.955557,0.875612,0.479625,-0.045847,-0.034068
8051,0.503317,8.484241,5.347236,-28.831528,0.878450,4.561707,56.653088,-2.787882,-5.866421,0.879435,0.472638,-0.045659,-0.033503
8052,0.522728,8.388625,5.469639,-29.409571,0.428173,8.124916,55.706799,-2.975181,-5.731910,0.883349,0.465322,-0.046277,-0.032078
8053,0.550268,8.217291,5.610080,-28.332136,0.328847,9.284819,54.749557,-3.233281,-5.556300,0.887250,0.457871,-0.047301,-0.030067
8054,0.600443,8.077720,5.720009,-28.048365,0.041822,9.428477,53.793301,-3.512336,-5.368145,0.891076,0.450394,-0.048476,-0.027895
8055,0.642814,7.934309,5.851857,-26.089237,0.233929,8.392612,52.861889,-3.779148,-5.185163,0.894732,0.443086,-0.049620,-0.025821
8056,0.647230,7.798768,5.998061,-24.556070,0.714542,6.418181,51.963509,-3.978993,-5.018524,0.898196,0.436035,-0.050346,-0.024138
8057,0.653919,7.825383,6.092474,-22.946405,1.308221,3.570702,51.142651,-4.073074,-4.886956,0.901313,0.429603,-0.050417,-0.023109
8058,0.686494,7.783254,6.188240,-21.330135,1.796628,2.720586,50.431839,-4.098877,-4.782926,0.903978,0.424037,-0.050091,-0.022504
8059,0.702384,7.608354,6.265575,-21.071964,2.475707,1.768325,49.749889,-4.100570,-4.682467,0.906505,0.418693,-0.049603,-0.022001
8060,0.696553,7.643249,6.312746,-21.187441,2.960965,-0.151362,49.093918,-4.054997,-4.599818,0.908909,0.413553,-0.048817,-0.021794
8061,0.696045,7.722208,6.440164,-20.386753,3.383658,0.382578,48.517296,-3.976242,-4.526198,0.911003,0.409040,-0.047819,-0.021737
8062,0.679566,7.566289,6.558321,-19.517479,2.982363,2.704900,47.957367,-3.931168,-4.420568,0.913017,0.404647,-0.046980,-0.021289
8063,0.658070,7.408821,6.651206,-19.578087,2.251523,3.240367,47.344322,-3.929016,-4.292571,0.915193,0.399810,-0.046402,-0.020526
8064,0.664878,7.309733,6.710004,-21.280874,1.708390,2.252973,46.671730,-3.934119,-4.182940,0.917543,0.394473,-0.045944,-0.019902
8065,0.669892,7.182176,6.797154,-22.757963,1.859522,1.639480,45.932514,-3.929286,-4.095118,0.920084,0.388583,-0.045478,-0.019509
8066,0.663652,7.141781,6.846782,-24.395166,2.176974,1.338800,45.153481,-3.907242,-4.013101,0.922722,0.382360,-0.044893,-0.019232
8067,0.651166,7.060593,6.989540,-26.110052,3.080418,1.068589,44.333988,-3.856164,-3.924833,0.925456,0.375806,-0.044053,-0.019008
8068,0.645695,6.952111,7.121162,-28.073845,4.002207,0.334482,43.432270,-3.766617,-3.826737,0.928415,0.368583,-0.042862,-0.018849
8069,0.601624,6.898038,7.317630,-29.218384,4.525825,0.299180,42.460758,-3.636293,-3.721686,0.931544,0.360785,-0.041311,-0.018770
8070,0.616601,6.757368,7.348717,-29.615110,4.576382,1.028382,41.474045,-3.507726,-3.604212,0.934656,0.352838,-0.039739,-0.018565
8071,0.568231,6.527570,7.575643,-30.686680,5.353259,0.451450,40.421211,-3.374383,-3.474907,0.937899,0.344326,-0.038087,-0.018274
8072,0.550198,6.388087,7.634326,-31.129955,5.503049,-1.085313,39.300735,-3.196597,-3.362376,0.941266,0.335233,-0.036118,-0.018243
8073,0.520961,6.268593,7.753612,-30.324795,6.261654,-1.802641,38.213875,-2.984818,-3.274174,0.944447,0.326385,-0.033948,-0.018464
8074,0.486570,6.195983,7.800154,-28.934738,7.252174,-1.782956,37.215050,-2.743002,-3.183529,0.947302,0.318239,-0.031536,-0.018684
8075,0.405553,6.091865,7.997514,-28.513382,8.398445,-2.486653,36.275871,-2.448814,-3.086019,0.949928,0.310575,-0.028680,-0.018934
8076,0.367689,5.897818,8.029333,-28.510263,9.177051,-4.406557,35.329700,-2.091281,-3.008889,0.952506,0.302837,-0.025348,-0.019477
8077,0.291767,5.770933,8.151404,-30.394785,11.161135,-7.968341,34.346619,-1.643444,-2.985246,0.955104,0.294776,-0.021388,-0.020651
8078,0.205287,5.849477,8.152786,-34.810017,12.714971,-12.236691,33.349407,-1.064235,-3.046604,0.957640,0.286587,-0.016521,-0.022801
8079,0.104159,5.619373,8.312719,-41.359550,13.574536,-15.017280,32.220901,-0.385228,-3.195579,0.960376,0.277290,-0.010966,-0.025855
8080,-0.009895,5.411147,8.423565,-38.538891,12.158951,-14.816175,30.972429,0.303114,-3.397061,0.963247,0.266964,-0.005366,-0.029270
8081,-0.099859,5.247189,8.541492,-36.165394,10.184781,-13.946632,29.799820,0.915553,-3.623405,0.965798,0.257239,-0.000412,-0.032604
8082,-0.134528,5.085705,8.611854,-34.196106,7.050600,-11.184740,28.715950,1.379310,-3.847968,0.968049,0.248213,0.003329,-0.035506
8083,-0.169080,4.760793,8.829732,-30.338326,4.007600,-7.911458,27.661606,1.653651,-4.041090,0.970180,0.239376,0.005576,-0.037680
8084,-0.180604,4.651932,8.889185,-23.282709,1.147442,-5.451369,26.734402,1.760495,-4.199993,0.972010,0.231556,0.006466,-0.039196
8085,-0.175094,4.514955,8.959013,-24.906311,0.165502,-5.556263,25.924850,1.766444,-4.353701,0.973567,0.224694,0.006492,-0.040467
8086,-0.156733,4.395200,9.009755,-25.150402,-0.705188,-5.160595,25.091923,1.723128,-4.517179,0.975125,0.217608,0.006106,-0.041728
8087,-0.180605,4.248480,9.047622,-23.813602,-1.223354,-4.746646,24.280838,1.655756,-4.678854,0.976594,0.210688,0.005530,-0.042938
8088,-0.184164,4.090155,9.067689,-22.685909,-1.916853,-3.900948,23.505667,1.578096,-4.830489,0.977955,0.204058,0.004887,-0.044057
8089,-0.172134,3.979169,9.108052,-21.784029,-2.231868,-3.209403,22.767267,1.479880,-4.965461,0.979215,0.197724,0.004099,-0.045009
8090,-0.160094,3.868816,9.172635,-20.839357,-2.084510,-2.647578,22.067474,1.371926,-5.081843,0.980378,0.191706,0.003255,-0.045799
8091,-0.161274,3.760711,9.211788,-19.966377,-1.651724,-2.171246,21.401810,1.274942,-5.178254,0.981453,0.185975,0.002534,-0.046449
8093,-0.155014,3.663726,9.273343,-18.391438,-1.083032,-1.372993,20.781389,1.196772,-5.248622,0.982429,0.180631,0.002004,-0.046915
8094,-0.150546,3.577625,9.297846,-16.737072,-0.131270,-0.753300,20.224041,1.141032,-5.287755,0.983289,0.175830,0.001694,-0.047156
8095,-0.157007,3.459946,9.330057,-16.572029,0.931969,0.205110,19.695440,1.117618,-5.290811,0.984092,0.171283,0.001705,-0.047139
8096,-0.164812,3.385193,9.363469,-16.371944,1.926636,1.248934,19.168039,1.126505,-5.251369,0.984885,0.166755,0.002056,-0.046804
8097,-0.175630,3.303919,9.404675,-15.830009,2.796246,1.616746,18.658197,1.165754,-5.179933,0.985640,0.162385,0.002703,-0.046235
8098,-0.189420,3.227026,9.431114,-16.290573,3.556043,1.506923,18.153467,1.236399,-5.096346,0.986368,0.158066,0.003630,-0.045600
8099,-0.211989,3.134375,9.458395,-16.741991,3.708582,2.039495,17.633366,1.326950,-5.002175,0.987099,0.153617,0.004744,-0.044893
8100,-0.233583,3.021335,9.496466,-16.590803,3.264537,2.155468,17.093756,1.416866,-4.900427,0.987836,0.148994,0.005863,-0.044109
8101,-0.275546,2.941308,9.534813,-16.096363,2.848067,1.923496,16.555899,1.507132,-4.805813,0.988546,0.144382,0.006968,-0.043378
8102,-0.293388,2.867273,9.548159,-16.109962,2.301992,2.610103,16.036127,1.591938,-4.708997,0.989213,0.139919,0.008015,-0.042613
8103,-0.267038,2.745030,9.570371,-15.746716,1.619978,3.005298,15.516956,1.637828,-4.601066,0.989869,0.135443,0.008732,-0.041697
8104,-0.254474,2.669744,9.604998,-16.032072,0.998787,2.265262,14.989004,1.640929,-4.504786,0.990516,0.130875,0.009060,-0.040828
8105,-0.255545,2.628859,9.602904,-16.489637,0.255454,1.349770,14.472004,1.622062,-4.440328,0.991123,0.126393,0.009152,-0.040209
8106,-0.247757,2.542089,9.639278,-20.249130,-2.053491,0.122996,13.902981,1.561675,-4.422437,0.991754,0.121450,0.008848,-0.039944
8107,-0.127911,2.392614,9.723382,-28.025110,-6.001683,-2.820355,13.111838,1.371048,-4.496535,0.992572,0.114543,0.007398,-0.040335
8108,-0.094588,2.141787,9.779520,-34.494026,-7.731567,-5.046451,12.008574,1.062266,-4.674023,0.993605,0.104887,0.004946,-0.041521
8109,-0.059930,1.937560,9.821837,-35.290043,-7.625702,-4.893667,10.731777,0.737643,-4.886832,0.994666,0.093702,0.002416,-0.043046
8110,0.005577,1.680786,9.871344,-34.856350,-6.701906,-3.886391,9.429143,0.425823,-5.072366,0.995620,0.082275,0.000063,-0.044405
8111,0.076324,1.477989,9.886114,-30.214207,-4.398766,-2.505264,8.207022,0.147022,-5.204932,0.996403,0.071543,-0.001971,-0.045381
8112,-0.040332,1.318354,9.911483,-21.421270,-0.384538,0.156025,7.239473,0.019654,-5.253259,0.996956,0.063076,-0.002722,-0.045747
8113,-0.068919,1.329109,9.913228,-13.041035,1.048591,2.212935,6.649111,0.057258,-5.212651,0.997283,0.057955,-0.002139,-0.045426
8114,-0.073627,1.303836,9.906816,-9.480273,1.441213,2.264761,6.359513,0.140779,-5.133993,0.997455,0.055468,-0.001259,-0.044787
8115,-0.081139,1.292058,9.907310,-7.223754,1.640011,2.125855,6.213306,0.231177,-5.055540,0.997552,0.054231,-0.000378,-0.044148
8116,-0.101564,1.241698,9.867411,-6.543450,2.124152,1.837413,6.123745,0.333082,-4.982752,0.997618,0.053490,0.000578,-0.043562
8117,-0.085866,1.237603,9.820709,-6.262945,2.946949,1.397917,6.049448,0.447016,-4.919537,0.997670,0.052885,0.001627,-0.043063
8118,-0.088740,1.197554,9.826655,-7.015529,4.009137,1.790073,5.963299,0.572610,-4.853676,0.997727,0.052180,0.002783,-0.042545
8119,-0.119458,1.130522,9.827941,-7.519674,4.668453,2.424854,5.824952,0.722043,-4.768081,0.997811,0.051027,0.004174,-0.041863
8120,-0.165478,1.088667,9.843592,-7.949306,5.341607,2.748335,5.643163,0.903804,-4.664850,0.997913,0.049504,0.005868,-0.041035
8121,-0.185150,1.045767,9.887680,-7.796165,5.601263,3.257976,5.443320,1.103046,-4.546827,0.998021,0.047826,0.007724,-0.040078
8122,-0.192806,0.992328,9.906102,-7.223522,5.081028,3.804255,5.241923,1.280998,-4.412299,0.998131,0.046122,0.009398,-0.038963
8123,-0.226501,0.970425,9.911808,-7.140730,4.852159,3.247299,5.048738,1.437284,-4.279481,0.998234,0.044478,0.010877,-0.037850
8124,-0.241709,0.913375,9.916846,-7.701919,4.850617,2.531650,4.843006,1.588375,-4.168638,0.998329,0.042722,0.012303,-0.036919
8125,-0.260647,0.851925,9.901704,-8.159517,4.490416,1.788535,4.600911,1.728482,-4.083502,0.998425,0.040647,0.013632,-0.036200
8126,-0.294743,0.829280,9.851371,-10.011814,3.588528,0.602902,4.319254,1.852301,-4.032667,0.998519,0.038224,0.014816,-0.035764
8127,-0.317659,0.786956,9.886844,-13.205297,2.115987,-0.588835,3.962976,1.944490,-4.024619,0.998621,0.035146,0.015734,-0.035674
8128,-0.317801,0.696573,9.876929,-14.238158,0.709007,-1.667653,3.525237,1.985446,-4.058428,0.998731,0.031348,0.016217,-0.035920
8129,-0.298079,0.612248,9.880496,-14.215215,-0.048081,-2.639651,3.054883,1.975376,-4.129193,0.998831,0.027255,0.016260,-0.036467
8130,-0.283464,0.526070,9.882529,-14.152643,-0.497074,-2.451941,2.580086,1.929570,-4.214141,0.998915,0.023114,0.015995,-0.037131
8131,-0.292148,0.423291,9.921412,-12.684794,-0.871288,-1.104534,2.120865,1.869394,-4.274344,0.998989,0.019100,0.015609,-0.037582
8132,-0.297086,0.346454,9.880893,-9.895557,-0.102467,-0.044010,1.726735,1.826776,-4.294380,0.999049,0.015653,0.015363,-0.037698
8133,-0.292208,0.300563,9.912661,-7.831045,0.640479,1.671134,1.425109,1.815212,-4.267097,0.999097,0.013016,0.015365,-0.037418
8134,-0.314996,0.273435,9.906647,-6.033401,0.269596,3.396962,1.208139,1.819195,-4.181815,0.999147,0.011114,0.015479,-0.036646
8135,-0.332884,0.272068,9.909941,-3.882972,0.095731,3.396973,1.090607,1.832870,-4.067035,0.999192,0.010078,0.015646,-0.035630
8136,-0.302251,0.269613,9.924842,-2.165615,0.378040,2.743898,1.069164,1.840175,-3.962091,0.999225,0.009878,0.015725,-0.034713
8137,-0.273786,0.264407,9.951760,-0.722852,0.035937,3.108624,1.108310,1.812763,-3.861698,0.999255,0.010198,0.015483,-0.033840
8138,-0.277163,0.241812,9.924759,-0.284294,-0.747260,3.128489,1.162598,1.754990,-3.755821,0.999289,0.010641,0.014973,-0.032920
8139,-0.283199,0.231371,9.912623,-0.123687,-1.283137,2.704299,1.201037,1.688674,-3.657985,0.999322,0.010945,0.014393,-0.032066
8140,-0.267635,0.242022,9.928907,-0.204253,-1.915089,2.612757,1.231986,1.609298,-3.569477,0.999354,0.011182,0.013701,-0.031291
8141,-0.257067,0.257069,9.955093,-0.263396,-1.956519,2.359469,1.266975,1.517711,-3.486853,0.999384,0.011453,0.012901,-0.030566
8142,-0.259041,0.264804,9.968414,-0.214148,-1.622474,1.630091,1.306705,1.441892,-3.420454,0.999406,0.011772,0.012236,-0.029984
8143,-0.260923,0.254464,9.976237,-0.230593,-1.515638,1.135700,1.337903,1.390936,-3.374593,0.999420,0.012027,0.011788,-0.029582
8144,-0.248431,0.270988,9.991970,-0.332522,-1.378230,0.772535,1.363170,1.350093,-3.343084,0.999430,0.012233,0.011429,-0.029306
8145,-0.267129,0.259710,10.011661,-0.617589,-1.303284,0.610790,1.378866,1.324166,-3.320351,0.999437,0.012361,0.011201,-0.029106
8146,-0.275092,0.233341,9.956508,-0.661767,-1.991113,0.919020,1.366025,1.308616,-3.295981,0.999446,0.012243,0.011071,-0.028891
8147,-0.260670,0.209033,9.918628,-0.709234,-2.645357,1.416458,1.326134,1.272115,-3.259301,0.999463,0.011883,0.010767,-0.028564
8148,-0.226417,0.208829,9.895391,-0.305093,-2.990020,1.498849,1.284942,1.198637,-3.213447,0.999486,0.011501,0.010141,-0.028153
8149,-0.210726,0.203297,9.910389,0.213531,-3.031173,1.338621,1.263516,1.102532,-3.168850,0.999508,0.011287,0.009312,-0.027753
8150,-0.163006,0.222457,9.856261,1.061880,-2.846649,1.234859,1.278152,0.991166,-3.128299,0.999525,0.011385,0.008341,-0.027390
8151,-0.139199,0.232700,9.874986,1.347311,-2.190784,1.192141,1.328205,0.875224,-3.089628,0.999538,0.011792,0.007322,-0.027045
8152,-0.135550,0.218065,9.885932,1.621984,-1.235782,0.542102,1.378752,0.792361,-3.062087,0.999545,0.012212,0.006590,-0.026799
8153,-0.126663,0.259842,9.945162,1.678488,-0.132666,0.061440,1.438776,0.755308,-3.052549,0.999543,0.012726,0.006254,-0.026715
8154,-0.122939,0.262565,9.924738,1.539791,0.379955,0.030925,1.510270,0.749414,-3.050683,0.999535,0.013348,0.006186,-0.026702
8155,-0.147159,0.256792,9.930940,1.196497,0.537169,0.037029,1.560260,0.769558,-3.049088,0.999528,0.013789,0.006350,-0.026694
8156,-0.156771,0.297943,9.933802,1.120308,0.659438,-0.167449,1.610642,0.810953,-3.050539,0.999519,0.014238,0.006700,-0.026714
8157,-0.159257,0.337124,9.934870,1.380125,0.684054,-0.197968,1.697203,0.855610,-3.055325,0.999504,0.015004,0.007068,-0.026766
8158,-0.182848,0.303084,9.907650,1.504048,0.508830,-0.223912,1.780725,0.903937,-3.061203,0.999488,0.015744,0.007469,-0.026829
8159,-0.184002,0.315873,9.942785,1.487340,0.391630,-0.051490,1.839121,0.951798,-3.065150,0.999476,0.016264,0.007873,-0.026874
8160,-0.164169,0.335528,9.953342,1.887242,0.138450,0.250642,1.907386,0.974117,-3.061323,0.999465,0.016865,0.008052,-0.026849
8161,-0.171657,0.318535,9.940231,2.155821,-0.258284,0.418493,1.976756,0.972415,-3.050210,0.999457,0.017469,0.008022,-0.026756
8162,-0.179670,0.339470,9.960523,1.578940,-0.889956,0.972401,2.030513,0.959365,-3.027853,0.999455,0.017933,0.007900,-0.026563
8163,-0.150883,0.390522,9.976230,1.089274,-1.427109,1.675856,2.092771,0.916148,-2.984836,0.999458,0.018463,0.007515,-0.026185
8164,-0.145767,0.367923,9.959023,0.215113,-1.224303,1.483598,2.136763,0.854307,-2.933492,0.999467,0.018830,0.006974,-0.025731
8165,-0.156773,0.349497,9.933320,-0.734095,-0.636846,0.754205,2.119594,0.819288,-2.897500,0.999480,0.018670,0.006678,-0.025410
8166,-0.144319,0.347543,9.936202,-1.407226,-0.481150,0.702318,2.062422,0.805441,-2.874235,0.999496,0.018167,0.006574,-0.025202
8167,-0.140275,0.329833,9.905107,-1.137363,-0.189683,0.273530,1.995340,0.795325,-2.858729,0.999510,0.017579,0.006503,-0.025061
8168,-0.154676,0.308528,9.876456,-0.675308,0.523013,-0.390255,1.931987,0.810750,-2.860950,0.999518,0.017030,0.006651,-0.025079
8169,-0.165706,0.319880,9.899246,0.041637,0.875708,-0.475717,1.894895,0.857380,-2.874978,0.999518,0.016717,0.007064,-0.025206
8170,-0.167915,0.335066,9.947371,0.670278,0.813359,-0.175118,1.902309,0.909426,-2.884947,0.999511,0.016794,0.007515,-0.025301
8171,-0.167550,0.339347,9.942668,1.073195,1.117156,-0.387224,1.939186,0.956987,-2.893101,0.999500,0.017127,0.007920,-0.025381
8172,-0.163818,0.332301,9.940102,0.897737,1.323191,-0.338396,1.974417,1.001908,-2.903756,0.999489,0.017444,0.008303,-0.025483
8173,-0.177117,0.329675,9.933721,0.842722,1.040899,-0.140027,1.994315,1.042081,-2.910519,0.999481,0.017627,0.008647,-0.025550
8174,-0.182121,0.367998,9.918598,0.822933,0.679278,0.087337,2.027292,1.073342,-2.910290,0.999473,0.017922,0.008913,-0.025555
8175,-0.177033,0.367548,9.906761,0.302782,0.551066,0.369637,2.067105,1.089790,-2.901558,0.999467,0.018272,0.009049,-0.025484
8176,-0.186518,0.362810,9.921061,-0.107589,0.386213,0.528337,2.082085,1.099017,-2.885821,0.999468,0.018403,0.009128,-0.025350
8177,-0.199783,0.371902,9.926101,-0.360816,0.259595,0.642781,2.082992,1.112709,-2.865762,0.999471,0.018413,0.009251,-0.025177
8178,-0.209617,0.378190,9.937115,-0.751319,0.300919,0.912868,2.079652,1.134676,-2.839224,0.999475,0.018386,0.009448,-0.024949
8179,-0.194886,0.355416,9.935387,-0.916065,0.300988,1.306556,2.058624,1.150992,-2.801775,0.999485,0.018203,0.009600,-0.024623
8180,-0.179203,0.341680,9.925099,-0.606400,0.015532,1.694143,2.023449,1.142672,-2.751811,0.999502,0.017890,0.009543,-0.024183
8181,-0.159535,0.339044,9.927149,-0.321180,-0.247210,1.877261,1.995005,1.105584,-2.692720,0.999522,0.017630,0.009235,-0.023660
8182,-0.149678,0.344419,9.936835,0.040399,-0.374249,1.701792,1.984355,1.050476,-2.633583,0.999540,0.017521,0.008765,-0.023135
8183,-0.142064,0.337483,9.939399,-0.069508,-0.493668,1.401197,1.980237,0.990668,-2.582471,0.999556,0.017470,0.008252,-0.022680
8184,-0.144218,0.334030,9.917075,-0.072636,-0.811385,1.115859,1.970235,0.931731,-2.541431,0.999570,0.017368,0.007746,-0.022312
8185,-0.168553,0.354720,9.913332,-0.167219,-0.678726,0.421567,1.969192,0.895374,-2.516633,0.999578,0.017350,0.007433,-0.022090
8186,-0.194478,0.351295,9.893468,-0.406671,-0.271077,-0.184231,1.972831,0.904329,-2.513014,0.999577,0.017384,0.007511,-0.022060
8187,-0.193770,0.335362,9.893156,-0.582124,-0.176098,-0.262065,1.959258,0.938124,-2.520663,0.999575,0.017272,0.007807,-0.022131
8188,-0.177856,0.329379,9.892736,-0.498269,-0.123959,-0.318535,1.933422,0.961722,-2.530642,0.999576,0.017052,0.008017,-0.022220
8189,-0.175776,0.346507,9.923703,-0.757664,0.289686,-0.741220,1.913483,0.978248,-2.548187,0.999574,0.016883,0.008162,-0.022374
8190,-0.168534,0.338127,9.954221,-1.108545,0.497248,-0.915175,1.890929,0.996270,-2.575197,0.999570,0.016691,0.008320,-0.022610
8191,-0.175347,0.336487,9.971574,-1.329743,0.573547,-0.979263,1.856509,1.015299,-2.606060,0.999568,0.016397,0.008488,-0.022880
8192,-0.188670,0.316706,9.958485,-1.578463,0.919998,-1.366850,1.807972,1.048773,-2.644346,0.999564,0.015983,0.008785,-0.023215
8193,-0.205508,0.308669,9.953498,-1.667022,1.236033,-1.623213,1.746850,1.104842,-2.693174,0.999558,0.015465,0.009279,-0.023643
8194,-0.217502,0.309021,9.936530,-1.305375,1.294253,-1.462998,1.696559,1.174388,-2.743345,0.999548,0.015045,0.009890,-0.024086
8196,-0.230794,0.278996,9.905992,-0.728616,1.172436,-1.267687,1.657246,1.245072,-2.787757,0.999537,0.014721,0.010509,-0.024478
8197,-0.225592,0.274448,9.907182,-0.188567,1.003240,-1.090688,1.627015,1.302482,-2.826330,0.999527,0.014473,0.011011,-0.024819
8198,-0.230134,0.301810,9.938486,0.189898,0.840035,-0.675637,1.630225,1.341570,-2.854799,0.999516,0.014512,0.011348,-0.025073
8199,-0.226982,0.300293,9.946018,0.446429,0.634025,-0.391811,1.659818,1.365595,-2.871431,0.999506,0.014777,0.011549,-0.025223
8200,-0.219030,0.266672,9.925756,0.252620,0.455378,-0.416223,1.669170,1.371601,-2.884421,0.999501,0.014861,0.011598,-0.025338
8201,-0.220431,0.270095,9.936688,-0.254182,0.534557,-0.526089,1.647421,1.369923,-2.900155,0.999501,0.014673,0.011586,-0.025473
8202,-0.227262,0.296839,9.935297,-0.628074,0.574097,-0.524560,1.627887,1.374099,-2.917235,0.999499,0.014505,0.011624,-0.025621
8203,-0.217977,0.290341,9.912344,-0.801935,0.450351,-0.474199,1.614096,1.375594,-2.933143,0.999497,0.014387,0.011638,-0.025758
8204,-0.217591,0.273575,9.910221,-0.960617,0.273150,-0.382638,1.585950,1.366673,-2.947040,0.999498,0.014141,0.011565,-0.025876
8205,-0.223975,0.285839,9.951288,-1.050624,0.137179,-0.255981,1.554612,1.355822,-2.957427,0.999501,0.013866,0.011476,-0.025962
8206,-0.223063,0.294664,9.945741,-0.911597,-0.224590,0.035479,1.540316,1.340768,-2.960697,0.999503,0.013738,0.011348,-0.025987
8207,-0.220492,0.265962,9.928141,-0.853498,-0.593981,0.259795,1.523526,1.314116,-2.955843,0.999509,0.013585,0.011120,-0.025940
8208,-0.227017,0.239624,9.924228,-0.958908,-0.783257,0.268950,1.480106,1.284243,-2.947934,0.999519,0.013199,0.010870,-0.025864
8209,-0.231380,0.258637,9.925550,-0.899504,-0.731336,0.255213,1.437597,1.263061,-2.940110,0.999528,0.012823,0.010696,-0.025789
8210,-0.228886,0.263664,9.905098,-0.687316,-0.474889,0.189598,1.420445,1.252947,-2.933002,0.999532,0.012670,0.010612,-0.025724
8211,-0.219934,0.244319,9.910246,-0.697932,-0.036883,-0.051498,1.404644,1.251534,-2.930754,0.999535,0.012532,0.010604,-0.025703
8212,-0.222834,0.218672,9.912062,-0.659909,0.285132,-0.313962,1.368220,1.260769,-2.937044,0.999536,0.012217,0.010692,-0.025756
8213,-0.219784,0.221651,9.913797,-0.466306,0.593407,-0.461982,1.328247,1.279831,-2.950093,0.999536,0.011874,0.010866,-0.025868
8214,-0.216987,0.205272,9.910392,-0.339845,0.782607,-0.660355,1.293402,1.301639,-2.968739,0.999533,0.011577,0.011062,-0.026029
8215,-0.230257,0.180786,9.906835,-0.308125,0.608655,-0.825163,1.246333,1.325716,-2.993789,0.999529,0.011174,0.011280,-0.026245
8216,-0.240019,0.217673,9.916091,-0.236603,0.501915,-0.823643,1.214918,1.353072,-3.021371,0.999523,0.010909,0.011523,-0.026485
8217,-0.237079,0.242551,9.937777,-0.192190,0.477562,-0.559655,1.225052,1.376639,-3.043658,0.999515,0.011005,0.011724,-0.026683
8218,-0.236170,0.239067,9.936355,-0.335346,0.286819,-0.490982,1.246683,1.389541,-3.060158,0.999507,0.011198,0.011830,-0.026830
8219,-0.250892,0.241782,9.931984,-0.560934,0.245654,-0.545911,1.258925,1.402606,-3.076581,0.999501,0.011310,0.011940,-0.026976
8220,-0.255611,0.260035,9.942339,-0.656744,0.380042,-0.405519,1.273728,1.424995,-3.091341,0.999493,0.011446,0.012130,-0.027108
8221,-0.262525,0.241911,9.932255,-0.764784,0.322189,-0.182730,1.282865,1.451420,-3.100068,0.999487,0.011532,0.012357,-0.027188
8222,-0.265150,0.224689,9.923089,-0.869960,0.442876,-0.230034,1.267895,1.479668,-3.106356,0.999484,0.011409,0.012607,-0.027244
8223,-0.254403,0.218730,9.940530,-0.839437,0.662663,-0.185783,1.239867,1.504180,-3.112873,0.999483,0.011171,0.012827,-0.027300
8224,-0.242614,0.208069,9.948360,-0.886782,0.442829,0.061418,1.206554,1.511510,-3.114667,0.999485,0.010883,0.012898,-0.027312
8225,-0.233074,0.194519,9.948444,-0.796858,-0.103684,0.268946,1.166896,1.491641,-3.109340,0.999492,0.010531,0.012735,-0.027260
8226,-0.232786,0.184098,9.938472,-0.722247,-0.419816,0.317776,1.124215,1.453410,-3.100176,0.999502,0.010149,0.012412,-0.027172
8227,-0.229048,0.165084,9.904843,-0.749943,-0.758805,0.470368,1.074785,1.407946,-3.088041,0.999514,0.009706,0.012029,-0.027057
8228,-0.247092,0.169336,9.879441,-0.672340,-0.845869,0.490201,1.027425,1.371350,-3.073108,0.999526,0.009283,0.011722,-0.026919
8229,-0.262675,0.206724,9.910041,-0.595981,-0.229253,0.264363,1.013434,1.368903,-3.060694,0.999530,0.009159,0.011705,-0.026809
8230,-0.260390,0.190927,9.908312,-0.778878,0.463753,0.375756,1.014436,1.398549,-3.049390,0.999529,0.009173,0.011964,-0.026713
8231,-0.235998,0.179804,9.915407,-0.690278,0.590489,0.735876,1.000949,1.425039,-3.030301,0.999532,0.009060,0.012200,-0.026547
8232,-0.226802,0.195833,9.935902,-0.446003,0.524746,0.783184,0.996639,1.429159,-3.004308,0.999538,0.009020,0.012239,-0.026320
8233,-0.228559,0.194452,9.959973,-0.425957,0.216316,0.832023,1.005698,1.419726,-2.976598,0.999545,0.009094,0.012157,-0.026078
8234,-0.228181,0.163527,9.912936,-0.285522,-0.501048,1.074649,1.000229,1.394615,-2.944758,0.999555,0.009038,0.011941,-0.025798
8235,-0.230553,0.176242,9.906838,-0.145171,-0.783481,0.897644,0.990012,1.357704,-2.912346,0.999567,0.008937,0.011624,-0.025512
8236,-0.236320,0.183536,9.900451,-0.120681,-0.629406,0.499379,0.994456,1.328966,-2.889269,0.999575,0.008967,0.011374,-0.025309
8237,-0.237049,0.184106,9.917668,-0.242637,-0.438624,0.282700,1.001624,1.315472,-2.876240,0.999578,0.009025,0.011256,-0.025195
8238,-0.230433,0.188786,9.919826,-0.439350,-0.351600,0.201829,1.004891,1.307205,-2.868061,0.999581,0.009051,0.011184,-0.025123
8239,-0.218970,0.182784,9.929086,-0.596406,-0.293640,0.175891,1.000453,1.293679,-2.861662,0.999584,0.009009,0.011067,-0.025066
8240,-0.218469,0.163075,9.921790,-0.681865,-0.339480,0.082810,0.978409,1.276041,-2.857548,0.999588,0.008813,0.010919,-0.025027
8241,-0.225252,0.171476,9.926828,-0.814660,-0.299814,-0.066731,0.949105,1.264577,-2.857556,0.999592,0.008554,0.010825,-0.025023
8242,-0.232464,0.163431,9.927802,-0.967249,-0.083049,-0.173548,0.919795,1.267453,-2.861657,0.999593,0.008300,0.010856,-0.025056
8243,-0.232612,0.128706,9.904984,-0.831593,0.095613,-0.225434,0.873046,1.281915,-2.868680,0.999593,0.007896,0.010992,-0.025114
8244,-0.231431,0.133765,9.909694,-0.683807,0.118614,-0.216286,0.822414,1.297836,-2.876561,0.999593,0.007458,0.011142,-0.025179
8245,-0.238988,0.145126,9.924232,-0.656410,0.230120,-0.295637,0.792156,1.316355,-2.885193,0.999591,0.007199,0.011309,-0.025253
8246,-0.238575,0.138058,9.927509,-0.522112,0.303482,-0.323105,0.774108,1.338375,-2.895349,0.999588,0.007048,0.011505,-0.025341
8247,-0.238618,0.133801,9.934868,-0.464125,0.192171,-0.291061,0.757623,1.355713,-2.905475,0.999585,0.006909,0.011659,-0.025428
8248,-0.239634,0.142768,9.938444,-0.529687,0.172387,-0.352098,0.746571,1.367683,-2.915982,0.999582,0.006816,0.011765,-0.025519
8249,-0.241430,0.142327,9.930218,-0.604341,0.286873,-0.503163,0.740161,1.380132,-2.929835,0.999578,0.006764,0.011874,-0.025640
8250,-0.233302,0.137696,9.927967,-0.613389,0.207517,-0.403975,0.731331,1.387725,-2.944568,0.999574,0.006691,0.011942,-0.025768
8251,-0.244183,0.138112,9.934155,-0.758253,0.230395,-0.495527,0.719076,1.393939,-2.959206,0.999571,0.006587,0.011998,-0.025895
8252,-0.240458,0.126504,9.928104,-0.710885,0.148006,-0.469584,0.701178,1.401688,-2.975047,0.999568,0.006434,0.012069,-0.026032
8253,-0.236125,0.126925,9.926496,-0.549101,-0.064135,-0.321570,0.683738,1.399050,-2.988124,0.999566,0.006283,0.012049,-0.026144
8254,-0.234837,0.127483,9.919528,-0.303357,-0.010797,-0.407018,0.676932,1.390418,-3.000096,0.999564,0.006222,0.011974,-0.026247
8255,-0.239277,0.134857,9.920997,-0.146058,0.186004,-0.584022,0.683197,1.388775,-3.016238,0.999561,0.006278,0.011958,-0.026388
8256,-0.237757,0.109533,9.923614,-0.062090,0.173776,-0.495517,0.683970,1.392664,-3.034049,0.999556,0.006288,0.011991,-0.026544
8257,-0.248851,0.112071,9.934252,-0.094208,0.292819,-0.616067,0.672808,1.403024,-3.052685,0.999551,0.006195,0.012082,-0.026706
8258,-0.255474,0.121958,9.934952,-0.274274,0.414987,-0.658794,0.665492,1.425342,-3.073817,0.999544,0.006139,0.012278,-0.026891
8259,-0.264798,0.101078,9.936999,-0.501679,0.372403,-0.432960,0.647320,1.454339,-3.091990,0.999538,0.005989,0.012534,-0.027048
8260,-0.261215,0.077341,9.927721,-0.761323,0.314546,-0.298687,0.599957,1.480021,-3.104728,0.999534,0.005583,0.012769,-0.027156
8261,-0.260327,0.083228,9.918324,-0.897398,0.163543,-0.103375,0.542792,1.495044,-3.112113,0.999533,0.005089,0.012913,-0.027214
8262,-0.250556,0.087718,9.900898,-0.792237,0.015509,0.255214,0.500548,1.495984,-3.109923,0.999536,0.004720,0.012931,-0.027190
8263,-0.251597,0.073289,9.904166,-0.622952,0.164979,0.267420,0.466944,1.491006,-3.101448,0.999539,0.004425,0.012896,-0.027112
8264,-0.249318,0.060271,9.917131,-0.487308,0.286976,0.151445,0.430719,1.490073,-3.094866,0.999542,0.004108,0.012897,-0.027051
8265,-0.257077,0.067736,9.907333,-0.209720,0.282352,0.123976,0.404764,1.494521,-3.090578,0.999544,0.003882,0.012942,-0.027011
8266,-0.251281,0.070716,9.918397,-0.006802,0.509676,-0.049980,0.397958,1.503403,-3.089334,0.999543,0.003825,0.013021,-0.026999
8267,-0.254489,0.061048,9.926074,0.127444,0.550811,-0.197996,0.396028,1.513949,-3.093445,0.999541,0.003811,0.013113,-0.027035
8268,-0.264969,0.057810,9.924445,0.058688,0.427195,-0.358220,0.388999,1.528535,-3.102868,0.999538,0.003754,0.013242,-0.027117
8269,-0.270672,0.090216,9.930894,-0.067906,0.433339,-0.446721,0.394832,1.547371,-3.116019,0.999532,0.003811,0.013404,-0.027233
8270,-0.261908,0.082344,9.946376,-0.041790,0.308208,-0.182732,0.412061,1.559216,-3.125906,0.999528,0.003965,0.013503,-0.027322
8271,-0.258214,0.061271,9.935044,0.110821,-0.142032,0.009535,0.415039,1.551969,-3.128725,0.999528,0.003990,0.013439,-0.027346
8272,-0.268337,0.080350,9.928188,0.087923,-0.428968,-0.045397,0.417411,1.535649,-3.129417,0.999529,0.004007,0.013296,-0.027352
8273,-0.265736,0.093998,9.925552,0.379520,-0.570884,0.165184,0.441187,1.518427,-3.127118,0.999531,0.004210,0.013140,-0.027334
8274,-0.255874,0.090298,9.918509,0.484979,-0.607541,0.241485,0.474616,1.494808,-3.119994,0.999534,0.004495,0.012927,-0.027275
8275,-0.255515,0.091115,9.934782,0.379800,-0.456526,0.001918,0.501163,1.471328,-3.115773,0.999537,0.004721,0.012716,-0.027241
8276,-0.266963,0.091388,9.921679,0.225745,-0.204709,-0.188821,0.518269,1.464763,-3.118802,0.999536,0.004869,0.012654,-0.027269
8277,-0.264735,0.086656,9.904379,0.070110,0.129583,-0.278852,0.523878,1.476064,-3.126586,0.999533,0.004921,0.012751,-0.027338
8278,-0.250752,0.092722,9.918355,-0.123686,0.425644,-0.362779,0.522229,1.488932,-3.137211,0.999529,0.004911,0.012863,-0.027431
8279,-0.248635,0.069434,9.927606,-0.169556,0.227205,-0.243757,0.507019,1.492368,-3.147486,0.999527,0.004780,0.012896,-0.027519
8280,-0.261485,0.075499,9.897595,-0.099523,-0.113104,-0.275806,0.484757,1.491285,-3.156587,0.999526,0.004587,0.012892,-0.027595
8281,-0.262715,0.105949,9.911841,-0.030808,-0.175627,-0.187301,0.487671,1.490925,-3.164212,0.999524,0.004613,0.012888,-0.027662
8282,-0.262036,0.101937,9.935843,0.138758,-0.337336,-0.019446,0.510260,1.486679,-3.167189,0.999523,0.004809,0.012845,-0.027691
8283,-0.266990,0.083251,9.923265,0.215114,-0.515807,-0.039281,0.522596,1.479267,-3.168125,0.999523,0.004915,0.012778,-0.027700
8284,-0.260690,0.092585,9.909139,0.344803,-0.314317,-0.059119,0.530336,1.472976,-3.169932,0.999523,0.004981,0.012721,-0.027716
8285,-0.254725,0.101903,9.927421,0.413529,-0.050311,-0.024021,0.549401,1.469151,-3.171208,0.999522,0.005147,0.012683,-0.027729
8286,-0.255715,0.087912,9.926592,0.462372,0.056506,-0.130836,0.565380,1.469572,-3.173752,0.999520,0.005287,0.012682,-0.027753
8287,-0.248897,0.090650,9.933457,0.407368,0.231964,-0.143045,0.572012,1.471871,-3.178469,0.999519,0.005346,0.012701,-0.027795
8288,-0.253131,0.105037,9.938769,0.358531,0.227347,-0.063696,0.583861,1.475224,-3.181861,0.999517,0.005450,0.012727,-0.027826
8289,-0.268500,0.104064,9.941505,0.306690,0.093115,-0.139992,0.599387,1.485987,-3.185085,0.999514,0.005589,0.012817,-0.027857
8290,-0.264804,0.103565,9.926390,0.265503,-0.105160,-0.001133,0.610168,1.496242,-3.187403,0.999512,0.005685,0.012903,-0.027878
8291,-0.263477,0.120693,9.925652,0.190803,-0.221076,0.139253,0.625611,1.496852,-3.184954,0.999512,0.005820,0.012905,-0.027859
8292,-0.261954,0.107966,9.915345,0.277852,-0.344642,0.174351,0.641324,1.491090,-3.179626,0.999513,0.005955,0.012851,-0.027814
8293,-0.253707,0.094611,9.913478,0.390689,-0.498768,0.261326,0.643824,1.476151,-3.172749,0.999516,0.005972,0.012721,-0.027754
8294,-0.247606,0.112476,9.921982,0.379934,-0.575124,0.285740,0.648749,1.451564,-3.164043,0.999521,0.006008,0.012506,-0.027677
8295,-0.251139,0.113014,9.925531,0.393675,-0.401209,0.149933,0.662669,1.430722,-3.156947,0.999524,0.006124,0.012321,-0.027616
8296,-0.244967,0.108248,9.926137,0.411957,-0.285255,0.166718,0.673084,1.417446,-3.151880,0.999526,0.006211,0.012203,-0.027572
8297,-0.243924,0.122503,9.931424,0.268517,-0.233397,0.175874,0.684174,1.406197,-3.146282,0.999528,0.006305,0.012102,-0.027524
8299,-0.250972,0.131258,9.937903,0.053449,0.158790,-0.136939,0.699286,1.407669,-3.145408,0.999527,0.006437,0.012112,-0.027518
8300,-0.244737,0.118487,9.925033,0.090120,0.274799,-0.127783,0.706818,1.419083,-3.149603,0.999525,0.006506,0.012209,-0.027556
8301,-0.240191,0.112163,9.923563,0.117524,0.175591,-0.127784,0.703341,1.424086,-3.153941,0.999523,0.006477,0.012253,-0.027593
8302,-0.247035,0.109669,9.935374,0.195239,0.247281,-0.339890,0.696429,1.428249,-3.161947,0.999521,0.006419,0.012291,-0.027663
8303,-0.248251,0.119941,9.926291,0.413384,0.166411,-0.338366,0.699411,1.435688,-3.173341,0.999517,0.006448,0.012354,-0.027763
8304,-0.242964,0.132057,9.930215,0.602647,-0.154058,-0.204082,0.721467,1.433261,-3.182247,0.999514,0.006640,0.012327,-0.027843
8305,-0.255124,0.138093,9.927932,0.607340,-0.244084,-0.329206,0.754053,1.427145,-3.190907,0.999511,0.006924,0.012266,-0.027921
8306,-0.262922,0.152801,9.922092,0.744842,-0.370628,-0.223914,0.795026,1.428870,-3.199795,0.999506,0.007283,0.012270,-0.028003
8307,-0.255358,0.167676,9.914845,0.676427,-0.619239,-0.008754,0.846301,1.424974,-3.203208,0.999502,0.007729,0.012223,-0.028039
8308,-0.252157,0.164287,9.920815,0.464554,-0.576449,-0.097253,0.890591,1.412138,-3.204638,0.999500,0.008113,0.012100,-0.028055
8309,-0.253874,0.159417,9.911395,0.357850,-0.522971,-0.081992,0.916437,1.401724,-3.207608,0.999499,0.008336,0.012003,-0.028083
8310,-0.250872,0.163749,9.923731,0.312122,-0.445064,-0.043844,0.933026,1.394898,-3.209828,0.999498,0.008479,0.011939,-0.028103
8311,-0.248245,0.145021,9.917677,0.452451,-0.324446,-0.179654,0.939589,1.389928,-3.213909,0.999497,0.008536,0.011894,-0.028139
8312,-0.239218,0.151591,9.934093,0.736140,-0.301533,-0.262058,0.944493,1.382198,-3.221801,0.999495,0.008577,0.011825,-0.028208
8313,-0.236635,0.153054,9.953537,1.132774,-0.367174,-0.391763,0.963562,1.368384,-3.233172,0.999493,0.008741,0.011699,-0.028308
8314,-0.239150,0.136475,9.935937,1.727684,-0.567079,-0.536731,0.988848,1.352147,-3.249443,0.999488,0.008960,0.011550,-0.028452
8315,-0.230775,0.153171,9.937375,2.342397,-0.873800,-0.547418,1.030363,1.327384,-3.268553,0.999483,0.009318,0.011322,-0.028621
8316,-0.214584,0.214738,9.960180,2.855191,-0.994444,-0.689325,1.125577,1.286060,-3.289557,0.999474,0.010140,0.010936,-0.028810
8317,-0.225754,0.209797,9.949626,3.297947,-0.881591,-0.759511,1.253898,1.247968,-3.313775,0.999459,0.011252,0.010569,-0.029030
8318,-0.220681,0.237094,9.910973,3.575832,-0.892239,-0.657271,1.386165,1.222683,-3.337666,0.999442,0.012401,0.010312,-0.029248
8319,-0.209887,0.306708,9.934383,3.377876,-0.762523,-0.603855,1.547313,1.196964,-3.358402,0.999421,0.013802,0.010044,-0.029440
8320,-0.210434,0.308695,9.920150,3.285309,-0.599245,-0.622155,1.714508,1.175295,-3.378284,0.999397,0.015256,0.009810,-0.029625
8321,-0.208628,0.296010,9.915272,2.940643,-0.500020,-0.553485,1.838994,1.161917,-3.397993,0.999376,0.016340,0.009658,-0.029806
8322,-0.199051,0.325326,9.920800,2.774346,-0.586985,-0.548908,1.937041,1.145921,-3.416885,0.999358,0.017193,0.009490,-0.029977
8323,-0.195393,0.351894,9.932372,2.917892,-0.774701,-0.439038,2.043601,1.120811,-3.433893,0.999339,0.018117,0.009241,-0.030130
8324,-0.186916,0.327739,9.916435,3.262702,-0.944130,-0.164370,2.141023,1.086943,-3.445100,0.999323,0.018959,0.008918,-0.030230
8325,-0.180960,0.344053,9.919759,3.466922,-0.924363,-0.112492,2.225096,1.048300,-3.451445,0.999311,0.019682,0.008557,-0.030286
8326,-0.177035,0.360037,9.931481,4.106032,-1.043444,-0.136909,2.323391,1.009259,-3.457431,0.999295,0.020530,0.008190,-0.030338
8327,-0.168503,0.401510,9.896834,5.106915,-1.315111,-0.249827,2.463132,0.964536,-3.465777,0.999271,0.021737,0.007761,-0.030413
8328,-0.160996,0.412308,9.906224,5.798092,-1.344160,-0.365796,2.637348,0.914401,-3.478144,0.999237,0.023244,0.007275,-0.030522
8329,-0.169827,0.460093,9.940658,6.751739,-1.365499,-0.645042,2.840059,0.872759,-3.497242,0.999193,0.025002,0.006854,-0.030693
8330,-0.168253,0.525077,9.942463,8.076406,-1.719382,-0.701506,3.104753,0.837122,-3.522008,0.999128,0.027302,0.006467,-0.030916
8331,-0.172323,0.574583,9.926367,9.009072,-1.891601,-0.693883,3.424978,0.801387,-3.548020,0.999043,0.030085,0.006062,-0.031152
8332,-0.162097,0.625270,9.906913,9.996675,-1.955449,-0.292573,3.777621,0.765004,-3.567784,0.998943,0.033151,0.005643,-0.031332
8333,-0.152671,0.668989,9.891678,11.699839,-1.894203,-0.262064,4.164526,0.724689,-3.580943,0.998825,0.036513,0.005182,-0.031453
8334,-0.121167,0.731958,9.889692,13.892713,-1.671335,-0.617609,4.603914,0.675610,-3.599829,0.998675,0.040330,0.004627,-0.031620
8335,-0.115429,0.868473,9.941295,16.818197,-1.753759,-0.893797,5.146841,0.618282,-3.629423,0.998468,0.045047,0.003966,-0.031877
8336,-0.094338,0.979958,9.949129,19.550146,-2.792970,-0.591652,5.812260,0.538987,-3.660696,0.998186,0.050823,0.003076,-0.032137
8337,-0.055296,1.078908,9.929002,22.472836,-3.777377,-0.587051,6.572012,0.411673,-3.691583,0.997825,0.057406,0.001739,-0.032362
8338,-0.120533,1.274068,9.939292,26.352440,-3.734616,0.204905,7.462716,0.292024,-3.712695,0.997348,0.065126,0.000434,-0.032491
8339,-0.077754,1.437863,9.860998,28.099075,-4.529355,1.695707,8.477871,0.181023,-3.699384,0.996740,0.073928,-0.000811,-0.032306
8340,-0.053797,1.578471,9.763498,29.079679,-3.480867,3.395567,9.536695,0.055618,-3.635572,0.996036,0.083101,-0.002153,-0.031652
8341,-0.033377,1.705175,9.735497,29.480164,-1.379501,4.292787,10.588512,-0.027931,-3.523107,0.995264,0.092220,-0.003079,-0.030586
8342,-0.046816,1.862938,9.765492,28.967834,0.042929,4.498738,11.604406,-0.047941,-3.383304,0.994444,0.101038,-0.003400,-0.029327
8343,0.041625,2.025699,9.714540,26.209200,0.068935,3.708299,12.550381,-0.067449,-3.248911,0.993611,0.109243,-0.003683,-0.028114
8344,0.007132,2.199569,9.725198,24.660618,0.874522,2.679846,13.423297,-0.087483,-3.141841,0.992776,0.116808,-0.003962,-0.027137
8345,-0.001268,2.259581,9.759369,21.726145,0.328314,1.176792,14.182985,-0.075057,-3.074654,0.991995,0.123392,-0.003962,-0.026542
8346,0.012001,2.402886,9.677575,20.501957,-0.819120,-0.178244,14.843697,-0.080278,-3.060417,0.991270,0.129109,-0.004144,-0.026390
8347,-0.015098,2.513051,9.661160,22.317495,-0.576393,-0.385797,15.522850,-0.088444,-3.075405,0.990485,0.134979,-0.004388,-0.026485
8348,-0.028431,2.555578,9.654433,26.615427,-0.237385,-0.449954,16.272427,-0.068911,-3.092141,0.989576,0.141459,-0.004414,-0.026624
8349,-0.055800,2.693202,9.603969,33.272228,-0.305667,-1.199293,17.180883,-0.025605,-3.120403,0.988416,0.149309,-0.004288,-0.026888
8350,-0.031888,2.999528,9.505117,39.699249,-1.585559,-1.374880,18.378126,-0.001432,-3.170008,0.986789,0.159631,-0.004429,-0.027303
8351,-0.038710,3.265246,9.476055,43.584862,-2.804516,-0.981275,19.832560,-0.028066,-3.230203,0.984670,0.172134,-0.005095,-0.027722
8352,-0.009536,3.571384,9.318495,45.014240,-4.289061,-1.640535,21.430820,-0.102291,-3.311976,0.982157,0.185828,-0.006250,-0.028229
8353,0.015559,3.830289,9.191698,43.277664,-5.247287,-1.895388,23.062382,-0.220612,-3.426419,0.979388,0.199755,-0.007862,-0.028909
8354,0.087340,4.038038,9.044177,38.887417,-5.737267,-1.522998,24.582605,-0.383814,-3.552950,0.976625,0.212677,-0.009870,-0.029577
8355,0.071732,4.240953,8.961238,36.201351,-3.967377,-1.600748,25.954468,-0.529525,-3.670177,0.973983,0.224302,-0.011692,-0.030167
8356,0.101632,4.368115,8.838211,34.244267,-1.706009,-1.640401,27.204124,-0.596164,-3.761692,0.971456,0.234881,-0.012772,-0.030677
8357,0.084897,4.534511,8.829566,33.692085,0.457777,-0.828625,28.359045,-0.592216,-3.808210,0.969027,0.244656,-0.013147,-0.030949
8358,0.067984,4.747221,8.769958,34.224663,1.266687,0.192129,29.494043,-0.540638,-3.803453,0.966556,0.254257,-0.013007,-0.030891
8359,0.020985,4.931218,8.764700,34.903660,1.985738,1.426413,30.641266,-0.464339,-3.752257,0.963972,0.263949,-0.012556,-0.030505
8360,0.026619,5.053781,8.615816,35.037708,1.229277,2.714067,31.780209,-0.403800,-3.664250,0.961322,0.273543,-0.012141,-0.029785
8361,0.018481,5.298603,8.496523,34.595139,0.050062,3.489040,32.934528,-0.399163,-3.564466,0.958543,0.283225,-0.012155,-0.028838
8362,0.042040,5.343980,8.446354,32.742390,-1.883042,4.143512,34.025436,-0.463472,-3.474178,0.955829,0.292330,-0.012735,-0.027804
8363,0.061204,5.523679,8.309392,33.490978,-3.691121,4.163260,35.058197,-0.599938,-3.411696,0.953175,0.300904,-0.013956,-0.026809
8364,0.109265,5.655257,8.134987,33.775913,-5.725136,4.898732,36.133190,-0.810032,-3.379523,0.950324,0.309781,-0.015862,-0.025842
8365,0.172006,5.789343,7.996753,35.240498,-7.345778,5.953230,37.249943,-1.107939,-3.364249,0.947267,0.318951,-0.018533,-0.024729
8366,0.242146,5.989126,7.880191,40.037857,-7.884668,6.708745,38.487396,-1.470947,-3.353668,0.943767,0.329064,-0.021757,-0.023396
8367,0.313272,6.241326,7.632176,42.347061,-7.337186,6.704405,39.913094,-1.852902,-3.343156,0.939590,0.340674,-0.025146,-0.021899
8368,0.404111,6.386093,7.462735,40.895279,-6.260312,6.936663,41.397629,-2.231344,-3.322663,0.935080,0.352712,-0.028452,-0.020236
8369,0.491476,6.585703,7.374563,40.171089,-4.400751,5.798762,42.816364,-2.582054,-3.288506,0.930620,0.364165,-0.031438,-0.018487
8370,0.475071,6.735472,7.316557,35.645309,-1.263810,2.693819,44.090714,-2.800538,-3.252824,0.926497,0.374434,-0.033291,-0.017131
8371,0.413758,6.811721,7.286587,28.874029,0.842113,0.752749,45.081394,-2.827181,-3.213362,0.923229,0.382433,-0.033521,-0.016435
8372,0.394676,6.934471,7.284146,24.268745,1.388895,0.239651,45.792576,-2.743940,-3.166164,0.920852,0.388195,-0.032794,-0.016131
8373,0.353320,6.980094,7.280879,22.142479,0.908880,0.202518,46.324440,-2.632370,-3.120997,0.919057,0.392511,-0.031819,-0.015999
8374,0.303954,7.095137,7.223320,21.183329,-1.084709,0.888520,46.782070,-2.534437,-3.097345,0.917494,0.396214,-0.031017,-0.016022
8375,0.399970,7.195023,6.995032,25.846331,-4.827245,3.950581,47.373245,-2.580769,-3.104875,0.915433,0.400926,-0.031496,-0.015760
8376,0.472139,7.203719,6.823883,28.828394,-7.213710,4.849337,48.163250,-2.816928,-3.148910,0.912620,0.407144,-0.033640,-0.015051
8377,0.540560,7.350078,6.559075,31.925566,-8.982438,4.693923,49.130600,-3.146901,-3.244587,0.909104,0.414700,-0.036728,-0.014328
8378,0.609082,7.508933,6.317256,33.357437,-8.802703,4.695771,50.286808,-3.508055,-3.373915,0.904814,0.423686,-0.040199,-0.013637
8379,0.655539,7.574270,6.144423,32.706772,-6.755249,3.681351,51.495350,-3.830786,-3.494250,0.900237,0.433046,-0.043328,-0.012933
8380,0.604949,7.680352,6.225681,28.290831,-4.629645,1.349736,52.528229,-4.014051,-3.593460,0.896259,0.441036,-0.045257,-0.012610
8381,0.639152,7.920936,6.083307,25.733023,-4.479825,0.772615,53.395943,-4.086965,-3.690481,0.892872,0.447743,-0.046298,-0.012736
8382,0.634186,7.980274,6.010174,22.674799,-3.136691,0.024520,54.179623,-4.117249,-3.782461,0.889774,0.453789,-0.046983,-0.013013
8383,0.616289,8.017920,5.966381,21.496031,-2.344307,-1.390508,54.838478,-4.080112,-3.863547,0.887147,0.458879,-0.047094,-0.013520
8384,0.617135,8.113460,5.861216,23.249901,-3.059498,-2.279136,55.487499,-4.003122,-3.964414,0.884531,0.463886,-0.046985,-0.014345
8385,0.693107,8.212687,5.609790,27.097969,-3.864963,-1.899458,56.301121,-3.971202,-4.096137,0.881203,0.470114,-0.047381,-0.015155
8386,0.694437,8.269396,5.492192,29.707483,-3.489601,-2.029161,57.277077,-3.984450,-4.236043,0.877147,0.477538,-0.048193,-0.015767
8387,0.711826,8.437027,5.331607,30.937712,-4.110715,-1.939078,58.334904,-4.004526,-4.381518,0.872679,0.485544,-0.049105,-0.016344
8388,0.771229,8.588839,5.140130,30.166338,-5.189752,-0.644858,59.446583,-4.081820,-4.543000,0.867897,0.493882,-0.050542,-0.016755
8389,0.811684,8.615170,4.964508,27.693663,-5.444951,1.520927,60.515461,-4.250852,-4.697087,0.863214,0.501808,-0.052642,-0.016699
8390,0.804861,8.645083,4.882493,22.875181,-4.001753,1.556534,61.410088,-4.438588,-4.814261,0.859235,0.508387,-0.054696,-0.016329
8391,0.801330,8.678328,4.801735,20.065742,-2.692667,0.381887,62.109089,-4.558600,-4.896363,0.856094,0.513520,-0.056057,-0.016068
8392,0.804130,8.645354,4.720886,19.306667,-1.536054,-0.420565,62.693871,-4.610614,-4.953637,0.853449,0.517828,-0.056784,-0.015971
8393,0.776110,8.649889,4.645896,19.009594,0.031141,-1.848783,63.220108,-4.589648,-4.984197,0.851060,0.521737,-0.056840,-0.016033
8394,0.671492,8.723925,4.330157,19.659294,1.229225,-3.397994,63.828205,-4.451450,-5.001165,0.848289,0.526307,-0.055982,-0.016495
8396,0.638208,8.785795,4.145523,24.817726,1.278370,-2.890637,64.658989,-4.246862,-5.015047,0.844465,0.532539,-0.054660,-0.017147
8397,0.652836,8.917775,4.004010,27.051447,-0.137472,-1.270776,65.666756,-4.098959,-5.036242,0.839755,0.540007,-0.053827,-0.017521
8398,0.690059,8.995196,3.904608,27.356367,-1.298653,-0.914030,66.715576,-4.040912,-5.082011,0.834773,0.547678,-0.053782,-0.017640
8399,0.679037,9.088195,3.733801,27.320877,-1.883115,-1.501635,67.756302,-4.013220,-5.155149,0.829754,0.555216,-0.054094,-0.017815
8400,0.753468,9.235891,3.748183,26.351074,-2.536307,-2.519317,68.733223,-3.993532,-5.254014,0.824976,0.562232,-0.054588,-0.018162
8401,0.749651,9.318677,3.595244,21.224167,-3.198713,-3.838895,69.557289,-3.970417,-5.383522,0.820891,0.568100,-0.055194,-0.018812
8402,0.704992,9.284561,3.412434,19.353651,-2.614393,-4.957168,70.272987,-3.893928,-5.527789,0.817303,0.573185,-0.055487,-0.019881
8403,0.633590,9.232371,3.214360,19.996559,-1.848394,-4.981643,70.991692,-3.756840,-5.657064,0.813668,0.578308,-0.055292,-0.021145
8404,0.617713,9.275088,3.106966,22.939177,-1.645417,-4.453880,71.784058,-3.603682,-5.767069,0.809625,0.583946,-0.054918,-0.022324
8405,0.636929,9.275488,3.027180,24.584517,-1.051853,-2.854725,72.624329,-3.500531,-5.849851,0.805300,0.589881,-0.054783,-0.023035
8406,0.666387,9.386326,2.900808,27.593857,0.499904,-1.062989,73.519218,-3.475798,-5.879425,0.800662,0.596150,-0.054943,-0.022943
8407,0.684804,9.478868,2.734030,29.085054,1.845590,-0.087404,74.502670,-3.506580,-5.850316,0.795524,0.602998,-0.055198,-0.022105
8408,0.704707,9.640944,2.604835,28.592659,2.190245,-0.153938,75.512856,-3.555585,-5.790619,0.790191,0.609991,-0.055410,-0.020944
8409,0.673188,9.708239,2.425642,25.790054,2.550198,-0.135138,76.472023,-3.588274,-5.719646,0.785072,0.616601,-0.055425,-0.019817
8410,0.625032,9.738853,2.238882,23.863457,2.568425,-1.815020,77.366302,-3.556733,-5.648776,0.780246,0.622760,-0.054978,-0.019073
8411,0.589661,9.721361,2.146097,21.300381,1.211873,-4.554170,78.169266,-3.427496,-5.613008,0.775861,0.628293,-0.054042,-0.019157
8412,0.567093,9.712853,2.088589,20.438158,-0.005768,-6.997375,78.857712,-3.212403,-5.631135,0.772053,0.633040,-0.052810,-0.020146
8413,0.529116,9.678767,1.976153,20.999262,-0.092683,-8.251869,79.502693,-2.942105,-5.677642,0.768443,0.637484,-0.051373,-0.021669
8414,0.512155,9.668468,1.862718,22.529263,-0.052969,-9.602375,80.175468,-2.642074,-5.729513,0.764642,0.642103,-0.049792,-0.023399
8415,0.428846,9.681901,1.695364,25.065029,0.102703,-10.510365,80.935608,-2.303875,-5.781946,0.760307,0.647292,-0.048002,-0.025331
8416,0.340759,9.665410,1.488589,28.678545,0.183618,-11.230881,81.846931,-1.913832,-5.831631,0.755058,0.653469,-0.045919,-0.027505
8417,0.232833,9.696597,1.246637,31.721949,0.250812,-10.988793,82.932823,-1.486856,-5.875309,0.748737,0.660757,-0.043643,-0.029820
8418,0.150007,9.720552,1.017209,34.012039,-0.209956,-10.980359,84.161110,-1.043420,-5.917967,0.741498,0.668905,-0.041343,-0.032218
8419,0.104155,9.774259,0.848030,35.823017,-0.789761,-10.106654,85.461197,-0.623314,-5.967592,0.733738,0.677414,-0.039311,-0.034550
8420,0.111781,9.816201,0.698166,35.948986,-0.704296,-8.715264,86.750450,-0.284096,-6.014011,0.725958,0.685731,-0.037826,-0.036430
8421,0.095947,9.864037,0.522797,35.017078,-0.063422,-7.314279,87.980293,-0.038449,-6.039488,0.718472,0.693558,-0.036829,-0.037668
8422,0.076502,9.861878,0.364591,32.830498,0.380603,-6.222819,89.119064,0.140652,-6.040668,0.711486,0.700721,-0.036097,-0.038403
8423,0.044127,9.889576,0.183788,31.012947,0.774279,-5.302184,90.163719,0.277753,-6.023617,0.705028,0.707226,-0.035496,-0.038813
8424,-0.007093,9.897910,-0.052622,29.194016,0.827683,-5.193449,91.164299,0.408876,-5.995709,0.698790,0.713403,-0.034860,-0.039148
8425,-0.089663,9.892794,-0.245466,28.751747,-0.243516,-5.950228,92.157455,0.585546,-5.980825,0.692524,0.719488,-0.034037,-0.039863
8426,-0.139144,9.867327,-0.409464,28.535364,-1.535978,-6.344124,93.144661,0.814323,-6.000528,0.686209,0.725485,-0.033133,-0.041134
8427,-0.148399,9.861373,-0.572417,28.831640,-2.199760,-6.441951,94.127174,1.049249,-6.048480,0.679856,0.731389,-0.032395,-0.042631
8428,-0.146542,9.887089,-0.713431,29.129307,-2.428640,-6.016122,95.104095,1.251625,-6.108487,0.673492,0.737191,-0.031952,-0.044007
8429,-0.153472,9.870697,-0.860652,30.122608,-2.288228,-6.270597,96.081879,1.424110,-6.167436,0.667083,0.742936,-0.031703,-0.045192
8430,-0.150875,9.853185,-1.027942,31.686527,-1.802930,-6.276132,97.093811,1.576719,-6.212536,0.660413,0.748819,-0.031515,-0.046167
8431,-0.170704,9.841723,-1.217705,32.841549,-1.244362,-5.938193,98.157013,1.706759,-6.237481,0.653369,0.754936,-0.031363,-0.046870
8432,-0.200893,9.761201,-1.385563,33.280941,-0.548449,-5.755908,99.250748,1.826306,-6.239194,0.646080,0.761162,-0.031145,-0.047371
8433,-0.261277,9.656402,-1.581146,33.895870,0.643376,-4.797110,100.369186,1.941922,-6.208967,0.638580,0.767462,-0.030758,-0.047670
8434,-0.314040,9.606155,-1.785274,32.713409,1.674948,-2.775014,101.495598,2.031235,-6.147234,0.630990,0.773734,-0.030315,-0.047627
8435,-0.346077,9.566710,-2.016525,29.111053,2.274661,-0.351782,102.567505,2.061305,-6.070684,0.623742,0.779628,-0.030075,-0.047129
8436,-0.342455,9.540055,-2.162205,26.100782,1.823008,1.358814,103.531776,2.025390,-6.006299,0.617202,0.784860,-0.030223,-0.046282
8437,-0.324125,9.565829,-2.289786,22.771296,0.876965,2.945894,104.356255,1.931511,-5.979598,0.611593,0.789273,-0.030874,-0.045275
8438,-0.271235,9.575311,-2.395011,19.237013,-0.331500,3.045381,105.029434,1.798499,-5.997243,0.606998,0.792825,-0.031967,-0.044267
8439,-0.214697,9.561141,-2.480111,17.344366,-1.463608,2.884188,105.582336,1.648429,-6.054503,0.603210,0.795702,-0.033370,-0.043373
8440,-0.206482,9.555714,-2.547431,17.854836,-2.313402,1.764771,106.088104,1.521912,-6.139214,0.599717,0.798309,-0.034814,-0.042788
8441,-0.185872,9.550438,-2.661040,18.452265,-2.288855,-0.120726,106.610367,1.455344,-6.223418,0.596071,0.800995,-0.035944,-0.042602
8442,-0.202532,9.508501,-2.772588,19.612949,-2.096473,-0.935129,107.183098,1.443175,-6.290428,0.592041,0.803940,-0.036690,-0.042683
8443,-0.230400,9.462393,-2.884331,20.035265,-1.974337,-1.127157,107.802261,1.469388,-6.346241,0.587655,0.807115,-0.037179,-0.042955
8444,-0.243733,9.398689,-2.971909,19.427645,-1.940744,-1.751162,108.425301,1.524161,-6.394385,0.583215,0.810292,-0.037473,-0.043384
8445,-0.220892,9.349269,-3.029220,17.782242,-1.798787,-1.302363,108.994255,1.572472,-6.438598,0.579145,0.813173,-0.037757,-0.043763
8446,-0.247254,9.275476,-3.109299,16.180962,-1.629353,-0.029522,109.494720,1.587440,-6.487205,0.575563,0.815681,-0.038218,-0.043949
8447,-0.244709,9.254350,-3.226573,14.619481,-1.522492,0.295670,109.956070,1.581624,-6.539687,0.572257,0.817973,-0.038798,-0.044015
8448,-0.249183,9.238615,-3.318922,14.146151,-1.894765,0.541514,110.401649,1.568609,-6.599019,0.569055,0.820169,-0.039459,-0.044066
8449,-0.258460,9.194648,-3.407919,15.604772,-2.700418,0.495847,110.877464,1.566606,-6.677426,0.565616,0.822497,-0.040214,-0.044274
8450,-0.251546,9.162023,-3.500384,16.949093,-3.133747,0.949138,111.415039,1.568471,-6.777006,0.561712,0.825106,-0.041129,-0.044586
8451,-0.224609,9.135844,-3.591054,17.710577,-2.990228,2.487478,111.994720,1.528576,-6.893083,0.557505,0.827887,-0.042387,-0.044655
8452,-0.193269,9.098840,-3.694152,20.567202,-3.153347,3.542273,112.639290,1.429189,-7.026084,0.552838,0.830940,-0.044083,-0.044337
8453,-0.170057,9.080050,-3.783100,23.217785,-3.464434,4.496462,113.370972,1.291244,-7.180484,0.547532,0.834363,-0.046150,-0.043789
8454,-0.143093,9.061546,-3.874872,23.470940,-3.403181,4.828105,114.129074,1.133355,-7.349010,0.542018,0.837862,-0.048419,-0.043126
8455,-0.131424,8.956207,-3.993712,23.080105,-3.045913,3.963380,114.880280,0.987908,-7.508834,0.536530,0.841293,-0.050557,-0.042489
8456,-0.124393,8.872495,-4.102806,22.567293,-2.816864,3.286225,115.627762,0.877450,-7.649641,0.531037,0.844685,-0.052384,-0.041997
8457,-0.126249,8.806655,-4.177517,19.754816,-1.956139,3.091131,116.309807,0.789660,-7.768486,0.526004,0.847753,-0.053916,-0.041581
8458,-0.120196,8.750154,-4.269942,16.293676,-0.337078,3.129403,116.871872,0.699112,-7.849796,0.521858,0.850260,-0.055135,-0.041015
8459,-0.110927,8.747124,-4.414731,14.540145,0.857756,2.889909,117.358551,0.596772,-7.888206,0.518284,0.852422,-0.056058,-0.040193
8460,-0.079735,8.769948,-4.516284,13.961669,0.770842,2.723711,117.816895,0.485600,-7.907737,0.514923,0.854448,-0.056864,-0.039228
8461,-0.067752,8.750637,-4.598927,13.772285,0.413862,1.907509,118.260292,0.387424,-7.926932,0.511659,0.856397,-0.057598,-0.038360
8462,-0.061689,8.728635,-4.701193,14.747303,-0.082019,0.834869,118.730202,0.333978,-7.944073,0.508166,0.858464,-0.058120,-0.037799
8463,-0.049730,8.666220,-4.807113,16.249023,-1.287475,-1.080125,119.269585,0.343304,-7.962018,0.504108,0.860840,-0.058391,-0.037674
8464,-0.053730,8.572651,-4.846372,16.621658,-1.694872,-1.220470,119.851479,0.395870,-7.986276,0.499694,0.863391,-0.058535,-0.037879
8465,-0.075261,8.510376,-4.906507,16.595921,-1.110446,-0.893928,120.427238,0.450659,-8.008910,0.495313,0.865894,-0.058658,-0.038096
8466,-0.067471,8.466251,-4.964345,17.007965,-0.629776,-1.080084,120.992188,0.492828,-8.016979,0.491012,0.868333,-0.058726,-0.038160
8467,-0.085025,8.392828,-5.048965,17.415384,-0.504633,-1.746886,121.565750,0.539341,-8.008711,0.486637,0.870796,-0.058656,-0.038184
8468,-0.102476,8.344094,-5.114480,18.018112,-0.593158,-2.114668,122.154991,0.608154,-7.990297,0.482121,0.873314,-0.058421,-0.038329
8469,-0.120499,8.301748,-5.230994,19.022171,-1.350068,-3.173743,122.772591,0.710631,-7.970232,0.477356,0.875935,-0.058046,-0.038713
8470,-0.129152,8.285753,-5.332817,18.538486,-1.650721,-3.741459,123.402550,0.843818,-7.949106,0.472466,0.878588,-0.057545,-0.039326
8471,-0.141461,8.213772,-5.425298,17.999857,-1.252460,-3.607188,124.014420,0.973917,-7.921335,0.467704,0.881142,-0.057009,-0.039905
8472,-0.140840,8.163256,-5.512533,18.996325,-0.756473,-3.120328,124.635689,1.073355,-7.885752,0.462876,0.883703,-0.056547,-0.040218
8473,-0.143018,8.112301,-5.621990,20.218655,0.183639,-1.800198,125.297089,1.118676,-7.846651,0.457756,0.886388,-0.056295,-0.040085
8474,-0.132737,8.059216,-5.737242,21.077898,1.952401,-0.310593,126.002541,1.085732,-7.797242,0.452326,0.889207,-0.056287,-0.039287
8475,-0.131267,7.889248,-5.833100,23.416006,3.234428,0.637343,126.788223,0.984078,-7.730537,0.446298,0.892301,-0.056433,-0.037850
8476,-0.141643,7.780481,-5.949319,26.077900,3.431458,-0.076558,127.689384,0.876778,-7.646900,0.439354,0.895803,-0.056487,-0.036246
8477,-0.140794,7.652416,-6.008895,27.406120,3.750462,-0.883678,128.655502,0.801423,-7.542090,0.431859,0.899513,-0.056253,-0.034782
8478,-0.110479,7.543352,-6.162816,28.191101,4.130502,-1.919690,129.655563,0.741055,-7.409930,0.424065,0.903301,-0.055736,-0.033325
8479,-0.113440,7.479351,-6.271654,28.394621,4.574641,-2.858028,130.663727,0.692801,-7.247173,0.416173,0.907067,-0.054914,-0.031860
8480,-0.106086,7.465475,-6.414284,28.167467,4.870734,-3.218077,131.631256,0.655208,-7.061934,0.408569,0.910630,-0.053844,-0.030437
8481,-0.098492,7.471196,-6.551050,26.882399,5.508635,-2.162057,132.524582,0.594721,-6.873923,0.401536,0.913864,-0.052792,-0.028875
8482,-0.067616,7.420187,-6.692323,25.700792,5.780370,-0.234675,133.343140,0.475617,-6.709753,0.395096,0.916765,-0.052095,-0.026979
8483,-0.084899,7.270702,-6.685540,24.207674,5.400489,0.819833,134.091812,0.326685,-6.582730,0.389198,0.919359,-0.051757,-0.025012
8484,-0.063662,7.114817,-6.734920,24.127447,3.125302,1.186031,134.800995,0.207602,-6.505339,0.383573,0.921764,-0.051687,-0.023474
8485,-0.013802,6.974161,-6.882990,25.114197,0.276434,1.006010,135.563873,0.135960,-6.491673,0.377464,0.924291,-0.051968,-0.022507
8486,0.019078,6.860440,-7.061194,27.719002,-1.069266,1.079419,136.450104,0.095521,-6.526269,0.370316,0.927160,-0.052551,-0.021889
8487,0.023152,6.785486,-7.292912,29.736826,-1.284207,1.483994,137.467789,0.062283,-6.584742,0.362072,0.930379,-0.053324,-0.021336
8488,0.055865,6.708945,-7.496633,32.017380,-0.282920,2.685156,138.587646,-0.006650,-6.654434,0.352983,0.933828,-0.054310,-0.020467
8489,0.073878,6.563680,-7.617313,34.224728,2.223018,4.684451,139.785690,-0.166017,-6.727122,0.343264,0.937403,-0.055593,-0.018812
8490,0.076944,6.396391,-7.599033,35.883900,4.808262,6.337311,141.008484,-0.420922,-6.794808,0.333353,0.940930,-0.057087,-0.016321
8491,0.119030,6.153925,-7.637470,36.291481,4.968750,6.641191,142.229645,-0.720840,-6.863863,0.323442,0.944332,-0.058672,-0.013434
8492,0.171033,5.954546,-7.699808,36.024559,3.604847,5.246713,143.448578,-0.992868,-6.936352,0.313502,0.947619,-0.060153,-0.010757
8493,0.215997,5.800149,-7.852513,35.922417,1.818266,3.601978,144.659470,-1.191073,-7.003837,0.303560,0.950796,-0.061346,-0.008655
8494,0.255185,5.610860,-8.002712,36.313305,0.397920,2.375350,145.892502,-1.317926,-7.066283,0.293370,0.953942,-0.062279,-0.007098
8495,0.265687,5.449536,-8.169885,37.488712,-0.810343,1.736187,147.172531,-1.386783,-7.129347,0.282726,0.957108,-0.063050,-0.005982
8496,0.263840,5.324045,-8.304708,37.495171,-2.015633,1.934695,148.462967,-1.405391,-7.207945,0.271936,0.960182,-0.063816,-0.005302
8497,0.252893,5.106603,-8.364892,37.910408,-2.500764,3.028860,149.742722,-1.398327,-7.318612,0.261187,0.963099,-0.064785,-0.004900
8499,0.240151,4.950439,-8.512495,40.344391,-0.014995,3.410368,151.064087,-1.419876,-7.433194,0.250072,0.965976,-0.065850,-0.004221
8500,0.247085,4.697896,-8.615533,41.521137,2.142671,4.545667,152.459091,-1.515185,-7.533770,0.238341,0.968867,-0.066944,-0.002822
8501,0.275711,4.322902,-8.646192,42.507706,2.484546,5.288853,153.952484,-1.667541,-7.647601,0.225775,0.971786,-0.068238,-0.000881
8502,0.336881,3.951845,-8.719170,46.980316,0.882566,5.380581,155.629456,-1.826056,-7.790334,0.211617,0.974860,-0.069748,0.001203
8503,0.360627,3.671234,-8.753391,49.356705,0.104713,4.674320,157.465134,-1.955657,-7.946039,0.196050,0.977995,-0.071268,0.003160
8504,0.368124,3.336714,-8.779950,48.981888,-5.398960,4.753891,159.339539,-1.975101,-8.133894,0.180046,0.980948,-0.072845,0.004197
8505,0.349387,3.113913,-8.971370,48.019527,-11.241509,3.847655,161.186218,-1.791530,-8.372027,0.164114,0.983614,-0.074553,0.003453
8506,0.276545,2.952925,-9.213441,48.246960,-13.724222,2.744458,162.972702,-1.427994,-8.611612,0.148541,0.985974,-0.076086,0.001175
8507,0.166794,2.771469,-9.384677,48.119797,-12.129999,2.234713,164.693680,-0.995601,-8.814092,0.133439,0.988036,-0.077308,-0.001648
8508,0.119613,2.535132,-9.705156,48.474586,-11.652847,2.645069,166.390884,-0.579571,-8.991881,0.118510,0.989841,-0.078433,-0.004281
8509,0.141763,2.185665,-9.914939,48.094254,-8.338595,2.341405,168.127884,-0.266704,-9.147102,0.103274,0.991449,-0.079551,-0.005939
8510,0.163331,1.928138,-9.988056,47.912476,-3.516140,1.033813,169.873886,-0.143417,-9.241767,0.088066,0.992851,-0.080358,-0.005867
8511,0.227987,1.657881,-10.035056,45.536137,0.209744,0.481641,171.547318,-0.216102,-9.278383,0.073607,0.994000,-0.080799,-0.004086
8512,0.273263,1.409200,-10.055346,40.547127,3.098316,-0.754109,173.065536,-0.439419,-9.270584,0.060589,0.994879,-0.080896,-0.001072
8513,0.292628,1.209115,-9.909925,37.796165,6.699562,-2.632307,174.401443,-0.771594,-9.200759,0.049218,0.995540,-0.080436,0.002787
8514,0.264295,1.104230,-9.767279,35.520466,8.362542,-3.888011,175.561096,-1.149865,-9.072712,0.039397,0.996039,-0.079416,0.006933
8515,0.249688,0.966917,-9.707213,33.443893,7.571264,-4.104652,176.562592,-1.480054,-8.920635,0.030903,0.996410,-0.078113,0.010538
8516,0.236421,0.856318,-9.692615,31.630833,6.291158,-3.918519,177.446396,-1.719504,-8.771007,0.023362,0.996687,-0.076773,0.013254
8517,0.250606,0.735370,-9.752929,30.160786,4.172966,-3.265491,178.240616,-1.866053,-8.638131,0.016534,0.996892,-0.075541,0.015079
8518,0.289524,0.537425,-9.841054,27.703623,1.604565,-1.812882,178.987274,-1.930556,-8.544165,0.010067,0.997030,-0.074628,0.016141
8519,0.343361,0.345635,-9.905062,26.739294,-0.118285,-0.720372,179.731461,-1.946140,-8.496205,0.003595,0.997103,-0.074104,0.016762
8520,0.361022,0.086689,-9.852201,28.735968,-0.011340,-0.987432,-179.428909,-1.958350,-8.465083,-0.003708,0.997121,-0.073708,0.017410
8521,0.333269,-0.070723,-9.902828,32.674133,-0.008212,-3.532684,-178.435379,-1.967796,-8.388985,-0.012359,0.997099,-0.072891,0.018122
8522,0.297694,-0.319175,-9.885302,34.258121,-1.754043,-4.843447,-177.316284,-1.924585,-8.248446,-0.022146,0.997025,-0.071497,0.018430
8523,0.294796,-0.568141,-9.897908,35.325294,-4.023383,-5.664366,-176.101639,-1.806447,-8.069597,-0.032816,0.996858,-0.069778,0.018108
8524,0.263068,-0.720935,-9.909093,36.102531,-5.732738,-7.507647,-174.858841,-1.626452,-7.839284,-0.043771,0.996600,-0.067647,0.017211
8525,0.230951,-0.820553,-9.937521,33.404598,-7.179682,-7.217694,-173.718430,-1.396060,-7.572693,-0.053863,0.996289,-0.065266,0.015756
8526,0.248669,-1.026123,-9.874179,27.367558,-8.746971,-4.210094,-172.763412,-1.136913,-7.350536,-0.062342,0.995945,-0.063346,0.013926
8527,0.258566,-1.167618,-9.813418,23.703310,-7.716724,-2.375974,-171.969803,-0.907219,-7.204465,-0.069383,0.995578,-0.062120,0.012281
8528,0.219637,-1.226970,-9.738792,21.917164,-5.171026,-2.141057,-171.300430,-0.756390,-7.097775,-0.075291,0.995217,-0.061221,0.011264
8529,0.202111,-1.362296,-9.703367,20.452829,-2.394876,-0.874626,-170.702209,-0.694726,-7.027343,-0.080525,0.994848,-0.060594,0.010998
8530,0.229188,-1.514295,-9.711559,19.570129,-0.862190,-0.313199,-170.114090,-0.717889,-6.998337,-0.085621,0.994437,-0.060267,0.011489
8531,0.249619,-1.576235,-9.704175,20.166082,1.245960,-0.909987,-169.527374,-0.822535,-6.979310,-0.090657,0.993995,-0.059959,0.012690
8532,0.315235,-1.706203,-9.679064,21.111448,3.230738,-2.179761,-168.918030,-1.025836,-6.942678,-0.095837,0.993514,-0.059401,0.014740
8533,0.376139,-1.855895,-9.699661,23.999571,4.173566,-4.616925,-168.217804,-1.318373,-6.856847,-0.101763,0.992943,-0.058303,0.017561
8534,0.378992,-1.993608,-9.644822,31.456547,8.419939,-6.782469,-167.321518,-1.703915,-6.717169,-0.109347,0.992165,-0.056581,0.021221
8535,0.369984,-2.190501,-9.616208,40.889851,13.276247,-9.430123,-166.118469,-2.209259,-6.539228,-0.119533,0.991004,-0.054280,0.025997
8536,0.423798,-2.464919,-9.561330,47.091663,14.459266,-11.000381,-164.611465,-2.790029,-6.329587,-0.132311,0.989372,-0.051440,0.031479
8537,0.471249,-2.723850,-9.504313,50.278538,14.375463,-11.366600,-162.919952,-3.368266,-6.110194,-0.146676,0.987313,-0.048324,0.036933
8538,0.522088,-2.970706,-9.393398,50.779705,13.832005,-9.303443,-161.173889,-3.894198,-5.930743,-0.161503,0.984933,-0.045457,0.041930
8539,0.619297,-3.247940,-9.310131,46.155170,8.580929,-6.655808,-159.507553,-4.291804,-5.808400,-0.175659,0.982437,-0.043171,0.045806
8540,0.716317,-3.500350,-9.204270,39.687233,2.077191,-3.683185,-158.034012,-4.490009,-5.715000,-0.188218,0.980083,-0.041448,0.047898
8541,0.741597,-3.692719,-9.137810,35.570515,-0.864972,-1.729912,-156.760559,-4.521381,-5.641276,-0.199113,0.977949,-0.040228,0.048495
8542,0.715182,-3.881547,-9.055786,33.463207,-3.044314,-0.814222,-155.615234,-4.440659,-5.575651,-0.208945,0.975952,-0.039332,0.048088
8543,0.679680,-4.065935,-8.979843,31.194118,-5.234513,0.286187,-154.547104,-4.259713,-5.508222,-0.218148,0.974027,-0.038659,0.046787
8544,0.656732,-4.211057,-8.898461,29.188959,-7.082943,1.285909,-153.556122,-3.999107,-5.440071,-0.226715,0.972181,-0.038198,0.044776
8545,0.624315,-4.359133,-8.814112,27.662874,-7.957760,1.666075,-152.631027,-3.697710,-5.368290,-0.234725,0.970399,-0.037853,0.042386
8546,0.568116,-4.522721,-8.702321,27.907000,-8.617377,1.901278,-151.712158,-3.374219,-5.290818,-0.242675,0.968564,-0.037550,0.039792
8547,0.528573,-4.632936,-8.609633,29.373470,-8.991593,2.893325,-150.755402,-3.033016,-5.219148,-0.250930,0.966573,-0.037366,0.037071
8548,0.495311,-4.784609,-8.521314,30.780413,-8.218174,2.699658,-149.751465,-2.709553,-5.157368,-0.259550,0.964393,-0.037258,0.034537
8549,0.459446,-4.916871,-8.429352,32.121750,-7.009718,1.819246,-148.700928,-2.443005,-5.092046,-0.268513,0.962016,-0.037021,0.032487
8550,0.446717,-5.070598,-8.341377,32.626831,-5.857558,0.796822,-147.624863,-2.249054,-5.015829,-0.277637,0.959489,-0.036549,0.031026
8551,0.444284,-5.191933,-8.276549,32.644970,-4.670111,-0.387479,-146.559723,-2.134601,-4.925804,-0.286615,0.956901,-0.035795,0.030184
8552,0.429146,-5.315420,-8.252316,32.351410,-3.403225,-1.501668,-145.544113,-2.090297,-4.822788,-0.295129,0.954357,-0.034782,0.029866
8553,0.445068,-5.468946,-8.096341,32.167633,-3.950587,-1.598132,-144.546616,-2.080420,-4.708298,-0.303459,0.951786,-0.033597,0.029782
8554,0.432857,-5.632564,-7.992669,31.065477,-3.367193,-1.822804,-143.545013,-2.082013,-4.589911,-0.311797,0.949131,-0.032350,0.029766
8555,0.403332,-5.767704,-7.896849,29.972549,-2.454326,-2.120638,-142.572479,-2.094461,-4.478479,-0.319866,0.946481,-0.031141,0.029831
8556,0.409638,-5.917647,-7.785282,28.310501,-2.319760,-1.606630,-141.639114,-2.110006,-4.379917,-0.327584,0.943870,-0.030041,0.029930
8557,0.427229,-6.083619,-7.599123,26.178865,-2.029484,-1.548915,-140.725266,-2.135143,-4.294517,-0.335114,0.941248,-0.029026,0.030125
8558,0.394391,-6.180992,-7.569968,24.396757,0.606076,-1.967238,-139.865662,-2.194115,-4.235636,-0.342160,0.938720,-0.028140,0.030649
8559,0.421401,-6.320297,-7.492272,24.140383,1.338733,-2.361105,-139.059937,-2.296178,-4.202085,-0.348724,0.936294,-0.027338,0.031577
8560,0.445012,-6.426706,-7.444721,26.415464,1.349680,-2.071411,-138.226776,-2.417272,-4.176353,-0.355486,0.933734,-0.026520,0.032682
8561,0.438329,-6.517924,-7.337985,29.401514,0.919568,-1.011077,-137.317551,-2.509688,-4.163427,-0.362853,0.930881,-0.025861,0.033600
8562,0.432811,-6.613613,-7.241460,31.526854,0.174981,0.151604,-136.332108,-2.543643,-4.164542,-0.370832,0.927724,-0.025470,0.034100
8563,0.432188,-6.715323,-7.103379,32.709103,-1.703441,1.447102,-135.299591,-2.507218,-4.164380,-0.379190,0.924347,-0.025282,0.034034
8564,0.374812,-6.783231,-6.918688,32.534809,-2.892282,2.651179,-134.249908,-2.383896,-4.156432,-0.387688,0.920843,-0.025324,0.033247
8565,0.325306,-6.914946,-6.692494,30.337423,-3.718134,3.003995,-133.208267,-2.188820,-4.141080,-0.396117,0.917291,-0.025574,0.031862
8566,0.299274,-7.068865,-6.544751,27.437016,-3.219517,2.767873,-132.204971,-1.980766,-4.122004,-0.404211,0.913795,-0.025878,0.030359
8567,0.271545,-7.187384,-6.457010,25.824537,-2.388207,2.872005,-131.270737,-1.794775,-4.115611,-0.411713,0.910471,-0.026249,0.029069
8568,0.268299,-7.275106,-6.325397,25.234337,-2.191592,3.029448,-130.382904,-1.631205,-4.122636,-0.418809,0.907250,-0.026678,0.028003
8569,0.295543,-7.405445,-6.230727,24.932562,-1.741471,3.027968,-129.507126,-1.506052,-4.138080,-0.425768,0.904016,-0.027051,0.027277
8570,0.298573,-7.483308,-6.188918,25.269930,-0.195557,3.923510,-128.653976,-1.421423,-4.186731,-0.432504,0.900807,-0.027549,0.026996
8571,0.259387,-7.557277,-6.072810,25.855749,0.901726,4.558115,-127.814362,-1.342961,-4.283510,-0.439096,0.897586,-0.028410,0.026954
8572,0.252768,-7.633209,-5.960445,26.533072,1.147498,4.469479,-126.959229,-1.262333,-4.401802,-0.445781,0.894250,-0.029445,0.026996
8573,0.283302,-7.746171,-5.835872,27.753685,1.071412,2.659449,-126.066414,-1.227557,-4.502341,-0.452723,0.890721,-0.030153,0.027352
8574,0.275434,-7.842449,-5.767705,29.831810,1.242611,1.398629,-125.125839,-1.250192,-4.573363,-0.459994,0.886958,-0.030386,0.028058
8575,0.241317,-7.939626,-5.605058,31.455168,-0.162564,1.261007,-124.128372,-1.262760,-4.613547,-0.467682,0.882911,-0.030399,0.028583
8576,0.244017,-7.970224,-5.425148,31.799898,-2.265163,1.025827,-123.088814,-1.233221,-4.601175,-0.475686,0.878633,-0.030167,0.028580
8577,0.204671,-8.076708,-5.213650,30.133669,-3.003649,-0.251460,-122.049019,-1.186859,-4.534708,-0.483672,0.874294,-0.029595,0.028218
8578,0.156092,-8.257980,-5.037693,28.258875,-2.726012,0.557432,-121.014908,-1.113496,-4.457103,-0.491586,0.869906,-0.029065,0.027594
8579,0.133888,-8.356456,-4.876996,28.075119,-2.607165,3.238803,-119.979942,-0.973829,-4.413996,-0.499479,0.865428,-0.029099,0.026613
8580,0.124829,-8.367105,-4.741932,27.593666,-2.001536,3.294039,-118.970985,-0.803483,-4.401667,-0.507138,0.860981,-0.029525,0.025535
8581,0.139151,-8.535381,-4.627887,26.565783,-0.190321,3.051537,-118.003372,-0.678532,-4.420576,-0.514425,0.856647,-0.030011,0.024934
8582,0.158227,-8.611080,-4.552894,27.791498,1.259392,4.745167,-117.052551,-0.590181,-4.497066,-0.521526,0.852317,-0.030775,0.024873
8583,0.118790,-8.599223,-4.445426,28.264444,2.446667,5.666624,-116.127228,-0.487891,-4.630363,-0.528395,0.848027,-0.032031,0.024979
8584,0.081699,-8.615267,-4.306279,26.893719,2.848014,4.610620,-115.255974,-0.379546,-4.783933,-0.534828,0.843923,-0.033477,0.025141
8585,0.054704,-8.679041,-4.112490,25.306427,3.429374,4.360398,-114.421410,-0.284050,-4.941325,-0.540956,0.839942,-0.034898,0.025427
8586,-0.035911,-8.620943,-4.026544,25.370070,3.679481,3.849527,-113.625145,-0.169294,-5.104654,-0.546781,0.836089,-0.036460,0.025611
8587,-0.074335,-8.711846,-3.853747,23.394987,2.409625,3.595335,-112.870766,-0.018621,-5.245718,-0.552292,0.832394,-0.038042,0.025436
8588,-0.102067,-8.773319,-3.746378,22.753796,1.234354,3.251192,-112.135475,0.149396,-5.344377,-0.557655,0.828761,-0.039409,0.024944
8589,-0.131361,-8.811067,-3.636923,21.074936,0.365799,3.694445,-111.442886,0.334459,-5.411086,-0.562700,0.825307,-0.040646,0.024176
8590,-0.102960,-8.892529,-3.579943,19.714849,-0.482829,4.134447,-110.817024,0.520201,-5.455736,-0.567250,0.822157,-0.041753,0.023286
8591,-0.065835,-9.014670,-3.454506,18.115282,-0.600358,4.010935,-110.230576,0.664097,-5.486443,-0.571490,0.819192,-0.042570,0.022623
8592,-0.072505,-8.961238,-3.383294,18.368208,0.853931,3.522429,-109.664619,0.755944,-5.533847,-0.575548,0.816316,-0.043256,0.022417
8593,-0.072591,-8.908659,-3.319069,17.047520,2.669908,3.284066,-109.159676,0.805643,-5.628282,-0.579136,0.813721,-0.044078,0.022732
8594,-0.056859,-9.035398,-3.193648,16.019899,4.186850,1.928584,-108.684425,0.796795,-5.765946,-0.582475,0.811261,-0.044914,0.023677
8595,-0.039117,-9.020719,-3.037791,17.477011,5.810644,1.935608,-108.144600,0.734642,-5.945138,-0.586232,0.808457,-0.045748,0.025243
8596,-0.029925,-9.037678,-2.838756,23.895540,6.201495,4.564115,-107.404251,0.700016,-6.169005,-0.591380,0.804573,-0.046977,0.026937
8597,-0.018906,-9.369770,-2.657630,31.723433,5.321237,5.047148,-106.323784,0.719154,-6.398703,-0.598890,0.798860,-0.048423,0.028446
8598,-0.028961,-9.460752,-2.490343,36.846401,3.562028,2.530209,-104.967163,0.722830,-6.574353,-0.608262,0.791638,-0.049316,0.029924
8599,-0.099296,-9.402041,-2.304134,39.146187,2.765592,3.906177,-103.511818,0.754085,-6.701851,-0.618243,0.783783,-0.049972,0.031022
8600,-0.170111,-9.606306,-2.126479,40.012768,1.462422,5.558812,-102.041199,0.899322,-6.803965,-0.628275,0.775685,-0.051057,0.031237
8602,-0.245515,-9.604548,-1.999998,37.793369,-0.438996,2.676807,-100.655518,1.083557,-6.845767,-0.637662,0.767941,-0.051979,0.030849
8603,-0.303703,-9.447893,-1.753064,32.472729,-1.035791,2.050423,-99.455345,1.252275,-6.832979,-0.645731,0.761158,-0.052518,0.030197
8604,-0.307366,-9.534781,-1.532890,29.216696,-1.119866,4.080701,-98.394783,1.447999,-6.810889,-0.652817,0.755078,-0.053203,0.029265
8605,-0.291452,-9.571498,-1.314648,29.246250,-1.777637,2.619388,-97.357964,1.623644,-6.775751,-0.659686,0.749081,-0.053716,0.028393
8606,-0.312671,-9.481380,-1.115089,29.620865,-2.551347,0.622278,-96.290878,1.722456,-6.707353,-0.666679,0.742895,-0.053580,0.027852
8607,-0.288047,-9.560396,-0.979374,28.083414,-2.295031,1.603598,-95.251793,1.784462,-6.627873,-0.673425,0.736829,-0.053178,0.027471
8608,-0.299030,-9.499990,-0.830050,27.008074,-1.628216,1.614283,-94.283607,1.843702,-6.565685,-0.679657,0.731115,-0.052897,0.027172
8609,-0.336828,-9.428784,-0.694132,27.200548,-0.920203,1.838723,-93.356148,1.918215,-6.526289,-0.685582,0.725575,-0.052871,0.026891
8610,-0.359241,-9.505781,-0.557227,25.891352,-0.219822,2.606537,-92.465691,2.023294,-6.510518,-0.691230,0.720186,-0.053194,0.026544
8611,-0.379369,-9.532628,-0.394490,24.037413,0.637730,2.545809,-91.627251,2.142910,-6.519879,-0.696508,0.715050,-0.053782,0.026241
8612,-0.391217,-9.582840,-0.183227,23.300785,1.295379,2.070000,-90.796440,2.249882,-6.551673,-0.701692,0.709916,-0.054441,0.026161
8613,-0.394552,-9.651736,-0.021533,23.502953,1.110709,1.992356,-89.935501,2.336884,-6.588670,-0.707017,0.704565,-0.055006,0.026261
8614,-0.401200,-9.712395,0.145745,24.749022,0.382805,1.165379,-89.031723,2.397910,-6.608878,-0.712561,0.698928,-0.055299,0.026447
8615,-0.397993,-9.691677,0.289153,27.440187,-0.383250,-0.240010,-88.056366,2.412018,-6.604019,-0.718488,0.692833,-0.055131,0.026801
8616,-0.391140,-9.642367,0.400265,29.740490,-0.912779,-1.041207,-87.021858,2.380239,-6.579970,-0.724712,0.686345,-0.054542,0.027336
8617,-0.388544,-9.585591,0.559484,31.057859,-1.207307,-1.650146,-85.952621,2.322708,-6.545278,-0.731081,0.679598,-0.053713,0.027964
8618,-0.378108,-9.544411,0.713821,32.394939,-1.285149,-1.805867,-84.853012,2.253474,-6.506914,-0.737564,0.672603,-0.052772,0.028639
8619,-0.385191,-9.501005,0.952547,32.755562,-1.010502,-1.679215,-83.710503,2.191590,-6.472483,-0.744230,0.665261,-0.051883,0.029300
8620,-0.366879,-9.465377,1.157651,32.786865,-1.306558,-1.287007,-82.530296,2.142514,-6.436622,-0.751041,0.657600,-0.051052,0.029880
8621,-0.345398,-9.453757,1.332018,32.372589,-1.485125,-0.858254,-81.358109,2.096527,-6.392372,-0.757731,0.649925,-0.050189,0.030370
8622,-0.337130,-9.434109,1.525890,31.450087,-1.117415,-0.383778,-80.217758,2.059048,-6.350264,-0.764166,0.642388,-0.049399,0.030797
8623,-0.358309,-9.456537,1.724869,30.645082,-0.859558,-0.005345,-79.106171,2.046665,-6.316399,-0.770368,0.634966,-0.048827,0.031116
8624,-0.360402,-9.454691,1.880516,29.850643,-1.074713,-0.195978,-78.034340,2.048630,-6.283081,-0.776283,0.627746,-0.048364,0.031335
8625,-0.365765,-9.425958,2.045681,29.184208,-1.245604,-0.787901,-77.005669,2.039201,-6.247023,-0.781895,0.620771,-0.047822,0.031573
8626,-0.363520,-9.459868,2.252824,27.960842,-1.799500,-1.852856,-76.005203,1.999991,-6.205931,-0.787289,0.613957,-0.047055,0.031918
8627,-0.364034,-9.457482,2.415005,27.659166,-3.270472,-3.653300,-75.026039,1.906332,-6.144913,-0.792508,0.607275,-0.045810,0.032394
8628,-0.322218,-9.316290,2.504848,27.689938,-4.776547,-5.807818,-74.073013,1.728475,-6.056266,-0.797527,0.600778,-0.043838,0.033092
8629,-0.267862,-9.204543,2.610531,27.415260,-5.272493,-6.244305,-73.152977,1.480471,-5.952080,-0.802312,0.594503,-0.041296,0.034002
8630,-0.233082,-9.179437,2.729196,26.893154,-5.280154,-5.591336,-72.271576,1.225409,-5.843610,-0.806847,0.588460,-0.038682,0.034867
8631,-0.218045,-9.113916,2.889946,27.185869,-4.767437,-4.906201,-71.397423,1.006659,-5.739861,-0.811303,0.582411,-0.036340,0.035540
8632,-0.193506,-9.103018,3.086302,27.454426,-4.236370,-4.013399,-70.485909,0.832795,-5.646506,-0.815906,0.576037,-0.034350,0.036038
8633,-0.161777,-9.045689,3.295816,28.034670,-4.512512,-3.292997,-69.516479,0.687493,-5.550255,-0.820752,0.569197,-0.032525,0.036360
8634,-0.137155,-9.054999,3.481014,27.017536,-5.061798,-3.025810,-68.525635,0.549403,-5.437773,-0.825652,0.562162,-0.030663,0.036507
8635,-0.090739,-8.902585,3.616102,26.110344,-5.670626,-3.234792,-67.558304,0.393642,-5.309814,-0.830378,0.555261,-0.028606,0.036593
8636,-0.049471,-8.751840,3.624332,25.063990,-5.945321,-1.869146,-66.657532,0.232944,-5.164113,-0.834732,0.548807,-0.026449,0.036525
8637,-0.022741,-8.560086,3.679078,23.190134,-4.756670,0.680568,-65.854965,0.130196,-5.009032,-0.838584,0.543016,-0.024706,0.036061
8638,-0.031445,-8.535358,3.778879,21.032255,-3.072055,4.435852,-65.141563,0.151625,-4.855259,-0.842000,0.537810,-0.023917,0.034984
8639,-0.064320,-8.442508,3.883867,20.830572,-1.845130,7.976173,-64.471931,0.325116,-4.693192,-0.845208,0.532860,-0.024238,0.033121
8640,-0.217387,-8.901866,4.089064,20.839098,-0.097623,10.686887,-63.845444,0.672839,-4.528405,-0.848207,0.528156,-0.025870,0.030430
8641,-0.324825,-8.807410,4.431411,23.851084,-0.087879,6.987733,-63.119236,1.083548,-4.392694,-0.851622,0.522669,-0.028109,0.027709
8642,-0.371213,-8.747603,4.507551,28.752943,-2.016018,4.388842,-62.175640,1.393101,-4.270737,-0.855953,0.515567,-0.029642,0.025634
8643,-0.368971,-8.696850,4.638218,33.335686,-3.607042,1.341062,-61.094425,1.558172,-4.139209,-0.860819,0.507447,-0.030055,0.024192
8644,-0.348398,-8.653429,4.785503,36.853123,-4.619903,-2.578371,-59.902130,1.555819,-4.027254,-0.866075,0.498493,-0.029297,0.023668
8645,-0.233243,-8.143313,4.958239,37.891544,-4.513016,-5.782636,-58.567314,1.379077,-3.964009,-0.871827,0.488443,-0.027406,0.024281
8646,-0.145397,-8.178619,5.029445,36.639641,-3.449681,-4.324196,-57.229008,1.119875,-3.938893,-0.877462,0.478313,-0.025032,0.025490
8647,-0.094499,-8.123866,5.267992,34.735497,-1.745583,-4.831367,-56.015923,0.871135,-3.951548,-0.882455,0.469070,-0.022897,0.026870
8648,-0.108051,-7.967081,5.443555,33.219070,-0.625829,-4.952327,-54.846546,0.660000,-4.012258,-0.887163,0.460092,-0.021232,0.028421
8649,-0.115150,-7.868535,5.662029,33.035023,0.462077,-2.951942,-53.678391,0.537038,-4.086763,-0.891775,0.451047,-0.020277,0.029700
8650,-0.126762,-7.736173,5.817922,34.737183,-0.554110,-0.925391,-52.466331,0.500560,-4.123581,-0.896483,0.441594,-0.019818,0.030342
8651,-0.121105,-7.601465,5.945323,37.542534,-1.365745,1.673479,-51.184589,0.520428,-4.089542,-0.901377,0.431539,-0.019506,0.030219
8652,-0.114380,-7.492450,6.073766,38.804920,-1.788283,3.382704,-49.862530,0.578180,-3.994471,-0.906326,0.421110,-0.019263,0.029478
8653,-0.091908,-7.455627,6.271712,37.126492,-0.860474,3.275949,-48.585899,0.641842,-3.888212,-0.910993,0.410986,-0.019059,0.028617
8654,-0.085707,-7.308222,6.450066,34.932182,1.159779,1.777408,-47.387894,0.695616,-3.835758,-0.915257,0.401432,-0.019004,0.028207
8655,-0.111337,-7.227628,6.546537,34.280346,3.398240,0.504700,-46.264141,0.762778,-3.865807,-0.919146,0.392413,-0.019368,0.028403
8656,-0.154621,-7.077245,6.703139,31.885712,5.212615,-0.688531,-45.213421,0.867726,-3.971451,-0.922685,0.383919,-0.020306,0.029078
8657,-0.208311,-6.949667,6.872499,31.343760,6.187901,-0.589126,-44.189445,1.021939,-4.120240,-0.926048,0.375584,-0.021779,0.029955
8658,-0.272454,-6.746803,6.950755,32.862019,6.049462,0.789198,-43.126568,1.236516,-4.257784,-0.929464,0.366881,-0.023680,0.030583
8659,-0.321879,-6.613805,7.084149,33.673893,4.823185,1.654940,-42.010620,1.483856,-4.348707,-0.932973,0.357708,-0.025678,0.030778
8660,-0.338459,-6.449670,7.186255,35.497494,2.345627,1.089328,-40.845654,1.685536,-4.391416,-0.936550,0.348123,-0.027142,0.030772
8661,-0.364834,-6.280996,7.332516,35.647263,0.194537,0.538888,-39.635109,1.804330,-4.395610,-0.940173,0.338167,-0.027802,0.030740
8662,-0.370773,-6.124735,7.461584,35.462948,-2.287732,-0.756262,-38.413887,1.835049,-4.373832,-0.943729,0.328122,-0.027663,0.030767
8663,-0.347974,-5.986984,7.628572,36.758801,-4.429842,-2.252944,-37.172050,1.758152,-4.342346,-0.947240,0.317911,-0.026605,0.031019
8664,-0.287507,-5.852345,7.779742,40.193974,-7.660157,-2.304757,-35.853016,1.561551,-4.281650,-0.950856,0.307069,-0.024453,0.031348
8665,-0.218985,-5.643580,8.059461,41.831959,-8.977221,-0.203672,-34.409382,1.286625,-4.154288,-0.954687,0.295185,-0.021438,0.031302
8666,-0.175554,-5.462905,8.250583,46.278072,-8.643342,1.935497,-32.816990,1.019999,-3.965722,-0.958747,0.282008,-0.018307,0.030677
8667,-0.151903,-5.243249,8.428120,48.870243,-7.233614,3.702394,-31.102165,0.816953,-3.744639,-0.962915,0.267723,-0.015624,0.029565
8668,-0.117705,-5.021427,8.569572,48.367725,-5.350780,4.668226,-29.364553,0.686723,-3.517642,-0.966920,0.253157,-0.013573,0.028171
8669,-0.145960,-4.753462,8.655920,44.918438,-1.606152,4.611780,-27.716866,0.660284,-3.325731,-0.970506,0.239257,-0.012542,0.026794
8670,-0.192915,-4.562145,8.682819,41.673161,1.088975,3.694888,-26.231833,0.758279,-3.197634,-0.973554,0.226649,-0.012773,0.025672
8671,-0.214591,-4.367564,8.758613,37.047909,2.066107,2.248582,-24.937784,0.914570,-3.130069,-0.976065,0.215609,-0.013687,0.024944
8672,-0.248962,-4.176347,8.871176,33.829395,2.747257,1.733094,-23.793507,1.086199,-3.101881,-0.978171,0.205813,-0.014851,0.024530
8673,-0.309692,-3.973561,8.945518,32.472580,3.117254,1.646438,-22.717779,1.285179,-3.087758,-0.980055,0.196574,-0.016298,0.024205
8674,-0.355565,-3.778178,9.002192,33.612316,1.398414,2.148841,-21.629915,1.483642,-3.056026,-0.981872,0.187216,-0.017715,0.023761
8675,-0.350623,-3.620487,9.072045,34.236309,-1.152139,2.516912,-20.509348,1.609846,-2.983142,-0.983661,0.177586,-0.018452,0.023112
8676,-0.345847,-3.448558,9.165000,34.051529,-3.869237,3.010005,-19.384340,1.630399,-2.866709,-0.985378,0.167934,-0.018231,0.022260
8677,-0.320656,-3.282962,9.295816,34.828114,-5.118589,2.512688,-18.244904,1.562770,-2.730331,-0.987031,0.158164,-0.017238,0.021359
8678,-0.271261,-3.141406,9.417487,35.859463,-5.283250,2.482215,-17.081982,1.438984,-2.598238,-0.988620,0.148186,-0.015782,0.020554
8679,-0.245316,-2.980322,9.499283,34.391193,-3.420107,2.141920,-15.945566,1.320119,-2.483983,-0.990070,0.138414,-0.014412,0.019867
8680,-0.262386,-2.745398,9.539396,33.788174,-0.566524,1.348461,-14.838400,1.282921,-2.411046,-0.991377,0.128858,-0.013816,0.019416
8681,-0.283639,-2.574134,9.557410,33.697926,2.194209,0.190370,-13.737060,1.353405,-2.393079,-0.992567,0.119312,-0.014220,0.019319
8682,-0.333874,-2.376678,9.521454,33.119278,3.520818,-0.044485,-12.659323,1.512106,-2.412440,-0.993628,0.109939,-0.015433,0.019466
8683,-0.375075,-2.173346,9.536259,32.427750,3.690975,-0.463938,-11.599327,1.715714,-2.445366,-0.994576,0.100698,-0.017048,0.019714
8684,-0.398357,-2.005188,9.548218,33.312511,3.186695,-0.939863,-10.535374,1.913468,-2.489547,-0.995436,0.091413,-0.018617,0.020096
8685,-0.408956,-1.859431,9.601430,32.898556,2.610574,-1.330380,-9.480908,2.077859,-2.543573,-0.996203,0.082207,-0.019899,0.020617
8686,-0.407155,-1.663355,9.677042,32.000877,2.147173,-1.543940,-8.449442,2.202162,-2.603768,-0.996873,0.073200,-0.020833,0.021239
8687,-0.387112,-1.519305,9.735271,30.880417,2.023788,-2.050528,-7.451808,2.286399,-2.673885,-0.997446,0.064488,-0.021420,0.021982
8688,-0.396245,-1.364809,9.752098,30.121447,1.917018,-2.374041,-6.502786,2.347142,-2.757471,-0.997920,0.056197,-0.021807,0.022856
8689,-0.402212,-1.196055,9.819440,28.620865,1.448560,-2.799798,-5.593393,2.393800,-2.851826,-0.998307,0.048247,-0.022071,0.023830
8690,-0.412561,-1.038626,9.843105,28.373119,1.477540,-3.304904,-4.707950,2.431481,-2.960097,-0.998620,0.040503,-0.022253,0.024930
8691,-0.435512,-0.887151,9.848241,28.778475,1.730898,-3.315603,-3.820152,2.482351,-3.076688,-0.998869,0.032730,-0.022536,0.026103
8692,-0.461331,-0.706663,9.866270,27.780073,1.558643,-3.062306,-2.931600,2.549996,-3.188029,-0.999054,0.024945,-0.022947,0.027232
8693,-0.470095,-0.524884,9.906176,26.856653,0.945440,-2.915815,-2.051588,2.611527,-3.290244,-0.999180,0.017236,-0.023289,0.028289
8694,-0.470960,-0.381152,9.925588,25.785295,0.281829,-2.514497,-1.195552,2.647725,-3.381799,-0.999250,0.009744,-0.023400,0.029257
8695,-0.480334,-0.231919,9.939289,23.714436,-0.415381,-1.782056,-0.393748,2.659752,-3.454087,-0.999273,0.002734,-0.023301,0.030050
8696,-0.475438,-0.105652,9.941614,22.348511,-1.059198,-1.450939,0.346956,2.648699,-3.508913,-0.999258,-0.003733,-0.023009,0.030678
8697,-0.468334,0.006356,9.912079,22.189487,-1.379559,-1.193073,1.051073,2.617874,-3.555017,-0.999210,-0.009874,-0.022547,0.031218
8698,-0.464547,0.128454,9.903669,21.569578,-1.599214,-0.773461,1.736332,2.577600,-3.590853,-0.999131,-0.015845,-0.022004,0.031660
8699,-0.456207,0.248561,9.914506,21.402872,-1.660174,-0.636148,2.409578,2.532707,-3.618099,-0.999022,-0.021708,-0.021421,0.032018
8700,-0.444121,0.347053,9.936427,21.780857,-1.663176,-0.414910,3.079636,2.483832,-3.640354,-0.998881,-0.027540,-0.020802,0.032326
8701,-0.438023,0.442130,9.901610,22.222794,-1.455607,0.016899,3.748510,2.437313,-3.652824,-0.998709,-0.033360,-0.020204,0.032542
8702,-0.418555,0.574594,9.884423,22.057405,-1.670745,0.396828,4.421693,2.386977,-3.652409,-0.998506,-0.039212,-0.019574,0.032640
8703,-0.417221,0.687137,9.881052,20.746096,-2.326889,0.817961,5.076180,2.319538,-3.640224,-0.998282,-0.044894,-0.018804,0.032620
8705,-0.403272,0.815972,9.859314,19.357012,-2.212421,0.474606,5.690896,2.244985,-3.628027,-0.998044,-0.050227,-0.017985,0.032582
8706,-0.398218,0.962335,9.838700,16.619221,-2.397011,-0.048803,6.259542,2.173109,-3.630171,-0.997795,-0.055160,-0.017196,0.032656
8707,-0.403925,1.099177,9.851292,13.918333,-2.756992,-0.640877,6.767873,2.104324,-3.651237,-0.997547,-0.059571,-0.016441,0.032880
8708,-0.391890,1.172956,9.867606,11.299922,-2.984128,-1.393181,7.194900,2.038590,-3.696032,-0.997317,-0.063276,-0.015722,0.033295
8709,-0.362962,1.236368,9.886420,9.006410,-2.410213,-2.348432,7.525669,1.975881,-3.769450,-0.997119,-0.066147,-0.015037,0.033944
8710,-0.350449,1.267501,9.860305,6.848529,-2.570361,-2.490360,7.762318,1.912626,-3.861272,-0.996963,-0.068200,-0.014362,0.034737
8711,-0.324630,1.295074,9.854925,4.576030,-2.787043,-2.655173,7.905876,1.835939,-3.959899,-0.996859,-0.069439,-0.013592,0.035567
8712,-0.302098,1.286775,9.820889,1.473227,-2.857346,-3.714170,7.937281,1.745377,-4.080194,-0.996817,-0.069699,-0.012721,0.036563
8713,-0.288318,1.266580,9.824560,-2.221775,-2.887989,-4.937968,7.839074,1.656759,-4.238742,-0.996838,-0.068835,-0.011886,0.037879
8714,-0.275141,1.219730,9.795506,-5.135598,-2.933856,-5.494944,7.619615,1.574458,-4.426825,-0.996916,-0.066918,-0.011133,0.039445
8715,-0.263555,1.195700,9.839755,-7.968610,-2.701987,-5.989359,7.297324,1.498466,-4.631592,-0.997039,-0.064108,-0.010468,0.041153
8716,-0.249094,1.130111,9.857643,-8.955262,-2.113053,-6.196899,6.910264,1.436239,-4.845727,-0.997180,-0.060737,-0.009952,0.042949
8717,-0.231325,1.090618,9.903970,-8.937816,-1.522626,-5.136390,6.512131,1.386660,-5.042809,-0.997316,-0.057271,-0.009571,0.044605
8718,-0.228158,1.061758,9.929399,-7.488832,-0.962728,-3.767638,6.163584,1.349189,-5.196579,-0.997429,-0.054235,-0.009308,0.045897
8719,-0.223756,1.048854,9.936258,-5.966301,-0.334137,-3.125221,5.899035,1.329846,-5.313965,-0.997507,-0.051935,-0.009192,0.046888
8720,-0.226456,1.003925,9.909081,-4.434429,-0.007648,-2.607931,5.706159,1.327411,-5.409995,-0.997553,-0.050262,-0.009207,0.047708
8721,-0.238311,0.992019,9.903109,-3.143559,0.193786,-2.191355,5.571157,1.339523,-5.489461,-0.997577,-0.049098,-0.009335,0.048394
8722,-0.228077,0.959076,9.907468,-2.292117,0.224309,-1.938052,5.476095,1.353665,-5.557381,-0.997587,-0.048282,-0.009470,0.048983
8723,-0.231954,0.945787,9.898150,-2.124316,0.338717,-1.814450,5.395542,1.364879,-5.618894,-0.997593,-0.047591,-0.009576,0.049517
8724,-0.241434,0.940179,9.904499,-1.706205,0.260901,-1.712215,5.331146,1.381050,-5.676473,-0.997592,-0.047042,-0.009721,0.050019
8725,-0.241157,0.936873,9.913670,-1.361266,0.166320,-1.368881,5.287454,1.395782,-5.726754,-0.997586,-0.046672,-0.009848,0.050459
8726,-0.236256,0.920733,9.922352,-1.400873,0.093050,-1.019440,5.247933,1.400866,-5.765826,-0.997585,-0.046334,-0.009894,0.050798
8727,-0.231240,0.911012,9.916440,-1.034639,0.067019,-0.831743,5.207981,1.396408,-5.796278,-0.997588,-0.045987,-0.009861,0.051057
8728,-0.223422,0.918198,9.907286,-0.505070,0.014988,-0.590631,5.189822,1.383355,-5.819568,-0.997586,-0.045825,-0.009746,0.051254
8729,-0.223357,0.906955,9.896950,-0.439343,-0.328516,-0.029072,5.186029,1.360208,-5.830029,-0.997586,-0.045782,-0.009542,0.051335
8730,-0.222591,0.906080,9.902991,-0.240901,-0.624689,0.486705,5.182892,1.327763,-5.823674,-0.997594,-0.045740,-0.009263,0.051267
8731,-0.212007,0.908576,9.897996,0.224592,-0.832367,0.883461,5.192582,1.284665,-5.802901,-0.997605,-0.045804,-0.008892,0.051070
8732,-0.224763,0.920205,9.898340,-0.091123,-1.215453,1.284790,5.212077,1.238662,-5.769629,-0.997617,-0.045951,-0.008496,0.050764
8733,-0.227660,0.909700,9.901807,-0.689157,-1.596866,1.544194,5.214258,1.195352,-5.726604,-0.997640,-0.045949,-0.008135,0.050373
8734,-0.213649,0.915752,9.896746,-0.588353,-1.570834,1.583861,5.203956,1.148037,-5.679255,-0.997670,-0.045835,-0.007747,0.049941
8735,-0.198928,0.902460,9.886198,-0.534876,-1.387693,1.461786,5.193850,1.097632,-5.633004,-0.997699,-0.045723,-0.007331,0.049518
8736,-0.198180,0.888705,9.880941,-0.586794,-1.314409,1.240523,5.172017,1.052994,-5.592285,-0.997730,-0.045511,-0.006968,0.049145
8737,-0.188186,0.899104,9.892908,-0.425073,-1.157174,0.944487,5.152674,1.015940,-5.559777,-0.997755,-0.045325,-0.006666,0.048846
8738,-0.182725,0.902644,9.901675,-0.057260,-0.909917,0.848350,5.152161,0.985288,-5.532983,-0.997770,-0.045306,-0.006410,0.048601
8739,-0.180811,0.878698,9.917551,-0.226666,-0.680952,0.791883,5.144837,0.964861,-5.508184,-0.997785,-0.045233,-0.006245,0.048377
8740,-0.176475,0.882237,9.895449,-0.412945,-0.604567,0.665221,5.121807,0.951242,-5.486128,-0.997805,-0.045025,-0.006145,0.048178
8741,-0.174740,0.895073,9.895571,-0.649466,-0.590742,0.718621,5.104136,0.939345,-5.464938,-0.997821,-0.044866,-0.006057,0.047988
8742,-0.166569,0.889555,9.899709,-0.559372,-0.482337,0.675890,5.091409,0.926526,-5.443259,-0.997837,-0.044748,-0.005959,0.047794
8743,-0.149906,0.883340,9.897374,-0.278568,-0.471690,0.617909,5.081359,0.904974,-5.423131,-0.997851,-0.044651,-0.005784,0.047610
8744,-0.147397,0.891944,9.889326,-0.411257,-0.578602,0.544674,5.077569,0.875121,-5.405259,-0.997862,-0.044605,-0.005532,0.047443
8745,-0.154700,0.891340,9.906306,-0.356210,-0.595419,0.488219,5.077498,0.850572,-5.389646,-0.997871,-0.044593,-0.005325,0.047297
8746,-0.144973,0.871981,9.907492,-0.504212,-0.645774,0.482116,5.064850,0.828582,-5.375341,-0.997883,-0.044474,-0.005144,0.047164
8747,-0.141893,0.856741,9.882760,-0.765276,-0.784653,0.691168,5.029459,0.800864,-5.358167,-0.997906,-0.044154,-0.004924,0.047002
8748,-0.142227,0.854005,9.875168,-1.125558,-0.700718,0.692690,4.980168,0.775303,-5.337605,-0.997936,-0.043713,-0.004729,0.046811
8749,-0.130807,0.852821,9.891164,-1.114993,-0.578644,0.610289,4.930339,0.752256,-5.317986,-0.997964,-0.043269,-0.004556,0.046630
8750,-0.119542,0.829110,9.898171,-1.194503,-0.561927,0.640812,4.874267,0.723911,-5.299065,-0.997995,-0.042769,-0.004339,0.046452
8751,-0.119726,0.830409,9.901419,-1.414422,-0.534541,0.619453,4.810636,0.695102,-5.279929,-0.998028,-0.042202,-0.004121,0.046273
8752,-0.118261,0.820020,9.892915,-1.316890,-0.314847,0.437870,4.751335,0.675299,-5.263714,-0.998058,-0.041677,-0.003978,0.046122
8753,-0.114794,0.795933,9.900746,-1.372012,-0.327075,0.372254,4.685823,0.661170,-5.251381,-0.998088,-0.041101,-0.003886,0.046007
8754,-0.125509,0.799798,9.900181,-1.547679,-0.378915,0.303582,4.616903,0.653081,-5.241348,-0.998117,-0.040497,-0.003847,0.045915
8755,-0.127468,0.808449,9.894341,-1.504964,-0.271981,0.332565,4.564956,0.654743,-5.231673,-0.998139,-0.040045,-0.003886,0.045829
8756,-0.122996,0.802678,9.889013,-1.224086,-0.155895,0.283727,4.531476,0.659476,-5.221873,-0.998154,-0.039755,-0.003944,0.045745
8757,-0.121371,0.789155,9.914982,-1.335399,-0.148187,0.103662,4.497570,0.662638,-5.215742,-0.998168,-0.039460,-0.003987,0.045691
8758,-0.132533,0.791550,9.905013,-1.167473,-0.132809,0.129595,4.464209,0.670606,-5.212142,-0.998180,-0.039173,-0.004071,0.045661
8759,-0.126927,0.780514,9.892488,-0.862188,-0.154036,0.315749,4.441329,0.680273,-5.204993,-0.998190,-0.038977,-0.004167,0.045601
8760,-0.119828,0.786359,9.910316,-0.854439,-0.189072,0.283700,4.425894,0.680447,-5.195323,-0.998199,-0.038842,-0.004177,0.045517
8761,-0.115853,0.774983,9.920418,-0.503364,-0.233326,0.306591,4.415878,0.672386,-5.185908,-0.998207,-0.038751,-0.004114,0.045432
8762,-0.116071,0.797565,9.904696,-0.269706,-0.443918,0.524801,4.424122,0.658548,-5.172715,-0.998210,-0.038817,-0.003995,0.045312
8763,-0.110292,0.811012,9.897901,-0.064859,-0.526339,0.448511,4.459778,0.638840,-5.157319,-0.998206,-0.039120,-0.003815,0.045173
8764,-0.096464,0.791027,9.897957,0.171968,-0.392144,0.402743,4.495585,0.612892,-5.143988,-0.998200,-0.039421,-0.003579,0.045049
8765,-0.091549,0.779907,9.892047,0.271255,-0.474682,0.595021,4.514305,0.581919,-5.128426,-0.998202,-0.039572,-0.003307,0.044904
8766,-0.091605,0.782823,9.893124,0.303317,-0.511418,0.582823,4.526112,0.551399,-5.110131,-0.998207,-0.039662,-0.003043,0.044734
8767,-0.092860,0.780631,9.916363,0.167498,-0.442809,0.559939,4.532750,0.527661,-5.092414,-0.998213,-0.039710,-0.002840,0.044572
8768,-0.086848,0.762416,9.924829,0.036130,-0.325350,0.636238,4.521194,0.509264,-5.073690,-0.998225,-0.039602,-0.002690,0.044402
8769,-0.089729,0.774848,9.929688,-0.102895,-0.267383,0.501955,4.501979,0.496011,-5.055720,-0.998239,-0.039429,-0.002589,0.044241
8770,-0.090355,0.772595,9.925344,-0.214380,-0.123920,0.265435,4.486690,0.491339,-5.043570,-0.998249,-0.039294,-0.002558,0.044133
8771,-0.092172,0.779214,9.911438,-0.382267,0.112652,0.105208,4.472904,0.496520,-5.037460,-0.998256,-0.039176,-0.002611,0.044081
8772,-0.089471,0.778657,9.907512,-0.241857,0.280553,-0.100796,4.465203,0.508468,-5.036853,-0.998258,-0.039113,-0.002718,0.044080
8773,-0.088975,0.778658,9.906316,-0.244867,0.291254,-0.218294,4.461634,0.520568,-5.041374,-0.998257,-0.039087,-0.002823,0.044123
8774,-0.096111,0.763757,9.891641,-0.193000,0.289760,-0.227451,4.452688,0.534376,-5.048044,-0.998257,-0.039014,-0.002945,0.044186
8775,-0.100904,0.773086,9.890689,-0.012965,0.295933,-0.254924,4.446452,0.552324,-5.055326,-0.998255,-0.038967,-0.003101,0.044255
8776,-0.098204,0.776112,9.900249,0.269375,0.303614,-0.279343,4.455470,0.568717,-5.063383,-0.998248,-0.039052,-0.003237,0.044331
8777,-0.097112,0.771040,9.887388,0.705823,0.318879,-0.222883,4.475272,0.580314,-5.070885,-0.998238,-0.039229,-0.003328,0.044401
8778,-0.095828,0.781485,9.896424,0.946955,0.311221,-0.186258,4.506731,0.588115,-5.076821,-0.998224,-0.039507,-0.003382,0.044456
8779,-0.098321,0.794893,9.923822,0.925686,0.312706,-0.239661,4.548204,0.594501,-5.082975,-0.998207,-0.039870,-0.003419,0.044513
8780,-0.097050,0.803783,9.926837,0.725917,0.306553,-0.241182,4.589758,0.600067,-5.090000,-0.998190,-0.040235,-0.003449,0.044577
8781,-0.097401,0.818510,9.919928,0.245424,0.164579,-0.164879,4.624959,0.601506,-5.095919,-0.998175,-0.040542,-0.003446,0.044630
8782,-0.094649,0.802901,9.910374,0.044114,-0.017085,-0.064160,4.642025,0.595509,-5.099401,-0.998168,-0.040689,-0.003386,0.044659
8783,-0.093352,0.792071,9.905723,-0.105480,-0.299475,0.141847,4.635189,0.579751,-5.098598,-0.998171,-0.040623,-0.003251,0.044646
8784,-0.090185,0.799041,9.895160,-0.195584,-0.620017,0.299024,4.622086,0.553200,-5.092592,-0.998180,-0.040498,-0.003027,0.044584
8785,-0.087765,0.786476,9.889088,-0.146832,-0.865779,0.544704,4.607923,0.517707,-5.080648,-0.998191,-0.040361,-0.002728,0.044468
8786,-0.083648,0.788847,9.900846,-0.058435,-0.931460,0.663731,4.592972,0.478763,-5.063083,-0.998206,-0.040215,-0.002401,0.044301
8787,-0.075243,0.796110,9.918213,-0.302629,-0.656861,0.410433,4.581917,0.443548,-5.047400,-0.998217,-0.040105,-0.002104,0.044152
8788,-0.080105,0.776977,9.908047,-0.200478,-0.153328,0.089989,4.564250,0.426926,-5.040234,-0.998227,-0.039945,-0.001968,0.044083
8789,-0.089776,0.762557,9.902723,-0.247996,0.295384,-0.012257,4.533053,0.439195,-5.038937,-0.998238,-0.039678,-0.002088,0.044076
8790,-0.091977,0.773691,9.903140,-0.025401,0.887595,-0.415115,4.507668,0.476120,-5.044645,-0.998242,-0.039471,-0.002417,0.044137
8791,-0.081514,0.761044,9.913482,0.119410,1.377487,-0.592129,4.492285,0.522858,-5.058558,-0.998240,-0.039355,-0.002825,0.044274
8792,-0.088082,0.751949,9.912299,0.206161,1.339321,-0.439537,4.472659,0.567364,-5.072379,-0.998239,-0.039202,-0.003216,0.044409
8793,-0.101908,0.776442,9.924644,-0.036590,1.128746,-0.485316,4.461296,0.609937,-5.084673,-0.998235,-0.039119,-0.003587,0.044530
8794,-0.088447,0.800550,9.923506,0.012367,0.969982,-0.433428,4.474650,0.638506,-5.097066,-0.998224,-0.039247,-0.003826,0.044648
8795,-0.088628,0.779365,9.923552,-0.059213,0.569999,-0.051930,4.489097,0.643707,-5.102964,-0.998217,-0.039375,-0.003864,0.044702
8796,-0.103690,0.759465,9.897899,0.081102,0.133441,0.079310,4.481647,0.639443,-5.101682,-0.998220,-0.039309,-0.003830,0.044689
8797,-0.107270,0.787016,9.903193,0.164995,-0.093977,0.157136,4.482196,0.633735,-5.097742,-0.998222,-0.039311,-0.003782,0.044653
8798,-0.099168,0.797307,9.904881,0.264332,-0.184076,0.422654,4.506149,0.620772,-5.088288,-0.998218,-0.039514,-0.003663,0.044567
8799,-0.110411,0.780495,9.911465,0.124043,-0.266514,0.457754,4.523442,0.607872,-5.074135,-0.998218,-0.039660,-0.003548,0.044440
8800,-0.121176,0.774846,9.898389,0.316267,-0.112307,0.134250,4.526201,0.610595,-5.064845,-0.998221,-0.039684,-0.003574,0.044360
8802,-0.106970,0.796817,9.906067,-0.081978,0.055625,0.070156,4.532448,0.618319,-5.061498,-0.998219,-0.039742,-0.003640,0.044334
8803,-0.105821,0.780507,9.900462,-0.463421,0.206691,-0.056495,4.527744,0.622500,-5.060879,-0.998221,-0.039702,-0.003679,0.044329
8804,-0.118542,0.760160,9.904858,-0.558164,0.250987,-0.416619,4.495610,0.635615,-5.068305,-0.998228,-0.039428,-0.003803,0.044398
8805,-0.128686,0.747462,9.897352,-0.419569,0.235868,-0.547862,4.450186,0.660392,-5.084026,-0.998236,-0.039042,-0.004031,0.044541
8806,-0.110482,0.766252,9.905231,-0.726449,0.223730,-0.308300,4.412279,0.676827,-5.097880,-0.998243,-0.038719,-0.004184,0.044666
8807,-0.112471,0.755152,9.904378,-0.390811,0.119924,-0.218268,4.386324,0.678503,-5.106275,-0.998248,-0.038493,-0.004206,0.044739
8808,-0.128927,0.747458,9.897470,-0.107088,-0.031111,-0.289990,4.366948,0.684070,-5.114738,-0.998251,-0.038327,-0.004259,0.044814
8809,-0.135196,0.775214,9.906208,-0.090270,-0.003511,-0.248799,4.367226,0.698950,-5.123694,-0.998246,-0.038336,-0.004386,0.044897
8810,-0.120052,0.791492,9.912591,-0.144948,0.165940,-0.039750,4.391264,0.710100,-5.127940,-0.998236,-0.038550,-0.004472,0.044938
8811,-0.134156,0.787621,9.913548,-0.327768,0.085113,0.056383,4.415411,0.719340,-5.126948,-0.998227,-0.038763,-0.004544,0.044934
8812,-0.144862,0.772872,9.913992,-0.602274,0.303468,-0.186248,4.417626,0.742285,-5.128386,-0.998224,-0.038792,-0.004742,0.044954
8813,-0.118182,0.758204,9.923909,-0.818960,0.619379,-0.044341,4.393318,0.762800,-5.131047,-0.998230,-0.038588,-0.004929,0.044983
8814,-0.113640,0.732114,9.908387,-0.951896,0.384245,0.259327,4.344057,0.763672,-5.126455,-0.998248,-0.038159,-0.004958,0.044941
8815,-0.142469,0.716510,9.885607,-0.921682,0.129376,0.121992,4.279373,0.767363,-5.119912,-0.998272,-0.037597,-0.005018,0.044882
8816,-0.146032,0.696892,9.885950,-0.680957,0.248512,-0.027562,4.211846,0.786057,-5.118432,-0.998293,-0.037016,-0.005207,0.044873
8817,-0.138517,0.700405,9.902104,-0.562280,0.398127,0.039569,4.153284,0.805062,-5.117970,-0.998311,-0.036513,-0.005396,0.044872
8818,-0.145964,0.719401,9.909637,-0.406775,0.529398,-0.155755,4.121813,0.825202,-5.118999,-0.998319,-0.036246,-0.005583,0.044886
8819,-0.141459,0.736272,9.913295,-0.281545,0.758309,-0.299192,4.121683,0.849600,-5.124855,-0.998315,-0.036255,-0.005794,0.044944
8820,-0.130786,0.743756,9.939620,-0.357605,0.700235,-0.154218,4.136928,0.864513,-5.130262,-0.998306,-0.036394,-0.005916,0.044997
8821,-0.141257,0.737568,9.948844,-0.394010,0.515472,-0.062651,4.148261,0.871130,-5.132051,-0.998302,-0.036495,-0.005969,0.045015
8822,-0.159596,0.734675,9.934540,-0.430479,0.361349,0.118937,4.151430,0.885036,-5.129803,-0.998300,-0.036528,-0.006090,0.045000
8823,-0.155214,0.710046,9.911901,-0.450293,0.221011,0.347823,4.139372,0.899338,-5.121305,-0.998306,-0.036428,-0.006222,0.044930
8824,-0.144743,0.677858,9.890115,-0.339128,0.181292,0.411911,4.101439,0.900256,-5.108582,-0.998323,-0.036097,-0.006249,0.044817
8825,-0.143782,0.676893,9.882421,-0.162454,0.301731,0.253218,4.056446,0.895447,-5.097523,-0.998342,-0.035703,-0.006228,0.044717
8826,-0.150999,0.696822,9.889716,0.113565,0.394736,0.012124,4.036537,0.898324,-5.092587,-0.998350,-0.035530,-0.006262,0.044673
8827,-0.160513,0.714233,9.892395,0.536301,0.426785,-0.239654,4.053462,0.912799,-5.095305,-0.998342,-0.035684,-0.006381,0.044702
8828,-0.177932,0.733802,9.909506,0.742529,0.428429,-0.347999,4.099811,0.940722,-5.103658,-0.998322,-0.036099,-0.006603,0.044786
8829,-0.176078,0.747451,9.925896,0.884763,0.712406,-0.470078,4.162311,0.977697,-5.115295,-0.998295,-0.036658,-0.006897,0.044903
8830,-0.164644,0.735972,9.934204,0.794969,0.916915,-0.500596,4.215847,1.009802,-5.129011,-0.998269,-0.037138,-0.007152,0.045036
8831,-0.155451,0.731945,9.915340,0.682117,0.727581,-0.340364,4.247653,1.024893,-5.140848,-0.998253,-0.037421,-0.007267,0.045146
8832,-0.151881,0.713992,9.901108,0.527901,0.321465,-0.024482,4.257008,1.018729,-5.145815,-0.998248,-0.037501,-0.007208,0.045188
8833,-0.161968,0.723749,9.892587,0.468228,0.037451,0.105233,4.255701,1.003369,-5.144351,-0.998251,-0.037483,-0.007075,0.045170
8834,-0.183384,0.741471,9.905894,0.382736,-0.157891,0.103708,4.265572,0.998452,-5.141106,-0.998249,-0.037567,-0.007029,0.045141
8835,-0.189657,0.764663,9.911029,0.407294,-0.246271,0.224249,4.294518,1.004969,-5.135879,-0.998241,-0.037822,-0.007076,0.045099
8836,-0.185656,0.761538,9.919423,0.212176,-0.107280,0.286806,4.327151,1.013001,-5.127431,-0.998233,-0.038108,-0.007136,0.045030
8837,-0.178602,0.775552,9.923737,0.009426,0.219334,-0.012277,4.352664,1.021765,-5.122339,-0.998226,-0.038334,-0.007204,0.044990
8838,-0.167945,0.754723,9.928437,-0.112534,0.571789,-0.218273,4.363351,1.031489,-5.124949,-0.998220,-0.038431,-0.007284,0.045017
8839,-0.161757,0.749602,9.911209,-0.359770,0.541143,-0.099241,4.351392,1.036216,-5.128889,-0.998222,-0.038329,-0.007328,0.045052
8840,-0.176704,0.747450,9.893711,-0.396451,0.380824,-0.050406,4.332419,1.041180,-5.130324,-0.998227,-0.038165,-0.007379,0.045065
8841,-0.184275,0.738184,9.887329,-0.240885,0.399142,-0.054985,4.313196,1.054978,-5.131251,-0.998232,-0.038003,-0.007506,0.045076
8842,-0.177668,0.743736,9.897799,-0.222639,0.365566,0.071666,4.298285,1.067124,-5.130149,-0.998236,-0.037878,-0.007618,0.045069
8843,-0.176595,0.759711,9.899227,-0.181377,0.165606,0.228842,4.298465,1.068461,-5.124362,-0.998239,-0.037880,-0.007632,0.045020
8844,-0.188226,0.771051,9.905135,-0.014848,0.118276,0.225796,4.317609,1.069750,-5.116036,-0.998235,-0.038046,-0.007638,0.044949
8845,-0.166802,0.754021,9.924603,-0.068106,0.292155,0.164767,4.332834,1.067580,-5.108720,-0.998233,-0.038178,-0.007616,0.044885
8846,-0.159552,0.770603,9.946507,-0.225173,0.273628,0.100697,4.339443,1.052727,-5.103386,-0.998235,-0.038229,-0.007485,0.044834
8847,-0.174187,0.757268,9.926510,-0.145725,-0.086659,0.216682,4.344394,1.036948,-5.097672,-0.998237,-0.038266,-0.007348,0.044780
8848,-0.186862,0.760017,9.921453,-0.264697,-0.259097,0.338757,4.343135,1.029452,-5.088778,-0.998241,-0.038252,-0.007286,0.044700
8849,-0.168447,0.732935,9.909319,-0.212880,-0.191973,0.395217,4.328334,1.019258,-5.077272,-0.998252,-0.038118,-0.007207,0.044595
8850,-0.177585,0.721389,9.897250,-0.036101,-0.335454,0.360119,4.299411,1.004754,-5.065822,-0.998267,-0.037860,-0.007096,0.044489
8851,-0.185443,0.718381,9.887956,0.250522,-0.399483,0.260925,4.275321,0.998441,-5.056908,-0.998279,-0.037647,-0.007053,0.044408
8852,-0.177038,0.730267,9.900613,0.518918,-0.204089,0.267020,4.269870,0.996009,-5.049206,-0.998284,-0.037598,-0.007036,0.044340
8853,-0.167134,0.724004,9.893095,1.008621,-0.254452,0.335685,4.282558,0.986950,-5.039983,-0.998284,-0.037705,-0.006956,0.044257
8854,-0.187112,0.741464,9.898234,1.785249,-0.352059,0.276169,4.321688,0.981812,-5.030703,-0.998275,-0.038043,-0.006899,0.044177
8855,-0.192542,0.775823,9.900346,2.342344,-0.260318,0.363136,4.405356,0.991167,-5.020583,-0.998250,-0.038775,-0.006951,0.044097
8856,-0.170579,0.797034,9.911299,2.423511,-0.170189,0.624066,4.517267,0.993787,-5.004153,-0.998218,-0.039750,-0.006937,0.043961
8857,-0.170561,0.802574,9.904418,2.558049,-0.118322,0.643909,4.628853,0.985589,-4.982975,-0.998188,-0.040717,-0.006830,0.043781
8858,-0.165797,0.814758,9.902909,2.404089,-0.132088,0.474537,4.729279,0.976235,-4.964439,-0.998160,-0.041587,-0.006717,0.043622
8859,-0.150074,0.826837,9.906421,1.741934,-0.254279,0.492859,4.809309,0.955554,-4.948736,-0.998138,-0.042276,-0.006512,0.043482
8860,-0.149404,0.820631,9.899096,1.430622,-0.411620,0.500502,4.859827,0.924295,-4.933232,-0.998128,-0.042703,-0.006227,0.043339
8861,-0.161858,0.823739,9.878016,1.462530,-0.605482,0.337233,4.893280,0.898645,-4.921011,-0.998122,-0.042985,-0.005995,0.043225
8862,-0.157191,0.830074,9.889293,1.589025,-0.661925,0.315866,4.927027,0.878502,-4.912247,-0.998115,-0.043271,-0.005810,0.043143
8863,-0.160997,0.850101,9.901107,1.733893,-0.553535,0.273134,4.971990,0.862833,-4.904377,-0.998102,-0.043656,-0.005660,0.043071
8864,-0.158105,0.857952,9.917770,1.602623,-0.492418,0.186149,5.023333,0.853667,-4.898329,-0.998085,-0.044100,-0.005563,0.043017
8865,-0.140140,0.857202,9.911109,1.008948,-0.478684,0.015244,5.056986,0.837295,-4.896552,-0.998074,-0.044387,-0.005408,0.042997
8866,-0.135531,0.859460,9.905042,-0.202785,-0.611525,-0.117506,5.054054,0.809914,-4.900091,-0.998076,-0.044351,-0.005170,0.043017
8867,-0.142546,0.852189,9.882639,-0.946096,-0.872494,0.030509,5.014375,0.781471,-4.903996,-0.998092,-0.043995,-0.004935,0.043038
8868,-0.127024,0.835867,9.869342,-1.394967,-1.102937,0.537115,4.948042,0.744796,-4.897806,-0.998122,-0.043404,-0.004643,0.042968
8869,-0.116262,0.836952,9.878693,-1.784310,-1.278517,0.689713,4.869721,0.692532,-4.881160,-0.998162,-0.042701,-0.004223,0.042801
8870,-0.116660,0.867248,9.902112,-1.469945,-1.318270,0.636313,4.818470,0.639012,-4.862756,-0.998191,-0.042235,-0.003783,0.042619
8871,-0.115954,0.864033,9.923341,-0.570930,-1.330470,0.462359,4.811503,0.594200,-4.847907,-0.998202,-0.042157,-0.003401,0.042473
8872,-0.093162,0.860586,9.934246,-0.444031,-1.328970,-0.083917,4.821869,0.546663,-4.845054,-0.998202,-0.042230,-0.002984,0.042431
8873,-0.092773,0.862658,9.895928,-1.135026,-1.939398,-1.066606,4.822813,0.487535,-4.868470,-0.998196,-0.042217,-0.002460,0.042613
8874,-0.046868,0.846534,9.793167,-1.197357,-2.853615,-1.582351,4.809013,0.390930,-4.918934,-0.998187,-0.042062,-0.001605,0.043018
8875,0.033258,0.746603,9.813291,-1.870478,-3.813965,-2.259817,4.736767,0.225682,-4.992075,-0.998192,-0.041371,-0.000166,0.043594
8876,0.061902,0.733918,9.869150,-2.722533,-3.175329,-2.526797,4.595251,0.035717,-5.081234,-0.998213,-0.040065,0.001466,0.044304
8877,0.045480,0.709161,9.902531,-4.656495,-1.938353,-3.181375,4.404750,-0.102440,-5.182694,-0.998241,-0.038350,0.002630,0.045144
8878,0.033181,0.619091,9.887334,-7.208668,0.060367,-4.093857,4.116436,-0.151303,-5.305670,-0.998285,-0.035815,0.002980,0.046207
8879,-0.002858,0.507770,9.910920,-11.342128,3.403719,-6.504820,3.669709,-0.076342,-5.477583,-0.998346,-0.031950,0.002195,0.047737
8880,-0.064697,0.477458,9.889022,-16.653654,6.999186,-8.989049,3.059301,0.154415,-5.725087,-0.998394,-0.026728,-0.000012,0.049958
8881,-0.108325,0.358378,9.854768,-22.422827,7.907689,-11.035350,2.276836,0.481775,-6.047601,-0.998397,-0.020062,-0.003150,0.052823
8882,-0.150419,0.276384,9.810573,-27.824099,7.078129,-11.738832,1.322578,0.803163,-6.420719,-0.998335,-0.011916,-0.006351,0.056078
8883,-0.173336,0.233031,10.017763,-36.871723,5.367931,-9.822287,0.193770,1.055379,-6.778693,-0.998206,-0.002232,-0.009094,0.059134
8884,-0.184823,-0.050448,10.002791,-50.478695,-0.746332,-2.229291,-1.298217,1.143236,-6.981631,-0.998038,0.010700,-0.010647,0.060769
8885,-0.169389,-0.386050,9.881664,-54.604160,-4.413230,4.005621,-3.146256,1.046448,-6.951241,-0.997758,0.026848,-0.010776,0.060348
8886,-0.163200,-0.930405,9.672890,-56.695198,-6.275010,7.419072,-5.223110,0.864923,-6.752419,-0.997219,0.045040,-0.010210,0.058486
8887,-0.113735,-1.225991,9.640495,-55.638943,-5.271121,7.313725,-7.391417,0.681048,-6.491854,-0.996324,0.064017,-0.009571,0.056121
8888,-0.080405,-1.708017,9.399652,-49.999149,-3.742383,6.715495,-9.487474,0.539737,-6.242032,-0.995107,0.082320,-0.009189,0.053869
8889,-0.075131,-1.814889,9.481578,-37.721161,1.979661,1.051205,-11.240135,0.514075,-6.111714,-0.993791,0.097553,-0.009679,0.052614
8890,-0.115085,-1.989816,9.574771,-34.147076,4.709583,-2.075418,-12.565094,0.624834,-6.151855,-0.992580,0.108981,-0.011284,0.052740
8891,-0.123114,-1.982796,9.687037,-30.692068,6.945216,-3.743217,-13.613135,0.809522,-6.289927,-0.991478,0.117951,-0.013506,0.053638
8892,-0.150243,-2.281803,9.657599,-30.190739,7.914266,-3.412063,-14.540050,1.031068,-6.464738,-0.990407,0.125836,-0.016046,0.054793
8893,-0.194271,-2.325100,9.677989,-29.541380,9.344142,-4.948633,-15.446897,1.282807,-6.672314,-0.989275,0.133510,-0.018894,0.056161
8894,-0.248263,-2.524171,9.548898,-29.052038,9.789855,-4.882958,-16.314583,1.561687,-6.915065,-0.988105,0.140806,-0.022022,0.057763
8895,-0.297859,-2.758107,9.380804,-28.622900,10.638472,-5.012596,-17.244230,1.863425,-7.170827,-0.986785,0.148598,-0.025420,0.059389
8896,-0.348111,-2.843603,9.357678,-29.736654,11.758713,-5.215475,-18.207928,2.191667,-7.446775,-0.985335,0.156637,-0.029117,0.061090
8897,-0.417489,-2.881226,9.410492,-30.394903,11.974103,-4.192992,-19.116529,2.544683,-7.718586,-0.983887,0.164159,-0.033020,0.062677
8898,-0.477687,-3.135500,9.377578,-30.483803,10.276006,-1.974161,-20.016983,2.891288,-7.935210,-0.982413,0.171603,-0.036807,0.063744
8899,-0.489596,-3.283836,9.333484,-30.067959,8.750165,-1.481220,-20.948151,3.179224,-8.096669,-0.980862,0.179341,-0.040039,0.064365
8900,-0.503226,-3.325140,9.423709,-30.382490,6.929503,-1.224874,-21.815853,3.381825,-8.226090,-0.979378,0.186584,-0.042467,0.064829
8901,-0.508289,-3.490634,9.353269,-29.936663,3.721527,0.435253,-22.628923,3.488945,-8.293734,-0.977977,0.193431,-0.043953,0.064918
8902,-0.489458,-3.731300,9.116661,-28.994097,0.386715,2.057107,-23.491955,3.491838,-8.274433,-0.976503,0.200796,-0.044432,0.064416
8903,-0.470845,-3.817029,8.936084,-28.915815,-0.346523,2.372666,-24.402523,3.428689,-8.202828,-0.974924,0.208619,-0.044275,0.063569
8905,-0.493300,-4.016661,8.840945,-29.306246,-0.504406,3.677030,-25.344156,3.373123,-8.102402,-0.973238,0.216699,-0.044135,0.062457
8906,-0.513385,-4.226697,8.698516,-28.336130,-0.532349,4.863956,-26.338146,3.360780,-7.967778,-0.971396,0.225193,-0.044306,0.060955
8907,-0.534668,-4.434903,8.622458,-27.400120,0.294423,5.095703,-27.357941,3.395054,-7.822678,-0.969425,0.233864,-0.044840,0.059260
8908,-0.560107,-4.590900,8.601995,-26.688513,1.420409,4.486719,-28.362419,3.473462,-7.700605,-0.967392,0.242351,-0.045761,0.057665
8909,-0.582512,-4.764542,8.579580,-25.862345,1.771295,4.053256,-29.329256,3.576078,-7.606914,-0.965347,0.250478,-0.046904,0.056260
8910,-0.590852,-4.878236,8.536674,-25.904228,1.655228,3.354280,-30.262508,3.672258,-7.532399,-0.963300,0.258302,-0.048000,0.055030
8911,-0.595349,-5.048049,8.293694,-26.246958,1.670354,3.109989,-31.229277,3.754304,-7.474197,-0.961105,0.266393,-0.049015,0.053941
8912,-0.618280,-5.132222,8.133448,-28.746199,2.775039,3.155618,-32.285950,3.855768,-7.433281,-0.958614,0.275199,-0.050260,0.052897
8913,-0.666674,-5.325152,8.103135,-33.309990,3.934788,4.126036,-33.458099,4.015605,-7.401124,-0.955744,0.284904,-0.052050,0.051709
8914,-0.705630,-5.479340,8.061697,-35.780041,4.134831,4.638752,-34.727913,4.222618,-7.363889,-0.952518,0.295364,-0.054242,0.050278
8915,-0.751979,-5.705931,8.004989,-37.750942,3.774895,5.265949,-36.051865,4.444516,-7.313269,-0.949032,0.306234,-0.056518,0.048626
8916,-0.803527,-5.829663,8.010126,-38.694427,2.644378,4.698402,-37.371742,4.653009,-7.248199,-0.945438,0.317044,-0.058612,0.046850
8917,-0.804736,-6.013707,7.871715,-37.862801,1.020887,4.455848,-38.640835,4.807635,-7.165851,-0.941877,0.327440,-0.060160,0.045072
8918,-0.790298,-6.106409,7.602749,-34.251019,0.433321,3.326586,-39.844788,4.895778,-7.081276,-0.938403,0.337306,-0.061102,0.043482
8919,-0.789123,-6.254688,7.412240,-32.913059,0.543000,2.453573,-40.989155,4.941847,-7.020452,-0.935003,0.346664,-0.061725,0.042232
8920,-0.775731,-6.373137,7.243694,-31.321932,0.927276,1.327174,-42.102749,4.961476,-6.992697,-0.931597,0.355737,-0.062205,0.041343
8921,-0.749945,-6.494722,7.143224,-30.327353,1.557099,0.669119,-43.166645,4.955058,-6.998461,-0.928253,0.364371,-0.062553,0.040831
8922,-0.771432,-6.665848,7.027310,-29.337334,1.477345,-0.429955,-44.197762,4.931108,-7.032393,-0.924928,0.372706,-0.062835,0.040619
8923,-0.771789,-6.813869,6.996800,-28.792809,0.996324,-0.735506,-45.195183,4.890814,-7.076555,-0.921639,0.380744,-0.063010,0.040561
8924,-0.758278,-6.906709,6.896402,-27.909227,0.730426,-0.752667,-46.135788,4.833989,-7.113034,-0.918477,0.388312,-0.063010,0.040530
8925,-0.759503,-6.948862,6.744404,-27.187197,0.340950,-1.015466,-47.026947,4.770052,-7.142951,-0.915427,0.395468,-0.062916,0.040501
8926,-0.761167,-7.054039,6.584592,-25.964722,-0.129310,-1.214100,-47.891891,4.703219,-7.168141,-0.912414,0.402395,-0.062778,0.040463
8927,-0.729455,-7.138490,6.485709,-25.250462,-0.230298,-0.941246,-48.732914,4.628566,-7.185876,-0.909437,0.409119,-0.062545,0.040412
8928,-0.717359,-7.221544,6.373814,-26.985249,-1.266723,-2.513288,-49.583332,4.517341,-7.202222,-0.906380,0.415920,-0.062025,0.040484
8929,-0.680846,-7.324286,6.275783,-29.894976,-2.574800,-4.733900,-50.510059,4.325343,-7.228177,-0.902991,0.423345,-0.060937,0.040902
8930,-0.639895,-7.454226,6.136684,-32.589664,-3.795954,-6.438839,-51.543682,4.044214,-7.261029,-0.899137,0.431634,-0.059226,0.041677
8931,-0.582195,-7.563315,6.004590,-34.875526,-4.660069,-8.247610,-52.673088,3.687007,-7.299087,-0.894832,0.440679,-0.056997,0.042774
8932,-0.547162,-7.624229,5.799188,-36.346565,-5.595847,-9.888479,-53.868011,3.273052,-7.341879,-0.890165,0.450220,-0.054399,0.044148
8933,-0.482150,-7.778778,5.670224,-37.903080,-5.660241,-10.024702,-55.115105,2.837407,-7.381289,-0.885174,0.460126,-0.051675,0.045618
8934,-0.417455,-7.892614,5.471629,-36.009525,-4.775473,-9.016452,-56.361778,2.425440,-7.415710,-0.880065,0.469956,-0.049150,0.047016
8935,-0.334510,-7.997623,5.253583,-34.001713,-3.445126,-8.026534,-57.563721,2.059639,-7.456061,-0.875026,0.479356,-0.047020,0.048343
8936,-0.243171,-8.168242,5.067172,-33.349216,-2.748110,-7.946214,-58.753845,1.708054,-7.509939,-0.869923,0.488595,-0.045083,0.049766
8937,-0.153063,-8.313954,4.934787,-31.619556,-1.828420,-7.046681,-59.919094,1.357250,-7.572613,-0.864817,0.497586,-0.043214,0.051306
8938,-0.106140,-8.381529,4.760103,-29.441183,-1.987588,-7.549540,-61.009605,1.009313,-7.637031,-0.859938,0.505959,-0.041376,0.052915
8939,-0.083917,-8.500077,4.654138,-28.675655,-2.277889,-8.006471,-62.032291,0.662367,-7.697680,-0.855275,0.513776,-0.039530,0.054554
8940,-0.071427,-8.580770,4.545980,-27.250656,-2.215549,-6.958575,-62.988224,0.354740,-7.745715,-0.850852,0.521037,-0.037918,0.055979
8941,-0.087901,-8.557661,4.398374,-26.450983,-2.375794,-5.663103,-63.873913,0.127407,-7.770916,-0.846720,0.527706,-0.036787,0.056918
8942,-0.068601,-8.640176,4.344810,-27.981014,-2.934159,-5.871904,-64.728806,-0.053452,-7.774628,-0.842700,0.534097,-0.035897,0.057512
8943,-0.013571,-8.707807,4.156296,-26.672787,-1.749929,-4.000886,-65.583672,-0.207191,-7.773344,-0.838643,0.540445,-0.035194,0.057958
8944,0.014301,-8.745409,3.925164,-26.260786,-0.851093,-1.965156,-66.465866,-0.298055,-7.774266,-0.834426,0.546929,-0.034982,0.058126
8945,0.042015,-8.871065,3.819556,-28.464525,-0.951761,-1.768215,-67.411148,-0.355346,-7.770921,-0.829867,0.553822,-0.035029,0.058088
8946,0.076891,-8.962069,3.723879,-28.257166,0.085856,-0.806910,-68.374611,-0.403970,-7.773636,-0.825163,0.560802,-0.035179,0.058049
8947,0.071247,-8.941090,3.507185,-27.128126,1.623959,0.383243,-69.313416,-0.408449,-7.802423,-0.820525,0.567536,-0.035764,0.057987
8948,0.036263,-8.965929,3.377188,-27.486877,1.726232,-0.065279,-70.240746,-0.372379,-7.852798,-0.815893,0.574125,-0.036741,0.057874
8949,0.050017,-9.018773,3.270434,-27.785879,1.454677,-1.320961,-71.152870,-0.358408,-7.910845,-0.811273,0.580575,-0.037594,0.057920
8950,0.058191,-9.051408,3.122440,-27.649847,1.625599,-2.129653,-72.051659,-0.391003,-7.978106,-0.806648,0.586914,-0.038162,0.058263
8951,0.059257,-9.128606,2.945019,-28.736233,1.616453,-2.819343,-72.982704,-0.450166,-8.054569,-0.801791,0.593450,-0.038616,0.058792
8952,0.079332,-9.247604,2.830340,-29.937178,1.309746,-2.732355,-73.964561,-0.523808,-8.127689,-0.796610,0.600308,-0.038989,0.059353
8953,0.107214,-9.312659,2.668801,-30.169149,1.547767,-1.864182,-74.968628,-0.593829,-8.193968,-0.791256,0.607275,-0.039375,0.059838
8954,0.105294,-9.333167,2.467696,-29.531475,2.029934,-0.550444,-75.981102,-0.627542,-8.261336,-0.785810,0.614234,-0.040032,0.060130
8955,0.097502,-9.305758,2.278061,-28.462103,1.990258,0.459728,-76.980202,-0.612411,-8.326324,-0.780398,0.621032,-0.041010,0.060139
8956,0.091868,-9.270503,2.157254,-27.853373,1.691190,0.076784,-77.930733,-0.583228,-8.384149,-0.775202,0.627449,-0.042022,0.060029
8957,0.104494,-9.274223,1.987463,-27.218523,1.552334,-1.316379,-78.840645,-0.591802,-8.441431,-0.770162,0.633568,-0.042756,0.060125
8958,0.139412,-9.321847,1.802513,-27.616909,0.987704,-3.367405,-79.766899,-0.681082,-8.497289,-0.764946,0.639792,-0.042956,0.060649
8959,0.184778,-9.419328,1.683423,-28.198486,-0.272790,-5.317952,-80.718277,-0.868102,-8.532854,-0.759502,0.646193,-0.042418,0.061579
8960,0.243411,-9.555088,1.545864,-28.305420,-1.542466,-6.435544,-81.673119,-1.134934,-8.531900,-0.753963,0.652617,-0.041167,0.062734
8961,0.291665,-9.649981,1.355121,-27.420649,-2.523751,-5.444403,-82.631935,-1.419555,-8.490056,-0.748357,0.659038,-0.039588,0.063748
8962,0.307787,-9.672138,1.168445,-27.990324,-3.857505,-4.122023,-83.613602,-1.657254,-8.400966,-0.742611,0.665550,-0.038072,0.064207
8963,0.312338,-9.629464,1.031899,-29.359547,-5.183591,-2.379776,-84.625076,-1.820399,-8.259799,-0.736700,0.672188,-0.036758,0.063915
8964,0.310715,-9.587977,0.875361,-30.035803,-6.053392,-1.725289,-85.650246,-1.919498,-8.077478,-0.730706,0.678845,-0.035615,0.063007
8965,0.318368,-9.575522,0.719059,-28.847237,-5.978626,-1.804641,-86.652916,-1.992214,-7.880644,-0.724807,0.685298,-0.034527,0.061882
8966,0.344624,-9.576020,0.540108,-27.528950,-5.803150,-1.914535,-87.611259,-2.067048,-7.687112,-0.719115,0.691417,-0.033405,0.060827
8967,0.369408,-9.574791,0.430054,-26.462286,-5.887081,-2.557078,-88.513756,-2.162259,-7.494811,-0.713699,0.697144,-0.032119,0.059942
8968,0.378094,-9.653089,0.291576,-25.023073,-5.545269,-4.133497,-89.349800,-2.292461,-7.307158,-0.708624,0.702420,-0.030598,0.059341
8969,0.402695,-9.642763,0.117149,-24.220253,-4.609871,-3.717031,-90.157539,-2.436305,-7.139023,-0.703668,0.707479,-0.029092,0.058978
8970,0.413264,-9.516189,-0.088411,-24.450874,-4.434399,-3.208991,-90.997932,-2.560389,-6.985836,-0.698475,0.712689,-0.027813,0.058599
8971,0.429637,-9.501181,-0.185274,-27.499985,-5.089034,-6.093040,-91.905174,-2.716682,-6.821460,-0.692813,0.718270,-0.026298,0.058360
8972,0.470788,-9.595902,-0.348431,-28.304327,-4.669410,-7.971527,-92.863914,-2.952256,-6.648138,-0.686745,0.724127,-0.024274,0.058583
8973,0.544508,-9.558916,-0.573242,-28.239178,-4.008697,-7.785611,-93.865944,-3.232826,-6.485333,-0.680323,0.730185,-0.022076,0.059185
8974,0.615403,-9.582685,-0.689390,-30.174559,-4.406964,-9.040380,-94.905182,-3.552048,-6.319997,-0.673589,0.736400,-0.019666,0.060055
8975,0.668913,-9.757742,-0.840808,-33.003792,-4.126164,-9.254503,-95.987709,-3.896167,-6.147155,-0.666507,0.742795,-0.017103,0.061085
8976,0.690044,-9.669351,-1.077177,-33.284801,-2.971027,-4.881523,-97.129333,-4.152071,-5.999718,-0.659012,0.749439,-0.015268,0.061732
8977,0.683303,-9.546839,-1.283764,-35.967937,-2.598737,-2.562162,-98.353203,-4.266806,-5.885676,-0.650969,0.756456,-0.014519,0.061672
8978,0.691030,-9.503499,-1.450742,-39.401802,-2.591167,-1.783791,-99.675247,-4.307417,-5.784357,-0.642230,0.763930,-0.014326,0.061202
8979,0.684639,-9.451142,-1.722592,-39.841877,-2.107533,-0.465160,-101.069466,-4.303507,-5.695776,-0.632938,0.771699,-0.014495,0.060508
8980,0.706891,-9.316863,-1.990981,-39.484306,-1.567462,0.690129,-102.508980,-4.267120,-5.628419,-0.623249,0.779597,-0.014994,0.059708
8981,0.713402,-9.346072,-2.177694,-40.529037,-1.421055,-0.373410,-103.955803,-4.245143,-5.572937,-0.613397,0.787411,-0.015484,0.059066
8982,0.729404,-9.344770,-2.405035,-39.614151,-1.538590,0.264378,-105.369385,-4.238573,-5.519207,-0.603668,0.794925,-0.015873,0.058543
8983,0.694521,-9.267019,-2.611306,-36.527733,-1.862132,1.918492,-106.699577,-4.185461,-5.470247,-0.594453,0.801886,-0.016486,0.057730
8984,0.677604,-9.190768,-2.814958,-35.409664,-2.054475,2.464924,-107.949181,-4.077950,-5.426195,-0.585751,0.808329,-0.017356,0.056565
8985,0.651746,-9.135748,-3.000767,-34.383068,-2.313973,2.816091,-109.153824,-3.947000,-5.382690,-0.577309,0.814450,-0.018303,0.055232
8986,0.647240,-9.083566,-3.201848,-32.080753,-2.489534,4.185018,-110.298042,-3.789312,-5.344679,-0.569246,0.820181,-0.019368,0.053731
8987,0.636270,-8.976546,-3.364854,-28.696569,-2.233217,5.117406,-111.347366,-3.609885,-5.323899,-0.561809,0.825364,-0.020593,0.052160
8988,0.605593,-8.961192,-3.517641,-26.757330,-1.760195,5.033477,-112.294487,-3.427867,-5.323418,-0.555057,0.829979,-0.021906,0.050670
8989,0.566400,-8.933165,-3.631570,-23.507055,-1.093380,5.888041,-113.124657,-3.236297,-5.350227,-0.549110,0.833970,-0.023389,0.049246
8990,0.518479,-8.888897,-3.695204,-20.126678,-0.679884,5.500592,-113.799477,-3.035288,-5.401652,-0.544262,0.837174,-0.025013,0.047886
8991,0.477451,-8.847418,-3.777384,-17.251068,-0.220629,4.257179,-114.335083,-2.856845,-5.459125,-0.540404,0.839689,-0.026502,0.046734
8992,0.452116,-8.841642,-3.865583,-16.027927,0.165377,3.235037,-114.790985,-2.717636,-5.515420,-0.537101,0.841813,-0.027756,0.045871
8993,0.458333,-8.817249,-3.957229,-15.309909,0.461399,2.537806,-115.218796,-2.622762,-5.570264,-0.533976,0.843793,-0.028775,0.045325
8994,0.456719,-8.761024,-4.035475,-15.922640,0.279866,1.021001,-115.661537,-2.580444,-5.610513,-0.530716,0.845837,-0.029443,0.045088
8995,0.479016,-8.697204,-4.091133,-16.977985,0.008373,0.372292,-116.143456,-2.586529,-5.627882,-0.527144,0.848058,-0.029733,0.045089
8996,0.491607,-8.670909,-4.194718,-18.930672,-0.780345,-0.206366,-116.687653,-2.620172,-5.619732,-0.523099,0.850555,-0.029732,0.045159
8997,0.487734,-8.582026,-4.307063,-21.671007,-1.686561,-0.714844,-117.341347,-2.658045,-5.576763,-0.518237,0.853539,-0.029497,0.045076
8998,0.471064,-8.498658,-4.407456,-23.959915,-2.635562,-0.267997,-118.107445,-2.669766,-5.504744,-0.512542,0.857003,-0.029207,0.044643
8999,0.462907,-8.443511,-4.556432,-24.732229,-3.436608,1.343237,-118.944366,-2.622983,-5.422944,-0.506322,0.860743,-0.029125,0.043716
9000,0.421627,-8.407585,-4.734524,-26.743828,-4.079049,2.078738,-119.853043,-2.509818,-5.339364,-0.499564,0.864748,-0.029335,0.042267
9001,0.391545,-8.343095,-4.919348,-27.817249,-3.966255,1.961399,-120.842262,-2.362229,-5.254417,-0.492176,0.869045,-0.029691,0.040529
9002,0.369175,-8.290325,-5.103764,-27.790682,-3.197342,1.520595,-121.871323,-2.224009,-5.178872,-0.484438,0.873444,-0.030064,0.038889
9003,0.367529,-8.234669,-5.264433,-27.860283,-1.724941,1.023263,-122.903275,-2.126253,-5.128622,-0.476610,0.877780,-0.030436,0.037660
9004,0.359420,-8.147408,-5.380827,-29.228296,-0.032744,-0.076898,-123.941742,-2.090755,-5.109828,-0.468657,0.882067,-0.030777,0.037032
9005,0.361013,-8.003494,-5.511035,-29.224434,1.622869,-0.524018,-124.994156,-2.115204,-5.123289,-0.460522,0.886331,-0.031121,0.036991
9006,0.363030,-7.854516,-5.599675,-28.825329,3.298343,1.088831,-126.034523,-2.160352,-5.192813,-0.452415,0.890458,-0.031817,0.037332
9008,0.381425,-7.793747,-5.715888,-28.113169,4.036927,2.767268,-127.027298,-2.190869,-5.327417,-0.444626,0.894306,-0.033071,0.037815
9009,0.389028,-7.672327,-5.867263,-27.272760,3.986641,3.476707,-127.985115,-2.204371,-5.495115,-0.437074,0.897942,-0.034649,0.038283
9010,0.379792,-7.556632,-6.042911,-26.904137,3.699807,4.477620,-128.952667,-2.191148,-5.674995,-0.429423,0.901544,-0.036436,0.038559
9011,0.361207,-7.463418,-6.127817,-27.301561,3.370184,5.904346,-129.923981,-2.131931,-5.873009,-0.421727,0.905084,-0.038544,0.038511
9012,0.346699,-7.425441,-6.268193,-27.858946,1.998310,5.803691,-130.882965,-2.031793,-6.065977,-0.414122,0.908510,-0.040758,0.038091
9013,0.350249,-7.359189,-6.442529,-30.856218,0.920970,4.434961,-131.895004,-1.931224,-6.214051,-0.406083,0.912073,-0.042630,0.037454
9014,0.297180,-7.313756,-6.593142,-35.972927,1.003286,1.619707,-133.037018,-1.865974,-6.304964,-0.396976,0.916036,-0.043954,0.036821
9015,0.232724,-6.953318,-6.565750,-40.828709,0.983156,-0.130226,-134.347137,-1.824704,-6.345953,-0.386485,0.920497,-0.044842,0.036123
9016,0.225276,-6.823311,-6.763691,-43.578880,0.286912,0.596535,-135.802689,-1.768792,-6.366412,-0.374783,0.925320,-0.045646,0.035167
9017,0.200597,-6.557470,-6.759096,-45.924522,-0.658099,1.082227,-137.325653,-1.674271,-6.383147,-0.362495,0.930207,-0.046545,0.033843
9018,0.166977,-6.249125,-6.945878,-46.001293,-4.134710,2.808553,-138.909912,-1.489169,-6.378562,-0.349694,0.935121,-0.047538,0.031673
9019,0.144906,-5.945210,-7.233541,-43.645218,-7.510668,6.629962,-140.566727,-1.153450,-6.370815,-0.336304,0.940059,-0.048916,0.028207
9020,0.116061,-6.095549,-7.623057,-39.925022,-8.921157,9.232072,-142.127716,-0.700550,-6.403799,-0.323679,0.944497,-0.050850,0.023899
9021,0.037476,-5.982940,-7.902262,-36.965683,-9.010138,7.463886,-143.513687,-0.228474,-6.444376,-0.312448,0.948268,-0.052760,0.019487
9022,-0.021459,-5.898044,-8.238164,-33.850758,-6.859002,5.376729,-144.805710,0.168343,-6.463567,-0.301920,0.951664,-0.054181,0.015645
9023,-0.065190,-5.785436,-8.259224,-30.753799,-1.719966,3.248265,-145.956039,0.405526,-6.501603,-0.292458,0.954589,-0.055257,0.013222
9024,-0.056757,-5.620116,-8.189565,-28.817253,1.888784,0.927376,-146.933228,0.450261,-6.561739,-0.284321,0.957011,-0.055980,0.012526
9025,-0.007504,-5.355053,-8.199050,-28.461403,3.094517,-0.520895,-147.853821,0.350668,-6.611966,-0.276571,0.959257,-0.056260,0.013031
9026,0.020316,-5.126358,-8.207875,-29.671511,3.699246,0.281448,-148.828094,0.191857,-6.667257,-0.268322,0.961571,-0.056461,0.014014
9027,0.040583,-5.009702,-8.308761,-31.159437,3.670734,2.592929,-149.858780,0.048662,-6.770070,-0.259580,0.963915,-0.057125,0.014943
9028,0.032097,-4.916780,-8.480847,-32.133057,3.498663,4.049973,-150.922028,-0.046265,-6.924299,-0.250557,0.966217,-0.058354,0.015550
9029,0.029215,-4.802989,-8.663244,-31.193155,4.212991,4.631239,-151.984802,-0.114602,-7.112131,-0.241524,0.968410,-0.059939,0.015982
9030,0.028492,-4.683547,-8.791631,-29.603165,5.916018,4.437396,-153.000366,-0.206260,-7.323873,-0.232853,0.970411,-0.061685,0.016656
9031,0.059947,-4.624143,-8.854823,-28.620090,7.333707,3.778144,-153.927979,-0.355410,-7.545105,-0.224875,0.972159,-0.063402,0.017856
9032,0.115744,-4.418986,-8.945630,-29.103319,7.892446,1.574586,-154.834000,-0.576304,-7.735267,-0.217024,0.973820,-0.064738,0.019592
9033,0.167204,-4.217481,-8.963000,-29.930216,8.823655,-0.300965,-155.798904,-0.868821,-7.870382,-0.208619,0.975557,-0.065516,0.021782
9034,0.183724,-3.964702,-8.823146,-31.648386,9.355024,-1.263984,-156.821350,-1.198753,-7.967531,-0.199687,0.977338,-0.065957,0.024179
9035,0.225926,-3.801681,-8.927838,-35.327465,7.470709,-1.004668,-157.943848,-1.496531,-8.039776,-0.189904,0.979210,-0.066310,0.026195
9036,0.264583,-3.601706,-9.013642,-39.298168,6.114274,-0.824663,-159.212662,-1.732190,-8.092840,-0.178891,0.981220,-0.066679,0.027560
9037,0.286445,-3.424868,-9.032578,-39.943821,5.607683,-0.272290,-160.552048,-1.924055,-8.141994,-0.167277,0.983209,-0.067134,0.028496
9038,0.315536,-3.186187,-9.082132,-39.022243,4.145798,0.295369,-161.875626,-2.072251,-8.194433,-0.155802,0.985037,-0.067705,0.029063
9039,0.348367,-3.080670,-9.246991,-38.153877,1.843136,1.130069,-163.147034,-2.155368,-8.247577,-0.144797,0.986667,-0.068374,0.029093
9040,0.345923,-2.906099,-9.274195,-35.164062,0.570435,0.757788,-164.309067,-2.175409,-8.291169,-0.134761,0.988057,-0.069017,0.028622
9041,0.298362,-2.585853,-9.282673,-29.578911,-1.047355,0.054436,-165.358658,-2.128621,-8.303614,-0.125732,0.989246,-0.069436,0.027599
9042,0.249189,-2.389527,-9.350419,-27.110235,-3.964035,0.697010,-166.333298,-1.972380,-8.295137,-0.117417,0.990297,-0.069759,0.025649
9043,0.202026,-2.321862,-9.500134,-26.823511,-7.105263,1.823357,-167.248535,-1.684308,-8.294500,-0.109689,0.991224,-0.070237,0.022599
9044,0.161235,-2.167220,-9.644753,-26.139910,-8.680954,2.028051,-168.132339,-1.307797,-8.302491,-0.102280,0.992053,-0.070820,0.018805
9045,0.089754,-1.945297,-9.600897,-25.279598,-8.897047,2.254084,-169.023453,-0.901183,-8.315128,-0.094820,0.992820,-0.071415,0.014741
9046,0.056488,-1.887009,-9.629592,-27.290960,-10.341403,3.508559,-169.919937,-0.475328,-8.351992,-0.087317,0.993507,-0.072175,0.010518
9047,0.028928,-1.728892,-9.644319,-29.643812,-11.822089,3.690247,-170.855179,-0.030752,-8.409820,-0.079485,0.994136,-0.073069,0.006112
9048,-0.070081,-1.510341,-9.557453,-32.100605,-13.044819,3.789510,-171.889999,0.449319,-8.471800,-0.070809,0.994744,-0.073954,0.001323
9049,-0.155618,-1.406230,-9.614799,-35.642246,-15.981264,4.625803,-173.016754,1.010038,-8.548337,-0.061387,0.995289,-0.074923,-0.004234
9050,-0.242298,-1.270673,-9.716223,-35.995834,-17.765615,4.592298,-174.166031,1.646173,-8.638624,-0.051820,0.995710,-0.075938,-0.010473
9051,-0.368671,-1.118580,-9.807681,-34.818638,-17.932499,3.481469,-175.270554,2.312723,-8.716986,-0.042665,0.995993,-0.076747,-0.016970
9052,-0.509660,-0.999430,-9.994645,-32.756084,-17.080187,2.076117,-176.285400,2.975976,-8.763577,-0.034288,0.996153,-0.077175,-0.023402
9053,-0.613770,-0.776963,-10.017900,-26.874102,-13.789462,0.544092,-177.163147,3.568489,-8.773693,-0.027050,0.996223,-0.077198,-0.029143
9054,-0.694185,-0.578059,-9.878111,-20.478186,-9.865386,-0.600361,-177.866486,4.028563,-8.751842,-0.021233,0.996246,-0.076892,-0.033620
9055,-0.722007,-0.545990,-9.943763,-18.620188,-8.318451,-0.855238,-178.411072,4.369391,-8.711189,-0.016710,0.996251,-0.076411,-0.036955
9056,-0.730914,-0.427143,-9.949745,-16.537659,-6.397281,-1.682376,-178.864059,4.610012,-8.653582,-0.012911,0.996264,-0.075778,-0.039355
9057,-0.754860,-0.245318,-9.793347,-14.290769,-4.149361,-2.396570,-179.291718,4.758911,-8.576222,-0.009263,0.996303,-0.074962,-0.040939
9058,-0.754412,-0.176986,-9.859896,-14.916014,-4.039127,-2.094474,-179.729523,4.854330,-8.496281,-0.005489,0.996348,-0.074109,-0.042058
9059,-0.762304,-0.153111,-9.987706,-16.072088,-3.293930,-1.818334,179.823471,4.916444,-8.424957,-0.001616,0.996384,-0.073322,-0.042888
9060,-0.798552,0.009262,-9.985609,-15.876316,-0.838195,-1.922136,179.346680,4.928468,-8.358161,0.002548,0.996421,-0.072561,-0.043296
9061,-0.802953,0.069966,-9.912564,-15.949329,1.489242,-1.243117,178.846420,4.874363,-8.302526,0.006953,0.996455,-0.071894,-0.043138
9062,-0.776417,0.155812,-9.891075,-15.944442,2.718040,-0.698381,178.352142,4.758076,-8.265101,0.011339,0.996480,-0.071399,-0.042433
9063,-0.748615,0.193680,-9.877403,-16.258301,4.024741,-0.440527,177.870667,4.590681,-8.237486,0.015642,0.996499,-0.071011,-0.041274
9064,-0.723694,0.301430,-9.814180,-16.630072,5.052190,-0.692334,177.386047,4.385384,-8.206839,0.019997,0.996509,-0.070616,-0.039783
9065,-0.694787,0.424499,-9.734411,-16.817457,5.325758,-1.391215,176.865372,4.167526,-8.160295,0.024678,0.996504,-0.070086,-0.038200
9066,-0.668365,0.550331,-9.770617,-18.137365,5.017873,-2.245717,176.289795,3.960063,-8.088739,0.029837,0.996471,-0.069334,-0.036729
9067,-0.640468,0.649473,-9.782633,-20.339386,5.402709,-2.361662,175.642380,3.759000,-8.000163,0.035619,0.996394,-0.068426,-0.035345
9068,-0.609486,0.777185,-9.744290,-22.207298,5.697469,-2.555424,174.919525,3.552936,-7.904034,0.042060,0.996258,-0.067450,-0.033949
9069,-0.563394,0.930316,-9.791651,-24.424810,6.068557,-3.214578,174.111511,3.334900,-7.791336,0.049249,0.996052,-0.066330,-0.032481
9070,-0.521308,1.087444,-9.771250,-28.026501,7.103487,-3.463239,173.189377,3.089512,-7.658975,0.057448,0.995751,-0.065048,-0.030816
9071,-0.502176,1.289187,-9.765950,-30.908175,8.484739,-2.848220,172.133820,2.812905,-7.525138,0.066816,0.995305,-0.063768,-0.028934
9072,-0.475242,1.439751,-9.761113,-33.973003,9.604902,-2.161496,170.973679,2.511425,-7.402158,0.077095,0.994693,-0.062615,-0.026879
9073,-0.438599,1.638122,-9.753078,-38.182148,10.271745,-1.932575,169.705322,2.194466,-7.282429,0.088308,0.993884,-0.061526,-0.024730
9074,-0.417924,1.924920,-9.687217,-41.155560,10.413492,-0.945293,168.287460,1.882882,-7.173705,0.100797,0.992803,-0.060553,-0.022695
9075,-0.400740,2.089999,-9.677047,-43.571980,8.997019,-0.081670,166.780716,1.616426,-7.091526,0.114006,0.991454,-0.059808,-0.021103
9076,-0.398158,2.362113,-9.665223,-44.863533,5.453140,-0.998884,165.241119,1.463502,-7.019469,0.127413,0.989877,-0.059069,-0.020504
9077,-0.370680,2.596058,-9.586702,-44.912930,0.877593,-2.433443,163.684891,1.469847,-6.939738,0.140855,0.988096,-0.058090,-0.021261
9078,-0.379139,2.839653,-9.528257,-43.121914,-2.568784,-2.793783,162.173660,1.617664,-6.867878,0.153809,0.986183,-0.056985,-0.023200
9079,-0.401926,3.047348,-9.454805,-41.275745,-5.163703,-2.807770,160.746811,1.866652,-6.822985,0.165952,0.984203,-0.055942,-0.025981
9080,-0.417650,3.311819,-9.403650,-39.026646,-6.743765,-2.692040,159.396469,2.169106,-6.806748,0.177380,0.982169,-0.055019,-0.029204
9081,-0.409406,3.472548,-9.307353,-37.294727,-6.721303,-1.683555,158.123703,2.454386,-6.821348,0.188119,0.980111,-0.054341,-0.032277
9082,-0.446097,3.750257,-9.236124,-36.573009,-5.541939,0.261935,156.884720,2.672870,-6.878613,0.198568,0.977973,-0.054094,-0.034825
9083,-0.468067,3.946772,-9.064542,-38.746323,-4.071038,2.866671,155.580444,2.808556,-6.993484,0.209573,0.975583,-0.054421,-0.036803
9084,-0.496106,4.120955,-8.924830,-40.925831,-1.606745,5.564498,154.191025,2.842808,-7.164057,0.221311,0.972886,-0.055352,-0.038080
9085,-0.496496,4.237833,-8.767132,-43.806999,1.422124,8.103606,152.744675,2.754639,-7.371241,0.233555,0.969921,-0.056803,-0.038453
9086,-0.512632,4.456495,-8.640564,-44.821747,4.160970,10.163510,151.256210,2.552994,-7.597454,0.246178,0.966703,-0.058645,-0.037973
9087,-0.460779,4.631011,-8.505188,-46.158367,7.887042,12.104358,149.740982,2.225446,-7.822413,0.259066,0.963254,-0.060777,-0.036502
9088,-0.568850,4.975176,-8.556634,-44.873379,9.931117,11.603460,148.235306,1.852296,-8.009290,0.271873,0.959661,-0.062750,-0.034618
9089,-0.494552,5.176395,-8.526955,-44.410660,7.955477,9.049918,146.783936,1.556754,-8.141677,0.284151,0.956052,-0.064149,-0.033274
9090,-0.413977,5.490707,-8.383671,-41.691147,4.429647,6.967946,145.380600,1.359804,-8.249925,0.295930,0.952424,-0.065148,-0.032700
9091,-0.294269,5.740894,-8.179759,-41.607502,2.031825,4.552019,143.959427,1.238996,-8.347024,0.307767,0.948613,-0.065867,-0.032767
9092,-0.297024,5.932206,-8.056620,-41.705639,-0.004167,1.376291,142.517075,1.206876,-8.408241,0.319685,0.944626,-0.066044,-0.033500
9093,-0.143161,5.981867,-7.812458,-41.649353,-1.736143,-0.920251,141.108154,1.230865,-8.433010,0.331252,0.940613,-0.065761,-0.034577
9094,-0.155362,6.159931,-7.626436,-40.219559,-0.937741,-1.635641,139.744431,1.244421,-8.427417,0.342416,0.936609,-0.065259,-0.035452
9095,-0.189582,6.321428,-7.520428,-40.793201,1.162156,-2.001682,138.407181,1.249470,-8.377996,0.353334,0.932578,-0.064423,-0.036099
9096,-0.269253,6.475942,-7.474274,-41.189384,2.509478,-1.289157,137.104111,1.252682,-8.294875,0.363941,0.928546,-0.063324,-0.036592
9097,-0.276388,6.659227,-7.338421,-39.487125,1.549380,-0.994942,135.854767,1.274872,-8.219580,0.374053,0.924568,-0.062241,-0.037213
9098,-0.271768,6.822446,-7.191464,-38.680611,0.909739,-0.918935,134.644531,1.312363,-8.166980,0.383791,0.920600,-0.061296,-0.037993
9099,-0.275090,6.988827,-7.002844,-38.272526,0.689761,-0.699466,133.436310,1.352881,-8.128242,0.393465,0.916529,-0.060443,-0.038828
9100,-0.281021,7.139365,-6.825923,-37.097126,-0.062755,-0.901144,132.228378,1.403681,-8.102155,0.403082,0.912352,-0.059643,-0.039775
9101,-0.249945,7.262420,-6.635976,-35.377121,-0.722090,-1.157655,131.053162,1.460639,-8.088929,0.412388,0.908186,-0.058921,-0.040788
9102,-0.261990,7.400012,-6.463112,-33.921219,-0.595484,-0.962394,129.917145,1.509948,-8.082402,0.421343,0.904064,-0.058280,-0.041735
9103,-0.259691,7.532231,-6.316005,-33.870770,-0.069067,-0.693866,128.797546,1.543143,-8.073351,0.430139,0.899914,-0.057674,-0.042529
9104,-0.260920,7.643254,-6.178070,-34.642754,0.829713,-0.483281,127.671135,1.549386,-8.050906,0.438969,0.895655,-0.057054,-0.043057
9105,-0.288643,7.726381,-6.028982,-36.110420,1.792534,0.201796,126.523659,1.534659,-8.012498,0.447939,0.891231,-0.056379,-0.043361
9106,-0.306517,7.828645,-5.832283,-37.561283,2.164715,1.620702,125.328239,1.498949,-7.976575,0.457247,0.886521,-0.055788,-0.043528
9107,-0.267940,7.937416,-5.675545,-38.334679,3.240374,2.508616,124.091827,1.414359,-7.941675,0.466848,0.881537,-0.055393,-0.043335
9108,-0.269366,8.095460,-5.519647,-38.509892,3.838459,4.170225,122.841873,1.272546,-7.904350,0.476532,0.876382,-0.055223,-0.042698
9109,-0.221303,8.218911,-5.336140,-36.121605,2.689378,4.385284,121.622337,1.106454,-7.888302,0.485932,0.871233,-0.055349,-0.041953
9111,-0.187933,8.307441,-5.146793,-34.426105,2.263642,5.502250,120.467682,0.923948,-7.902203,0.494783,0.866243,-0.055818,-0.041190
9112,-0.138771,8.465810,-4.982749,-32.919910,1.900512,5.500787,119.356567,0.722289,-7.933281,0.503259,0.861340,-0.056537,-0.040351
9113,-0.134588,8.610507,-4.820212,-32.115810,1.017018,4.965217,118.265160,0.542251,-7.974670,0.511523,0.856438,-0.057264,-0.039727
9114,-0.096532,8.727383,-4.617471,-31.858240,0.521066,4.032837,117.164314,0.402918,-8.022071,0.519785,0.851421,-0.057865,-0.039456
9115,-0.097420,8.837442,-4.417469,-34.588741,1.343484,4.096828,115.988838,0.280213,-8.055508,0.528546,0.845991,-0.058270,-0.039296
9116,-0.064791,8.994224,-4.218413,-36.251389,1.148090,2.511250,114.707420,0.180400,-8.066087,0.538022,0.839990,-0.058373,-0.039263
9117,-0.066339,8.996632,-3.982624,-38.265144,1.807205,1.697765,113.349457,0.116806,-8.050386,0.547976,0.833543,-0.058094,-0.039414
9118,-0.054219,9.054435,-3.717433,-41.623337,2.966803,2.660393,111.890587,0.047010,-8.005795,0.558594,0.826498,-0.057606,-0.039430
9119,-0.053698,9.114891,-3.508132,-43.266399,4.253044,3.026346,110.347618,-0.052606,-7.928808,0.569748,0.818906,-0.057015,-0.039107
9120,-0.054106,9.196411,-3.296486,-40.836521,4.748827,2.378981,108.845154,-0.144055,-7.818834,0.580518,0.811387,-0.056182,-0.038647
9121,-0.016502,9.297143,-3.036838,-37.666515,4.887558,1.595822,107.441521,-0.215144,-7.687802,0.590490,0.804253,-0.055151,-0.038158
9122,-0.001134,9.400541,-2.835320,-35.773724,4.882894,0.913458,106.119949,-0.270468,-7.544460,0.599799,0.797438,-0.053999,-0.037656
9123,0.009246,9.461804,-2.654521,-34.187450,3.846714,-0.891974,104.877411,-0.279602,-7.404691,0.608461,0.790949,-0.052671,-0.037434
9124,0.001897,9.472216,-2.423435,-33.241982,1.777481,-2.895807,103.686279,-0.208188,-7.298460,0.616654,0.784655,-0.051168,-0.037897
9125,0.003526,9.514239,-2.274442,-33.675831,-0.081165,-3.973388,102.518219,-0.071632,-7.245214,0.624580,0.778401,-0.049673,-0.039054
9126,-0.065583,9.601448,-2.144432,-33.921612,-0.844216,-4.541423,101.380089,0.114579,-7.231469,0.632205,0.772230,-0.048163,-0.040724
9127,-0.114989,9.672600,-1.967271,-32.732796,-1.747694,-5.703268,100.282188,0.359601,-7.242920,0.639464,0.766215,-0.046479,-0.042886
9128,-0.142120,9.649172,-1.778761,-31.197542,-2.596227,-5.980088,99.235611,0.634125,-7.282386,0.646298,0.760418,-0.044798,-0.045352
9129,-0.171974,9.666941,-1.582925,-29.457842,-2.593264,-5.428223,98.239601,0.893101,-7.339925,0.652740,0.754833,-0.043304,-0.047772
9130,-0.224776,9.767752,-1.432767,-30.560984,-2.379708,-5.215076,97.249947,1.133840,-7.398942,0.659096,0.749221,-0.041889,-0.050056
9131,-0.254857,9.770249,-1.290764,-31.531235,-2.659012,-4.518199,96.239952,1.356918,-7.463778,0.665537,0.743428,-0.040569,-0.052245
9132,-0.287739,9.777395,-1.158825,-31.375090,-2.536976,-3.456568,95.244392,1.543531,-7.536332,0.671844,0.737649,-0.039485,-0.054221
9133,-0.304674,9.821948,-1.013548,-30.014767,-1.580237,-3.084580,94.299812,1.695084,-7.594376,0.677797,0.732112,-0.038509,-0.055854
9134,-0.320357,9.853434,-0.910154,-28.333706,-0.431206,-2.935282,93.438255,1.823773,-7.618364,0.683205,0.727026,-0.037471,-0.057100
9135,-0.321805,9.793085,-0.729286,-25.300570,1.209189,-2.463906,92.668587,1.927542,-7.597096,0.688029,0.722459,-0.036328,-0.057876
9136,-0.388910,9.799673,-0.515784,-24.657425,3.318029,-2.157443,91.918762,2.028600,-7.516251,0.692731,0.717996,-0.034830,-0.058255
9137,-0.401484,9.721413,-0.420873,-28.750917,3.708669,-1.202636,91.095100,2.127902,-7.396083,0.697884,0.713061,-0.033056,-0.058389
9138,-0.399278,9.743173,-0.241456,-30.680666,4.003182,-1.727900,90.170296,2.213318,-7.265467,0.703638,0.707466,-0.031252,-0.058377
9139,-0.385075,9.800586,-0.038768,-32.087334,4.064225,-1.563260,89.155678,2.286497,-7.130678,0.709907,0.701263,-0.029454,-0.058264
9140,-0.399630,9.794106,0.193192,-34.557949,3.765139,-1.030766,88.034477,2.338863,-7.002017,0.716773,0.694330,-0.027775,-0.058061
9141,-0.338400,9.722758,0.326539,-35.446186,2.837363,-0.742180,86.855568,2.352908,-6.893903,0.723926,0.686948,-0.026439,-0.057744
9142,-0.327498,9.855854,0.594183,-32.074055,3.362251,-1.481755,85.716385,2.341680,-6.793000,0.730776,0.679737,-0.025337,-0.057294
9143,-0.336581,9.904805,0.764897,-32.249809,3.220295,0.183562,84.618736,2.313687,-6.685453,0.737320,0.672722,-0.024336,-0.056679
9144,-0.324965,9.827017,0.895191,-34.682106,2.696860,1.114892,83.510368,2.245399,-6.583977,0.743874,0.665562,-0.023642,-0.055857
9145,-0.309653,9.874783,1.062735,-35.746880,2.931809,1.548808,82.376457,2.151967,-6.482848,0.750515,0.658164,-0.023120,-0.054891
9146,-0.383386,10.008883,1.457658,-35.486141,2.759341,3.248961,81.171600,2.056120,-6.377347,0.757486,0.650232,-0.022578,-0.053891
9147,-0.401398,9.916904,1.603594,-33.223827,0.526912,7.381009,79.959381,1.907582,-6.296988,0.764422,0.642158,-0.022548,-0.052760
9148,-0.342052,9.571725,1.643073,-32.561615,-0.088003,8.760235,78.860893,1.668084,-6.241448,0.770666,0.634744,-0.023347,-0.051276
9149,-0.324232,9.516390,1.957675,-33.135475,0.761977,6.840403,77.755028,1.440043,-6.178621,0.776872,0.627223,-0.024055,-0.049827
9150,-0.248379,9.412837,2.072324,-33.843918,0.234029,5.071681,76.595131,1.269338,-6.119866,0.783269,0.619288,-0.024400,-0.048746
9151,-0.137344,9.250796,2.113639,-35.848755,1.257870,1.942255,75.459816,1.134222,-6.066708,0.789437,0.611467,-0.024563,-0.047899
9152,-0.111479,9.152665,2.427643,-38.667004,4.266862,-2.755523,74.234848,1.109530,-5.979621,0.795973,0.603004,-0.023763,-0.047424
9153,-0.208056,9.386061,2.821438,-39.580307,5.762200,-5.816319,72.845444,1.269509,-5.860055,0.803221,0.593381,-0.021445,-0.047698
9154,-0.297393,9.407740,2.989554,-37.737885,5.898092,-5.145253,71.461250,1.541555,-5.733161,0.810290,0.583738,-0.018296,-0.048439
9155,-0.405570,9.376544,3.289041,-35.774815,6.365249,-3.629234,70.153496,1.832751,-5.591931,0.816856,0.574554,-0.014956,-0.049095
9156,-0.460325,9.225817,3.489879,-33.596828,5.738400,-1.971529,68.888374,2.102950,-5.441390,0.823117,0.565589,-0.011727,-0.049506
9157,-0.479370,9.196560,3.637699,-32.561565,4.426409,-1.787786,67.698654,2.327566,-5.312650,0.828917,0.557079,-0.008960,-0.049783
9158,-0.460511,9.249964,3.786014,-31.498259,3.205884,-1.144421,66.605797,2.489529,-5.217073,0.834174,0.549193,-0.006846,-0.049944
9159,-0.457476,9.103216,3.948005,-29.667158,1.910484,0.466691,65.588989,2.566097,-5.144520,0.839017,0.541791,-0.005498,-0.049833
9160,-0.390664,9.045341,3.977670,-28.864132,0.924712,0.443895,64.658485,2.561818,-5.093592,0.843412,0.534961,-0.004887,-0.049481
9161,-0.375870,8.969728,4.178149,-28.138666,1.251105,0.950904,63.781834,2.509440,-5.047049,0.847519,0.528483,-0.004681,-0.048932
9162,-0.380747,8.846522,4.299453,-27.891052,1.353174,0.908568,62.895988,2.454555,-4.991561,0.851623,0.521906,-0.004459,-0.048305
9163,-0.431614,8.659316,4.465018,-27.170736,1.325653,0.260170,61.989063,2.443489,-4.942082,0.855751,0.515148,-0.003937,-0.047920
9164,-0.406685,8.656849,4.544647,-26.496193,1.646105,-0.818669,61.105949,2.476704,-4.902491,0.859701,0.508547,-0.003142,-0.047798
9165,-0.445400,8.608157,4.763975,-27.815968,2.334321,-2.250014,60.219109,2.557507,-4.868896,0.863596,0.501897,-0.002015,-0.047921
9166,-0.487112,8.637768,4.836294,-29.008945,1.556226,-4.526891,59.304302,2.713537,-4.868510,0.867520,0.495022,-0.000448,-0.048604
9167,-0.536785,8.609176,5.030432,-29.508867,1.603750,-5.441245,58.391247,2.926251,-4.906962,0.871342,0.488141,0.001395,-0.049801
9168,-0.556193,8.482294,5.097496,-30.272732,2.463086,-5.910040,57.461521,3.167891,-4.947336,0.875163,0.481109,0.003477,-0.051107
9169,-0.598890,8.411398,5.230041,-31.543037,4.305107,-8.032889,56.516773,3.464312,-4.975361,0.878968,0.473942,0.006059,-0.052512
9170,-0.641997,8.397338,5.488251,-31.374571,6.186769,-9.235557,55.534679,3.834394,-4.987821,0.882836,0.466469,0.009314,-0.054052
9171,-0.695071,8.308887,5.703074,-32.727871,7.303863,-9.182303,54.488667,4.235946,-4.978639,0.886882,0.458469,0.012957,-0.055491
9172,-0.745612,8.272138,5.813586,-34.030758,7.596889,-9.208282,53.406033,4.636197,-4.956351,0.890996,0.450141,0.016686,-0.056754
9173,-0.797478,8.171974,6.048100,-34.479065,7.279452,-8.182760,52.300690,5.005307,-4.930964,0.895127,0.441586,0.020219,-0.057804
9174,-0.850016,7.960690,6.220319,-35.141453,5.753386,-5.191783,51.128593,5.290946,-4.899505,0.899465,0.432450,0.023174,-0.058417
9175,-0.921028,7.742234,6.264126,-35.620846,3.334699,-1.032023,49.926060,5.453225,-4.850714,0.903893,0.423003,0.025248,-0.058379
9176,-0.928705,7.657373,6.401075,-34.581646,1.927742,0.681664,48.767353,5.504787,-4.787414,0.908129,0.413836,0.026475,-0.057804
9177,-0.901903,7.494011,6.568959,-33.313496,1.141705,1.954514,47.654526,5.473789,-4.718256,0.912156,0.404976,0.027033,-0.056885
9178,-0.870671,7.295244,6.636265,-32.497089,0.077820,4.036234,46.569130,5.362082,-4.633965,0.916050,0.396280,0.026967,-0.055570
9179,-0.852263,7.244711,6.767704,-33.230793,-0.772476,4.755364,45.512333,5.188273,-4.536503,0.919800,0.387763,0.026411,-0.053954
9180,-0.811290,7.059354,6.930232,-33.212234,-0.713359,3.611362,44.439682,5.007081,-4.451419,0.923517,0.379086,0.025735,-0.052424
9181,-0.773439,6.829781,7.001104,-34.971706,-1.087651,4.434266,43.300896,4.824872,-4.374686,0.927359,0.369841,0.025025,-0.050961
9182,-0.777574,6.718948,7.142396,-39.720512,-2.452186,5.490536,42.049248,4.615985,-4.292768,0.931474,0.359634,0.024138,-0.049369
9183,-0.797844,6.625703,7.296730,-43.892303,-4.031640,4.549165,40.669888,4.405213,-4.237008,0.935850,0.348346,0.023177,-0.047984
9184,-0.787003,6.333276,7.390877,-49.075806,-7.370254,3.390898,39.127014,4.190585,-4.256895,0.940536,0.335676,0.021999,-0.047207
9185,-0.722883,6.124611,7.704146,-55.204365,-9.872683,3.288543,37.333458,3.911955,-4.351794,0.945747,0.320873,0.020168,-0.046866
9186,-0.655071,5.914641,8.054480,-55.383949,-8.446063,1.150720,35.367035,3.611899,-4.481541,0.951173,0.304550,0.018132,-0.046798
9187,-0.575750,5.617435,8.210976,-51.001228,-4.176805,-1.939177,33.446953,3.414032,-4.619435,0.956156,0.288541,0.016914,-0.047144
9188,-0.517318,5.394405,8.431508,-48.190086,0.203697,-3.472525,31.662205,3.354765,-4.736866,0.960506,0.273616,0.016869,-0.047719
9189,-0.510457,5.266522,8.669080,-41.102921,4.472722,-3.496665,30.087086,3.417162,-4.799267,0.964129,0.260416,0.017906,-0.048148
9190,-0.590814,5.072037,8.603125,-32.516510,6.831534,-3.293550,28.863558,3.601882,-4.803127,0.966788,0.250161,0.019971,-0.048386
9191,-0.637174,4.922146,8.563951,-30.217554,4.675461,-0.372896,27.920866,3.803596,-4.758896,0.968759,0.242248,0.022168,-0.048268
9192,-0.668505,4.767732,8.688222,-30.053123,0.453341,2.379895,27.048870,3.873977,-4.681685,0.970581,0.234874,0.023289,-0.047587
9193,-0.654253,4.601046,8.762979,-29.370110,-2.679374,4.140878,26.166199,3.789742,-4.594488,0.972428,0.227349,0.023113,-0.046501
9194,-0.603104,4.460042,8.881846,-31.418711,-4.086486,5.676115,25.238543,3.589160,-4.490421,0.974348,0.219394,0.021982,-0.045048
9195,-0.525475,4.339258,9.075135,-33.208115,-4.923194,6.242511,24.224573,3.306774,-4.368242,0.976390,0.210664,0.020197,-0.043297
9196,-0.493333,4.128743,9.157789,-32.998833,-4.147113,4.497151,23.151718,3.021315,-4.262060,0.978445,0.201417,0.018350,-0.041702
9197,-0.466617,3.962927,9.172157,-33.599892,-2.845978,4.511105,22.064476,2.798240,-4.165852,0.980409,0.192049,0.016997,-0.040333
9198,-0.460688,3.804255,9.233970,-33.273010,-2.730291,4.541761,20.992390,2.621756,-4.056698,0.982246,0.182805,0.016034,-0.038958
9199,-0.458961,3.614700,9.250470,-31.235472,-2.028436,2.812938,19.967842,2.495483,-3.967000,0.983902,0.173969,0.015434,-0.037852
9200,-0.469086,3.444100,9.263940,-30.662769,-1.524728,2.022476,18.992123,2.429834,-3.908391,0.985382,0.165560,0.015275,-0.037122
9201,-0.463135,3.292525,9.291393,-29.841228,-1.605309,1.827082,18.050688,2.393215,-3.861727,0.986733,0.157443,0.015329,-0.036543
9202,-0.429708,3.149439,9.376926,-27.936228,-2.252084,1.517273,17.160334,2.339507,-3.825502,0.987950,0.149753,0.015196,-0.036041
9203,-0.389542,3.019182,9.447610,-26.145645,-1.614236,0.742128,16.333752,2.267303,-3.805130,0.989026,0.142601,0.014858,-0.035666
9204,-0.384077,2.930311,9.523471,-25.143808,-1.762331,0.871890,15.570889,2.195576,-3.790907,0.989973,0.135993,0.014492,-0.035359
9205,-0.366121,2.807335,9.597711,-25.071150,-2.099646,0.557612,14.837524,2.116385,-3.780658,0.990842,0.129632,0.014045,-0.035088
9206,-0.347359,2.648036,9.634090,-24.916243,-1.765595,-0.107626,14.091063,2.036824,-3.786047,0.991679,0.123154,0.013579,-0.034958
9208,-0.335932,2.491327,9.712147,-26.830765,-0.818137,-0.792710,13.284671,1.981897,-3.808504,0.992524,0.116161,0.013326,-0.035001
9209,-0.333878,2.291391,9.741450,-27.158684,-0.981525,-1.215358,12.400599,1.947150,-3.846922,0.993385,0.108495,0.013258,-0.035197
9210,-0.313997,2.071122,9.793659,-27.458080,-1.299055,-1.653279,11.453626,1.904637,-3.902557,0.994238,0.100277,0.013131,-0.035533
9211,-0.316032,1.871228,9.789750,-26.158674,-1.196969,-1.915729,10.482817,1.858692,-3.971142,0.995039,0.091845,0.012977,-0.035979
9212,-0.309252,1.737476,9.834168,-26.015921,-1.458012,-1.502204,9.535930,1.813085,-4.037209,0.995750,0.083614,0.012829,-0.036412
9213,-0.307008,1.592527,9.820207,-24.493540,-1.581695,-1.639540,8.638144,1.762316,-4.098535,0.996363,0.075802,0.012632,-0.036810
9214,-0.304344,1.444903,9.855906,-24.408476,-1.250607,-1.831813,7.778433,1.719885,-4.163823,0.996889,0.068319,0.012500,-0.037258
9215,-0.291223,1.288964,9.838192,-23.677942,-0.252685,-2.228561,6.932862,1.700189,-4.235383,0.997346,0.060963,0.012565,-0.037777
9216,-0.272724,1.154348,9.859929,-23.775955,0.365211,-2.220929,6.100668,1.699114,-4.309867,0.997738,0.053726,0.012795,-0.038333
9217,-0.276220,1.009459,9.870567,-23.162857,0.668726,-2.439128,5.280632,1.708065,-4.386270,0.998070,0.046597,0.013116,-0.038909
9218,-0.283152,0.866624,9.884752,-22.738983,0.659458,-2.695483,4.476607,1.725166,-4.470560,0.998341,0.039608,0.013508,-0.039556
9219,-0.288000,0.767266,9.868990,-22.577421,0.744827,-2.732104,3.697984,1.745880,-4.559633,0.998553,0.032842,0.013932,-0.040246
9220,-0.298214,0.653116,9.917272,-23.953783,0.785974,-2.648173,2.922468,1.770632,-4.647531,0.998718,0.026103,0.014400,-0.040922
9221,-0.313324,0.526610,9.925488,-23.697313,1.259016,-3.237177,2.137989,1.809533,-4.743643,0.998833,0.019291,0.015002,-0.041666
9222,-0.300323,0.375641,9.936920,-23.187565,1.745758,-3.673588,1.362700,1.860071,-4.856957,0.998892,0.012567,0.015712,-0.042557
9223,-0.310312,0.266238,9.913256,-21.699659,2.012703,-3.687314,0.624545,1.914721,-4.978001,0.998898,0.006170,0.016456,-0.043512
9224,-0.321571,0.139451,9.937689,-19.927841,2.220148,-3.623216,-0.048927,1.977017,-5.098611,0.998862,0.000341,0.017254,-0.044465
9225,-0.339845,0.045561,9.925043,-16.573549,2.069033,-3.537755,-0.627683,2.042497,-5.217203,0.998795,-0.004660,0.018054,-0.045408
9226,-0.338861,-0.044187,9.936718,-13.863077,1.658493,-2.992984,-1.091828,2.095789,-5.325322,0.998716,-0.008666,0.018710,-0.046272
9227,-0.367776,-0.091711,9.926544,-11.292834,1.273920,-2.197956,-1.450010,2.138400,-5.410580,0.998643,-0.011756,0.019235,-0.046951
9228,-0.382849,-0.155239,9.937022,-8.861339,0.814675,-1.653174,-1.711543,2.177892,-5.472922,0.998581,-0.014009,0.019694,-0.047445
9229,-0.367404,-0.208745,9.915376,-5.859181,0.190578,-1.396793,-1.885936,2.193850,-5.521569,0.998536,-0.015513,0.019912,-0.047836
9230,-0.358035,-0.265561,9.920016,-3.476677,0.021084,-1.053444,-1.984105,2.183378,-5.560272,0.998508,-0.016366,0.019867,-0.048158
9231,-0.362112,-0.283495,9.929625,-1.440582,0.007191,-0.725356,-2.010980,2.165285,-5.587778,0.998495,-0.016603,0.019724,-0.048396
9232,-0.352816,-0.273237,9.923141,1.300631,-0.240197,-0.822996,-1.942549,2.139858,-5.610744,0.998499,-0.016014,0.019477,-0.048612
9233,-0.340319,-0.256543,9.929836,2.961584,-0.347268,-0.838236,-1.790357,2.101005,-5.635085,0.998515,-0.014701,0.019077,-0.048855
9234,-0.353384,-0.224309,9.948564,4.318930,-0.216244,-0.880939,-1.581924,2.068342,-5.660294,0.998535,-0.012894,0.018706,-0.049114
9235,-0.356879,-0.162122,9.947029,5.366670,-0.184268,-1.025870,-1.316507,2.053447,-5.688149,0.998552,-0.010583,0.018465,-0.049401
9236,-0.358274,-0.097152,9.938296,5.819512,-0.075930,-1.186049,-1.002640,2.048118,-5.720329,0.998564,-0.007846,0.018286,-0.049732
9237,-0.369240,-0.068665,9.947912,5.339980,0.241535,-1.294349,-0.693144,2.058387,-5.757236,0.998564,-0.005138,0.018243,-0.050103
9238,-0.365652,-0.046921,9.935154,4.930363,0.687211,-1.321782,-0.429170,2.085058,-5.797587,0.998552,-0.002820,0.018361,-0.050495
9239,-0.373317,0.019336,9.927751,3.069536,0.926879,-1.219516,-0.209099,2.122515,-5.836891,0.998532,-0.000879,0.018590,-0.050872
9240,-0.376386,0.024398,9.927804,1.075893,1.087199,-1.175237,-0.059864,2.166723,-5.873890,0.998508,0.000447,0.018909,-0.051218
9241,-0.364728,-0.007298,9.923390,-0.020942,0.945277,-1.094352,-0.010025,2.199361,-5.910514,0.998486,0.000902,0.019171,-0.051545
9242,-0.346650,-0.015035,9.932774,-0.999109,0.412510,-0.899035,-0.033706,2.197920,-5.943983,0.998472,0.000701,0.019169,-0.051833
9243,-0.363138,-0.004162,9.934979,-1.534764,-0.175225,-0.964652,-0.083262,2.173864,-5.975289,0.998462,0.000263,0.018981,-0.052097
9244,-0.365855,-0.049428,9.926480,-0.926081,-0.369158,-0.993650,-0.143137,2.149352,-6.008585,0.998450,-0.000264,0.018795,-0.052378
9245,-0.355254,-0.040757,9.922555,0.280682,-0.564611,-0.686949,-0.181909,2.118856,-6.037577,0.998442,-0.000611,0.018547,-0.052625
9246,-0.365208,-0.016323,9.932440,1.144352,-0.810378,-0.569453,-0.159331,2.085615,-6.058483,0.998438,-0.000426,0.018247,-0.052812
9247,-0.384256,0.013535,9.910093,1.220919,-0.717196,-0.599961,-0.090795,2.071280,-6.076839,0.998432,0.000167,0.018091,-0.052983
9248,-0.378203,0.020441,9.898980,1.273172,-0.309564,-0.633518,-0.009028,2.077213,-6.095884,0.998421,0.000885,0.018105,-0.053161
9249,-0.372290,0.036659,9.905437,0.667738,-0.184278,-0.516008,0.062055,2.086582,-6.113608,0.998411,0.001512,0.018153,-0.053327
9250,-0.387691,0.035123,9.911065,-0.047621,-0.329050,-0.648752,0.104868,2.099018,-6.131825,0.998400,0.001893,0.018241,-0.053492
9251,-0.389432,0.023733,9.884309,-0.464053,-0.185355,-0.859326,0.111335,2.118972,-6.156403,0.998385,0.001963,0.018412,-0.053708
9252,-0.373298,0.003029,9.925741,-0.886786,-0.073801,-0.863905,0.082149,2.132305,-6.185362,0.998370,0.001720,0.018541,-0.053955
9253,-0.358127,-0.026305,9.950426,-1.169354,-0.292039,-0.854761,0.016798,2.122912,-6.215149,0.998358,0.001151,0.018490,-0.054204
9254,-0.345563,-0.058536,9.950367,-0.858554,-0.527202,-1.246941,-0.072140,2.090451,-6.252174,0.998346,0.000366,0.018249,-0.054513
9255,-0.338097,-0.063903,9.927740,-0.988799,-0.750216,-1.640650,-0.164296,2.043955,-6.302445,0.998329,-0.000451,0.017888,-0.054937
9256,-0.332070,-0.075016,9.936552,-1.636261,-0.692456,-2.012993,-0.261976,1.994944,-6.365117,0.998306,-0.001316,0.017508,-0.055469
9257,-0.332336,-0.080616,9.918485,-1.433706,-0.686523,-2.495200,-0.358991,1.952682,-6.441659,0.998274,-0.002170,0.017189,-0.056123
9258,-0.328033,-0.073476,9.929271,-0.750315,-0.770563,-2.949934,-0.423083,1.915275,-6.533130,0.998233,-0.002733,0.016896,-0.056911
9259,-0.325651,-0.066141,9.940022,-0.335282,-1.226897,-2.895003,-0.446511,1.872142,-6.630413,0.998189,-0.002945,0.016535,-0.057757
9260,-0.311301,-0.068914,9.953785,0.348408,-1.588641,-2.614230,-0.440829,1.813537,-6.721642,0.998151,-0.002912,0.016024,-0.058555
9261,-0.302056,-0.048287,9.949085,1.256511,-2.151838,-2.264789,-0.397094,1.736360,-6.801927,0.998121,-0.002560,0.015331,-0.059264
9262,-0.298621,-0.041153,9.910690,2.208957,-2.556279,-1.982484,-0.311899,1.649665,-6.871361,0.998098,-0.001854,0.014533,-0.059882
9263,-0.304809,-0.035574,9.859231,2.685266,-2.485993,-1.773425,-0.207848,1.575490,-6.932881,0.998076,-0.000979,0.013833,-0.060433
9264,-0.310382,-0.021032,9.823186,2.484002,-2.116423,-1.416354,-0.105686,1.531218,-6.985320,0.998054,-0.000106,0.013393,-0.060903
9265,-0.312761,0.000008,9.809236,2.291895,-1.116501,-1.260704,-0.009780,1.525808,-7.029353,0.998031,0.000731,0.013295,-0.061298
9266,-0.295906,-0.018719,9.848507,3.103693,0.217566,-1.497221,0.079513,1.555787,-7.075256,0.998002,0.001530,0.013508,-0.061708
9267,-0.282231,0.002863,9.851718,4.092358,1.121148,-2.319699,0.182845,1.603940,-7.139197,0.997960,0.002464,0.013870,-0.062277
9268,-0.276899,0.121651,9.932998,3.442692,2.866871,-2.168621,0.348095,1.677898,-7.212523,0.997906,0.003952,0.014422,-0.062937
9269,-0.283710,0.205549,10.000642,4.688971,3.962435,-1.437671,0.605413,1.786697,-7.268162,0.997849,0.006260,0.015225,-0.063458
9270,-0.302921,0.189999,9.992858,6.125959,3.873845,-0.599904,0.904996,1.908239,-7.296845,0.997795,0.008940,0.016115,-0.063754
9271,-0.335374,0.341836,10.110850,4.753673,3.239013,-0.081054,1.201262,2.021698,-7.302314,0.997748,0.011583,0.016937,-0.063853
9272,-0.354956,0.346338,10.092289,1.730410,1.372796,2.752626,1.434435,2.096298,-7.251782,0.997739,0.013647,0.017463,-0.063454
9273,-0.351422,0.330905,10.342672,0.841521,-1.660843,4.872166,1.561810,2.077255,-7.121937,0.997797,0.014726,0.017243,-0.062341
9274,-0.317628,0.306345,10.214525,1.336267,-6.925565,6.077667,1.642364,1.898328,-6.942024,0.997912,0.015306,0.015666,-0.060766
9275,-0.297761,0.314420,10.148952,-0.186427,-10.237145,6.869637,1.687555,1.570702,-6.733860,0.998060,0.015504,0.012817,-0.058920
9276,-0.266105,0.187564,9.908938,-0.311847,-11.538917,7.563930,1.652368,1.183674,-6.504712,0.998224,0.014981,0.009494,-0.056874
9277,-0.240199,0.139101,9.965314,0.842369,-10.209734,6.259240,1.565016,0.826235,-6.286831,0.998371,0.014031,0.006450,-0.054927
9278,-0.198647,0.003494,9.609939,1.666397,-9.219063,4.371635,1.444100,0.536066,-6.120993,0.998480,0.012833,0.003998,-0.053444
9279,-0.167363,0.003457,9.669914,-0.748241,-4.199690,1.299907,1.223498,0.376713,-6.034569,0.998550,0.010835,0.002721,-0.052669
9280,-0.099424,0.044820,9.792517,-1.981650,-0.221053,-1.355233,0.959414,0.363691,-6.038852,0.998570,0.008528,0.002728,-0.052699
9281,-0.064711,0.080592,9.905251,-2.815914,1.894057,-3.322162,0.756908,0.412309,-6.117251,0.998546,0.006788,0.003240,-0.053380
9282,-0.057356,0.135441,9.889711,-3.736338,2.901124,-4.613096,0.614667,0.489073,-6.248717,0.998489,0.005589,0.003969,-0.054525
9283,-0.056328,0.175252,9.955673,-4.459363,4.059148,-4.523063,0.505632,0.589742,-6.399563,0.998417,0.004693,0.004892,-0.055839
9284,-0.061983,0.119385,9.987754,-5.159405,3.620959,-3.369457,0.383248,0.691328,-6.529695,0.998352,0.003683,0.005833,-0.056970
9285,-0.093278,0.090010,9.932548,-5.937430,2.544939,-2.704149,0.218686,0.767959,-6.630094,0.998302,0.002293,0.006580,-0.057838
9286,-0.099791,0.053321,9.929623,-6.689571,1.505568,-1.358281,0.022773,0.811845,-6.697414,0.998267,0.000612,0.007061,-0.058413
9287,-0.077374,-0.000407,9.923888,-6.276006,0.376035,0.543023,-0.189118,0.804847,-6.710895,0.998260,-0.001236,0.007108,-0.058517
9288,-0.083946,-0.029091,9.934199,-5.424541,-0.553682,1.063364,-0.384017,0.754841,-6.683963,0.998273,-0.002961,0.006771,-0.058272
9289,-0.085238,-0.053287,9.939534,-4.096925,-1.423825,1.499777,-0.535417,0.682053,-6.640773,0.998294,-0.004320,0.006213,-0.057890
9290,-0.085478,-0.080742,9.958633,-1.336419,-2.119970,2.058264,-0.613526,0.588018,-6.580677,0.998326,-0.005051,0.005430,-0.057367
9291,-0.105533,-0.113531,9.917376,0.783115,-2.593148,1.804961,-0.619514,0.494686,-6.515406,0.998361,-0.005152,0.004617,-0.056802
9292,-0.127555,-0.112810,9.914203,1.187422,-2.469328,0.745969,-0.593170,0.434959,-6.472067,0.998386,-0.004954,0.004082,-0.056429
9293,-0.129598,-0.085281,9.878312,0.508441,-1.980566,0.274464,-0.558713,0.412211,-6.454252,0.998397,-0.004665,0.003866,-0.056276
9294,-0.118941,-0.058024,9.902904,-0.335127,-0.950072,-0.168047,-0.526334,0.417704,-6.451769,0.998399,-0.004381,0.003898,-0.056255
9295,-0.099710,-0.068432,9.909783,-2.126269,-0.339340,-0.412190,-0.535008,0.435969,-6.460997,0.998394,-0.004447,0.004062,-0.056334
9296,-0.086732,-0.071727,9.902314,-2.971423,0.210180,-0.757046,-0.597141,0.454211,-6.480307,0.998381,-0.004979,0.004252,-0.056499
9297,-0.061998,-0.061049,9.880204,-2.520973,0.672512,-0.805874,-0.655606,0.465994,-6.506262,0.998365,-0.005481,0.004385,-0.056723
9298,-0.044459,-0.079921,9.896473,-1.350224,0.824852,-0.763147,-0.680369,0.462844,-6.532369,0.998351,-0.005697,0.004371,-0.056949
9299,-0.069230,-0.122891,9.893954,0.020192,0.745278,-1.108008,-0.687971,0.463837,-6.563737,0.998335,-0.005762,0.004385,-0.057222
9300,-0.103767,-0.090190,9.938802,1.427209,0.897931,-1.338421,-0.651654,0.497378,-6.604724,0.998315,-0.005427,0.004661,-0.057579
9301,-0.104668,-0.060064,9.972696,3.014566,0.643300,-0.859275,-0.534456,0.544532,-6.641216,0.998300,-0.004381,0.005014,-0.057900
9302,-0.098442,-0.085197,9.989979,3.611496,0.028455,-0.576975,-0.391952,0.566907,-6.664915,0.998292,-0.003127,0.005138,-0.058112
9303,-0.114094,-0.096095,9.988757,3.132262,-0.740521,-0.583079,-0.290139,0.564781,-6.684261,0.998285,-0.002240,0.005068,-0.058285
9304,-0.110864,-0.060546,9.970536,2.359962,-1.216477,-0.015435,-0.218590,0.546761,-6.694261,0.998281,-0.001626,0.004875,-0.058375
9305,-0.082408,-0.063500,9.919003,2.074443,-1.297350,0.707851,-0.163457,0.505044,-6.682751,0.998290,-0.001167,0.004483,-0.058278
9306,-0.068920,-0.074254,9.925419,1.184484,-1.035039,1.086277,-0.146783,0.449942,-6.653090,0.998307,-0.001051,0.003994,-0.058021
9307,-0.084437,-0.037706,9.952166,0.206086,-0.626150,1.179356,-0.154071,0.415845,-6.615516,0.998327,-0.001133,0.003700,-0.057694
9308,-0.088868,-0.028950,9.951582,-1.115434,-0.375789,1.634082,-0.176483,0.411377,-6.568637,0.998350,-0.001332,0.003672,-0.057285
9309,-0.088544,-0.040775,9.940409,-2.423211,-0.334426,1.962156,-0.241547,0.417614,-6.508714,0.998379,-0.001898,0.003758,-0.056761
9311,-0.072408,-0.078590,9.947659,-3.157406,-0.177174,2.046080,-0.358786,0.418461,-6.442066,0.998409,-0.002921,0.003822,-0.056176
9312,-0.076352,-0.116238,9.916464,-4.016873,-0.326702,1.766834,-0.518753,0.412061,-6.378756,0.998435,-0.004320,0.003842,-0.055619
9313,-0.078215,-0.155890,9.909775,-5.062567,-0.338869,1.400609,-0.717499,0.405859,-6.326205,0.998452,-0.006056,0.003882,-0.055155
9314,-0.065205,-0.181451,9.896815,-4.747148,-0.047410,0.967243,-0.929895,0.400801,-6.287012,0.998458,-0.007911,0.003937,-0.054807
9315,-0.041376,-0.208034,9.891285,-4.118846,0.268338,0.582705,-1.119271,0.391913,-6.261515,0.998456,-0.009566,0.003948,-0.054579
9316,-0.065336,-0.231268,9.879457,-4.419765,0.532215,-0.030721,-1.295668,0.393468,-6.252785,0.998444,-0.011102,0.004045,-0.054496
9317,-0.073610,-0.244079,9.901027,-4.323842,1.014419,-0.338958,-1.464694,0.420421,-6.259712,0.998423,-0.012562,0.004361,-0.054547
9318,-0.069340,-0.261083,9.904277,-3.443493,1.237208,-0.309967,-1.606403,0.458092,-6.271614,0.998400,-0.013778,0.004758,-0.054641
9319,-0.076056,-0.268201,9.920198,-3.084891,1.350095,-0.406101,-1.714179,0.497328,-6.284770,0.998379,-0.014698,0.005153,-0.054746
9320,-0.093798,-0.288534,9.923659,-2.723158,1.455404,-0.450351,-1.801360,0.545920,-6.300386,0.998358,-0.015433,0.005620,-0.054871
9321,-0.098776,-0.301428,9.924081,-2.140163,1.498186,-0.303860,-1.872440,0.600957,-6.314443,0.998340,-0.016026,0.006136,-0.054982
9322,-0.102753,-0.301725,9.925817,-1.453336,1.475311,-0.107014,-1.914739,0.651725,-6.322744,0.998328,-0.016369,0.006599,-0.055045
9323,-0.116581,-0.298672,9.934356,-1.149406,1.437173,-0.004773,-1.928462,0.701295,-6.325905,0.998322,-0.016465,0.007038,-0.055064
9324,-0.127857,-0.310903,9.947194,-0.442627,1.331929,0.097469,-1.924660,0.752522,-6.325553,0.998321,-0.016407,0.007483,-0.055054
9325,-0.128449,-0.317854,9.936595,0.119106,1.106111,0.178345,-1.908858,0.795347,-6.322049,0.998322,-0.016249,0.007848,-0.055018
9326,-0.134709,-0.306286,9.926814,0.427538,0.883300,0.184451,-1.878219,0.825887,-6.316809,0.998327,-0.015967,0.008098,-0.054970
9327,-0.138545,-0.296360,9.925396,0.864211,0.794760,0.234809,-1.828227,0.849962,-6.310328,0.998336,-0.015521,0.008283,-0.054913
9328,-0.132861,-0.306333,9.914798,1.483925,0.619187,0.346201,-1.768195,0.863817,-6.301091,0.998348,-0.014992,0.008374,-0.054835
9329,-0.139908,-0.303532,9.901649,1.154384,0.530569,0.239383,-1.717585,0.870685,-6.291832,0.998358,-0.014548,0.008408,-0.054758
9330,-0.152353,-0.289446,9.902957,0.824830,0.628192,0.163087,-1.679392,0.886124,-6.285628,0.998365,-0.014209,0.008524,-0.054704
9331,-0.151686,-0.286172,9.903443,0.455612,0.675496,0.227176,-1.651760,0.908156,-6.279663,0.998370,-0.013958,0.008702,-0.054652
9332,-0.158102,-0.304642,9.909395,-0.405080,0.718219,0.098998,-1.658623,0.931210,-6.275024,0.998370,-0.014007,0.008905,-0.054608
9333,-0.166133,-0.293063,9.906210,-1.430623,0.645004,-0.099373,-1.702523,0.957097,-6.275913,0.998362,-0.014377,0.009152,-0.054608
9334,-0.165950,-0.290836,9.908015,-1.844160,0.466497,0.034908,-1.758481,0.978443,-6.277572,0.998353,-0.014854,0.009365,-0.054615
9335,-0.171370,-0.287631,9.915139,-1.978344,0.417678,0.036436,-1.811360,0.994435,-6.276661,0.998345,-0.015307,0.009529,-0.054601
9336,-0.179194,-0.290885,9.920669,-2.065132,0.405514,0.001345,-1.857784,1.012866,-6.276112,0.998338,-0.015703,0.009712,-0.054590
9337,-0.176716,-0.306771,9.905327,-1.744507,0.341465,0.138682,-1.901466,1.029845,-6.273846,0.998332,-0.016075,0.009880,-0.054564
9338,-0.173859,-0.314625,9.906119,-1.173673,0.500148,0.236343,-1.934763,1.042593,-6.267797,0.998329,-0.016360,0.010006,-0.054506
9339,-0.178743,-0.318777,9.925200,-0.418192,0.643554,0.047131,-1.944948,1.058478,-6.263423,0.998329,-0.016441,0.010149,-0.054465
9340,-0.178660,-0.337020,9.929101,0.149532,0.576380,-0.070365,-1.940637,1.075154,-6.264338,0.998328,-0.016396,0.010292,-0.054471
9341,-0.180014,-0.346160,9.923795,0.353959,0.545808,-0.132931,-1.937474,1.087792,-6.268455,0.998325,-0.016362,0.010401,-0.054505
9342,-0.184463,-0.343118,9.921659,0.482053,0.387063,-0.129882,-1.932829,1.097693,-6.273532,0.998323,-0.016316,0.010486,-0.054548
9343,-0.186942,-0.354165,9.912964,0.318649,0.179502,-0.078004,-1.933904,1.103227,-6.277589,0.998320,-0.016323,0.010535,-0.054582
9344,-0.187839,-0.360629,9.889465,-0.133248,0.118437,-0.013922,-1.955400,1.105038,-6.279761,0.998316,-0.016509,0.010562,-0.054599
9345,-0.188270,-0.352453,9.894861,-0.804855,0.130618,0.015067,-1.992957,1.106299,-6.280305,0.998310,-0.016835,0.010591,-0.054600
9346,-0.183975,-0.365596,9.900994,-0.885900,0.078689,0.109669,-2.040013,1.104524,-6.278711,0.998304,-0.017246,0.010597,-0.054582
9347,-0.186627,-0.364252,9.900702,-1.000503,0.092365,0.108138,-2.088684,1.101282,-6.275514,0.998298,-0.017672,0.010592,-0.054550
9348,-0.198548,-0.362776,9.911568,-1.188252,0.147315,-0.003255,-2.131958,1.107188,-6.274044,0.998292,-0.018046,0.010664,-0.054533
9349,-0.192694,-0.358610,9.908772,-1.285869,0.197714,0.033369,-2.168441,1.117693,-6.273670,0.998286,-0.018359,0.010773,-0.054524
9350,-0.183639,-0.368352,9.905465,-1.238484,0.240398,0.091354,-2.201491,1.120470,-6.271696,0.998281,-0.018646,0.010812,-0.054503
9351,-0.191362,-0.373097,9.913892,-1.215524,0.269330,-0.044453,-2.234588,1.122410,-6.271086,0.998276,-0.018933,0.010845,-0.054495
9352,-0.191798,-0.372259,9.918462,-1.029251,0.292194,-0.091756,-2.260005,1.128849,-6.273485,0.998270,-0.019152,0.010913,-0.054512
9353,-0.184115,-0.393041,9.904430,-0.823191,0.305861,-0.020039,-2.284261,1.131392,-6.275609,0.998264,-0.019361,0.010947,-0.054528
9354,-0.192422,-0.403064,9.908521,-0.679802,0.502635,-0.180264,-2.314672,1.136976,-6.279587,0.998257,-0.019623,0.011011,-0.054558
9355,-0.199274,-0.399890,9.915257,-0.321243,0.603340,-0.248932,-2.335183,1.154524,-6.287554,0.998248,-0.019793,0.011175,-0.054623
9356,-0.198221,-0.400321,9.900455,0.073992,0.548411,-0.197051,-2.337193,1.173857,-6.295719,0.998243,-0.019800,0.011346,-0.054690
9357,-0.204566,-0.402757,9.902274,0.081645,0.624708,-0.216886,-2.332211,1.193128,-6.303358,0.998238,-0.019747,0.011513,-0.054754
9358,-0.210595,-0.387364,9.923457,0.057317,0.702555,-0.299284,-2.320481,1.217662,-6.312653,0.998234,-0.019632,0.011722,-0.054831
9359,-0.205488,-0.390308,9.921268,0.130698,0.388206,-0.161948,-2.302459,1.234568,-6.320752,0.998232,-0.019466,0.011862,-0.054901
9360,-0.211473,-0.409672,9.897465,0.019306,0.279829,-0.203149,-2.300113,1.241448,-6.327282,0.998228,-0.019441,0.011922,-0.054956
9361,-0.211129,-0.399486,9.905400,-0.313410,0.356097,-0.273345,-2.312267,1.248694,-6.335799,0.998222,-0.019543,0.011993,-0.055028
9362,-0.208514,-0.401101,9.917140,-0.446177,0.378931,-0.297763,-2.326355,1.254448,-6.345833,0.998214,-0.019662,0.012051,-0.055113
9363,-0.199951,-0.418419,9.896730,-0.420318,0.329982,-0.238257,-2.350023,1.252760,-6.355438,0.998205,-0.019868,0.012050,-0.055194
9364,-0.206043,-0.427619,9.895918,-0.606663,0.277968,-0.223007,-2.387379,1.247978,-6.363970,0.998195,-0.020195,0.012028,-0.055266
9365,-0.212110,-0.408337,9.907331,-0.664729,0.323677,-0.192494,-2.417625,1.250041,-6.371500,0.998186,-0.020456,0.012061,-0.055328
9366,-0.208748,-0.405155,9.903770,-0.515103,0.395340,-0.084153,-2.428028,1.255759,-6.376406,0.998181,-0.020544,0.012117,-0.055368
9367,-0.204825,-0.414428,9.898320,-0.492126,0.323526,-0.050586,-2.435201,1.257100,-6.378947,0.998178,-0.020605,0.012133,-0.055389
9368,-0.218788,-0.401487,9.906471,-0.839916,0.343309,-0.126881,-2.444191,1.262185,-6.382083,0.998175,-0.020681,0.012182,-0.055415
9369,-0.224322,-0.404357,9.893724,-1.041156,0.547819,-0.114669,-2.455642,1.280761,-6.386303,0.998169,-0.020771,0.012350,-0.055447
9370,-0.219378,-0.425951,9.887719,-1.222665,0.515794,0.034875,-2.484919,1.300674,-6.388210,0.998161,-0.021016,0.012538,-0.055456
9371,-0.234996,-0.444667,9.900494,-1.373813,0.575344,-0.013956,-2.537166,1.323141,-6.388864,0.998149,-0.021460,0.012759,-0.055452
9372,-0.238689,-0.438910,9.901618,-1.396776,0.511350,0.071499,-2.591374,1.351734,-6.388908,0.998136,-0.021918,0.013034,-0.055440
9373,-0.235114,-0.459871,9.890043,-1.120642,0.335923,0.295811,-2.639782,1.372082,-6.383597,0.998128,-0.022331,0.013234,-0.055384
9374,-0.236983,-0.460218,9.895432,-1.020010,0.367973,0.236299,-2.683867,1.384849,-6.375485,0.998122,-0.022709,0.013365,-0.055306
9375,-0.238763,-0.456792,9.907804,-0.730066,0.393908,0.208833,-2.710932,1.397195,-6.368624,0.998119,-0.022940,0.013484,-0.055240
9376,-0.231770,-0.471880,9.894470,-0.516415,0.221427,0.330905,-2.729240,1.402118,-6.360067,0.998119,-0.023098,0.013534,-0.055163
9377,-0.241984,-0.481772,9.889126,-0.357786,0.355659,0.253079,-2.750858,1.406791,-6.350977,0.998118,-0.023285,0.013583,-0.055080
9378,-0.245822,-0.471439,9.913013,-0.183856,0.459430,0.182886,-2.762636,1.421634,-6.344442,0.998117,-0.023381,0.013717,-0.055018
9379,-0.241602,-0.467845,9.916214,0.026795,0.331239,0.321746,-2.756857,1.433794,-6.336470,0.998121,-0.023326,0.013819,-0.054947
9380,-0.245086,-0.479409,9.902802,0.145857,0.369350,0.385834,-2.749418,1.441880,-6.325142,0.998127,-0.023258,0.013883,-0.054848
9381,-0.250900,-0.461343,9.905909,0.437366,0.465475,0.503331,-2.733089,1.455545,-6.310843,0.998136,-0.023111,0.013991,-0.054722
9382,-0.252305,-0.448671,9.907902,0.632869,0.273215,0.735278,-2.694281,1.469657,-6.290281,0.998152,-0.022769,0.014092,-0.054545
9383,-0.247058,-0.423997,9.876488,1.097064,0.332696,1.020632,-2.630209,1.477772,-6.260625,0.998178,-0.022211,0.014126,-0.054293
9384,-0.240595,-0.411851,9.847898,2.078627,0.654567,1.534875,-2.532977,1.485357,-6.217704,0.998216,-0.021365,0.014138,-0.053929
9385,-0.256940,-0.424739,9.863898,2.191797,0.930699,1.983500,-2.432548,1.507503,-6.159546,0.998259,-0.020487,0.014273,-0.053431
9386,-0.270920,-0.398843,9.894312,1.122284,1.240516,2.137625,-2.357962,1.552500,-6.091953,0.998299,-0.019825,0.014619,-0.052843
9387,-0.269575,-0.392413,9.928665,-0.047919,1.507603,2.279543,-2.318018,1.606884,-6.019697,0.998333,-0.019461,0.015062,-0.052208
9388,-0.278381,-0.456412,9.988424,-1.079614,1.022351,2.563360,-2.353231,1.651346,-5.941272,0.998357,-0.019758,0.015452,-0.051512
9389,-0.302932,-0.472897,10.011876,-2.343621,-0.164762,2.740355,-2.467260,1.675570,-5.855231,0.998373,-0.020752,0.015699,-0.050743
9390,-0.283031,-0.451599,9.990376,-2.458459,-1.573170,3.152344,-2.587676,1.653297,-5.757072,0.998396,-0.021825,0.015539,-0.049875
9391,-0.240218,-0.494433,9.955344,-2.301601,-2.772819,3.265240,-2.698455,1.555868,-5.647825,0.998433,-0.022847,0.014717,-0.048929
9392,-0.203977,-0.550871,9.855755,-1.006721,-3.380673,2.825732,-2.820195,1.399215,-5.543281,0.998468,-0.023987,0.013382,-0.048037
9393,-0.148416,-0.486849,9.855409,-0.512744,-3.176957,1.867403,-2.890244,1.210584,-5.460844,0.998504,-0.024686,0.011750,-0.047353
9394,-0.127448,-0.452751,9.864507,-0.337050,-2.033352,1.054048,-2.880053,1.033835,-5.407338,0.998541,-0.024676,0.010194,-0.046927
9395,-0.119362,-0.453373,9.903938,-0.806600,-0.941468,0.596244,-2.850810,0.910960,-5.376498,0.998568,-0.024475,0.009105,-0.046688
9396,-0.143610,-0.476299,9.903793,-0.884126,-0.264311,0.468054,-2.846023,0.852792,-5.357227,0.998580,-0.024458,0.008592,-0.046533
9397,-0.174383,-0.465690,9.873566,-2.080249,0.910714,-0.116370,-2.873066,0.870882,-5.351569,0.998576,-0.024687,0.008759,-0.046478
9398,-0.316186,-0.487534,9.579186,-0.979969,3.485929,-1.753636,-2.915011,1.050207,-5.386299,0.998541,-0.024976,0.010347,-0.046737
9399,-0.316913,-0.550762,9.711633,1.323938,6.410958,-4.494134,-2.938089,1.358952,-5.499289,0.998465,-0.025037,0.013071,-0.047649
9400,-0.384290,-0.526671,9.628171,0.789537,8.612429,-6.844011,-2.944217,1.718887,-5.701659,0.998340,-0.024910,0.016254,-0.049329
9401,-0.462841,-0.445091,9.693555,2.333850,11.363354,-8.299678,-2.892868,2.171566,-5.970440,0.998171,-0.024217,0.020232,-0.051575
9402,-0.510496,-0.382782,9.900051,5.793743,11.958055,-8.255348,-2.701553,2.669441,-6.262460,0.997989,-0.022260,0.024539,-0.054045
9403,-0.473565,-0.350975,10.174549,5.082011,9.300373,-6.389080,-2.436714,3.065620,-6.517907,0.997832,-0.019700,0.027908,-0.056248
9404,-0.514743,-0.295909,10.004005,2.666015,5.436623,-3.106765,-2.198869,3.293122,-6.680189,0.997738,-0.017473,0.029797,-0.057677
9405,-0.482935,-0.274053,10.064422,3.008838,2.443839,-0.666771,-1.996199,3.373399,-6.741869,0.997716,-0.015651,0.030403,-0.058254
9406,-0.450668,-0.309633,10.013394,1.968742,-1.107996,0.984278,-1.848377,3.285142,-6.733794,0.997761,-0.014412,0.029558,-0.058236
9407,-0.454700,-0.334358,9.898661,-0.179646,-3.518644,2.005088,-1.802922,3.076375,-6.680864,0.997842,-0.014137,0.027711,-0.057819
9408,-0.440720,-0.356034,9.872455,-0.237921,-3.997240,2.302595,-1.837927,2.845445,-6.606721,0.997925,-0.014576,0.025708,-0.057200
9409,-0.444764,-0.365719,9.896986,-0.143763,-3.805635,1.811203,-1.890369,2.644734,-6.536358,0.997994,-0.015149,0.023977,-0.056607
9410,-0.451065,-0.382683,9.884740,0.330297,-3.473240,1.367127,-1.940159,2.497027,-6.481911,0.998041,-0.015668,0.022708,-0.056145
9411,-0.430941,-0.370331,9.864832,0.572473,-2.954450,1.127536,-1.972352,2.388508,-6.438870,0.998077,-0.016010,0.021773,-0.055782
9412,-0.405493,-0.373217,9.865300,0.227277,-2.223560,0.976454,-1.994490,2.300364,-6.402390,0.998107,-0.016253,0.021010,-0.055474
9414,-0.383590,-0.375789,9.887394,0.027068,-1.752146,0.791800,-2.023487,2.224479,-6.371995,0.998130,-0.016548,0.020359,-0.055216
9415,-0.364246,-0.368680,9.902671,0.316752,-1.671438,0.784155,-2.043331,2.150089,-6.344750,0.998152,-0.016762,0.019717,-0.054988
9416,-0.342378,-0.385859,9.899251,0.878045,-1.682361,0.570508,-2.049787,2.068438,-6.321207,0.998174,-0.016862,0.019005,-0.054795
9417,-0.337099,-0.369925,9.917024,1.157060,-1.726856,0.160017,-2.040607,1.985169,-6.307941,0.998194,-0.016824,0.018274,-0.054694
9418,-0.322303,-0.348170,9.908566,1.483559,-1.891861,-0.026155,-2.001796,1.902403,-6.303793,0.998213,-0.016527,0.017534,-0.054678
9419,-0.313535,-0.345297,9.878833,1.837598,-1.921028,-0.085671,-1.943860,1.819675,-6.303401,0.998233,-0.016062,0.016785,-0.054696
