seq,ax,ay,az,wroll,wpitch,wyaw,roll,pitch,yaw,q0,q1,q2,q3
62,0.081671,-0.328412,9.917795,0.146145,-0.671835,0.109437,-1.896567,-0.471550,0.015614,0.999855,-0.016549,-0.004117,0.000068
63,0.050085,-0.275878,9.942628,-0.586196,-0.316233,-0.047733,-1.881548,-0.460647,0.014999,0.999857,-0.016418,-0.004022,0.000065
64,0.071465,-0.275494,9.922168,-1.158219,-0.137623,0.219305,-1.860788,-0.448850,0.017706,0.999861,-0.016237,-0.003919,0.000091
65,0.081863,-0.289961,9.921908,-1.257246,-0.134563,0.568741,-1.861322,-0.450919,0.030666,0.999860,-0.016241,-0.003939,0.000204
66,0.082840,-0.316190,9.929941,-1.280059,0.083628,0.568740,-1.885064,-0.455354,0.049496,0.999857,-0.016448,-0.003980,0.000367
67,0.074694,-0.358479,9.929410,-1.292315,0.057686,0.579422,-1.940175,-0.452542,0.068642,0.999849,-0.016928,-0.003959,0.000532
68,0.074167,-0.364709,9.921944,-1.048283,-0.639646,0.841883,-2.008336,-0.457320,0.092877,0.999838,-0.017522,-0.004004,0.000740
69,0.070871,-0.374857,9.910821,-0.737101,-1.356807,0.954803,-2.065238,-0.483473,0.124191,0.999828,-0.018017,-0.004238,0.001008
70,0.075446,-0.398592,9.899150,-0.750968,-1.481901,0.899872,-2.123517,-0.521703,0.157075,0.999817,-0.018524,-0.004577,0.001286
71,0.087923,-0.389691,9.889475,-0.831967,-1.429999,0.814421,-2.181319,-0.564137,0.187714,0.999806,-0.019026,-0.004953,0.001544
72,0.100500,-0.363730,9.889643,-0.685497,-1.423898,0.796111,-2.211741,-0.611053,0.216398,0.999798,-0.019290,-0.005368,0.001785
73,0.106515,-0.370444,9.911940,-0.575581,-1.106512,0.805266,-2.220874,-0.653991,0.244572,0.999794,-0.019367,-0.005747,0.002023
74,0.115676,-0.387748,9.925763,-0.632022,-0.696044,0.696924,-2.236709,-0.684487,0.270712,0.999789,-0.019503,-0.006018,0.002245
75,0.116880,-0.375821,9.930457,-0.592331,-0.726564,0.580954,-2.252957,-0.707558,0.292872,0.999785,-0.019643,-0.006224,0.002434
76,0.109934,-0.379135,9.924795,-0.506834,-0.847084,0.617577,-2.260318,-0.725976,0.313729,0.999782,-0.019706,-0.006388,0.002612
77,0.111115,-0.405402,9.909816,-0.593817,-0.691386,0.693875,-2.280372,-0.737606,0.336603,0.999777,-0.019879,-0.006494,0.002809
78,0.113896,-0.417441,9.894590,-0.683920,-0.445658,0.548915,-2.320090,-0.742143,0.358288,0.999770,-0.020224,-0.006538,0.002995
79,0.109269,-0.412235,9.885939,-0.639736,-0.050381,0.307822,-2.359267,-0.734142,0.373103,0.999763,-0.020566,-0.006472,0.003123
80,0.103665,-0.419810,9.899953,-0.508551,0.442574,0.098774,-2.389873,-0.706983,0.379740,0.999758,-0.020833,-0.006237,0.003184
81,0.104925,-0.419063,9.920460,-0.429236,0.583038,0.005697,-2.413674,-0.670140,0.380859,0.999756,-0.021042,-0.005917,0.003200
82,0.116400,-0.408483,9.937755,-0.232382,0.360287,0.013327,-2.422121,-0.645986,0.380480,0.999756,-0.021116,-0.005706,0.003200
83,0.115826,-0.409778,9.937265,0.010281,0.239732,-0.145370,-2.415736,-0.637888,0.377744,0.999757,-0.021061,-0.005635,0.003178
84,0.115573,-0.402669,9.922543,0.225487,-0.019693,-0.249134,-2.399010,-0.638677,0.370877,0.999760,-0.020915,-0.005640,0.003119
85,0.110585,-0.391749,9.899652,0.333903,-0.161613,-0.221668,-2.370870,-0.644499,0.362953,0.999766,-0.020670,-0.005689,0.003050
86,0.106003,-0.391938,9.901737,0.353819,0.268708,-0.468869,-2.339527,-0.640622,0.351159,0.999772,-0.020397,-0.005652,0.002950
87,0.104179,-0.391325,9.894472,0.173820,0.718879,-0.766425,-2.315601,-0.619223,0.329753,0.999777,-0.020190,-0.005461,0.002768
88,0.106259,-0.391074,9.908247,0.205907,0.798241,-0.693180,-2.298170,-0.591346,0.304307,0.999782,-0.020040,-0.005213,0.002552
89,0.091417,-0.405698,9.921387,0.228800,0.947805,-0.893075,-2.289656,-0.557565,0.276713,0.999786,-0.019968,-0.004913,0.002317
90,0.087352,-0.403757,9.927214,0.231824,1.051608,-1.015147,-2.288569,-0.515731,0.243671,0.999788,-0.019960,-0.004542,0.002036
91,0.089472,-0.406763,9.924368,0.416428,0.773906,-0.636717,-2.285668,-0.481973,0.215023,0.999791,-0.019937,-0.004243,0.001792
92,0.077038,-0.391005,9.931817,0.485086,0.654897,-0.536005,-2.272750,-0.455827,0.194568,0.999794,-0.019825,-0.004011,0.001619
93,0.069129,-0.386995,9.927567,0.469851,0.773951,-0.641293,-2.250715,-0.424883,0.173975,0.999799,-0.019634,-0.003737,0.001445
94,0.075123,-0.383012,9.897903,0.576691,0.831951,-0.529899,-2.226870,-0.394941,0.153379,0.999804,-0.019427,-0.003472,0.001271
95,0.065246,-0.387625,9.914485,0.570595,1.132562,-0.729795,-2.205717,-0.362324,0.131119,0.999809,-0.019244,-0.003183,0.001083
96,0.053405,-0.379829,9.913287,0.462254,1.662082,-1.179943,-2.188354,-0.310996,0.097528,0.999814,-0.019093,-0.002730,0.000799
97,0.051126,-0.386403,9.911454,0.686554,2.060371,-1.182994,-2.171732,-0.244702,0.055829,0.999818,-0.018950,-0.002144,0.000447
98,0.037300,-0.386068,9.913974,0.523245,2.235868,-0.906800,-2.159981,-0.170718,0.018359,0.999821,-0.018848,-0.001493,0.000132
99,0.017753,-0.377243,9.948303,0.364526,2.301516,-0.590933,-2.150956,-0.087934,-0.009407,0.999824,-0.018770,-0.000766,-0.000096
100,0.022030,-0.385006,9.907669,0.474364,2.161140,-0.224710,-2.144134,-0.011686,-0.025765,0.999825,-0.018710,-0.000098,-0.000227
101,0.016305,-0.380334,9.875259,0.517045,2.283173,0.091155,-2.138936,0.052066,-0.030748,0.999826,-0.018665,0.000459,-0.000260
102,-0.007592,-0.377591,9.849875,0.626872,2.858417,0.336828,-2.129687,0.130401,-0.026815,0.999827,-0.018584,0.001142,-0.000213
103,-0.010897,-0.388948,9.849119,0.935047,3.822776,0.405493,-2.119312,0.235886,-0.018610,0.999827,-0.018493,0.002061,-0.000124
104,-0.032719,-0.371846,9.874953,0.913627,5.077050,0.274262,-2.102549,0.375097,-0.012793,0.999826,-0.018347,0.003275,-0.000052
105,-0.085230,-0.358619,9.930365,0.736619,5.927013,0.234588,-2.075267,0.564530,-0.010993,0.999824,-0.018108,0.004927,-0.000007
106,-0.133591,-0.360723,9.961787,0.657283,6.290291,0.164400,-2.049061,0.794892,-0.011645,0.999816,-0.017879,0.006937,0.000022
107,-0.174044,-0.373311,9.986870,0.503134,6.291952,-0.096528,-2.037339,1.038343,-0.018091,0.999801,-0.017776,0.009063,0.000003
108,-0.287677,-0.359925,9.981403,0.616013,7.677763,0.069807,-2.028820,1.338863,-0.026949,0.999775,-0.017700,0.011686,-0.000028
109,-0.333787,-0.371400,9.930223,-0.285837,10.410996,0.255980,-2.030493,1.715671,-0.032340,0.999731,-0.017712,0.014974,-0.000017
110,-0.406667,-0.380299,9.904821,-1.558506,13.965080,0.663408,-2.072933,2.172997,-0.031939,0.999657,-0.018080,0.018964,0.000064
112,-0.499710,-0.396447,9.896904,-1.811874,17.738916,1.751399,-2.144441,2.758710,-0.011793,0.999535,-0.018705,0.024070,0.000348
113,-0.666192,-0.411523,9.910427,-2.191905,22.303261,2.967568,-2.227225,3.503514,0.040519,0.999344,-0.019437,0.030557,0.000947
114,-0.774429,-0.399021,9.863005,-2.686359,24.127087,2.998098,-2.317294,4.366718,0.108529,0.999069,-0.020242,0.038071,0.001717
115,-0.954370,-0.424393,9.855100,-2.021094,23.590319,3.024050,-2.399975,5.254649,0.175492,0.998727,-0.020990,0.045797,0.002489
116,-1.090612,-0.472317,9.848160,-0.846214,22.881130,3.042369,-2.461561,6.125076,0.242115,0.998337,-0.021562,0.053368,0.003257
117,-1.261282,-0.484531,9.815569,-0.257323,23.139387,2.094774,-2.503521,6.988596,0.291790,0.997896,-0.021960,0.060879,0.003872
118,-1.389132,-0.478086,9.788050,0.175931,22.976490,1.429474,-2.528935,7.853474,0.313813,0.997402,-0.022203,0.068404,0.004243
119,-1.485312,-0.475037,9.787864,0.558850,22.802845,1.186854,-2.537811,8.694463,0.320860,0.996870,-0.022293,0.075720,0.004470
120,-1.621107,-0.455260,9.774871,0.743425,23.556898,1.073937,-2.531305,9.529546,0.322173,0.996292,-0.022245,0.082983,0.004636
121,-1.765409,-0.419350,9.728306,1.028762,23.465584,0.381176,-2.506297,10.374293,0.311472,0.995658,-0.022026,0.090328,0.004684
122,-1.900685,-0.395708,9.734231,1.236327,22.591465,0.835919,-2.460911,11.200853,0.300100,0.994988,-0.021627,0.097512,0.004701
123,-1.997054,-0.380901,9.684488,1.665174,20.890242,0.803895,-2.397133,11.972157,0.299732,0.994321,-0.021076,0.104209,0.004782
124,-2.114073,-0.358376,9.663394,1.982644,20.026699,1.045012,-2.315627,12.688185,0.306686,0.993664,-0.020378,0.110422,0.004892
125,-2.251126,-0.376795,9.667457,2.252789,19.286753,1.176260,-2.227589,13.376424,0.321210,0.992997,-0.019632,0.116390,0.005047
126,-2.336323,-0.354270,9.659472,2.657193,17.550352,1.515027,-2.131727,14.017529,0.345346,0.992344,-0.018830,0.121944,0.005260
127,-2.395032,-0.373953,9.634473,2.597687,15.353045,1.222051,-2.036107,14.573211,0.372180,0.991755,-0.018036,0.126755,0.005475
128,-2.459426,-0.345922,9.607813,2.748736,13.791976,0.805468,-1.947421,15.047698,0.388436,0.991234,-0.017291,0.130862,0.005585
129,-2.572452,-0.363275,9.598573,2.686134,13.189188,0.141678,-1.866873,15.486041,0.386621,0.990738,-0.016597,0.134657,0.005538
130,-2.566911,-0.353825,9.518879,2.798978,12.842727,-0.499233,-1.801154,15.900360,0.360671,0.990255,-0.016002,0.138245,0.005291
131,-2.637371,-0.339515,9.477078,2.890454,15.229149,-1.124889,-1.739750,16.335390,0.311636,0.989733,-0.015414,0.142013,0.004848
132,-2.753689,-0.323790,9.429984,2.852232,18.625786,-1.669669,-1.682910,16.880316,0.239897,0.989056,-0.014834,0.146730,0.004226
133,-2.837689,-0.333842,9.369557,2.641566,21.679148,-1.941310,-1.640453,17.545593,0.149494,0.988196,-0.014347,0.152482,0.003472
134,-2.959787,-0.335091,9.307214,2.391196,24.998043,-2.402176,-1.619750,18.323006,0.040481,0.987144,-0.014010,0.159197,0.002599
135,-3.141637,-0.301323,9.307450,1.757837,27.872955,-2.277080,-1.612998,19.218458,-0.076538,0.985873,-0.013767,0.166920,0.001691
136,-3.321080,-0.354959,9.266844,1.003909,29.180811,-1.558407,-1.633582,20.200653,-0.184104,0.984405,-0.013753,0.175377,0.000918
137,-3.473589,-0.349289,9.212007,1.034263,29.037531,-1.592031,-1.676889,21.207790,-0.286063,0.982821,-0.013924,0.184034,0.000239
138,-3.647712,-0.336325,9.177968,0.806760,28.082453,-1.997977,-1.721384,22.195051,-0.394976,0.981194,-0.014077,0.192508,-0.000491
139,-3.815545,-0.312863,9.163542,0.879911,26.823708,-1.265565,-1.755005,23.143579,-0.494081,0.979563,-0.014138,0.200635,-0.001151
140,-3.938858,-0.326150,9.080358,1.627537,24.681425,-0.723890,-1.761651,24.029379,-0.567617,0.977983,-0.014005,0.208210,-0.001644
141,-4.051756,-0.269994,9.013710,1.802983,22.781723,-1.218302,-1.740924,24.838137,-0.633858,0.976491,-0.013647,0.215114,-0.002134
142,-4.155115,-0.276336,8.987869,1.157520,20.813303,-1.126745,-1.719157,25.568527,-0.700770,0.975103,-0.013277,0.221341,-0.002643
143,-4.225606,-0.278485,8.922127,1.204812,19.751211,-0.517907,-1.706631,26.232037,-0.755324,0.973806,-0.013008,0.226989,-0.003039
144,-4.279249,-0.297222,8.851305,1.538952,19.784670,-0.183752,-1.688492,26.862011,-0.795478,0.972545,-0.012719,0.232343,-0.003329
145,-4.399916,-0.311848,8.802998,1.578551,20.805389,-0.830785,-1.678830,27.505964,-0.847309,0.971225,-0.012472,0.237810,-0.003699
146,-4.510967,-0.282438,8.751146,2.153758,21.482805,-1.157371,-1.666421,28.185835,-0.917819,0.969797,-0.012154,0.243575,-0.004227
147,-4.636125,-0.240776,8.658643,2.886189,22.357113,-1.477824,-1.621761,28.903364,-0.993467,0.968256,-0.011540,0.249648,-0.004863
148,-4.796869,-0.252096,8.643943,2.632888,22.325085,-1.615154,-1.569202,29.649860,-1.075767,0.966612,-0.010835,0.255955,-0.005571
149,-4.892457,-0.252504,8.579548,2.184245,20.419228,-1.842528,-1.540276,30.366545,-1.168036,0.964992,-0.010302,0.262002,-0.006316
150,-4.947045,-0.212489,8.508332,1.949252,18.415661,-1.380174,-1.513783,31.005196,-1.250652,0.963515,-0.009812,0.267382,-0.006985
151,-5.036613,-0.242499,8.471831,1.097784,16.323538,-1.015481,-1.497159,31.562815,-1.315515,0.962202,-0.009450,0.272071,-0.007493
152,-5.067051,-0.259151,8.436613,0.888684,14.686075,-0.634033,-1.505841,32.042534,-1.372340,0.961051,-0.009324,0.276102,-0.007883
153,-5.117382,-0.228507,8.344891,1.198408,15.508364,-0.824803,-1.508482,32.498322,-1.423945,0.959943,-0.009160,0.279926,-0.008245
154,-5.241716,-0.187166,8.287951,1.091612,17.942093,-0.482987,-1.487361,33.024750,-1.463738,0.958647,-0.008813,0.284334,-0.008557
155,-5.371464,-0.154472,8.224064,1.290056,21.210611,0.775949,-1.429182,33.674179,-1.463547,0.957026,-0.008237,0.289758,-0.008611
156,-5.480271,-0.165231,8.129689,1.544963,24.245747,1.537439,-1.339934,34.450214,-1.423521,0.955053,-0.007489,0.296222,-0.008402
157,-5.605656,-0.157909,8.036779,1.883774,26.720921,2.146323,-1.233204,35.331802,-1.360669,0.952759,-0.006650,0.303549,-0.008048
158,-5.781386,-0.181651,8.000508,1.813598,27.279570,3.045108,-1.116247,36.273106,-1.273189,0.950247,-0.005798,0.311352,-0.007526
159,-5.860775,-0.176502,7.903738,2.137069,25.624073,2.817729,-0.999310,37.189434,-1.177233,0.947740,-0.004989,0.318928,-0.006956
160,-5.958162,-0.188849,7.851389,1.946271,22.834726,1.430621,-0.909797,38.009544,-1.118458,0.945442,-0.004328,0.325694,-0.006643
161,-6.054388,-0.179309,7.796721,1.961447,20.850992,1.163520,-0.852379,38.730331,-1.097855,0.943379,-0.003841,0.331630,-0.006572
162,-6.148574,-0.167883,7.723045,1.390669,19.129684,0.601913,-0.814267,39.380459,-1.093416,0.941484,-0.003475,0.336975,-0.006589
163,-6.177392,-0.150439,7.632105,1.283782,17.835598,-0.046664,-0.799108,39.971149,-1.111524,0.939735,-0.003238,0.341823,-0.006732
164,-6.254587,-0.176530,7.572683,0.806083,17.231197,-0.893624,-0.820440,40.521061,-1.165847,0.938080,-0.003193,0.346331,-0.007065
165,-6.319237,-0.172485,7.494500,0.577094,17.208174,-1.179060,-0.878203,41.060551,-1.250950,0.936433,-0.003348,0.350749,-0.007535
166,-6.412874,-0.158423,7.430227,0.064302,17.496462,-1.650642,-0.952633,41.610596,-1.349220,0.934731,-0.003589,0.355248,-0.008053
167,-6.501893,-0.154187,7.362808,-0.105132,17.749697,-1.638486,-1.036515,42.178654,-1.452964,0.932949,-0.003877,0.359886,-0.008575
168,-6.591157,-0.141457,7.295846,0.399920,18.863579,-1.397417,-1.101915,42.777023,-1.546008,0.931049,-0.004033,0.364761,-0.009055
169,-6.661472,-0.132534,7.214898,0.712731,19.808102,-0.965582,-1.133027,43.414200,-1.617790,0.929000,-0.003964,0.369937,-0.009459
170,-6.744622,-0.149858,7.126909,0.715782,20.693127,-0.628355,-1.148416,44.085827,-1.673762,0.926813,-0.003807,0.375378,-0.009777
171,-6.803716,-0.134921,7.026267,1.202549,21.178370,-0.294179,-1.146242,44.782715,-1.715546,0.924511,-0.003545,0.381008,-0.010031
172,-6.879119,-0.153233,6.942397,1.474158,21.691069,0.612215,-1.113365,45.494431,-1.730027,0.922128,-0.003122,0.386739,-0.010166
173,-6.985260,-0.159330,6.875414,1.324590,21.698681,1.378202,-1.060732,46.213909,-1.712055,0.919686,-0.002650,0.392515,-0.010108
174,-7.097197,-0.141186,6.795617,1.338295,21.691050,2.025165,-0.984653,46.936947,-1.658768,0.917199,-0.002117,0.398302,-0.009856
175,-7.162966,-0.136624,6.694155,1.789945,21.558298,2.881183,-0.869835,47.659740,-1.565029,0.914679,-0.001425,0.404068,-0.009426
176,-7.251528,-0.126763,6.614199,2.183602,21.636114,3.091726,-0.721547,48.379360,-1.443954,0.912136,-0.000580,0.409790,-0.008914
177,-7.317748,-0.083327,6.514325,2.224784,21.951963,2.228032,-0.566508,49.103004,-1.329424,0.909540,0.000324,0.415530,-0.008498
178,-7.379161,-0.043679,6.391772,1.689196,21.684919,1.001202,-0.438904,49.828194,-1.251237,0.906897,0.001126,0.421269,-0.008289
179,-7.455845,-0.051804,6.303518,1.229903,21.964153,0.186370,-0.366500,50.553925,-1.223730,0.904213,0.001668,0.426999,-0.008291
180,-7.575061,-0.066584,6.228847,-0.044264,21.787142,-1.641712,-0.394243,51.281754,-1.278956,0.901479,0.001728,0.432734,-0.008573
181,-7.649986,-0.077200,6.128820,-1.527502,21.478912,-2.618351,-0.541818,52.003502,-1.421806,0.898727,0.001190,0.438413,-0.009079
182,-7.739580,-0.092926,6.054207,-1.405470,20.645754,-2.136213,-0.731731,52.703594,-1.586517,0.896021,0.000424,0.443909,-0.009571
183,-7.789854,-0.148536,5.976905,-1.355179,19.809504,-1.641896,-0.917875,53.366425,-1.741892,0.893426,-0.000330,0.449100,-0.009985
184,-7.832961,-0.125515,5.873522,-1.162973,18.980854,-2.021933,-1.100886,53.993141,-1.898077,0.890943,-0.001041,0.453996,-0.010397
185,-7.854023,-0.114899,5.766471,-0.277957,18.869375,-1.478734,-1.238714,54.600891,-2.031879,0.888510,-0.001472,0.458728,-0.010798
186,-7.876910,-0.136209,5.659220,1.360877,19.493380,-0.439595,-1.293842,55.214844,-2.118136,0.886033,-0.001439,0.463487,-0.011146
187,-7.917896,-0.137521,5.531711,1.508877,21.341200,-0.735647,-1.308511,55.875324,-2.189334,0.883341,-0.001136,0.468587,-0.011528
188,-8.025876,-0.098441,5.405181,1.650795,23.906281,-0.906541,-1.317137,56.628555,-2.265080,0.880237,-0.000743,0.474384,-0.011949
189,-8.154620,-0.134296,5.321711,1.890372,26.221174,0.211975,-1.299446,57.479988,-2.316505,0.876685,-0.000222,0.480907,-0.012271
190,-8.330044,-0.131306,5.262366,1.734715,25.658186,0.692624,-1.256754,58.364075,-2.333638,0.872950,0.000355,0.487651,-0.012431
191,-8.473355,-0.136601,5.195310,0.861869,21.654215,0.257708,-1.231680,59.167049,-2.349735,0.869513,0.000777,0.493751,-0.012525
192,-8.555903,-0.146804,5.142622,-0.155952,15.539822,-0.216903,-1.269494,59.783783,-2.398863,0.866840,0.000829,0.498426,-0.012627
193,-8.533522,-0.158156,5.088226,-0.644289,8.592155,-0.279536,-1.352149,60.152924,-2.467504,0.865224,0.000581,0.501224,-0.012719
194,-8.504015,-0.154718,5.032359,-1.126537,1.978436,-0.644339,-1.472776,60.238617,-2.556250,0.864840,0.000078,0.501884,-0.012845
195,-8.416147,-0.171895,4.981334,-1.155607,-1.769784,-0.617020,-1.624980,60.103733,-2.665697,0.865416,-0.000623,0.500883,-0.013032
196,-8.362354,-0.142426,4.970914,-0.922184,-2.580621,-0.646104,-1.735949,59.887581,-2.741213,0.866349,-0.001185,0.499264,-0.013165
197,-8.367220,-0.141038,4.983114,-0.630724,-2.384281,-0.423320,-1.779402,59.677956,-2.764012,0.867257,-0.001466,0.497684,-0.013195
198,-8.374841,-0.158082,4.996632,-0.343842,-1.943685,-0.235631,-1.803492,59.506718,-2.775147,0.867997,-0.001643,0.496391,-0.013213
199,-8.373590,-0.157331,5.017740,-0.105801,-1.744109,0.003926,-1.816301,59.364971,-2.780689,0.868609,-0.001752,0.495319,-0.013231
200,-8.367575,-0.165722,5.033173,0.049838,-1.872571,0.188545,-1.813825,59.233440,-2.775149,0.869176,-0.001790,0.494322,-0.013229
201,-8.357802,-0.164931,5.036481,0.164271,-2.036087,0.258709,-1.805354,59.108047,-2.766084,0.869717,-0.001797,0.493370,-0.013225
202,-8.338823,-0.146384,5.040638,0.336708,-2.121736,0.306019,-1.771014,58.989792,-2.737857,0.870229,-0.001687,0.492468,-0.013185
203,-8.363116,-0.155186,5.063596,0.361137,-2.097477,0.313666,-1.725571,58.880993,-2.702462,0.870700,-0.001520,0.491636,-0.013135
204,-8.355555,-0.137073,5.070318,0.425243,-1.864124,0.158048,-1.680177,58.787254,-2.669755,0.871106,-0.001338,0.490918,-0.013101
205,-8.376111,-0.115183,5.095079,0.315426,-1.633793,0.124558,-1.610447,58.708668,-2.617370,0.871449,-0.001051,0.490313,-0.013017
206,-8.368073,-0.120754,5.108734,0.164418,-1.914640,0.435939,-1.530985,58.631058,-2.550601,0.871788,-0.000750,0.489713,-0.012865
207,-8.341725,-0.124981,5.114765,0.005756,-1.836911,0.654202,-1.463435,58.546257,-2.485039,0.872158,-0.000535,0.489060,-0.012671
209,-8.327276,-0.113294,5.115482,-0.036940,-1.484513,0.915181,-1.391861,58.469196,-2.409179,0.872495,-0.000330,0.488466,-0.012413
210,-8.313685,-0.132014,5.114085,0.027159,-1.437273,1.043374,-1.328069,58.405445,-2.337000,0.872774,-0.000165,0.487973,-0.012146
211,-8.296193,-0.107520,5.107115,0.095828,-1.121441,0.754979,-1.272861,58.354969,-2.275523,0.872995,-0.000017,0.487583,-0.011922
212,-8.327211,-0.101013,5.124131,0.109587,-0.762847,0.607003,-1.209436,58.324615,-2.212178,0.873131,0.000191,0.487345,-0.011714
213,-8.349125,-0.101612,5.148679,0.320184,-0.538522,0.570414,-1.151253,58.306942,-2.158217,0.873211,0.000402,0.487205,-0.011553
214,-8.352268,-0.095763,5.161743,0.085207,-0.584306,0.024158,-1.113927,58.286915,-2.126805,0.873299,0.000549,0.487049,-0.011475
215,-8.343087,-0.084758,5.162727,-0.270309,-0.743026,-0.488514,-1.107014,58.259037,-2.122140,0.873418,0.000577,0.486836,-0.011473
216,-8.325054,-0.101721,5.167552,-0.328280,-1.142863,-0.036819,-1.117427,58.216423,-2.126791,0.873599,0.000509,0.486512,-0.011471
217,-8.283949,-0.116020,5.157125,-0.280994,-1.200920,0.219507,-1.137469,58.159115,-2.133186,0.873841,0.000373,0.486077,-0.011444
218,-8.290973,-0.114673,5.169406,-0.325274,-1.068243,0.036348,-1.164909,58.101730,-2.145265,0.874083,0.000205,0.485642,-0.011428
219,-8.289080,-0.118901,5.175475,-0.116250,-1.008797,0.260615,-1.186910,58.050831,-2.154708,0.874298,0.000067,0.485256,-0.011415
220,-8.296245,-0.124656,5.187770,0.089718,-0.902036,0.667985,-1.189923,58.005592,-2.148357,0.874490,0.000009,0.484911,-0.011361
221,-8.318154,-0.127396,5.205696,0.054585,-0.845619,0.275762,-1.194878,57.966053,-2.145952,0.874657,-0.000046,0.484610,-0.011328
222,-8.321761,-0.112721,5.217285,0.062191,-1.050128,0.051412,-1.204400,57.925423,-2.152437,0.874828,-0.000099,0.484301,-0.011344
223,-8.286652,-0.111645,5.191529,-0.093460,-1.246991,0.045297,-1.206931,57.882534,-2.152858,0.875009,-0.000125,0.483974,-0.011343
224,-8.285213,-0.097112,5.185496,-0.232310,-1.207293,0.149077,-1.196988,57.847832,-2.137660,0.875157,-0.000120,0.483708,-0.011275
225,-8.288693,-0.095499,5.192660,-0.246017,-1.153835,0.323074,-1.168101,57.821423,-2.101830,0.875272,-0.000055,0.483503,-0.011127
226,-8.263382,-0.088844,5.193224,-0.212415,-1.109548,0.492503,-1.125388,57.793045,-2.051566,0.875396,0.000054,0.483282,-0.010928
227,-8.278855,-0.085491,5.199081,-0.343610,-0.941663,0.353700,-1.080351,57.767635,-1.997745,0.875508,0.000167,0.483084,-0.010710
228,-8.298570,-0.087283,5.213309,-0.274915,-0.912617,0.314072,-1.046792,57.750778,-1.954389,0.875583,0.000237,0.482952,-0.010523
229,-8.278522,-0.091828,5.224408,-0.226069,-1.173523,0.456008,-1.020428,57.722992,-1.917843,0.875704,0.000280,0.482738,-0.010359
230,-8.263451,-0.097711,5.224092,-0.281004,-1.333758,0.410228,-1.005823,57.678280,-1.890245,0.875894,0.000268,0.482395,-0.010215
231,-8.272490,-0.089941,5.228248,-0.352726,-1.246781,0.300358,-0.999066,57.635201,-1.868877,0.876077,0.000223,0.482065,-0.010086
232,-8.256701,-0.083324,5.232616,-0.325248,-1.274241,0.489588,-0.979553,57.595276,-1.835415,0.876248,0.000225,0.481758,-0.009918
233,-8.259009,-0.073181,5.241709,-0.369475,-1.272716,1.071006,-0.926898,57.553078,-1.766867,0.876431,0.000333,0.481431,-0.009620
234,-8.271096,-0.078332,5.253913,-0.326725,-1.028562,1.362495,-0.852817,57.517029,-1.672477,0.876590,0.000498,0.481150,-0.009214
235,-8.262087,-0.064182,5.272480,-0.271770,-1.057569,1.129064,-0.777830,57.479252,-1.578241,0.876755,0.000671,0.480855,-0.008812
236,-8.236680,-0.059710,5.259917,0.013605,-1.240716,0.939891,-0.703772,57.432545,-1.493367,0.876957,0.000876,0.480493,-0.008478
237,-8.233863,-0.048358,5.261267,0.274568,-0.943179,0.868219,-0.625810,57.391953,-1.415262,0.877132,0.001140,0.480177,-0.008211
238,-8.218224,-0.056410,5.265426,0.535521,-0.593760,0.849936,-0.551422,57.362244,-1.348399,0.877261,0.001426,0.479945,-0.008014
239,-8.217913,-0.045631,5.258056,0.468386,-0.787558,0.756864,-0.487068,57.338081,-1.293744,0.877365,0.001687,0.479757,-0.007867
240,-8.242327,-0.045536,5.255082,0.414982,-0.747829,0.837745,-0.426834,57.326447,-1.240971,0.877416,0.001926,0.479664,-0.007716
241,-8.245795,-0.018326,5.261343,0.291403,-0.363205,0.932386,-0.350726,57.330917,-1.170809,0.877401,0.002216,0.479695,-0.007497
242,-8.236045,-0.023940,5.264062,0.334160,-0.218170,1.242198,-0.257272,57.339523,-1.081310,0.877368,0.002557,0.479757,-0.007202
243,-8.242822,-0.038949,5.266625,0.245649,-0.176914,1.196409,-0.190467,57.347111,-1.011246,0.877339,0.002776,0.479812,-0.006945
244,-8.249068,-0.030738,5.276374,0.218152,0.175619,0.663814,-0.160101,57.358196,-0.975453,0.877294,0.002859,0.479896,-0.006798
245,-8.241201,-0.021609,5.278905,0.334102,0.413679,0.514241,-0.138409,57.372101,-0.954359,0.877237,0.002938,0.480002,-0.006726
246,-8.243229,-0.049104,5.280258,0.303538,0.322119,0.356999,-0.144234,57.383190,-0.960401,0.877190,0.002920,0.480087,-0.006748
247,-8.264050,-0.045241,5.290717,-0.058177,0.100851,-0.430491,-0.203801,57.388069,-1.014687,0.877168,0.002691,0.480126,-0.006913
248,-8.262045,-0.020912,5.285756,-0.178762,-0.181448,-0.894428,-0.272976,57.385841,-1.081526,0.877175,0.002442,0.480112,-0.007135
249,-8.247319,-0.022243,5.271325,-0.074998,-0.414904,-0.844071,-0.321709,57.378334,-1.134602,0.877204,0.002290,0.480057,-0.007338
250,-8.244628,-0.032679,5.269470,-0.152821,-0.504911,-0.943256,-0.372098,57.368328,-1.189856,0.877243,0.002135,0.479982,-0.007550
251,-8.242947,-0.040798,5.268917,-0.142149,-0.570499,-0.741850,-0.429430,57.356941,-1.249078,0.877288,0.001943,0.479898,-0.007765
252,-8.234102,-0.054893,5.259350,0.063828,-0.655911,-0.317679,-0.478023,57.346230,-1.298339,0.877330,0.001776,0.479818,-0.007939
253,-8.230546,-0.052841,5.260133,0.149254,-0.426974,-0.238370,-0.510825,57.340092,-1.333869,0.877354,0.001673,0.479773,-0.008074
254,-8.246848,-0.056733,5.281054,0.286568,-0.054617,0.187333,-0.521609,57.339890,-1.349485,0.877354,0.001656,0.479772,-0.008149
255,-8.255536,-0.057390,5.294274,0.343007,0.003372,0.298694,-0.515475,57.339996,-1.348780,0.877353,0.001700,0.479773,-0.008169
256,-8.257309,-0.042697,5.303366,0.132426,-0.224012,-0.006498,-0.503673,57.330917,-1.342869,0.877392,0.001765,0.479702,-0.008174
257,-8.251718,-0.038468,5.293576,-0.128495,-0.399515,-0.119395,-0.494941,57.315163,-1.336658,0.877458,0.001804,0.479581,-0.008164
258,-8.240625,-0.033722,5.292802,-0.163569,-0.504818,-0.108681,-0.487426,57.296749,-1.328218,0.877535,0.001824,0.479440,-0.008132
259,-8.237459,-0.025653,5.289708,-0.313078,-0.570443,-0.583192,-0.484800,57.276123,-1.325469,0.877622,0.001831,0.479282,-0.008124
260,-8.239428,-0.022256,5.281350,-0.348130,-0.478868,-0.642634,-0.489682,57.263561,-1.331266,0.877674,0.001816,0.479186,-0.008149
261,-8.246873,-0.037996,5.281010,-0.198558,-0.358265,-0.474734,-0.500901,57.263309,-1.343042,0.877674,0.001779,0.479184,-0.008192
262,-8.245742,-0.025111,5.289918,0.053250,-0.135428,-0.459428,-0.501946,57.268013,-1.350265,0.877654,0.001802,0.479220,-0.008243
263,-8.244053,-0.031500,5.287071,0.091436,-0.159805,-0.264050,-0.485813,57.272488,-1.345219,0.877636,0.001905,0.479253,-0.008271
264,-8.228670,-0.040243,5.276043,0.085353,-0.246744,-0.204507,-0.477503,57.275517,-1.344898,0.877623,0.001968,0.479276,-0.008303
265,-8.225144,-0.054244,5.278068,0.134176,-0.223823,-0.189257,-0.489162,57.275505,-1.361296,0.877622,0.001947,0.479276,-0.008380
266,-8.229605,-0.037268,5.271320,0.039566,-0.156643,-0.206046,-0.498712,57.278915,-1.375299,0.877607,0.001933,0.479303,-0.008447
267,-8.221473,-0.059008,5.268988,0.057872,-0.109291,-0.093136,-0.509691,57.286747,-1.388578,0.877573,0.001905,0.479364,-0.008502
268,-8.211419,-0.076667,5.279334,0.218048,-0.029929,-0.036747,-0.547203,57.287521,-1.425168,0.877568,0.001771,0.479372,-0.008626
269,-8.219388,-0.070953,5.286165,0.204262,-0.069623,-0.012415,-0.586785,57.280571,-1.464827,0.877594,0.001633,0.479321,-0.008764
270,-8.240926,-0.050864,5.288740,0.135578,-0.040634,-0.099420,-0.599508,57.277958,-1.481294,0.877604,0.001604,0.479302,-0.008837
271,-8.245337,-0.051998,5.305292,0.301911,0.150104,0.007405,-0.588489,57.278915,-1.478997,0.877600,0.001679,0.479308,-0.008866
272,-8.259491,-0.045501,5.307912,0.237835,0.107363,-0.032248,-0.568927,57.279530,-1.470356,0.877598,0.001793,0.479312,-0.008881
273,-8.264903,-0.023576,5.295592,0.144794,-0.065046,-0.105431,-0.531910,57.285645,-1.445821,0.877574,0.001974,0.479356,-0.008848
274,-8.256270,-0.032949,5.296373,0.179937,-0.306107,0.178466,-0.483787,57.288231,-1.409196,0.877565,0.002190,0.479373,-0.008768
275,-8.233933,-0.031274,5.291833,0.215066,-0.414443,0.382988,-0.435773,57.277721,-1.369225,0.877611,0.002389,0.479289,-0.008664
276,-8.231345,-0.038252,5.285269,0.088430,-0.609761,0.170910,-0.402305,57.260777,-1.340265,0.877683,0.002523,0.479158,-0.008584
277,-8.214875,-0.041083,5.284731,0.036546,-0.727257,-0.068664,-0.399164,57.238689,-1.338368,0.877776,0.002537,0.478988,-0.008584
278,-8.222461,-0.047106,5.293163,-0.116062,-0.715058,-0.151087,-0.418727,57.212437,-1.355593,0.877884,0.002456,0.478788,-0.008636
279,-8.214783,-0.033497,5.287607,-0.119119,-0.600610,-0.329629,-0.439401,57.191128,-1.373929,0.877973,0.002372,0.478626,-0.008692
280,-8.208910,-0.050665,5.296430,-0.067243,-0.676908,-0.173993,-0.459681,57.169472,-1.392821,0.878062,0.002293,0.478461,-0.008754
281,-8.192203,-0.051988,5.294567,-0.058108,-0.692190,0.192198,-0.478642,57.141003,-1.406733,0.878180,0.002203,0.478245,-0.008783
282,-8.192685,-0.027202,5.295465,-0.253419,-0.730359,0.140328,-0.468167,57.112068,-1.390462,0.878302,0.002212,0.478022,-0.008705
283,-8.190812,-0.028590,5.291525,-0.303740,-0.698313,-0.048834,-0.446247,57.088711,-1.363323,0.878401,0.002264,0.477842,-0.008590
284,-8.198490,-0.047227,5.293598,-0.248797,-0.409885,0.027477,-0.447983,57.077293,-1.357161,0.878449,0.002224,0.477755,-0.008537
285,-8.209931,-0.036148,5.294811,-0.267109,-0.156528,-0.041191,-0.457496,57.081501,-1.358013,0.878431,0.002155,0.477788,-0.008503
286,-8.217495,-0.027847,5.304295,-0.238096,-0.109164,-0.239528,-0.455334,57.091991,-1.351654,0.878388,0.002146,0.477868,-0.008462
287,-8.236388,-0.048457,5.304603,0.076253,-0.023646,0.180115,-0.452149,57.106445,-1.347244,0.878328,0.002154,0.477979,-0.008441
288,-8.239344,-0.047724,5.300932,0.289869,0.188545,0.393726,-0.442225,57.130959,-1.338852,0.878226,0.002197,0.478166,-0.008416
289,-8.237366,-0.024597,5.307542,0.344814,0.281696,0.262513,-0.405381,57.156422,-1.310880,0.878121,0.002366,0.478359,-0.008353
290,-8.232817,-0.024855,5.308228,0.476074,0.138294,0.442620,-0.347420,57.172264,-1.267328,0.878057,0.002630,0.478477,-0.008261
291,-8.229275,-0.020427,5.299123,0.389123,0.177994,0.239712,-0.293449,57.184208,-1.227941,0.878009,0.002880,0.478566,-0.008183
292,-8.217999,-0.005769,5.300860,0.294551,0.268038,0.087175,-0.243848,57.195126,-1.192897,0.877964,0.003114,0.478647,-0.008121
293,-8.217835,-0.000584,5.309647,0.157263,0.084903,0.047572,-0.193777,57.195217,-1.155939,0.877965,0.003344,0.478645,-0.008047
294,-8.230008,-0.023266,5.311528,-0.034986,-0.205054,-0.062268,-0.177061,57.185299,-1.143733,0.878007,0.003420,0.478568,-0.008024
295,-8.232546,-0.028101,5.309324,-0.360026,-0.426326,-0.510918,-0.213683,57.171619,-1.174135,0.878063,0.003265,0.478465,-0.008105
296,-8.221229,-0.026176,5.303861,-0.358520,-0.646061,-0.530784,-0.268708,57.153324,-1.219682,0.878138,0.003032,0.478328,-0.008225
297,-8.201826,-0.034469,5.296400,-0.265455,-0.754403,-0.694085,-0.324958,57.129375,-1.269210,0.878236,0.002805,0.478147,-0.008372
298,-8.209901,-0.040034,5.305063,-0.140351,-0.557561,-0.640710,-0.383545,57.106834,-1.324739,0.878327,0.002586,0.477977,-0.008554
299,-8.208695,-0.030998,5.312535,0.001554,-0.525522,-0.431667,-0.418125,57.087204,-1.361472,0.878407,0.002472,0.477829,-0.008693
300,-8.212153,-0.033846,5.314166,0.102277,-0.462963,-0.332466,-0.427340,57.069588,-1.377514,0.878479,0.002466,0.477694,-0.008779
301,-8.225385,-0.049968,5.325050,0.097693,-0.246277,-0.126475,-0.440432,57.059017,-1.395409,0.878522,0.002439,0.477613,-0.008863
302,-8.241979,-0.040721,5.344972,-0.157147,-0.218814,-0.063928,-0.455083,57.050182,-1.408566,0.878558,0.002381,0.477547,-0.008903
303,-8.223741,-0.052867,5.338944,-0.401306,-0.638466,-0.201278,-0.480059,57.030270,-1.424054,0.878640,0.002252,0.477396,-0.008920
304,-8.208291,-0.051412,5.321387,-0.640894,-0.881098,-0.477499,-0.529987,57.002331,-1.457404,0.878755,0.002004,0.477185,-0.008970
305,-8.201189,-0.053603,5.321521,-0.662269,-0.699502,-0.286776,-0.580962,56.978477,-1.488740,0.878853,0.001741,0.477005,-0.009000
306,-8.190056,-0.045351,5.322789,-0.582916,-0.755955,-0.065510,-0.606550,56.955700,-1.495859,0.878947,0.001572,0.476832,-0.008950
307,-8.161877,-0.069731,5.304076,-0.206018,-0.742213,0.048926,-0.624195,56.932739,-1.499631,0.879043,0.001449,0.476658,-0.008908
308,-8.187836,-0.055396,5.311404,-0.009186,-0.240144,-0.096054,-0.638705,56.926239,-1.509119,0.879069,0.001377,0.476609,-0.008921
309,-8.219114,-0.050387,5.331310,0.257863,0.292469,0.190838,-0.621853,56.943626,-1.497613,0.878998,0.001460,0.476741,-0.008901
310,-8.224178,-0.047868,5.339406,0.418107,0.242168,0.166456,-0.584477,56.966385,-1.472529,0.878904,0.001645,0.476913,-0.008862
312,-8.212248,-0.051429,5.329991,0.408964,0.190324,-0.059359,-0.556404,56.982792,-1.459615,0.878837,0.001809,0.477037,-0.008878
313,-8.236308,-0.034043,5.335660,0.152631,0.257507,-0.208866,-0.535519,57.000896,-1.452425,0.878761,0.001941,0.477174,-0.008909
314,-8.219273,-0.026850,5.318961,0.160303,0.004260,0.189468,-0.494491,57.019562,-1.422585,0.878685,0.002134,0.477315,-0.008849
315,-8.186045,-0.025595,5.307511,0.302260,-0.134562,0.543553,-0.429249,57.026920,-1.367661,0.878658,0.002406,0.477367,-0.008699
316,-8.175518,-0.017697,5.309732,0.418276,0.179775,0.619919,-0.349308,57.027210,-1.300119,0.878660,0.002738,0.477365,-0.008514
317,-8.216143,-0.004544,5.338246,0.477840,0.419323,0.618475,-0.257701,57.031532,-1.224597,0.878645,0.003126,0.477393,-0.008316
318,-8.216154,-0.006677,5.349699,0.493148,0.336876,0.650593,-0.168370,57.032524,-1.151754,0.878643,0.003507,0.477396,-0.008130
319,-8.208765,-0.017092,5.354677,0.354306,0.135369,0.316442,-0.115127,57.019592,-1.110185,0.878699,0.003741,0.477295,-0.008034
320,-8.210382,-0.006692,5.348478,0.104057,-0.099707,-0.231362,-0.102911,56.999313,-1.105581,0.878783,0.003814,0.477139,-0.008050
321,-8.210223,-0.018383,5.340314,0.014022,-0.307280,-0.226792,-0.116917,56.980648,-1.123128,0.878860,0.003778,0.476996,-0.008127
322,-8.196783,-0.035300,5.330716,-0.037895,-0.394278,-0.197853,-0.157898,56.963955,-1.160997,0.878928,0.003620,0.476870,-0.008248
323,-8.214211,-0.039307,5.338121,0.004779,-0.414115,-0.092644,-0.209681,56.950325,-1.206564,0.878983,0.003412,0.476767,-0.008383
324,-8.214540,-0.031699,5.345328,0.050517,-0.441576,0.001902,-0.243816,56.937210,-1.236746,0.879036,0.003274,0.476668,-0.008473
325,-8.205476,-0.040693,5.349128,0.010812,-0.527042,-0.089702,-0.271779,56.917583,-1.261798,0.879117,0.003162,0.476519,-0.008550
326,-8.201487,-0.025144,5.348201,-0.112807,-0.580470,-0.262161,-0.298138,56.893742,-1.285611,0.879215,0.003057,0.476338,-0.008625
327,-8.193635,-0.022308,5.349662,-0.085335,-0.627795,-0.147707,-0.306608,56.868477,-1.293612,0.879319,0.003022,0.476144,-0.008653
328,-8.182622,-0.016659,5.345028,-0.143301,-0.591192,-0.196508,-0.303431,56.843437,-1.290837,0.879424,0.003033,0.475952,-0.008646
329,-8.178405,-0.011965,5.355819,-0.086811,-0.435576,-0.111011,-0.289669,56.819210,-1.278858,0.879525,0.003086,0.475765,-0.008613
330,-8.186702,-0.033610,5.362346,-0.120371,-0.685863,0.226235,-0.281211,56.791553,-1.267785,0.879640,0.003103,0.475553,-0.008565
331,-8.182996,-0.025097,5.354561,-0.265339,-0.977327,-0.053018,-0.287754,56.760887,-1.266225,0.879768,0.003043,0.475318,-0.008528
332,-8.181668,-0.012130,5.357929,-0.245486,-0.847614,-0.220843,-0.288783,56.732864,-1.262383,0.879884,0.003016,0.475103,-0.008496
333,-8.171411,-0.015609,5.365112,-0.179842,-0.861348,0.072178,-0.276109,56.704269,-1.247137,0.880003,0.003048,0.474883,-0.008433
334,-8.169707,-0.027610,5.358302,-0.260706,-0.844558,0.008104,-0.272631,56.677101,-1.237282,0.880117,0.003031,0.474674,-0.008374
335,-8.170440,-0.011493,5.368615,-0.111152,-0.371504,-0.330632,-0.275954,56.660992,-1.237779,0.880183,0.003006,0.474551,-0.008365
336,-8.164496,-0.027769,5.371532,0.004832,-0.139559,0.038662,-0.274261,56.653473,-1.237535,0.880215,0.003018,0.474493,-0.008371
337,-8.168087,-0.030209,5.365086,-0.011961,-0.240255,0.150045,-0.275265,56.650906,-1.236529,0.880225,0.003005,0.474473,-0.008359
338,-8.168956,-0.033969,5.362428,0.001759,-0.113565,-0.162791,-0.287033,56.654503,-1.246319,0.880210,0.002956,0.474501,-0.008385
339,-8.162393,-0.031980,5.362543,0.084145,-0.107426,0.012669,-0.301223,56.659718,-1.260734,0.880188,0.002907,0.474542,-0.008437
340,-8.164083,-0.028482,5.351297,0.050568,-0.220299,0.270542,-0.296620,56.665714,-1.256154,0.880163,0.002924,0.474588,-0.008420
341,-8.168122,-0.019039,5.364819,0.142133,-0.046299,0.009622,-0.278814,56.672424,-1.241382,0.880136,0.003000,0.474639,-0.008380
342,-8.174511,-0.037001,5.376915,0.134501,-0.037133,0.015722,-0.275405,56.673431,-1.242150,0.880132,0.003030,0.474646,-0.008400
343,-8.171148,-0.026133,5.374059,0.058193,-0.285864,0.034015,-0.280784,56.666832,-1.248858,0.880159,0.003016,0.474595,-0.008430
344,-8.177544,-0.017565,5.368380,0.004795,-0.316369,-0.233008,-0.277203,56.660355,-1.248539,0.880185,0.003041,0.474545,-0.008442
345,-8.172585,-0.024253,5.380535,0.078050,-0.084419,-0.265035,-0.279046,56.656052,-1.255775,0.880203,0.003057,0.474512,-0.008491
346,-8.165174,-0.020866,5.378613,0.050590,-0.168361,-0.065127,-0.278919,56.647602,-1.260473,0.880237,0.003076,0.474447,-0.008528
347,-8.163623,-0.010950,5.377775,-0.008898,-0.220260,-0.136812,-0.265030,56.636738,-1.251286,0.880282,0.003144,0.474363,-0.008515
348,-8.164578,-0.016749,5.383314,-0.040917,-0.089051,-0.213069,-0.253920,56.626717,-1.244507,0.880324,0.003200,0.474286,-0.008510
349,-8.165119,-0.015400,5.394870,-0.056159,-0.096718,-0.092495,-0.248469,56.613930,-1.241397,0.880377,0.003228,0.474187,-0.008509
350,-8.165075,-0.014264,5.390650,-0.194999,-0.307339,-0.226748,-0.245061,56.596546,-1.237968,0.880449,0.003238,0.474053,-0.008498
351,-8.169681,-0.025656,5.388545,-0.275867,-0.423326,-0.357967,-0.261834,56.580006,-1.250752,0.880517,0.003161,0.473927,-0.008528
352,-8.159162,-0.016773,5.381725,-0.245343,-0.408065,-0.293870,-0.282255,56.566628,-1.266493,0.880572,0.003068,0.473825,-0.008566
353,-8.161782,-0.010821,5.374554,-0.133925,-0.325639,-0.136662,-0.278537,56.561016,-1.262035,0.880595,0.003077,0.473782,-0.008547
354,-8.161722,-0.017090,5.376618,0.041583,-0.058558,-0.016072,-0.261979,56.565598,-1.248318,0.880577,0.003148,0.473816,-0.008510
355,-8.163110,-0.018644,5.374548,0.140785,0.165798,0.215892,-0.240617,56.578827,-1.231196,0.880523,0.003243,0.473917,-0.008466
356,-8.166327,-0.007039,5.378560,0.261355,0.319958,0.318165,-0.201412,56.597370,-1.199180,0.880448,0.003413,0.474057,-0.008381
357,-8.177189,-0.024779,5.384550,0.203381,0.281840,0.260196,-0.170476,56.614861,-1.174530,0.880376,0.003551,0.474190,-0.008318
358,-8.171662,-0.025143,5.384049,0.067557,0.127736,0.251016,-0.166333,56.625332,-1.170163,0.880333,0.003565,0.474271,-0.008301
359,-8.181933,-0.025241,5.381453,-0.091160,-0.030944,0.022097,-0.176441,56.630772,-1.175774,0.880310,0.003511,0.474313,-0.008302
360,-8.176191,-0.023161,5.380227,-0.109488,-0.151472,-0.284640,-0.200790,56.632988,-1.195717,0.880300,0.003407,0.474331,-0.008355
361,-8.173576,-0.030151,5.388846,-0.124766,-0.198778,-0.287721,-0.234980,56.626480,-1.226246,0.880326,0.003270,0.474283,-0.008448
362,-8.170198,-0.028017,5.385167,-0.141569,-0.325445,-0.278595,-0.268929,56.613792,-1.256060,0.880377,0.003132,0.474187,-0.008537
363,-8.186107,-0.032150,5.386816,-0.094279,-0.465823,-0.499874,-0.303778,56.602402,-1.288981,0.880423,0.002999,0.474101,-0.008647
364,-8.181479,-0.016203,5.391201,-0.085118,-0.616872,-0.545642,-0.328162,56.588737,-1.316380,0.880478,0.002924,0.473997,-0.008757
365,-8.184394,-0.012540,5.407287,-0.040833,-0.763370,-0.130542,-0.319901,56.563503,-1.313866,0.880582,0.002974,0.473803,-0.008774
366,-8.185901,-0.020859,5.403422,-0.138462,-0.987692,-0.145755,-0.305123,56.531555,-1.301487,0.880715,0.003033,0.473557,-0.008742
367,-8.175039,-0.007857,5.402264,-0.222357,-1.175375,-0.347128,-0.296584,56.497044,-1.293770,0.880858,0.003064,0.473291,-0.008720
368,-8.152965,-0.002014,5.412170,-0.263507,-1.283736,-0.197511,-0.276656,56.450756,-1.275292,0.881050,0.003136,0.472934,-0.008664
369,-8.147845,-0.018949,5.406157,-0.281782,-1.442462,0.023802,-0.260532,56.397823,-1.255754,0.881269,0.003175,0.472526,-0.008583
370,-8.136347,-0.020172,5.399499,-0.342806,-1.373791,-0.305780,-0.267506,56.352310,-1.255370,0.881457,0.003115,0.472177,-0.008555
371,-8.128856,-0.033465,5.408704,-0.199372,-1.065540,-0.137934,-0.290730,56.315052,-1.271166,0.881610,0.002998,0.471892,-0.008583
372,-8.124041,-0.044076,5.409419,0.015756,-0.786284,0.084811,-0.316772,56.287090,-1.290692,0.881724,0.002875,0.471678,-0.008628
373,-8.130576,-0.040008,5.409773,0.105756,-0.586353,-0.080033,-0.337981,56.272575,-1.309907,0.881783,0.002790,0.471567,-0.008689
374,-8.129638,-0.045586,5.425348,0.172871,-0.403215,-0.002249,-0.356086,56.263012,-1.329536,0.881821,0.002730,0.471495,-0.008766
375,-8.141249,-0.055927,5.443116,0.090432,-0.659577,-0.020618,-0.383434,56.243546,-1.356077,0.881900,0.002627,0.471346,-0.008860
376,-8.153007,-0.027826,5.449706,-0.201033,-1.398136,-0.545558,-0.410836,56.206337,-1.382440,0.882051,0.002520,0.471061,-0.008953
377,-8.183016,-0.036522,5.486899,-0.498577,-2.313709,-0.573007,-0.439610,56.139881,-1.406775,0.882323,0.002392,0.470552,-0.009027
378,-8.192170,-0.036904,5.524571,-0.841901,-3.754243,-0.524164,-0.480723,56.023216,-1.432092,0.882800,0.002166,0.469656,-0.009063
379,-8.187772,-0.020560,5.553413,-1.401896,-5.942494,-0.765231,-0.531813,55.843048,-1.454646,0.883537,0.001844,0.468271,-0.009043
380,-8.194361,-0.039584,5.597803,-1.928319,-8.753308,-0.116682,-0.588902,55.583347,-1.462839,0.884596,0.001406,0.466272,-0.008897
381,-8.147680,-0.053109,5.650619,-2.097686,-11.732000,0.890440,-0.624681,55.220898,-1.427655,0.886069,0.000944,0.463475,-0.008513
382,-8.074888,-0.045033,5.708677,-2.416593,-14.736682,0.849258,-0.642225,54.746441,-1.360954,0.887984,0.000484,0.459804,-0.007970
383,-7.977214,-0.065935,5.765568,-2.471519,-17.344669,0.934719,-0.666924,54.166878,-1.293870,0.890303,-0.000041,0.455309,-0.007403
384,-7.897181,-0.089358,5.843352,-2.573767,-19.308748,0.940803,-0.707532,53.503319,-1.236014,0.892927,-0.000658,0.450149,-0.006852
385,-7.795955,-0.068270,5.920815,-2.717214,-20.593809,0.171721,-0.766195,52.780693,-1.196189,0.895749,-0.001349,0.444513,-0.006379
386,-7.723122,-0.081362,6.031463,-2.878960,-21.625582,-0.431019,-0.850470,52.014900,-1.185565,0.898698,-0.002133,0.438521,-0.006044
387,-7.634216,-0.108546,6.130023,-2.820985,-22.520033,-0.531748,-0.958121,51.214264,-1.198171,0.901736,-0.003021,0.432238,-0.005815
388,-7.584377,-0.141271,6.275968,-3.135359,-23.928730,-1.273394,-1.097774,50.372635,-1.239752,0.904878,-0.004065,0.425613,-0.005713
389,-7.524017,-0.194878,6.419261,-3.162892,-26.498667,-2.849761,-1.303829,49.460850,-1.350138,0.908220,-0.005405,0.418415,-0.005941
390,-7.407712,-0.233767,6.550278,-2.839494,-29.794964,-4.610799,-1.576802,48.444149,-1.547016,0.911869,-0.007009,0.410368,-0.006665
391,-7.288864,-0.275627,6.665443,-2.677857,-33.152309,-6.307765,-1.898044,47.312073,-1.818197,0.915835,-0.008804,0.401380,-0.007886
392,-7.137905,-0.280921,6.779057,-2.326989,-35.963356,-7.432487,-2.232193,46.079033,-2.129622,0.920043,-0.010650,0.391557,-0.009476
393,-6.948015,-0.282922,6.874330,-1.524400,-37.454456,-7.649230,-2.524071,44.777126,-2.432681,0.924368,-0.012277,0.381140,-0.011236
394,-6.753923,-0.281089,6.973767,-0.534067,-37.611881,-7.044965,-2.735771,43.453148,-2.690527,0.928648,-0.013482,0.370491,-0.012969
395,-6.602468,-0.296901,7.079701,0.120603,-37.459492,-6.445240,-2.871095,42.142990,-2.897341,0.932769,-0.014283,0.359896,-0.014579
396,-6.453504,-0.263356,7.228013,0.721920,-37.122414,-5.917184,-2.937165,40.854893,-3.056780,0.936712,-0.014702,0.349423,-0.016045
397,-6.308427,-0.272050,7.388283,1.469775,-36.612892,-4.699369,-2.930569,39.586308,-3.162022,0.940494,-0.014712,0.339050,-0.017296
398,-6.171754,-0.292685,7.561563,1.946015,-35.935513,-2.823884,-2.862087,38.340748,-3.203644,0.944112,-0.014403,0.328807,-0.018197
399,-6.037464,-0.284708,7.739071,1.846979,-35.012463,-1.278009,-2.746362,37.123886,-3.178911,0.947555,-0.013882,0.318746,-0.018662
400,-5.887110,-0.268104,7.890821,2.101971,-33.231850,0.406732,-2.587870,35.953373,-3.091967,0.950782,-0.013147,0.309018,-0.018689
401,-5.723218,-0.279968,7.977934,2.486652,-31.210121,1.990748,-2.393021,34.851910,-2.952033,0.953741,-0.012204,0.299822,-0.018320
402,-5.604301,-0.269672,8.078397,2.498978,-29.994036,2.448606,-2.187907,33.817768,-2.787955,0.956446,-0.011187,0.291156,-0.017720
403,-5.479042,-0.220935,8.149484,2.421283,-29.827715,2.247270,-1.984631,32.823116,-2.625072,0.958974,-0.010138,0.282799,-0.017078
404,-5.312270,-0.203560,8.215491,3.179806,-29.823118,3.011851,-1.765860,31.838377,-2.455752,0.961405,-0.008938,0.274503,-0.016379
405,-5.184869,-0.191127,8.298632,3.439334,-30.149639,3.365943,-1.531659,30.851036,-2.275409,0.963771,-0.007601,0.266165,-0.015584
406,-5.047959,-0.158418,8.392742,3.776672,-30.433401,2.822781,-1.299456,29.857647,-2.107766,0.966075,-0.006217,0.257760,-0.014850
407,-4.902584,-0.111424,8.492877,4.078930,-30.154112,2.542085,-1.065433,28.862766,-1.960513,0.968303,-0.004739,0.249327,-0.014251
408,-4.783183,-0.096093,8.596470,4.645171,-29.607769,2.494851,-0.825791,27.883497,-1.826754,0.970420,-0.003153,0.241010,-0.013735
409,-4.658486,-0.030391,8.699079,4.198211,-29.976961,1.541223,-0.593852,26.912834,-1.716575,0.972443,-0.001554,0.232752,-0.013362
410,-4.499988,-0.007911,8.802762,2.925741,-30.402618,0.644058,-0.404575,25.925686,-1.643859,0.974421,-0.000222,0.224344,-0.013187
411,-4.332200,0.025755,8.899478,1.688365,-30.597900,0.685332,-0.268391,24.917358,-1.592137,0.976362,0.000711,0.215746,-0.013061
412,-4.171378,0.000861,8.945112,0.893471,-30.146214,0.639610,-0.178688,23.909933,-1.548402,0.978225,0.001274,0.207144,-0.012896
413,-3.992228,0.002618,8.973424,0.011552,-29.853209,0.021640,-0.138242,22.916645,-1.525231,0.979985,0.001462,0.198653,-0.012805
415,-3.797383,-0.029016,9.044394,-0.762071,-30.617712,-0.414766,-0.146289,21.906075,-1.527005,0.981699,0.001279,0.190004,-0.012840
416,-3.652783,-0.039517,9.129465,-0.830760,-31.751513,-1.122804,-0.187796,20.856585,-1.553472,0.983395,0.000842,0.181010,-0.013036
417,-3.403792,-0.025313,9.216736,-0.768207,-35.792274,-2.126867,-0.235888,19.702164,-1.607853,0.985162,0.000373,0.171099,-0.013472
418,-3.161655,0.001489,9.344099,-1.041306,-40.908974,-2.885238,-0.281429,18.357141,-1.686197,0.987092,-0.000077,0.159530,-0.014134
419,-2.890829,-0.001584,9.481572,-0.972563,-44.562431,-3.333835,-0.323976,16.831968,-1.779977,0.989115,-0.000523,0.146384,-0.014952
420,-2.650615,0.002813,9.554969,-0.349891,-44.779572,-3.487926,-0.350662,15.228953,-1.881401,0.991051,-0.000857,0.132538,-0.015867
421,-2.347497,0.029570,9.608005,0.692451,-44.389408,-3.001121,-0.334384,13.624802,-1.974083,0.992794,-0.000854,0.118651,-0.016758
422,-2.176816,-0.017285,9.665075,1.096940,-40.979370,-2.439552,-0.291951,12.100575,-2.051308,0.994272,-0.000646,0.105429,-0.017532
423,-1.961550,0.003460,9.680380,1.460198,-36.858109,-1.911563,-0.240140,10.737468,-2.114187,0.995445,-0.000360,0.093587,-0.018172
424,-1.795327,-0.008448,9.703909,1.138309,-33.339474,-1.589577,-0.185609,9.529923,-2.164970,0.996367,-0.000045,0.083084,-0.018692
425,-1.628124,-0.028842,9.726029,0.682090,-32.047062,-1.769631,-0.155057,8.428338,-2.216766,0.997111,0.000072,0.073497,-0.019192
426,-1.450944,-0.025020,9.721765,0.100716,-30.870565,-1.771157,-0.148870,7.381046,-2.273312,0.997731,-0.000019,0.064380,-0.019712
427,-1.282992,-0.010219,9.731887,-0.575253,-29.187439,-1.584991,-0.159202,6.387906,-2.326373,0.998241,-0.000256,0.055733,-0.020191
428,-1.136966,-0.059238,9.779840,-1.889092,-27.063290,-2.314385,-0.210828,5.465776,-2.389032,0.998646,-0.000843,0.047708,-0.020735
429,-0.971452,-0.026724,9.732396,-3.245661,-23.851137,-3.181113,-0.309789,4.636741,-2.477643,0.998947,-0.001826,0.040501,-0.021493
430,-0.853870,-0.031014,9.763340,-4.889052,-18.273783,-3.373376,-0.445750,3.958817,-2.581880,0.999145,-0.003108,0.034619,-0.022381
431,-0.768282,-0.065274,9.840648,-6.276087,-12.435447,-3.936438,-0.631443,3.481995,-2.698486,0.999250,-0.004791,0.030502,-0.023368
432,-0.731010,-0.138769,9.864029,-6.710993,-7.250142,-5.134290,-0.861080,3.204511,-2.845919,0.999278,-0.006815,0.028138,-0.024612
433,-0.722935,-0.164528,9.869779,-6.125082,-2.560682,-5.265518,-1.095690,3.110573,-3.017510,0.999246,-0.008840,0.027383,-0.026059
434,-0.753917,-0.242992,9.952546,-4.756393,0.824188,-4.467457,-1.302506,3.170094,-3.180483,0.999177,-0.010590,0.027964,-0.027425
435,-0.773956,-0.254403,9.922807,-2.763613,2.382576,-3.611408,-1.455132,3.324792,-3.317923,0.999090,-0.011848,0.029363,-0.028568
436,-0.810830,-0.266743,9.906260,-0.869996,3.370514,-2.254848,-1.535960,3.584501,-3.419365,0.998989,-0.012458,0.031659,-0.029399
437,-0.826845,-0.238636,9.908676,0.692575,3.726900,-0.489328,-1.536439,3.912924,-3.468068,0.998883,-0.012361,0.034527,-0.029782
438,-0.842422,-0.222060,9.891484,1.928710,3.416323,0.935914,-1.458615,4.210297,-3.461305,0.998802,-0.011605,0.037098,-0.029711
439,-0.842177,-0.180909,9.866810,2.926815,2.684308,1.692795,-1.336740,4.420312,-3.416930,0.998757,-0.010501,0.038893,-0.029340
440,-0.852045,-0.167727,9.881905,3.009343,1.907808,1.454766,-1.201667,4.546934,-3.363445,0.998740,-0.009309,0.039957,-0.028907
441,-0.867323,-0.144931,9.871331,2.937744,1.213675,1.170957,-1.068924,4.640680,-3.318116,0.998729,-0.008144,0.040738,-0.028549
442,-0.872566,-0.123026,9.872630,2.550337,0.788157,0.850531,-0.930156,4.728514,-3.281201,0.998716,-0.006926,0.041466,-0.028270
443,-0.874559,-0.117769,9.864147,2.072921,0.609872,0.420241,-0.801278,4.814418,-3.256069,0.998698,-0.005790,0.042182,-0.028091
444,-0.878447,-0.116893,9.866966,1.361963,0.503261,-0.081776,-0.712850,4.883919,-3.248006,0.998679,-0.005005,0.042766,-0.028049
445,-0.875323,-0.101174,9.876266,1.587882,0.166183,0.255462,-0.642742,4.932893,-3.243428,0.998665,-0.004384,0.043175,-0.028033
446,-0.878725,-0.102835,9.881148,1.632191,-0.120582,0.430950,-0.573719,4.961225,-3.230688,0.998659,-0.003780,0.043405,-0.027946
447,-0.875817,-0.099790,9.875893,1.562012,-0.599637,0.720878,-0.515364,4.970666,-3.210982,0.998663,-0.003276,0.043472,-0.027796
448,-0.868297,-0.088938,9.892874,1.499447,-1.312194,1.181708,-0.461973,4.951702,-3.178900,0.998679,-0.002828,0.043293,-0.027537
449,-0.861016,-0.083526,9.898175,1.171366,-2.136172,1.398389,-0.415485,4.899957,-3.135441,0.998710,-0.002452,0.042830,-0.027178
450,-0.862670,-0.089232,9.902255,0.438881,-2.474895,1.048949,-0.395322,4.831601,-3.094825,0.998745,-0.002307,0.042229,-0.026835
451,-0.838453,-0.078545,9.882787,0.042087,-2.935692,0.908560,-0.397922,4.749688,-3.062591,0.998782,-0.002361,0.041515,-0.026556
452,-0.810223,-0.071566,9.871473,-0.134946,-3.396535,0.858202,-0.403449,4.641022,-3.032846,0.998828,-0.002445,0.040568,-0.026299
453,-0.789305,-0.084895,9.872124,-0.380655,-3.559851,0.646096,-0.418862,4.514632,-3.007581,0.998877,-0.002618,0.039469,-0.026079
454,-0.762430,-0.068965,9.880046,-0.337952,-3.717078,0.556063,-0.435071,4.379172,-2.987048,0.998927,-0.002797,0.038292,-0.025900
455,-0.732215,-0.065909,9.885046,-0.379129,-4.014716,0.607945,-0.439490,4.230045,-2.966148,0.998980,-0.002876,0.036992,-0.025722
456,-0.723142,-0.069532,9.891365,-0.516432,-4.010202,0.441621,-0.445589,4.080460,-2.947011,0.999032,-0.002969,0.035689,-0.025560
457,-0.705660,-0.084391,9.899188,-0.592730,-3.898828,0.301236,-0.463644,3.944414,-2.933576,0.999076,-0.003161,0.034507,-0.025443
458,-0.685837,-0.073113,9.893256,-0.531694,-3.732495,0.292081,-0.481861,3.818804,-2.922631,0.999115,-0.003352,0.033415,-0.025348
459,-0.669649,-0.102746,9.888557,-0.431007,-3.598188,0.319546,-0.503268,3.703068,-2.911768,0.999149,-0.003567,0.032411,-0.025252
460,-0.665979,-0.108086,9.897192,-0.260182,-3.209010,0.250875,-0.533766,3.606494,-2.902502,0.999177,-0.003857,0.031575,-0.025167
461,-0.641456,-0.104705,9.914500,0.034257,-2.922055,0.356160,-0.552981,3.524529,-2.892436,0.999201,-0.004046,0.030864,-0.025078
462,-0.620337,-0.102812,9.911142,0.174605,-2.503901,0.485862,-0.557977,3.446891,-2.878090,0.999224,-0.004110,0.030188,-0.024955
463,-0.600305,-0.103016,9.910422,0.221882,-2.332973,0.581994,-0.556837,3.372787,-2.859878,0.999247,-0.004121,0.029541,-0.024800
464,-0.585727,-0.087286,9.906432,0.177635,-2.220043,0.481284,-0.547899,3.299585,-2.841329,0.999270,-0.004064,0.028900,-0.024645
465,-0.559565,-0.079580,9.888090,0.200570,-2.433690,0.649137,-0.528915,3.218038,-2.821060,0.999295,-0.003921,0.028184,-0.024476
466,-0.549967,-0.082292,9.890199,0.157890,-2.416937,0.696444,-0.510075,3.129388,-2.797209,0.999322,-0.003782,0.027406,-0.024277
467,-0.551122,-0.087305,9.892118,0.281509,-2.355892,0.507230,-0.496914,3.052018,-2.776155,0.999345,-0.003688,0.026728,-0.024100
468,-0.541933,-0.094451,9.893746,0.199094,-2.262763,0.249349,-0.492006,2.987020,-2.763062,0.999363,-0.003662,0.026159,-0.023990
469,-0.540504,-0.102683,9.894154,0.166999,-2.004807,0.061658,-0.498324,2.934509,-2.757923,0.999376,-0.003730,0.025703,-0.023946
470,-0.534257,-0.105577,9.896081,0.192868,-1.520990,-0.257263,-0.510423,2.900322,-2.761599,0.999382,-0.003842,0.025407,-0.023977
471,-0.527489,-0.105301,9.900421,0.206530,-1.301155,-0.402229,-0.521954,2.878592,-2.773083,0.999384,-0.003944,0.025220,-0.024075
472,-0.519250,-0.093628,9.899579,0.021854,-1.172887,-0.362556,-0.528672,2.860002,-2.785971,0.999385,-0.004004,0.025060,-0.024187
473,-0.530037,-0.100250,9.880480,0.174423,-0.467798,-0.440378,-0.532103,2.860394,-2.799421,0.999382,-0.004031,0.025065,-0.024303
474,-0.528449,-0.089138,9.867227,0.493327,0.545555,-0.325934,-0.524794,2.896205,-2.812377,0.999372,-0.003957,0.025376,-0.024416
475,-0.528622,-0.078884,9.903351,0.629162,1.322373,-0.034479,-0.499497,2.957635,-2.818312,0.999358,-0.003722,0.025906,-0.024471
476,-0.529934,-0.073479,9.914520,0.731448,1.659689,0.058605,-0.464882,3.029087,-2.817704,0.999343,-0.003404,0.026522,-0.024471
477,-0.541135,-0.079154,9.949517,0.601772,1.881010,0.020459,-0.435620,3.103591,-2.816478,0.999327,-0.003133,0.027166,-0.024464
478,-0.535897,-0.070193,9.968752,0.533119,1.488866,0.353112,-0.412948,3.164585,-2.810472,0.999314,-0.002924,0.027693,-0.024415
479,-0.537776,-0.075622,9.979938,0.298130,0.590060,0.473660,-0.397429,3.190433,-2.796870,0.999311,-0.002786,0.027914,-0.024299
480,-0.543253,-0.081063,9.948641,0.034114,-0.250773,0.313436,-0.398716,3.184080,-2.784191,0.999315,-0.002802,0.027859,-0.024188
481,-0.548649,-0.080530,9.922633,-0.243649,-0.571245,0.292070,-0.412952,3.163424,-2.774615,0.999322,-0.002933,0.027682,-0.024102
482,-0.545179,-0.077342,9.902806,-0.190275,-0.809300,0.530112,-0.427820,3.137869,-2.761187,0.999330,-0.003071,0.027461,-0.023982
483,-0.548650,-0.077352,9.910937,-0.336782,-0.977145,0.398882,-0.440236,3.109729,-2.745703,0.999340,-0.003189,0.027218,-0.023845
484,-0.542213,-0.065423,9.901506,-0.478679,-0.882520,0.186779,-0.449760,3.083412,-2.735497,0.999348,-0.003280,0.026990,-0.023755
485,-0.538439,-0.074915,9.898464,-0.471023,-0.761954,0.267654,-0.458688,3.060627,-2.727345,0.999355,-0.003365,0.026793,-0.023683
486,-0.532086,-0.083175,9.898237,-0.417618,-0.754308,0.372944,-0.473470,3.039308,-2.716477,0.999362,-0.003501,0.026610,-0.023585
487,-0.522909,-0.077312,9.896100,-0.350476,-0.650545,0.302751,-0.485407,3.016119,-2.704991,0.999369,-0.003612,0.026410,-0.023483
488,-0.514678,-0.081414,9.886017,-0.182611,-0.462873,0.061655,-0.490678,2.993387,-2.698577,0.999375,-0.003664,0.026213,-0.023427
489,-0.523686,-0.082903,9.914415,-0.115462,-0.392683,-0.049737,-0.493533,2.978636,-2.698145,0.999379,-0.003692,0.026084,-0.023424
490,-0.518812,-0.078689,9.904492,0.021888,-0.429288,-0.023795,-0.490990,2.969082,-2.699039,0.999381,-0.003672,0.026001,-0.023432
491,-0.517527,-0.085930,9.914173,0.084461,-0.397231,0.029612,-0.486478,2.958536,-2.698682,0.999383,-0.003635,0.025908,-0.023431
492,-0.520382,-0.097380,9.915594,0.168360,-0.385002,-0.072625,-0.489112,2.950868,-2.699640,0.999385,-0.003659,0.025841,-0.023439
493,-0.518546,-0.080371,9.929927,0.102728,-0.351404,-0.003959,-0.488889,2.945572,-2.701032,0.999385,-0.003658,0.025795,-0.023451
494,-0.511441,-0.077940,9.925230,0.119535,-0.392590,0.115065,-0.479722,2.936728,-2.698797,0.999388,-0.003580,0.025716,-0.023434
495,-0.512377,-0.082708,9.928357,0.053933,-0.413946,0.066236,-0.473220,2.925110,-2.695482,0.999392,-0.003527,0.025613,-0.023407
496,-0.509274,-0.077095,9.906590,0.049366,-0.459711,0.032666,-0.468927,2.913487,-2.693585,0.999395,-0.003492,0.025511,-0.023392
497,-0.506167,-0.059983,9.898653,0.046364,-0.447493,0.067765,-0.454818,2.900996,-2.691155,0.999398,-0.003372,0.025399,-0.023374
498,-0.513241,-0.061850,9.900578,0.247859,-0.403215,0.124228,-0.431528,2.893526,-2.686916,0.999402,-0.003172,0.025329,-0.023343
499,-0.504778,-0.083512,9.908735,0.223458,-0.447437,0.304288,-0.419513,2.886830,-2.679464,0.999405,-0.003070,0.025268,-0.023281
500,-0.498046,-0.082122,9.905962,0.134918,-0.491684,0.426360,-0.421824,2.872434,-2.667605,0.999410,-0.003096,0.025143,-0.023177
501,-0.495617,-0.068336,9.906939,0.153221,-0.484060,0.443145,-0.418695,2.854845,-2.653098,0.999417,-0.003075,0.024988,-0.023052
502,-0.496179,-0.085472,9.904437,0.202034,-0.528310,0.540804,-0.416045,2.838461,-2.636759,0.999424,-0.003059,0.024845,-0.022911
503,-0.493439,-0.090267,9.893413,0.038699,-0.625960,0.553008,-0.426328,2.821833,-2.619120,0.999431,-0.003156,0.024701,-0.022755
504,-0.503276,-0.063576,9.892690,0.050891,-0.581672,0.617096,-0.427917,2.810781,-2.599647,0.999437,-0.003176,0.024604,-0.022586
505,-0.504312,-0.052056,9.912165,0.186760,-0.561771,0.862773,-0.407312,2.807920,-2.574055,0.999443,-0.003002,0.024575,-0.022367
506,-0.497767,-0.059017,9.914107,0.188350,-0.488471,1.074880,-0.383367,2.804646,-2.540806,0.999451,-0.002801,0.024541,-0.022082
507,-0.491464,-0.052400,9.928064,0.081584,-0.413669,1.187802,-0.364751,2.797825,-2.502348,0.999460,-0.002648,0.024477,-0.021751
508,-0.481130,-0.056088,9.921513,0.022114,-0.477755,1.256470,-0.350881,2.783866,-2.460973,0.999471,-0.002539,0.024351,-0.021394
509,-0.474934,-0.064912,9.907426,0.012964,-0.561701,1.106930,-0.347023,2.761700,-2.421365,0.999483,-0.002518,0.024157,-0.021050
510,-0.473693,-0.067047,9.898054,0.037357,-0.586136,0.900928,-0.350038,2.737669,-2.388010,0.999494,-0.002555,0.023947,-0.020759
512,-0.477446,-0.077792,9.902952,-0.052720,-0.547988,0.458407,-0.360968,2.718962,-2.365775,0.999502,-0.002659,0.023785,-0.020563
513,-0.477287,-0.066597,9.888949,0.015905,-0.503714,0.063191,-0.371574,2.707047,-2.357456,0.999506,-0.002755,0.023683,-0.020489
514,-0.486664,-0.055838,9.905625,0.096787,-0.355649,0.052511,-0.367625,2.705219,-2.355340,0.999507,-0.002721,0.023666,-0.020471
515,-0.478787,-0.069020,9.929899,0.179193,-0.170958,0.203578,-0.361322,2.709868,-2.350940,0.999507,-0.002666,0.023705,-0.020434
516,-0.468477,-0.072062,9.932865,0.044884,-0.045818,0.104391,-0.364423,2.710086,-2.346113,0.999507,-0.002695,0.023708,-0.020391
517,-0.460156,-0.061236,9.926966,-0.011590,-0.105351,0.128805,-0.367297,2.702111,-2.342376,0.999510,-0.002722,0.023639,-0.020358
518,-0.468030,-0.068108,9.931178,-0.200810,0.019755,0.128805,-0.371854,2.695703,-2.338126,0.999512,-0.002764,0.023583,-0.020321
519,-0.464295,-0.077119,9.930423,-0.365643,0.129614,-0.022263,-0.389439,2.696299,-2.336751,0.999511,-0.002917,0.023592,-0.020305
520,-0.457154,-0.103315,9.909164,-0.471025,-0.091670,-0.007008,-0.426825,2.690773,-2.338344,0.999511,-0.003244,0.023550,-0.020311
521,-0.468420,-0.108212,9.888365,-0.516939,-0.206125,-0.008541,-0.477308,2.682991,-2.340158,0.999511,-0.003685,0.023491,-0.020317
522,-0.478918,-0.109648,9.911796,-0.546050,-0.058076,0.063172,-0.524700,2.687287,-2.340606,0.999508,-0.004098,0.023537,-0.020311
523,-0.471332,-0.108652,9.933983,-0.421009,-0.172483,0.327154,-0.562046,2.692848,-2.335073,0.999507,-0.004424,0.023592,-0.020255
524,-0.466416,-0.121044,9.929281,-0.390570,-0.338800,0.462957,-0.594811,2.686574,-2.322740,0.999509,-0.004713,0.023543,-0.020141
525,-0.474641,-0.092673,9.914485,-0.338714,-0.317420,0.380556,-0.612728,2.679997,-2.308855,0.999512,-0.004873,0.023488,-0.020016
526,-0.466849,-0.084895,9.923766,-0.195217,-0.341812,0.408026,-0.605852,2.674773,-2.294873,0.999516,-0.004817,0.023441,-0.019896
527,-0.464078,-0.094213,9.915041,-0.037985,-0.227362,0.322577,-0.593831,2.666933,-2.281868,0.999520,-0.004716,0.023370,-0.019786
528,-0.460081,-0.098261,9.907652,-0.013542,-0.193793,0.212712,-0.587017,2.659721,-2.272527,0.999523,-0.004660,0.023305,-0.019706
529,-0.456735,-0.093684,9.903847,0.175696,-0.399802,0.180668,-0.578118,2.647583,-2.265589,0.999527,-0.004586,0.023197,-0.019648
530,-0.464211,-0.083054,9.913326,0.042989,-0.325027,-0.100099,-0.562476,2.636679,-2.263573,0.999530,-0.004452,0.023100,-0.019634
531,-0.462926,-0.084342,9.925524,0.001847,-0.184620,-0.116881,-0.547415,2.633727,-2.266442,0.999531,-0.004320,0.023071,-0.019662
532,-0.452165,-0.094009,9.911642,0.169725,-0.506586,0.145579,-0.537894,2.623188,-2.265548,0.999534,-0.004239,0.022978,-0.019657
533,-0.453015,-0.086853,9.905224,0.102597,-0.679025,0.240186,-0.529761,2.601277,-2.258777,0.999540,-0.004174,0.022785,-0.019600
534,-0.449899,-0.074483,9.918386,0.148420,-0.546272,0.420248,-0.513820,2.580217,-2.247062,0.999546,-0.004040,0.022598,-0.019502
535,-0.431394,-0.084441,9.925252,0.429232,-0.721785,0.789524,-0.492790,2.551283,-2.226221,0.999556,-0.003866,0.022341,-0.019326
536,-0.430542,-0.089921,9.921304,0.325469,-0.961408,0.845982,-0.479006,2.510286,-2.198701,0.999569,-0.003758,0.021981,-0.019090
537,-0.429420,-0.084487,9.929867,0.182020,-0.894302,0.769685,-0.472280,2.471192,-2.171622,0.999581,-0.003711,0.021638,-0.018856
538,-0.427926,-0.078245,9.919637,0.168291,-0.773765,0.633878,-0.464439,2.440646,-2.147939,0.999591,-0.003652,0.021369,-0.018653
539,-0.424535,-0.086520,9.908390,0.110300,-0.735613,0.598782,-0.460208,2.416619,-2.127228,0.999599,-0.003623,0.021158,-0.018474
540,-0.429895,-0.087793,9.924323,0.006511,-0.424298,0.461446,-0.464384,2.403789,-2.109678,0.999604,-0.003665,0.021046,-0.018320
541,-0.422212,-0.081758,9.917459,0.185026,-0.212163,0.395832,-0.465136,2.401424,-2.095482,0.999607,-0.003674,0.021025,-0.018196
542,-0.422039,-0.067332,9.916224,0.151477,-0.187725,0.404988,-0.453286,2.400656,-2.081833,0.999609,-0.003574,0.021016,-0.018079
543,-0.413519,-0.080640,9.920506,0.278150,-0.248755,0.443137,-0.440226,2.395303,-2.067406,0.999613,-0.003463,0.020967,-0.017956
544,-0.415553,-0.074439,9.913948,0.230847,-0.193825,0.272234,-0.431444,2.387267,-2.055425,0.999617,-0.003390,0.020895,-0.017854
545,-0.413547,-0.057395,9.899123,0.218675,-0.264013,0.258502,-0.414475,2.380513,-2.046136,0.999620,-0.003245,0.020834,-0.017776
546,-0.414458,-0.068415,9.923835,0.214137,-0.286897,0.241718,-0.397019,2.372710,-2.037315,0.999623,-0.003095,0.020763,-0.017702
547,-0.416087,-0.074770,9.918158,0.235496,-0.242632,0.031141,-0.390620,2.367285,-2.032755,0.999625,-0.003041,0.020714,-0.017664
548,-0.421319,-0.067782,9.899609,0.211068,-0.222762,-0.118400,-0.386283,2.367780,-2.034284,0.999625,-0.003003,0.020718,-0.017678
549,-0.424516,-0.078380,9.907408,0.327015,-0.112844,-0.243527,-0.383285,2.375090,-2.040519,0.999622,-0.002975,0.020781,-0.017733
550,-0.425963,-0.085858,9.907039,0.410881,-0.170771,-0.196225,-0.386309,2.384686,-2.048444,0.999619,-0.002998,0.020866,-0.017801
551,-0.427299,-0.080443,9.902783,-0.268220,-0.124936,0.316484,-0.399875,2.394169,-2.047072,0.999618,-0.003115,0.020950,-0.017786
552,-0.425860,-0.060476,9.908306,-0.585623,-0.134040,0.717802,-0.415795,2.402711,-2.029892,0.999618,-0.003256,0.021027,-0.017633
553,-0.430059,-0.064657,9.921254,-0.568806,-0.211813,0.643033,-0.426367,2.409292,-2.006830,0.999620,-0.003351,0.021085,-0.017430
554,-0.428775,-0.088370,9.921935,-0.797708,-0.520002,0.507226,-0.451792,2.409275,-1.987698,0.999622,-0.003577,0.021088,-0.017258
555,-0.431077,-0.092215,9.927566,-0.837437,-0.669496,0.560631,-0.491984,2.401438,-1.970305,0.999625,-0.003931,0.021025,-0.017099
556,-0.421386,-0.093062,9.929792,-0.251523,-0.716764,0.307326,-0.519968,2.387246,-1.956068,0.999629,-0.004180,0.020905,-0.016971
557,-0.410715,-0.112800,9.923886,-0.022693,-0.651146,-0.002439,-0.539005,2.365408,-1.951387,0.999633,-0.004351,0.020717,-0.016927
558,-0.408055,-0.120505,9.929977,-0.248626,-0.387171,-0.081792,-0.567539,2.345598,-1.953617,0.999635,-0.004602,0.020549,-0.016943
559,-0.406661,-0.100749,9.921883,-0.138816,-0.222375,0.128784,-0.588169,2.334521,-1.953315,0.999636,-0.004784,0.020455,-0.016937
560,-0.400709,-0.100733,9.907771,-0.122034,-0.143032,0.064695,-0.593098,2.327020,-1.950055,0.999638,-0.004828,0.020391,-0.016908
561,-0.404043,-0.087111,9.900931,-0.083854,-0.197968,-0.174875,-0.588712,2.320578,-1.951513,0.999639,-0.004791,0.020334,-0.016922
562,-0.403170,-0.096761,9.916755,0.055044,-0.214748,-0.153510,-0.579521,2.315075,-1.956519,0.999639,-0.004711,0.020285,-0.016967
563,-0.395443,-0.093231,9.917851,0.013868,-0.034697,-0.132146,-0.572679,2.308829,-1.961004,0.999640,-0.004651,0.020229,-0.017008
564,-0.401937,-0.091436,9.926044,0.065777,-0.045385,-0.211493,-0.564428,2.305604,-1.966434,0.999640,-0.004579,0.020200,-0.017057
565,-0.405493,-0.086958,9.927174,0.064288,-0.110986,-0.185551,-0.553572,2.306538,-1.972671,0.999639,-0.004483,0.020207,-0.017113
566,-0.400908,-0.103588,9.916209,0.132960,0.095028,-0.298468,-0.549141,2.309684,-1.980681,0.999638,-0.004442,0.020234,-0.017184
567,-0.402539,-0.099597,9.908820,0.143618,0.267466,-0.469373,-0.551024,2.317689,-1.993787,0.999634,-0.004455,0.020305,-0.017297
568,-0.402157,-0.088042,9.895665,0.230601,-0.002615,-0.232855,-0.544052,2.324153,-2.005493,0.999632,-0.004391,0.020360,-0.017400
569,-0.394635,-0.083261,9.910010,0.148236,-0.042300,-0.136720,-0.529324,2.320481,-2.011299,0.999632,-0.004262,0.020326,-0.017454
570,-0.390453,-0.086353,9.922626,0.091807,0.078211,-0.409860,-0.517909,2.311749,-2.020108,0.999633,-0.004162,0.020249,-0.017533
571,-0.399112,-0.084769,9.923068,0.049101,-0.126289,-0.408333,-0.511179,2.304513,-2.033549,0.999632,-0.004102,0.020185,-0.017652
572,-0.399409,-0.084113,9.900888,0.068955,-0.515401,-0.185547,-0.505196,2.293472,-2.043183,0.999633,-0.004050,0.020088,-0.017737
573,-0.405718,-0.097836,9.902975,0.294780,-0.605411,-0.260318,-0.502457,2.279559,-2.050576,0.999634,-0.004027,0.019967,-0.017803
574,-0.400750,-0.088115,9.897981,0.401572,-0.570284,-0.272525,-0.496900,2.267500,-2.059520,0.999635,-0.003979,0.019861,-0.017882
575,-0.388386,-0.086907,9.886995,0.470235,-0.643522,0.060125,-0.483695,2.248978,-2.062936,0.999638,-0.003866,0.019697,-0.017915
576,-0.383266,-0.084539,9.895638,0.424452,-0.591656,0.180673,-0.469661,2.224337,-2.058790,0.999643,-0.003748,0.019480,-0.017882
577,-0.385256,-0.071073,9.929914,0.288662,-0.378038,0.014349,-0.453161,2.205400,-2.055234,0.999648,-0.003608,0.019312,-0.017855
578,-0.375792,-0.072625,9.931897,0.200191,-0.487918,0.166942,-0.437079,2.187560,-2.051797,0.999652,-0.003471,0.019154,-0.017828
579,-0.379115,-0.076231,9.907504,0.194097,-0.449782,0.101327,-0.427796,2.169062,-2.047108,0.999656,-0.003394,0.018991,-0.017789
580,-0.383328,-0.078730,9.911288,0.218502,-0.210194,-0.228273,-0.423586,2.162171,-2.049241,0.999657,-0.003358,0.018930,-0.017809
581,-0.378831,-0.081043,9.917763,0.334448,-0.259001,-0.271000,-0.420675,2.160203,-2.057736,0.999656,-0.003331,0.018913,-0.017884
582,-0.381959,-0.082196,9.911201,0.442755,-0.243718,-0.347297,-0.416364,2.157744,-2.068298,0.999655,-0.003292,0.018891,-0.017977
583,-0.381217,-0.064912,9.917802,0.480900,-0.075836,-0.473949,-0.402577,2.159833,-2.081997,0.999652,-0.003170,0.018908,-0.018098
584,-0.369474,-0.061507,9.940300,0.404633,-0.051417,-0.385444,-0.380906,2.158633,-2.096034,0.999651,-0.002978,0.018894,-0.018224
585,-0.369970,-0.059370,9.930767,0.345151,-0.139939,-0.223695,-0.361588,2.150686,-2.105902,0.999651,-0.002809,0.018822,-0.018314
586,-0.376268,-0.049114,9.916530,0.249057,-0.085007,-0.174864,-0.342250,2.146657,-2.112163,0.999651,-0.002640,0.018784,-0.018372
587,-0.376398,-0.053331,9.912922,0.140753,-0.123139,0.006722,-0.326539,2.147344,-2.114597,0.999651,-0.002503,0.018787,-0.018396
588,-0.378426,-0.063199,9.922187,0.033937,-0.057502,0.078441,-0.323940,2.149724,-2.113172,0.999651,-0.002480,0.018808,-0.018384
589,-0.378164,-0.067655,9.916538,0.029324,0.089011,0.063181,-0.331576,2.156172,-2.111143,0.999650,-0.002546,0.018865,-0.018364
590,-0.378756,-0.070444,9.918824,-0.060753,0.075298,-0.048214,-0.343948,2.164304,-2.111356,0.999649,-0.002653,0.018938,-0.018364
591,-0.384448,-0.063473,9.915933,-0.111140,0.031076,-0.055844,-0.355057,2.173277,-2.113411,0.999646,-0.002748,0.019018,-0.018380
592,-0.384565,-0.069892,9.913656,-0.060810,0.026533,0.069281,-0.363888,2.182911,-2.113421,0.999645,-0.002823,0.019104,-0.018378
593,-0.379040,-0.062280,9.905184,-0.036409,0.058596,0.012821,-0.369226,2.189059,-2.112205,0.999644,-0.002869,0.019158,-0.018366
594,-0.376656,-0.045930,9.906754,-0.074521,-0.078739,0.137948,-0.362043,2.188471,-2.109346,0.999644,-0.002807,0.019152,-0.018343
595,-0.379651,-0.048067,9.925865,0.065926,-0.254224,0.350055,-0.346193,2.182154,-2.100574,0.999647,-0.002671,0.019094,-0.018269
596,-0.371700,-0.056141,9.931211,0.098006,-0.371732,0.394308,-0.334080,2.168726,-2.087758,0.999652,-0.002570,0.018974,-0.018160
597,-0.363932,-0.050840,9.919047,0.052248,-0.435857,0.348531,-0.325880,2.146484,-2.075094,0.999658,-0.002504,0.018779,-0.018051
598,-0.363522,-0.061838,9.909440,0.113289,-0.557968,0.443138,-0.321897,2.120569,-2.061769,0.999664,-0.002475,0.018552,-0.017936
599,-0.368302,-0.076847,9.906376,0.111712,-0.528988,0.359211,-0.330501,2.099442,-2.048760,0.999669,-0.002556,0.018369,-0.017822
600,-0.361852,-0.069778,9.900932,-0.016531,-0.330617,0.285963,-0.344839,2.085357,-2.038517,0.999673,-0.002685,0.018248,-0.017731
601,-0.362103,-0.069605,9.892975,0.033780,-0.054422,0.154733,-0.355247,2.079349,-2.031529,0.999674,-0.002777,0.018197,-0.017668
602,-0.368953,-0.063946,9.905610,0.071904,0.012739,0.083013,-0.359416,2.084055,-2.027780,0.999674,-0.002814,0.018238,-0.017635
603,-0.367543,-0.056450,9.908630,0.058177,-0.051318,0.154732,-0.355572,2.091264,-2.023756,0.999674,-0.002780,0.018301,-0.017600
604,-0.361971,-0.054812,9.911380,0.108556,-0.031467,0.140999,-0.346636,2.093288,-2.018597,0.999674,-0.002702,0.018317,-0.017556
605,-0.367749,-0.055834,9.914169,0.194029,-0.037561,0.012822,-0.336276,2.094757,-2.015833,0.999675,-0.002612,0.018328,-0.017534
606,-0.370279,-0.050500,9.935320,0.107075,-0.220648,0.057075,-0.325462,2.096342,-2.014431,0.999675,-0.002518,0.018340,-0.017523
607,-0.361929,-0.065869,9.928036,0.139115,-0.226742,0.032660,-0.322105,2.091478,-2.012922,0.999676,-0.002489,0.018297,-0.017511
608,-0.358877,-0.070346,9.911592,0.203157,-0.066529,-0.286260,-0.328154,2.084361,-2.017547,0.999676,-0.002543,0.018236,-0.017550
609,-0.371297,-0.068293,9.906180,0.190900,0.128805,-0.599077,-0.334738,2.088999,-2.032777,0.999673,-0.002597,0.018278,-0.017682
610,-0.373956,-0.057873,9.905746,0.264122,0.250924,-0.547195,-0.333426,2.106471,-2.052135,0.999668,-0.002580,0.018430,-0.017851
611,-0.372910,-0.072979,9.906283,0.415160,0.225024,-0.470900,-0.330122,2.124490,-2.069430,0.999662,-0.002545,0.018588,-0.018002
612,-0.378464,-0.051738,9.913363,0.399881,0.266261,-0.539567,-0.321964,2.141840,-2.086504,0.999657,-0.002468,0.018738,-0.018151
613,-0.386018,-0.043846,9.931163,0.277841,0.310562,-0.438855,-0.302942,2.163522,-2.102561,0.999651,-0.002296,0.018924,-0.018294
615,-0.382023,-0.033329,9.926270,0.164981,0.133596,-0.202333,-0.281005,2.181248,-2.112726,0.999647,-0.002100,0.019076,-0.018386
616,-0.380627,-0.027213,9.931704,-0.069933,-0.070860,-0.104671,-0.260068,2.186768,-2.117107,0.999646,-0.001916,0.019121,-0.018427
617,-0.379772,-0.013047,9.907826,-0.173594,0.008495,-0.052785,-0.238507,2.187537,-2.118747,0.999646,-0.001728,0.019124,-0.018445
618,-0.383037,-0.028584,9.908405,-0.202500,0.162625,-0.034471,-0.223345,2.193269,-2.119394,0.999645,-0.001594,0.019171,-0.018453
619,-0.384033,-0.031127,9.913575,-0.243661,0.164168,-0.037521,-0.221106,2.202996,-2.120244,0.999643,-0.001573,0.019256,-0.018461
620,-0.375791,-0.043960,9.920021,-0.078858,-0.037257,0.133382,-0.225533,2.204415,-2.118620,0.999643,-0.001612,0.019269,-0.018446
621,-0.372237,-0.057340,9.893847,0.175925,-0.224974,0.060136,-0.235401,2.193108,-2.115820,0.999645,-0.001700,0.019172,-0.018420
622,-0.354509,-0.062950,9.891892,-0.077458,-0.397466,-0.502933,-0.253684,2.166831,-2.123911,0.999648,-0.001863,0.018946,-0.018488
623,-0.361942,-0.058061,9.912593,-0.185868,-0.612694,-0.745558,-0.276446,2.131869,-2.145319,0.999650,-0.002063,0.018645,-0.018672
624,-0.368091,-0.055618,9.912717,-0.192014,-0.646291,-0.817279,-0.294282,2.104004,-2.171674,0.999650,-0.002219,0.018405,-0.018900
625,-0.372872,-0.059471,9.924088,-0.292756,-0.452485,-0.980554,-0.311296,2.089065,-2.201850,0.999647,-0.002365,0.018278,-0.019161
626,-0.365063,-0.062105,9.942551,-0.453011,-0.182376,-1.055326,-0.332932,2.083408,-2.236037,0.999641,-0.002550,0.018233,-0.019456
627,-0.382142,-0.068180,9.952739,-0.225683,0.103015,-0.820334,-0.354229,2.092653,-2.267635,0.999634,-0.002729,0.018318,-0.019728
628,-0.380263,-0.063099,9.924805,-0.166195,0.203799,-0.565504,-0.367411,2.115692,-2.290995,0.999626,-0.002836,0.018522,-0.019929
629,-0.374844,-0.063297,9.931772,-0.199768,0.057359,-0.249638,-0.374664,2.132221,-2.304643,0.999621,-0.002894,0.018668,-0.020046
630,-0.371356,-0.057110,9.924711,-0.121930,-0.116577,-0.145874,-0.376335,2.135882,-2.311087,0.999619,-0.002907,0.018700,-0.020102
631,-0.367848,-0.068619,9.916968,-0.179906,-0.298163,-0.113829,-0.379454,2.128854,-2.315296,0.999619,-0.002935,0.018640,-0.020138
632,-0.351528,-0.054735,9.910364,-0.381314,-0.479784,0.075385,-0.385252,2.106796,-2.315718,0.999622,-0.002989,0.018448,-0.020142
633,-0.347097,-0.071350,9.935909,-0.424029,-0.255541,-0.136718,-0.395639,2.077574,-2.316540,0.999627,-0.003085,0.018195,-0.020148
634,-0.358250,-0.083638,9.940073,-0.376763,0.315115,-0.695209,-0.418874,2.068497,-2.330758,0.999625,-0.003287,0.018121,-0.020269
635,-0.367969,-0.102081,9.942229,-0.349381,0.779009,-0.843227,-0.453233,2.089658,-2.357323,0.999616,-0.003579,0.018312,-0.020494
636,-0.391499,-0.112626,9.929656,-0.170970,1.168192,-0.832549,-0.493446,2.140131,-2.386653,0.999601,-0.003916,0.018761,-0.020742
637,-0.409876,-0.117697,9.920298,0.190548,1.661198,-0.773041,-0.526063,2.219857,-2.415045,0.999582,-0.004181,0.019463,-0.020981
638,-0.411353,-0.096324,9.901543,0.452934,1.847489,-0.356465,-0.534238,2.310211,-2.435115,0.999562,-0.004232,0.020253,-0.021150
639,-0.400056,-0.095488,9.907168,0.579570,1.624758,0.154720,-0.521299,2.381469,-2.439169,0.999549,-0.004105,0.020873,-0.021185
640,-0.409590,-0.086103,9.893718,0.414772,1.682740,0.263061,-0.504065,2.435915,-2.432673,0.999541,-0.003946,0.021344,-0.021129
641,-0.410666,-0.055435,9.905316,0.375166,1.702552,0.342412,-0.473311,2.486355,-2.422328,0.999535,-0.003670,0.021778,-0.021042
642,-0.417237,-0.079439,9.902361,0.421010,1.307292,0.606399,-0.442942,2.525346,-2.406205,0.999531,-0.003401,0.022112,-0.020906
643,-0.439946,-0.080017,9.915205,0.259260,1.050918,0.435495,-0.431327,2.559905,-2.389151,0.999528,-0.003297,0.022411,-0.020758
644,-0.453660,-0.070256,9.917344,0.317247,0.960912,0.435495,-0.420574,2.599736,-2.374846,0.999523,-0.003198,0.022756,-0.020634
645,-0.450709,-0.058444,9.934361,0.463773,0.757983,0.432445,-0.397826,2.633239,-2.360158,0.999520,-0.002997,0.023044,-0.020509
646,-0.452369,-0.058948,9.916498,0.363107,0.825116,0.310373,-0.371752,2.657746,-2.347406,0.999518,-0.002768,0.023253,-0.020403
647,-0.466940,-0.044397,9.923671,-0.016790,1.226439,-0.090943,-0.351431,2.693195,-2.343297,0.999512,-0.002585,0.023558,-0.020370
648,-0.468174,-0.046139,9.893767,-0.198309,1.618620,-0.216065,-0.338633,2.744929,-2.347929,0.999500,-0.002463,0.024007,-0.020411
649,-0.482522,-0.055273,9.874730,-0.532452,2.279368,-0.470893,-0.342873,2.815536,-2.359379,0.999483,-0.002485,0.024624,-0.020508
650,-0.504303,-0.064776,9.890264,-0.923094,3.156827,-0.898152,-0.369506,2.918987,-2.382855,0.999456,-0.002693,0.025532,-0.020704
651,-0.518430,-0.075802,9.900034,-1.228312,3.747421,-1.227754,-0.415714,3.048974,-2.419563,0.999419,-0.003064,0.026675,-0.021009
652,-0.531108,-0.086460,9.891635,-1.617475,4.165559,-1.152986,-0.478217,3.189117,-2.461014,0.999376,-0.003573,0.027910,-0.021350
653,-0.532800,-0.120872,9.918676,-1.869354,4.560744,-0.782192,-0.563668,3.326735,-2.496040,0.999333,-0.004283,0.029127,-0.021628
654,-0.567999,-0.148839,9.943649,-1.381229,5.337383,-0.394617,-0.661947,3.477118,-2.519880,0.999285,-0.005105,0.030458,-0.021803
655,-0.608093,-0.165931,9.905124,-0.697810,6.109494,0.302719,-0.746159,3.666004,-2.526672,0.999229,-0.005801,0.032121,-0.021828
656,-0.652082,-0.163417,9.885160,-0.148642,7.296711,1.047362,-0.800555,3.901642,-2.509715,0.999162,-0.006235,0.034186,-0.021649
657,-0.696953,-0.174886,9.865334,0.890376,9.394941,1.335754,-0.820339,4.200896,-2.476125,0.999075,-0.006360,0.036797,-0.021329
658,-0.767844,-0.158702,9.809543,1.158849,12.884825,0.876445,-0.806119,4.595697,-2.445957,0.998950,-0.006172,0.040234,-0.021044
659,-0.867526,-0.111437,9.800876,-0.508979,17.107183,0.055500,-0.792534,5.126412,-2.437144,0.998756,-0.005957,0.044857,-0.020935
660,-0.992306,-0.108837,9.831744,-0.869046,20.194313,0.121121,-0.802975,5.793852,-2.441820,0.998478,-0.005920,0.050676,-0.020925
661,-1.103744,-0.114152,9.842388,-0.713353,22.294191,0.154700,-0.817572,6.553655,-2.446123,0.998121,-0.005901,0.057298,-0.020902
662,-1.223341,-0.102396,9.836454,-1.161915,23.812677,0.102827,-0.834669,7.369530,-2.451332,0.997688,-0.005892,0.064406,-0.020877
663,-1.363152,-0.117630,9.854439,-1.239676,24.584970,0.258481,-0.859997,8.219484,-2.455464,0.997183,-0.005948,0.071809,-0.020833
664,-1.507737,-0.154813,9.824789,0.559407,24.485952,0.971093,-0.865591,9.079569,-2.446668,0.996620,-0.005838,0.079292,-0.020684
665,-1.632396,-0.111357,9.754704,1.529923,25.249069,0.482803,-0.821751,9.947206,-2.433246,0.995998,-0.005302,0.086827,-0.020530
666,-1.807172,-0.081274,9.690247,2.144960,27.597641,0.400421,-0.736904,10.871225,-2.426466,0.995273,-0.004395,0.094839,-0.020469
667,-1.999889,-0.066805,9.655747,2.407529,30.237734,1.000133,-0.630194,11.895552,-2.409110,0.994394,-0.003290,0.103712,-0.020339
668,-2.213983,-0.024925,9.622002,3.353734,32.653587,2.220904,-0.490334,13.022974,-2.357664,0.993340,-0.001917,0.113465,-0.019955
669,-2.381090,0.013571,9.574896,3.271500,34.115757,2.526129,-0.318781,14.219735,-2.274529,0.992118,-0.000303,0.123802,-0.019351
670,-2.582057,0.011169,9.547276,2.624658,36.012791,2.973264,-0.157540,15.466101,-2.175186,0.990730,0.001192,0.134559,-0.018623
671,-2.780172,-0.030003,9.526303,1.286478,37.833508,3.093828,-0.048598,16.768429,-2.068478,0.989152,0.002212,0.145794,-0.017795
672,-2.993698,-0.023815,9.479516,0.637943,39.616047,2.286608,0.006554,18.124161,-1.976532,0.987371,0.002773,0.157480,-0.017041
673,-3.208972,-0.043115,9.403595,-0.299031,40.194618,1.094842,0.016360,19.515617,-1.921416,0.985394,0.002982,0.169458,-0.016548
674,-3.407128,-0.037404,9.278640,-0.242649,39.428837,0.959009,-0.001532,20.899359,-1.891873,0.983281,0.002981,0.181347,-0.016233
675,-3.608972,-0.069108,9.189375,-0.489947,38.695061,0.295195,-0.033928,22.250797,-1.879708,0.981076,0.002875,0.192936,-0.016037
676,-3.830757,-0.079845,9.107532,-0.918861,37.375320,-1.079715,-0.101116,23.564394,-1.909477,0.978798,0.002539,0.204178,-0.016131
677,-4.031975,-0.053988,9.026699,-0.821302,34.660877,-1.545164,-0.180780,24.809118,-1.972280,0.976515,0.002156,0.214807,-0.016470
678,-4.184737,-0.074673,8.948059,-0.146918,32.291241,-1.084367,-0.242214,25.956287,-2.034622,0.974308,0.001928,0.224580,-0.016826
679,-4.344218,-0.105017,8.888119,-0.653624,31.383375,-1.346874,-0.309022,27.031584,-2.098792,0.972151,0.001659,0.233721,-0.017177
680,-4.455860,-0.090942,8.774354,-0.858194,31.009518,-1.206537,-0.390005,28.070272,-2.167472,0.969984,0.001286,0.242535,-0.017524
681,-4.567894,-0.074721,8.652143,-0.510335,31.204779,-0.481749,-0.448722,29.092299,-2.215676,0.967776,0.001066,0.251184,-0.017731
682,-4.684783,-0.137740,8.545692,-0.855267,32.433048,0.136209,-0.504177,30.127647,-2.244144,0.965465,0.000842,0.259926,-0.017766
683,-4.837167,-0.131727,8.438920,-1.812132,33.450726,-0.140046,-0.591481,31.197561,-2.274500,0.962993,0.000366,0.268941,-0.017729
684,-5.055179,-0.165017,8.367200,-2.245609,34.729393,-0.161478,-0.709355,32.318157,-2.315619,0.960313,-0.000321,0.278363,-0.017685
685,-5.285198,-0.188353,8.303914,-2.489894,35.350460,-0.494214,-0.853221,33.489456,-2.372700,0.957410,-0.001164,0.288186,-0.017681
686,-5.478127,-0.210893,8.236359,-2.609057,35.057533,-1.153505,-1.020484,34.673958,-2.456639,0.954368,-0.002111,0.298093,-0.017809
687,-5.665782,-0.210908,8.163304,-1.748558,33.501125,-1.057454,-1.179923,35.824352,-2.553999,0.951313,-0.002941,0.307684,-0.018039
688,-5.821747,-0.244211,8.086443,-0.827012,31.113054,-0.854584,-1.306073,36.900017,-2.647097,0.948369,-0.003499,0.316622,-0.018304
689,-5.962471,-0.236142,7.992409,-0.592121,28.521990,-1.436038,-1.416517,37.881302,-2.748211,0.945607,-0.003905,0.324751,-0.018669
690,-6.061868,-0.233807,7.880582,0.120416,25.515831,-0.564790,-1.497081,38.759335,-2.836993,0.943078,-0.004107,0.332001,-0.019017
691,-6.135559,-0.195868,7.797456,1.583754,22.300556,1.455513,-1.483053,39.519047,-2.850353,0.940859,-0.003768,0.338243,-0.019031
692,-6.176381,-0.210894,7.689141,2.470315,20.307480,2.720497,-1.373526,40.175411,-2.783527,0.938923,-0.002912,0.343606,-0.018694
693,-6.211281,-0.228373,7.596967,2.197131,19.794489,2.566336,-1.252307,40.775867,-2.699899,0.937129,-0.002034,0.348498,-0.018276
694,-6.248240,-0.226402,7.512422,0.416296,19.604948,1.226497,-1.201085,41.352291,-2.657680,0.935374,-0.001616,0.353198,-0.017996
695,-6.362816,-0.189986,7.456996,-1.024248,19.822838,0.014844,-1.236551,41.929508,-2.669342,0.933583,-0.001740,0.357910,-0.017889
696,-6.490785,-0.202040,7.379750,-1.776585,21.028072,-0.929759,-1.335961,42.547523,-2.727209,0.931631,-0.002227,0.362956,-0.017945
697,-6.621437,-0.192625,7.301200,-2.156587,22.709482,-2.178011,-1.487745,43.234974,-2.836765,0.929419,-0.002947,0.368563,-0.018229
698,-6.723970,-0.117000,7.159742,-2.081784,24.731266,-3.119478,-1.647329,44.006752,-2.977664,0.926893,-0.003590,0.374842,-0.018703
699,-6.816262,-0.085073,6.998809,-0.154409,28.375208,-1.872670,-1.728486,44.897488,-3.086889,0.923936,-0.003651,0.382050,-0.019133
700,-6.924292,-0.113362,6.824115,1.049692,32.936321,-0.802850,-1.717163,45.949028,-3.143005,0.920389,-0.003088,0.390509,-0.019400
701,-7.050685,-0.120026,6.663377,1.741055,37.567703,0.022802,-1.659368,47.172436,-3.168309,0.916173,-0.002205,0.400301,-0.019541
702,-7.217955,-0.146480,6.513993,2.116515,40.955486,1.298569,-1.566761,48.540276,-3.157927,0.911341,-0.001134,0.411188,-0.019499
703,-7.431451,-0.154643,6.394216,2.441579,42.532021,2.963405,-1.427091,49.995243,-3.087358,0.906068,0.000100,0.422699,-0.019153
704,-7.606346,-0.159937,6.262840,3.416656,41.584629,4.854044,-1.203187,51.452496,-2.927487,0.900651,0.001632,0.434148,-0.018455
705,-7.720269,-0.169137,6.138605,4.139917,39.018120,5.771095,-0.898493,52.822731,-2.692387,0.895431,0.003429,0.444841,-0.017554
706,-7.841039,-0.171932,5.983262,3.573729,35.824337,5.369685,-0.589455,54.066929,-2.445834,0.890576,0.005119,0.454499,-0.016673
707,-7.896775,-0.102725,5.810855,2.780178,33.433113,4.351798,-0.319086,55.197632,-2.222656,0.886068,0.006518,0.463237,-0.015898
708,-7.952315,-0.112035,5.660807,2.078183,32.317486,3.860350,-0.096917,56.249660,-2.030788,0.881791,0.007608,0.471333,-0.015230
709,-8.021178,-0.103907,5.477339,0.384309,31.905281,2.438045,0.024629,57.269157,-1.905721,0.877571,0.008158,0.479152,-0.014699
710,-8.137475,-0.136863,5.289973,-1.611727,32.422424,1.519245,0.001264,58.304806,-1.872159,0.873210,0.007968,0.487069,-0.014273
712,-8.306766,-0.085922,5.095666,-3.503993,34.499184,1.055178,-0.121973,59.414783,-1.882112,0.868459,0.007215,0.495519,-0.013738
713,-8.469386,-0.104648,4.906222,-4.302142,35.805492,1.601308,-0.270674,60.614338,-1.877296,0.863234,0.006228,0.504600,-0.012951
714,-8.614604,-0.132882,4.673614,-4.343442,36.045300,2.467860,-0.408282,61.870411,-1.841434,0.857662,0.005205,0.514048,-0.011952
715,-8.746293,-0.153047,4.476781,-3.676721,35.572582,3.346598,-0.496359,63.144531,-1.759425,0.851907,0.004349,0.523564,-0.010813
716,-8.847071,-0.075350,4.276545,-3.092366,33.763176,3.138938,-0.497867,64.387199,-1.615123,0.846193,0.003833,0.532776,-0.009613
717,-8.877999,-0.095136,4.091661,-2.128021,30.003622,2.650558,-0.453404,65.530563,-1.458355,0.840847,0.003560,0.541193,-0.008560
718,-8.940643,-0.039087,3.903736,-1.874747,26.698757,2.760368,-0.372970,66.548912,-1.289600,0.836015,0.003453,0.548643,-0.007623
719,-8.973927,0.000188,3.750364,-1.212488,25.040352,3.588963,-0.173944,67.480469,-1.019156,0.831538,0.003678,0.555417,-0.006553
720,-9.010314,0.035930,3.599595,-0.290802,25.373255,4.318421,0.173585,68.383659,-0.624381,0.827143,0.004315,0.561949,-0.005358
721,-9.035333,0.036064,3.451886,0.946750,27.569304,4.883079,0.648056,69.325142,-0.134556,0.822498,0.005319,0.568727,-0.004182
722,-9.091725,0.066507,3.296911,1.514414,31.037973,5.021987,1.223094,70.359161,0.429086,0.817321,0.006567,0.576137,-0.003089
723,-9.174122,0.080500,3.140779,1.821140,35.506130,4.059164,1.836501,71.525078,1.015316,0.811393,0.007826,0.584444,-0.002177
724,-9.275226,0.111940,2.950526,2.304868,39.684376,3.103956,2.449099,72.837387,1.583773,0.804615,0.008992,0.593727,-0.001567
725,-9.400373,0.137119,2.745873,2.237738,42.577808,2.745388,3.114797,74.271675,2.195875,0.797080,0.010099,0.603788,-0.001135
726,-9.506248,0.141409,2.547161,2.220959,43.769814,3.494625,3.931852,75.766655,2.962979,0.789079,0.011200,0.614189,-0.000665
727,-9.582735,0.124227,2.326017,2.611588,43.316830,4.472699,5.005362,77.256470,3.986073,0.780944,0.012402,0.624478,-0.000100
728,-9.592238,0.104167,2.092599,2.553578,41.760540,4.115513,6.286128,78.695503,5.214006,0.772931,0.013561,0.634345,0.000394
729,-9.623913,0.131016,1.854210,1.428940,39.516026,2.987697,7.660165,80.060196,6.552127,0.765203,0.014390,0.643628,0.000767
730,-9.637009,0.146604,1.635827,0.640010,37.515633,2.078094,9.134502,81.346214,8.017591,0.757810,0.014828,0.652305,0.001083
731,-9.655047,0.166156,1.415417,-0.100084,36.221718,0.982339,10.773849,82.571381,9.669302,0.750670,0.014930,0.660508,0.001327
732,-9.699676,0.175946,1.203223,-0.481581,35.313862,0.454246,12.762386,83.757629,11.685546,0.743654,0.014787,0.668399,0.001517
733,-9.740830,0.182164,1.003392,-0.380881,34.235107,0.728801,15.570435,84.901260,14.524496,0.736751,0.014613,0.676004,0.001718
734,-9.744671,0.190115,0.833516,-0.263392,33.032715,0.606634,19.859079,85.979462,18.839403,0.730047,0.014506,0.683240,0.001930
735,-9.761872,0.172640,0.642007,-0.165741,31.595303,0.693511,26.730080,86.973663,25.732132,0.723584,0.014409,0.690083,0.002098
736,-9.744416,0.198989,0.448133,-0.184057,30.493599,0.589657,39.230015,87.850510,38.251469,0.717301,0.014337,0.696612,0.002262
737,-9.707134,0.250774,0.259380,-0.419050,29.950405,0.334815,64.656166,88.482895,63.699982,0.711099,0.014329,0.702942,0.002529
738,-9.711023,0.285046,0.092213,-0.545698,30.652369,0.565302,104.754776,88.547874,103.826645,0.704815,0.014411,0.709239,0.002956
739,-9.714458,0.236518,-0.083790,-0.203890,31.763281,0.937677,134.538162,87.976768,133.634796,0.698289,0.014540,0.715660,0.003394
740,-9.693079,0.197997,-0.244304,-0.248140,31.996771,0.505793,149.674683,87.118462,148.791672,0.691584,0.014542,0.722140,0.003649
741,-9.775915,0.187747,-0.404484,-0.271026,29.672771,0.069274,157.707703,86.205688,156.845825,0.685107,0.014358,0.728292,0.003727
742,-9.798720,0.154205,-0.513754,-0.444975,24.746979,0.241555,162.214478,85.388535,161.375168,0.679491,0.014063,0.733540,0.003713
743,-9.788586,0.146441,-0.621523,-0.876805,17.419275,0.302411,164.746933,84.775650,163.937180,0.675324,0.013689,0.737385,0.003706
744,-9.769769,0.193261,-0.702509,-1.432238,10.234938,0.441137,165.964066,84.402977,165.197479,0.672811,0.013322,0.739684,0.003872
745,-9.741686,0.232961,-0.744750,-1.507017,4.609869,1.036210,166.058655,84.282349,165.343964,0.672038,0.013115,0.740388,0.004306
746,-9.678316,0.228577,-0.762870,-1.362070,1.363526,1.533655,165.419846,84.345528,164.754105,0.672531,0.013079,0.739938,0.004873
747,-9.678383,0.270507,-0.791769,-0.771558,0.593846,1.190370,164.496216,84.447128,163.866699,0.673311,0.013217,0.739221,0.005457
748,-9.694842,0.252471,-0.779493,-0.206983,1.717936,1.178220,163.679535,84.519485,163.067322,0.673896,0.013446,0.738680,0.005899
749,-9.725198,0.259075,-0.767166,0.140914,2.414782,0.924912,163.167694,84.564079,162.557449,0.674259,0.013642,0.738344,0.006119
750,-9.769100,0.265189,-0.788341,0.262978,2.099995,0.354201,162.879654,84.593681,162.264099,0.674492,0.013782,0.738127,0.006194
751,-9.762502,0.292070,-0.807203,0.114950,1.373311,-0.083708,162.670410,84.616791,162.050690,0.674672,0.013882,0.737961,0.006242
752,-9.705427,0.272397,-0.814075,-0.348942,0.639078,0.381738,162.412567,84.643021,161.798340,0.674878,0.013940,0.737770,0.006368
753,-9.679933,0.304916,-0.844055,-0.828093,-0.340722,0.535916,161.970764,84.666153,161.376755,0.675099,0.014006,0.737564,0.006684
754,-9.675164,0.313110,-0.850374,-1.028001,-0.899269,0.812235,161.269135,84.682716,160.706390,0.675327,0.014154,0.737348,0.007216
755,-9.679774,0.337266,-0.828101,-1.078373,-1.074816,1.579935,160.244507,84.703056,159.716644,0.675644,0.014440,0.737044,0.007932
756,-9.693766,0.323809,-0.799884,-0.748789,-1.418288,2.100408,158.962616,84.741631,158.463867,0.676132,0.014850,0.736580,0.008701
757,-9.715307,0.322748,-0.775811,-0.213199,-2.179929,1.882244,157.711914,84.816315,157.226639,0.676842,0.015244,0.735912,0.009261
758,-9.722321,0.315653,-0.755798,0.459728,-2.927864,1.570921,156.589737,84.929237,156.097122,0.677756,0.015588,0.735060,0.009515
759,-9.723169,0.305471,-0.727833,1.097566,-3.245500,1.601331,155.592651,85.068268,155.070038,0.678798,0.015919,0.734091,0.009476
760,-9.691150,0.297116,-0.711808,1.463793,-3.570743,0.743592,154.832108,85.222992,154.262573,0.679875,0.016176,0.733092,0.009153
761,-9.709560,0.323616,-0.716422,1.822392,-4.108002,-0.405566,154.361389,85.380768,153.733841,0.680899,0.016340,0.732145,0.008601
762,-9.717192,0.315072,-0.719191,2.411406,-4.260608,-0.887849,154.153305,85.528450,153.452759,0.681803,0.016498,0.731308,0.007858
763,-9.721066,0.302883,-0.670068,3.265931,-3.784524,-1.469330,154.247345,85.678673,153.450348,0.682657,0.016664,0.730517,0.006835
764,-9.728465,0.267878,-0.645779,4.054843,-3.374110,-2.497960,154.876129,85.845131,153.956329,0.683499,0.016741,0.729739,0.005397
765,-9.742374,0.219474,-0.622421,4.884962,-3.220058,-3.204723,156.338837,86.026497,155.269577,0.684291,0.016641,0.729011,0.003453
766,-9.728197,0.195052,-0.591619,5.527393,-2.568578,-3.662807,158.444824,86.209709,157.202164,0.685024,0.016490,0.728333,0.001163
767,-9.757810,0.179987,-0.567660,5.577762,-1.607363,-4.239868,160.951080,86.371346,159.524841,0.685628,0.016366,0.727767,-0.001226
768,-9.778910,0.163289,-0.567762,4.990290,-1.644087,-4.711566,163.747269,86.506546,162.147736,0.686103,0.016186,0.727315,-0.003545
769,-9.769533,0.179925,-0.577874,3.972500,-2.367402,-4.443055,166.239838,86.620148,164.494492,0.686541,0.016033,0.726894,-0.005497
770,-9.761804,0.218362,-0.577944,3.137810,-2.721371,-3.380827,167.481216,86.710976,165.621735,0.686986,0.016189,0.726459,-0.006749
771,-9.751343,0.180518,-0.559229,2.052862,-2.829652,-1.624213,167.525711,86.790085,165.583359,0.687466,0.016585,0.725990,-0.007375
772,-9.711107,0.168936,-0.527503,1.289887,-3.249267,-0.278131,166.794388,86.880333,164.798050,0.688077,0.017037,0.725398,-0.007590
773,-9.695726,0.184931,-0.512078,0.874823,-3.331680,0.578140,165.203445,86.975021,163.171783,0.688791,0.017618,0.724708,-0.007446
774,-9.686812,0.182596,-0.487207,0.766470,-2.892234,1.049879,163.105453,87.056427,161.046555,0.689479,0.018289,0.724039,-0.007111
775,-9.700203,0.159439,-0.466429,0.684063,-2.349041,1.085105,161.268921,87.127579,159.185272,0.690089,0.018849,0.723446,-0.006857
776,-9.712481,0.148886,-0.460722,0.671854,-2.074397,0.854704,160.082428,87.190483,157.974945,0.690589,0.019204,0.722960,-0.006796
777,-9.740711,0.169878,-0.460560,0.655070,-1.801236,0.525103,159.241913,87.238693,157.111176,0.690962,0.019477,0.722597,-0.006809
778,-9.759250,0.158815,-0.443880,0.577248,-1.724911,0.624286,158.510773,87.279976,156.358505,0.691284,0.019717,0.722281,-0.006836
779,-9.784103,0.152930,-0.435159,0.401769,-2.289491,0.712740,157.827286,87.335602,155.657303,0.691684,0.019878,0.721894,-0.006894
780,-9.768014,0.190271,-0.414831,0.246125,-2.815941,0.578461,156.660904,87.407082,154.478958,0.692230,0.020077,0.721365,-0.006843
781,-9.764086,0.207525,-0.387566,0.078268,-2.880078,0.564828,154.780228,87.486198,152.592285,0.692905,0.020372,0.720711,-0.006622
782,-9.753373,0.203953,-0.361455,-0.045338,-2.843543,0.609185,152.625015,87.570938,150.436020,0.693644,0.020649,0.719994,-0.006360
783,-9.760679,0.203869,-0.353273,-0.184202,-2.582689,0.526853,150.605484,87.650894,148.419586,0.694338,0.020839,0.719321,-0.006131
784,-9.758148,0.190735,-0.341026,-0.242188,-2.099013,0.069091,149.201828,87.720757,147.022202,0.694898,0.020875,0.718780,-0.006017
785,-9.775899,0.199013,-0.340162,-0.335269,-1.940321,-0.368861,148.465546,87.783447,146.294937,0.695327,0.020764,0.718368,-0.006017
786,-9.764925,0.197457,-0.326222,-0.300171,-1.983027,-0.266625,147.859802,87.840424,145.699280,0.695708,0.020630,0.718004,-0.006028
787,-9.756854,0.174532,-0.314454,-0.277282,-1.978436,-0.094238,147.322144,87.902023,145.170471,0.696101,0.020467,0.717627,-0.006082
788,-9.737330,0.172021,-0.310841,-0.208612,-1.726632,-0.602453,147.236099,87.965775,145.091568,0.696446,0.020219,0.717298,-0.006241
789,-9.728641,0.189727,-0.315785,-0.098744,-1.270310,-0.668102,147.450577,88.009048,145.310715,0.696647,0.020002,0.717106,-0.006400
790,-9.718596,0.169470,-0.310736,0.162193,-0.450788,-0.245439,147.882889,88.022957,145.741684,0.696669,0.019888,0.717088,-0.006532
791,-9.730083,0.185135,-0.319416,0.305633,-0.095127,-0.411777,148.545502,88.012589,146.396271,0.696536,0.019854,0.717216,-0.006665
792,-9.707610,0.185014,-0.331781,0.471960,-0.123965,-0.117242,149.107605,87.982971,146.945206,0.696313,0.019931,0.717430,-0.006749
793,-9.700464,0.213260,-0.322800,0.618450,-0.273359,0.641235,148.789886,87.941193,146.609161,0.696126,0.020243,0.717604,-0.006664
794,-9.703126,0.233855,-0.316148,0.801557,-0.598289,1.558495,147.046539,87.890297,144.841904,0.696071,0.020890,0.717641,-0.006311
795,-9.716582,0.223789,-0.320948,0.923627,-1.225369,2.120197,144.641769,87.842781,142.407654,0.696144,0.021696,0.717551,-0.005870
796,-9.742421,0.207957,-0.317403,1.053330,-1.145945,2.353712,142.516586,87.807953,140.247833,0.696270,0.022438,0.717407,-0.005554
797,-9.794445,0.225002,-0.300553,0.986192,-0.802569,2.024097,140.783203,87.782295,138.478973,0.696405,0.023079,0.717257,-0.005352
798,-9.816275,0.216213,-0.299362,0.812238,-0.823917,1.720385,139.458572,87.768661,137.122772,0.696547,0.023571,0.717105,-0.005249
799,-9.822551,0.236922,-0.283015,0.606240,-0.685064,0.815441,138.554001,87.772789,136.193390,0.696710,0.023871,0.716937,-0.005254
800,-9.815471,0.235782,-0.265290,0.354462,-0.469965,0.182126,137.947388,87.795311,135.570129,0.696914,0.023984,0.716733,-0.005346
801,-9.768435,0.249194,-0.273506,0.105736,-0.506639,-0.483215,137.724350,87.827049,135.339340,0.697095,0.023938,0.716558,-0.005488
802,-9.740095,0.286812,-0.280671,0.066061,-0.492903,-0.817323,137.526733,87.841599,135.139328,0.697194,0.023925,0.716462,-0.005533
803,-9.715643,0.273233,-0.275375,0.114887,-0.505085,-0.463184,137.143082,87.842690,134.752975,0.697260,0.024001,0.716396,-0.005488
804,-9.713105,0.242871,-0.280440,-0.057542,-0.592029,0.107553,136.893082,87.847137,134.501923,0.697320,0.024030,0.716336,-0.005472
805,-9.725986,0.253864,-0.287689,-0.188770,-0.436319,0.386793,136.731018,87.842690,134.343491,0.697328,0.024053,0.716328,-0.005405
806,-9.759004,0.261183,-0.265650,-0.162829,-0.410342,0.727100,136.155533,87.829124,133.773438,0.697361,0.024174,0.716293,-0.005218
807,-9.761439,0.265258,-0.258594,-0.156727,-0.463770,0.624898,135.197647,87.821205,132.820526,0.697486,0.024334,0.716168,-0.004995
808,-9.770872,0.265349,-0.269852,-0.320003,-0.300500,0.208345,134.563797,87.816986,132.194321,0.697575,0.024409,0.716080,-0.004826
809,-9.760309,0.270167,-0.258585,-0.263543,-0.138745,-0.234158,134.381516,87.818062,132.021729,0.697612,0.024372,0.716045,-0.004744
810,-9.752865,0.298391,-0.253696,-0.271176,-0.332554,-0.606408,134.061249,87.823364,131.710693,0.697690,0.024342,0.715971,-0.004659
811,-9.733837,0.295416,-0.248403,-0.297120,-0.595044,-0.560510,133.414032,87.831291,131.073532,0.697836,0.024346,0.715830,-0.004531
812,-9.729788,0.241930,-0.252423,-0.454291,-1.034529,-0.113406,132.953400,87.859909,130.625229,0.698037,0.024209,0.715638,-0.004516
813,-9.717950,0.262398,-0.236831,-0.408512,-1.171885,0.034552,132.382416,87.899780,130.068253,0.698304,0.024023,0.715383,-0.004531
815,-9.728423,0.261412,-0.232681,-0.385624,-1.115462,0.335148,131.341431,87.928970,129.039764,0.698602,0.023961,0.715096,-0.004437
816,-9.723582,0.253275,-0.227754,-0.382573,-0.906434,0.492294,130.357162,87.949478,128.067810,0.698853,0.023929,0.714853,-0.004319
817,-9.720338,0.250616,-0.234196,-0.335268,-0.540203,0.534970,129.789734,87.960106,127.511604,0.698992,0.023886,0.714718,-0.004223
818,-9.728250,0.291096,-0.232265,-0.208616,-0.038137,0.313731,129.435608,87.945480,127.166168,0.698996,0.023951,0.714713,-0.004051
819,-9.732849,0.281089,-0.236061,-0.121638,0.325082,0.339742,129.289261,87.912590,127.025330,0.698893,0.024096,0.714810,-0.003838
820,-9.743063,0.275995,-0.237681,-0.034660,0.413639,0.187174,129.566605,87.884743,127.305290,0.698735,0.024175,0.714963,-0.003727
821,-9.740545,0.257432,-0.236146,0.020276,0.293129,0.557937,129.955933,87.868431,127.694603,0.698601,0.024198,0.715093,-0.003704
822,-9.749246,0.283944,-0.232268,0.034010,0.180223,0.713553,129.936096,87.850601,127.673523,0.698533,0.024294,0.715156,-0.003622
823,-9.756833,0.269022,-0.231769,0.043166,0.021519,0.959216,129.542297,87.830566,127.278168,0.698525,0.024458,0.715159,-0.003478
824,-9.757461,0.268965,-0.238287,0.003493,-0.370645,1.244509,129.036179,87.816269,126.770615,0.698563,0.024608,0.715118,-0.003345
825,-9.759841,0.308558,-0.245171,-0.182669,-0.593403,1.578694,128.052826,87.784065,125.789268,0.698623,0.024895,0.715050,-0.003032
826,-9.771320,0.324798,-0.237946,-0.289486,-0.520128,1.720696,126.619926,87.728584,124.363594,0.698695,0.025330,0.714967,-0.002510
827,-9.762351,0.316715,-0.236800,-0.350524,-0.547574,1.841308,125.252090,87.675270,123.005547,0.698777,0.025734,0.714874,-0.001985
828,-9.750825,0.329639,-0.234090,-0.391723,-0.405640,1.900843,124.085747,87.625046,121.850441,0.698845,0.026085,0.714796,-0.001493
829,-9.759119,0.349027,-0.234888,-0.451235,-0.208770,1.746765,123.069702,87.567879,120.847710,0.698871,0.026440,0.714758,-0.000975
830,-9.736787,0.339609,-0.227954,-0.249812,-0.059209,1.685741,122.307755,87.516586,120.096642,0.698871,0.026747,0.714747,-0.000534
831,-9.730931,0.342677,-0.221227,-0.057544,-0.140087,1.421714,121.714798,87.483627,119.507919,0.698899,0.026976,0.714711,-0.000251
832,-9.734787,0.365443,-0.217133,0.073685,-0.347636,1.044786,121.030647,87.461166,118.822960,0.698987,0.027195,0.714617,-0.000042
833,-9.753619,0.387342,-0.212706,0.105727,-0.549093,0.782363,120.124313,87.439598,117.913338,0.699134,0.027456,0.714463,0.000177
834,-9.746111,0.372075,-0.202773,0.204910,-0.283634,0.808326,119.255051,87.424507,117.038574,0.699300,0.027685,0.714292,0.000339
835,-9.766288,0.369399,-0.197349,0.244582,-0.031921,0.538201,118.700806,87.423592,116.476685,0.699432,0.027811,0.714158,0.000371
836,-9.766294,0.394368,-0.204999,0.171336,-0.068589,0.269628,118.334938,87.419952,116.104065,0.699512,0.027919,0.714075,0.000394
837,-9.773634,0.392623,-0.218383,-0.052977,0.067225,0.310855,118.195412,87.404671,115.962440,0.699502,0.028033,0.714081,0.000483
838,-9.762688,0.389172,-0.209018,-0.074339,0.286976,0.248300,118.277779,87.389854,116.046829,0.699437,0.028091,0.714142,0.000567
839,-9.766315,0.394262,-0.203432,-0.083494,0.174043,0.065192,118.291290,87.382812,116.063057,0.699413,0.028111,0.714165,0.000622
840,-9.754124,0.415895,-0.205551,-0.146060,0.109928,-0.403217,118.183159,87.377663,115.959213,0.699425,0.028127,0.714152,0.000690
841,-9.751668,0.409498,-0.211757,-0.214729,0.393741,-0.751052,118.292892,87.374977,116.075668,0.699389,0.028086,0.714189,0.000731
842,-9.727859,0.360385,-0.210247,-0.110965,0.509710,-0.587810,118.892693,87.394432,116.681351,0.699298,0.027864,0.714287,0.000582
843,-9.730963,0.364596,-0.215374,-0.146059,0.276244,-0.699312,119.670135,87.430290,117.463326,0.699216,0.027538,0.714379,0.000311
844,-9.735090,0.384135,-0.222846,-0.313910,0.036690,-0.604742,120.184326,87.452553,117.985245,0.699161,0.027301,0.714443,0.000171
845,-9.748096,0.369526,-0.229434,-0.402411,0.048932,-0.076772,120.504959,87.457626,118.317848,0.699100,0.027157,0.714508,0.000174
846,-9.735769,0.350987,-0.217961,-0.291017,0.402967,0.193263,120.862297,87.461014,118.686630,0.699026,0.027020,0.714586,0.000177
847,-9.742108,0.377387,-0.219945,-0.234558,0.587597,-0.072277,121.204048,87.457626,119.037399,0.698935,0.026934,0.714678,0.000202
848,-9.735580,0.374537,-0.229460,-0.188780,0.654745,-0.050892,121.589058,87.442963,119.429771,0.698795,0.026913,0.714815,0.000273
849,-9.731166,0.369718,-0.231658,-0.152158,0.654763,0.049828,122.061104,87.427170,119.907936,0.698631,0.026892,0.714976,0.000327
850,-9.723804,0.366366,-0.231878,-0.081964,0.648668,-0.098195,122.536728,87.417068,120.387871,0.698485,0.026850,0.715121,0.000338
851,-9.747550,0.373028,-0.246303,-0.196408,0.309931,-0.078361,122.963219,87.409126,120.819183,0.698356,0.026800,0.715248,0.000348
852,-9.749427,0.388057,-0.255771,-0.260495,-0.053189,-0.026441,123.167305,87.393082,121.030838,0.698253,0.026805,0.715349,0.000448
853,-9.745345,0.369463,-0.263125,-0.233028,0.061326,0.142969,123.368324,87.375343,121.239853,0.698144,0.026819,0.715455,0.000559
854,-9.742589,0.376740,-0.261887,-0.231499,0.264345,0.175016,123.709709,87.357140,121.588669,0.698000,0.026814,0.715595,0.000646
855,-9.746322,0.366622,-0.250483,-0.297113,0.082794,0.539704,123.834564,87.341118,121.722130,0.697914,0.026825,0.715679,0.000763
856,-9.741453,0.361361,-0.250503,-0.252860,-0.167459,0.458787,123.725113,87.337219,121.621422,0.697927,0.026807,0.715667,0.000854
857,-9.750856,0.380050,-0.248427,-0.255911,0.123983,0.194780,123.599655,87.334427,121.504349,0.697948,0.026789,0.715647,0.000938
858,-9.744191,0.393955,-0.241952,-0.226920,0.375737,0.234491,123.436882,87.319557,121.349960,0.697936,0.026839,0.715657,0.001092
859,-9.737725,0.388879,-0.253391,-0.171989,0.447441,0.222332,123.383835,87.297523,121.303932,0.697873,0.026918,0.715715,0.001258
860,-9.729316,0.371575,-0.271394,-0.097216,0.571082,0.315407,123.773140,87.276527,121.697739,0.697704,0.026939,0.715879,0.001334
861,-9.735268,0.395426,-0.272763,-0.049911,0.711534,0.348974,124.308975,87.246719,122.235901,0.697466,0.026992,0.716108,0.001417
862,-9.751420,0.384703,-0.264114,-0.001080,0.706986,0.664856,124.594559,87.211746,122.522545,0.697272,0.027117,0.716292,0.001554
863,-9.763084,0.371437,-0.265259,0.026387,0.479614,0.561049,124.778603,87.194321,122.706131,0.697163,0.027179,0.716395,0.001611
864,-9.769574,0.371900,-0.264534,0.095055,0.162195,-0.014307,124.980827,87.200958,122.906174,0.697137,0.027124,0.716423,0.001531
865,-9.754595,0.412816,-0.262671,0.096580,0.030928,-0.404941,124.957161,87.209991,122.879768,0.697175,0.027100,0.716387,0.001471
866,-9.737046,0.401279,-0.262928,0.134724,0.154489,-0.328578,124.796333,87.209991,122.715797,0.697215,0.027147,0.716346,0.001479
867,-9.750338,0.394489,-0.265684,0.166767,0.191083,-0.497923,124.844933,87.215332,122.759933,0.697222,0.027139,0.716340,0.001416
868,-9.752407,0.391922,-0.260895,0.119461,0.120860,-0.452132,124.955154,87.226883,122.865906,0.697236,0.027088,0.716328,0.001312
869,-9.758839,0.395305,-0.258730,0.067578,0.178801,-0.516201,124.989159,87.239334,122.897308,0.697273,0.027035,0.716295,0.001228
870,-9.768876,0.385563,-0.259733,0.035532,0.221483,-0.803060,125.136040,87.256836,123.043243,0.697299,0.026927,0.716273,0.001108
871,-9.775294,0.372122,-0.267169,0.008064,-0.007430,-1.025867,125.527809,87.287689,123.434776,0.697316,0.026706,0.716265,0.000884
872,-9.736862,0.374318,-0.274551,-0.056024,-0.106607,-1.118971,126.046021,87.321533,123.954178,0.697316,0.026443,0.716276,0.000635
873,-9.733819,0.375451,-0.287512,-0.040763,0.104022,-1.158634,126.708603,87.341774,124.618683,0.697237,0.026217,0.716361,0.000433
874,-9.724830,0.371691,-0.300716,0.050795,0.256713,-0.932763,127.582275,87.344727,125.492424,0.697045,0.026056,0.716554,0.000273
875,-9.719056,0.368265,-0.307231,0.108784,0.301089,-0.682471,128.489380,87.332809,126.396873,0.696792,0.025973,0.716802,0.000158
876,-9.732865,0.364432,-0.301688,0.119468,0.221842,-0.505423,129.193115,87.319267,127.097054,0.696578,0.025939,0.717012,0.000079
877,-9.739214,0.351074,-0.297073,0.108789,-0.103125,-0.389439,129.613739,87.317955,127.513847,0.696478,0.025893,0.717111,-0.000013
878,-9.735739,0.365590,-0.294513,0.076744,-0.461692,-0.502335,129.686646,87.326874,127.583710,0.696497,0.025856,0.717093,-0.000088
879,-9.741931,0.354068,-0.277367,0.038594,-0.412881,-0.368017,129.446930,87.343399,127.342194,0.696617,0.025830,0.716978,-0.000136
880,-9.746470,0.341549,-0.274408,-0.010238,-0.324428,-0.334454,129.213104,87.369614,127.108131,0.696773,0.025746,0.716829,-0.000224
881,-9.741644,0.348213,-0.283373,-0.039230,-0.174912,-0.476377,129.196579,87.391731,127.092537,0.696864,0.025637,0.716745,-0.000322
882,-9.739165,0.373708,-0.289172,-0.025498,0.011269,-0.407649,129.217194,87.390152,127.114555,0.696853,0.025632,0.716756,-0.000309
883,-9.747066,0.348933,-0.282148,-0.001084,0.229496,-0.097818,129.249878,87.377808,127.148048,0.696798,0.025681,0.716808,-0.000251
884,-9.746674,0.334881,-0.278854,-0.045336,0.098262,-0.047475,129.396988,87.379448,127.295906,0.696771,0.025642,0.716835,-0.000278
885,-9.760333,0.348489,-0.275880,-0.031603,-0.094027,-0.358778,129.449448,87.390907,127.349930,0.696805,0.025569,0.716805,-0.000335
886,-9.749771,0.354059,-0.273894,-0.042287,-0.145940,-0.320602,129.307236,87.401955,127.209198,0.696880,0.025531,0.716734,-0.000353
887,-9.740819,0.337371,-0.271403,0.027905,0.024930,-0.331272,129.238464,87.414490,127.141052,0.696944,0.025478,0.716672,-0.000399
888,-9.748025,0.326780,-0.268376,0.017222,-0.107862,-0.392345,129.357590,87.437454,127.259590,0.697010,0.025349,0.716613,-0.000535
889,-9.740998,0.336991,-0.275382,0.024851,-0.400861,-0.485454,129.424301,87.462944,127.325661,0.697097,0.025219,0.716533,-0.000674
890,-9.729312,0.346084,-0.288687,0.046214,-0.506123,-0.285533,129.372955,87.473305,127.273026,0.697149,0.025185,0.716484,-0.000723
891,-9.732567,0.340195,-0.272947,0.148451,-0.318404,0.048686,129.174911,87.472298,127.071457,0.697187,0.025245,0.716445,-0.000705
892,-9.756893,0.328287,-0.261551,0.093517,-0.545786,0.201284,128.760544,87.480125,126.652908,0.697307,0.025302,0.716326,-0.000700
893,-9.741403,0.364516,-0.265693,0.055367,-0.710613,0.057895,128.043167,87.484558,125.932869,0.697478,0.025416,0.716155,-0.000619
894,-9.744617,0.370282,-0.264560,0.098090,-0.431372,-0.038115,127.251091,87.471985,125.138382,0.697603,0.025622,0.716027,-0.000443
895,-9.746712,0.361948,-0.252167,0.096561,-0.231491,-0.057849,126.659889,87.461632,124.544304,0.697694,0.025787,0.715931,-0.000315
896,-9.735624,0.350859,-0.253747,-0.033146,-0.307811,-0.013550,126.246948,87.462097,124.130348,0.697788,0.025856,0.715838,-0.000258
897,-9.731791,0.357175,-0.259958,-0.011784,-0.252876,-0.124916,126.024284,87.463562,123.908333,0.697844,0.025878,0.715782,-0.000227
898,-9.734736,0.349003,-0.255413,0.037047,0.110308,-0.172201,126.044960,87.463249,123.928680,0.697838,0.025879,0.715788,-0.000231
899,-9.734102,0.349634,-0.249981,0.055357,0.236956,-0.097428,126.186394,87.463562,124.068665,0.697808,0.025864,0.715818,-0.000263
900,-9.740730,0.343399,-0.258280,0.012632,0.078259,-0.033348,126.335701,87.463867,124.216911,0.697775,0.025845,0.715850,-0.000295
901,-9.743206,0.348070,-0.265928,0.041626,0.034034,-0.011993,126.532173,87.461250,124.412529,0.697721,0.025834,0.715903,-0.000318
902,-9.745397,0.353073,-0.260075,0.066041,0.174444,0.039901,126.665047,87.452477,124.543533,0.697659,0.025868,0.715962,-0.000306
903,-9.739285,0.345157,-0.260548,0.110293,0.162246,0.097892,126.756531,87.444649,124.632164,0.697610,0.025911,0.716009,-0.000299
904,-9.747823,0.334952,-0.265379,0.099612,0.125637,0.030720,126.982567,87.444115,124.854546,0.697558,0.025899,0.716060,-0.000356
905,-9.738612,0.324964,-0.253982,0.075199,0.085958,-0.047172,127.269043,87.457085,125.137978,0.697543,0.025807,0.716078,-0.000485
906,-9.730217,0.345060,-0.265927,0.008059,-0.158196,-0.503465,127.487984,87.474464,125.355484,0.697560,0.025695,0.716066,-0.000614
907,-9.724963,0.353202,-0.281154,-0.005673,-0.315319,-0.535482,127.705421,87.480125,125.572945,0.697535,0.025631,0.716092,-0.000679
908,-9.740208,0.343502,-0.278516,-0.117064,-0.464788,-0.050204,127.809448,87.478340,125.678749,0.697505,0.025613,0.716122,-0.000676
909,-9.741005,0.348322,-0.269263,-0.266604,-0.739411,0.232119,127.506012,87.476013,125.381210,0.697562,0.025636,0.716065,-0.000580
910,-9.747996,0.370864,-0.272093,-0.291019,-0.951482,0.186418,126.777161,87.467270,124.661125,0.697690,0.025742,0.715937,-0.000365
911,-9.756945,0.371483,-0.258640,-0.304754,-0.768349,0.543593,125.815712,87.449554,123.709244,0.697838,0.025924,0.715786,-0.000065
912,-9.765461,0.356355,-0.251650,-0.336801,-0.493689,0.612318,124.961182,87.434860,122.865044,0.697980,0.026066,0.715642,0.000204
913,-9.755627,0.363302,-0.250403,-0.349009,-0.467754,0.359031,124.370216,87.427925,122.285088,0.698092,0.026123,0.715531,0.000397
914,-9.751466,0.365941,-0.250575,-0.262031,-0.499791,0.279702,123.901672,87.423592,121.826263,0.698185,0.026157,0.715439,0.000551
915,-9.739348,0.357670,-0.251541,-0.175053,-0.313608,0.191195,123.651245,87.422302,121.582649,0.698240,0.026157,0.715386,0.000636
916,-9.739075,0.356619,-0.252859,-0.086547,-0.060272,0.061463,123.721039,87.423515,121.656326,0.698228,0.026116,0.715399,0.000643
918,-9.730378,0.354556,-0.255468,-0.066708,-0.487487,-0.126261,123.874481,87.430901,121.811943,0.698217,0.026042,0.715412,0.000595
919,-9.708672,0.367677,-0.269324,0.069102,-0.640004,-0.420771,124.016495,87.439751,121.953331,0.698215,0.025979,0.715416,0.000524
920,-9.725549,0.378673,-0.265077,0.328511,-0.433909,-0.689287,124.214287,87.442047,122.144028,0.698177,0.025982,0.715453,0.000439
921,-9.744595,0.359466,-0.229709,0.314779,-0.806221,-0.196378,123.978973,87.456932,121.897804,0.698284,0.026008,0.715349,0.000332
922,-9.762063,0.336060,-0.199966,0.085887,-2.033178,-0.075877,122.755714,87.511948,120.667480,0.698753,0.025943,0.714893,0.000179
923,-9.784265,0.352471,-0.172089,-0.164371,-3.115255,-0.581015,120.366684,87.603462,118.279083,0.699593,0.025771,0.714076,0.000013
924,-9.808207,0.382577,-0.127887,-0.574856,-4.453758,-1.111992,116.395836,87.710220,114.319832,0.700799,0.025574,0.712900,-0.000040
925,-9.809119,0.332315,-0.106216,-1.140983,-6.237786,-1.011243,111.149544,87.828400,109.100464,0.702257,0.025223,0.711477,-0.000061
926,-9.789881,0.364554,-0.108714,-1.241698,-7.908765,-1.487332,104.787506,87.948143,102.774529,0.703868,0.024715,0.709900,-0.000122
927,-9.782403,0.387621,-0.075373,-1.278322,-9.735336,-0.805179,96.360291,88.025726,94.384781,0.705756,0.024318,0.708037,-0.000059
928,-9.777017,0.378312,0.011387,-1.455331,-12.187559,1.141991,85.306831,88.003059,83.370857,0.708114,0.024206,0.705683,0.000319
929,-9.784383,0.358092,0.120837,-1.591143,-15.645446,2.680184,72.218689,87.827591,70.326195,0.711187,0.024371,0.702579,0.001020
930,-9.786824,0.410091,0.259370,-1.647611,-20.154787,3.043427,58.819839,87.450172,56.972027,0.715201,0.024726,0.698479,0.001928
931,-9.810887,0.420841,0.417007,-1.813947,-25.123526,3.829379,47.060040,86.831390,45.258175,0.720290,0.025214,0.693208,0.002987
932,-9.767348,0.410858,0.587368,-1.958924,-29.105064,4.500846,37.986824,85.985313,36.234005,0.726342,0.025753,0.686838,0.004135
933,-9.724106,0.454473,0.750608,-1.974198,-31.276878,3.753192,31.453949,84.985069,29.750664,0.732979,0.026249,0.679724,0.005249
934,-9.688204,0.446582,0.907931,-1.868925,-31.469534,2.718650,26.716732,83.929169,25.059622,0.739727,0.026559,0.672355,0.006138
935,-9.639054,0.470181,1.071928,-1.630895,-30.342205,1.545225,23.173153,82.888397,21.555082,0.746232,0.026652,0.665118,0.006722
936,-9.624279,0.457223,1.244906,-1.443220,-29.564274,0.503014,20.373459,81.881485,18.786116,0.752426,0.026544,0.658105,0.007004
937,-9.641775,0.451754,1.395109,-0.968676,-30.339682,-1.207590,17.901144,80.888657,16.330774,0.758483,0.026189,0.651130,0.006870
938,-9.628106,0.457455,1.559829,-0.187417,-32.880535,-1.680670,15.671438,79.851341,14.092896,0.764713,0.025765,0.643824,0.006361
939,-9.589484,0.459056,1.752848,0.461089,-36.472752,-0.716306,13.826219,78.700630,12.213471,0.771425,0.025586,0.635780,0.005780
940,-9.550985,0.486665,1.954119,0.514492,-39.685017,0.173333,12.413998,77.418091,10.754496,0.778680,0.025737,0.626870,0.005381
941,-9.492824,0.516091,2.178878,0.319182,-41.131798,0.867717,11.371670,76.042778,9.667017,0.786259,0.026125,0.617322,0.005244
942,-9.453404,0.539173,2.430185,0.215438,-40.871090,1.755935,10.633565,74.631645,8.889829,0.793856,0.026694,0.607496,0.005368
943,-9.400045,0.536842,2.670356,-0.190438,-39.975609,2.003263,10.083899,73.229446,8.311931,0.801255,0.027300,0.597673,0.005666
944,-9.354565,0.523190,2.894022,-0.506292,-39.037399,1.443332,9.574555,71.861084,7.787220,0.808367,0.027714,0.587996,0.005932
945,-9.333073,0.484816,3.126468,-0.813013,-39.014725,1.420450,9.049248,70.516991,7.258357,0.815261,0.027861,0.578391,0.006078
946,-9.260163,0.486434,3.361923,-0.736745,-40.022057,1.031291,8.523347,69.157028,6.733283,0.822132,0.027842,0.568582,0.006116
947,-9.165543,0.492327,3.583543,-1.072480,-41.749638,0.465123,7.999976,67.748421,6.211395,0.829131,0.027707,0.558335,0.006049
948,-9.051557,0.476942,3.787850,-1.373122,-42.859215,0.111051,7.473646,66.295341,5.693699,0.836223,0.027400,0.547673,0.005903
949,-8.928785,0.512044,3.981474,-1.597457,-42.877720,-0.531396,6.976180,64.832092,5.208404,0.843226,0.026996,0.536851,0.005704
950,-8.789631,0.545338,4.171303,-1.417388,-42.293438,-1.048644,6.542308,63.387848,4.779115,0.849992,0.026640,0.526094,0.005465
951,-8.681374,0.553295,4.367378,-1.473810,-42.003616,-1.340007,6.163339,61.967831,4.396310,0.856504,0.026338,0.515442,0.005180
952,-8.579276,0.522032,4.580543,-1.272353,-42.829216,-1.219380,5.812004,60.545837,4.037737,0.862888,0.026020,0.504701,0.004844
953,-8.495046,0.524878,4.811019,-1.084634,-44.874016,-1.214742,5.486430,59.077442,3.698083,0.869335,0.025728,0.493534,0.004457
954,-8.375936,0.544919,5.058597,-0.916736,-47.848137,-0.074787,5.228480,57.517593,3.420523,0.876005,0.025623,0.481602,0.004202
955,-8.222721,0.519979,5.304489,-0.765623,-50.330944,1.561094,5.056442,55.851913,3.233829,0.882925,0.025757,0.468788,0.004256
956,-8.050019,0.513059,5.527435,-0.892244,-51.107784,2.618621,4.942635,54.124191,3.118934,0.889890,0.026014,0.455409,0.004602
957,-7.875676,0.573403,5.745072,-0.960853,-48.829708,2.504268,4.875875,52.424122,3.056321,0.896536,0.026381,0.442156,0.005122
958,-7.695435,0.580443,5.946311,-0.947033,-44.299328,2.655461,4.845054,50.845097,3.029629,0.902524,0.026824,0.429766,0.005715
959,-7.571104,0.564021,6.123455,-1.168220,-38.821278,1.917006,4.806199,49.451210,3.001661,0.907670,0.027127,0.418759,0.006237
960,-7.470960,0.562904,6.291809,-1.171223,-33.318718,0.844333,4.734421,48.266281,2.941908,0.911952,0.027195,0.409342,0.006525
961,-7.372618,0.547593,6.449077,-0.887370,-29.143650,-0.116976,4.636762,47.260685,2.846285,0.915521,0.027102,0.401303,0.006525
962,-7.286106,0.528283,6.599150,-0.940774,-27.591631,-0.545769,4.516367,46.358044,2.721634,0.918675,0.026871,0.394049,0.006310
963,-7.197062,0.482948,6.731737,-0.931655,-27.985163,-0.770132,4.369058,45.476418,2.572961,0.921709,0.026475,0.386932,0.005962
964,-7.077790,0.499844,6.860028,-0.994267,-29.459076,-1.423289,4.203843,44.558857,2.402112,0.924812,0.025990,0.379497,0.005481
965,-6.943116,0.509027,6.974878,-1.363559,-32.184280,-1.873464,4.030652,43.562176,2.216411,0.928113,0.025478,0.371394,0.004902
966,-6.805251,0.521412,7.072668,-1.584805,-34.259460,-1.653723,3.862040,42.481995,2.036303,0.931605,0.024968,0.362587,0.004347
967,-6.654368,0.537883,7.169841,-1.809062,-35.408386,-1.331709,3.717098,41.350159,1.883429,0.935167,0.024540,0.353333,0.003920
968,-6.499311,0.561611,7.295391,-1.906618,-36.139202,-1.356037,3.596508,40.186821,1.754196,0.938726,0.024210,0.343793,0.003589
969,-6.385729,0.526816,7.436954,-1.872940,-37.227066,-1.056870,3.484221,38.996525,1.634402,0.942265,0.023896,0.333999,0.003292
970,-6.229445,0.514550,7.588157,-1.668383,-38.383598,-0.931683,3.373885,37.770679,1.518092,0.945801,0.023565,0.323876,0.003001
971,-6.053614,0.485718,7.763974,-1.595078,-39.624100,-1.151371,3.260715,36.493382,1.395448,0.949371,0.023207,0.313288,0.002653
972,-5.845608,0.471111,7.904914,-1.387513,-40.361107,-1.499254,3.139943,35.167526,1.258074,0.952952,0.022801,0.302255,0.002185
973,-5.648855,0.488647,8.029548,-1.474437,-39.399796,-1.665540,3.027133,33.836926,1.119200,0.956415,0.022428,0.291142,0.001654
974,-5.446833,0.494899,8.140325,-1.250036,-36.442581,-1.242796,2.939661,32.569504,1.001194,0.959590,0.022171,0.280523,0.001191
975,-5.301620,0.492902,8.258647,-1.211779,-31.992983,-0.884133,2.878508,31.431757,0.912047,0.962337,0.022022,0.270966,0.000856
976,-5.176775,0.497562,8.352362,-1.069748,-27.723375,-0.301157,2.840285,30.455393,0.853057,0.964615,0.021958,0.262746,0.000671
977,-5.078022,0.470729,8.440737,-0.994870,-23.859587,-0.273634,2.812075,29.632751,0.811683,0.966479,0.021910,0.255807,0.000571
978,-4.995513,0.468873,8.516950,-0.759791,-21.797848,-0.226290,2.785689,28.925665,0.773745,0.968043,0.021851,0.249831,0.000466
979,-4.900138,0.433490,8.589859,-0.590358,-22.023438,-0.244582,2.757783,28.257780,0.733476,0.969486,0.021773,0.244178,0.000331
980,-4.773376,0.418765,8.634851,-0.535410,-24.138138,-0.583341,2.717244,27.548054,0.678690,0.970986,0.021618,0.238158,0.000106
981,-4.632327,0.416207,8.683208,-0.491152,-26.361221,-0.951095,2.668597,26.756538,0.606381,0.972615,0.021430,0.231433,-0.000241
982,-4.483954,0.409044,8.752434,-0.349237,-28.804085,-1.143365,2.617745,25.875101,0.520784,0.974374,0.021245,0.223929,-0.000686
983,-4.329345,0.389574,8.842287,-0.375190,-30.586275,-1.651508,2.558704,24.910728,0.418180,0.976232,0.021015,0.215703,-0.001253
984,-4.173092,0.422571,8.924578,-0.559819,-30.355810,-2.292396,2.495363,23.912136,0.297847,0.978083,0.020764,0.207167,-0.001969
985,-4.020988,0.414086,9.011106,-0.546045,-28.904615,-2.547210,2.435455,22.938868,0.168614,0.979815,0.020535,0.198831,-0.002784
986,-3.895689,0.402987,9.079802,-0.639093,-27.706697,-2.884426,2.371852,22.015697,0.031880,0.981392,0.020263,0.190908,-0.003679
987,-3.764240,0.411695,9.134585,-1.002218,-26.279856,-2.705880,2.306115,21.146471,-0.102788,0.982818,0.019946,0.183437,-0.004574
988,-3.642951,0.402741,9.170909,-0.942648,-23.829075,-2.054290,2.248324,20.350973,-0.216726,0.984074,0.019645,0.176593,-0.005327
989,-3.522217,0.375492,9.205337,-0.822057,-22.321281,-1.610237,2.198077,19.629396,-0.309098,0.985171,0.019360,0.170379,-0.005927
990,-3.405890,0.384728,9.226707,-0.898312,-20.566269,-1.059371,2.155792,18.966290,-0.381109,0.986144,0.019102,0.164666,-0.006379
991,-3.296225,0.382718,9.272804,-0.843320,-18.197832,-0.116337,2.128431,18.371534,-0.421879,0.986988,0.018922,0.159540,-0.006599
992,-3.216417,0.376274,9.315479,-0.321395,-15.959091,0.703097,2.121573,17.854387,-0.428624,0.987699,0.018869,0.155083,-0.006567
993,-3.145635,0.365977,9.364507,-0.444949,-14.767118,0.550511,2.121893,17.398661,-0.422746,0.988309,0.018861,0.151155,-0.006447
994,-3.078694,0.374912,9.411612,-1.458123,-14.275534,-0.213972,2.097811,16.973156,-0.432083,0.988868,0.018662,0.147484,-0.006430
995,-3.022545,0.344286,9.456082,-2.269893,-14.752907,-1.099012,2.029879,16.550608,-0.471321,0.989414,0.018120,0.143834,-0.006619
996,-2.937699,0.339900,9.479322,-3.125936,-16.550213,-2.313656,1.918455,16.089470,-0.549211,0.989998,0.017247,0.139846,-0.007088
997,-2.832268,0.325979,9.514526,-4.213910,-18.716839,-3.656474,1.765329,15.552534,-0.671535,0.990657,0.016056,0.135197,-0.007890
998,-2.728932,0.288179,9.552279,-5.108101,-21.741079,-4.584241,1.567438,14.918489,-0.834154,0.991405,0.014507,0.129707,-0.008993
999,-2.594179,0.233631,9.589074,-4.738859,-24.808088,-4.350786,1.350861,14.171731,-1.010696,0.992242,0.012786,0.123240,-0.010206
1000,-2.469645,0.234039,9.623869,-4.606124,-28.174210,-4.758214,1.147960,13.310257,-1.188276,0.993146,0.011151,0.115778,-0.011460
1001,-2.263253,0.187115,9.656281,-4.390968,-32.111080,-5.142749,0.956469,12.312745,-1.376437,0.994116,0.009586,0.107131,-0.012837
1002,-2.055097,0.168330,9.713967,-4.017117,-36.058731,-5.649355,0.775386,11.159098,-1.577683,0.995136,0.008072,0.097123,-0.014360
1003,-1.792462,0.126794,9.696777,-2.517130,-39.031410,-4.405722,0.632979,9.865922,-1.763611,0.996156,0.006826,0.085894,-0.015807
1004,-1.564648,0.138838,9.732093,-2.135624,-39.277325,-4.324841,0.536512,8.503359,-1.923398,0.997091,0.005913,0.074048,-0.017085
1005,-1.311873,0.090832,9.749083,-0.644765,-36.216576,-3.215486,0.478894,7.180958,-2.060191,0.997862,0.005296,0.062539,-0.018204
1006,-1.192667,0.118272,9.803238,0.672143,-28.750406,-2.193110,0.476643,6.053930,-2.158978,0.998415,0.005148,0.052718,-0.019033
1007,-1.084426,0.139575,9.807803,1.827358,-19.704718,-1.160048,0.534995,5.247375,-2.219860,0.998749,0.005550,0.045677,-0.019564
1008,-1.054888,0.159476,9.861073,1.706931,-11.463010,-1.836022,0.619434,4.774842,-2.272350,0.998917,0.006226,0.041540,-0.020036
1009,-1.019706,0.161733,9.854596,2.157197,-5.949509,-1.784135,0.708193,4.568262,-2.333603,0.998974,0.006985,0.039720,-0.020593
1010,-1.020401,0.211933,9.879169,2.035348,-2.781056,-1.375176,0.830332,4.581264,-2.383627,0.998953,0.008070,0.039808,-0.021072
1011,-1.014574,0.239806,9.854507,2.069277,-3.051797,-1.666611,0.984699,4.703426,-2.428365,0.998889,0.009453,0.040841,-0.021524
1012,-1.011992,0.240403,9.866362,2.840192,-4.947706,-1.442286,1.143155,4.774944,-2.475703,0.998840,0.010865,0.041430,-0.021999
1013,-0.957833,0.247109,9.912517,3.363767,-6.817983,-0.868532,1.289113,4.706579,-2.514266,0.998843,0.012138,0.040802,-0.022381
1015,-0.950260,0.326130,9.891262,3.421998,-4.574489,-2.087735,1.459597,4.613734,-2.562886,0.998847,0.013624,0.039954,-0.022856
1016,-0.909610,0.326838,9.881153,3.388769,-3.806475,-3.015481,1.652041,4.594830,-2.644661,0.998813,0.015326,0.039739,-0.023634
1017,-0.826983,0.313017,9.892686,2.723663,-2.742630,-3.177220,1.794967,4.557501,-2.747201,0.998785,0.016600,0.039370,-0.024572
1018,-0.772040,0.251103,9.909371,1.710388,-0.899286,-3.577017,1.844541,4.506840,-2.863147,0.998770,0.017061,0.038900,-0.025593
1019,-0.754914,0.237159,9.881879,1.498015,0.409877,-2.345614,1.822464,4.481540,-2.967716,0.998758,0.016898,0.038669,-0.026494
1020,-0.735809,0.220801,9.937816,1.078048,-2.185853,0.076006,1.777412,4.420862,-3.013207,0.998775,0.016507,0.038144,-0.026867
1021,-0.740155,0.221660,9.973282,-0.371931,-3.518128,0.173643,1.701467,4.290261,-3.018715,0.998828,0.015818,0.037023,-0.026874
1022,-0.763076,0.222453,9.999857,-2.217012,-5.399641,-0.191070,1.598180,4.129931,-3.027830,0.998891,0.014884,0.035648,-0.026902
1023,-0.752570,0.259080,9.948990,-4.686048,-7.860914,-0.015596,1.460244,3.920211,-3.038864,0.998971,0.013638,0.033851,-0.026934
1024,-0.725200,0.247961,9.897696,-7.895091,-8.423904,-1.379778,1.243112,3.668727,-3.069025,0.999061,0.011696,0.031707,-0.027111
1025,-0.675832,0.160419,9.825049,-10.461752,-8.439075,-2.177842,0.919283,3.411146,-3.134681,0.999144,0.008830,0.029532,-0.027578
1026,-0.636702,0.140388,9.798934,-11.903819,-8.013246,-1.497285,0.525881,3.161565,-3.200639,0.999215,0.005356,0.027447,-0.028043
1027,-0.612385,0.070466,9.819301,-10.457277,-6.211008,0.207170,0.143105,2.954314,-3.224220,0.999270,0.001973,0.025733,-0.028156
1028,-0.600226,0.020567,9.874346,-7.596191,-3.954010,1.244797,-0.162313,2.823654,-3.200457,0.999306,-0.000727,0.024668,-0.027882
1029,-0.572714,0.038862,9.902760,-4.672457,-2.383665,1.400445,-0.349475,2.760301,-3.155260,0.999328,-0.002385,0.024161,-0.027450
1030,-0.543063,0.013919,9.916369,-1.707376,-0.756822,1.815507,-0.401268,2.759763,-3.098825,0.999341,-0.002848,0.024167,-0.026947
1031,-0.524606,-0.033004,9.929707,0.502377,1.178264,1.571371,-0.365214,2.820387,-3.039791,0.999343,-0.002532,0.024686,-0.026437
1032,-0.518836,-0.029841,9.916790,0.674940,2.345743,0.643616,-0.310119,2.915914,-3.001506,0.999332,-0.002038,0.025505,-0.026113
1033,-0.539183,0.002645,9.941651,-0.209924,3.081360,-0.169693,-0.258795,3.036653,-2.991851,0.999307,-0.001565,0.026547,-0.026037
1034,-0.574751,-0.025669,10.001804,-0.223512,3.279877,-0.041507,-0.229802,3.179380,-2.993937,0.999273,-0.001279,0.027785,-0.026058
1035,-0.584237,-0.037859,10.066371,-0.722450,2.651304,-0.528275,-0.236222,3.305137,-3.003329,0.999240,-0.001304,0.028883,-0.026136
1036,-0.581978,-0.010874,10.074664,-0.607975,0.525714,-0.743428,-0.251776,3.363964,-3.024345,0.999220,-0.001421,0.029400,-0.026313
1037,-0.586362,0.053174,10.143121,-0.476625,-2.283524,-0.587777,-0.240866,3.332308,-3.044675,0.999224,-0.001328,0.029121,-0.026494
1038,-0.580079,0.027554,10.191013,-0.189593,-6.034271,0.634498,-0.212394,3.188276,-3.041039,0.999261,-0.001114,0.027859,-0.026473
1039,-0.547223,0.033662,10.175570,-0.230661,-10.030701,1.713335,-0.184018,2.912984,-2.999030,0.999334,-0.000940,0.025451,-0.026119
1040,-0.525344,0.084151,10.111861,0.518746,-13.322129,2.915774,-0.131226,2.521955,-2.918386,0.999434,-0.000584,0.022028,-0.025434
1041,-0.443467,0.016226,9.975168,0.267115,-15.101344,4.695010,-0.076145,2.051992,-2.788799,0.999544,-0.000228,0.017917,-0.024319
1042,-0.339858,-0.106382,9.831285,-0.004553,-14.249886,5.222978,-0.079802,1.561036,-2.623101,0.999645,-0.000384,0.013635,-0.022877
1043,-0.232072,-0.086317,9.775594,0.410338,-11.620762,3.906099,-0.109841,1.118760,-2.471411,0.999720,-0.000748,0.009781,-0.021555
1044,-0.148734,-0.059670,9.695825,1.514996,-9.299903,2.827267,-0.103791,0.751917,-2.359220,0.999766,-0.000770,0.006579,-0.020580
1045,-0.067255,-0.107404,9.703681,0.994438,-6.570180,1.695027,-0.115494,0.447987,-2.284156,0.999793,-0.000930,0.003929,-0.019928
1046,-0.039238,-0.038940,9.816459,1.003380,-3.951884,-0.035375,-0.135559,0.224882,-2.256691,0.999803,-0.001144,0.001985,-0.019690
1047,-0.015065,0.067248,9.874731,1.288866,-2.888433,-0.470264,-0.062902,0.081159,-2.264863,0.999804,-0.000535,0.000719,-0.019763
1048,0.010026,0.008464,9.820254,0.710752,-2.577237,0.486492,0.023588,-0.033029,-2.264453,0.999805,0.000200,-0.000292,-0.019760
1049,-0.000632,-0.011737,9.873973,-1.051685,-1.174945,0.571944,0.019608,-0.104146,-2.246815,0.999807,0.000153,-0.000912,-0.019606
1050,-0.032411,0.068930,9.947317,-1.158405,-0.157044,0.593307,0.006552,-0.099053,-2.227441,0.999811,0.000040,-0.000865,-0.019437
1051,-0.049819,0.042315,9.950316,-0.608866,-0.397914,1.254032,0.028270,-0.051921,-2.196738,0.999816,0.000238,-0.000458,-0.019169
1052,-0.052930,-0.043577,9.857071,-0.122111,-0.737947,1.563795,0.012355,-0.008743,-2.149791,0.999824,0.000106,-0.000078,-0.018759
1053,-0.059355,-0.056263,9.874939,-0.450391,0.112231,0.834402,-0.048874,0.040239,-2.109839,0.999830,-0.000420,0.000359,-0.018411
1054,-0.069559,0.020070,9.867466,-0.201723,0.516840,0.042447,-0.074167,0.110475,-2.095266,0.999832,-0.000629,0.000976,-0.018283
1055,-0.059817,-0.034203,9.868613,-0.506894,0.584181,0.062284,-0.082552,0.178864,-2.093557,0.999832,-0.000692,0.001574,-0.018268
1056,-0.075109,-0.028618,9.944600,-0.960163,1.043648,-0.506886,-0.124259,0.246871,-2.101084,0.999829,-0.001045,0.002174,-0.018332
1057,-0.087413,-0.024534,10.014259,-1.479011,0.572306,-0.947878,-0.173232,0.316000,-2.125461,0.999823,-0.001460,0.002785,-0.018543
1058,-0.069426,0.005335,9.975232,-1.222592,-0.715464,-1.057744,-0.202801,0.341506,-2.158820,0.999817,-0.001713,0.003013,-0.018833
1059,-0.012881,-0.050043,9.922523,-0.935680,-1.595983,-0.639641,-0.229112,0.287516,-2.186916,0.999813,-0.001951,0.002547,-0.019078
1060,0.002646,-0.072610,9.881042,-0.731299,-1.786914,-0.415331,-0.280132,0.183555,-2.204340,0.999811,-0.002413,0.001649,-0.019231
1061,-0.003416,-0.094599,9.831217,-0.595645,-1.541396,-0.221539,-0.340860,0.089150,-2.214763,0.999809,-0.002959,0.000835,-0.019324
1062,-0.020339,-0.034222,9.891381,-0.559065,-0.483975,-0.441273,-0.370829,0.044076,-2.225630,0.999806,-0.003228,0.000447,-0.019420
1063,-0.058712,-0.019855,9.971750,-0.604710,0.030370,-0.287154,-0.356958,0.063269,-2.237688,0.999804,-0.003104,0.000613,-0.019524
1064,-0.089789,-0.085044,9.988209,-0.792357,-0.276093,0.092803,-0.369760,0.121239,-2.240899,0.999803,-0.003205,0.001121,-0.019551
1065,-0.091694,-0.107799,9.984612,-0.894720,-0.495540,-0.163551,-0.429521,0.179756,-2.242098,0.999800,-0.003717,0.001642,-0.019559
1066,-0.074160,-0.072921,9.981354,-0.942103,-0.724212,-0.465682,-0.479991,0.213580,-2.252529,0.999797,-0.004151,0.001946,-0.019648
1067,-0.056665,-0.094898,9.935691,-1.062670,-1.055219,-0.357342,-0.518144,0.213731,-2.266034,0.999793,-0.004484,0.001954,-0.019765
1068,-0.057275,-0.100048,9.933041,-1.416728,-0.888816,-0.512985,-0.570032,0.200343,-2.280288,0.999788,-0.004939,0.001847,-0.019889
1069,-0.077837,-0.080118,9.994318,-1.946206,-0.679643,-0.934139,-0.621848,0.204159,-2.304141,0.999782,-0.005390,0.001890,-0.020096
1070,-0.069422,-0.064711,10.011306,-1.956768,-1.337171,-1.219485,-0.656840,0.206733,-2.339577,0.999774,-0.005694,0.001921,-0.020405
1071,-0.024672,-0.104279,9.988711,-2.214545,-2.116876,-1.144714,-0.700633,0.159365,-2.378220,0.999765,-0.006084,0.001517,-0.020743
1072,0.000374,-0.129924,9.980910,-2.316770,-2.441947,-1.161500,-0.773213,0.070728,-2.415655,0.999755,-0.006733,0.000759,-0.021074
1073,0.048039,-0.125013,9.919464,-2.017688,-2.899810,-1.236271,-0.845213,-0.040095,-2.454336,0.999743,-0.007382,-0.000192,-0.021418
1074,0.108754,-0.143195,9.882409,-1.413408,-2.845132,-1.069948,-0.898931,-0.200118,-2.491270,0.999731,-0.007881,-0.001575,-0.021752
1075,0.140282,-0.148034,9.818885,-1.137198,-2.380126,-0.747984,-0.937100,-0.388398,-2.520116,0.999718,-0.008250,-0.003209,-0.022017
1076,0.135139,-0.155014,9.833630,-0.836568,-1.330629,-0.595398,-0.964057,-0.535369,-2.541457,0.999707,-0.008514,-0.004484,-0.022215
1077,0.142582,-0.183484,9.852991,-0.453584,-0.833409,-0.587771,-0.991101,-0.629466,-2.560468,0.999697,-0.008769,-0.005298,-0.022389
1078,0.147928,-0.190236,9.871782,-0.035552,-0.600116,-0.732737,-1.016978,-0.697277,-2.581847,0.999687,-0.009009,-0.005883,-0.022582
1079,0.153917,-0.179254,9.878131,0.342832,-0.414094,-0.955524,-1.022800,-0.750023,-2.609545,0.999678,-0.009072,-0.006340,-0.022828
1080,0.156212,-0.160376,9.909098,0.683138,-0.279929,-1.283600,-0.999125,-0.791269,-2.646746,0.999670,-0.008876,-0.006702,-0.023154
1081,0.156171,-0.141981,9.876398,1.095228,-0.516536,-1.370581,-0.946277,-0.827589,-2.691080,0.999663,-0.008425,-0.007026,-0.023540
1082,0.155099,-0.130736,9.856109,1.516504,-0.188525,-1.230198,-0.871962,-0.855727,-2.734687,0.999657,-0.007785,-0.007284,-0.023918
1083,0.132646,-0.131664,9.868114,1.818735,0.366916,-1.098970,-0.791307,-0.852332,-2.773918,0.999654,-0.007083,-0.007268,-0.024255
1084,0.101014,-0.094010,9.897458,2.041638,0.891952,-1.224096,-0.696854,-0.802415,-2.813324,0.999655,-0.006251,-0.006851,-0.024590
1085,0.068490,-0.070216,9.944531,1.812929,1.183629,-1.164585,-0.587131,-0.711983,-2.854087,0.999657,-0.005277,-0.006084,-0.024935
1086,0.057640,-0.066462,9.962160,1.950428,1.052662,-1.234777,-0.482513,-0.609394,-2.894861,0.999657,-0.004344,-0.005210,-0.025282
1087,0.057373,-0.067378,9.965049,1.854395,0.633253,-1.337013,-0.393671,-0.526625,-2.938136,0.999655,-0.003552,-0.004506,-0.025653
1088,0.050310,-0.049023,9.945959,1.660671,0.332818,-1.318702,-0.317500,-0.467773,-2.982601,0.999649,-0.002876,-0.004009,-0.026036
1089,0.042992,-0.053898,9.951261,1.285332,0.235310,-1.059293,-0.258220,-0.420416,-3.022325,0.999643,-0.002349,-0.003608,-0.026380
1090,0.053424,-0.071967,9.917993,0.998410,0.017214,-0.892966,-0.232458,-0.388678,-3.054767,0.999637,-0.002118,-0.003337,-0.026661
1091,0.051242,-0.070321,9.909514,0.430654,0.194289,-0.725113,-0.236098,-0.368248,-3.081552,0.999631,-0.002146,-0.003157,-0.026895
1092,0.010417,-0.043783,9.938837,-0.149262,0.603370,-0.665601,-0.247137,-0.321669,-3.104684,0.999627,-0.002232,-0.002748,-0.027096
1093,0.015257,-0.089774,9.939273,-0.449964,0.522677,-0.464178,-0.280920,-0.257829,-3.123482,0.999623,-0.002512,-0.002182,-0.027260
1094,0.062989,-0.112635,9.900908,-0.677541,0.293830,-0.416873,-0.353083,-0.233716,-3.138002,0.999618,-0.003136,-0.001954,-0.027387
1095,0.042046,-0.069241,9.905971,-0.526615,0.678325,-0.299376,-0.407956,-0.227272,-3.149888,0.999614,-0.003613,-0.001885,-0.027491
1096,-0.032545,-0.070753,9.977886,-0.956940,1.134712,-0.261227,-0.436460,-0.163400,-3.159441,0.999611,-0.003847,-0.001320,-0.027573
1097,0.011837,-0.103216,9.957317,-0.703689,0.619118,-0.294796,-0.477098,-0.091791,-3.168932,0.999609,-0.004184,-0.000686,-0.027654
1098,0.028240,-0.159883,9.913281,-0.494839,0.347512,-0.120840,-0.547422,-0.073753,-3.175921,0.999604,-0.004793,-0.000511,-0.027714
1099,-0.066075,-0.070598,9.975228,-0.945088,1.044988,-0.770883,-0.596822,-0.018876,-3.190983,0.999599,-0.005211,-0.000020,-0.027843
1100,-0.024386,-0.081928,10.005655,-0.880909,0.752214,-1.080644,-0.604801,0.061738,-3.222188,0.999591,-0.005261,0.000687,-0.028112
1101,0.094521,-0.200756,9.861197,-0.011276,-0.474781,-0.418394,-0.655831,0.028398,-3.247261,0.999582,-0.005714,0.000410,-0.028332
1102,0.057347,-0.151001,9.854743,0.078492,0.295487,-0.633554,-0.719984,-0.055853,-3.264737,0.999574,-0.006294,-0.000308,-0.028489
1103,0.038415,-0.016812,9.975192,-0.058708,1.220022,-1.214933,-0.686174,-0.074852,-3.295894,0.999568,-0.006004,-0.000481,-0.028762
1104,0.086259,-0.110289,9.974350,0.437443,0.122687,-0.407721,-0.623486,-0.101559,-3.323294,0.999564,-0.005464,-0.000728,-0.029002
1105,0.051505,-0.159793,9.912499,0.982116,-0.753400,-0.059813,-0.620419,-0.163549,-3.330957,0.999562,-0.005453,-0.001269,-0.029071
1106,0.020184,-0.052116,10.002900,0.789857,-0.252946,-0.992153,-0.589010,-0.192853,-3.348343,0.999558,-0.005187,-0.001532,-0.029224
1107,0.055841,-0.058633,9.988500,0.875500,-1.066290,-0.900599,-0.513263,-0.221768,-3.379836,0.999553,-0.004534,-0.001802,-0.029499
1108,0.060667,-0.113468,9.887855,1.026603,-1.995665,-0.482496,-0.472415,-0.294430,-3.402484,0.999547,-0.004197,-0.002446,-0.029698
1109,0.087668,-0.097542,9.827092,1.192849,-1.563943,-0.671712,-0.455349,-0.382780,-3.421152,0.999541,-0.004072,-0.003220,-0.029864
1110,0.105374,-0.083430,9.883656,0.771652,-0.578344,-0.880765,-0.432801,-0.455742,-3.446707,0.999532,-0.003895,-0.003862,-0.030088
1111,0.076556,-0.033152,9.896271,0.794613,-0.305275,-0.696129,-0.388769,-0.488617,-3.473044,0.999526,-0.003520,-0.004159,-0.030317
1112,0.058242,-0.091881,9.953434,0.687832,-0.129738,-0.357373,-0.355520,-0.482154,-3.490618,0.999522,-0.003229,-0.004111,-0.030469
1113,0.061641,-0.064964,9.931863,0.873941,-0.175423,-0.468765,-0.342659,-0.463997,-3.504236,0.999519,-0.003113,-0.003956,-0.030587
1114,0.036197,-0.058263,9.978502,0.614530,-0.073058,-0.584734,-0.318640,-0.436345,-3.521753,0.999516,-0.002896,-0.003721,-0.030738
1115,0.057890,-0.031900,9.977870,0.582534,-0.573441,-0.589311,-0.286579,-0.417216,-3.541339,0.999512,-0.002612,-0.003562,-0.030908
1116,0.100572,-0.086117,9.912495,0.970093,-1.283017,-0.282600,-0.266900,-0.453238,-3.555672,0.999508,-0.002451,-0.003881,-0.031033
1118,0.105251,-0.062621,9.948314,0.547310,0.200077,-0.418407,-0.266921,-0.497756,-3.567080,0.999503,-0.002463,-0.004269,-0.031133
1119,0.058219,-0.051289,10.119029,0.474030,1.085091,-0.549637,-0.258553,-0.482148,-3.583243,0.999499,-0.002387,-0.004135,-0.031274
1120,0.047220,-0.075554,10.124309,0.649480,0.305407,-0.218510,-0.247747,-0.443070,-3.596079,0.999498,-0.002282,-0.003797,-0.031385
1121,0.029247,-0.098439,10.112588,0.757741,-0.010378,-0.227665,-0.244195,-0.417672,-3.603374,0.999496,-0.002245,-0.003576,-0.031448
1122,0.027878,-0.050764,10.059672,0.678333,0.001918,-0.494701,-0.234963,-0.395520,-3.615299,0.999494,-0.002158,-0.003385,-0.031551
1123,0.048372,0.021805,9.927322,1.174372,-0.941022,-0.480969,-0.175778,-0.390748,-3.631684,0.999491,-0.001641,-0.003360,-0.031692
1124,0.111786,-0.008556,9.804186,1.153172,-0.741173,0.266734,-0.096410,-0.430970,-3.635461,0.999489,-0.000960,-0.003732,-0.031723
1125,0.118325,0.005756,9.836324,1.014397,0.453452,0.657370,-0.039095,-0.479137,-3.620245,0.999492,-0.000473,-0.004168,-0.031588
1126,0.073640,0.012987,9.861163,1.389856,0.979828,0.716880,0.021163,-0.472490,-3.597540,0.999499,0.000055,-0.004127,-0.031388
1127,0.015914,-0.014828,9.970682,1.318141,1.420964,0.663472,0.066806,-0.396468,-3.574500,0.999507,0.000475,-0.003476,-0.031186
1128,-0.014891,-0.032462,9.996795,1.359222,0.913119,0.465103,0.081384,-0.285686,-3.555400,0.999515,0.000633,-0.002514,-0.031020
1129,-0.038607,-0.031649,10.011666,1.240028,0.371744,-0.197148,0.081741,-0.181909,-3.550643,0.999519,0.000664,-0.001609,-0.030979
1130,-0.017679,-0.002854,9.960645,1.302470,-0.178851,-0.894496,0.094112,-0.112814,-3.568691,0.999514,0.000790,-0.001010,-0.031137
1131,0.004463,0.020815,9.939301,1.003365,-0.119217,-0.987577,0.126580,-0.086831,-3.600028,0.999506,0.001080,-0.000792,-0.031410
1132,0.026279,0.056658,9.946000,0.731826,0.126465,-1.175266,0.174363,-0.084737,-3.636097,0.999495,0.001497,-0.000787,-0.031724
1133,0.041389,0.055442,9.980982,0.330621,0.176748,-1.178319,0.220776,-0.097664,-3.675358,0.999484,0.001898,-0.000914,-0.032066
1134,0.049947,0.056158,9.959806,0.503133,-0.001899,-1.509443,0.255274,-0.123108,-3.720191,0.999470,0.002192,-0.001146,-0.032457
1135,0.045947,0.103954,9.914916,0.979371,0.181101,-2.110658,0.317434,-0.147492,-3.780610,0.999451,0.002726,-0.001378,-0.032982
1136,0.068911,0.118861,9.886498,1.042172,0.415962,-2.191532,0.411054,-0.169933,-3.852434,0.999428,0.003535,-0.001603,-0.033607
1137,0.081745,0.114188,9.865051,1.196499,0.548532,-2.098450,0.500553,-0.199675,-3.924016,0.999403,0.004306,-0.001891,-0.034229
1138,0.063795,0.113775,9.871837,1.593377,1.085500,-2.254094,0.581634,-0.211372,-3.996472,0.999378,0.005008,-0.002020,-0.034859
1139,0.029599,0.122503,9.865291,1.417992,1.485248,-1.889398,0.656181,-0.178707,-4.065184,0.999354,0.005667,-0.001762,-0.035458
1140,-0.005902,0.099823,9.932060,0.861046,1.569258,-1.216466,0.698406,-0.106171,-4.116358,0.999336,0.006057,-0.001145,-0.035908
1141,-0.031366,0.109653,9.959894,0.593959,1.026195,-0.821253,0.710354,-0.020890,-4.149748,0.999325,0.006188,-0.000407,-0.036204
1142,-0.039294,0.106796,9.989521,0.236838,0.365646,-0.337536,0.710405,0.046948,-4.168756,0.999319,0.006210,0.000184,-0.036373
1143,-0.024860,0.116524,9.976264,-0.076024,-0.816832,0.408640,0.701497,0.067919,-4.167669,0.999320,0.006139,0.000370,-0.036365
1144,0.000855,0.152410,9.978455,-0.425416,-1.921594,0.973232,0.704186,0.023915,-4.145187,0.999327,0.006149,-0.000014,-0.036166
1145,0.030830,0.119163,9.934610,-0.478771,-2.638870,1.469159,0.702146,-0.075465,-4.105402,0.999339,0.006100,-0.000878,-0.035814
1146,0.054714,0.064639,9.910588,-0.410220,-2.892320,1.850642,0.658411,-0.205178,-4.051113,0.999357,0.005679,-0.001992,-0.035334
1147,0.057843,0.074341,9.874351,-0.135739,-2.756637,1.807919,0.602741,-0.330928,-3.991030,0.999376,0.005156,-0.003069,-0.034805
1148,0.054753,0.052078,9.894832,-0.209159,-2.066959,1.546986,0.552613,-0.421597,-3.935704,0.999393,0.004693,-0.003843,-0.034320
1149,0.060853,0.024518,9.915010,-0.242967,-1.241405,1.151773,0.485392,-0.470153,-3.890824,0.999407,0.004094,-0.004244,-0.033929
1150,0.061666,0.052116,9.948822,-0.546826,-0.486010,0.751982,0.422286,-0.483776,-3.858952,0.999418,0.003541,-0.004343,-0.033653
1151,0.056511,0.062422,9.955573,-0.752908,0.028318,0.361346,0.379780,-0.468736,-3.840294,0.999425,0.003175,-0.004199,-0.033493
1152,0.066212,0.060473,9.966719,-1.088643,0.208459,0.088204,0.341097,-0.444280,-3.832725,0.999429,0.002845,-0.003974,-0.033429
1153,0.084262,0.071588,9.942077,-1.108467,0.026890,0.179760,0.307721,-0.436480,-3.828268,0.999432,0.002557,-0.003897,-0.033391
1154,0.085129,0.069916,9.950291,-1.108412,-0.261542,0.353715,0.284564,-0.448352,-3.819501,0.999434,0.002351,-0.003993,-0.033315
1155,0.093950,0.046467,9.917728,-0.818459,-0.781931,0.439167,0.258905,-0.478146,-3.806415,0.999438,0.002120,-0.004245,-0.033201
1156,0.098443,0.063343,9.922229,-0.694829,-0.884229,0.430011,0.241119,-0.521367,-3.792108,0.999440,0.001952,-0.004617,-0.033076
1157,0.097193,0.057508,9.940295,-0.626097,-1.001768,0.574974,0.235381,-0.563630,-3.775631,0.999443,0.001891,-0.004984,-0.032932
1158,0.090783,0.037822,9.938538,-0.583347,-1.245917,0.616173,0.221108,-0.601048,-3.755980,0.999448,0.001757,-0.005306,-0.032761
1159,0.095998,0.024943,9.912995,-0.247675,-1.354228,0.532248,0.199197,-0.637246,-3.736917,0.999452,0.001556,-0.005615,-0.032595
1160,0.098574,0.038546,9.903732,0.057493,-1.139035,0.344558,0.191433,-0.669416,-3.722402,0.999454,0.001480,-0.005893,-0.032468
1161,0.101803,0.039536,9.920297,-0.153064,-0.812438,0.243847,0.194785,-0.689602,-3.712763,0.999456,0.001504,-0.006070,-0.032383
1162,0.101976,0.020557,9.918537,0.060552,-0.449206,0.123299,0.189909,-0.695482,-3.706675,0.999457,0.001460,-0.006120,-0.032331
1163,0.101171,0.036940,9.933787,0.289423,0.246687,-0.307012,0.191372,-0.681137,-3.709695,0.999457,0.001477,-0.005995,-0.032357
1164,0.107683,0.075595,9.951891,0.222371,1.058536,-0.740375,0.222353,-0.644888,-3.727334,0.999454,0.001756,-0.005688,-0.032510
1165,0.094507,0.069216,9.974683,0.008882,1.510265,-0.711385,0.261388,-0.588367,-3.751749,0.999449,0.002112,-0.005206,-0.032722
1166,0.092952,0.027512,9.939566,0.330876,2.032182,-0.906705,0.273342,-0.516316,-3.778516,0.999444,0.002235,-0.004582,-0.032957
1167,0.098767,0.029961,9.907129,0.069875,3.068284,-1.332437,0.263422,-0.431328,-3.815279,0.999436,0.002172,-0.003838,-0.033279
1168,0.077604,0.030458,9.902767,0.211724,4.212705,-1.826836,0.252851,-0.315786,-3.867257,0.999425,0.002112,-0.002829,-0.033735
1169,0.047212,0.033091,9.913176,0.477186,5.526536,-2.423473,0.252219,-0.151050,-3.937294,0.999407,0.002154,-0.001393,-0.034350
1170,0.014324,0.033411,9.915832,0.551916,6.744261,-2.702717,0.259371,0.063111,-4.021770,0.999381,0.002281,0.000471,-0.035091
1171,-0.037018,0.069097,9.933736,0.080408,7.475227,-2.548598,0.270490,0.312460,-4.108173,0.999351,0.002457,0.002640,-0.035849
1172,-0.084648,0.075205,9.921892,-0.070609,8.041400,-1.999265,0.282685,0.585047,-4.182674,0.999317,0.002652,0.005012,-0.036505
1173,-0.143394,0.080505,9.874420,-0.177365,9.733723,-0.610673,0.292502,0.899146,-4.224573,0.999286,0.002840,0.007747,-0.036877
1174,-0.249594,0.069529,9.893366,0.248418,13.249585,0.970186,0.306078,1.315199,-4.216426,0.999253,0.003091,0.011371,-0.036815
1175,-0.326915,0.071587,9.882921,0.393417,16.332142,1.311993,0.326985,1.854890,-4.175458,0.999200,0.003441,0.016072,-0.036471
1176,-0.408799,0.060385,9.869290,0.489572,18.514399,1.304362,0.348999,2.481060,-4.128240,0.999110,0.003823,0.021526,-0.036075
1177,-0.528210,0.063909,9.918089,0.196601,19.294327,1.121250,0.364449,3.156101,-4.083765,0.998978,0.004158,0.027408,-0.035704
1178,-0.635662,0.078946,9.999973,-0.300832,17.966946,0.594806,0.369211,3.820584,-4.050899,0.998811,0.004396,0.033200,-0.035431
1179,-0.695323,0.061320,9.938319,-0.512924,14.687843,0.643636,0.360408,4.392271,-4.026590,0.998640,0.004487,0.038186,-0.035226
1180,-0.783337,0.043248,9.924232,-0.682323,12.815581,0.907619,0.337528,4.863079,-3.998275,0.998483,0.004421,0.042297,-0.034978
1181,-0.886561,0.043838,9.924527,-0.483985,12.611169,0.983912,0.312958,5.301764,-3.964886,0.998324,0.004326,0.046128,-0.034682
1182,-0.967538,0.015512,9.889142,0.146172,13.543597,1.052574,0.298022,5.759471,-3.929607,0.998142,0.004318,0.050121,-0.034373
1183,-1.053044,-0.017189,9.856336,0.580958,15.223744,0.843511,0.287850,6.264797,-3.897885,0.997921,0.004365,0.054526,-0.034095
1184,-1.135545,-0.002617,9.852154,0.533539,16.513260,0.014921,0.279159,6.820703,-3.883897,0.997648,0.004446,0.059370,-0.033972
1185,-1.239019,-0.015724,9.858381,0.751635,17.541842,0.170553,0.273262,7.415458,-3.881231,0.997326,0.004568,0.064549,-0.033947
1186,-1.348499,0.005332,9.839717,0.872084,18.988541,0.631369,0.276983,8.054668,-3.867930,0.996954,0.004780,0.070111,-0.033834
1187,-1.468943,0.017652,9.816656,1.390830,21.581232,1.519448,0.303135,8.765782,-3.830525,0.996508,0.005190,0.076290,-0.033526
1188,-1.597948,0.043295,9.723999,1.992009,25.145962,2.671515,0.362237,9.586696,-3.756454,0.995954,0.005887,0.083414,-0.032925
1189,-1.764858,0.062226,9.708154,1.334328,29.466070,4.177601,0.437237,10.549457,-3.634248,0.995246,0.006713,0.091764,-0.031926
1190,-1.950636,0.095905,9.689400,0.734661,32.518181,5.323573,0.510001,11.645635,-3.463148,0.994363,0.007491,0.101271,-0.030512
1191,-2.132889,0.082237,9.680702,0.887271,33.835323,6.045337,0.584802,12.816688,-3.257634,0.993321,0.008242,0.111423,-0.028816
1192,-2.315061,0.092110,9.642549,0.682787,33.461712,5.289999,0.656327,13.996985,-3.051453,0.992163,0.008927,0.121647,-0.027125
1193,-2.503402,0.086175,9.658305,-0.089361,31.725410,3.812894,0.701424,15.132142,-2.883209,0.990941,0.009378,0.131473,-0.025744
1194,-2.656790,0.082542,9.590098,-0.159607,29.799841,2.256434,0.714509,16.193037,-2.768818,0.989703,0.009574,0.140648,-0.024797
1195,-2.784568,0.074846,9.469224,-0.153577,28.530365,0.735065,0.708310,17.187155,-2.709519,0.988456,0.009643,0.149235,-0.024300
1196,-2.922022,0.097003,9.350032,0.107299,28.522795,-0.761885,0.695484,18.152912,-2.702245,0.987163,0.009711,0.157564,-0.024241
1197,-3.088763,0.115331,9.280085,0.372795,29.894670,-0.870231,0.694313,19.144299,-2.719644,0.985757,0.009919,0.166098,-0.024408
1198,-3.250000,0.125676,9.184831,0.803122,31.457319,-0.008080,0.717629,20.191647,-2.720319,0.984193,0.010325,0.175096,-0.024466
1199,-3.429007,0.136738,9.090818,1.665304,34.062210,0.774731,0.778736,21.317129,-2.688031,0.982424,0.011015,0.184744,-0.024307
1200,-3.630547,0.172052,9.049000,2.698421,38.618790,2.083998,0.896775,22.569719,-2.610644,0.980347,0.012130,0.195455,-0.023870
1201,-3.841383,0.172484,8.970100,3.336332,43.669796,4.195905,1.074092,23.986887,-2.462801,0.977861,0.013632,0.207546,-0.022968
1202,-4.070152,0.195094,8.899621,3.351645,47.953266,5.050444,1.287287,25.559879,-2.251917,0.974928,0.015300,0.220935,-0.021647
1203,-4.337659,0.213683,8.826037,3.592779,51.432579,5.274768,1.520453,27.260817,-2.009500,0.971546,0.017024,0.235375,-0.020166
1204,-4.647829,0.231802,8.751923,3.672140,52.986187,5.557065,1.769017,29.049257,-1.746265,0.967753,0.018763,0.250509,-0.018621
1205,-4.927697,0.223692,8.654920,3.307407,51.373497,5.140460,2.008889,30.835461,-1.480221,0.963724,0.020331,0.265573,-0.017110
1206,-5.194535,0.234282,8.550278,2.350562,47.827419,4.235528,2.206516,32.524620,-1.240632,0.959697,0.021514,0.279767,-0.015783
1207,-5.398086,0.252547,8.404229,1.888096,42.718719,3.452656,2.361707,34.052685,-1.036143,0.955874,0.022351,0.292559,-0.014678
1208,-5.549978,0.264917,8.239007,2.403741,37.555000,2.833054,2.502574,35.387962,-0.863158,0.952389,0.023093,0.303695,-0.013811
1209,-5.688650,0.259607,8.106119,2.617237,32.185188,1.918934,2.631098,36.527138,-0.729824,0.949310,0.023797,0.313161,-0.013241
1210,-5.795907,0.257316,7.952707,2.621657,27.549290,1.053626,2.729496,37.486176,-0.645669,0.946642,0.024364,0.321102,-0.012987
1211,-5.865606,0.268147,7.825974,2.629120,24.364496,-0.042105,2.796994,38.303635,-0.611030,0.944315,0.024804,0.327847,-0.013042
1212,-5.978995,0.309155,7.724166,2.505387,23.093191,-0.701398,2.849803,39.042957,-0.610184,0.942167,0.025216,0.333927,-0.013327
1213,-6.123869,0.333945,7.686775,1.580588,24.086380,-0.748763,2.893622,39.783329,-0.613443,0.939978,0.025563,0.340002,-0.013623
1214,-6.209127,0.347881,7.597952,0.887754,25.906626,-0.381058,2.927590,40.571339,-0.599866,0.937610,0.025775,0.346458,-0.013765
1215,-6.334399,0.361913,7.515754,0.761059,27.989340,0.134677,2.972758,41.425434,-0.556268,0.934995,0.025979,0.353442,-0.013713
1216,-6.500238,0.384042,7.437500,0.884641,29.327444,0.401705,3.045066,42.345982,-0.482202,0.932116,0.026296,0.360950,-0.013519
1217,-6.624231,0.355637,7.324092,1.633844,30.821226,0.668723,3.141765,43.322548,-0.392175,0.928993,0.026740,0.368891,-0.013298
1218,-6.680981,0.339026,7.148011,2.268568,30.946260,0.702241,3.254456,44.326580,-0.300978,0.925708,0.027289,0.377025,-0.013144
1219,-6.796382,0.352990,6.994775,2.306646,31.982285,0.592312,3.378743,45.352551,-0.208390,0.922275,0.027903,0.385306,-0.013043
1221,-6.983574,0.407485,6.825319,2.038055,34.408516,0.416803,3.523100,46.458740,-0.098416,0.918488,0.028587,0.394202,-0.012913
1222,-7.156567,0.416275,6.638273,2.111308,37.756542,0.783025,3.699570,47.694786,0.045362,0.914154,0.029363,0.404103,-0.012689
1223,-7.341854,0.417236,6.446805,1.336144,39.642857,1.744346,3.903638,49.045475,0.239750,0.909296,0.030119,0.414877,-0.012234
1224,-7.561434,0.443441,6.247667,0.460273,40.618298,2.763652,4.139748,50.469307,0.506279,0.904038,0.030789,0.426188,-0.011404
1225,-7.745541,0.466741,6.035080,0.567117,40.368519,3.447268,4.429264,51.925728,0.846509,0.898507,0.031511,0.437706,-0.010280
1226,-7.857530,0.433637,5.831284,1.351452,39.613678,4.422307,4.778224,53.366222,1.242954,0.892878,0.032378,0.449043,-0.009035
1227,-7.959746,0.436291,5.655297,1.751211,38.451347,4.965459,5.179109,54.756104,1.684141,0.887294,0.033365,0.459930,-0.007738
1228,-8.072048,0.488753,5.455996,2.184550,37.487331,4.525928,5.629028,56.094555,2.158354,0.881774,0.034483,0.470366,-0.006482
1229,-8.228808,0.580880,5.292547,2.534015,37.773029,3.921671,6.142353,57.414463,2.669477,0.876188,0.035806,0.480609,-0.005327
1230,-8.381320,0.544587,5.143575,2.361614,38.527157,5.142420,6.717869,58.740368,3.243329,0.870437,0.037184,0.490857,-0.004105
1231,-8.450253,0.549107,4.977225,2.015206,37.590488,5.812235,7.338627,60.040199,3.886596,0.864664,0.038450,0.500870,-0.002699
1232,-8.512358,0.597625,4.792581,1.540615,34.752426,5.874731,7.999977,61.250828,4.585466,0.859154,0.039648,0.510177,-0.001166
1233,-8.572687,0.633591,4.656319,1.769484,32.056179,6.152406,8.706285,62.340450,5.329820,0.854069,0.040880,0.518551,0.000424
1234,-8.604561,0.575753,4.491751,2.543068,29.527691,6.358295,9.423711,63.318356,6.072423,0.849401,0.042116,0.526061,0.001878
1235,-8.648025,0.661181,4.342425,4.030768,27.427942,4.333255,10.122099,64.210159,6.750138,0.845069,0.043430,0.532883,0.002871
1236,-8.766055,0.745255,4.203438,5.260636,26.538248,1.987865,10.803167,65.058189,7.340203,0.840893,0.044937,0.539322,0.003214
1237,-8.882977,0.771422,4.018092,6.177717,27.591143,0.371908,11.460468,65.937172,7.853000,0.836538,0.046493,0.545925,0.002957
1238,-8.947238,0.817353,3.801842,6.325752,30.701115,-0.580251,12.148207,66.921371,8.370358,0.831626,0.048029,0.553250,0.002356
1239,-9.028924,0.907533,3.586741,6.156443,35.701836,-1.065386,12.988261,68.064636,9.035736,0.825832,0.049637,0.561725,0.001758
1240,-9.113697,0.865812,3.374300,6.188570,41.409134,-0.412165,14.053924,69.395203,9.936528,0.818957,0.051275,0.571557,0.001290
1241,-9.176455,0.812679,3.133606,5.874269,45.914047,0.051731,15.347434,70.895134,11.087140,0.811056,0.052749,0.582584,0.000912
1242,-9.263529,0.759196,2.960194,5.624011,48.084229,0.022632,16.842598,72.484024,12.461864,0.802515,0.053944,0.594188,0.000524
1243,-9.382997,0.711410,2.774493,5.175336,46.625626,-0.404847,18.451933,74.049362,13.967877,0.793940,0.054783,0.605523,-0.000007
1244,-9.457059,0.672011,2.582244,4.450438,41.551964,-1.328339,20.013510,75.480713,15.441585,0.785991,0.055186,0.615769,-0.000771
1245,-9.548816,0.721141,2.382962,2.977839,34.544842,-2.700435,21.374252,76.699242,16.736612,0.779177,0.055153,0.624371,-0.001681
1246,-9.620101,0.749869,2.206150,1.749412,28.708035,-3.762670,22.479208,77.703102,17.803362,0.773557,0.054757,0.631351,-0.002601
1247,-9.634584,0.773612,1.993024,1.149690,25.181488,-3.938254,23.451046,78.559601,18.755404,0.768746,0.054198,0.637244,-0.003447
1248,-9.584803,0.748232,1.802749,1.026074,25.018143,-3.926097,24.516304,79.365974,19.807766,0.764154,0.053639,0.642786,-0.004204
1249,-9.546019,0.730259,1.637081,0.696465,27.618292,-4.341184,25.862057,80.215858,21.148180,0.759233,0.053024,0.648637,-0.004924
1250,-9.475933,0.708710,1.439815,0.055576,32.481441,-4.534994,27.823330,81.183693,23.123087,0.753487,0.052285,0.655357,-0.005535
1251,-9.474959,0.689809,1.227311,-0.635661,38.469273,-4.991245,30.948175,82.314484,26.288416,0.746534,0.051380,0.663334,-0.005983
1252,-9.553792,0.678624,0.987914,-1.197186,44.329010,-4.740974,36.248363,83.591118,31.655493,0.738222,0.050365,0.672647,-0.006214
1253,-9.722461,0.651138,0.759940,-1.314665,48.035721,-3.430184,45.614887,84.888176,41.106369,0.728783,0.049436,0.682931,-0.006136
1254,-9.836363,0.612214,0.527564,-1.030831,48.840084,-1.689115,61.732449,85.955956,57.310345,0.718795,0.048766,0.693485,-0.005761
1255,-9.920636,0.584593,0.299434,-0.730217,46.510113,-0.128141,85.106598,86.468643,80.762299,0.708943,0.048410,0.703583,-0.005166
1256,-9.962825,0.545400,0.082338,-0.565419,41.997952,1.434311,108.418457,86.293503,104.141533,0.699834,0.048323,0.712655,-0.004421
1257,-9.919670,0.523668,-0.100595,-0.754640,36.905815,1.197646,124.810120,85.706139,120.596214,0.691821,0.048269,0.720445,-0.003688
1258,-9.833981,0.584415,-0.288250,-1.398591,32.639099,-0.473346,135.282028,85.004639,131.141083,0.684875,0.047982,0.727073,-0.003064
1259,-9.790843,0.621410,-0.477827,-2.190563,29.759422,-0.920444,142.276688,84.284782,138.230179,0.678683,0.047473,0.732892,-0.002394
1260,-9.751919,0.602100,-0.652166,-2.981009,28.835995,-0.793769,147.317245,83.548790,143.389908,0.672840,0.046811,0.738304,-0.001572
1261,-9.686665,0.628505,-0.818301,-3.460166,29.395794,-0.541951,151.196381,82.767090,147.409180,0.666961,0.046088,0.743666,-0.000549
1262,-9.631760,0.677330,-1.012632,-3.925597,31.037529,-0.232065,154.245850,81.898575,150.616028,0.660709,0.045456,0.749264,0.000779
1263,-9.582032,0.625274,-1.206340,-4.084311,33.677303,0.401312,156.816406,80.921257,153.355392,0.653812,0.044862,0.755323,0.002289
1264,-9.514544,0.586316,-1.423134,-4.127039,36.347675,0.022902,159.193069,79.833664,155.905151,0.646133,0.044132,0.761938,0.003720
1265,-9.479526,0.647470,-1.647860,-3.768446,38.191074,-0.379911,161.298798,78.644417,158.182327,0.637748,0.043358,0.769007,0.005090
1266,-9.429665,0.678918,-1.917918,-3.632648,39.795002,-0.419473,163.043610,77.360168,160.094406,0.628731,0.042695,0.776422,0.006523
1267,-9.360681,0.708217,-2.130627,-3.260339,41.145687,1.050155,164.385025,75.993690,161.595413,0.619181,0.042304,0.784066,0.008137
1268,-9.314399,0.655214,-2.316924,-3.219154,40.797970,3.543639,165.289612,74.600609,162.645966,0.609491,0.042329,0.791599,0.010000
1269,-9.295185,0.633472,-2.519330,-3.481608,39.507153,3.929711,165.929031,73.244225,163.426361,0.600030,0.042502,0.798759,0.011947
1270,-9.252949,0.599159,-2.735147,-4.421546,38.300220,2.626481,166.534348,71.946632,164.190567,0.590863,0.042318,0.805544,0.013753
1271,-9.237457,0.623240,-2.914953,-4.738894,36.580521,2.272319,167.109314,70.716866,164.946198,0.582069,0.041754,0.811920,0.015436
1272,-9.291341,0.615878,-3.074013,-4.433659,34.442596,2.427790,167.577652,69.578636,165.593399,0.573876,0.041129,0.817732,0.017030
1273,-9.308570,0.649042,-3.297452,-4.030762,33.211010,0.846744,168.029495,68.515579,166.214096,0.566145,0.040381,0.823111,0.018370
1274,-9.226812,0.689822,-3.483807,-3.212824,33.052174,-0.717474,168.538803,67.475601,166.882065,0.558485,0.039420,0.828351,0.019368
1275,-9.152512,0.745961,-3.683828,-1.943236,32.695015,-1.511020,169.069244,66.434143,167.547089,0.550747,0.038456,0.833544,0.020067
1276,-9.016780,0.760301,-3.837209,-0.543969,32.815506,-1.935222,169.595459,65.384850,168.170807,0.542904,0.037651,0.838701,0.020473
1277,-8.862727,0.714370,-4.022411,-0.199107,32.725479,-2.655463,170.155365,64.322258,168.802307,0.534896,0.036831,0.843865,0.020551
1278,-8.767338,0.744735,-4.187285,0.144228,32.052605,-2.689028,170.700577,63.258663,169.410309,0.526835,0.035985,0.848958,0.020493
1279,-8.756556,0.750769,-4.355084,-0.099944,31.243893,-1.239345,171.120621,62.217609,169.888733,0.518951,0.035384,0.853822,0.020626
1280,-8.693622,0.700346,-4.466495,-0.333428,30.606009,1.383747,171.379929,61.209740,170.196487,0.511345,0.035215,0.858395,0.021068
1281,-8.670969,0.664010,-4.634461,-1.148256,29.774261,2.549506,171.524048,60.235378,170.385406,0.504002,0.035342,0.862704,0.021761
1282,-8.611274,0.767891,-4.824135,-1.557209,29.952694,2.776862,171.574463,59.263828,170.497589,0.496685,0.035606,0.866901,0.022792
1283,-8.470729,0.808899,-4.971465,-1.885342,31.835636,4.292200,171.518539,58.236458,170.516571,0.488960,0.036159,0.871218,0.024265
1284,-8.322742,0.763353,-5.117735,-1.862488,34.089436,5.538942,171.424866,57.121307,170.490295,0.480553,0.036982,0.875802,0.025920
1285,-8.199218,0.801085,-5.338752,-1.935731,36.904865,5.404673,171.358261,55.899681,170.485748,0.471276,0.037860,0.880742,0.027565
1286,-8.030700,0.916462,-5.529852,-1.705356,41.089161,6.050228,171.278046,54.532093,170.473770,0.460831,0.038881,0.886147,0.029427
1287,-7.868861,0.915995,-5.675012,-1.616918,45.519146,7.443532,171.170410,53.009254,170.429733,0.449142,0.040198,0.891999,0.031529
1288,-7.756390,0.953183,-5.876707,-1.192760,48.288887,7.561125,171.082214,51.376331,170.392883,0.436510,0.041654,0.898106,0.033625
1289,-7.607524,0.981089,-6.057115,-0.535128,50.114017,7.935050,171.026428,49.683861,170.371399,0.423309,0.043178,0.904256,0.035589
1290,-7.474939,1.006189,-6.244800,-0.005663,50.556564,6.732663,171.021973,47.981037,170.387741,0.409904,0.044601,0.910274,0.037294
1291,-7.351230,0.985986,-6.429166,0.424655,49.427280,4.884745,171.105347,46.329975,170.489410,0.396756,0.045588,0.915981,0.038532
1292,-7.205039,0.950687,-6.637189,0.751280,47.141251,2.961965,171.284927,44.771759,170.686005,0.384192,0.046014,0.921273,0.039191
1293,-6.987223,0.905680,-6.848229,0.344014,43.936619,1.470947,171.529678,43.313824,170.955093,0.372306,0.045914,0.926136,0.039404
1294,-6.806999,0.982345,-7.065657,-0.220432,40.925842,0.166116,171.766068,41.948318,171.246521,0.361098,0.045451,0.930578,0.039595
1295,-6.612976,0.994597,-7.210745,-0.537740,39.122097,0.459001,171.948502,40.653500,171.510315,0.350439,0.044918,0.934652,0.040004
1296,-6.465373,1.008639,-7.389697,-1.247234,37.937893,0.544386,172.081528,39.403412,171.739517,0.340127,0.044429,0.938451,0.040613
1297,-6.317463,1.008670,-7.542220,-1.932317,37.272503,1.082978,172.168701,38.181709,171.940720,0.330032,0.043973,0.942034,0.041442
1298,-6.195207,1.083176,-7.641639,-1.865171,37.225060,0.852538,172.213150,36.983582,172.115112,0.320115,0.043569,0.945422,0.042486
1299,-6.064492,1.122268,-7.735881,-1.412045,36.289425,0.585525,172.234634,35.824635,172.274261,0.310499,0.043177,0.948591,0.043613
1300,-5.896219,1.111484,-7.825228,-1.044381,33.928532,0.742718,172.258011,34.733887,172.421844,0.301416,0.042820,0.951486,0.044611
1301,-5.711030,1.090151,-7.887974,-0.194488,30.394182,0.242208,172.306229,33.744972,172.565826,0.293142,0.042468,0.954051,0.045293
1302,-5.522139,1.131716,-7.987311,0.627928,27.071980,-1.277611,172.388138,32.863205,172.727493,0.285716,0.041959,0.956307,0.045637
1303,-5.363211,1.149590,-8.114371,1.114603,25.121674,-2.060371,172.491394,32.049404,172.910019,0.278824,0.041261,0.958363,0.045781
1304,-5.214525,1.078350,-8.224900,1.358704,25.464930,-2.029831,172.624756,31.240768,173.108536,0.271942,0.040477,0.960376,0.045679
1305,-5.092231,1.117526,-8.334117,1.758468,27.404369,-2.594408,172.779770,30.379204,173.323013,0.264589,0.039619,0.962475,0.045436
1306,-4.972505,1.100214,-8.425654,1.935416,29.792450,-1.887868,172.932297,29.439165,173.535095,0.256563,0.038796,0.964689,0.045220
1307,-4.872740,1.056374,-8.477487,2.185637,31.118443,-1.259172,173.087570,28.447054,173.730469,0.248087,0.038121,0.966944,0.044938
1308,-4.741332,0.989500,-8.514471,2.217714,30.791769,-0.613739,173.252762,27.458061,173.909363,0.239621,0.037572,0.969118,0.044498
1309,-4.626707,0.991310,-8.620486,1.901907,28.774319,-0.796904,173.411362,26.521038,174.074097,0.231585,0.037065,0.971111,0.044021
1310,-4.526669,0.932952,-8.702766,1.789076,26.645418,-0.046220,173.558151,25.664770,174.218689,0.224229,0.036630,0.972874,0.043530
1311,-4.382414,0.935896,-8.743176,1.612175,24.936113,-0.223311,173.694946,24.879787,174.343811,0.217477,0.036276,0.974442,0.043025
1312,-4.271337,0.959404,-8.848824,1.697687,23.348894,-1.242687,173.819626,24.148443,174.474792,0.211172,0.035800,0.975864,0.042587
1313,-4.174109,0.967424,-8.917331,1.909806,22.904591,-1.885137,173.943298,23.452648,174.623230,0.205156,0.035136,0.977190,0.042151
1314,-4.041496,0.940680,-8.943904,2.506448,22.739534,-2.416189,174.082993,22.768280,174.787857,0.199220,0.034338,0.978470,0.041582
1315,-3.909929,0.954120,-9.030358,3.081713,22.226610,-3.282932,174.244080,22.085478,174.971664,0.193277,0.033392,0.979725,0.040840
1316,-3.817417,0.941494,-9.126377,3.608122,22.400394,-3.150181,174.417252,21.399010,175.161835,0.187292,0.032392,0.980956,0.039983
1318,-3.633146,0.908913,-9.180678,3.310537,23.494381,-1.346535,174.580978,20.669910,175.317245,0.180952,0.031672,0.982202,0.039146
1319,-3.441408,0.861431,-9.222398,2.945843,24.374870,0.005437,174.721329,19.869698,175.420410,0.174020,0.031375,0.983492,0.038436
1320,-3.271110,0.887163,-9.270823,3.223545,25.183744,0.834032,174.841263,19.012394,175.483810,0.166608,0.031394,0.984796,0.037850
1321,-3.089202,0.862962,-9.267707,3.421864,25.684443,1.490216,174.949799,18.115892,175.517776,0.158861,0.031649,0.986087,0.037324
1322,-2.937324,0.833765,-9.332003,3.383684,24.546326,1.748129,175.060242,17.220558,175.534836,0.151120,0.032034,0.987313,0.036749
1323,-2.826146,0.821515,-9.357673,3.168508,22.900049,1.494849,175.167938,16.378716,175.547134,0.143832,0.032418,0.988410,0.036165
1324,-2.751061,0.854584,-9.445318,3.188281,20.972916,0.843307,175.262955,15.618577,175.565201,0.137243,0.032689,0.989356,0.035660
1325,-2.644770,0.820149,-9.484762,2.435916,19.674400,1.096640,175.340515,14.928501,175.583054,0.131257,0.032901,0.990174,0.035274
1326,-2.566510,0.794012,-9.559560,1.643916,18.507074,1.212623,175.399704,14.289376,175.593262,0.125714,0.033129,0.990895,0.035015
1327,-2.455249,0.750574,-9.551293,1.251755,18.276636,1.168368,175.451065,13.680739,175.603058,0.120434,0.033335,0.991551,0.034810
1328,-2.374521,0.717169,-9.606749,1.795045,17.971413,0.800602,175.521454,13.086351,175.622162,0.115264,0.033468,0.992173,0.034441
1329,-2.257972,0.667524,-9.618737,2.251421,18.850304,0.426718,175.627777,12.483764,175.657318,0.110006,0.033492,0.992792,0.033776
1330,-2.136966,0.664304,-9.627862,2.707822,19.961164,-0.517865,175.760040,11.842873,175.717117,0.104397,0.033328,0.993432,0.032917
1331,-1.990374,0.674956,-9.586305,3.113819,21.209394,-1.158774,175.899414,11.154757,175.802109,0.098367,0.032954,0.994089,0.032026
1332,-1.881861,0.721156,-9.600592,2.991748,21.552767,-1.157247,176.018814,10.436732,175.892654,0.092078,0.032508,0.994728,0.031312
1333,-1.755078,0.694686,-9.621968,2.581219,21.003471,-0.838314,176.111969,9.722267,175.973145,0.085828,0.032114,0.995316,0.030805
1334,-1.652908,0.674932,-9.647422,2.233266,19.228844,-0.702498,176.192963,9.048786,176.042801,0.079936,0.031781,0.995830,0.030371
1335,-1.568479,0.661489,-9.670682,2.091319,17.155092,-0.400360,176.264862,8.449906,176.100220,0.074697,0.031515,0.996257,0.029977
1336,-1.491991,0.658945,-9.728455,1.894433,15.052300,-0.082966,176.327209,7.931116,176.141830,0.070158,0.031350,0.996603,0.029624
1337,-1.390738,0.635920,-9.719455,1.488503,13.613279,0.347346,176.378342,7.472574,176.166824,0.066150,0.031299,0.996887,0.029337
1338,-1.331546,0.647692,-9.678281,0.807896,12.416862,0.840220,176.406021,7.060802,176.172928,0.062559,0.031382,0.997120,0.029226
1339,-1.250372,0.689507,-9.661963,0.151633,11.061734,1.250701,176.391846,6.694685,176.159073,0.059380,0.031601,0.997300,0.029455
1340,-1.185049,0.712709,-9.718794,-0.770201,9.569288,1.783265,176.333557,6.370564,176.124908,0.056585,0.031964,0.997434,0.030045
1341,-1.099420,0.773036,-9.696896,-1.936251,9.657738,2.038119,176.222275,6.059881,176.074951,0.053925,0.032438,0.997534,0.031086
1342,-1.037954,0.760866,-9.708164,-1.533669,9.357111,2.112917,176.093079,5.743321,176.019730,0.051222,0.032957,0.997621,0.032286
1343,-0.978837,0.736721,-9.727881,-0.510029,8.574310,2.064113,175.989624,5.440261,175.964035,0.048630,0.033492,0.997701,0.033259
1344,-0.988219,0.710371,-9.827165,1.604722,7.495388,1.732999,175.958099,5.191452,175.914993,0.046487,0.033986,0.997775,0.033593
1345,-0.974994,0.660208,-9.813552,4.523840,6.784055,0.933395,176.063507,5.014037,175.887558,0.044919,0.034323,0.997864,0.032722
1346,-1.009105,0.522385,-9.857953,7.840038,4.503896,0.545749,176.359772,4.932413,175.883652,0.044120,0.034497,0.997975,0.030167
1347,-1.029757,0.470050,-9.896767,8.534937,3.471767,0.298456,176.783997,4.950884,175.891479,0.044151,0.034587,0.998075,0.026469
1348,-1.013392,0.463915,-9.903565,7.052218,4.266148,0.467754,177.164413,4.978610,175.897018,0.044277,0.034679,0.998149,0.023149
1349,-0.930512,0.442641,-9.842845,4.566748,5.693983,0.733220,177.423218,4.920298,175.891312,0.043691,0.034841,0.998218,0.020911
1350,-0.834878,0.488912,-9.844833,1.073902,7.100773,1.273391,177.514740,4.733903,175.867477,0.042044,0.035121,0.998295,0.020165
1351,-0.735599,0.579211,-9.834928,-2.869323,8.960979,1.889890,177.422470,4.438250,175.821671,0.039505,0.035548,0.998365,0.021048
1352,-0.646485,0.654332,-9.905306,-4.934248,10.784654,2.539970,177.201111,4.057095,175.756485,0.036266,0.036125,0.998422,0.023080
1353,-0.552853,0.708412,-9.849505,-6.639123,13.006660,3.296872,176.898209,3.590948,175.672150,0.032319,0.036879,0.998462,0.025850
1354,-0.530823,0.722598,-9.844801,-6.648678,13.562323,3.902702,176.570786,3.085168,175.571045,0.028044,0.037804,0.998475,0.028848
1355,-0.550481,0.661134,-9.876947,-6.230824,14.310094,4.420010,176.288361,2.595631,175.457794,0.023903,0.038864,0.998463,0.031454
1356,-0.499222,0.625950,-9.872320,-7.869720,16.574501,5.144824,176.035049,2.087705,175.332230,0.019600,0.040062,0.998432,0.033818
1357,-0.385961,0.636150,-9.753160,-9.647370,17.895876,5.181438,175.752182,1.521837,175.202042,0.014811,0.041334,0.998370,0.036469
1358,-0.268208,0.714077,-9.782898,-7.953543,16.228003,3.603627,175.469391,0.952665,175.099960,0.009989,0.042385,0.998285,0.039134
1359,-0.088242,0.838499,-9.756907,-6.850350,15.082098,2.691129,175.209137,0.407698,175.037613,0.005361,0.043105,0.998190,0.041603
1360,0.081587,0.982297,-9.711504,-5.265141,13.037578,2.434794,174.950226,-0.121684,174.992355,0.000865,0.043690,0.998073,0.044058
1361,0.193599,1.055431,-9.677588,-1.284361,9.084221,2.199831,174.751389,-0.575151,174.948639,-0.002991,0.044250,0.997958,0.045963
1362,0.184704,1.057465,-9.746200,2.571142,4.644115,2.202909,174.645935,-0.894162,174.897766,-0.005708,0.044825,0.997872,0.047005
1363,0.149648,0.951462,-9.815034,4.443108,2.129554,3.074224,174.677872,-1.055731,174.821655,-0.007096,0.045551,0.997840,0.046794
1364,0.044040,0.822131,-9.881358,4.766667,0.946824,3.727308,174.849319,-1.082691,174.713074,-0.007356,0.046496,0.997863,0.045319
1365,-0.032067,0.704223,-9.908734,4.661654,0.066021,3.495341,175.077423,-1.023875,174.593567,-0.006891,0.047500,0.997908,0.043316
1366,-0.076437,0.663393,-9.934750,3.882271,-0.132803,2.590433,175.312668,-0.917465,174.491135,-0.006025,0.048341,0.997961,0.041229
1367,-0.079384,0.654356,-9.920683,3.105911,-0.021881,1.430697,175.514130,-0.801989,174.423126,-0.005081,0.048883,0.998013,0.039430
1368,-0.065556,0.662693,-9.863815,2.477596,0.188074,0.502889,175.699173,-0.651445,174.390289,-0.003838,0.049112,0.998072,0.037755
1369,-0.012782,0.672526,-9.816005,1.676826,-0.187937,-0.127362,175.853760,-0.492923,174.383438,-0.002521,0.049117,0.998128,0.036342
1370,0.037090,0.724733,-9.826187,0.797997,-0.252360,-0.586690,175.920700,-0.401154,174.394684,-0.001754,0.048989,0.998159,0.035719
1371,0.049353,0.731072,-9.869241,0.515624,-0.443231,-0.792699,175.923340,-0.355229,174.416946,-0.001362,0.048781,0.998171,0.035677
1372,0.090223,0.753064,-9.848185,-0.030809,-0.055629,-0.653840,175.893509,-0.349608,174.440643,-0.001308,0.048573,0.998172,0.035934
1373,0.083534,0.791530,-9.871532,-0.075318,-0.304254,-0.603479,175.827118,-0.367262,174.461533,-0.001440,0.048398,0.998159,0.036519
1374,0.092377,0.806681,-9.859237,0.597288,-0.084420,-0.473770,175.753830,-0.384604,174.479507,-0.001566,0.048248,0.998143,0.037165
1375,0.071592,0.763949,-9.804324,0.729805,0.052980,-0.026671,175.716400,-0.400152,174.488190,-0.001689,0.048178,0.998133,0.037497
1376,0.061784,0.714224,-9.781490,0.937297,-0.444474,0.011477,175.735687,-0.393067,174.488007,-0.001635,0.048177,0.998140,0.037326
1377,0.008304,0.678189,-9.846483,1.494403,-1.064127,-0.156383,175.812180,-0.335809,174.488342,-0.001168,0.048154,0.998167,0.036636
1378,-0.003104,0.672665,-9.856559,1.311495,-0.969752,-0.287628,175.909576,-0.243243,174.493042,-0.000404,0.048084,0.998203,0.035749
1379,-0.003465,0.636539,-9.828646,0.914977,-0.889084,-0.440234,176.002365,-0.160049,174.502762,0.000278,0.047973,0.998238,0.034906
1380,0.010708,0.655289,-9.815417,0.808351,-1.539248,-1.042983,176.077972,-0.087876,174.524521,0.000869,0.047763,0.998272,0.034217
1381,-0.008693,0.681669,-9.834750,1.211241,-2.291607,-1.546543,176.122864,-0.001563,174.563202,0.001591,0.047400,0.998303,0.033791
1382,0.005752,0.701798,-9.808024,0.341376,-2.154310,-1.390902,176.127228,0.084549,174.607056,0.002326,0.046993,0.998323,0.033718
1383,0.008163,0.692128,-9.799282,-0.121107,-2.254966,-1.085713,176.099060,0.146995,174.643234,0.002871,0.046659,0.998330,0.033938
1384,-0.021586,0.719600,-9.851100,0.014552,-2.468545,-0.879710,176.060349,0.214949,174.670456,0.003471,0.046400,0.998330,0.034249
1385,-0.033376,0.708529,-9.888162,-0.232793,-1.527035,-0.231190,176.020447,0.279010,174.684219,0.004041,0.046260,0.998323,0.034571
1386,-0.032998,0.719973,-9.849741,-1.023342,-0.348983,0.403598,175.969498,0.300866,174.679047,0.004253,0.046296,0.998305,0.035006
1387,-0.045591,0.675120,-9.855409,0.262984,-0.449653,0.165557,175.949326,0.303143,174.668610,0.004285,0.046386,0.998295,0.035180
1388,-0.049336,0.672635,-9.867882,0.789516,-0.332139,-0.292220,175.988785,0.311809,174.669922,0.004344,0.046373,0.998307,0.034833
1389,-0.040088,0.668756,-9.865295,0.673640,0.116515,-0.571462,176.036942,0.308323,174.684143,0.004290,0.046252,0.998328,0.034415
1390,-0.026787,0.693806,-9.847399,0.835410,0.325645,-0.930050,176.067719,0.283331,174.709641,0.004052,0.046039,0.998347,0.034158
1391,-0.013827,0.683816,-9.846899,0.936085,0.295244,-0.859849,176.088440,0.245390,174.740051,0.003704,0.045786,0.998366,0.033994
1392,0.001669,0.690278,-9.847115,0.408069,0.617366,-0.620268,176.099396,0.193716,174.765640,0.003242,0.045579,0.998379,0.033920
1393,0.021935,0.679737,-9.828526,-0.243552,1.003618,-0.295232,176.089355,0.119774,174.782654,0.002596,0.045452,0.998383,0.034037
1394,0.030908,0.712049,-9.842659,-0.255854,0.843601,-0.369988,176.057480,0.038110,174.795792,0.001894,0.045361,0.998378,0.034348
1395,0.017258,0.713111,-9.853393,0.007990,0.544666,-0.255533,176.018021,-0.020703,174.807770,0.001393,0.045274,0.998370,0.034715
1396,-0.020362,0.702272,-9.869595,0.400057,0.331035,-0.189919,176.001083,-0.034712,174.816193,0.001275,0.045205,0.998368,0.034868
1397,-0.041953,0.664651,-9.847846,0.618281,0.193564,-0.034284,176.022186,-0.008437,174.820526,0.001495,0.045159,0.998377,0.034674
1398,-0.056746,0.642430,-9.873248,1.144857,0.150633,-0.258610,176.084305,0.037449,174.825821,0.001868,0.045100,0.998398,0.034115
1399,-0.046508,0.647282,-9.873074,0.604819,0.635689,-0.215897,176.148453,0.072319,174.834671,0.002144,0.045014,0.998421,0.033542
1400,-0.028396,0.618087,-9.887137,0.821647,0.811062,-0.354764,176.208832,0.075876,174.845840,0.002148,0.044917,0.998443,0.033015
1401,-0.004416,0.646397,-9.881827,0.339562,1.215418,-0.553135,176.255127,0.046635,174.863205,0.001871,0.044775,0.998463,0.032623
1402,0.026641,0.675996,-9.861089,0.386823,1.227710,-0.971233,176.256561,-0.013284,174.891220,0.001340,0.044548,0.998473,0.032635
1403,0.047114,0.687783,-9.845561,0.551480,1.038648,-1.120763,176.236389,-0.087132,174.928482,0.000694,0.044244,0.998481,0.032839
1404,0.075713,0.684133,-9.812619,0.439928,0.636008,-1.103965,176.213074,-0.163715,174.967377,0.000024,0.043927,0.998487,0.033072
1405,0.054339,0.695129,-9.829661,0.523693,-0.021497,-1.090221,176.188782,-0.213687,175.004654,-0.000413,0.043617,0.998493,0.033303
1406,0.045223,0.686290,-9.837398,0.695977,-0.259475,-0.858276,176.172516,-0.223625,175.036865,-0.000503,0.043339,0.998500,0.033448
1407,0.020149,0.651723,-9.869464,0.761548,-0.415138,-0.397449,176.185913,-0.206193,175.057053,-0.000362,0.043158,0.998512,0.033325
1408,-0.005605,0.650011,-9.877640,0.608989,-0.514438,-0.046493,176.216949,-0.161451,175.063385,0.000015,0.043090,0.998525,0.033037
1409,-0.035441,0.592799,-9.889254,0.873108,-0.334580,0.075568,176.275131,-0.096943,175.061905,0.000555,0.043084,0.998542,0.032506
1410,0.005320,0.616113,-9.844707,-0.237599,0.385513,0.150330,176.327087,-0.061995,175.058151,0.000841,0.043108,0.998556,0.032040
1411,0.046965,0.622892,-9.820830,-0.611389,0.359620,0.168644,176.328583,-0.086847,175.053635,0.000626,0.043154,0.998554,0.032037
1412,0.063832,0.674032,-9.810040,-0.887653,0.297222,0.200698,176.285660,-0.139547,175.048233,0.000184,0.043216,0.998539,0.032430
1413,0.063293,0.662721,-9.828581,-0.669580,-0.006266,0.350250,176.226212,-0.187791,175.039505,-0.000211,0.043305,0.998518,0.032967
1414,0.056277,0.669148,-9.839086,-0.706288,-0.189254,0.609665,176.181671,-0.216243,175.023407,-0.000438,0.043454,0.998498,0.033365
1415,0.017286,0.659927,-9.853147,-0.637666,-0.396773,0.811087,176.148499,-0.210015,174.999176,-0.000364,0.043663,0.998479,0.033652
1416,-0.015147,0.643217,-9.891294,-0.253094,-0.401488,0.617286,176.143524,-0.163879,174.974503,0.000047,0.043865,0.998470,0.033678
1417,-0.024456,0.637876,-9.897354,-0.628372,-0.030889,0.508932,176.153854,-0.107721,174.955215,0.000538,0.044017,0.998467,0.033566
1418,-0.023832,0.641114,-9.885300,-0.915144,0.358039,0.367009,176.153519,-0.068247,174.940948,0.000887,0.044129,0.998462,0.033554
1419,-0.009599,0.661050,-9.868941,-0.907464,0.681413,0.232718,176.135620,-0.055420,174.932114,0.001008,0.044202,0.998453,0.033705
1421,0.015451,0.653668,-9.861239,-0.200932,0.650864,-0.011431,176.124359,-0.070349,174.929916,0.000883,0.044226,0.998449,0.033809
1422,0.031730,0.667457,-9.813740,-0.187180,0.628025,0.012987,176.122620,-0.104003,174.931335,0.000590,0.044223,0.998448,0.033837
1423,0.038445,0.657991,-9.804317,0.156161,0.419051,-0.037363,176.123993,-0.140940,174.932907,0.000267,0.044221,0.998449,0.033839
1424,0.061551,0.657519,-9.801727,-0.033028,0.318452,-0.145696,176.132370,-0.181181,174.936768,-0.000088,0.044199,0.998451,0.033782
1425,0.047896,0.681757,-9.843967,0.189738,-0.195680,-0.350163,176.130295,-0.208912,174.945175,-0.000331,0.044134,0.998453,0.033811
1426,0.022709,0.683884,-9.870699,0.243082,-0.310117,-0.231141,176.121826,-0.201473,174.954315,-0.000266,0.044052,0.998455,0.033881
1427,0.012619,0.638911,-9.883791,0.633748,-0.270512,-0.279974,176.143585,-0.174086,174.962143,-0.000038,0.043976,0.998465,0.033681
1428,0.028843,0.636599,-9.875779,0.552990,-0.096602,-0.496659,176.192307,-0.155820,174.974564,0.000099,0.043862,0.998484,0.033250
1429,0.029829,0.676656,-9.875373,0.546905,-0.056924,-0.606525,176.215271,-0.152860,174.992737,0.000111,0.043703,0.998498,0.033049
1430,0.048334,0.680918,-9.848657,0.330130,0.204057,-0.472241,176.206299,-0.166158,175.010895,-0.000007,0.043548,0.998502,0.033132
1431,0.081735,0.688626,-9.819148,0.165201,0.323225,-0.398987,176.182159,-0.210400,175.026062,-0.000388,0.043429,0.998499,0.033359
1432,0.093833,0.700417,-9.847394,-0.036378,0.160165,-0.188396,176.145218,-0.271429,175.036530,-0.000909,0.043356,0.998491,0.033704
1433,0.078660,0.729058,-9.871355,-0.494362,0.119137,0.270919,176.084732,-0.319337,175.035736,-0.001303,0.043377,0.998471,0.034249
1434,0.037002,0.694371,-9.891792,-0.145081,-0.019697,0.689023,176.035049,-0.328616,175.020111,-0.001360,0.043517,0.998449,0.034686
1435,0.009830,0.664765,-9.890409,0.088392,0.086993,0.716481,176.035858,-0.299907,174.996811,-0.001104,0.043711,0.998442,0.034668
1436,-0.016444,0.644106,-9.893729,-0.057978,0.172223,0.527251,176.066391,-0.250082,174.976273,-0.000675,0.043875,0.998445,0.034383
1437,-0.008009,0.665226,-9.875429,-0.244034,0.435978,0.183903,176.087997,-0.203390,174.965042,-0.000273,0.043959,0.998449,0.034177
1438,0.007684,0.671078,-9.863469,0.024561,0.467872,-0.095351,176.092636,-0.180578,174.964569,-0.000076,0.043956,0.998450,0.034128
1439,0.042052,0.661867,-9.826071,0.081045,0.472417,-0.296775,176.100510,-0.187870,174.972137,-0.000145,0.043893,0.998455,0.034062
1440,0.062307,0.651909,-9.807243,0.067362,0.310749,-0.421896,176.115463,-0.220030,174.984940,-0.000434,0.043791,0.998464,0.033944
1441,0.085879,0.673587,-9.817471,-0.080634,0.239182,-0.435620,176.119858,-0.266149,174.999786,-0.000842,0.043675,0.998469,0.033923
1442,0.067505,0.675160,-9.842270,-0.060825,-0.029246,-0.266233,176.110397,-0.302670,175.011734,-0.001160,0.043581,0.998470,0.034019
1443,0.051368,0.640269,-9.861641,0.195574,-0.154331,-0.283015,176.123489,-0.309084,175.020599,-0.001224,0.043506,0.998477,0.033908
1444,0.045284,0.661175,-9.884816,0.084256,0.080644,-0.446289,176.146820,-0.302704,175.032547,-0.001181,0.043400,0.998488,0.033702
1445,0.049308,0.674223,-9.877182,0.110196,0.367497,-0.363891,176.149811,-0.303870,175.046524,-0.001196,0.043278,0.998495,0.033676
1446,0.054811,0.677802,-9.862871,0.429069,0.463629,-0.374573,176.147659,-0.316568,175.059799,-0.001310,0.043166,0.998499,0.033699
1447,0.062542,0.673761,-9.828860,0.511420,0.573516,-0.398987,176.150726,-0.338027,175.073883,-0.001502,0.043050,0.998504,0.033680
1448,0.082366,0.654352,-9.795438,0.557183,0.507964,-0.379146,176.164978,-0.370961,175.088043,-0.001799,0.042936,0.998512,0.033568
1449,0.096672,0.644316,-9.788286,0.497704,0.160165,-0.366930,176.190506,-0.409271,175.101135,-0.002146,0.042832,0.998523,0.033360
1450,0.092705,0.667593,-9.827938,0.082650,-0.302084,-0.376079,176.199463,-0.433056,175.113342,-0.002360,0.042733,0.998529,0.033291
1451,0.062289,0.665206,-9.870539,0.090236,-0.575204,-0.191441,176.191315,-0.422640,175.121887,-0.002269,0.042655,0.998530,0.033357
1452,0.054358,0.638536,-9.884960,0.107040,-0.488286,0.022185,176.199402,-0.389723,175.123489,-0.001985,0.042632,0.998535,0.033275
1453,0.045928,0.650993,-9.894782,0.050630,-0.186231,0.003869,176.214478,-0.359153,175.122223,-0.001724,0.042634,0.998540,0.033132
1454,0.041205,0.653529,-9.885354,-0.167563,0.135658,0.017597,176.215820,-0.337902,175.121796,-0.001539,0.042631,0.998541,0.033113
1455,0.049662,0.626727,-9.863086,0.000338,0.372119,-0.041918,176.225662,-0.332083,175.122681,-0.001493,0.042622,0.998544,0.033025
1456,0.078123,0.631867,-9.837758,-0.066720,0.526262,-0.211293,176.245163,-0.352745,175.127762,-0.001681,0.042583,0.998551,0.032862
1457,0.107144,0.654722,-9.827404,-0.098750,0.495873,-0.379136,176.245880,-0.401806,175.138672,-0.002112,0.042502,0.998553,0.032874
1458,0.100492,0.669303,-9.854913,0.018684,0.210675,-0.336401,176.228806,-0.450407,175.151459,-0.002533,0.042405,0.998551,0.033040
1459,0.094112,0.670466,-9.854188,0.123889,0.273331,-0.214322,176.210068,-0.480901,175.161316,-0.002795,0.042328,0.998548,0.033215
1460,0.072765,0.666136,-9.832151,0.050575,0.329803,-0.063255,176.195679,-0.493763,175.166748,-0.002903,0.042285,0.998545,0.033345
1461,0.061301,0.631512,-9.791911,-0.396512,0.283961,0.080178,176.192261,-0.487850,175.167114,-0.002850,0.042280,0.998544,0.033372
1462,0.045297,0.629733,-9.819912,-0.701613,0.018330,-0.040377,176.195023,-0.462928,175.166611,-0.002634,0.042277,0.998546,0.033339
1463,0.055669,0.651573,-9.820739,-1.432481,0.083824,0.019126,176.171753,-0.434357,175.166962,-0.002377,0.042266,0.998541,0.033531
1464,0.059339,0.658367,-9.841415,-1.336345,-0.216860,0.035906,176.126465,-0.413162,175.165878,-0.002175,0.042271,0.998528,0.033918
1465,0.073325,0.669169,-9.866491,-0.967073,-0.377108,-0.089221,176.087616,-0.396724,175.166092,-0.002017,0.042265,0.998517,0.034251
1466,0.080790,0.696052,-9.887385,-0.549009,-0.323673,-0.159412,176.052246,-0.391616,175.169495,-0.001961,0.042234,0.998508,0.034557
1467,0.090038,0.716969,-9.867023,-0.098969,-0.196955,-0.112105,176.014526,-0.399323,175.173599,-0.002015,0.042201,0.998498,0.034888
1468,0.094744,0.678554,-9.830577,0.651729,-0.346402,-0.115150,176.009445,-0.413473,175.176849,-0.002138,0.042177,0.998497,0.034938
1469,0.072933,0.679523,-9.849050,0.931000,-0.538614,-0.260109,176.042511,-0.411770,175.182022,-0.002137,0.042131,0.998509,0.034649
1470,0.058976,0.676739,-9.859660,0.744862,-0.440975,-0.177711,176.076630,-0.389975,175.188126,-0.001961,0.042071,0.998522,0.034344
1471,0.053049,0.670700,-9.858308,0.648750,-0.311322,-0.160929,176.105011,-0.364395,175.192871,-0.001750,0.042021,0.998534,0.034087
1472,0.060625,0.661297,-9.842001,0.258140,-0.120614,-0.023598,176.126968,-0.349118,175.195419,-0.001626,0.041994,0.998542,0.033890
1473,0.044304,0.671917,-9.877027,0.036892,-0.077923,-0.060222,176.134567,-0.336975,175.196564,-0.001523,0.041981,0.998545,0.033819
1474,0.056306,0.678901,-9.859472,-0.303421,0.245540,0.038960,176.122437,-0.331134,175.197159,-0.001468,0.041974,0.998542,0.033923
1475,0.058868,0.667716,-9.868438,-0.044036,0.161614,-0.026655,176.111069,-0.337862,175.197449,-0.001522,0.041974,0.998538,0.034024
1476,0.066239,0.672797,-9.877715,-0.188999,0.289809,-0.029706,176.107101,-0.349916,175.198898,-0.001626,0.041965,0.998537,0.034063
1477,0.054156,0.657585,-9.906819,0.021609,0.327960,-0.131942,176.111603,-0.360678,175.202240,-0.001723,0.041939,0.998539,0.034028
1478,0.077700,0.664715,-9.866282,0.020126,0.683518,-0.188400,176.123047,-0.381478,175.208633,-0.001910,0.041889,0.998544,0.033936
1479,0.091082,0.696488,-9.869488,-0.025694,0.752263,-0.241801,176.112411,-0.424490,175.217484,-0.002284,0.041824,0.998542,0.034044
1480,0.109544,0.707764,-9.821218,-0.703337,0.946175,0.072546,176.067398,-0.482444,175.222473,-0.002774,0.041799,0.998528,0.034457
1481,0.109855,0.685081,-9.803446,-0.703436,0.720462,0.208361,176.019043,-0.541385,175.219940,-0.003269,0.041840,0.998509,0.034900
1482,0.107008,0.716858,-9.794895,-0.930889,0.351269,0.244988,175.969391,-0.579804,175.213882,-0.003584,0.041906,0.998490,0.035346
1483,0.096170,0.717541,-9.834739,-1.066812,0.020163,0.338069,175.907257,-0.591821,175.204910,-0.003663,0.041990,0.998466,0.035892
1484,0.113384,0.717083,-9.813820,-1.387333,-0.040858,0.441833,175.847443,-0.596354,175.192123,-0.003677,0.042105,0.998443,0.036416
1485,0.103145,0.708299,-9.844111,-0.435171,-0.553545,0.267879,175.813095,-0.593231,175.179657,-0.003633,0.042213,0.998427,0.036714
1486,0.087472,0.718504,-9.873581,-0.020100,-0.700063,0.267877,175.810776,-0.565996,175.169174,-0.003391,0.042296,0.998424,0.036725
1487,0.099130,0.710388,-9.867566,-0.042956,-0.323186,0.415891,175.817871,-0.543245,175.156479,-0.003192,0.042399,0.998423,0.036655
1488,0.090643,0.712009,-9.845311,0.399601,-0.260626,0.383846,175.833710,-0.533757,175.142380,-0.003110,0.042519,0.998423,0.036514
1489,0.050084,0.672537,-9.836796,0.901731,-0.292756,0.434196,175.880600,-0.503890,175.127899,-0.002863,0.042634,0.998434,0.036095
1490,0.042897,0.675057,-9.839704,0.643999,-0.068611,0.241919,175.943939,-0.457234,175.115921,-0.002476,0.042723,0.998452,0.035526
1491,0.055083,0.666697,-9.836932,0.502213,0.129629,0.000815,175.994202,-0.425880,175.111740,-0.002220,0.042749,0.998468,0.035076
1492,0.045595,0.676002,-9.862070,0.725086,0.050182,-0.312007,176.036560,-0.403613,175.116974,-0.002044,0.042696,0.998483,0.034699
1493,0.045565,0.675842,-9.868337,0.777011,0.161474,-0.464605,176.072357,-0.381133,175.130066,-0.001865,0.042574,0.998500,0.034379
1494,0.081321,0.677141,-9.863473,0.844168,0.404080,-0.699599,176.103073,-0.385083,175.150040,-0.001917,0.042401,0.998516,0.034112
1495,0.123541,0.690647,-9.827552,0.586245,0.700250,-0.695012,176.116516,-0.437160,175.174545,-0.002383,0.042202,0.998527,0.034014
1496,0.118042,0.712150,-9.833244,0.758548,0.357110,-0.635489,176.106918,-0.501752,175.198105,-0.002949,0.042016,0.998530,0.034120
1497,0.114983,0.679816,-9.821898,0.993431,0.172612,-0.461524,176.108856,-0.544000,175.217163,-0.003324,0.041863,0.998535,0.034118
1498,0.113697,0.667292,-9.828640,0.837767,0.015537,-0.327237,176.134323,-0.569959,175.230530,-0.003563,0.041753,0.998546,0.033905
1499,0.087441,0.654251,-9.858006,0.761495,-0.277423,-0.209740,176.167206,-0.569534,175.239090,-0.003574,0.041677,0.998559,0.033618
1500,0.053659,0.633369,-9.889781,0.912642,-0.292790,-0.209746,176.214798,-0.532740,175.245255,-0.003273,0.041611,0.998577,0.033190
1501,0.076793,0.621733,-9.852341,0.566371,0.187762,-0.255530,176.267944,-0.501623,175.252625,-0.003023,0.041537,0.998597,0.032715
1502,0.073129,0.627302,-9.844587,0.511525,0.215174,-0.383710,176.307510,-0.493973,175.263519,-0.002974,0.041439,0.998612,0.032368
1503,0.081194,0.615996,-9.835617,0.554316,0.254815,-0.525623,176.341385,-0.492584,175.279007,-0.002978,0.041303,0.998627,0.032072
1504,0.113973,0.641908,-9.814236,0.117909,0.419665,-0.612598,176.354523,-0.515046,175.298630,-0.003184,0.041137,0.998637,0.031965
1505,0.122372,0.658709,-9.814605,0.094927,0.070350,-0.589703,176.334732,-0.552670,175.319366,-0.003511,0.040968,0.998637,0.032150
1506,0.097597,0.650474,-9.843232,0.293195,-0.289697,-0.443210,176.315231,-0.565574,175.336563,-0.003621,0.040822,0.998637,0.032324
1507,0.099699,0.651060,-9.848377,-0.141765,-0.170666,-0.270780,176.299896,-0.559430,175.348114,-0.003565,0.040720,0.998637,0.032455
1508,0.091550,0.665122,-9.845666,-0.569112,-0.195086,-0.148707,176.266144,-0.551666,175.354919,-0.003487,0.040660,0.998630,0.032746
1509,0.065880,0.639386,-9.861255,-0.225825,-0.427092,-0.177704,176.241135,-0.524497,175.359772,-0.003243,0.040610,0.998626,0.032954
1510,0.065565,0.642479,-9.867534,-0.459273,-0.215093,-0.240275,176.234467,-0.487168,175.365982,-0.002917,0.040546,0.998628,0.032999
1511,0.064278,0.689424,-9.891406,-0.846921,-0.074795,-0.348621,176.196960,-0.460004,175.375580,-0.002670,0.040455,0.998622,0.033316
1512,0.072421,0.669933,-9.888320,-0.390767,-0.105365,-0.498166,176.151703,-0.442975,175.389648,-0.002510,0.040329,0.998615,0.033704
1513,0.094605,0.664572,-9.866335,-0.409104,0.134226,-0.467646,176.131744,-0.447691,175.405792,-0.002549,0.040190,0.998614,0.033880
1514,0.091312,0.668815,-9.849535,-0.596800,0.115978,-0.289109,176.113083,-0.466616,175.418671,-0.002711,0.040084,0.998612,0.034049
1515,0.080081,0.647373,-9.856196,-0.291578,-0.151033,-0.308944,176.107574,-0.472035,175.428497,-0.002759,0.040000,0.998614,0.034098
1516,0.084435,0.620275,-9.831713,-0.402834,-0.129664,-0.308942,176.130219,-0.468083,175.438187,-0.002735,0.039914,0.998624,0.033899
1517,0.088526,0.647509,-9.826038,-0.724677,-0.198309,-0.353191,176.143173,-0.467388,175.448563,-0.002737,0.039823,0.998632,0.033786
1518,0.064146,0.666254,-9.858699,-0.555269,-0.546236,-0.492051,176.129257,-0.450018,175.461716,-0.002585,0.039703,0.998633,0.033901
1519,0.077732,0.675336,-9.845098,-0.570548,-0.431823,-0.579032,176.105133,-0.424700,175.478470,-0.002361,0.039550,0.998633,0.034102
1520,0.085914,0.676228,-9.839649,-0.427143,-0.521827,-0.664481,176.080872,-0.413736,175.498108,-0.002263,0.039376,0.998633,0.034309
1521,0.095403,0.673163,-9.837903,-0.317286,-0.639252,-0.708728,176.065643,-0.410777,175.519653,-0.002238,0.039188,0.998636,0.034441
1522,0.092998,0.698550,-9.845839,-0.486703,-0.678836,-0.701093,176.042160,-0.409712,175.541656,-0.002227,0.038997,0.998636,0.034644
1524,0.087971,0.687644,-9.826865,-0.894181,-0.661974,-0.395902,176.004959,-0.405397,175.558456,-0.002182,0.038850,0.998631,0.034967
1525,0.077124,0.679201,-9.839815,-0.836196,-0.732119,-0.377588,175.976166,-0.393363,175.569702,-0.002071,0.038748,0.998626,0.035214
1526,0.072328,0.699339,-9.842962,-1.303126,-0.518466,-0.289083,175.940964,-0.377556,175.579315,-0.001924,0.038660,0.998619,0.035515
1527,0.056590,0.713100,-9.845810,-1.187198,-0.590192,-0.409632,175.889084,-0.356418,175.589691,-0.001726,0.038564,0.998607,0.035960
1528,0.048149,0.686553,-9.824090,-0.703470,-0.687894,-0.466094,175.859985,-0.323673,175.602692,-0.001435,0.038441,0.998604,0.036202
1529,0.048927,0.727863,-9.827185,-0.125137,-0.671147,-0.824690,175.847519,-0.289904,175.622498,-0.001143,0.038258,0.998608,0.036299
1530,0.048570,0.731727,-9.822742,-0.145043,-0.707784,-0.841476,175.825912,-0.261085,175.648605,-0.000893,0.038022,0.998611,0.036478
1531,0.055384,0.760473,-9.824734,-0.012408,-0.854256,-0.905565,175.793182,-0.237456,175.675888,-0.000685,0.037777,0.998610,0.036755
1532,0.049037,0.776705,-9.832960,0.027080,-1.144145,-0.749919,175.746536,-0.211231,175.701157,-0.000449,0.037548,0.998604,0.037153
1533,0.025421,0.763483,-9.862279,0.002504,-1.196032,-0.566809,175.706726,-0.169317,175.720306,-0.000077,0.037368,0.998598,0.037486
1534,0.019553,0.724359,-9.848918,-0.424785,-1.160976,-0.318086,175.692474,-0.119051,175.732086,0.000362,0.037249,0.998599,0.037594
1535,0.002340,0.732849,-9.869494,-0.049358,-1.472317,-0.414223,175.696869,-0.060922,175.740936,0.000864,0.037153,0.998604,0.037537
1536,-0.017478,0.728736,-9.854059,-0.308720,-1.573117,-0.264689,175.702103,0.012855,175.748398,0.001503,0.037063,0.998609,0.037467
1537,-0.035346,0.702106,-9.835282,-0.693158,-1.577813,0.009968,175.709442,0.095108,175.748703,0.002217,0.037034,0.998612,0.037377
1538,-0.028684,0.740689,-9.844892,-0.416898,-2.282879,-0.205193,175.707825,0.181506,175.747131,0.002971,0.037019,0.998611,0.037363
1539,-0.034412,0.791887,-9.881145,-0.644361,-3.554004,-0.206721,175.664978,0.286424,175.746582,0.003900,0.036988,0.998597,0.037702
1540,-0.071342,0.812632,-9.875838,-2.454266,-4.757986,0.438744,175.573730,0.430960,175.731979,0.005193,0.037064,0.998559,0.038450
1541,-0.110137,0.771593,-9.863311,-3.934482,-6.259552,1.072000,175.449570,0.625927,175.692383,0.006946,0.037335,0.998499,0.039466
1542,-0.166321,0.813969,-9.874431,-4.941629,-8.154841,1.149815,175.292206,0.885007,175.635941,0.009275,0.037724,0.998414,0.040747
1543,-0.233164,0.810427,-9.831532,-6.316515,-9.998293,1.615211,175.096313,1.216160,175.564499,0.012251,0.038206,0.998298,0.042335
1544,-0.298896,0.821396,-9.796961,-6.418734,-12.137806,1.862397,174.886276,1.620048,175.474472,0.015873,0.038809,0.998151,0.044014
1545,-0.376778,0.867061,-9.794262,-5.555032,-14.452816,1.969195,174.690247,2.101409,175.370621,0.020173,0.039489,0.997978,0.045534
1546,-0.456905,0.898507,-9.788198,-4.027561,-17.016562,1.601430,174.530991,2.665253,175.262085,0.025182,0.040167,0.997784,0.046694
1547,-0.574947,0.890583,-9.850934,-2.103307,-19.320910,1.227556,174.438629,3.314430,175.157486,0.030909,0.040777,0.997573,0.047229
1548,-0.682730,0.912877,-9.829564,-1.154090,-21.201067,1.168019,174.400833,4.037009,175.053146,0.037254,0.041359,0.997331,0.047249
1549,-0.830849,0.868436,-9.771053,-0.389473,-24.202801,0.287528,174.399796,4.847990,174.957031,0.044350,0.041838,0.997037,0.046902
1550,-1.048168,0.844653,-9.799282,1.248042,-28.472677,-1.587883,174.457825,5.808804,174.897125,0.052710,0.041960,0.996668,0.045983
1551,-1.219078,0.826948,-9.766553,2.372876,-32.457283,-2.530967,174.572174,6.930984,174.873825,0.062433,0.041728,0.996182,0.044515
1552,-1.343741,0.850018,-9.619566,2.684342,-36.370129,-3.287881,174.700027,8.176673,174.868195,0.073211,0.041314,0.995537,0.042882
1553,-1.563377,0.847306,-9.640535,2.710390,-40.192902,-3.855571,174.817551,9.541013,174.873856,0.085011,0.040762,0.994689,0.041293
1554,-1.773818,0.901422,-9.682076,3.053747,-41.908340,-3.667912,174.919952,10.989733,174.877213,0.097538,0.040201,0.993623,0.039794
1555,-1.936771,0.904424,-9.605147,2.319706,-41.542313,-2.077903,174.985779,12.431637,174.846359,0.110016,0.039920,0.992378,0.038579
1556,-2.200542,0.904470,-9.593304,1.518488,-41.461575,-0.931921,175.005341,13.846990,174.767944,0.122278,0.040020,0.990971,0.037713
1557,-2.483473,0.857848,-9.595677,1.373448,-41.744045,0.227785,175.004974,15.272635,174.650711,0.134629,0.040422,0.989382,0.036947
1558,-2.710046,0.819979,-9.514143,1.258996,-42.267628,1.225724,175.005203,16.714285,174.498474,0.147107,0.041111,0.987607,0.036093
1559,-2.965941,0.779333,-9.467357,0.775333,-43.628956,2.299942,174.996552,18.184927,174.310638,0.159822,0.042069,0.985620,0.035213
1560,-3.231790,0.774393,-9.379382,0.116220,-45.609837,3.122368,174.959839,19.716379,174.085007,0.173052,0.043266,0.983359,0.034437
1561,-3.450851,0.748943,-9.239177,-0.123248,-47.279438,3.651808,174.895309,21.309446,173.828140,0.186795,0.044631,0.980804,0.033757
1562,-3.712246,0.776444,-9.133965,-0.327627,-48.675892,3.175663,174.810715,22.951706,173.560379,0.200929,0.045995,0.977964,0.033131
1563,-4.009272,0.782247,-9.004888,0.235506,-49.736694,2.409596,174.721909,24.647257,173.302841,0.215470,0.047193,0.974829,0.032452
1564,-4.247521,0.768633,-8.833366,0.668942,-50.680027,1.651149,174.652893,26.386917,173.065475,0.230321,0.048191,0.971409,0.031543
1565,-4.496832,0.746674,-8.710829,1.381650,-51.678276,0.711103,174.616074,28.155556,172.855637,0.245337,0.048966,0.967725,0.030329
1566,-4.741188,0.807722,-8.597915,1.584661,-52.342293,0.215124,174.585968,29.939835,172.660385,0.260415,0.049590,0.963786,0.029017
1567,-4.969276,0.817085,-8.447470,1.308456,-52.095261,0.871263,174.520859,31.713001,172.444962,0.275353,0.050272,0.959622,0.027897
1568,-5.175497,0.840766,-8.306543,0.675147,-51.050083,2.221729,174.397797,33.439125,172.178055,0.289867,0.051219,0.955311,0.027095
1569,-5.395552,0.853056,-8.125112,-0.138252,-49.315128,3.511187,174.199570,35.097218,171.846008,0.303796,0.052484,0.950915,0.026711
1570,-5.613646,0.889115,-7.945025,-0.625134,-48.179844,4.323056,173.929977,36.698784,171.454819,0.317240,0.053993,0.946431,0.026693
1571,-5.857606,0.853238,-7.762710,-1.241694,-48.366043,5.563692,173.605682,38.286430,171.008652,0.330543,0.055701,0.941763,0.026861
1572,-6.121409,0.853482,-7.586623,-1.702548,-50.882397,5.667461,173.241760,39.933289,170.518997,0.344292,0.057482,0.936711,0.027039
1573,-6.360203,0.848271,-7.393319,-2.438026,-55.283329,5.276790,172.838760,41.709755,170.001266,0.359041,0.059128,0.931050,0.027176
1574,-6.626300,0.896737,-7.238956,-3.135344,-59.559151,5.000549,172.375168,43.632397,169.443604,0.374914,0.060609,0.924672,0.027355
1575,-6.849428,0.932760,-7.033294,-3.512232,-61.739853,5.305702,171.828903,45.648209,168.818588,0.391475,0.062060,0.917677,0.027661
1576,-7.086141,1.021833,-6.792815,-3.525990,-61.486649,4.518335,171.205582,47.679714,168.131485,0.408083,0.063465,0.910303,0.028089
1577,-7.290910,1.051784,-6.539689,-3.361247,-59.034550,4.263558,170.532593,49.651726,167.407135,0.424120,0.064758,0.902836,0.028557
1578,-7.473198,1.099931,-6.292343,-2.769246,-55.024410,4.739715,169.822144,51.494026,166.638260,0.439043,0.066106,0.895561,0.029015
1579,-7.644255,1.104271,-6.032400,-2.085675,-51.366711,5.620237,169.072922,53.188072,165.807892,0.452736,0.067665,0.888586,0.029436
1580,-7.798366,1.149249,-5.799478,-1.827823,-49.053318,5.937686,168.276016,54.766426,164.912308,0.465480,0.069397,0.881829,0.029836
1581,-7.970521,1.194549,-5.604963,-1.797339,-47.522686,6.929611,167.391846,56.259342,163.923264,0.477554,0.071312,0.875177,0.030354
1582,-8.065947,1.142764,-5.356170,-2.122349,-46.248386,8.583727,166.406052,57.684433,162.821655,0.489120,0.073450,0.868567,0.030968
1583,-8.208798,1.168426,-5.137218,-2.534283,-45.381504,8.768293,165.327515,59.061325,161.626495,0.500322,0.075645,0.861948,0.031632
1584,-8.333338,1.232881,-4.929712,-2.576942,-43.733349,8.501187,164.160416,60.385201,160.354736,0.511127,0.077771,0.855367,0.032372
1585,-8.464874,1.261970,-4.717552,-2.418182,-41.105545,8.258494,162.937836,61.629360,159.034027,0.521320,0.079806,0.848976,0.033106
1586,-8.546481,1.264987,-4.509245,-2.248715,-38.796661,7.770077,161.709518,62.788254,157.708542,0.530826,0.081676,0.842863,0.033694
1587,-8.683640,1.375509,-4.354254,-2.166236,-37.207993,6.398171,160.470108,63.874817,156.381699,0.539750,0.083336,0.836992,0.034195
1588,-8.760102,1.430525,-4.180439,-1.841166,-36.145733,5.041597,159.214767,64.908829,155.050446,0.548244,0.084765,0.831291,0.034609
1589,-8.852350,1.474070,-3.989290,-1.691588,-36.224869,3.625535,157.952332,65.929047,153.717026,0.556568,0.085914,0.825615,0.034805
1590,-8.907001,1.463619,-3.800345,-1.772419,-37.457611,2.697749,156.651962,66.977348,152.349899,0.565029,0.086755,0.819761,0.034741
1591,-8.981468,1.509967,-3.623341,-1.624359,-38.520977,1.385424,155.277405,68.061775,150.911133,0.573700,0.087330,0.813668,0.034442
1592,-9.015946,1.542825,-3.420635,-1.319143,-38.581799,0.515666,153.800873,69.157127,149.370285,0.582425,0.087746,0.807420,0.033982
1593,-9.094093,1.555220,-3.212046,-1.158902,-38.639572,0.094556,152.195648,70.247833,147.698013,0.591115,0.088073,0.801068,0.033403
1594,-9.158915,1.515325,-2.994899,-0.965084,-38.938480,0.115926,150.432465,71.341133,145.861481,0.599832,0.088320,0.794565,0.032669
1595,-9.217855,1.499811,-2.785656,-0.873487,-39.182476,-0.398362,148.494125,72.438759,143.843826,0.608579,0.088447,0.787909,0.031744
1596,-9.312282,1.502408,-2.568904,-0.939062,-40.068913,-1.275837,146.327087,73.549660,141.599014,0.617435,0.088381,0.781040,0.030647
1597,-9.396750,1.501549,-2.357748,-0.945132,-41.193420,-1.288115,143.801559,74.674461,138.997223,0.626490,0.088197,0.773863,0.029452
1598,-9.452470,1.486046,-2.138926,-1.189247,-41.851006,-0.964693,140.785370,75.786179,135.906540,0.635673,0.088010,0.766404,0.028279
1599,-9.495013,1.493569,-1.925463,-1.444046,-41.831066,-1.411856,137.234863,76.856537,132.289810,0.644821,0.087765,0.758792,0.027156
1600,-9.546443,1.525032,-1.692333,-1.428766,-41.573074,-1.945944,133.097305,77.865097,128.093475,0.653841,0.087447,0.751110,0.026058
1601,-9.560411,1.495510,-1.461876,-1.289891,-41.159439,-1.829969,128.286362,78.793877,123.223526,0.662701,0.087109,0.743383,0.024945
1602,-9.618840,1.476524,-1.217308,-1.657622,-41.000652,-1.739962,122.683388,79.629936,117.565704,0.671439,0.086712,0.735583,0.023832
1603,-9.643618,1.464608,-0.986004,-1.363103,-41.420216,-2.287807,116.145325,80.364243,110.974510,0.680153,0.086222,0.727629,0.022655
1604,-9.668258,1.456328,-0.734099,-1.083850,-42.260960,-2.953148,108.530457,80.980843,103.296982,0.688939,0.085649,0.719427,0.021283
1605,-9.697574,1.426114,-0.477047,-1.146410,-43.168884,-3.281271,99.736656,81.442436,94.436119,0.697873,0.084959,0.710890,0.019749
1606,-9.703773,1.402069,-0.233448,-1.192189,-43.974598,-3.385101,89.955269,81.694138,84.588173,0.706914,0.084170,0.702039,0.018130
1607,-9.659870,1.372214,-0.009170,-0.851908,-43.712143,-3.456892,79.851730,81.695839,74.412445,0.715858,0.083375,0.693055,0.016448
1608,-9.663597,1.359682,0.260234,-0.987716,-43.054470,-3.496632,70.150040,81.448265,64.636597,0.724589,0.082584,0.684057,0.014756
1609,-9.684970,1.372776,0.514196,-1.512639,-43.684708,-3.249456,61.226398,80.956688,55.650627,0.733250,0.081785,0.674894,0.013214
1610,-9.653436,1.376564,0.740220,-1.332580,-44.961929,-2.899987,53.335907,80.233383,47.701206,0.741961,0.081089,0.665416,0.011830
1611,-9.616563,1.366670,1.009632,-1.050281,-46.420734,-2.123226,46.573727,79.300087,40.869656,0.750802,0.080598,0.655506,0.010538
1612,-9.589458,1.356041,1.283930,-1.378354,-49.967045,-1.950720,40.739452,78.159973,34.962074,0.760029,0.080196,0.644855,0.009306
1613,-9.581084,1.378189,1.570103,-1.927683,-53.661388,-2.115417,35.665516,76.811394,29.820597,0.769815,0.079733,0.633215,0.008107
1614,-9.495756,1.378218,1.844710,-1.355448,-55.219440,-0.471854,31.502096,75.286438,25.583902,0.779889,0.079466,0.620812,0.007061
1615,-9.438917,1.367633,2.161241,-1.892555,-56.513504,-0.230613,28.161535,73.641090,22.168083,0.790011,0.079369,0.607902,0.006188
1616,-9.359616,1.360804,2.453709,-3.125482,-58.141735,-0.941565,25.319164,71.912132,19.274790,0.800185,0.078989,0.594504,0.005355
1617,-9.262047,1.364413,2.757932,-3.496254,-58.132637,-1.068091,22.894199,70.132454,16.820227,0.810257,0.078336,0.580797,0.004533
1618,-9.127091,1.330246,3.032916,-4.100489,-56.725754,-0.817730,20.878975,68.354027,14.792323,0.819945,0.077541,0.567153,0.003795
1619,-9.050519,1.288504,3.366989,-5.605035,-54.391090,-2.169648,19.109083,66.625427,13.047258,0.829114,0.076283,0.553842,0.003057
1621,-8.933352,1.259341,3.674416,-6.262712,-50.649555,-2.603008,17.514791,64.980400,11.517657,0.837649,0.074502,0.541100,0.002280
1622,-8.822840,1.218870,3.997534,-6.151342,-46.520489,-2.973830,16.125004,63.438362,10.210179,0.845448,0.072510,0.529111,0.001497
1623,-8.718494,1.169232,4.291038,-5.594425,-43.291782,-3.153943,14.905581,61.990288,9.071675,0.852590,0.070459,0.517809,0.000631
1624,-8.624581,1.138701,4.582622,-4.866625,-41.718769,-2.650460,13.845073,60.593513,8.080172,0.859284,0.068524,0.506889,-0.000264
1625,-8.491419,1.121950,4.839698,-3.835166,-42.442352,-2.223256,12.934480,59.180412,7.214960,0.865833,0.066879,0.495841,-0.001142
1626,-8.371451,1.107785,5.086287,-3.427808,-45.174103,-1.680054,12.137033,57.686668,6.439234,0.872523,0.065514,0.484157,-0.001999
1627,-8.231738,1.103257,5.342610,-3.481266,-48.177513,-1.164293,11.419966,56.078617,5.736121,0.879486,0.064301,0.471553,-0.002767
1628,-8.053124,1.092731,5.549404,-3.664416,-51.750103,-1.441989,10.749727,54.353661,5.076588,0.886715,0.063110,0.457974,-0.003517
1629,-7.843595,1.065923,5.773426,-4.435040,-54.304890,-2.369722,10.077838,52.530014,4.418150,0.894125,0.061714,0.443522,-0.004406
1630,-7.652533,1.049286,5.987690,-5.545939,-55.060585,-2.644357,9.402731,50.658058,3.777267,0.901491,0.059991,0.428586,-0.005357
1631,-7.476951,1.019012,6.208333,-5.819094,-53.667702,-2.891526,8.760451,48.811611,3.188525,0.908508,0.058061,0.413765,-0.006284
1632,-7.281826,0.977026,6.380795,-6.112081,-51.762009,-3.092930,8.161163,47.042694,2.652368,0.914999,0.056016,0.399482,-0.007224
1633,-7.134305,0.953164,6.663935,-7.839434,-50.411686,-3.765850,7.565114,45.340706,2.150682,0.921043,0.053645,0.385664,-0.008143
1634,-6.966588,0.922374,6.915887,-8.619181,-50.863487,-4.177832,6.953229,43.651608,1.668794,0.926840,0.050884,0.371882,-0.009049
1635,-6.763988,0.880801,7.144518,-8.222431,-51.976021,-4.713407,6.357209,41.932678,1.201283,0.932511,0.048029,0.357792,-0.010066
1636,-6.543154,0.859566,7.385964,-7.035229,-54.130795,-4.737772,5.818276,40.148918,0.755372,0.938131,0.045408,0.343105,-0.011236
1637,-6.307398,0.863379,7.606655,-4.689790,-56.670132,-3.996073,5.396336,38.273987,0.361058,0.943734,0.043441,0.327603,-0.012459
1638,-6.036989,0.835997,7.764182,-1.790390,-57.938366,-2.396768,5.131735,36.331387,0.043700,0.949212,0.042418,0.311470,-0.013595
1639,-5.753249,0.850811,7.894497,1.514953,-56.699467,-0.402227,5.046364,34.392925,-0.177641,0.954349,0.042513,0.295297,-0.014495
1640,-5.484202,0.850297,8.036633,3.221161,-55.133957,1.088771,5.106043,32.509789,-0.314617,0.959035,0.043531,0.279515,-0.015101
1641,-5.235456,0.890510,8.183485,4.741227,-52.340012,2.137245,5.257883,30.709997,-0.394796,0.963241,0.045141,0.264366,-0.015464
1642,-5.013928,0.910558,8.316877,6.047671,-48.973778,3.287945,5.484125,29.028168,-0.428647,0.966926,0.047249,0.250156,-0.015607
1643,-4.797942,0.961382,8.523725,5.924314,-45.793671,3.582581,5.741315,27.462927,-0.435228,0.970148,0.049550,0.236887,-0.015573
1644,-4.608797,1.002500,8.713960,6.998794,-43.791573,3.195112,6.008973,25.985188,-0.446056,0.973007,0.051946,0.224316,-0.015572
1645,-4.410046,1.065462,8.838403,8.883535,-42.538670,2.934280,6.317791,24.569996,-0.473488,0.975560,0.054721,0.212227,-0.015756
1646,-4.211558,1.098952,8.908805,7.824758,-42.773495,2.571193,6.630331,23.185991,-0.521434,0.977897,0.057561,0.200362,-0.016071
1647,-4.006923,1.142834,9.051716,4.788343,-42.895378,1.498526,6.851595,21.805710,-0.608219,0.980121,0.059678,0.188492,-0.016505
1648,-3.787543,1.159824,9.068069,2.861241,-41.556931,0.918708,6.970283,20.454697,-0.730580,0.982202,0.060952,0.176841,-0.017056
1649,-3.556069,1.151395,9.162184,-0.948904,-39.103027,0.242732,6.976116,19.172531,-0.873919,0.984104,0.061257,0.165762,-0.017638
1650,-3.341753,1.120974,9.253869,-3.707759,-36.021988,-0.437847,6.851841,17.978268,-1.034128,0.985829,0.060429,0.155429,-0.018234
1651,-3.144880,1.069157,9.345889,-4.339550,-33.287357,-0.509606,6.653818,16.877140,-1.197818,0.987364,0.058933,0.145894,-0.018838
1652,-2.956153,1.051335,9.377673,-5.070558,-31.973370,-0.743121,6.430438,15.841691,-1.355835,0.988740,0.057176,0.136921,-0.019429
1653,-2.776990,1.044765,9.430466,-4.426672,-32.284500,-0.810297,6.217624,14.821383,-1.509232,0.990010,0.055471,0.128071,-0.020035
1654,-2.604193,1.033223,9.472068,-2.995371,-33.689720,-0.410525,6.054619,13.769426,-1.652740,0.991210,0.054152,0.118936,-0.020628
1655,-2.430184,1.028807,9.497046,-2.583349,-37.475380,-0.039737,5.936450,12.631105,-1.786541,0.992388,0.053174,0.109041,-0.021170
1656,-2.238253,1.014471,9.519120,-3.671291,-42.468033,-0.972086,5.811065,11.350628,-1.940650,0.993592,0.052106,0.097896,-0.021842
1657,-1.989946,0.992522,9.597545,-4.188541,-44.378357,-1.625188,5.654628,9.949602,-2.129509,0.994769,0.050741,0.085684,-0.022767
1658,-1.748470,0.952411,9.677092,-5.026264,-42.411343,-1.757950,5.471500,8.538404,-2.327910,0.995811,0.049098,0.073376,-0.023786
1659,-1.543344,0.949072,9.704560,-5.844148,-39.331909,-1.635886,5.268242,7.216639,-2.512926,0.996660,0.047234,0.061848,-0.024753
1660,-1.348663,0.959011,9.779528,-7.066341,-34.119175,-1.843418,5.052100,6.046707,-2.679511,0.997311,0.045232,0.051648,-0.025650
1661,-1.132993,0.901029,9.836718,-7.420271,-26.664846,-1.269677,4.818428,5.087583,-2.816522,0.997784,0.043072,0.043298,-0.026396
1662,-1.016353,0.834235,9.835495,-5.682208,-20.348825,-0.348033,4.601308,4.362566,-2.907152,0.998110,0.041066,0.037001,-0.026856
1663,-0.946000,0.818472,9.869345,-3.210179,-17.183744,0.150921,4.456388,3.817793,-2.959593,0.998323,0.039705,0.032271,-0.027085
1664,-0.861598,0.788745,9.881429,-0.646585,-15.578098,0.169206,4.400055,3.366477,-2.995996,0.998461,0.039126,0.028339,-0.027239
1665,-0.766434,0.742763,9.886154,0.536008,-14.675909,0.115770,4.396492,2.955200,-3.030062,0.998556,0.039012,0.024744,-0.027400
1666,-0.704991,0.778230,9.931049,2.289293,-13.550946,0.471283,4.441504,2.574862,-3.056644,0.998618,0.039325,0.021410,-0.027515
1667,-0.639963,0.833764,9.939451,4.418032,-13.187412,0.513985,4.570740,2.220533,-3.074387,0.998637,0.040374,0.018285,-0.027572
1668,-0.572479,0.900064,9.915817,5.477186,-13.229777,0.167578,4.775130,1.871061,-3.097107,0.998616,0.042079,0.015182,-0.027677
1669,-0.489037,0.930362,9.824956,6.278505,-12.603808,0.088209,5.022127,1.526544,-3.127486,0.998563,0.044155,0.012108,-0.027844
1670,-0.419701,0.948815,9.760256,7.568105,-11.118770,0.223995,5.300663,1.211055,-3.156093,0.998482,0.046511,0.009280,-0.027996
1671,-0.396321,1.035598,9.706734,9.024057,-9.243069,-0.197185,5.631536,0.958115,-3.186316,0.998360,0.049336,0.006982,-0.028178
1672,-0.344362,1.095568,9.736457,7.770009,-7.820546,-0.420000,5.976533,0.766574,-3.223625,0.998213,0.052298,0.005212,-0.028437
1673,-0.283037,1.052605,9.783340,5.464522,-6.527618,-0.073660,6.243223,0.647032,-3.256006,0.998088,0.054593,0.004089,-0.028675
1674,-0.261050,1.042311,9.866910,3.140522,-4.599799,0.159744,6.382381,0.607633,-3.274502,0.998019,0.055796,0.003702,-0.028822
1675,-0.269955,1.107411,9.914797,2.113499,-2.800136,0.342789,6.451371,0.634337,-3.279913,0.997983,0.056403,0.003914,-0.028884
1676,-0.239401,1.086325,9.911425,0.202972,-2.297548,0.747095,6.472930,0.688156,-3.271505,0.997971,0.056604,0.004382,-0.028838
1677,-0.247593,1.065497,9.884090,-1.806844,-1.131251,0.977453,6.403420,0.751447,-3.249913,0.998006,0.056013,0.004961,-0.028678
1678,-0.269632,1.094427,9.836628,-2.337991,0.860594,0.698149,6.303477,0.872838,-3.223228,0.998052,0.055171,0.006056,-0.028500
1679,-0.292431,1.128565,9.820951,-3.064266,1.607311,0.328816,6.230220,1.047736,-3.201642,0.998077,0.054574,0.007608,-0.028390
1680,-0.292627,1.070862,9.824697,-4.414627,1.040047,0.019013,6.126357,1.186452,-3.190975,0.998115,0.053701,0.008847,-0.028355
1681,-0.298740,1.043124,9.886709,-5.081475,0.625191,-0.296876,5.963335,1.263834,-3.192923,0.998182,0.052300,0.009561,-0.028394
1682,-0.287833,1.019811,9.918775,-4.179686,0.333893,-0.592922,5.800499,1.319774,-3.206346,0.998246,0.050896,0.010082,-0.028522
1683,-0.274735,0.996062,9.948953,-3.941671,-1.257541,-0.568518,5.657318,1.333218,-3.227397,0.998302,0.049654,0.010226,-0.028698
1684,-0.232194,0.946249,9.965988,-3.787606,-3.319025,-0.505962,5.514729,1.269451,-3.253017,0.998363,0.048398,0.009695,-0.028882
1685,-0.201013,0.940072,9.962712,-3.387873,-4.254437,-0.322849,5.379693,1.139975,-3.279117,0.998426,0.047192,0.008590,-0.029046
1686,-0.180992,0.939236,9.937772,-2.826350,-4.848059,-0.194668,5.271335,0.980560,-3.301886,0.998480,0.046210,0.007219,-0.029172
1687,-0.149809,0.943518,9.915311,-2.750023,-5.572911,-0.182457,5.185715,0.799005,-3.323843,0.998523,0.045420,0.005651,-0.029287
1688,-0.110832,0.931475,9.900501,-2.574483,-5.075505,-0.310630,5.111405,0.611350,-3.347724,0.998558,0.044727,0.004025,-0.029419
1689,-0.104902,0.935261,9.926870,-2.052540,-3.699149,-0.470849,5.053206,0.459794,-3.373413,0.998582,0.044182,0.002709,-0.029582
1690,-0.092813,0.936021,9.952995,-1.171928,-2.392934,-0.736360,5.037146,0.366079,-3.402051,0.998585,0.044018,0.001886,-0.029796
1691,-0.065346,0.880935,9.921930,-0.901722,-1.677247,-0.647859,5.032074,0.307361,-3.430766,0.998581,0.043959,0.001364,-0.030023
1692,-0.077839,0.880248,9.924477,-0.213504,-1.745864,-0.068011,5.019498,0.264074,-3.447610,0.998583,0.043839,0.000984,-0.030153
1693,-0.067580,0.873068,9.918173,0.351103,-2.522472,0.321092,5.025752,0.214928,-3.449619,0.998582,0.043880,0.000553,-0.030152
1694,-0.024622,0.845194,9.874913,-0.018212,-3.232009,0.647638,5.021106,0.122327,-3.441971,0.998588,0.043816,-0.000250,-0.030050
1695,-0.003766,0.812242,9.848496,-0.247247,-3.847015,0.946725,4.980022,-0.011946,-3.425867,0.998610,0.043423,-0.001403,-0.029859
1696,-0.003534,0.858892,9.878879,0.582751,-3.322120,0.920786,4.959132,-0.139355,-3.405248,0.998623,0.043208,-0.002500,-0.029632
1697,0.008284,0.865383,9.892936,0.688049,-1.944168,0.472160,4.982682,-0.218484,-3.389752,0.998618,0.043393,-0.003190,-0.029466
1698,0.001282,0.881341,9.897471,0.320349,-0.801149,0.218847,5.011625,-0.239849,-3.382302,0.998609,0.043640,-0.003380,-0.029392
1699,-0.019117,0.899980,9.922845,0.704975,-0.210430,0.029615,5.051764,-0.210268,-3.379727,0.998595,0.043997,-0.003132,-0.029380
1700,-0.015616,0.918703,9.927926,0.935526,0.310127,-0.075692,5.112939,-0.154397,-3.380429,0.998571,0.044545,-0.002661,-0.029406
1701,-0.009994,0.889110,9.941472,0.259617,0.081408,-0.039085,5.152266,-0.105079,-3.381779,0.998555,0.044900,-0.002242,-0.029436
1702,-0.016990,0.884607,9.966180,0.547990,-0.618855,-0.072669,5.158875,-0.079321,-3.384418,0.998552,0.044964,-0.002020,-0.029469
1703,-0.021669,0.923243,9.978778,1.008836,-0.759105,-0.106251,5.188762,-0.068127,-3.389450,0.998539,0.045228,-0.001932,-0.029517
1704,-0.017420,0.930059,9.959558,-0.152302,-0.411071,0.128730,5.225820,-0.056656,-3.390856,0.998524,0.045553,-0.001842,-0.029533
1705,-0.020147,0.919935,9.950495,-0.985390,0.251293,0.179075,5.223728,-0.031435,-3.386002,0.998526,0.045542,-0.001620,-0.029501
1706,-0.010593,0.938223,9.926164,-0.963951,0.811395,-0.000992,5.210577,0.007974,-3.381454,0.998531,0.045437,-0.001272,-0.029477
1707,0.018130,0.909774,9.872766,-1.365191,0.732041,-0.048295,5.190941,0.031963,-3.379946,0.998539,0.045273,-0.001057,-0.029474
1708,0.034531,0.862355,9.836661,-1.601753,0.145970,-0.089484,5.130957,0.017988,-3.380909,0.998563,0.044746,-0.001164,-0.029477
1709,0.042464,0.857005,9.831998,-0.553552,-0.167009,-0.448061,5.067524,-0.022968,-3.389838,0.998586,0.044183,-0.001508,-0.029540
1710,0.049392,0.846168,9.844681,0.442776,-0.397599,-0.728816,5.040338,-0.074606,-3.410175,0.998591,0.043932,-0.001958,-0.029698
1711,0.050634,0.848195,9.865185,0.668518,-0.649537,-0.643350,5.035473,-0.130132,-3.434461,0.998587,0.043875,-0.002450,-0.029888
1712,0.030383,0.868268,9.895618,0.293092,-0.587060,-0.219135,5.039273,-0.171358,-3.450572,0.998581,0.043897,-0.002817,-0.030013
1713,0.028547,0.860683,9.931513,0.181664,-0.464999,0.049429,5.038257,-0.191728,-3.454906,0.998580,0.043882,-0.002996,-0.030042
1714,0.014234,0.854251,9.949946,0.569176,-0.405449,0.404966,5.032627,-0.197066,-3.448576,0.998584,0.043832,-0.003038,-0.029985
1715,-0.001352,0.893257,9.962106,0.479134,-0.741049,0.791016,5.046701,-0.191612,-3.430386,0.998584,0.043957,-0.002988,-0.029829
1716,-0.006689,0.900641,9.950543,0.514302,-1.145274,0.861196,5.081200,-0.189128,-3.405778,0.998577,0.044259,-0.002965,-0.029614
1717,0.008863,0.894072,9.916739,0.842441,-1.229078,0.597200,5.120048,-0.200030,-3.385117,0.998567,0.044595,-0.003062,-0.029429
1718,0.004677,0.897742,9.886770,0.566294,-1.094694,0.446123,5.155047,-0.214232,-3.371288,0.998557,0.044897,-0.003190,-0.029302
1719,0.015074,0.902520,9.875741,0.114665,-1.187675,0.140929,5.177612,-0.227983,-3.364996,0.998549,0.045090,-0.003313,-0.029241
1720,0.046207,0.875733,9.870945,-0.193585,-1.151024,-0.118480,5.172883,-0.259506,-3.368120,0.998550,0.045040,-0.003588,-0.029256
1721,0.059794,0.836555,9.873332,-0.501969,-1.152591,-0.162728,5.124867,-0.307776,-3.376066,0.998567,0.044609,-0.003999,-0.029308
1722,0.061385,0.838999,9.902637,-0.041342,-1.376946,-0.367197,5.064893,-0.360015,-3.388340,0.998586,0.044073,-0.004444,-0.029397
1724,0.069296,0.863598,9.920678,0.309497,-1.035167,-0.496898,5.038491,-0.405858,-3.406050,0.998591,0.043830,-0.004843,-0.029535
1725,0.080052,0.898553,9.947543,0.083671,-0.775790,-0.527414,5.047951,-0.442090,-3.425738,0.998581,0.043902,-0.005169,-0.029692
1726,0.075528,0.915617,9.936696,-0.157312,-0.606427,-0.664746,5.075204,-0.467026,-3.447779,0.998564,0.044132,-0.005402,-0.029873
1727,0.082039,0.949705,9.933844,-0.143378,-0.353122,-0.931785,5.120635,-0.480222,-3.476107,0.998539,0.044523,-0.005539,-0.030112
1728,0.093898,0.946464,9.903579,-0.837433,0.235863,-0.997400,5.164913,-0.484663,-3.508810,0.998513,0.044906,-0.005603,-0.030394
1729,0.097283,0.948249,9.899780,-0.847900,0.437241,-1.081323,5.190845,-0.481727,-3.542761,0.998494,0.045131,-0.005597,-0.030689
1730,0.101899,0.911780,9.880910,-0.943904,0.640128,-0.956193,5.193564,-0.475974,-3.575233,0.998484,0.045155,-0.005561,-0.030974
1731,0.099408,0.894785,9.870541,-0.896577,0.710252,-0.631164,5.168720,-0.468283,-3.599594,0.998488,0.044939,-0.005497,-0.031191
1732,0.090950,0.888184,9.864860,-0.498323,0.978763,-0.287827,5.142432,-0.451913,-3.612288,0.998495,0.044714,-0.005352,-0.031309
1733,0.102800,0.876513,9.877874,0.073867,1.184696,-0.043673,5.127414,-0.432159,-3.614495,0.998500,0.044589,-0.005176,-0.031337
1734,0.097401,0.861906,9.867328,0.780301,1.109836,0.092143,5.124378,-0.416914,-3.610137,0.998503,0.044567,-0.005041,-0.031305
1735,0.076533,0.884285,9.862558,2.033041,0.957191,0.040267,5.159878,-0.395897,-3.604769,0.998491,0.044882,-0.004865,-0.031265
1736,0.058383,0.918526,9.882755,2.524438,1.259334,-0.043660,5.248246,-0.356356,-3.601557,0.998458,0.045663,-0.004544,-0.031249
1737,0.044109,0.930629,9.905363,2.132365,1.540158,-0.170318,5.348282,-0.296135,-3.600930,0.998418,0.046551,-0.004046,-0.031264
1738,0.014472,0.935918,9.910597,2.268227,1.476174,-0.324446,5.435438,-0.219046,-3.604469,0.998382,0.047332,-0.003400,-0.031324
1739,0.003692,0.972064,9.950445,2.095862,1.316088,-0.373289,5.524080,-0.137385,-3.611617,0.998343,0.048126,-0.002715,-0.031418
1740,-0.010712,0.993994,9.963870,1.419983,1.340634,-0.263435,5.609105,-0.059239,-3.617911,0.998305,0.048888,-0.002061,-0.031504
1741,-0.017391,1.006853,9.939980,0.969950,0.988264,-0.167313,5.677916,0.009899,-3.621249,0.998274,0.049507,-0.001479,-0.031562
1742,-0.016864,0.992852,9.916524,0.783859,0.681635,-0.052877,5.725010,0.058460,-3.622125,0.998252,0.049931,-0.001069,-0.031590
1743,-0.032194,1.008447,9.908377,0.378005,0.710699,0.089027,5.754872,0.099305,-3.619187,0.998239,0.050202,-0.000720,-0.031582
1744,-0.031782,0.997333,9.898769,-0.081271,0.555124,0.142427,5.766900,0.137449,-3.613218,0.998235,0.050317,-0.000389,-0.031546
1745,-0.023631,0.993499,9.894106,0.011799,0.332367,0.085966,5.762887,0.158653,-3.607952,0.998238,0.050288,-0.000200,-0.031510
1746,-0.019628,0.967143,9.925812,-0.055418,0.072943,0.035611,5.742952,0.161240,-3.605311,0.998247,0.050115,-0.000171,-0.031488
1747,-0.018950,0.990756,9.939144,0.377862,-0.505416,-0.002534,5.727651,0.145811,-3.605538,0.998254,0.049978,-0.000302,-0.031483
1748,0.001376,1.006888,9.943693,-0.195885,-1.015143,0.118021,5.731012,0.103217,-3.606154,0.998253,0.049995,-0.000674,-0.031470
1749,0.005427,0.995589,9.914150,-0.646013,-0.649016,0.258415,5.721805,0.050983,-3.602666,0.998259,0.049901,-0.001125,-0.031417
1750,0.012121,0.984802,9.900800,-0.781833,-0.317975,0.238587,5.694846,0.012855,-3.596019,0.998273,0.049656,-0.001447,-0.031343
1751,0.022333,0.986487,9.897488,-0.682663,-0.266180,0.220284,5.666737,-0.019447,-3.589365,0.998288,0.049402,-0.001718,-0.031271
1752,0.017620,0.979769,9.898381,-0.899351,0.020620,0.374411,5.638964,-0.043125,-3.579894,0.998303,0.049154,-0.001912,-0.031179
1753,0.003001,0.959147,9.918770,-0.267661,0.255593,0.353050,5.608714,-0.044413,-3.567363,0.998319,0.048890,-0.001910,-0.031070
1754,-0.000942,0.953576,9.931967,0.348733,-0.255567,0.316425,5.590048,-0.039194,-3.556244,0.998330,0.048729,-0.001855,-0.030976
1755,-0.005654,0.944721,9.943470,0.402044,-0.893363,0.414081,5.578618,-0.049316,-3.545975,0.998338,0.048627,-0.001935,-0.030882
1756,-0.013227,0.952735,9.928371,0.371439,-0.871934,0.436962,5.569833,-0.063566,-3.534703,0.998344,0.048547,-0.002052,-0.030778
1757,-0.006711,0.940065,9.912493,-0.148985,-0.942052,0.354556,5.552732,-0.075979,-3.524487,0.998355,0.048394,-0.002152,-0.030684
1758,0.006169,0.931786,9.891418,-0.855596,-1.427248,0.339292,5.509012,-0.104515,-3.516756,0.998375,0.048006,-0.002385,-0.030605
1759,0.013871,0.934634,9.894924,-1.511838,-1.532516,0.313350,5.445844,-0.149244,-3.510607,0.998403,0.047444,-0.002755,-0.030535
1760,0.023600,0.935156,9.893051,-2.094795,-1.166281,0.226371,5.372469,-0.191728,-3.505869,0.998435,0.046793,-0.003104,-0.030478
1761,0.037125,0.913230,9.899493,-2.538888,-1.105247,0.092090,5.282921,-0.230670,-3.504059,0.998471,0.046003,-0.003419,-0.030449
1762,0.045364,0.910801,9.895672,-2.718989,-0.948095,0.023425,5.184790,-0.269351,-3.505218,0.998510,0.045137,-0.003730,-0.030446
1763,0.061031,0.890079,9.885038,-2.960107,-0.449155,0.014272,5.084829,-0.302088,-3.506640,0.998548,0.044257,-0.003990,-0.030449
1764,0.076986,0.862057,9.895274,-3.013563,-0.090638,-0.007083,4.973149,-0.329807,-3.507215,0.998590,0.043277,-0.004202,-0.030448
1765,0.083445,0.859586,9.907327,-2.601604,-0.038853,0.028022,4.869534,-0.356398,-3.506953,0.998629,0.042367,-0.004406,-0.030439
1766,0.079682,0.842545,9.893682,-2.206394,0.012944,0.140947,4.788015,-0.378260,-3.504138,0.998659,0.041651,-0.004574,-0.030410
1767,0.075676,0.822266,9.900645,-1.777623,-0.164117,0.174522,4.718050,-0.394670,-3.499063,0.998685,0.041037,-0.004696,-0.030363
1768,0.061158,0.829512,9.928442,-1.008551,-0.240418,0.043294,4.673049,-0.402954,-3.496001,0.998702,0.040642,-0.004755,-0.030335
1769,0.042220,0.828805,9.928944,-0.372188,-0.161002,-0.040638,4.663077,-0.392698,-3.496596,0.998705,0.040558,-0.004664,-0.030344
1770,0.035496,0.804351,9.928758,-0.291292,-0.276858,-0.039122,4.657619,-0.370806,-3.498556,0.998707,0.040516,-0.004472,-0.030369
1771,0.040606,0.822270,9.930978,-0.041025,-0.552941,-0.075753,4.655771,-0.357279,-3.501612,0.998707,0.040504,-0.004355,-0.030401
1772,0.063699,0.825098,9.922593,0.126884,-0.481181,-0.144424,4.671670,-0.363487,-3.506761,0.998700,0.040640,-0.004415,-0.030443
1773,0.075155,0.834991,9.907836,0.432150,-0.269103,-0.188674,4.701300,-0.382067,-3.513445,0.998688,0.040893,-0.004587,-0.030493
1774,0.088908,0.863759,9.889703,0.795466,-0.070800,-0.226818,4.758127,-0.403861,-3.521064,0.998665,0.041383,-0.004795,-0.030549
1775,0.094104,0.865687,9.884852,0.780385,0.412829,-0.191715,4.829195,-0.420144,-3.527871,0.998637,0.041997,-0.004958,-0.030600
1776,0.090292,0.858958,9.898416,1.160467,0.783548,-0.197813,4.893017,-0.419728,-3.532903,0.998612,0.042553,-0.004974,-0.030641
1777,0.067107,0.857155,9.903783,1.299388,0.963586,-0.196285,4.949364,-0.395784,-3.537076,0.998590,0.043051,-0.004782,-0.030684
1778,0.043628,0.848784,9.919524,1.096438,0.884297,-0.219180,4.988893,-0.349698,-3.541301,0.998575,0.043407,-0.004392,-0.030737
1779,0.029284,0.831386,9.934126,1.017002,0.530390,-0.243603,5.002181,-0.298364,-3.546786,0.998569,0.043537,-0.003950,-0.030803
1780,0.020947,0.831144,9.939036,1.029067,0.031533,-0.336695,5.000746,-0.258240,-3.555404,0.998568,0.043535,-0.003604,-0.030894
1781,0.015321,0.852014,9.943104,0.810750,-0.210975,-0.371800,5.004371,-0.231164,-3.567293,0.998563,0.043574,-0.003373,-0.031008
1782,0.016532,0.883067,9.953657,0.887035,-0.491643,-0.361128,5.029588,-0.216207,-3.580462,0.998550,0.043797,-0.003255,-0.031127
1783,0.041608,0.876249,9.924846,0.731418,-0.751012,-0.237532,5.063391,-0.226516,-3.592240,0.998534,0.044088,-0.003358,-0.031225
1784,0.065209,0.884851,9.908625,0.395733,-0.639677,-0.129186,5.086841,-0.263406,-3.600398,0.998522,0.044282,-0.003689,-0.031281
1785,0.094572,0.896564,9.888765,0.203510,-0.346843,-0.058980,5.107965,-0.315449,-3.605042,0.998512,0.044452,-0.004150,-0.031301
1786,0.101445,0.882977,9.873980,0.075364,-0.130345,0.031065,5.120605,-0.369424,-3.606264,0.998506,0.044547,-0.004625,-0.031290
1787,0.103298,0.883218,9.886906,0.288989,-0.130511,0.040236,5.125529,-0.415331,-3.605466,0.998504,0.044577,-0.005026,-0.031265
1788,0.089571,0.905469,9.894438,0.365314,0.064698,0.072289,5.143705,-0.443923,-3.603756,0.998497,0.044728,-0.005279,-0.031238
1789,0.079599,0.885294,9.899245,-0.074129,0.160794,0.144012,5.154353,-0.450180,-3.599876,0.998493,0.044819,-0.005335,-0.031201
1790,0.048947,0.892614,9.914939,0.505708,0.092178,0.053977,5.157905,-0.433484,-3.596182,0.998493,0.044855,-0.005189,-0.031175
1791,0.032361,0.927055,9.909015,0.752967,0.153353,-0.054377,5.193623,-0.394771,-3.595918,0.998480,0.045177,-0.004861,-0.031187
1792,0.027609,0.912147,9.886790,-0.139610,0.512106,-0.010140,5.225884,-0.343409,-3.596118,0.998468,0.045472,-0.004423,-0.031208
1793,0.038080,0.896086,9.908467,-0.521086,0.629721,-0.071188,5.216470,-0.294371,-3.595749,0.998473,0.045404,-0.003993,-0.031224
1794,0.039857,0.907864,9.923776,-0.261694,0.780851,-0.182585,5.199458,-0.254798,-3.597810,0.998479,0.045266,-0.003644,-0.031258
1795,0.041869,0.891095,9.916862,-0.669135,0.877010,-0.178011,5.179440,-0.220147,-3.601278,0.998486,0.045101,-0.003338,-0.031303
1796,0.046172,0.855468,9.936545,-0.902709,0.545874,-0.199371,5.126287,-0.198567,-3.605308,0.998506,0.044644,-0.003137,-0.031348
1797,0.044182,0.860783,9.953367,-0.385567,0.068226,-0.245146,5.067976,-0.196041,-3.611638,0.998527,0.044136,-0.003101,-0.031406
1798,0.038268,0.851557,9.931350,-0.191892,-0.244614,-0.289395,5.029156,-0.204746,-3.620666,0.998539,0.043795,-0.003170,-0.031482
1799,0.028879,0.860180,9.908384,0.220030,-0.522328,-0.377899,5.010108,-0.215302,-3.632795,0.998543,0.043626,-0.003262,-0.031584
1800,0.033087,0.872218,9.903975,0.459585,-0.732884,-0.438938,5.017766,-0.229701,-3.648174,0.998536,0.043688,-0.003395,-0.031713
1801,0.041658,0.875760,9.887613,0.609148,-0.766451,-0.435886,5.041198,-0.252158,-3.664910,0.998522,0.043886,-0.003604,-0.031849
1802,0.050249,0.880392,9.877274,0.636647,-0.587933,-0.480137,5.070048,-0.277375,-3.682143,0.998506,0.044129,-0.003838,-0.031989
1803,0.047471,0.887401,9.888776,0.635158,-0.244612,-0.496921,5.100510,-0.292647,-3.699638,0.998489,0.044390,-0.003986,-0.032134
1804,0.048674,0.890139,9.894214,0.835087,-0.272073,-0.454196,5.133276,-0.298531,-3.716237,0.998472,0.044673,-0.004053,-0.032275
1805,0.052902,0.900029,9.899087,0.610810,-0.485702,-0.324492,5.165958,-0.309485,-3.730339,0.998455,0.044954,-0.004163,-0.032393
1806,0.057627,0.897089,9.898457,0.415517,-0.206466,-0.268033,5.189320,-0.322510,-3.741248,0.998443,0.045154,-0.004288,-0.032482
1807,0.054521,0.902227,9.909595,0.774117,-0.027938,-0.309232,5.211324,-0.326706,-3.751196,0.998431,0.045344,-0.004335,-0.032566
1808,0.062687,0.916881,9.902359,1.149526,-0.201902,-0.303127,5.251079,-0.331747,-3.761754,0.998412,0.045688,-0.004394,-0.032654
1809,0.066803,0.907693,9.908721,0.809264,-0.105798,-0.239036,5.288920,-0.343304,-3.771256,0.998394,0.046014,-0.004509,-0.032731
1810,0.060916,0.919031,9.915336,1.103765,0.208523,-0.289390,5.319980,-0.345794,-3.779865,0.998379,0.046284,-0.004543,-0.032804
1811,0.052891,0.927835,9.931558,1.135818,-0.079865,-0.277184,5.359348,-0.339881,-3.789080,0.998361,0.046628,-0.004507,-0.032885
1812,0.049418,0.932506,9.926664,1.048848,-0.444529,-0.235987,5.397856,-0.339623,-3.798422,0.998342,0.046964,-0.004519,-0.032965
1813,0.049103,0.938604,9.917365,0.879476,-0.549780,-0.197842,5.431372,-0.346014,-3.807185,0.998326,0.047253,-0.004588,-0.033037
1814,0.048538,0.945512,9.907940,0.949678,-0.685547,-0.263461,5.464292,-0.355463,-3.816802,0.998309,0.047537,-0.004684,-0.033116
1815,0.053430,0.959487,9.912575,1.051943,-0.850309,-0.301613,5.504749,-0.370487,-3.828660,0.998289,0.047885,-0.004832,-0.033211
1816,0.065655,0.961222,9.910985,0.859709,-0.844191,-0.237526,5.544955,-0.394334,-3.840371,0.998268,0.048227,-0.005056,-0.033302
1817,0.071280,0.952086,9.903758,0.784932,-0.719073,-0.232947,5.570858,-0.421459,-3.850687,0.998254,0.048445,-0.005304,-0.033379
1818,0.065751,0.976840,9.914083,0.855126,-0.497805,-0.268044,5.598485,-0.438568,-3.860974,0.998239,0.048680,-0.005466,-0.033460
1819,0.071431,0.989699,9.923435,0.559147,-0.360448,-0.170388,5.634903,-0.446131,-3.869741,0.998221,0.048994,-0.005546,-0.033531
1821,0.074188,0.965650,9.904984,0.124268,-0.125440,-0.106300,5.648863,-0.449802,-3.875144,0.998213,0.049115,-0.005584,-0.033576
1822,0.074293,0.981090,9.899045,0.285998,0.246900,-0.179546,5.651115,-0.443909,-3.879648,0.998211,0.049136,-0.005536,-0.033618
1823,0.093563,0.986209,9.896008,-0.107674,0.375052,-0.092565,5.658386,-0.439248,-3.883174,0.998207,0.049200,-0.005499,-0.033650
1824,0.105284,0.954136,9.887499,-0.342701,0.504669,-0.020838,5.642013,-0.446398,-3.883541,0.998214,0.049055,-0.005556,-0.033651
1825,0.093840,0.944525,9.875504,0.021886,0.974567,-0.132222,5.609574,-0.443576,-3.883443,0.998228,0.048774,-0.005522,-0.033653
1826,0.076505,0.959547,9.891182,0.182027,1.066092,-0.069656,5.592363,-0.417155,-3.883304,0.998235,0.048632,-0.005287,-0.033664
1827,0.077743,0.948109,9.899907,-0.115592,0.811252,0.056998,5.577577,-0.388346,-3.880348,0.998243,0.048512,-0.005030,-0.033651
1828,0.053220,0.952763,9.900174,0.082710,1.105773,0.006641,5.560134,-0.352397,-3.876073,0.998252,0.048370,-0.004710,-0.033630
1829,0.030872,0.950572,9.897485,0.213888,1.150110,0.005108,5.552165,-0.293639,-3.872157,0.998257,0.048319,-0.004194,-0.033621
1830,0.030316,0.976838,9.910669,0.053666,0.562726,0.085972,5.556837,-0.240896,-3.867877,0.998257,0.048375,-0.003734,-0.033606
1831,0.038915,0.988980,9.909230,-0.309431,0.379660,0.063079,5.570859,-0.214153,-3.863961,0.998252,0.048505,-0.003504,-0.033582
1832,0.027396,0.965359,9.891122,-0.370420,0.683343,0.008143,5.571692,-0.190535,-3.861108,0.998253,0.048519,-0.003297,-0.033568
1833,0.028292,0.977947,9.891470,-0.378023,0.575031,0.026452,5.565722,-0.162745,-3.858523,0.998256,0.048476,-0.003052,-0.033557
1834,0.038134,0.985700,9.908381,-0.525974,0.292724,0.060022,5.566491,-0.150926,-3.855734,0.998256,0.048486,-0.002948,-0.033538
1835,0.035831,0.973128,9.914272,-0.554915,0.356776,0.085967,5.561369,-0.149708,-3.852298,0.998260,0.048442,-0.002935,-0.033508
1836,0.039918,0.953376,9.907765,-0.510671,0.433028,0.150060,5.541460,-0.148256,-3.847101,0.998269,0.048269,-0.002914,-0.033464
1837,0.040835,0.957691,9.906446,-0.472552,0.225447,0.168377,5.518004,-0.151752,-3.840738,0.998281,0.048064,-0.002935,-0.033408
1838,0.038753,0.944323,9.914513,-0.196391,-0.000442,0.082930,5.498774,-0.161589,-3.836183,0.998291,0.047893,-0.003013,-0.033365
1839,0.032976,0.950696,9.909694,-0.120127,0.109392,0.018844,5.485492,-0.168226,-3.834296,0.998297,0.047776,-0.003066,-0.033346
1840,0.025422,0.936394,9.898624,-0.216294,0.274189,-0.010149,5.471524,-0.162415,-3.833517,0.998303,0.047656,-0.003011,-0.033342
1841,0.015751,0.934458,9.897851,-0.042392,0.130782,-0.110863,5.453909,-0.147723,-3.834845,0.998310,0.047507,-0.002879,-0.033360
1842,0.015934,0.943042,9.910246,0.023191,0.100307,-0.240569,5.445575,-0.132695,-3.840289,0.998311,0.047438,-0.002748,-0.033414
1843,0.015253,0.946420,9.895645,-0.051580,0.545910,-0.281773,5.445075,-0.112747,-3.847934,0.998309,0.047440,-0.002577,-0.033489
1844,0.022340,0.946489,9.886013,-0.469669,0.858735,-0.179537,5.439843,-0.086326,-3.853375,0.998310,0.047402,-0.002347,-0.033547
1845,0.024196,0.915172,9.879251,-0.556689,1.443141,-0.174956,5.412444,-0.053370,-3.855613,0.998320,0.047173,-0.002053,-0.033581
1846,-0.004076,0.949766,9.894322,0.099434,2.341918,-0.266513,5.398433,0.012082,-3.856982,0.998325,0.047070,-0.001480,-0.033620
1847,-0.025737,0.978870,9.888078,-0.008798,3.300271,-0.087987,5.427095,0.124023,-3.853981,0.998312,0.047352,-0.000511,-0.033639
1848,-0.037196,0.949442,9.871550,-1.237062,4.327294,0.233976,5.433198,0.269281,-3.839502,0.998309,0.047448,0.000758,-0.033573
1849,-0.055946,0.929632,9.852337,-1.009690,5.535874,0.250758,5.397876,0.444299,-3.815975,0.998323,0.047190,0.002303,-0.033440
1850,-0.099133,0.952522,9.831616,-1.206503,7.020662,0.304159,5.368965,0.667228,-3.787069,0.998331,0.047002,0.004266,-0.033278
1851,-0.154469,0.927175,9.819706,-2.192202,9.173823,0.447589,5.325214,0.955266,-3.749336,0.998338,0.046700,0.006803,-0.033064
1852,-0.209699,0.888894,9.855907,-3.313781,12.080792,0.681048,5.228350,1.326640,-3.698175,0.998355,0.045956,0.010087,-0.032759
1853,-0.304352,0.850087,9.857414,-3.895236,15.613424,1.419584,5.090658,1.812102,-3.622255,0.998367,0.044881,0.014386,-0.032272
1854,-0.439283,0.824213,9.871535,-3.854140,19.465055,2.141325,4.939857,2.437725,-3.512759,0.998348,0.043716,0.019921,-0.031531
1855,-0.544481,0.796763,9.895478,-3.379686,22.712460,2.528886,4.798765,3.191021,-3.376492,0.998268,0.042650,0.026574,-0.030589
1856,-0.661532,0.730991,9.863021,-2.790828,25.137379,2.733333,4.668240,4.034227,-3.224956,0.998116,0.041675,0.034010,-0.029531
1857,-0.810528,0.718043,9.815762,0.875798,26.169119,2.599023,4.605165,4.933855,-3.069561,0.997862,0.041277,0.041917,-0.028466
1858,-0.954092,0.780257,9.818193,3.901617,26.117447,1.610199,4.675325,5.849698,-2.929906,0.997487,0.042026,0.049926,-0.027592
1859,-1.078065,0.815768,9.775613,4.357874,25.733084,0.647328,4.826511,6.750221,-2.819637,0.997017,0.043468,0.057769,-0.027017
1860,-1.223645,0.839728,9.721100,4.956071,25.959059,0.009483,5.001076,7.641728,-2.733162,0.996474,0.045107,0.065517,-0.026680
1861,-1.364968,0.912867,9.715112,6.662134,27.231798,-0.185835,5.225498,8.554865,-2.653594,0.995832,0.047171,0.073436,-0.026466
1862,-1.548109,0.952259,9.673618,5.435415,30.439430,-0.547473,5.471338,9.546897,-2.570436,0.995056,0.049415,0.082034,-0.026297
1863,-1.786692,1.006755,9.680851,6.077969,34.899937,-0.341472,5.715514,10.688264,-2.471862,0.994084,0.051635,0.091929,-0.026091
1864,-2.016126,1.033434,9.679277,6.305468,39.079762,-0.231612,5.980435,11.993492,-2.346972,0.992854,0.054006,0.103245,-0.025789
1865,-2.272847,1.067086,9.667431,6.090424,42.388332,0.035410,6.248036,13.434214,-2.196051,0.991356,0.056351,0.115735,-0.025376
1866,-2.548635,1.088126,9.651773,4.706489,44.036736,0.053695,6.489793,14.966457,-2.024847,0.989609,0.058410,0.129015,-0.024861
1867,-2.784720,1.135859,9.650150,3.830671,42.468460,-0.034834,6.695816,16.493916,-1.848216,0.987706,0.060097,0.142245,-0.024310
1868,-2.965657,1.120999,9.566045,1.142024,37.886379,-0.159983,6.835395,17.892521,-1.684016,0.985835,0.061164,0.154349,-0.023760
1869,-3.140954,1.120402,9.475622,1.483816,32.493919,0.429001,6.923241,19.095926,-1.532729,0.984126,0.061753,0.164759,-0.023180
1870,-3.287076,1.132647,9.377625,2.803721,28.196980,1.146171,7.042362,20.114134,-1.376155,0.982576,0.062563,0.173560,-0.022527
1871,-3.392071,1.131332,9.241364,3.363722,26.286522,1.547484,7.199905,21.009365,-1.209617,0.981124,0.063655,0.181294,-0.021805
1872,-3.517366,1.118208,9.102833,5.083402,28.573860,2.913175,7.404448,21.901699,-1.009358,0.979596,0.065063,0.189005,-0.020896
1873,-3.678700,1.155242,9.013178,6.687105,33.137920,3.293112,7.686064,22.912333,-0.756827,0.977764,0.066995,0.197733,-0.019770
1874,-3.856894,1.187373,8.985167,5.499899,37.314423,2.688825,7.990916,24.073446,-0.478568,0.975568,0.069014,0.207745,-0.018605
1875,-4.043100,1.179118,8.962286,3.673275,39.456844,1.811374,8.233604,25.336349,-0.209330,0.973109,0.070442,0.218610,-0.017521
1876,-4.252245,1.208708,8.921428,3.355743,39.321022,1.358111,8.426223,26.626543,0.042247,0.970502,0.071407,0.229679,-0.016560
1877,-4.450420,1.290720,8.857631,1.735121,36.742165,0.128179,8.592660,27.866364,0.268764,0.967889,0.072147,0.240283,-0.015769
1878,-4.589228,1.255187,8.696614,1.454283,34.230404,0.115948,8.722734,29.015089,0.465652,0.965381,0.072606,0.250079,-0.015128
1879,-4.809259,1.311140,8.576447,3.979637,35.152008,1.123039,8.908000,30.141926,0.684574,0.962792,0.073438,0.259673,-0.014441
1880,-4.988248,1.377266,8.400125,4.858616,37.186108,1.420616,9.208672,31.334593,0.962244,0.959887,0.075029,0.269819,-0.013618
1881,-5.172333,1.371027,8.275454,4.104883,39.015785,1.222274,9.539733,32.603302,1.270442,0.956673,0.076705,0.280590,-0.012735
1882,-5.334666,1.297669,8.111929,3.851550,40.393814,1.033020,9.832326,33.931438,1.575270,0.953214,0.077964,0.291825,-0.011904
1883,-5.537419,1.317244,8.018671,2.629174,41.990040,0.274543,10.078902,35.310684,1.867679,0.949523,0.078769,0.303442,-0.011168
1884,-5.682594,1.283907,7.839338,-0.335843,41.506405,-0.892906,10.234133,36.707638,2.127597,0.945706,0.078817,0.315147,-0.010529
1885,-5.863353,1.274510,7.702925,-1.231737,41.804016,-0.514615,10.311257,38.097576,2.369610,0.941822,0.078201,0.326740,-0.009856
1886,-6.059444,1.281574,7.549084,-1.324978,43.127048,0.477103,10.408537,39.509205,2.656383,0.937728,0.077544,0.338487,-0.008925
1887,-6.263876,1.297878,7.407965,-1.274739,44.488243,1.642803,10.570786,40.961014,3.019740,0.933334,0.077084,0.350554,-0.007641
1888,-6.461063,1.322558,7.263221,-0.569831,44.689743,2.851262,10.820551,42.428738,3.468051,0.928688,0.076956,0.362741,-0.006019
1889,-6.631691,1.316500,7.110475,0.827862,44.758453,4.129930,11.173856,43.883301,3.998148,0.923866,0.077276,0.374811,-0.004153
1890,-6.812186,1.333564,6.945687,1.740310,44.070278,4.308406,11.613851,45.312363,4.584095,0.918922,0.077968,0.386651,-0.002225
1891,-6.971168,1.360427,6.741501,2.451349,42.835812,4.032169,12.111293,46.706062,5.193455,0.913914,0.078894,0.398167,-0.000412
1892,-7.147710,1.402188,6.586247,2.635960,41.836338,3.797150,12.650790,48.059513,5.819505,0.908881,0.079951,0.409318,0.001275
1893,-7.308383,1.415965,6.396159,2.860251,40.885693,3.797127,13.223376,49.377655,6.466099,0.903823,0.081048,0.420152,0.002885
1894,-7.458772,1.437808,6.182621,2.930423,41.169556,3.443076,13.828803,50.691120,7.137165,0.898638,0.082136,0.430911,0.004408
1895,-7.633771,1.470529,5.977769,2.486369,43.110634,2.593099,14.465075,52.055508,7.839092,0.893123,0.083108,0.442030,0.005819
1896,-7.777321,1.479610,5.768120,2.139977,46.142799,2.048299,15.137913,53.512466,8.588686,0.887105,0.083869,0.453827,0.007147
1897,-7.951494,1.468949,5.565192,2.098753,49.078846,1.364605,15.857322,55.071930,9.395263,0.880517,0.084404,0.466365,0.008370
1898,-8.111649,1.456013,5.330832,2.229930,51.090199,0.570998,16.626059,56.717873,10.251890,0.873397,0.084729,0.479491,0.009396
1899,-8.256447,1.474629,5.089566,2.481654,51.757202,-0.201255,17.460531,58.407158,11.163420,0.865891,0.084955,0.492861,0.010212
1900,-8.385646,1.472786,4.876227,2.846298,50.895180,-0.236475,18.374926,60.075073,12.139338,0.858252,0.085197,0.505991,0.010887
1901,-8.486189,1.495295,4.655036,3.543592,47.992886,-0.036678,19.377426,61.648426,13.180288,0.850799,0.085599,0.518346,0.011483
1902,-8.565144,1.492083,4.390675,4.012004,44.277214,0.115841,20.454947,63.089737,14.267477,0.843733,0.086210,0.529659,0.011981
1903,-8.668831,1.528247,4.217475,3.934141,40.762901,-0.584603,21.551353,64.393898,15.353894,0.837157,0.086871,0.539879,0.012324
1904,-8.779610,1.559313,4.033675,3.071961,36.021664,-0.995072,22.601931,65.545494,16.393196,0.831222,0.087409,0.548882,0.012560
1905,-8.856823,1.544955,3.852880,2.878133,31.262077,-0.233627,23.594841,66.532257,17.380814,0.826018,0.087857,0.556607,0.012807
1906,-8.959423,1.522128,3.695744,2.849086,28.267975,0.123406,24.549301,67.388260,18.329163,0.821398,0.088289,0.563330,0.013051
1907,-9.002975,1.525644,3.532749,3.221349,28.003763,-0.461083,25.501892,68.195351,19.265715,0.816978,0.088697,0.569654,0.013161
1908,-9.080157,1.527859,3.358664,3.334213,30.133776,-1.056256,26.538866,69.043015,20.276501,0.812292,0.089068,0.576261,0.013109
1909,-9.115990,1.481563,3.174114,4.176467,34.317741,-1.097561,27.778961,70.000717,21.481678,0.806926,0.089420,0.583702,0.012923
1910,-9.152716,1.461627,2.949842,4.559414,39.551620,-2.199434,29.326832,71.116272,22.984509,0.800580,0.089720,0.592339,0.012547
1911,-9.264293,1.471447,2.741856,4.365576,44.515469,-3.800287,31.248642,72.400215,24.863409,0.793163,0.089796,0.602235,0.011962
1912,-9.335395,1.462231,2.513320,4.080193,47.375088,-4.044580,33.637260,73.789825,27.221603,0.784909,0.089666,0.612985,0.011320
1913,-9.376645,1.420865,2.248647,4.310574,48.078575,-3.423681,36.606541,75.192360,30.166286,0.776187,0.089530,0.624022,0.010753
1914,-9.455291,1.406938,2.032879,4.045025,47.082146,-3.770229,40.142467,76.534744,33.678547,0.767397,0.089377,0.634830,0.010196
1915,-9.580898,1.426781,1.815216,3.709283,44.031731,-4.923956,44.090305,77.764923,37.604805,0.758957,0.089057,0.644952,0.009515
1916,-9.580227,1.386518,1.560459,3.457469,39.812428,-5.114802,48.320316,78.851006,41.811424,0.751142,0.088579,0.654114,0.008673
1917,-9.655772,1.375026,1.351851,3.060692,35.600727,-6.015198,52.703541,79.789894,46.170315,0.744073,0.087932,0.662242,0.007667
1918,-9.691345,1.386287,1.142108,2.506751,31.692667,-6.909437,57.153149,80.597260,50.598949,0.737743,0.087100,0.669408,0.006528
1919,-9.668918,1.342943,0.937401,2.076419,29.162537,-7.042196,61.763943,81.295700,55.195702,0.731963,0.086134,0.675857,0.005351
1920,-9.610528,1.275548,0.739909,1.885662,28.730591,-6.830114,66.858040,81.916115,60.282223,0.726372,0.085086,0.682002,0.004178
1921,-9.614952,1.255161,0.563340,1.957369,30.206097,-7.252817,72.932541,82.473915,66.351372,0.720564,0.084010,0.688274,0.003009
1922,-9.621960,1.197365,0.386450,2.227453,32.841328,-7.164332,80.489174,82.952431,73.900436,0.714236,0.082938,0.694971,0.001822
1924,-9.615536,1.104506,0.184701,2.944636,35.172943,-7.304800,89.773132,83.310944,83.164963,0.707270,0.081859,0.702188,0.000490
1925,-9.677871,1.095911,-0.045606,3.541278,36.381531,-8.020563,100.505989,83.483742,93.858818,0.699752,0.080801,0.709801,-0.001056
1926,-9.708385,1.065410,-0.283358,3.712196,36.247383,-7.320227,111.683746,83.399544,104.984261,0.691923,0.079889,0.717533,-0.002608
1927,-9.738037,1.010700,-0.523929,3.660337,35.066498,-5.715013,121.975822,83.048218,115.219124,0.684059,0.079233,0.725100,-0.003952
1928,-9.730530,0.992238,-0.775239,3.753448,33.250893,-4.346306,130.573212,82.481689,123.753601,0.676331,0.078911,0.732342,-0.005021
1929,-9.712757,0.948219,-0.980631,3.297228,32.224228,-3.241575,137.430222,81.771065,130.549072,0.668776,0.078828,0.739250,-0.005825
1930,-9.649261,0.875452,-1.177897,3.040909,32.128380,-2.962422,143.010788,80.971451,136.076981,0.661275,0.078740,0.745971,-0.006515
1931,-9.603516,0.884712,-1.363024,3.260682,32.381969,-3.827719,147.717056,80.106003,140.731659,0.653693,0.078565,0.752636,-0.007269
1932,-9.552292,0.863116,-1.531712,3.053189,32.321190,-3.774371,151.656784,79.190010,144.621170,0.646066,0.078353,0.759207,-0.008035
1933,-9.513177,0.828750,-1.678899,2.793809,31.694231,-3.121333,154.859451,78.251282,147.780457,0.638560,0.078157,0.765543,-0.008693
1934,-9.476636,0.840019,-1.850942,3.308062,30.208122,-2.170712,157.365509,77.314148,150.235931,0.631324,0.078186,0.771513,-0.009207
1935,-9.511977,0.903189,-2.026941,3.659019,28.142134,-1.020086,159.199249,76.396896,152.001450,0.624482,0.078668,0.777010,-0.009479
1936,-9.566780,0.912840,-2.197384,3.851258,25.538986,0.794401,160.441986,75.525841,153.160797,0.618182,0.079631,0.781934,-0.009452
1937,-9.561208,0.913081,-2.346827,4.153356,22.864090,2.605840,161.229477,74.719498,153.846680,0.612496,0.081040,0.786255,-0.009202
1938,-9.551803,0.945876,-2.528812,4.806413,20.393688,3.541413,161.708679,73.971649,154.199448,0.607323,0.082855,0.790074,-0.008848
1939,-9.545638,0.998205,-2.670413,5.522022,18.567270,3.120482,162.044754,73.275047,154.383377,0.602533,0.084906,0.793519,-0.008571
1940,-9.486444,0.953445,-2.760334,5.758497,16.789677,3.967566,162.317490,72.637688,154.483673,0.598140,0.087037,0.796606,-0.008461
1941,-9.403275,0.922666,-2.829970,6.506178,16.840099,3.480893,162.619797,72.041573,154.591980,0.593970,0.089148,0.799486,-0.008632
1942,-9.337767,0.883710,-2.905813,7.401899,18.253151,2.258636,163.100677,71.443611,154.853760,0.589632,0.091078,0.802466,-0.009282
1943,-9.290848,0.895036,-2.946199,7.717772,19.989635,0.230651,163.786438,70.827538,155.310089,0.584993,0.092673,0.805659,-0.010381
1944,-9.297004,0.846677,-3.005485,7.661322,21.849613,-0.958107,164.632141,70.194366,155.932983,0.580089,0.093857,0.809042,-0.011801
1945,-9.227487,0.762520,-3.065122,7.929918,25.226267,-1.913497,165.642502,69.511482,156.723267,0.574694,0.094668,0.812762,-0.013543
1946,-9.126289,0.717087,-3.200312,6.680246,27.488991,-2.661427,166.754700,68.744331,157.636917,0.568613,0.095114,0.816943,-0.015364
1947,-9.097247,0.779103,-3.401530,5.328317,28.460873,-3.389441,167.801392,67.897964,158.536667,0.561994,0.095294,0.821462,-0.016803
1948,-9.039210,0.760592,-3.580464,4.208301,29.207001,-2.428152,168.683151,66.990303,159.316086,0.555016,0.095452,0.826155,-0.017702
1949,-8.910297,0.710297,-3.738156,2.940275,28.964399,-1.860551,169.418884,66.049614,159.983215,0.547858,0.095605,0.830892,-0.018181
1950,-8.885013,0.762843,-3.918332,1.524219,26.745762,-1.985672,170.001663,65.132599,160.540878,0.540926,0.095653,0.835414,-0.018238
1951,-8.899209,0.756636,-4.053537,0.602530,23.883154,-0.635156,170.391281,64.298935,160.940659,0.534683,0.095727,0.839424,-0.017856
1952,-8.858705,0.734577,-4.141321,-0.265752,21.821566,-0.355857,170.645584,63.563457,161.226181,0.529207,0.095812,0.842890,-0.017229
1953,-8.814597,0.695127,-4.263341,-1.971747,20.580881,-0.244459,170.839478,62.894028,161.488159,0.524230,0.095663,0.846027,-0.016407
1954,-8.779415,0.752048,-4.410089,-3.912739,21.134714,0.237750,170.936462,62.225689,161.712082,0.519314,0.095322,0.849117,-0.015073
1955,-8.739037,0.778361,-4.537632,-4.657434,22.088390,0.156953,170.945450,61.517448,161.896225,0.514151,0.094910,0.852330,-0.013226
1956,-8.653534,0.854342,-4.659050,-4.701760,23.386969,-1.231495,170.955582,60.763039,162.107376,0.508625,0.094345,0.855730,-0.011214
1957,-8.550841,0.813015,-4.759759,-5.843229,23.473991,-1.109271,170.982208,59.980328,162.362274,0.502852,0.093543,0.859248,-0.009112
1958,-8.487404,0.843100,-4.842909,-5.171884,22.427235,-1.634075,171.018021,59.220631,162.634491,0.497213,0.092600,0.862644,-0.007065
1959,-8.412663,0.795708,-4.901814,-3.806227,20.139832,-1.389853,171.089157,58.534786,162.905853,0.492067,0.091702,0.865697,-0.005425
1960,-8.368156,0.813407,-4.990220,-3.069231,18.316252,-0.983929,171.173477,57.930595,163.147385,0.487497,0.090964,0.868363,-0.004157
1961,-8.332526,0.754191,-5.052096,-3.099749,16.372078,0.151338,171.231720,57.398304,163.338043,0.483468,0.090399,0.870677,-0.003030
1962,-8.298367,0.727327,-5.110098,-1.891169,14.949716,0.375543,171.298615,56.934406,163.502609,0.479933,0.089974,0.872676,-0.002190
1963,-8.254858,0.822702,-5.188581,-1.959818,14.178911,0.946180,171.327194,56.505932,163.608582,0.476684,0.089785,0.874476,-0.001363
1964,-8.242654,0.885589,-5.284306,-1.846958,13.366930,1.310935,171.265274,56.090813,163.627686,0.473599,0.089866,0.876144,-0.000229
1965,-8.178298,0.854334,-5.337050,-1.209182,12.216217,1.646705,171.189545,55.700256,163.616074,0.470704,0.090097,0.877678,0.000851
1966,-8.150423,0.884824,-5.397831,0.490655,11.697247,2.089266,171.141968,55.333675,163.586395,0.467965,0.090558,0.879094,0.001611
1967,-8.087391,0.905332,-5.416980,1.427513,12.159437,1.305002,171.135437,54.970509,163.557678,0.465215,0.091175,0.880487,0.002056
1968,-8.062099,0.869164,-5.534047,0.368484,13.668449,-0.524549,171.212631,54.573341,163.626801,0.462133,0.091417,0.882083,0.002301
1969,-7.998997,0.886748,-5.589338,-1.529783,15.421672,-0.471128,171.307068,54.112671,163.771698,0.458544,0.091209,0.883974,0.002800
1970,-7.917687,0.890236,-5.646555,-3.159499,17.080313,-1.166917,171.357407,53.589947,163.939484,0.454506,0.090707,0.886105,0.003803
1971,-7.854903,0.881033,-5.737578,-5.277503,17.774601,-1.662815,171.381943,53.022923,164.151764,0.450134,0.089797,0.888419,0.005229
1972,-7.869646,0.981248,-5.881116,-5.968804,17.177992,-1.458261,171.338165,52.445515,164.350113,0.445721,0.088729,0.890735,0.007128
1973,-7.762689,0.886227,-5.881485,-4.648925,15.047802,-0.371739,171.273468,51.916115,164.506821,0.441682,0.087845,0.892816,0.008951
1974,-7.736948,0.876266,-5.945945,-3.010054,12.964864,-1.384997,171.289932,51.473183,164.681747,0.438235,0.087031,0.894581,0.010086
1975,-7.710953,0.900345,-5.986019,-1.925090,11.180960,-1.354534,171.360229,51.108780,164.867020,0.435345,0.086248,0.896059,0.010725
1976,-7.645249,0.898696,-6.002296,-1.006465,9.587758,-1.740637,171.449615,50.809246,165.039169,0.432940,0.085562,0.897285,0.011069
1977,-7.546467,0.869761,-6.033333,-0.476937,8.608003,-1.990944,171.574127,50.547989,165.222031,0.430801,0.084876,0.898378,0.011120
1978,-7.534915,0.898391,-6.082355,1.607502,11.359168,-1.018972,171.726669,50.246815,165.387558,0.428331,0.084463,0.899600,0.010928
1979,-7.474473,0.863805,-6.151793,3.514928,16.086445,0.973856,171.903183,49.805016,165.499802,0.424748,0.084692,0.901280,0.010516
1980,-7.438249,0.894987,-6.304246,5.370473,20.586460,2.513498,172.095551,49.177174,165.551437,0.419696,0.085626,0.903562,0.009975
1981,-7.411938,0.887127,-6.437026,6.496611,24.512794,4.343094,172.283585,48.384174,165.536819,0.413342,0.087210,0.906341,0.009421
1982,-7.341285,0.872891,-6.554044,6.958981,26.664486,5.698119,172.457108,47.482861,165.463928,0.406127,0.089284,0.909401,0.008902
1983,-7.250406,0.862869,-6.672995,6.212826,25.279072,5.936155,172.603516,46.568626,165.356216,0.398805,0.091531,0.912417,0.008492
1984,-7.165080,0.857328,-6.768076,5.600957,22.257826,5.135026,172.729599,45.738106,165.248596,0.392135,0.093610,0.915096,0.008147
1985,-7.072917,0.843595,-6.821080,4.850235,19.416573,4.219439,172.851685,45.026108,165.164215,0.386386,0.095365,0.917361,0.007770
1986,-6.942177,0.838812,-6.864367,4.549661,17.374859,2.562247,172.988632,44.410671,165.124481,0.381374,0.096709,0.919319,0.007305
1987,-6.867905,0.804525,-6.928734,4.729767,17.586931,0.874523,173.179733,43.834900,165.159515,0.376616,0.097582,0.921192,0.006600
1988,-6.814243,0.792440,-6.990394,4.902259,18.902222,-1.419012,173.446716,43.248482,165.290909,0.371690,0.097915,0.923162,0.005601
1989,-6.748830,0.789477,-7.061502,4.478098,19.524717,-3.483642,173.766815,42.643124,165.514328,0.366552,0.097661,0.925247,0.004469
1990,-6.667049,0.738997,-7.132081,3.670928,19.419340,-5.302596,174.118179,42.036118,165.817963,0.361362,0.096820,0.927379,0.003309
1991,-6.616172,0.674740,-7.224638,3.208651,20.289026,-6.164825,174.496750,41.421429,166.184860,0.356079,0.095512,0.929560,0.002095
1992,-6.545239,0.656909,-7.306818,2.941698,20.746704,-6.322081,174.872940,40.786358,166.569107,0.350626,0.094021,0.931784,0.000929
1993,-6.431046,0.624646,-7.424571,2.236785,19.559486,-6.811965,175.223022,40.149685,166.950684,0.345176,0.092422,0.933976,-0.000080
1994,-6.308924,0.576400,-7.536117,1.986603,19.796055,-7.665012,175.567749,39.503387,167.351761,0.339646,0.090606,0.936179,-0.001025
1995,-6.231860,0.498279,-7.669740,2.127099,21.970634,-8.597435,175.944672,38.797405,167.796204,0.333599,0.088515,0.938548,-0.002099
1996,-6.099398,0.489921,-7.763840,2.423246,25.422478,-10.237885,176.358536,37.981731,168.293442,0.326621,0.086096,0.941220,-0.003283
1997,-5.921050,0.462334,-7.853808,2.865838,31.090054,-10.529376,176.784286,36.990791,168.817795,0.318187,0.083501,0.944333,-0.004412
1998,-5.788377,0.432032,-7.957854,4.266678,37.633556,-9.084335,177.203140,35.780190,169.306778,0.307929,0.081184,0.947923,-0.005492
1999,-5.627645,0.395901,-8.073669,5.194451,40.612488,-7.826965,177.603439,34.409756,169.724701,0.296325,0.079362,0.951761,-0.006585
2000,-5.409596,0.388304,-8.125607,5.740693,42.747543,-6.673324,177.967255,32.959354,170.070465,0.284039,0.077962,0.955608,-0.007601
2001,-5.211597,0.355720,-8.218462,5.597164,42.317463,-4.710915,178.272186,31.491076,170.331223,0.271592,0.077027,0.959288,-0.008407
2002,-5.077647,0.316097,-8.361385,5.465828,38.347137,-4.640650,178.535049,30.116751,170.536545,0.259915,0.076341,0.962566,-0.009127
2003,-4.874019,0.212013,-8.475781,4.026831,33.845737,-4.765744,178.781311,28.898499,170.740143,0.249525,0.075517,0.965369,-0.009875
2004,-4.706547,0.184030,-8.576189,3.022775,32.785278,-4.536855,178.994949,27.775930,170.941101,0.239938,0.074561,0.967864,-0.010467
2005,-4.584559,0.162028,-8.695993,1.824915,31.286844,-3.697591,179.152267,26.705210,171.113480,0.230800,0.073672,0.970149,-0.010715
2006,-4.481281,0.126612,-8.835748,1.414436,29.503004,-3.963100,179.274460,25.702490,171.270660,0.222241,0.072792,0.972211,-0.010772
2007,-4.321497,0.056592,-8.901252,0.892622,29.193176,-3.215423,179.390762,24.741558,171.422516,0.214023,0.071910,0.974118,-0.010842
2008,-4.147611,0.153133,-9.003279,0.573702,30.981527,-1.968741,179.458313,23.747290,171.528412,0.205531,0.071310,0.975992,-0.010584
2009,-3.964820,0.162617,-9.062766,0.312651,34.214993,-0.287119,179.458267,22.655737,171.566208,0.196230,0.071173,0.977922,-0.009820
2010,-3.677232,0.166735,-9.161431,-0.036925,38.350395,0.950468,179.422134,21.408487,171.550980,0.185597,0.071448,0.979986,-0.008741
2011,-3.371793,0.190099,-9.218966,0.007167,45.911705,0.996313,179.369003,19.916143,171.515045,0.172852,0.071912,0.982291,-0.007384
2012,-3.063259,0.187235,-9.274216,0.194689,56.273232,-0.221308,179.327698,18.090000,171.505356,0.157205,0.072220,0.984904,-0.005865
2013,-2.748602,0.173614,-9.370541,1.067381,66.614990,-0.970482,179.324387,15.901901,171.538834,0.138377,0.072247,0.987731,-0.004381
2014,-2.377979,0.188343,-9.460132,1.215265,76.257904,-1.538080,179.345169,13.375034,171.600052,0.116555,0.072075,0.990561,-0.002868
2015,-1.996876,0.182095,-9.532252,1.323463,85.543716,-2.455118,179.370575,10.541783,171.689362,0.092018,0.071650,0.993175,-0.001201
2016,-1.564098,0.131340,-9.585858,0.900687,92.294876,-2.737387,179.401947,7.463580,171.803558,0.065291,0.070975,0.995339,0.000543
2017,-1.069051,0.220383,-9.724217,0.700650,92.157959,-2.532890,179.405472,4.290260,171.918869,0.037703,0.070219,0.996816,0.002534
2018,-0.534384,0.179711,-9.813233,-0.022828,89.443733,-3.460626,179.375168,1.168873,172.046188,0.010554,0.069294,0.997529,0.004732
2019,-0.077849,0.160375,-9.848768,0.743059,86.662292,-5.796808,179.354660,-1.840705,172.231247,-0.015644,0.067824,0.997552,0.006706
2020,0.321717,0.140959,-9.822433,1.187024,80.541924,-6.684896,179.353638,-4.654204,172.470612,-0.040146,0.065832,0.996988,0.008290
2021,0.692550,0.185703,-9.880399,2.287115,69.350677,-6.549096,179.360855,-7.122864,172.721878,-0.061639,0.063693,0.996019,0.009498
2022,1.007856,0.142658,-9.907956,2.662390,56.727905,-6.716960,179.382874,-9.139050,172.970688,-0.079189,0.061536,0.994906,0.010242
2023,1.227461,0.136773,-9.884678,3.121634,43.058098,-7.324293,179.420502,-10.658542,173.227798,-0.092419,0.059277,0.993899,0.010512
2024,1.471148,0.139729,-9.911956,2.881998,27.946148,-7.011498,179.454498,-11.661183,173.486023,-0.101153,0.057003,0.993181,0.010500
2025,1.668556,0.225843,-9.920022,3.190076,16.247684,-7.066471,179.463409,-12.215012,173.741150,-0.105980,0.054779,0.992803,0.010457
2027,1.838526,0.238383,-9.872021,4.526529,10.735411,-6.515671,179.474289,-12.505045,173.991119,-0.108521,0.052600,0.992649,0.010262
2028,1.968281,0.255567,-9.747878,5.006904,12.100657,-4.950141,179.513260,-12.769043,174.206772,-0.110844,0.050692,0.992495,0.009835
2029,2.064107,0.202119,-9.629128,5.652102,16.849043,-3.573819,179.586380,-13.176966,174.372009,-0.114422,0.049183,0.992171,0.009214
2030,2.235117,0.159332,-9.556877,6.518627,20.834646,-3.140503,179.708786,-13.775756,174.502899,-0.119667,0.047911,0.991623,0.008271
2031,2.399014,0.056839,-9.549688,6.208771,25.265985,-3.105428,179.869110,-14.556672,174.618820,-0.126497,0.046709,0.990842,0.007079
2032,2.521211,-0.033042,-9.488094,3.973334,28.743679,-3.612024,-179.979828,-15.483764,174.732620,-0.134576,0.045508,0.989839,0.006016
2033,2.633756,-0.074131,-9.530904,3.204385,30.228449,-3.805784,-179.863647,-16.478699,174.851685,-0.143217,0.044279,0.988686,0.005260
2034,2.801640,-0.040457,-9.517815,1.681593,30.493942,-3.569243,-179.796524,-17.486292,174.971069,-0.151936,0.043092,0.987438,0.004915
2035,2.903242,-0.051502,-9.443282,0.140442,32.364647,-2.121130,-179.786728,-18.514429,175.064301,-0.160796,0.042199,0.986072,0.005091
2036,3.017131,-0.078233,-9.297514,0.169492,33.519615,-0.456325,-179.779251,-19.573675,175.100510,-0.169909,0.041794,0.984559,0.005369
2037,3.212425,-0.014257,-9.320510,1.336844,33.920757,1.417519,-179.740936,-20.651983,175.076706,-0.179178,0.041850,0.982911,0.005477
2038,3.413138,-0.022830,-9.212614,0.731016,35.074207,1.246602,-179.697708,-21.764915,175.026657,-0.188729,0.042109,0.981110,0.005603
2039,3.569366,-0.064371,-9.036521,0.102333,35.486118,-0.010761,-179.673218,-22.918388,174.997589,-0.198602,0.042204,0.979154,0.005878
2040,3.784938,-0.059141,-9.027440,1.115569,33.656471,-0.807285,-179.649307,-24.054714,175.002594,-0.208310,0.042002,0.977142,0.006094
2041,3.981512,-0.072044,-8.996007,0.596777,31.097437,-1.707570,-179.630157,-25.119341,175.038498,-0.217388,0.041547,0.975181,0.006265
2042,4.127740,-0.062204,-8.919268,0.181745,28.947327,-2.511723,-179.641953,-26.100939,175.107056,-0.225732,0.040878,0.973309,0.006598
2043,4.208505,0.078056,-8.836308,1.196372,25.571825,-2.443112,-179.692612,-26.971750,175.208923,-0.233110,0.040020,0.971600,0.007141
2044,4.356756,0.150235,-8.889459,3.152322,22.583817,-2.965121,-179.754959,-27.712547,175.346497,-0.239373,0.038905,0.970118,0.007648
2045,4.419600,0.146159,-8.827696,3.135209,21.370375,-4.021228,-179.814987,-28.363190,175.523087,-0.244870,0.037473,0.968798,0.008005
2046,4.490075,0.147967,-8.777497,3.107434,21.272320,-4.582932,-179.887543,-28.974813,175.730957,-0.250029,0.035816,0.967539,0.008368
2047,4.580679,0.108149,-8.676227,1.871178,21.203249,-3.752968,-179.965683,-29.582371,175.929184,-0.255146,0.034264,0.966255,0.008778
2048,4.742135,-0.044764,-8.632331,0.296350,22.614405,-2.825244,179.983368,-30.231707,176.067001,-0.260613,0.033166,0.964831,0.009088
2049,4.855594,-0.050838,-8.510840,-2.009245,25.160954,-0.171615,179.951172,-30.972645,176.112381,-0.266841,0.032802,0.963136,0.009467
2050,4.976329,-0.069702,-8.390996,-4.737491,26.619600,2.810108,179.901917,-31.801165,176.043274,-0.273777,0.033436,0.961157,0.010281
2051,5.158186,0.059566,-8.359439,-4.871744,26.086981,5.376730,179.835495,-32.662071,175.879898,-0.280955,0.034900,0.959017,0.011485
2052,5.292478,0.098514,-8.298529,-5.379975,25.659679,4.268846,179.732361,-33.514229,175.710602,-0.288029,0.036507,0.956837,0.013025
2053,5.409425,0.121394,-8.241150,-5.697497,25.110285,2.613133,179.575500,-34.345596,175.603714,-0.294899,0.037738,0.954667,0.014861
2054,5.529148,0.116055,-8.216432,-5.281029,23.782621,1.280925,179.391968,-35.134083,175.556259,-0.301394,0.038561,0.952572,0.016756
2055,5.663776,0.177268,-8.184849,-3.878819,23.683292,0.444637,179.210129,-35.889332,175.557175,-0.307605,0.038997,0.950535,0.018495
2056,5.786089,0.139869,-8.124580,-4.054393,25.630228,-0.478615,179.033279,-36.673862,175.593613,-0.314053,0.039142,0.948385,0.020096
2057,5.913023,0.130500,-8.028867,-4.228367,28.681953,0.932851,178.881775,-37.548046,175.608597,-0.321231,0.039411,0.945935,0.021562
2058,6.044459,0.154074,-7.860123,-4.567119,31.195105,3.804644,178.782318,-38.534824,175.533295,-0.329317,0.040288,0.943082,0.022882
2059,6.204166,0.155945,-7.676717,-5.798536,35.322800,6.725270,178.734497,-39.663986,175.336899,-0.338539,0.042010,0.939703,0.024181
2060,6.393606,0.177508,-7.487756,-6.927725,41.600662,9.784752,178.730118,-41.002670,175.014359,-0.349425,0.044614,0.935551,0.025602
2061,6.523910,0.135490,-7.308999,-7.181018,44.549011,12.565003,178.804474,-42.511127,174.553421,-0.361637,0.048056,0.930690,0.026936
2062,6.667408,0.107068,-7.170041,-5.978538,40.899189,12.714593,178.978500,-43.990711,173.997330,-0.373570,0.051880,0.925731,0.027863
2063,6.842440,0.076923,-7.115220,-3.526311,34.575798,11.075812,179.223450,-45.266640,173.446228,-0.383837,0.055361,0.921307,0.028242
2064,6.989091,0.072289,-7.079651,0.137488,26.656120,9.223386,179.528366,-46.259384,172.959427,-0.391837,0.058080,0.917776,0.027897
2065,7.074838,0.059684,-7.035408,3.082539,16.314634,6.302777,179.858856,-46.904404,172.583313,-0.397077,0.059824,0.915439,0.026868
2066,7.157332,0.064248,-6.990300,4.733528,9.967720,3.079953,-179.877060,-47.194233,172.379059,-0.399483,0.060471,0.914385,0.025622
2067,7.233132,0.009611,-6.921075,5.317864,10.444613,1.151083,-179.682800,-47.354271,172.310959,-0.400847,0.060296,0.913833,0.024396
2068,7.305943,-0.021619,-6.824726,4.863096,14.750397,-1.716174,-179.543686,-47.679855,172.338165,-0.403520,0.059505,0.912735,0.023370
2069,7.423602,-0.021375,-6.727033,3.416487,20.159758,-6.719718,-179.574020,-48.251659,172.554352,-0.408097,0.057742,0.910816,0.023154
2070,7.377472,0.073747,-6.542639,2.105618,26.361172,-13.310301,-179.913834,-49.041752,173.096664,-0.414313,0.054465,0.908178,0.024304
2071,7.439174,0.014201,-6.403526,1.679790,29.336794,-15.631341,179.525940,-49.985519,173.885590,-0.421699,0.050084,0.904970,0.026277
2072,7.483049,0.137393,-6.262992,0.993055,32.033157,-17.668530,178.837402,-51.013401,174.813202,-0.429739,0.045200,0.901366,0.028631
2073,7.608711,0.254433,-6.161209,0.539722,33.945152,-15.735346,178.039749,-52.098999,175.821823,-0.438231,0.040252,0.897413,0.031364
2074,7.743855,0.343790,-6.049550,-0.553002,34.636375,-12.517374,177.254623,-53.214054,176.758224,-0.446955,0.036008,0.893182,0.034075
2075,7.953228,0.262834,-5.964825,-3.121201,35.434402,-9.319123,176.564362,-54.349754,177.516403,-0.455818,0.032958,0.888711,0.036555
2076,8.069983,0.422380,-5.766660,-5.053053,37.148003,-9.224558,175.852097,-55.532906,178.210587,-0.465007,0.030665,0.883903,0.039288
2077,8.287434,0.495005,-5.592133,-5.047040,36.519394,-7.234875,175.059799,-56.750607,178.934662,-0.474430,0.028653,0.878808,0.042332
2078,8.366259,0.491799,-5.414521,-4.770908,35.993057,-6.981653,174.302460,-57.955914,179.621552,-0.483728,0.026964,0.873641,0.045076
2079,8.370879,0.458809,-5.215290,-3.022179,36.090752,-6.639811,173.614044,-59.137199,-179.718277,-0.492817,0.025350,0.868480,0.047234
2080,8.535199,0.498189,-5.039600,0.240313,35.330868,-3.967808,173.091644,-60.307854,-179.148743,-0.501785,0.023853,0.863309,0.048371
2081,8.671084,0.502940,-4.912667,1.514537,36.518055,-1.837483,172.760956,-61.493504,-178.715454,-0.510801,0.022658,0.858029,0.048534
2082,8.772904,0.499371,-4.733191,0.641796,39.101437,-1.333766,172.490631,-62.739437,-178.343903,-0.520195,0.021772,0.852397,0.048400
2083,8.779410,0.551512,-4.446639,-1.286911,40.531258,-2.223261,172.079010,-64.057297,-177.878510,-0.530070,0.020967,0.846292,0.048751
2084,8.865654,0.561172,-4.195657,-3.076797,39.365547,-1.879866,171.491470,-65.392166,-177.302216,-0.540015,0.020305,0.839940,0.049730
2085,8.924883,0.650788,-3.987889,-3.404884,37.059994,-0.965848,170.817535,-66.671265,-176.686310,-0.549484,0.019892,0.833709,0.051010
2086,9.055544,0.660157,-3.817921,-2.411544,33.112503,-2.308737,170.068085,-67.832481,-175.989075,-0.558059,0.019340,0.827923,0.052338
2087,9.111573,0.717094,-3.665204,-1.299189,29.741760,-6.317444,169.096924,-68.838402,-175.022232,-0.565559,0.017989,0.822750,0.053862
2088,9.215463,0.767294,-3.542090,-0.325704,27.779379,-9.093255,167.791000,-69.708130,-173.669525,-0.572199,0.015627,0.818068,0.055756
2089,9.275069,0.921343,-3.426047,0.292208,26.618046,-11.220654,166.134430,-70.475540,-171.931366,-0.578269,0.012428,0.813684,0.058048
2090,9.260472,0.939441,-3.275486,-1.477965,26.851368,-13.111590,164.112366,-71.177071,-169.837662,-0.584065,0.008779,0.809372,0.060899
2091,9.277524,0.993336,-3.118528,-3.505994,27.562298,-12.765463,161.831955,-71.863205,-167.540054,-0.589910,0.005333,0.804895,0.064203
2092,9.296730,1.026006,-2.939913,-4.735939,28.464008,-9.227030,159.530655,-72.580757,-165.280746,-0.596007,0.002692,0.800139,0.067424
2093,9.379857,1.106224,-2.811100,-5.631691,30.378952,-5.224669,157.360992,-73.369713,-163.201401,-0.602501,0.001142,0.795029,0.070148
2094,9.447659,1.061771,-2.643593,-7.246124,33.720642,-2.638275,155.242874,-74.270653,-161.221115,-0.609646,0.000644,0.789360,0.072408
2095,9.543406,1.124068,-2.464983,-7.604703,36.142223,-1.908858,152.921844,-75.274185,-159.069122,-0.617486,0.000738,0.783048,0.074466
2096,9.531662,1.147265,-2.241116,-7.804597,38.717957,-0.952108,150.159866,-76.340858,-156.484558,-0.625885,0.000978,0.776156,0.076484
2097,9.631362,1.133696,-2.071295,-7.871727,38.867451,-1.568560,146.899277,-77.414673,-153.402390,-0.634493,0.001290,0.768937,0.078441
2098,9.696890,1.122433,-1.860647,-7.624500,38.566761,-2.532860,143.061752,-78.428032,-149.735443,-0.642937,0.001498,0.761686,0.080399
2099,9.698219,1.177373,-1.626494,-6.852360,38.971046,-3.695543,138.384628,-79.358818,-145.209259,-0.651286,0.001355,0.754337,0.082457
2100,9.762748,1.195238,-1.408099,-6.258761,39.434856,-3.217892,132.742462,-80.205757,-139.694687,-0.659648,0.000951,0.746811,0.084483
2101,9.772071,1.150538,-1.147902,-5.782655,41.557381,-1.536217,126.076820,-81.017250,-133.137894,-0.668296,0.000749,0.738899,0.086071
2102,9.806485,1.177331,-0.817163,-4.456621,46.101677,0.867272,117.649147,-81.825836,-124.786865,-0.677820,0.000804,0.730062,0.087004
2103,9.798758,1.185957,-0.523177,-3.559393,48.558632,0.469136,106.673157,-82.495064,-113.847496,-0.688183,0.000732,0.720234,0.087561
2104,9.841967,1.166540,-0.251459,-2.201343,49.340145,0.454006,93.670654,-82.843246,-100.841499,-0.698773,0.000354,0.709921,0.087914
2105,9.815474,1.113521,0.032329,0.630750,49.709641,-0.401854,80.064407,-82.796631,-87.161217,-0.709299,-0.000467,0.699416,0.087822
2106,9.886435,1.226490,0.337139,4.711048,48.580677,-2.235900,67.706810,-82.309608,-74.616409,-0.719544,-0.002364,0.688921,0.087394
2107,9.834844,1.253228,0.526775,6.830542,46.429260,-5.638733,58.217567,-81.450569,-64.841164,-0.729088,-0.005597,0.678836,0.087068
2108,9.771911,1.269676,0.757683,9.284233,45.084927,-7.315769,51.489239,-80.384644,-57.755001,-0.737877,-0.009812,0.669254,0.086829
2109,9.662141,1.345438,0.977600,11.815757,43.468918,-8.161213,46.713718,-79.216209,-52.541782,-0.746108,-0.014833,0.660028,0.086410
2110,9.560157,1.391413,1.176761,11.823417,42.216022,-9.647590,43.347504,-77.993797,-48.698521,-0.753812,-0.020390,0.651113,0.086043
2111,9.488560,1.443657,1.356937,10.404349,41.536808,-12.876567,41.020599,-76.719757,-45.923370,-0.761059,-0.026213,0.642383,0.086296
2112,9.457011,1.604156,1.581089,9.681124,40.663776,-13.790787,39.453186,-75.395401,-43.947010,-0.767938,-0.032291,0.633727,0.087287
2113,9.481907,1.694242,1.800404,7.822625,43.002819,-10.148652,38.003426,-74.057838,-42.121155,-0.774870,-0.037953,0.624775,0.088270
2114,9.489357,1.772011,2.087877,4.943273,49.426819,-6.570571,36.088726,-72.657234,-39.883175,-0.782665,-0.042472,0.614616,0.088756
2115,9.527271,1.718003,2.404286,2.649829,57.469925,-1.968444,33.529453,-71.112854,-37.052612,-0.791892,-0.045586,0.602496,0.088470
2116,9.390632,1.682311,2.805935,3.051094,66.866692,2.826129,30.413380,-69.352654,-33.656284,-0.802804,-0.047532,0.587957,0.086901
2117,9.229687,1.548301,3.261718,1.543326,75.905106,7.959617,26.923029,-67.306458,-29.860994,-0.815445,-0.048379,0.570671,0.083925
2118,9.046417,1.479822,3.696218,0.288775,80.870987,8.272831,23.493729,-64.981308,-26.145464,-0.829148,-0.048317,0.551124,0.080263
2119,8.874813,1.395133,4.110240,0.071816,83.041412,7.256997,20.561577,-62.457012,-22.947191,-0.842970,-0.048090,0.530292,0.076683
2120,8.633685,1.504414,4.593524,-0.599829,84.758675,5.555880,18.232084,-59.774693,-20.365311,-0.856529,-0.048221,0.508537,0.073636
2121,8.466020,1.487596,4.949016,-3.496193,84.289230,5.577354,16.367485,-57.020168,-18.301813,-0.869520,-0.048357,0.486333,0.071247
2122,8.238529,1.450919,5.273825,-3.067523,84.420807,3.242780,14.851377,-54.278130,-16.633186,-0.881686,-0.048376,0.464205,0.069305
2124,7.866893,1.474542,5.780969,-1.511161,87.682060,1.544451,13.682616,-51.433502,-15.287969,-0.893462,-0.049059,0.441280,0.067759
2125,7.479798,1.549536,6.270241,-0.594097,90.076836,0.309853,12.796190,-48.404652,-14.180893,-0.905130,-0.050575,0.416837,0.066550
2126,7.066077,1.499135,6.741487,1.475050,89.590881,-1.242197,12.137972,-45.272106,-13.260203,-0.916355,-0.052741,0.391426,0.065549
2127,6.629073,1.540660,7.173536,4.185073,86.037979,-4.398000,11.732735,-42.144707,-12.544933,-0.926699,-0.055726,0.365943,0.064888
2128,6.229085,1.602434,7.621031,4.021811,80.490799,-5.416031,11.533755,-39.118328,-12.023619,-0.935894,-0.059277,0.341170,0.064736
2129,5.959986,1.646230,7.899951,4.179019,72.787399,-5.880152,11.436526,-36.322937,-11.625246,-0.943738,-0.062776,0.318138,0.064855
2130,5.667155,1.586645,8.222904,4.653550,64.735893,-5.625463,11.385563,-33.835480,-11.294443,-0.950225,-0.065947,0.297496,0.064955
2131,5.398615,1.678947,8.310724,5.138741,57.056503,-5.944462,11.392910,-31.659182,-11.031200,-0.955496,-0.068963,0.279352,0.065065
2132,5.227103,1.715570,8.510814,4.030925,52.653004,-4.006604,11.429067,-29.753183,-10.800101,-0.959816,-0.071766,0.263385,0.065052
2133,4.961915,1.682006,8.631764,3.879808,49.262554,-1.394222,11.407314,-28.032173,-10.508787,-0.963572,-0.073949,0.248813,0.064443
2134,4.743998,1.637529,8.726727,3.344055,44.898460,1.448651,11.318987,-26.484308,-10.136848,-0.966874,-0.075480,0.235540,0.063076
2135,4.555444,1.699948,8.731594,2.822047,42.050983,3.075382,11.204640,-25.107885,-9.720049,-0.969734,-0.076620,0.223616,0.061158
2136,4.348000,1.658194,8.854817,1.564564,41.794426,4.877599,11.058660,-23.816292,-9.264701,-0.972351,-0.077387,0.212327,0.058839
2137,4.107807,1.628652,8.881979,1.402642,42.386288,3.962164,10.879832,-22.521320,-8.795604,-0.974877,-0.077797,0.200951,0.056408
2138,3.869384,1.712610,8.925056,1.469688,45.584442,2.038051,10.750178,-21.149597,-8.382071,-0.977333,-0.078485,0.188953,0.054380
2139,3.552825,1.739537,9.032401,0.761677,51.733837,1.110298,10.662125,-19.587217,-8.007507,-0.979873,-0.079508,0.175343,0.052741
2140,3.271895,1.670792,9.242682,0.018512,57.837608,0.614372,10.541116,-17.780750,-7.619656,-0.982578,-0.080329,0.159581,0.051204
2141,2.984369,1.670118,9.418822,1.344406,59.447605,-1.399831,10.423256,-15.821999,-7.250205,-0.985205,-0.081124,0.142480,0.049890
2142,2.638439,1.718737,9.495940,3.062499,57.363354,-2.941014,10.395843,-13.853796,-6.951947,-0.987462,-0.082488,0.125339,0.049034
2143,2.378356,1.731070,9.642544,3.703328,53.188549,-3.397274,10.440362,-11.992413,-6.712410,-0.989262,-0.084240,0.109148,0.048493
2144,2.166394,1.764917,9.687061,4.324327,47.116856,-5.069669,10.527802,-10.332024,-6.540590,-0.990594,-0.086107,0.094728,0.048328
2145,1.913602,1.856098,9.585137,3.874229,40.471264,-5.995878,10.663053,-8.912432,-6.454373,-0.991496,-0.088136,0.082453,0.048674
2146,1.678989,1.871648,9.536740,2.028002,37.562572,-4.875824,10.788375,-7.669706,-6.395705,-0.992146,-0.089936,0.071713,0.049135
2147,1.498676,1.841367,9.611384,-0.787250,37.958992,-2.606724,10.815513,-6.490335,-6.284823,-0.992751,-0.090861,0.061430,0.049160
2148,1.279057,1.810792,9.617232,-2.741976,38.297421,-1.445431,10.734843,-5.312316,-6.112554,-0.993362,-0.090849,0.051055,0.048697
2149,1.065626,1.751865,9.663264,-3.714092,37.114532,-0.567957,10.585244,-4.147566,-5.909952,-0.993933,-0.090202,0.040736,0.047964
2150,0.866592,1.699909,9.684477,-4.374997,35.002365,-0.778465,10.392780,-3.035465,-5.709125,-0.994425,-0.089112,0.030854,0.047183
2151,0.706852,1.668018,9.772511,-5.898093,32.789459,-0.560186,10.158152,-2.000328,-5.525757,-0.994839,-0.087576,0.021633,0.046463
2152,0.524329,1.657021,9.797422,-7.088524,29.323746,-0.682189,9.884808,-1.063314,-5.363382,-0.995185,-0.085624,0.013265,0.045813
2153,0.396787,1.578027,9.902179,-7.477866,24.872257,-0.331156,9.582681,-0.262851,-5.225536,-0.995476,-0.083336,0.006091,0.045235
2154,0.271674,1.547547,9.896124,-8.013721,20.274237,0.405939,9.261105,0.375330,-5.099977,-0.995732,-0.080795,0.000330,0.044610
2155,0.182607,1.508063,9.952923,-7.629410,16.574949,0.933983,8.945830,0.865488,-4.980308,-0.995959,-0.078239,-0.004134,0.043903
2156,0.086864,1.464500,9.942973,-6.578250,13.278492,0.538839,8.660357,1.237794,-4.879887,-0.996149,-0.075890,-0.007547,0.043263
2157,0.032981,1.414493,9.895117,-6.163380,10.076641,0.227618,8.404185,1.504714,-4.809801,-0.996307,-0.073753,-0.010009,0.042806
2158,-0.029122,1.436777,9.805007,-7.719922,7.541623,0.853314,8.149772,1.677589,-4.749755,-0.996465,-0.071597,-0.011645,0.042368
2159,-0.065519,1.373708,9.856670,-9.088724,6.025944,1.625494,7.860007,1.785901,-4.677183,-0.996653,-0.069107,-0.012738,0.041771
2160,-0.100700,1.302096,9.847523,-8.598994,4.615575,1.999401,7.545221,1.849174,-4.593674,-0.996859,-0.066381,-0.013452,0.041045
2161,-0.083397,1.286802,9.877034,-6.760328,2.828291,2.518271,7.273412,1.855224,-4.503050,-0.997045,-0.064007,-0.013652,0.040228
2162,-0.071976,1.258977,9.945390,-4.877367,1.578093,3.128700,7.075169,1.799104,-4.400261,-0.997199,-0.062252,-0.013290,0.039280
2163,-0.050155,1.228357,10.001530,-2.069686,1.122878,2.332229,6.956814,1.709418,-4.304255,-0.997309,-0.061182,-0.012601,0.038384
2164,-0.026516,1.243703,9.967339,0.171912,0.966726,1.583061,6.930608,1.608100,-4.235004,-0.997360,-0.060914,-0.011765,0.037725
2165,-0.008106,1.288868,9.968170,1.375965,1.037928,1.229113,6.982467,1.505591,-4.183761,-0.997364,-0.061329,-0.010883,0.037231
2166,-0.011571,1.273306,9.948863,0.225594,1.267609,1.351282,7.054454,1.353453,-4.135364,-0.997360,-0.061904,-0.009561,0.036735
2167,-0.021769,1.277681,9.919506,-0.494445,1.298772,1.548239,7.100810,1.167619,-4.081100,-0.997374,-0.062246,-0.007958,0.036167
2168,-0.046244,1.277165,9.861703,-0.587338,1.089016,1.626153,7.130845,1.023079,-4.022746,-0.997390,-0.062460,-0.006723,0.035583
2169,-0.063169,1.271767,9.834658,0.130019,0.824515,1.047895,7.167036,0.919244,-3.973806,-0.997395,-0.062741,-0.005834,0.035103
2170,-0.072780,1.239922,9.816964,-0.350558,-0.016652,1.037263,7.186328,0.831932,-3.937301,-0.997403,-0.062882,-0.005088,0.034739
2171,-0.086389,1.260559,9.826309,-0.301677,-0.808882,0.948794,7.188837,0.744966,-3.905992,-0.997418,-0.062877,-0.004348,0.034419
2172,-0.087018,1.267959,9.820978,0.313370,-1.323308,0.344554,7.213543,0.659190,-3.888744,-0.997416,-0.063066,-0.003603,0.034223
2173,-0.081156,1.271660,9.835175,0.994039,-1.825480,-0.078108,7.262100,0.570582,-3.890650,-0.997394,-0.063463,-0.002817,0.034192
2174,-0.043278,1.286081,9.897646,0.879693,-2.063694,0.204211,7.317862,0.463313,-3.896563,-0.997368,-0.063917,-0.001863,0.034186
2175,-0.020103,1.317480,9.897391,1.392539,-2.361471,0.115736,7.389519,0.333645,-3.900475,-0.997333,-0.064502,-0.000711,0.034148
2176,-0.003849,1.319197,9.865026,1.609384,-2.740119,-0.036827,7.480468,0.194210,-3.909973,-0.997284,-0.065253,0.000535,0.034152
2177,0.012604,1.304988,9.868611,0.994529,-2.482428,0.366043,7.547149,0.059010,-3.915859,-0.997248,-0.065793,0.001735,0.034125
2178,0.035647,1.295818,9.858809,0.732068,-1.759316,0.738392,7.575358,-0.057755,-3.906929,-0.997237,-0.066004,0.002754,0.033980
2179,0.018010,1.292773,9.837408,0.890715,-0.953729,0.514095,7.590047,-0.131218,-3.892210,-0.997234,-0.066110,0.003390,0.033809
2180,0.023095,1.283600,9.877167,0.329082,-0.428826,0.646852,7.587472,-0.160604,-3.876034,-0.997240,-0.066080,0.003635,0.033652
2181,0.026556,1.262634,9.848117,0.367075,-0.253343,0.633119,7.560103,-0.174209,-3.856282,-0.997262,-0.065838,0.003734,0.033473
2182,0.025159,1.258658,9.849186,0.318059,-0.274694,0.529355,7.524884,-0.182443,-3.838094,-0.997287,-0.065530,0.003785,0.033311
2183,0.019788,1.277560,9.854105,-0.051353,-0.401313,0.521721,7.494663,-0.187788,-3.822096,-0.997309,-0.065266,0.003814,0.033170
2184,0.018471,1.291519,9.839950,-0.271138,-0.628627,0.552234,7.476317,-0.194682,-3.806549,-0.997324,-0.065105,0.003860,0.033031
2185,0.028144,1.291142,9.825907,0.053882,-0.671315,0.311132,7.472021,-0.208609,-3.795101,-0.997330,-0.065063,0.003973,0.032923
2186,0.026810,1.304302,9.847904,-0.004076,-0.581258,0.488136,7.479656,-0.223879,-3.784634,-0.997329,-0.065126,0.004102,0.032823
2187,0.028563,1.334641,9.837622,0.447704,-0.469827,0.454560,7.513571,-0.233880,-3.771441,-0.997313,-0.065419,0.004192,0.032702
2188,0.037084,1.320639,9.842508,0.788110,-0.449964,0.298912,7.565367,-0.244147,-3.761123,-0.997286,-0.065867,0.004290,0.032604
2189,0.044138,1.301363,9.846176,0.704215,-0.787191,0.436245,7.597888,-0.265416,-3.751726,-0.997270,-0.066144,0.004479,0.032509
2190,0.050287,1.304411,9.866163,0.241826,-0.797884,0.791787,7.605014,-0.297189,-3.734893,-0.997271,-0.066198,0.004747,0.032344
2191,0.049448,1.311967,9.867095,0.324192,-0.413355,0.886396,7.606176,-0.321861,-3.709801,-0.997277,-0.066202,0.004948,0.032111
2192,0.054837,1.301900,9.877580,0.380610,-0.581200,0.756691,7.607043,-0.340327,-3.684792,-0.997284,-0.066205,0.005095,0.031882
2193,0.063498,1.315517,9.887345,0.206611,-0.781102,0.672766,7.606205,-0.367478,-3.664123,-0.997290,-0.066191,0.005319,0.031687
2194,0.068859,1.330603,9.883069,0.281394,-0.543075,0.651406,7.616990,-0.396657,-3.645190,-0.997288,-0.066278,0.005565,0.031505
2195,0.073901,1.340172,9.855905,0.717870,-0.135673,0.381319,7.649208,-0.414921,-3.629742,-0.997274,-0.066554,0.005723,0.031358
2196,0.089346,1.340934,9.822322,0.502799,0.103855,0.186006,7.690410,-0.427584,-3.620597,-0.997252,-0.066910,0.005840,0.031269
2197,0.089843,1.350527,9.794352,0.225176,0.486798,0.263836,7.726243,-0.435042,-3.612032,-0.997233,-0.067220,0.005909,0.031188
2198,0.083035,1.356513,9.803613,0.623547,0.744633,0.172286,7.766328,-0.427243,-3.602268,-0.997212,-0.067571,0.005847,0.031106
2199,0.069388,1.362025,9.813836,0.883050,0.689693,-0.019980,7.815292,-0.405542,-3.596698,-0.997185,-0.068004,0.005668,0.031068
2200,0.055087,1.365644,9.821280,0.979260,0.407435,-0.100860,7.865992,-0.377718,-3.596337,-0.997155,-0.068452,0.005439,0.031079
2201,0.040489,1.371945,9.864261,1.104437,0.262548,-0.253464,7.913493,-0.346511,-3.600728,-0.997126,-0.068874,0.005183,0.031134
2202,0.035777,1.381123,9.908860,1.511885,0.168036,-0.415225,7.963279,-0.313998,-3.610795,-0.997093,-0.069316,0.004920,0.031239
2203,0.028436,1.393018,9.898939,2.193995,-0.117216,-0.613609,8.030837,-0.286388,-3.627665,-0.997048,-0.069911,0.004708,0.031399
2204,0.040890,1.412274,9.888998,3.442250,-0.297209,-1.112597,8.136900,-0.272275,-3.657149,-0.996975,-0.070836,0.004633,0.031660
2205,0.051843,1.432052,9.874450,4.238853,-0.420800,-1.468138,8.282775,-0.275775,-3.701499,-0.996871,-0.072103,0.004731,0.032038
2206,0.059220,1.444297,9.857565,4.763828,-0.701600,-1.455927,8.447044,-0.294712,-3.752514,-0.996753,-0.073524,0.004975,0.032463
2207,0.063449,1.457364,9.833510,4.660077,-0.913748,-1.347580,8.607362,-0.325722,-3.802755,-0.996634,-0.074907,0.005323,0.032872
2208,0.073958,1.476077,9.851612,3.390473,-0.665079,-0.879112,8.733197,-0.360361,-3.843390,-0.996540,-0.075989,0.005687,0.033197
2209,0.068320,1.481982,9.845953,1.936180,-0.243966,-0.274839,8.800486,-0.383439,-3.864597,-0.996489,-0.076567,0.005921,0.033362
2210,0.068052,1.480199,9.841252,0.751922,0.058153,0.184468,8.810271,-0.389696,-3.866334,-0.996481,-0.076650,0.005980,0.033373
2211,0.061332,1.499609,9.839277,0.030029,0.120726,0.497281,8.790612,-0.386131,-3.854430,-0.996498,-0.076481,0.005935,0.033273
2212,0.055302,1.530605,9.827768,-0.339273,0.065826,0.755158,8.778418,-0.377564,-3.833281,-0.996512,-0.076378,0.005843,0.033095
2213,0.051845,1.524228,9.790124,-0.256829,0.013993,0.663595,8.779380,-0.367749,-3.809783,-0.996519,-0.076391,0.005742,0.032897
2214,0.050773,1.527326,9.803594,-0.644366,-0.344550,0.593395,8.776455,-0.363698,-3.789998,-0.996526,-0.076367,0.005693,0.032728
2215,0.047104,1.541511,9.828679,-1.144799,-0.869413,0.520141,8.764266,-0.372609,-3.774855,-0.996539,-0.076259,0.005757,0.032591
2216,0.053014,1.530163,9.837488,-1.401083,-1.301198,0.367540,8.739608,-0.397287,-3.765857,-0.996557,-0.076038,0.005959,0.032498
2217,0.070451,1.497642,9.866319,-1.488071,-1.527015,0.089818,8.688829,-0.440007,-3.765446,-0.996591,-0.075584,0.006315,0.032468
2218,0.089803,1.484981,9.883811,-1.002910,-1.610968,-0.316073,8.626342,-0.497974,-3.776887,-0.996628,-0.075024,0.006809,0.032533
2219,0.109118,1.473146,9.886117,-0.351440,-1.272278,-0.526639,8.579348,-0.560241,-3.797751,-0.996651,-0.074595,0.007351,0.032677
2220,0.123146,1.459831,9.907852,0.486178,-0.735241,-0.424388,8.552752,-0.613610,-3.818127,-0.996661,-0.074347,0.007821,0.032821
2221,0.140948,1.471293,9.900557,1.368064,-0.320302,-0.355704,8.559021,-0.657190,-3.833349,-0.996652,-0.074388,0.008212,0.032925
2222,0.141576,1.481809,9.887891,1.636582,0.492903,-0.038293,8.597829,-0.682300,-3.839307,-0.996624,-0.074718,0.008445,0.032957
2223,0.134615,1.485956,9.867270,1.352737,1.213058,0.396607,8.641715,-0.675471,-3.829093,-0.996599,-0.075102,0.008392,0.032870
2224,0.124030,1.488429,9.833211,0.962077,1.492261,0.662125,8.674342,-0.644354,-3.804804,-0.996585,-0.075397,0.008114,0.032676
2225,0.107817,1.495416,9.794219,0.688927,1.351870,0.694171,8.699238,-0.602422,-3.775274,-0.996578,-0.075627,0.007737,0.032446
2227,0.085914,1.492731,9.820098,0.176200,1.794430,0.538520,8.709270,-0.543052,-3.746985,-0.996581,-0.075734,0.007205,0.032238
2228,0.073533,1.491068,9.832650,-0.014589,1.600711,0.297413,8.699903,-0.470369,-3.724535,-0.996594,-0.075674,0.006556,0.032092
2229,0.055960,1.502849,9.834474,-0.310651,1.008741,0.213474,8.686213,-0.406371,-3.709475,-0.996608,-0.075574,0.005985,0.032004
2230,0.053237,1.504515,9.847434,-0.449514,0.706689,0.158528,8.672549,-0.358355,-3.699029,-0.996621,-0.075470,0.005557,0.031946
2231,0.053498,1.498903,9.842993,-0.373222,0.837969,0.094432,8.657659,-0.320983,-3.690981,-0.996633,-0.075351,0.005222,0.031901
2232,0.057900,1.507845,9.827868,-0.531902,0.650293,0.207348,8.646772,-0.294065,-3.682301,-0.996643,-0.075264,0.004980,0.031844
2233,0.065290,1.502920,9.835847,-0.656991,0.639580,0.192093,8.635722,-0.281691,-3.672536,-0.996653,-0.075172,0.004863,0.031767
2234,0.065028,1.488420,9.843468,-0.803479,0.654782,0.369110,8.611623,-0.276302,-3.660052,-0.996672,-0.074965,0.004801,0.031663
2235,0.055269,1.492536,9.859910,-0.965241,0.531138,0.468302,8.578638,-0.269995,-3.643275,-0.996698,-0.074680,0.004726,0.031523
2236,0.041650,1.480465,9.868730,-1.113273,0.721874,0.230257,8.539692,-0.251942,-3.628631,-0.996727,-0.074347,0.004549,0.031409
2237,0.028245,1.457082,9.856611,-0.899703,1.017944,0.120386,8.491297,-0.214097,-3.618496,-0.996761,-0.073937,0.004200,0.031347
2238,0.015038,1.446379,9.826150,-0.200912,1.008860,0.140212,8.452229,-0.163253,-3.609150,-0.996789,-0.073611,0.003741,0.031300
2239,0.013421,1.457127,9.836579,0.415514,1.010456,-0.032228,8.443811,-0.112456,-3.602388,-0.996796,-0.073552,0.003292,0.031274
2240,0.006016,1.466221,9.842569,0.638300,1.300436,-0.151258,8.461622,-0.060265,-3.599745,-0.996784,-0.073722,0.002841,0.031284
2241,0.002443,1.468396,9.847320,0.665783,1.248596,0.027270,8.487413,-0.007605,-3.595529,-0.996768,-0.073960,0.002388,0.031281
2242,0.005403,1.469453,9.857371,0.537609,0.720633,0.118824,8.508381,0.026391,-3.588269,-0.996755,-0.074152,0.002093,0.031239
2243,-0.001314,1.473489,9.853625,0.021843,0.351345,0.124930,8.516691,0.039935,-3.581607,-0.996751,-0.074228,0.001973,0.031190
2244,-0.005984,1.466810,9.859943,-0.240637,0.281144,0.237849,8.508161,0.047434,-3.574071,-0.996759,-0.074156,0.001901,0.031129
2245,-0.000774,1.450525,9.846820,0.029391,-0.063731,0.202756,8.489362,0.045890,-3.566284,-0.996773,-0.073992,0.001904,0.031061
2246,-0.007632,1.461735,9.854383,-0.295691,-0.364352,0.160032,8.469908,0.034194,-3.561367,-0.996787,-0.073820,0.001997,0.031011
2247,-0.016861,1.473408,9.868166,-0.429982,-0.368910,0.118829,8.455326,0.026475,-3.558571,-0.996798,-0.073691,0.002059,0.030982
2248,-0.011988,1.489993,9.880025,0.000376,-0.416180,0.031846,8.460073,0.021904,-3.558007,-0.996795,-0.073731,0.002099,0.030974
2249,-0.009324,1.496444,9.846077,0.455203,-0.417682,-0.189417,8.492878,0.014713,-3.562640,-0.996773,-0.074015,0.002174,0.031009
2250,-0.008478,1.493797,9.831156,0.418691,0.046222,-0.110072,8.534831,0.014818,-3.568481,-0.996744,-0.074380,0.002188,0.031059
2251,-0.002666,1.488561,9.815247,0.569835,0.641345,0.053200,8.570949,0.029184,-3.567709,-0.996720,-0.074698,0.002072,0.031061
2252,0.002297,1.493949,9.823398,0.575994,1.144886,0.089824,8.603814,0.054777,-3.560903,-0.996700,-0.074991,0.001854,0.031018
2253,0.002348,1.488032,9.842813,0.209795,1.240982,0.221060,8.622709,0.084090,-3.549826,-0.996690,-0.075163,0.001597,0.030941
2254,-0.002288,1.472148,9.847466,-0.486069,0.593944,0.340089,8.607528,0.101326,-3.536016,-0.996703,-0.075036,0.001434,0.030832
2255,-0.016279,1.459440,9.849290,-1.050761,-0.353681,0.207337,8.556997,0.097377,-3.526435,-0.996739,-0.074595,0.001449,0.030747
2256,-0.015110,1.485659,9.867687,-0.838715,-0.953376,0.160034,8.511019,0.073405,-3.523639,-0.996770,-0.074189,0.001643,0.030707
2257,-0.000645,1.489535,9.866615,-0.354970,-1.153299,0.152408,8.497705,0.031216,-3.523675,-0.996780,-0.074062,0.002006,0.030681
2258,0.005268,1.459921,9.842450,-0.249677,-0.987016,0.099008,8.488741,-0.015621,-3.524795,-0.996786,-0.073971,0.002412,0.030660
2259,0.008348,1.461615,9.843346,-0.255816,-0.452973,0.237871,8.471702,-0.048019,-3.522778,-0.996798,-0.073814,0.002688,0.030622
2260,0.015380,1.494423,9.855929,-0.426684,0.024618,0.492704,8.469273,-0.062943,-3.511795,-0.996803,-0.073790,0.002810,0.030517
2261,0.015913,1.453952,9.858685,-1.076705,0.317572,0.369107,8.450067,-0.065160,-3.496751,-0.996819,-0.073622,0.002815,0.030385
2262,0.008179,1.431930,9.842568,-1.372818,0.242799,0.407256,8.388195,-0.058689,-3.482558,-0.996862,-0.073086,0.002733,0.030268
2263,-0.004141,1.438097,9.825942,-1.440037,0.270299,0.427089,8.321783,-0.043862,-3.467542,-0.996908,-0.072513,0.002577,0.030148
2264,-0.011212,1.439640,9.866901,-1.525516,0.711354,0.305006,8.265499,-0.013528,-3.453115,-0.996947,-0.072031,0.002289,0.030043
2265,-0.016198,1.425826,9.885882,-1.006728,1.135632,0.189025,8.216719,0.033652,-3.440565,-0.996980,-0.071619,0.001858,0.029964
2266,-0.020255,1.429669,9.863627,-0.558115,1.068554,0.248528,8.188325,0.084741,-3.428112,-0.997000,-0.071386,0.001398,0.029888
2267,-0.026083,1.407688,9.831278,-0.700029,0.757314,0.315661,8.166604,0.125901,-3.414483,-0.997016,-0.071208,0.001026,0.029795
2268,-0.023523,1.415287,9.829138,-0.696981,0.594065,0.282087,8.142285,0.153080,-3.401431,-0.997034,-0.071003,0.000775,0.029699
2269,-0.018925,1.413331,9.836576,-0.626768,0.699343,0.283615,8.125352,0.170240,-3.389036,-0.997047,-0.070860,0.000614,0.029601
2270,-0.010719,1.410281,9.827212,-0.754922,0.594003,0.349237,8.108644,0.177395,-3.375529,-0.997060,-0.070717,0.000539,0.029488
2271,-0.005107,1.399996,9.839148,-0.988377,0.456586,0.459115,8.082203,0.171472,-3.359711,-0.997081,-0.070485,0.000574,0.029347
2272,-0.010963,1.417679,9.871295,-1.542262,0.726589,0.407246,8.046747,0.167602,-3.342616,-0.997107,-0.070176,0.000588,0.029196
2273,-0.022129,1.401237,9.897641,-2.074776,1.001207,0.419460,7.994995,0.181757,-3.324916,-0.997143,-0.069729,0.000441,0.029051
2274,-0.033990,1.388178,9.893239,-1.887086,1.069865,0.501862,7.929334,0.211517,-3.304920,-0.997187,-0.069166,0.000153,0.028895
2275,-0.038273,1.369644,9.883926,-1.227901,1.115649,0.535432,7.873542,0.247005,-3.282804,-0.997225,-0.068689,-0.000183,0.028724
2276,-0.047551,1.366831,9.856049,-0.901359,1.187380,0.379785,7.836641,0.285863,-3.262452,-0.997250,-0.068377,-0.000543,0.028570
2277,-0.066946,1.361596,9.859565,-0.702974,1.283554,0.253127,7.813989,0.335751,-3.246377,-0.997266,-0.068192,-0.000992,0.028460
2278,-0.073937,1.366683,9.857137,-0.080361,0.986061,0.251593,7.809836,0.387871,-3.232854,-0.997269,-0.068169,-0.001455,0.028373
2279,-0.076204,1.363223,9.817217,0.034142,0.293338,0.109676,7.823747,0.420057,-3.223891,-0.997262,-0.068297,-0.001737,0.028314
2280,-0.086208,1.349304,9.818032,-0.602136,-0.168974,-0.062759,7.822386,0.432919,-3.222777,-0.997262,-0.068289,-0.001850,0.028312
2281,-0.083793,1.351192,9.831930,-0.361039,-0.468013,-0.058187,7.806653,0.433439,-3.226218,-0.997271,-0.068152,-0.001856,0.028342
2282,-0.053165,1.343017,9.827323,0.382079,-0.709134,-0.102436,7.805130,0.408073,-3.231550,-0.997271,-0.068133,-0.001632,0.028374
2283,-0.026315,1.343009,9.853115,0.264561,-0.970194,-0.131411,7.810182,0.348975,-3.239257,-0.997269,-0.068162,-0.001112,0.028406
2284,-0.026959,1.354405,9.870430,-0.092519,-1.039009,-0.114606,7.809642,0.278823,-3.247895,-0.997270,-0.068140,-0.000497,0.028439
2285,-0.016644,1.369684,9.897332,0.046364,-0.631712,-0.073389,7.814886,0.220219,-3.254755,-0.997268,-0.068172,0.000019,0.028464
2286,-0.018940,1.360980,9.890322,0.168468,-0.193868,-0.062693,7.825922,0.182321,-3.258846,-0.997261,-0.068258,0.000354,0.028477
2287,-0.033559,1.372951,9.877858,-0.232814,-0.080982,0.079222,7.833791,0.169326,-3.259170,-0.997257,-0.068324,0.000469,0.028472
2288,-0.055448,1.373262,9.848539,-0.177818,0.556907,0.132622,7.842906,0.190089,-3.254541,-0.997252,-0.068408,0.000288,0.028444
2289,-0.052739,1.362471,9.845721,0.495162,0.886594,0.066995,7.859887,0.235474,-3.247919,-0.997242,-0.068567,-0.000107,0.028414
2290,-0.067033,1.357127,9.836076,0.548581,0.727985,0.018154,7.879942,0.284039,-3.242812,-0.997229,-0.068754,-0.000528,0.028398
2291,-0.063139,1.364283,9.850349,0.467707,0.219929,0.088336,7.897008,0.318700,-3.238878,-0.997219,-0.068911,-0.000827,0.028385
2292,-0.073163,1.366901,9.835942,0.545536,0.079604,-0.039851,7.915581,0.338797,-3.237376,-0.997207,-0.069077,-0.000999,0.028384
2293,-0.067146,1.368335,9.858461,0.365476,-0.104983,-0.084108,7.930852,0.351259,-3.239476,-0.997197,-0.069213,-0.001102,0.028410
2294,-0.057712,1.369167,9.851642,0.559258,-0.465092,0.031860,7.943570,0.344379,-3.241665,-0.997189,-0.069322,-0.001038,0.028425
2295,-0.037794,1.392133,9.852793,0.666101,-0.809999,-0.004755,7.970649,0.311138,-3.244123,-0.997173,-0.069550,-0.000740,0.028427
2296,-0.031632,1.403093,9.855410,0.435762,-0.478958,-0.140550,8.008209,0.268881,-3.249409,-0.997151,-0.069866,-0.000360,0.028447
2297,-0.026334,1.415089,9.875842,0.454166,-0.137231,-0.151220,8.046186,0.238830,-3.255557,-0.997127,-0.070189,-0.000085,0.028482
2298,-0.025951,1.400404,9.854795,0.712111,-0.048796,-0.180202,8.081241,0.219277,-3.261402,-0.997105,-0.070489,0.000097,0.028521
2299,-0.028226,1.403710,9.834262,0.634317,0.061022,-0.270225,8.110628,0.208375,-3.268785,-0.997085,-0.070742,0.000204,0.028579
2300,-0.038355,1.405453,9.828169,0.417657,0.140356,-0.254964,8.133944,0.209309,-3.276958,-0.997069,-0.070945,0.000207,0.028650
2301,-0.054411,1.407284,9.834381,0.211670,-0.112909,-0.132896,8.147522,0.220466,-3.283281,-0.997058,-0.071066,0.000117,0.028712
2302,-0.054299,1.386484,9.838769,0.469513,-0.508059,-0.128327,8.149144,0.227266,-3.289094,-0.997056,-0.071082,0.000062,0.028767
2303,-0.056470,1.411185,9.831923,0.699891,-0.756722,-0.174114,8.159653,0.223041,-3.297106,-0.997047,-0.071173,0.000106,0.028834
2304,-0.056153,1.426471,9.853704,0.260457,-0.820745,-0.096300,8.183656,0.214205,-3.305269,-0.997031,-0.071379,0.000194,0.028900
2305,-0.050976,1.431644,9.846917,0.168957,-0.982433,-0.033747,8.204636,0.199719,-3.311638,-0.997016,-0.071558,0.000329,0.028946
2306,-0.043264,1.422928,9.844306,0.127793,-0.927458,-0.210760,8.218616,0.179531,-3.320180,-0.997006,-0.071675,0.000514,0.029008
2307,-0.034412,1.424319,9.852777,0.034721,-0.889287,-0.227548,8.223557,0.156275,-3.331730,-0.997001,-0.071712,0.000725,0.029094
2308,-0.019685,1.421487,9.873899,-0.159080,-0.957961,-0.157355,8.219440,0.124663,-3.342486,-0.997001,-0.071668,0.001005,0.029167
2309,0.002119,1.399945,9.862415,0.068226,-0.884777,-0.280946,8.203595,0.080304,-3.354133,-0.997010,-0.071519,0.001395,0.029241
2310,0.017556,1.390195,9.857055,0.362625,-1.046630,-0.285508,8.184411,0.023271,-3.368103,-0.997019,-0.071337,0.001895,0.029328
2311,0.028495,1.405067,9.856977,0.368646,-1.901270,-0.067284,8.175969,-0.055240,-3.380930,-0.997023,-0.071243,0.002584,0.029390
2312,0.041104,1.396569,9.855419,0.037458,-3.271672,-0.013859,8.167570,-0.171105,-3.394516,-0.997025,-0.071140,0.003598,0.029437
2313,0.049966,1.387553,9.873676,-0.193049,-4.716822,0.114333,8.141829,-0.327919,-3.411683,-0.997037,-0.070874,0.004966,0.029490
2314,0.073490,1.412031,9.915258,0.025096,-6.538830,0.138756,8.123650,-0.527746,-3.433985,-0.997040,-0.070663,0.006714,0.029561
2315,0.101965,1.395839,9.935454,0.636965,-8.728557,-0.094706,8.128281,-0.785874,-3.469185,-0.997019,-0.070632,0.008983,0.029707
2316,0.152490,1.392148,9.969156,1.622662,-11.356224,-0.296126,8.154123,-1.122013,-3.522902,-0.996972,-0.070761,0.011947,0.029963
2317,0.221299,1.436744,10.001029,3.487316,-15.154286,-0.642505,8.234563,-1.566055,-3.601323,-0.996864,-0.071328,0.015880,0.030358
2318,0.334561,1.474675,9.955758,6.119574,-20.560719,-1.001088,8.407199,-2.170660,-3.714954,-0.996652,-0.072637,0.021256,0.030933
2319,0.448603,1.503631,9.889555,7.344962,-26.646231,-0.396806,8.655764,-2.975857,-3.855614,-0.996314,-0.074525,0.028415,0.031575
2320,0.625517,1.570744,9.849108,8.245365,-33.148369,-0.149585,8.952306,-4.001295,-4.018833,-0.995825,-0.076728,0.037518,0.032213
2321,0.859026,1.590660,9.727132,8.787191,-39.610924,-0.430322,9.283408,-5.263305,-4.223303,-0.995130,-0.079098,0.048712,0.032974
2322,1.109569,1.621009,9.636410,8.450062,-43.951019,-0.163236,9.620746,-6.726685,-4.465403,-0.994198,-0.081373,0.061678,0.033838
2323,1.362395,1.653715,9.611278,5.653108,-45.977848,0.166425,9.906352,-8.305181,-4.723761,-0.993064,-0.083069,0.075630,0.034702
2324,1.638811,1.679773,9.586106,4.606351,-46.960953,-0.913864,10.129863,-9.931362,-5.009975,-0.991742,-0.084101,0.089983,0.035738
2325,1.912159,1.710022,9.519055,3.941062,-47.184151,-1.148786,10.335182,-11.573449,-5.328860,-0.990211,-0.084845,0.104473,0.036990
2326,2.164828,1.796263,9.528018,2.799733,-46.619930,-0.217917,10.531097,-13.200900,-5.645095,-0.988499,-0.085417,0.118810,0.038174
2327,2.417848,1.824774,9.467711,1.603521,-46.408142,0.348234,10.705339,-14.803581,-5.943953,-0.986638,-0.085734,0.132889,0.039190
2328,2.669446,1.840880,9.384513,2.212486,-46.329071,0.366567,10.878747,-16.393314,-6.240104,-0.984603,-0.085960,0.146825,0.040135
2330,2.955111,1.840804,9.307514,2.038638,-47.171665,1.424057,11.061709,-17.999302,-6.527937,-0.982355,-0.086176,0.160868,0.040921
2331,3.235804,1.833896,9.181637,1.924276,-48.577374,2.005472,11.236706,-19.657850,-6.801502,-0.979853,-0.086217,0.175310,0.041485
2332,3.545858,1.830903,9.069539,3.131344,-52.220146,1.592003,11.439960,-21.415384,-7.097123,-0.976967,-0.086301,0.190580,0.042032
2333,3.854882,1.855661,8.900360,3.496114,-57.129524,1.907936,11.698876,-23.331656,-7.438697,-0.973529,-0.086551,0.207201,0.042634
2334,4.246733,1.809465,8.760444,1.752025,-64.208893,3.858173,11.944913,-25.481037,-7.795671,-0.969400,-0.086344,0.225731,0.043050
2335,4.636906,1.820969,8.553845,0.645735,-71.599678,4.012443,12.160233,-27.909134,-8.182026,-0.964391,-0.085424,0.246518,0.043369
2336,5.064578,1.827765,8.387704,-0.251482,-77.559250,3.686059,12.401404,-30.575790,-8.648677,-0.958387,-0.084128,0.269237,0.043910
2337,5.446319,1.783410,8.103721,-1.485938,-78.950241,3.703023,12.656901,-33.369320,-9.177426,-0.951542,-0.082420,0.292887,0.044622
2338,5.843426,1.750958,7.900002,-1.499688,-76.534012,3.401087,12.919228,-36.136223,-9.732054,-0.944208,-0.080428,0.316140,0.045365
2339,6.130124,1.806800,7.642016,0.021682,-70.962044,1.562488,13.268820,-38.727142,-10.338290,-0.936756,-0.078883,0.337822,0.046280
2340,6.400092,1.830168,7.429956,1.149439,-63.963127,0.624085,13.738160,-41.046810,-11.002394,-0.929544,-0.078125,0.357208,0.047400
2341,6.609582,1.825197,7.225179,1.561536,-56.222397,0.271584,14.250661,-43.064144,-11.663718,-0.922877,-0.077782,0.374027,0.048499
2342,6.821784,1.859545,7.077959,1.271694,-49.360405,0.196758,14.754043,-44.787823,-12.291375,-0.916901,-0.077585,0.388357,0.049529
2343,7.007612,1.845944,6.919407,0.510314,-45.045025,-0.058145,15.224078,-46.287704,-12.888308,-0.911503,-0.077310,0.400787,0.050558
2344,7.183627,1.863415,6.753977,0.618687,-43.036758,-0.899002,15.694583,-47.657211,-13.495378,-0.906396,-0.077005,0.412121,0.051697
2345,7.312363,1.858397,6.597503,0.072423,-42.366661,-0.552698,16.180740,-48.961632,-14.124753,-0.901376,-0.076669,0.422899,0.052907
2346,7.457585,1.836320,6.402445,-0.385363,-44.502705,-0.351335,16.667181,-50.281994,-14.773365,-0.896190,-0.076073,0.433741,0.054092
2347,7.598278,1.816398,6.177897,0.025078,-49.112309,-1.182989,17.232393,-51.713036,-15.518696,-0.890408,-0.075365,0.445451,0.055386
2348,7.745367,1.835814,5.902040,0.783447,-54.459003,-1.906300,17.979254,-53.306515,-16.448172,-0.883708,-0.074835,0.458500,0.056900
2349,7.923088,1.845784,5.639774,1.378568,-58.260021,-2.298500,18.939058,-55.047447,-17.583897,-0.876078,-0.074517,0.472764,0.058565
2350,8.130964,1.882068,5.329190,1.804337,-60.159817,-2.586947,20.110191,-56.880268,-18.921982,-0.867700,-0.074356,0.487783,0.060300
2351,8.291873,1.926580,5.008698,2.031774,-60.576492,-2.275742,21.492472,-58.746674,-20.457752,-0.858793,-0.074331,0.503092,0.062033
2352,8.480827,1.933483,4.709288,1.744984,-59.531357,-1.346547,23.024391,-60.595642,-22.135424,-0.849637,-0.074213,0.518231,0.063602
2353,8.630632,1.977651,4.437158,1.552794,-57.930759,-0.901079,24.680389,-62.382854,-23.935101,-0.840465,-0.073939,0.532847,0.065007
2354,8.779694,1.975636,4.136442,0.860094,-57.001534,-0.200792,26.475241,-64.104935,-25.880167,-0.831303,-0.073473,0.546937,0.066315
2355,8.918471,1.957058,3.841965,0.864718,-57.055000,-0.127620,28.450859,-65.794121,-28.015863,-0.822004,-0.072760,0.560765,0.067511
2356,9.044912,1.932406,3.578488,0.777756,-57.119118,0.758923,30.648701,-67.457794,-30.376163,-0.812533,-0.071819,0.574401,0.068521
2357,9.155582,1.944821,3.299576,0.840312,-57.724884,1.270106,33.131329,-69.094109,-33.020535,-0.802871,-0.070686,0.587872,0.069341
2358,9.294196,1.895572,2.996492,0.431344,-58.127678,2.283354,35.969379,-70.712959,-36.025055,-0.792948,-0.069281,0.601281,0.069959
2359,9.373135,1.867893,2.695648,-0.018844,-58.432796,4.175595,39.172482,-72.321259,-39.404976,-0.782804,-0.067387,0.614610,0.070223
2360,9.457104,1.828408,2.407094,-0.736082,-58.176353,6.203672,42.783482,-73.903305,-43.204868,-0.772549,-0.064937,0.627726,0.070086
2361,9.565322,1.795026,2.075705,-1.149662,-56.975327,6.698214,46.956142,-75.421509,-47.577522,-0.762262,-0.062096,0.640501,0.069702
2362,9.623570,1.745373,1.768030,-1.898940,-53.990517,7.790928,51.759003,-76.822472,-52.589081,-0.752175,-0.058998,0.652661,0.069175
2363,9.661984,1.687571,1.497972,-2.809972,-49.369869,9.393312,56.966400,-78.071518,-58.017323,-0.742736,-0.055512,0.663763,0.068411
2364,9.756125,1.621183,1.246178,-3.354788,-42.771564,8.758711,62.326183,-79.123276,-63.604584,-0.734341,-0.051840,0.673419,0.067546
2365,9.767374,1.582959,1.038484,-3.736334,-35.839012,6.601226,67.592087,-79.921333,-69.096153,-0.727234,-0.048483,0.681392,0.066973
2366,9.756202,1.564660,0.896492,-4.221652,-29.960764,5.461472,72.438744,-80.479279,-74.167473,-0.721447,-0.045577,0.687728,0.066838
2367,9.773507,1.550454,0.779711,-4.758860,-25.561031,5.580542,76.660736,-80.882233,-78.618538,-0.716798,-0.042858,0.692736,0.066943
2368,9.717343,1.503869,0.660347,-5.564638,-22.803125,5.745366,80.365448,-81.206299,-82.565636,-0.712941,-0.040074,0.696851,0.067145
2369,9.721214,1.454618,0.528220,-5.175613,-23.797476,6.277954,84.139664,-81.501091,-86.586075,-0.709238,-0.037171,0.700766,0.067278
2370,9.773542,1.410316,0.337915,-4.315061,-26.568110,5.643237,88.815285,-81.761215,-91.489128,-0.704953,-0.034340,0.705223,0.067251
2371,9.797818,1.417785,0.138304,-4.156407,-32.299202,-1.377505,94.986130,-81.812233,-97.877235,-0.699423,-0.032370,0.710733,0.067956
2372,9.761908,1.459197,-0.086217,-2.870073,-40.619930,-9.149098,102.599838,-81.443489,-105.696793,-0.691985,-0.032096,0.717773,0.070205
2373,9.828636,1.559641,-0.355045,-0.594921,-49.503868,-13.568347,110.880692,-80.605995,-114.139984,-0.682279,-0.033449,0.726615,0.073533
2374,9.769302,1.662468,-0.620864,-0.477426,-54.405216,-15.004498,118.593719,-79.380440,-121.990044,-0.670757,-0.035637,0.736770,0.077367
2375,9.683643,1.751539,-0.867727,-1.470820,-56.086823,-12.512956,125.011978,-77.950340,-128.572296,-0.658412,-0.037590,0.747312,0.081279
2376,9.620839,1.759861,-1.141342,-1.948462,-53.491188,-4.122116,130.408249,-76.574173,-134.169540,-0.646264,-0.038100,0.757498,0.084193
2377,9.596282,1.759542,-1.423883,-3.074623,-48.101524,3.000816,135.123291,-75.409561,-139.120865,-0.635158,-0.036633,0.766754,0.085559
2378,9.540650,1.681319,-1.677283,-4.385408,-41.188953,6.647830,139.146576,-74.461464,-143.418610,-0.625546,-0.033676,0.774712,0.085902
2379,9.496982,1.637898,-1.895722,-4.562417,-36.145599,6.504543,142.451828,-73.658318,-147.010742,-0.617323,-0.030190,0.781427,0.085867
2380,9.475923,1.620765,-2.094532,-3.833026,-33.577271,4.475214,145.093506,-72.890862,-149.915482,-0.609906,-0.027093,0.787336,0.085923
2381,9.447275,1.643904,-2.271641,-2.928169,-32.078602,2.290175,147.172729,-72.099701,-152.218094,-0.602844,-0.024765,0.792796,0.086254
2382,9.359296,1.599626,-2.440995,-2.476515,-30.828678,0.257697,148.821716,-71.282066,-154.055313,-0.595971,-0.023123,0.797962,0.086830
2383,9.342262,1.629234,-2.606581,-1.907365,-31.571619,-2.198997,150.143936,-70.415382,-155.537750,-0.589030,-0.022109,0.803036,0.087682
2384,9.336003,1.662579,-2.800420,-1.474031,-33.541416,-2.327173,151.297836,-69.468323,-156.834122,-0.581648,-0.021509,0.808303,0.088715
2385,9.267853,1.650784,-2.989010,-1.345874,-34.919209,-2.092175,152.441422,-68.455315,-158.114975,-0.573744,-0.020894,0.813845,0.089651
2386,9.279240,1.661391,-3.187295,-1.094099,-35.967411,-1.553479,153.583847,-67.403275,-159.392441,-0.565479,-0.020134,0.819546,0.090400
2387,9.304420,1.684219,-3.390059,-0.917091,-35.079197,0.456229,154.723495,-66.364204,-160.667755,-0.557206,-0.019075,0.825169,0.090848
2388,9.201222,1.728307,-3.529166,-1.252816,-31.721996,1.916565,155.777954,-65.410255,-161.868286,-0.549508,-0.017692,0.830319,0.091097
2389,9.118247,1.708703,-3.661491,-2.145527,-27.450706,2.047790,156.642502,-64.585106,-162.896652,-0.542811,-0.016158,0.834709,0.091415
2390,9.069488,1.732608,-3.772932,-2.595735,-23.600515,1.074232,157.271469,-63.886097,-163.699738,-0.537169,-0.014742,0.838315,0.091984
2391,8.971091,1.731476,-3.867140,-3.047492,-20.783335,0.222716,157.682693,-63.280769,-164.287018,-0.532359,-0.013606,0.841300,0.092862
2392,8.900837,1.756093,-3.916914,-3.761729,-19.707201,-1.451299,157.905899,-62.724476,-164.693878,-0.528043,-0.012772,0.843887,0.094136
2393,8.864441,1.780861,-4.004876,-4.636207,-20.306492,-1.896970,158.000366,-62.167381,-164.993134,-0.523803,-0.012113,0.846345,0.095828
2394,8.855419,1.750414,-4.108600,-5.115448,-20.600605,-2.319703,158.076828,-61.594398,-165.292831,-0.519431,-0.011381,0.848838,0.097657
2395,8.827456,1.696892,-4.265757,-4.300634,-20.667418,-1.671112,158.242111,-61.014706,-165.668472,-0.514915,-0.010478,0.851423,0.099151
2396,8.819893,1.686915,-4.476871,-3.134776,-20.931213,0.811744,158.603836,-60.424664,-166.210480,-0.510141,-0.009200,0.854220,0.099900
2397,8.760410,1.685154,-4.601340,-2.327467,-20.439791,2.672057,159.137100,-59.838463,-166.903061,-0.505231,-0.007492,0.857142,0.099963
2398,8.722631,1.641036,-4.717725,-1.117287,-20.203236,2.299972,159.737122,-59.263474,-167.630325,-0.500354,-0.005720,0.860057,0.099575
2399,8.614627,1.663600,-4.791798,0.549142,-21.094349,2.289517,160.351334,-58.668079,-168.323669,-0.495343,-0.004219,0.863042,0.098877
2400,8.560517,1.682474,-4.841627,1.182471,-21.983896,3.142657,160.969803,-58.048264,-168.995728,-0.490158,-0.002854,0.866102,0.098001
2401,8.461989,1.657076,-4.859383,2.027865,-20.828613,3.412855,161.578690,-57.454357,-169.643280,-0.485175,-0.001508,0.869022,0.096969
2402,8.401344,1.622103,-4.970058,3.463787,-21.176321,4.355988,162.221054,-56.885632,-170.291168,-0.480371,-0.000180,0.871843,0.095568
2403,8.288736,1.511559,-5.060413,3.930792,-22.845518,6.040781,162.988876,-56.289841,-171.041580,-0.475276,0.001449,0.874844,0.093585
2404,8.234231,1.518011,-5.206141,4.493953,-25.820961,5.479426,163.822098,-55.606800,-171.849091,-0.469476,0.003227,0.878203,0.091331
2405,8.150305,1.498500,-5.339086,3.499115,-27.941942,2.796966,164.548965,-54.803055,-172.552383,-0.462834,0.004599,0.881906,0.089474
2406,8.031166,1.439180,-5.459804,2.479861,-29.820345,-2.299525,165.059814,-53.886562,-173.038940,-0.455470,0.005139,0.885836,0.088409
2407,7.951789,1.429178,-5.610403,3.178809,-30.241501,-6.442304,165.362396,-52.887501,-173.275391,-0.447620,0.004546,0.889876,0.087960
2408,7.931984,1.534452,-5.782724,4.442300,-27.668777,-8.458013,165.509003,-51.896858,-173.292938,-0.439959,0.002912,0.893709,0.087821
2409,7.857170,1.494828,-5.904130,3.883815,-21.784746,-7.397473,165.587036,-51.049866,-173.214264,-0.433450,0.000976,0.896899,0.087703
2410,7.819235,1.471761,-6.022133,4.800959,-16.265352,-3.832801,165.741226,-50.425182,-173.206451,-0.428595,-0.000416,0.899294,0.087045
2411,7.847007,1.477905,-6.136482,7.375288,-12.520549,1.382975,166.093781,-50.004333,-173.371078,-0.425186,-0.000933,0.901080,0.085273
2412,7.774331,1.536184,-6.158663,8.037580,-10.237529,3.066181,166.567902,-49.716972,-173.641617,-0.422736,-0.000888,0.902462,0.082796
2413,7.744016,1.549643,-6.198770,7.341709,-10.409698,1.572305,166.976929,-49.463272,-173.857925,-0.420591,-0.000970,0.903664,0.080585
2414,7.757884,1.529171,-6.286437,7.869592,-11.579822,-1.482639,167.276459,-49.167725,-173.947144,-0.418206,-0.001681,0.904927,0.078792
2415,7.661515,1.554847,-6.295958,8.196014,-10.847133,-5.837726,167.428131,-48.830669,-173.835114,-0.415630,-0.003478,0.906223,0.077461
2416,7.513468,1.577875,-6.242181,4.512235,-8.251293,-10.313443,167.307251,-48.510208,-173.457520,-0.413368,-0.006372,0.907253,0.077319
2417,7.491378,1.483209,-6.255496,1.873748,-5.298352,-12.329315,166.963486,-48.265770,-172.909637,-0.411840,-0.009742,0.907835,0.078282
2418,7.463543,1.410795,-6.266316,3.039534,0.012177,-7.339495,166.697906,-48.183289,-172.450989,-0.411531,-0.012516,0.907895,0.078813
2419,7.399144,1.467328,-6.176155,3.314217,6.131685,-0.327720,166.646484,-48.395134,-172.234985,-0.413351,-0.013796,0.907099,0.078244
2420,7.406989,1.433067,-6.119899,3.048722,9.477312,5.181079,166.783020,-48.873283,-172.270569,-0.417066,-0.013455,0.905523,0.076839
2421,7.482243,1.341925,-6.077471,6.987213,10.774969,8.930516,167.173599,-49.419643,-172.540039,-0.421128,-0.012135,0.903877,0.074231
2422,7.517900,1.373213,-5.976277,10.802073,11.361359,12.550166,167.816116,-49.971832,-172.978973,-0.425112,-0.010445,0.902347,0.070294
2423,7.728662,1.281541,-6.150222,8.795529,4.388394,6.849481,168.488846,-50.429298,-173.413910,-0.428375,-0.009056,0.901125,0.066232
2424,7.826905,1.094845,-6.206086,7.758056,-6.939694,0.042600,169.009109,-50.517273,-173.680161,-0.428872,-0.008822,0.901118,0.063066
2425,7.870545,1.025676,-6.282014,6.601619,-18.165768,-2.438257,169.428513,-50.151173,-173.844559,-0.425883,-0.009437,0.902693,0.060662
2427,7.683497,1.106285,-6.462372,2.721365,-26.839182,-2.068779,169.762680,-49.395695,-174.021912,-0.419827,-0.009958,0.905614,0.059246
2428,7.448253,1.035078,-6.685789,-0.931537,-33.494148,-3.213100,169.991989,-48.296139,-174.232361,-0.411025,-0.010095,0.909657,0.058988
2429,7.058171,1.089637,-6.654553,-0.398829,-31.254719,-0.538079,170.195801,-47.071384,-174.484238,-0.401168,-0.009868,0.914042,0.059111
2430,6.798595,1.207076,-6.777870,0.332119,-25.316549,2.838702,170.418365,-45.964504,-174.781769,-0.392179,-0.009187,0.917943,0.059098
2431,6.575665,1.230041,-6.914401,1.317802,-18.528561,1.079093,170.599091,-45.034840,-175.019669,-0.384605,-0.008648,0.921150,0.059045
2432,6.566836,1.193088,-7.033893,2.208879,-15.132704,-1.243573,170.713043,-44.262077,-175.120560,-0.378341,-0.008832,0.923746,0.058939
2433,6.640331,1.196263,-7.131741,0.994202,-13.775299,-2.719292,170.758270,-43.604820,-175.123474,-0.373047,-0.009477,0.925887,0.058982
2434,6.683027,1.175501,-7.206232,-0.241819,-15.066694,-3.720397,170.732895,-42.994877,-175.076584,-0.368153,-0.010257,0.927809,0.059405
2435,6.659380,1.171481,-7.251117,-2.365902,-16.734850,-5.270783,170.635101,-42.366974,-174.994232,-0.363130,-0.011112,0.929718,0.060317
2436,6.606878,1.209723,-7.298311,-4.241261,-19.977673,-4.199618,170.477081,-41.679268,-174.921326,-0.357615,-0.011763,0.931748,0.061794
2437,6.518511,1.247645,-7.292411,-5.495593,-23.203623,-2.811070,170.309723,-40.912838,-174.921677,-0.351410,-0.011870,0.933982,0.063631
2438,6.378520,1.299184,-7.362914,-5.761152,-26.423441,-0.273518,170.177887,-40.058102,-175.025787,-0.344408,-0.011327,0.936461,0.065548
2439,6.218009,1.353867,-7.460669,-6.063361,-28.857466,1.530030,170.096191,-39.106129,-175.236404,-0.336523,-0.010151,0.939204,0.067415
2440,6.062188,1.309110,-7.561841,-5.027296,-30.928389,3.518236,170.098709,-38.076405,-175.551575,-0.327903,-0.008421,0.942158,0.068903
2441,5.942950,1.270354,-7.670559,-2.962657,-33.666153,5.697262,170.247070,-36.980103,-175.988678,-0.318620,-0.006129,0.945311,0.069511
2442,5.792812,1.231344,-7.798032,-1.772300,-37.504101,6.718169,170.517349,-35.787212,-176.519836,-0.308446,-0.003413,0.948706,0.069325
2443,5.659625,1.185230,-7.990133,-1.204456,-41.642677,7.058553,170.852615,-34.461231,-177.101990,-0.297107,-0.000462,0.952372,0.068671
2444,5.404618,1.135841,-8.083093,-0.781528,-46.487797,6.329287,171.209839,-32.973782,-177.693741,-0.284383,0.002504,0.956309,0.067773
2445,5.180902,1.190721,-8.281168,-0.520391,-52.880280,6.466700,171.548340,-31.278826,-178.275528,-0.269887,0.005411,0.960550,0.066906
2446,4.878703,1.209245,-8.470822,-1.464826,-58.531254,5.969249,171.830231,-29.355520,-178.843964,-0.253421,0.008314,0.965042,0.066356
2447,4.580419,1.197983,-8.670217,-1.304525,-62.868481,5.703704,172.066010,-27.241817,-179.397141,-0.235283,0.011191,0.969619,0.065999
2448,4.233669,1.153913,-8.919338,-0.642159,-64.790253,5.982921,172.305603,-25.004454,-179.950165,-0.216018,0.014101,0.974094,0.065411
2449,3.909071,1.184604,-9.088339,-0.721394,-62.167847,6.867924,172.534485,-22.772032,179.498230,-0.196718,0.017136,0.978174,0.064684
2450,3.613733,1.158803,-9.243903,-1.539207,-56.668991,6.310921,172.709381,-20.692055,178.980789,-0.178666,0.020150,0.981610,0.064138
2451,3.374844,1.114660,-9.397197,-4.046179,-49.196972,5.949268,172.804230,-18.858356,178.516479,-0.162690,0.023026,0.984329,0.064017
2452,3.137441,1.087230,-9.476874,-6.641604,-40.676495,4.553072,172.793167,-17.323256,178.119675,-0.149261,0.025653,0.986352,0.064591
2453,2.934204,1.140791,-9.399227,-7.601269,-33.443745,2.136038,172.674774,-16.080774,177.828506,-0.138362,0.027658,0.987801,0.065887
2454,2.797944,1.130500,-9.417100,-7.836144,-31.215851,0.356848,172.499313,-15.028168,177.632111,-0.129122,0.028993,0.988902,0.067530
2455,2.613321,1.176941,-9.377298,-7.912313,-31.879507,-0.891307,172.304657,-14.017482,177.488464,-0.120257,0.029889,0.989873,0.069255
2456,2.410785,1.261440,-9.372132,-7.463633,-34.911404,-2.920757,172.084976,-12.935858,177.393845,-0.110790,0.030315,0.990833,0.071115
2457,2.233036,1.325095,-9.386713,-8.106062,-37.827343,-5.125708,171.829605,-11.742008,177.357117,-0.100368,0.030167,0.991795,0.073200
2458,2.014733,1.402156,-9.420738,-9.661046,-41.005764,-7.088051,171.513916,-10.434398,177.372131,-0.088969,0.029499,0.992712,0.075741
2459,1.754840,1.485417,-9.486983,-10.228804,-43.956875,-7.899862,171.147217,-9.002284,177.411667,-0.076487,0.028504,0.993552,0.078688
2460,1.520610,1.555399,-9.625998,-10.787413,-45.769711,-7.962450,170.762573,-7.475130,177.443085,-0.063166,0.027439,0.994268,0.081783
2461,1.301942,1.598526,-9.736469,-9.838352,-44.710732,-6.627277,170.402634,-5.943918,177.438721,-0.049785,0.026577,0.994809,0.084676
2462,1.070607,1.671217,-9.828200,-7.653250,-41.652737,-5.076934,170.110184,-4.501994,177.388031,-0.037158,0.026074,0.995173,0.087001
2463,0.864346,1.680110,-9.857268,-5.503195,-37.918697,-3.305315,169.904099,-3.197867,177.295059,-0.025711,0.025957,0.995398,0.088587
2464,0.704930,1.731634,-9.859076,-4.637937,-34.144875,-2.504164,169.755173,-2.051566,177.177490,-0.015627,0.026124,0.995505,0.089682
2465,0.506444,1.711215,-9.772133,-3.462900,-30.863861,-2.401873,169.641861,-1.041908,177.063538,-0.006739,0.026337,0.995528,0.090467
2466,0.338550,1.725579,-9.687728,-1.892628,-30.294397,-2.905372,169.577316,-0.098403,176.966248,0.001550,0.026440,0.995515,0.090820
2467,0.158204,1.709123,-9.667223,-0.070564,-33.550430,-1.847853,169.571060,0.889323,176.851532,0.010222,0.026653,0.995475,0.090635
2468,-0.045917,1.704888,-9.698873,1.975845,-37.569481,-0.950566,169.634323,2.003239,176.683853,0.020015,0.027234,0.995388,0.089779
2469,-0.274001,1.641071,-9.697079,4.593009,-41.330719,-0.370689,169.784912,3.258006,176.471878,0.031041,0.028120,0.995233,0.088076
2470,-0.535777,1.608695,-9.683677,7.129354,-46.376865,0.778337,170.026474,4.673264,176.211533,0.043465,0.029360,0.994960,0.085463
2471,-0.823187,1.570846,-9.768576,7.945992,-51.891548,1.367327,170.315292,6.278508,175.900177,0.057547,0.030969,0.994464,0.082282
2472,-1.174355,1.542078,-9.692939,8.042372,-55.611851,0.975125,170.601486,8.064665,175.567993,0.073191,0.032685,0.993651,0.078952
2473,-1.524565,1.526967,-9.631054,6.946927,-59.844994,0.335704,170.841614,10.016556,175.237411,0.090250,0.034295,0.992434,0.075848
2474,-1.890536,1.481761,-9.603004,5.743098,-63.718079,0.385991,171.019531,12.123147,174.899673,0.108633,0.035851,0.990743,0.073090
2475,-2.229735,1.477897,-9.679161,3.767134,-62.587650,-0.608978,171.130966,14.273271,174.573532,0.127357,0.037235,0.988628,0.070771
2476,-2.538956,1.409534,-9.554590,3.217923,-55.669289,-0.631926,171.202591,16.271641,174.288422,0.144711,0.038335,0.986335,0.068800
2477,-2.758512,1.395633,-9.527331,1.441892,-46.484764,-1.492592,171.250549,17.966297,174.063873,0.159381,0.039101,0.984152,0.067181
2478,-2.945907,1.345284,-9.440357,-0.108280,-36.222733,-1.904616,171.267288,19.291945,173.915527,0.170821,0.039431,0.982292,0.066084
2479,-3.099694,1.382241,-9.375994,-2.564872,-26.943245,-2.594332,171.233307,20.261326,173.837204,0.179170,0.039338,0.980833,0.065701
2480,-3.203964,1.390897,-9.215468,-4.655311,-21.786734,-2.504269,171.119965,20.973959,173.801254,0.185316,0.038935,0.979673,0.066199
2481,-3.317924,1.425130,-9.150375,-7.467558,-21.214090,-3.311429,170.920609,21.590651,173.787186,0.190652,0.038261,0.978585,0.067517
2482,-3.456058,1.476800,-9.088655,-7.986391,-23.380529,-4.245229,170.660141,22.249441,173.791351,0.196349,0.037275,0.977368,0.069354
2483,-3.584093,1.512232,-9.046836,-8.786018,-26.784555,-4.501516,170.370636,23.017895,173.793594,0.202978,0.036137,0.975911,0.071362
2484,-3.718864,1.549573,-8.962606,-10.498154,-29.802563,-5.268991,170.035568,23.904642,173.788696,0.210615,0.034843,0.974167,0.073661
2485,-3.897333,1.592993,-8.871471,-11.000241,-32.469673,-6.024264,169.661835,24.905106,173.785004,0.219207,0.033320,0.972127,0.076205
2486,-4.046871,1.627870,-8.766175,-10.859908,-34.344868,-6.123395,169.278793,25.994555,173.773529,0.228534,0.031706,0.969829,0.078735
2487,-4.206927,1.637739,-8.663422,-12.004376,-34.376759,-5.691518,168.879105,27.115534,173.744553,0.238114,0.030111,0.967358,0.081325
2488,-4.366120,1.647671,-8.536914,-11.128468,-32.536335,-5.789161,168.486328,28.207453,173.713608,0.247419,0.028505,0.964853,0.083843
2489,-4.559608,1.718571,-8.351401,-8.018620,-31.544397,-6.092809,168.158691,29.271587,173.690079,0.256438,0.026943,0.962366,0.085821
2490,-4.728853,1.730214,-8.185194,-6.607166,-33.900452,-6.220977,167.891602,30.386642,173.656631,0.265847,0.025498,0.959724,0.087207
2491,-4.961320,1.799503,-8.227050,-1.513668,-38.745323,-5.918832,167.707825,31.626095,173.582169,0.276275,0.024420,0.956759,0.087685
2492,-5.141098,1.698001,-8.170065,1.489391,-42.108475,-5.682342,167.658920,32.989101,173.473328,0.287688,0.023797,0.953483,0.086829
2493,-5.342782,1.732004,-8.063785,3.143587,-43.817493,-6.471301,167.697235,34.429489,173.361725,0.299682,0.023325,0.949946,0.085147
2494,-5.518765,1.705140,-8.147169,4.385771,-43.895149,-6.446905,167.782135,35.864429,173.256134,0.311568,0.022933,0.946308,0.083068
2495,-5.665136,1.660348,-8.144419,6.262792,-37.870377,-5.578659,167.943130,37.135773,173.172684,0.322033,0.022750,0.943023,0.080523
2496,-5.784128,1.562433,-7.921010,3.624642,-28.459461,-5.265863,168.136139,38.125423,173.147476,0.330111,0.022491,0.940438,0.078090
2497,-5.904404,1.569541,-7.805718,3.891828,-21.627367,-5.200252,168.321304,38.849865,173.184021,0.335964,0.021995,0.938537,0.076111
2498,-5.991096,1.555193,-7.789664,5.176749,-16.957468,-4.464714,168.533432,39.370903,173.244217,0.340131,0.021607,0.937201,0.074147
2499,-6.049636,1.446153,-7.608755,5.430164,-12.629403,-3.367554,168.782196,39.746666,173.313385,0.343099,0.021414,0.936289,0.072030
2500,-6.118660,1.371844,-7.510058,5.202960,-11.038970,-3.677367,169.058884,40.055893,173.406830,0.345505,0.021185,0.935576,0.069816
2501,-6.181698,1.398497,-7.503913,5.554048,-11.781734,-4.653994,169.346008,40.368488,173.525635,0.347922,0.020790,0.934852,0.067599
2502,-6.247673,1.443155,-7.494490,5.415202,-12.407016,-4.718029,169.602753,40.705128,173.634018,0.350548,0.020380,0.934023,0.065589
2503,-6.316545,1.372528,-7.453037,4.086093,-12.798862,-3.987027,169.807327,41.062805,173.715210,0.353369,0.020025,0.933083,0.063913
2504,-6.398043,1.265097,-7.414379,2.908124,-13.245693,-4.266265,169.995636,41.448833,173.806839,0.356416,0.019521,0.932037,0.062389
2505,-6.469089,1.315454,-7.425185,3.031769,-14.252551,-5.532776,170.187256,41.865887,173.929367,0.359696,0.018761,0.930889,0.060922
2506,-6.535256,1.299351,-7.315365,2.692985,-13.970037,-5.218373,170.357468,42.303368,174.051468,0.363144,0.017934,0.929650,0.059623
2507,-6.605517,1.258269,-7.204718,2.079515,-14.458219,-4.639982,170.491165,42.766815,174.149399,0.366818,0.017176,0.928291,0.058536
2508,-6.687504,1.191408,-7.103863,0.663430,-15.875791,-4.569764,170.588959,43.286213,174.234924,0.370950,0.016368,0.926716,0.057669
2509,-6.764546,1.246571,-7.042488,1.234071,-18.697271,-4.089051,170.639954,43.887775,174.283432,0.375763,0.015646,0.924828,0.057013
2510,-6.828707,1.162209,-6.912951,0.272666,-21.418085,-2.100717,170.624176,44.584335,174.250122,0.381378,0.015289,0.922561,0.056563
2511,-6.908098,1.160606,-6.857751,-0.539161,-23.852039,-1.592566,170.539749,45.362995,174.149277,0.387677,0.015171,0.919945,0.056373
2512,-6.970478,1.105298,-6.756207,0.078834,-25.651167,-1.235505,170.437057,46.200020,174.018539,0.394440,0.015165,0.917078,0.056169
2513,-7.043812,1.126148,-6.668293,1.635290,-26.655243,-0.329121,170.345062,47.068863,173.848572,0.401450,0.015463,0.914055,0.055696
2514,-7.136606,1.080878,-6.596365,-0.165277,-26.322550,0.462813,170.218460,47.929253,173.634949,0.408395,0.015971,0.910988,0.055319
2515,-7.222557,1.057922,-6.564733,1.804768,-25.406858,0.873228,170.097076,48.743397,173.410919,0.414953,0.016594,0.908035,0.054864
2516,-7.326899,1.000666,-6.443700,7.652240,-23.844126,3.168108,170.087662,49.500057,173.148346,0.421038,0.017960,0.905292,0.053394
2517,-7.380641,0.989441,-6.335835,11.966182,-20.973682,4.809855,170.198471,50.176208,172.815613,0.426479,0.020384,0.902843,0.050749
2518,-7.415350,0.921957,-6.169412,14.853396,-17.788925,4.989745,170.418320,50.755363,172.468140,0.431120,0.023418,0.900753,0.047245
2519,-7.497652,1.001164,-6.201577,20.522327,-16.107176,3.720062,170.790192,51.249172,172.150269,0.435020,0.026878,0.899005,0.042712
2520,-7.613023,0.981030,-6.134938,20.716156,-13.177198,3.070007,171.264420,51.664463,171.866333,0.438239,0.030546,0.897554,0.037563
2521,-7.693582,0.877959,-6.107841,17.725386,-10.988871,1.083219,171.770859,52.016674,171.681564,0.440897,0.033635,0.896335,0.032593
2522,-7.800575,0.829087,-6.147868,16.332287,-10.201331,-1.654358,172.334076,52.329987,171.653625,0.443171,0.035769,0.895291,0.027821
2523,-7.896962,0.807780,-6.202708,15.285551,-10.043950,-3.146749,172.941177,52.623909,171.738815,0.445243,0.037228,0.894335,0.023172
2524,-7.923939,0.798729,-6.022543,11.475301,-9.413610,-2.937661,173.458252,52.924110,171.832825,0.447387,0.038287,0.893313,0.019268
2525,-7.911461,0.812258,-5.951613,8.298219,-11.623130,-1.179652,173.753876,53.270939,171.823242,0.449980,0.039272,0.892019,0.016660
2526,-7.888912,0.784025,-5.770505,2.360680,-16.233002,0.349538,173.767624,53.741463,171.669968,0.453641,0.040186,0.890142,0.015585
2527,-7.845633,0.689728,-5.573564,-5.087497,-22.870958,2.243375,173.465500,54.424541,171.394806,0.459061,0.040623,0.887326,0.016291
2528,-7.849902,0.848859,-5.404104,-10.066772,-29.217543,1.459272,172.843964,55.336617,170.998642,0.466355,0.040473,0.883473,0.018734
2530,-7.966197,0.749860,-5.311871,-13.124905,-34.750816,3.748382,171.983078,56.440674,170.479797,0.475191,0.040000,0.878691,0.022238
2531,-8.132666,0.795301,-5.095683,-13.318787,-37.705334,3.144204,171.017120,57.696114,169.880417,0.485182,0.039377,0.873142,0.025902
2532,-8.251879,0.815270,-4.923886,-11.622017,-39.384247,2.697143,170.046402,59.043354,169.246719,0.495809,0.038670,0.867080,0.029159
2533,-8.488574,0.866419,-4.731882,-9.169893,-40.472664,0.736318,169.153992,60.448093,168.625626,0.506755,0.037903,0.860677,0.031599
2534,-8.669055,0.794554,-4.543631,-6.913031,-43.245750,-1.090335,168.420013,61.940712,168.089050,0.518181,0.036876,0.853842,0.032914
2535,-8.814333,0.869196,-4.269526,-5.194801,-45.388676,-5.962789,167.893204,63.547813,167.713089,0.530220,0.035262,0.846480,0.033098
2536,-8.836176,0.774306,-4.180770,-4.709502,-47.571133,-8.582994,167.605194,65.217941,167.562119,0.542452,0.032884,0.838819,0.032365
2537,-8.923785,0.818305,-3.970378,-2.316778,-47.762024,-10.376145,167.515259,66.883904,167.572189,0.554427,0.030215,0.831110,0.030903
2538,-8.993203,0.875206,-3.745226,-0.507026,-45.964539,-9.695600,167.444305,68.494164,167.545273,0.565892,0.027954,0.823488,0.029178
2539,-9.104961,0.779261,-3.475538,0.921221,-42.696033,-5.824287,167.228531,69.996574,167.312027,0.576570,0.026554,0.816150,0.027569
2540,-9.230404,0.805357,-3.224820,2.019861,-39.972328,-3.652839,166.775818,71.388649,166.787003,0.586490,0.026078,0.809112,0.026214
2541,-9.337363,0.887745,-2.861710,2.534008,-38.887627,-0.863234,165.895203,72.727165,165.804840,0.596129,0.026509,0.802049,0.025406
2542,-9.402884,0.951108,-2.604810,1.203253,-38.405830,1.723586,164.375824,74.040611,164.192627,0.605767,0.027708,0.794752,0.025469
2543,-9.406819,0.861855,-2.473808,0.661423,-38.021622,6.727447,162.155228,75.272316,161.890488,0.615068,0.029592,0.787478,0.026352
2544,-9.414658,0.883236,-2.355426,-0.274043,-35.134682,8.336020,159.349915,76.346504,159.008987,0.623527,0.031965,0.780654,0.027787
2545,-9.414594,0.855418,-2.186897,-0.725754,-31.187065,9.158659,156.249741,77.234032,155.850906,0.630876,0.034357,0.774563,0.029465
2546,-9.535654,0.897861,-1.957467,0.345432,-27.491247,9.277755,153.007507,77.972572,152.541351,0.637336,0.036752,0.769084,0.031031
2547,-9.619250,0.842612,-1.839075,0.360701,-26.862576,7.985239,149.761749,78.638611,149.212326,0.643326,0.038911,0.763926,0.032164
2548,-9.639421,0.904679,-1.591954,-0.531944,-27.595085,3.587371,146.581360,79.342056,145.970184,0.649420,0.040216,0.758661,0.032706
2549,-9.753930,0.903172,-1.323862,-0.513634,-30.783018,-0.532798,143.206055,80.189766,142.558578,0.656294,0.040467,0.752718,0.032505
2550,-9.806158,1.024928,-1.175911,-2.083834,-35.712128,-4.987067,139.108429,81.197899,138.456696,0.664194,0.039764,0.745827,0.031744
2551,-9.893922,1.062870,-0.999610,-4.299519,-39.762257,-7.419327,133.567581,82.298592,132.976242,0.672951,0.038216,0.738052,0.030935
2552,-9.887311,1.050342,-0.809067,-5.923143,-42.664822,-5.882586,125.519501,83.361443,125.047028,0.682266,0.036332,0.729563,0.030511
2553,-10.018527,1.151816,-0.581646,-7.059996,-44.088703,-4.519667,113.841072,84.198059,113.527428,0.691823,0.034705,0.720573,0.030839
2554,-10.045837,1.189157,-0.356166,-9.237528,-46.518120,-0.065061,98.282280,84.599342,98.176552,0.701553,0.033622,0.711090,0.032319
2555,-9.946164,1.021991,-0.064159,-9.359625,-50.102638,6.869071,80.899696,84.389931,81.030998,0.711693,0.033365,0.700825,0.034984
2556,-9.721703,0.886316,0.128093,-8.897275,-53.323917,10.130005,65.553879,83.603737,65.908852,0.722216,0.033775,0.689788,0.038149
2557,-9.643577,0.910720,0.430107,-6.686209,-53.064468,9.466102,54.026169,82.456467,54.558018,0.732716,0.034495,0.678419,0.041045
2558,-9.676785,1.011948,0.772339,-4.603327,-52.214531,7.734079,45.703629,81.121460,46.341705,0.742979,0.035460,0.666970,0.043311
2559,-9.644617,1.144735,1.105079,-4.191330,-51.566082,6.862816,39.655956,79.663933,40.358070,0.753006,0.036633,0.655432,0.045263
2560,-9.657865,1.254631,1.417045,-4.327125,-50.073833,8.207346,35.383144,78.116417,36.145657,0.762688,0.038101,0.643897,0.047461
2561,-9.618074,1.250098,1.797722,-5.250303,-48.168152,9.205498,32.304482,76.525917,33.151989,0.771989,0.039655,0.632421,0.050042
2562,-9.526827,1.333442,2.087665,-6.304720,-48.365288,7.608036,29.800508,74.917709,30.767559,0.781101,0.040882,0.620830,0.052713
2563,-9.271659,1.255794,2.356738,-6.722841,-48.612820,7.081712,27.563204,73.295616,28.672207,0.790165,0.041636,0.608984,0.055177
2564,-9.042388,1.244520,2.567827,-5.529613,-46.200665,4.702797,25.546350,71.718910,26.784046,0.798905,0.041992,0.597269,0.057073
2565,-8.948854,1.260861,2.839291,-5.198540,-41.409580,0.587352,23.706673,70.284531,25.041672,0.806888,0.041844,0.586351,0.058076
2566,-9.007174,1.424741,3.037161,-6.767191,-36.375793,-0.524941,22.149904,69.024529,23.594421,0.813830,0.041262,0.576647,0.058791
2567,-9.063256,1.098651,3.329725,-9.066816,-32.060658,1.681471,20.774357,67.921280,22.414310,0.819847,0.039899,0.568055,0.059763
2568,-9.168113,1.091799,3.470754,-8.735850,-31.964621,-0.821445,19.345942,66.925385,21.232296,0.825376,0.037636,0.560075,0.060445
2569,-9.197653,1.046081,3.673974,-6.384562,-35.553570,-3.119915,17.861300,65.920097,19.932116,0.830988,0.035273,0.551891,0.060266
2570,-9.130555,1.048882,3.827018,-2.901030,-39.986309,-3.044017,16.446905,64.793831,18.589172,0.837081,0.033542,0.542816,0.059341
2571,-8.994918,0.953422,4.038291,1.357666,-44.660152,-3.114602,15.197598,63.508083,17.274681,0.843740,0.032825,0.532623,0.057776
2572,-8.890615,1.273101,4.185246,4.165330,-50.478405,-4.002808,14.230655,62.036049,16.094360,0.850967,0.033528,0.521165,0.055846
2573,-8.671472,1.272878,4.457582,3.565762,-54.979801,-0.090118,13.604644,60.353928,15.198430,0.858726,0.035486,0.508291,0.054500
2574,-8.539646,1.289402,4.733716,0.274470,-58.660347,4.236125,13.173727,58.480770,14.585290,0.866919,0.037687,0.494031,0.054452
2575,-8.284742,1.244475,5.056933,-3.431905,-62.879620,5.895000,12.758165,56.434223,14.125322,0.875521,0.039385,0.478359,0.055538
2576,-8.038151,1.281477,5.368843,-6.382980,-66.836578,4.140344,12.209806,54.223949,13.637720,0.884564,0.040191,0.461181,0.056961
2577,-7.793194,1.271383,5.690955,-8.073648,-68.887711,2.088125,11.528666,51.909351,13.069590,0.893784,0.040163,0.442895,0.058139
2578,-7.573335,1.255056,6.039499,-9.341655,-70.302589,0.208304,10.761353,49.539574,12.442244,0.902931,0.039442,0.423898,0.058906
2579,-7.274645,1.199502,6.371127,-8.868612,-71.307022,-3.276826,9.930771,47.131618,11.735027,0.911915,0.038202,0.404325,0.058928
2580,-7.072269,1.211268,6.690126,-7.756195,-71.527122,-7.152589,9.081433,44.720058,10.932901,0.920585,0.036755,0.384481,0.057843
2581,-6.849735,1.200923,6.987250,-5.668645,-71.109283,-8.986619,8.305085,42.341202,10.101361,0.928752,0.035552,0.364744,0.055830
2582,-6.546597,1.164920,7.255650,-3.838928,-70.193932,-8.887277,7.663149,39.995895,9.317242,0.936363,0.034874,0.345195,0.053374
2583,-6.254100,1.121533,7.495315,-2.129733,-67.064415,-7.860168,7.170551,37.718899,8.627556,0.943307,0.034743,0.326152,0.050884
2584,-5.990395,1.119797,7.694595,-1.082749,-61.766483,-7.249627,6.816121,35.596008,8.040052,0.949391,0.035072,0.308339,0.048506
2585,-5.713873,1.071437,7.864813,-0.183760,-55.847389,-6.628413,6.561674,33.679256,7.533035,0.954576,0.035659,0.292193,0.046227
2586,-5.477281,0.999729,8.067740,0.022402,-50.495884,-5.990474,6.354012,31.961115,7.080595,0.958988,0.036203,0.277653,0.044044
2587,-5.297067,0.977075,8.249647,0.513854,-46.540531,-5.390733,6.178621,30.410236,6.673850,0.962780,0.036674,0.264477,0.041977
2588,-5.070848,0.971948,8.364626,1.037350,-44.393349,-5.061093,6.048230,28.972525,6.306462,0.966121,0.037261,0.252231,0.040007
2589,-4.884151,0.995011,8.542447,-0.509807,-44.322937,-5.836212,5.919580,27.574003,5.947270,0.969225,0.037734,0.240276,0.038026
2590,-4.691031,0.989610,8.675745,-1.286351,-44.673676,-5.666775,5.764800,26.172132,5.587179,0.972198,0.037901,0.228246,0.036040
2591,-4.446967,0.962633,8.745548,-1.457110,-44.588001,-4.268976,5.615496,24.763256,5.261718,0.975022,0.037965,0.216135,0.034287
2592,-4.220057,0.932794,8.836136,-2.525132,-43.904167,-3.766908,5.464072,23.362013,4.976098,0.977674,0.037855,0.204068,0.032822
2593,-4.033284,0.903169,8.950696,-3.623701,-42.580944,-4.238400,5.278741,21.999205,4.697783,0.980123,0.037354,0.192292,0.031410
2594,-3.815700,0.843260,9.010095,-2.241162,-40.831963,-2.483589,5.103099,20.693779,4.448788,0.982333,0.036797,0.180994,0.030154
2595,-3.580532,0.769660,9.077435,-0.892271,-40.277779,0.334761,4.986686,19.418282,4.281316,0.984330,0.036557,0.169971,0.029451
2596,-3.385418,0.828814,9.183023,-1.278342,-41.498272,1.344897,4.916740,18.120945,4.184995,0.986203,0.036585,0.158774,0.029274
2597,-3.190775,0.849003,9.293032,-1.464435,-42.338806,1.709595,4.869120,16.787090,4.119344,0.987980,0.036755,0.147256,0.029327
2598,-2.966479,0.886897,9.390643,-1.783227,-41.961666,1.398325,4.829821,15.442440,4.059540,0.989633,0.036973,0.135629,0.029409
2599,-2.748011,0.852530,9.472411,-2.791736,-41.737122,0.556032,4.765906,14.105902,3.982080,0.991154,0.036977,0.124040,0.029348
2600,-2.545502,0.852256,9.563570,-5.373501,-40.476475,-3.045145,4.619431,12.802883,3.831093,0.992553,0.036304,0.112680,0.028700
2601,-2.343320,0.781564,9.620907,-6.087579,-38.117126,-7.342159,4.383080,11.576857,3.552939,0.993815,0.034903,0.101913,0.026965
2602,-2.141888,0.768204,9.656887,-5.394779,-36.104137,-11.279063,4.121089,10.438645,3.145709,0.994925,0.033298,0.091858,0.024047
2603,-1.949286,0.739802,9.679487,-4.444061,-35.565189,-13.883828,3.886324,9.351822,2.639301,0.995898,0.031910,0.082229,0.020177
2604,-1.751529,0.724673,9.671663,-3.841215,-35.357361,-14.938245,3.688376,8.279315,2.079497,0.996753,0.030783,0.072721,0.015767
2605,-1.542441,0.721346,9.673055,-3.880732,-35.766033,-13.960120,3.524554,7.195158,1.525046,0.997495,0.029855,0.063122,0.011346
2606,-1.356168,0.729573,9.742451,-3.755388,-36.121334,-12.000818,3.394051,6.086513,1.024708,0.998126,0.029097,0.053329,0.007353
2607,-1.149450,0.674870,9.793566,-3.897084,-35.529057,-9.838570,3.278987,4.969888,0.596051,0.998644,0.028358,0.043487,0.003954
2608,-0.968141,0.619105,9.862539,-3.935090,-33.981567,-7.482538,3.157034,3.880248,0.245268,0.999047,0.027459,0.033901,0.001206
2609,-0.787345,0.601321,9.972506,-3.274265,-31.466629,-5.366085,3.046189,2.854851,-0.026114,0.999336,0.026577,0.024896,-0.000890
2610,-0.654853,0.574235,10.048719,-0.429854,-28.158175,-4.407812,2.997122,1.933380,-0.240152,0.999513,0.026183,0.016811,-0.002536
2611,-0.490568,0.575184,10.001087,1.360143,-24.700138,-4.247601,3.029130,1.133710,-0.429871,0.999594,0.026467,0.009791,-0.004011
2612,-0.346577,0.576169,9.947302,2.321572,-21.557968,-4.239984,3.112106,0.443511,-0.611835,0.999609,0.027175,0.003724,-0.005442
2613,-0.223384,0.586670,9.879742,2.860318,-18.351717,-5.004486,3.221755,-0.140928,-0.802033,0.999580,0.028102,-0.001426,-0.006962
2614,-0.122204,0.574827,9.788818,4.416833,-14.342828,-5.732368,3.362042,-0.603632,-1.011789,0.999518,0.029287,-0.005524,-0.008671
2615,-0.052401,0.613522,9.721670,5.364498,-9.923452,-5.711023,3.544008,-0.922216,-1.226541,0.999435,0.030833,-0.008374,-0.010449
2616,-0.057375,0.640968,9.749473,4.741997,-5.168307,-6.382452,3.735592,-1.069985,-1.443761,0.999350,0.032472,-0.009742,-0.012287
2617,-0.100059,0.748995,9.837738,3.393219,-1.064611,-6.113924,3.909853,-1.038544,-1.658868,0.999277,0.033977,-0.009550,-0.014158
2618,-0.112107,0.782088,9.876967,3.001364,1.418905,-4.276772,4.096349,-0.811238,-1.832160,0.999212,0.035621,-0.007645,-0.015724
2619,-0.138121,0.818702,9.925575,1.480429,2.326399,-2.708202,4.275200,-0.466107,-1.944562,0.999155,0.037225,-0.004697,-0.016805
2620,-0.153443,0.804304,10.006790,-0.922644,1.463482,-1.890365,4.349780,-0.207653,-2.016579,0.999124,0.037912,-0.002478,-0.017516
2621,-0.126114,0.786849,9.998891,-1.239932,-0.490698,-0.051665,4.339639,-0.055820,-2.047776,0.999124,0.037847,-0.001163,-0.017838
2622,-0.101842,0.698104,9.973149,-1.412425,-2.467776,0.584606,4.279932,0.024963,-2.042728,0.999144,0.037339,-0.000448,-0.017821
2623,-0.095286,0.697841,9.967484,-2.335813,-2.748161,-0.295882,4.166573,0.034648,-2.044496,0.999180,0.036352,-0.000346,-0.017840
2624,-0.090245,0.695679,9.960712,-3.227074,-2.229092,-1.293857,4.043779,0.017393,-2.077037,0.999213,0.035278,-0.000488,-0.018119
2625,-0.088929,0.703851,9.909986,-3.187426,-1.787938,-1.950016,3.930508,-0.004852,-2.135721,0.999238,0.034287,-0.000681,-0.018624
2626,-0.090068,0.669702,9.905948,-3.213374,-1.510049,-2.709938,3.822001,-0.011933,-2.217002,0.999257,0.033339,-0.000749,-0.019332
2627,-0.068929,0.658290,9.863338,-2.255103,-0.777449,-2.598557,3.728098,-0.005144,-2.307865,0.999268,0.032521,-0.000700,-0.020126
2628,-0.071954,0.633974,9.872739,-1.585241,-0.871848,-1.928688,3.659431,0.024590,-2.384988,0.999273,0.031927,-0.000450,-0.020808
2629,-0.065635,0.626829,9.882390,-0.947433,-1.175248,-1.132172,3.610175,0.058526,-2.438128,0.999277,0.031503,-0.000160,-0.021281
2630,-0.050944,0.607080,9.897524,-0.463757,-1.072815,-0.416526,3.575762,0.072000,-2.466287,0.999281,0.031206,-0.000044,-0.021530
2631,-0.044919,0.605793,9.913664,-0.202883,-0.831578,0.247242,3.549714,0.075741,-2.471113,0.999287,0.030979,-0.000007,-0.021573
2633,-0.040431,0.620072,9.946730,0.093125,-0.697183,0.552420,3.542775,0.078137,-2.459403,0.999291,0.030919,0.000018,-0.021472
2634,-0.013291,0.612991,9.924825,0.434936,-0.953486,0.680595,3.552347,0.062335,-2.440594,0.999292,0.031000,-0.000117,-0.021303
2635,-0.001335,0.607049,9.907463,0.695850,-1.408231,0.523426,3.566654,0.017121,-2.423014,0.999292,0.031116,-0.000509,-0.021138
2636,0.007393,0.614796,9.909772,0.930822,-1.792803,0.273176,3.588535,-0.046489,-2.413099,0.999288,0.031295,-0.001065,-0.021034
2637,0.008520,0.629705,9.908432,0.970505,-1.510526,0.033608,3.622824,-0.106963,-2.411467,0.999279,0.031583,-0.001598,-0.021002
2638,0.016284,0.621311,9.884733,1.228395,-1.122938,0.012245,3.661282,-0.149974,-2.413495,0.999268,0.031911,-0.001981,-0.021008
2639,0.011542,0.647261,9.897480,0.885080,-0.552210,-0.241061,3.701034,-0.169586,-2.419104,0.999256,0.032254,-0.002160,-0.021050
2640,0.001825,0.681817,9.923011,0.471657,0.165055,-0.312786,3.749503,-0.155228,-2.428798,0.999240,0.032679,-0.002047,-0.021138
2641,-0.009692,0.673280,9.932221,0.372592,0.850319,-0.215135,3.793434,-0.106923,-2.436531,0.999226,0.033071,-0.001636,-0.021219
2642,-0.001030,0.669847,9.933471,0.096463,0.851953,-0.111379,3.817327,-0.051264,-2.440102,0.999219,0.033289,-0.001156,-0.021266
2643,0.001811,0.679397,9.943501,-0.425350,0.557500,-0.094597,3.824826,-0.014788,-2.441976,0.999216,0.033361,-0.000840,-0.021292
2644,-0.006065,0.672527,9.964945,-0.312390,0.525485,-0.158688,3.823159,0.011039,-2.444993,0.999216,0.033352,-0.000615,-0.021326
2645,0.002333,0.649277,9.962259,-0.316987,0.333228,-0.184630,3.807827,0.027796,-2.449752,0.999219,0.033221,-0.000468,-0.021373
2646,0.000453,0.669336,9.973505,-0.739689,0.002083,-0.354007,3.784992,0.029398,-2.458340,0.999224,0.033022,-0.000452,-0.021448
2647,-0.006367,0.668795,9.964586,-0.663365,-0.237495,-0.331117,3.768803,0.024297,-2.469989,0.999227,0.032880,-0.000497,-0.021548
2648,-0.006426,0.658766,9.961837,-0.675549,-0.582348,-0.205992,3.752266,0.012892,-2.479815,0.999230,0.032734,-0.000596,-0.021631
2649,0.000005,0.635962,9.928025,-0.513825,-0.921103,-0.054925,3.726404,-0.011857,-2.485790,0.999236,0.032503,-0.000809,-0.021676
2650,-0.010161,0.634544,9.919289,-0.349076,-0.783751,-0.215148,3.699259,-0.035128,-2.492123,0.999243,0.032262,-0.001008,-0.021725
2651,-0.002579,0.617275,9.891871,-0.045482,-0.675370,-0.177003,3.676468,-0.048937,-2.500206,0.999248,0.032061,-0.001127,-0.021792
2652,0.004025,0.613581,9.894772,-0.053196,-0.795893,-0.254826,3.653452,-0.066638,-2.508944,0.999253,0.031857,-0.001279,-0.021863
2653,0.004240,0.615562,9.894530,-0.198233,-0.873692,-0.521864,3.630815,-0.087935,-2.523614,0.999256,0.031655,-0.001464,-0.021986
2654,0.009435,0.615006,9.900771,-0.628601,-1.053726,-0.622577,3.602915,-0.112494,-2.544661,0.999260,0.031407,-0.001679,-0.022163
2655,0.038831,0.615320,9.898532,-1.080316,-1.090375,-0.462353,3.564299,-0.153562,-2.564923,0.999266,0.031062,-0.002035,-0.022329
2656,0.049262,0.605578,9.925255,-1.278725,-0.731863,-0.434882,3.515151,-0.203129,-2.581686,0.999276,0.030623,-0.002462,-0.022463
2657,0.055909,0.611516,9.941027,-1.351993,-0.274168,-0.340269,3.465703,-0.239811,-2.595567,0.999286,0.030184,-0.002776,-0.022575
2658,0.056121,0.597894,9.939615,-1.176517,-0.190309,0.033586,3.422050,-0.264031,-2.601111,0.999296,0.029799,-0.002980,-0.022618
2659,0.054521,0.586902,9.936600,-0.799636,0.062950,0.227382,3.383663,-0.277484,-2.596862,0.999306,0.029461,-0.003089,-0.022579
2660,0.028323,0.586378,9.933233,-0.279311,0.226246,0.210596,3.361718,-0.267719,-2.589270,0.999313,0.029272,-0.002997,-0.022515
2661,0.014029,0.611723,9.918334,-0.080887,0.084435,0.332664,3.369197,-0.237980,-2.579990,0.999314,0.029343,-0.002737,-0.022442
2662,0.003094,0.580665,9.900253,0.283861,0.099830,0.424210,3.385451,-0.201747,-2.567269,0.999312,0.029492,-0.002421,-0.022340
2663,0.000886,0.581224,9.886234,0.685168,0.719494,0.105284,3.398788,-0.153910,-2.557633,0.999311,0.029618,-0.002004,-0.022268
2664,0.004691,0.586456,9.891714,0.961352,0.905765,0.038137,3.424001,-0.100062,-2.553617,0.999306,0.029849,-0.001538,-0.022247
2665,0.014351,0.583198,9.932627,1.013210,0.817309,0.306697,3.451104,-0.059724,-2.546139,0.999300,0.030093,-0.001190,-0.022192
2666,0.027975,0.576137,9.934216,1.530434,1.217074,0.639351,3.477178,-0.033825,-2.528331,0.999297,0.030326,-0.000964,-0.022043
2667,0.015598,0.604758,9.967303,2.041573,1.542043,1.008628,3.525284,-0.002688,-2.498104,0.999289,0.030751,-0.000694,-0.021787
2668,0.001284,0.644216,9.990810,2.351362,1.601535,1.916554,3.604934,0.041737,-2.446194,0.999277,0.031454,-0.000307,-0.021346
2669,-0.023077,0.683528,9.987265,2.349915,1.780082,2.760390,3.703150,0.096587,-2.364799,0.999264,0.032321,0.000176,-0.020652
2670,-0.038028,0.703627,9.939107,2.845950,2.227214,3.292936,3.817343,0.165470,-2.259700,0.999249,0.033328,0.000786,-0.019755
2671,-0.061165,0.707810,9.900840,3.139031,1.671828,3.485200,3.943255,0.235563,-2.142511,0.999230,0.034437,0.001411,-0.018755
2672,-0.068170,0.720009,9.849591,2.545531,0.921131,3.283774,4.059745,0.285281,-2.026844,0.999212,0.035459,0.001861,-0.017764
2673,-0.087176,0.699858,9.866043,1.721570,0.828150,2.780211,4.141129,0.332110,-1.923875,0.999200,0.036174,0.002289,-0.016882
2674,-0.100769,0.733494,9.920908,1.288235,1.537860,2.095060,4.198930,0.404534,-1.839888,0.999192,0.036686,0.002939,-0.016174
2675,-0.097223,0.738671,9.919273,1.529380,1.515106,1.802073,4.258698,0.484130,-1.771247,0.999179,0.037216,0.003647,-0.015603
2676,-0.100994,0.720481,9.958531,1.758249,1.768493,1.637267,4.308985,0.555326,-1.710019,0.999167,0.037662,0.004281,-0.015094
2677,-0.117416,0.729418,9.983639,3.146779,2.665788,1.547232,4.375861,0.637815,-1.651623,0.999149,0.038253,0.005011,-0.014614
2678,-0.106161,0.731485,9.948410,5.296758,3.471491,1.345809,4.504725,0.739749,-1.595743,0.999106,0.039386,0.005903,-0.014168
2679,-0.111836,0.770694,9.911823,7.970132,3.389054,0.831575,4.714473,0.841689,-1.550528,0.999031,0.041224,0.006782,-0.013821
2680,-0.162087,0.909790,9.935772,9.020121,3.054875,0.378377,5.036326,0.946450,-1.520737,0.998908,0.044040,0.007668,-0.013620
2681,-0.177108,0.971245,9.910653,8.648154,2.188203,0.756807,5.421109,1.045183,-1.492421,0.998749,0.047403,0.008494,-0.013440
2682,-0.158198,1.005772,9.869584,7.650452,0.755362,1.510619,5.756837,1.090888,-1.448883,0.998607,0.050331,0.008872,-0.013105
2683,-0.147629,1.086933,9.863320,5.190816,-0.260965,1.428228,6.010510,1.078663,-1.398605,0.998500,0.052536,0.008759,-0.012681
2684,-0.149349,1.085475,9.859196,2.072004,-1.692393,1.899753,6.177347,1.012468,-1.346111,0.998434,0.053979,0.008189,-0.012205
2685,-0.142872,0.987231,9.872436,-0.178801,-3.235238,2.493352,6.193745,0.889325,-1.282438,0.998442,0.054106,0.007144,-0.011594
2686,-0.113072,0.986201,9.859844,-1.204539,-4.204340,2.443007,6.092590,0.722021,-1.215129,0.998507,0.053206,0.005728,-0.010923
2687,-0.103832,1.005217,9.925400,-2.559774,-4.454692,1.771607,5.977393,0.546260,-1.161166,0.998575,0.052184,0.004232,-0.010368
2688,-0.101022,1.004900,9.956059,-2.756704,-5.191730,1.925726,5.867332,0.376093,-1.116692,0.998635,0.051209,0.002779,-0.009900
2689,-0.038466,0.935526,9.899154,-2.640848,-5.470995,2.163771,5.749184,0.187300,-1.067081,0.998696,0.050163,0.001165,-0.009382
2690,0.019595,0.930884,9.875275,-2.395313,-4.857647,1.800608,5.630626,-0.009500,-1.018545,0.998754,0.049114,-0.000519,-0.008874
2691,0.021004,0.969014,9.915820,-1.374546,-4.001691,1.377936,5.548457,-0.183407,-0.980216,0.998791,0.048385,-0.002013,-0.008466
2692,0.060136,0.980421,9.874930,0.786188,-3.531797,1.251292,5.544535,-0.335539,-0.948768,0.998792,0.048340,-0.003325,-0.008128
2693,0.093274,0.920164,9.837955,3.627435,-3.484615,1.202475,5.611252,-0.486666,-0.919416,0.998762,0.048912,-0.004634,-0.007806
2694,0.116643,1.014411,9.837436,5.505874,-3.261961,0.770650,5.769517,-0.634684,-0.898016,0.998689,0.050282,-0.005926,-0.007548
2695,0.102634,1.050087,9.868670,5.823461,-2.651640,0.705038,6.006527,-0.747499,-0.884256,0.998578,0.052340,-0.006918,-0.007364
2696,0.106867,1.035413,9.872275,5.025496,-1.771124,0.325076,6.210975,-0.808215,-0.875282,0.998480,0.054118,-0.007456,-0.007245
2697,0.111300,1.032724,9.875134,3.702432,-1.044685,0.114488,6.334743,-0.830946,-0.872768,0.998420,0.055195,-0.007661,-0.007204
2698,0.115356,1.129791,9.898358,1.065612,-0.931657,-0.086946,6.408922,-0.835940,-0.875854,0.998384,0.055840,-0.007711,-0.007223
2699,0.085366,1.082308,9.981794,-0.809729,-0.623307,0.030539,6.418781,-0.833095,-0.879744,0.998379,0.055926,-0.007688,-0.007258
2700,0.125882,1.146365,10.011301,-1.304145,-1.152725,0.068678,6.379112,-0.843272,-0.881339,0.998398,0.055580,-0.007775,-0.007270
2701,0.189214,1.071776,9.955626,-3.019306,-3.150181,0.984236,6.301866,-0.921567,-0.871745,0.998430,0.054902,-0.008448,-0.007154
2702,0.224523,1.123213,9.907706,-3.940976,-4.497674,1.336736,6.182575,-1.077802,-0.847077,0.998477,0.053854,-0.009790,-0.006874
2703,0.232822,1.058049,9.903069,-5.189170,-4.172756,2.353013,6.032881,-1.254271,-0.801291,0.998534,0.052542,-0.011298,-0.006406
2704,0.255600,1.020856,9.897664,-5.485237,-4.162154,3.447111,5.843564,-1.422387,-0.719203,0.998607,0.050890,-0.012716,-0.005635
2705,0.269091,0.867574,9.825362,-4.806357,-3.998938,4.107847,5.629886,-1.585222,-0.606456,0.998687,0.049032,-0.014076,-0.004606
2706,0.230510,0.876892,9.865852,-2.638333,-2.302048,3.439494,5.423408,-1.686716,-0.489215,0.998766,0.047242,-0.014904,-0.003568
2707,0.196436,0.818933,9.943334,-1.233378,-1.497616,3.169392,5.250340,-1.692461,-0.382504,0.998838,0.045747,-0.014906,-0.002658
2708,0.212899,0.796745,9.971279,0.824630,-2.283123,2.691759,5.124415,-1.678066,-0.287649,0.998892,0.044662,-0.014741,-0.001853
2709,0.279405,0.845925,9.880910,2.280060,-3.328203,1.913529,5.098032,-1.733286,-0.217364,0.998896,0.044440,-0.015195,-0.001222
2710,0.323152,0.885305,9.850282,1.559758,-2.955902,0.933889,5.144701,-1.848019,-0.178983,0.998862,0.044850,-0.016180,-0.000836
2711,0.364458,0.961593,9.845430,0.934285,-2.400599,0.450177,5.225036,-1.972366,-0.165366,0.998813,0.045550,-0.017259,-0.000657
2712,0.394298,0.945459,9.819619,0.046433,-2.164273,0.320483,5.300185,-2.097515,-0.161577,0.998763,0.046203,-0.018349,-0.000562
2713,0.412809,0.966765,9.803155,-0.844506,-1.322168,-0.346334,5.337645,-2.206888,-0.169233,0.998730,0.046526,-0.019305,-0.000578
2714,0.366280,0.957400,9.890660,-1.892643,0.075510,-0.843787,5.336466,-2.242925,-0.192571,0.998725,0.046511,-0.019629,-0.000767
2715,0.344216,0.944098,9.913067,-1.845241,-0.093748,-0.619490,5.299702,-2.211051,-0.217858,0.998745,0.046187,-0.019361,-0.001007
2716,0.361613,0.896506,9.866015,-1.784205,-0.511725,-0.396716,5.239582,-2.187568,-0.235686,0.998773,0.045660,-0.019163,-0.001182
2717,0.383408,0.914557,9.857933,-1.796429,0.527460,-0.909429,5.176830,-2.177804,-0.257226,0.998799,0.045110,-0.019086,-0.001384
2718,0.349123,0.892988,9.896767,-1.799467,1.041742,-1.225301,5.121462,-2.137277,-0.290465,0.998827,0.044623,-0.018745,-0.001699
2719,0.337065,0.864414,9.870827,-1.419556,0.864853,-1.374851,5.057820,-2.072232,-0.330434,0.998861,0.044064,-0.018192,-0.002082
2720,0.328318,0.869798,9.916326,-1.267018,1.238827,-1.588489,5.001209,-2.001963,-0.376123,0.998892,0.043566,-0.017596,-0.002516
2721,0.316613,0.880652,9.936453,-0.642908,1.216061,-1.596130,4.972617,-1.925985,-0.425539,0.998913,0.043312,-0.016952,-0.002980
2722,0.305789,0.848905,9.885599,-0.069162,0.711094,-1.393192,4.962222,-1.860938,-0.472427,0.998925,0.043217,-0.016402,-0.003415
2723,0.325610,0.865730,9.840128,-0.191235,0.933924,-1.510691,4.959455,-1.818295,-0.518297,0.998931,0.043188,-0.016048,-0.003832
2724,0.332789,0.858708,9.865219,-0.868719,1.576294,-1.701429,4.950100,-1.783114,-0.568259,0.998937,0.043101,-0.015759,-0.004282
2725,0.329351,0.863826,9.874424,-1.582831,1.800530,-2.171409,4.916464,-1.740365,-0.627920,0.998953,0.042802,-0.015408,-0.004823
2726,0.307569,0.847679,9.922267,-2.548731,2.104145,-2.488798,4.852479,-1.680102,-0.699873,0.998981,0.042238,-0.014906,-0.005481
2727,0.260190,0.839055,10.018312,-3.024835,1.834084,-2.412503,4.757656,-1.600821,-0.775692,0.999022,0.041407,-0.014238,-0.006183
2728,0.250484,0.814190,10.000359,-2.736464,0.729375,-1.927264,4.656505,-1.536963,-0.844126,0.999062,0.040521,-0.013700,-0.006815
2730,0.244217,0.798423,9.975941,-3.195797,-0.169343,-1.628185,4.551535,-1.509996,-0.902286,0.999098,0.039601,-0.013479,-0.007344
2731,0.252330,0.771776,9.937227,-2.847937,-0.550782,-0.869802,4.439356,-1.507923,-0.944443,0.999133,0.038618,-0.013468,-0.007725
2732,0.259262,0.759202,9.917258,-3.046364,-0.816268,-0.595137,4.327455,-1.522566,-0.970179,0.999167,0.037638,-0.013596,-0.007958
2733,0.296984,0.727512,9.892108,-3.813946,-0.924636,-0.404392,4.203429,-1.557050,-0.988687,0.999202,0.036552,-0.013894,-0.008123
2734,0.315681,0.703885,9.907566,-4.306864,-0.415053,-0.242638,4.057554,-1.597536,-1.000726,0.999242,0.035275,-0.014241,-0.008233
2735,0.315594,0.690517,9.910126,-4.280958,0.048749,-0.180068,3.905824,-1.623364,-1.007879,0.999284,0.033949,-0.014457,-0.008307
2736,0.324153,0.652280,9.893982,-4.848636,0.216523,-0.454727,3.745385,-1.637877,-1.017846,0.999328,0.032547,-0.014575,-0.008410
2737,0.325329,0.594230,9.894258,-4.860917,0.471270,-0.503550,3.565564,-1.645877,-1.032471,0.999376,0.030977,-0.014635,-0.008558
2738,0.322121,0.563639,9.888849,-4.575671,0.697031,-0.784312,3.383378,-1.644256,-1.051928,0.999423,0.029385,-0.014612,-0.008751
2739,0.305083,0.535930,9.900776,-4.333147,1.099819,-1.423668,3.211383,-1.626192,-1.086201,0.999466,0.027882,-0.014450,-0.009076
2740,0.300102,0.505698,9.884729,-3.683197,1.417174,-1.931797,3.055628,-1.590765,-1.139058,0.999502,0.026520,-0.014141,-0.009565
2741,0.264011,0.504325,9.920832,-3.005757,1.479730,-2.345320,2.928180,-1.540577,-1.207229,0.999531,0.025405,-0.013708,-0.010187
2742,0.259058,0.533841,9.928023,-2.418275,1.198980,-2.435351,2.839998,-1.487122,-1.284587,0.999550,0.024632,-0.013250,-0.010884
2743,0.249212,0.540771,9.930720,-1.514809,1.247834,-2.247667,2.805703,-1.436232,-1.361328,0.999555,0.024329,-0.012819,-0.011568
2744,0.238902,0.524856,9.929727,-0.779148,0.999145,-1.760903,2.810475,-1.386244,-1.427295,0.999552,0.024369,-0.012398,-0.012154
2745,0.256501,0.535893,9.928815,-0.328834,0.530675,-1.141380,2.834714,-1.361023,-1.475386,0.999545,0.024578,-0.012191,-0.012576
2746,0.272785,0.548347,9.917633,0.327517,0.548885,-0.468447,2.886053,-1.367009,-1.502519,0.999530,0.025023,-0.012254,-0.012806
2747,0.254362,0.528850,9.926021,1.038762,0.873804,0.071732,2.950093,-1.368901,-1.508923,0.999515,0.025580,-0.012280,-0.012855
2748,0.234147,0.517407,9.942913,1.836885,0.753229,0.618013,3.013755,-1.348843,-1.496428,0.999504,0.026139,-0.012109,-0.012744
2749,0.227663,0.540696,9.945874,2.169579,0.367191,1.002544,3.090440,-1.326532,-1.468702,0.999491,0.026814,-0.011916,-0.012499
2750,0.205896,0.542167,9.966444,2.030761,0.199400,1.069681,3.169752,-1.303632,-1.433911,0.999478,0.027512,-0.011717,-0.012193
2751,0.196158,0.546387,9.947098,1.295264,-0.047693,0.918608,3.224241,-1.276255,-1.400644,0.999471,0.027993,-0.011476,-0.011904
2752,0.203535,0.540541,9.922783,0.307946,-0.171201,0.532544,3.239445,-1.258051,-1.376436,0.999472,0.028130,-0.011313,-0.011696
2753,0.218987,0.560432,9.912172,-0.996758,-0.145227,-0.057990,3.218668,-1.255646,-1.368632,0.999478,0.027950,-0.011288,-0.011630
2754,0.239858,0.570184,9.901442,-1.671192,-0.041509,-0.538655,3.180568,-1.269472,-1.378868,0.999485,0.027615,-0.011407,-0.011720
2755,0.255141,0.552124,9.889831,-2.356301,0.065194,-0.932338,3.121650,-1.295712,-1.403480,0.999494,0.027096,-0.011636,-0.011934
2756,0.260663,0.521653,9.911331,-2.687458,0.351930,-1.321441,3.030597,-1.321316,-1.440401,0.999509,0.026295,-0.011858,-0.012259
2757,0.257239,0.534048,9.929316,-2.946893,0.435760,-1.626620,2.930743,-1.329734,-1.488588,0.999525,0.025418,-0.011931,-0.012688
2758,0.247427,0.509463,9.918591,-3.096425,0.481495,-1.579314,2.833640,-1.322523,-1.541228,0.999541,0.024567,-0.011869,-0.013159
2759,0.254822,0.465812,9.896894,-3.484031,0.804949,-1.509118,2.719735,-1.308954,-1.591473,0.999560,0.023570,-0.011748,-0.013612
2760,0.237994,0.438466,9.893520,-3.487137,1.345090,-1.455709,2.591250,-1.279976,-1.638855,0.999583,0.022448,-0.011489,-0.014044
2761,0.213991,0.439875,9.911157,-3.078227,1.694523,-1.264966,2.473094,-1.228337,-1.681694,0.999605,0.021419,-0.011032,-0.014439
2762,0.216413,0.400666,9.906231,-2.474020,1.671635,-0.865172,2.366081,-1.170783,-1.714472,0.999626,0.020490,-0.010522,-0.014746
2763,0.205156,0.381606,9.907516,-2.234556,1.848630,-0.828548,2.261678,-1.114084,-1.739757,0.999646,0.019585,-0.010019,-0.014986
2764,0.171095,0.388079,9.944841,-2.178159,2.040935,-0.904845,2.173022,-1.038639,-1.765807,0.999663,0.018819,-0.009353,-0.015234
2765,0.173093,0.393975,9.967399,-1.492998,1.877719,-0.390610,2.117464,-0.958088,-1.785048,0.999676,0.018344,-0.008646,-0.015419
2766,0.171718,0.378428,9.944394,-0.891732,1.520657,0.044278,2.090471,-0.900105,-1.788959,0.999683,0.018116,-0.008137,-0.015465
2767,0.139055,0.373906,9.952970,-0.356091,1.464221,0.442543,2.079755,-0.844872,-1.779204,0.999690,0.018031,-0.007652,-0.015389
2768,0.161790,0.374298,9.929883,0.573243,1.297899,1.260438,2.094600,-0.798876,-1.749336,0.999694,0.018169,-0.007248,-0.015135
2769,0.149300,0.363264,9.917030,1.241627,1.325315,1.503062,2.131037,-0.769467,-1.701795,0.999696,0.018494,-0.006989,-0.014723
2770,0.126676,0.368019,9.892869,1.002057,1.581662,0.889639,2.168108,-0.724773,-1.660131,0.999698,0.018825,-0.006597,-0.014364
2771,0.127426,0.382640,9.884534,0.846429,1.715951,0.592083,2.202609,-0.668871,-1.633407,0.999698,0.019135,-0.006109,-0.014139
2772,0.124732,0.391169,9.880007,0.641993,1.903617,0.306736,2.236674,-0.614765,-1.616216,0.999697,0.019440,-0.005639,-0.013996
2773,0.081202,0.399081,9.932942,-0.220112,2.160004,-0.416555,2.254427,-0.539278,-1.615513,0.999697,0.019604,-0.004982,-0.014002
2774,0.078955,0.400759,9.946153,-0.677851,1.873207,-0.440972,2.249318,-0.452250,-1.627256,0.999700,0.019570,-0.004224,-0.014120
2775,0.079777,0.379225,9.943447,-0.777040,1.351367,-0.175462,2.224108,-0.391670,-1.635429,0.999705,0.019357,-0.003694,-0.014202
2776,0.077816,0.349963,9.924681,-1.303575,0.980545,-0.440972,2.167003,-0.357805,-1.644049,0.999714,0.018863,-0.003393,-0.014285
2777,0.079243,0.336070,9.965108,-2.294047,0.374702,-1.237502,2.070542,-0.347100,-1.670921,0.999727,0.018022,-0.003292,-0.014524
2778,0.068236,0.316317,9.983391,-2.404036,-1.032241,-1.965366,1.962299,-0.366146,-1.724452,0.999736,0.017073,-0.003452,-0.014991
2779,0.080680,0.331701,9.901278,-0.887323,-2.115689,-1.766995,1.893601,-0.426698,-1.788300,0.999736,0.016464,-0.003981,-0.015541
2780,0.084344,0.365376,9.913798,1.453505,-2.431610,-0.956726,1.917900,-0.514333,-1.836313,0.999723,0.016662,-0.004755,-0.015947
2781,0.117323,0.411885,9.934292,3.152084,-2.846736,0.146518,2.050943,-0.620282,-1.853378,0.999696,0.017807,-0.005701,-0.016073
2782,0.145669,0.455972,9.920122,4.600533,-2.935366,1.461867,2.266304,-0.749398,-1.831188,0.999658,0.019669,-0.006854,-0.015847
2783,0.172272,0.454862,9.904822,5.932981,-2.493003,2.887083,2.519547,-0.881641,-1.763627,0.999613,0.021864,-0.008029,-0.015217
2784,0.163308,0.451558,9.906234,4.738332,-2.084158,2.351485,2.733838,-0.987471,-1.680552,0.999574,0.023725,-0.008964,-0.014455
2785,0.184612,0.503066,9.856853,2.220649,-1.809539,1.358109,2.871959,-1.067466,-1.622384,0.999546,0.024925,-0.009666,-0.013919
2786,0.114026,0.603555,9.924988,3.955890,-1.620217,4.454202,3.039445,-1.102358,-1.529753,0.999516,0.026389,-0.009970,-0.013089
2787,0.111963,0.690334,9.907758,7.095237,-2.744536,9.915463,3.348631,-1.116089,-1.296849,0.999465,0.029105,-0.010065,-0.011027
2788,0.197349,0.656215,9.820094,6.224329,-2.394953,12.204335,3.661934,-1.187408,-0.935619,0.999405,0.031864,-0.010617,-0.007829
2789,0.269574,0.527026,9.348372,0.206086,0.949793,8.729808,3.763309,-1.254463,-0.588898,0.999390,0.032777,-0.011110,-0.004777
2790,0.187227,0.315505,9.535114,-9.744858,5.970034,-0.996428,3.505552,-1.161191,-0.450830,0.999474,0.030545,-0.010249,-0.003622
2791,0.098723,0.239809,9.537059,-20.762695,10.842429,-12.622445,2.837069,-0.839484,-0.658698,0.999651,0.024712,-0.007466,-0.005565
2792,0.054163,0.144279,9.528399,-24.767395,16.184875,-17.859421,1.915348,-0.322938,-1.145244,0.999807,0.016685,-0.002985,-0.009945
2793,-0.079347,0.105794,9.701519,-23.106207,17.140322,-18.333986,0.981854,0.302073,-1.733216,0.999845,0.008607,0.002506,-0.015147
2794,-0.187512,0.117377,10.264324,-15.705739,12.668090,-13.379312,0.262295,0.868692,-2.256749,0.999774,0.002438,0.007534,-0.019709
2795,-0.176099,0.177970,10.158950,-3.415865,6.071660,-2.591020,-0.043964,1.217818,-2.522277,0.999701,-0.000150,0.010633,-0.022004
2796,-0.097994,0.111798,10.118345,7.145300,0.309676,5.983159,0.078427,1.301768,-2.464478,0.999704,0.000928,0.011342,-0.021511
2797,-0.104569,0.060631,10.091715,10.107279,-5.347158,6.369221,0.409587,1.159840,-2.258160,0.999748,0.003773,0.010049,-0.019740
2798,-0.088513,0.134039,9.941567,10.363737,-8.045221,4.853981,0.780161,0.878109,-2.073087,0.999783,0.006945,0.007538,-0.018141
2799,-0.069581,0.228028,9.915905,9.649755,-7.883660,4.033037,1.152953,0.563212,-1.929084,0.999795,0.010142,0.004745,-0.016882
2800,-0.027842,0.283768,9.866765,8.418589,-7.255191,3.575267,1.518518,0.254691,-1.807755,0.999785,0.013285,0.002013,-0.015803
2801,0.003853,0.293707,9.836227,5.949869,-6.675567,2.986266,1.815354,-0.037137,-1.705076,0.999764,0.015835,-0.000560,-0.014872
2802,0.045097,0.308936,9.854533,2.885869,-5.155912,2.102761,1.976734,-0.278844,-1.626878,0.999748,0.017213,-0.002678,-0.014153
2803,0.094408,0.310778,9.883741,0.488574,-3.671350,1.448145,2.016327,-0.469013,-1.572801,0.999744,0.017537,-0.004333,-0.013651
2804,0.121227,0.299166,9.880760,-0.569044,-2.585060,1.251307,1.976439,-0.616592,-1.531165,0.999749,0.017173,-0.005610,-0.013267
2805,0.123292,0.301159,9.910919,-1.974594,-1.739806,0.779801,1.890513,-0.717218,-1.499304,0.999760,0.016413,-0.006473,-0.012978
2806,0.138731,0.284935,9.911960,-2.766709,-1.312607,0.404427,1.771266,-0.783702,-1.480689,0.999775,0.015367,-0.007037,-0.012814
2807,0.144362,0.265162,9.915000,-2.846218,-1.295866,0.083987,1.637348,-0.838603,-1.473281,0.999790,0.014192,-0.007500,-0.012750
2808,0.134985,0.231880,9.907678,-2.680070,-0.758738,-0.248663,1.500632,-0.872082,-1.476317,0.999804,0.012996,-0.007778,-0.012782
2809,0.128766,0.226323,9.912277,-2.446767,-0.099476,-0.381417,1.374574,-0.870592,-1.486586,0.999816,0.011895,-0.007752,-0.012880
2810,0.133393,0.231810,9.918736,-1.659466,0.050141,-0.157107,1.287237,-0.852177,-1.495318,0.999825,0.011135,-0.007582,-0.012964
2811,0.149460,0.211539,9.938836,-1.317694,-0.009340,-0.012144,1.229018,-0.843842,-1.498009,0.999831,0.010628,-0.007503,-0.012992
2812,0.137130,0.211008,9.946688,-1.406224,0.089861,-0.270026,1.176883,-0.838653,-1.502585,0.999835,0.010173,-0.007452,-0.013036
2813,0.133719,0.245185,9.967393,-1.590788,-0.192395,-0.471450,1.145322,-0.829741,-1.515248,0.999837,0.009898,-0.007372,-0.013149
